Date,Hertfordshire,Birmingham,Worcestershire,Dudley,Sandwell,Walsall,Staffordshire CC,Warwickshire,Solihull,"Bath and North East Somerset, North Somerset and South Gloucestershire",Somerset,East Lancashire,Blackburn with Darwen,Mid Lancashire,Calderdale and Kirklees,Bradford,Bournemouth and Poole,Dorset CC,Central Hampshire,Greater Manchester North East,Greater Manchester North West,Brighton and Hove,East Sussex CC,West Sussex (South West),Bromley,"Bristol, City of",East Cumbria,West Cumbria,Northumberland,Cambridgeshire CC,Cardiff and Vale of Glamorgan,Bridgend and Neath Port Talbot,Central Valleys,Cheshire West and Chester,Wirral,Flintshire and Wrexham,Heart of Essex,Essex Thames Gateway,West Essex,Essex Haven Gateway,Suffolk,Croydon,East Surrey,East Kent,Coventry,Cheshire East,Kent Thames Gateway,Bexley and Greenwich,Derby,South and West Derbyshire,Durham CC,Darlington,North Yorkshire CC,"Barnsley, Doncaster and Rotherham",East Riding of Yorkshire,North and North East Lincolnshire,Lincolnshire,Redbridge and Waltham Forest,Tower Hamlets,Hackney and Newham,Enfield,Barnet,Devon CC,Cornwall and Isles of Scilly,Blackpool,Lancaster and Wyre,Gloucestershire,West Surrey,North Hampshire,Berkshire,Brent,Harrow and Hillingdon,Buckinghamshire CC,"Herefordshire, County of","Kingston upon Hull, City of",Breckland and South Norfolk,"Merton, Kingston upon Thames and Sutton",Hounslow and Richmond upon Thames,Liverpool,Sefton,East Merseyside,Chorley and West Lancashire,Powys,Leicestershire CC and Rutland,Leicester,Conwy and Denbighshire,Gwynedd,Leeds,Luton,Manchester,Greater Manchester South West,Greater Manchester South East,Medway,Mid Kent,West Kent,Milton Keynes,Bedford,Haringey and Islington,Camden and City of London,Tyneside,Sunderland,South Nottinghamshire,North Nottinghamshire,East Derbyshire,Nottingham,West Northamptonshire,North Northamptonshire,Oxfordshire,Gwent Valleys,Monmouthshire and Newport,North and West Norfolk,Norwich and East Norfolk,Westminster,Ealing,Peterborough,Plymouth,South Hampshire,Portsmouth,Isle of Wight,West Sussex (North East),Thurrock,Barking & Dagenham and Havering,Sheffield,Swansea,South West Wales,Lewisham and Southwark,Central Bedfordshire,Wiltshire,Southampton,Southend-on-Sea,Stoke-on-Trent,Wandsworth,Lambeth,Kensington & Chelsea and Hammersmith & Fulham,Shropshire CC,Telford and Wrekin,Torbay,South Teesside,Hartlepool and Stockton-on-Tees,Warrington,Wakefield,Wolverhampton,York,Swindon,Isle of Anglesey
1995 Q2,1.0120218012785487,0.9892400196903487,1.0027702999865058,1.014041037783853,1.009996899731873,0.984509483376227,1.0021222528991867,1.0039979485418697,0.9885911709427142,1.0105436153387557,1.0087287840894272,0.9759362367991941,1.000084265189494,1.004195878600553,0.9841970112062256,1.0010162632398878,0.9967304472960761,1.0061628453175804,0.9998804025659016,1.0087495923873546,1.015802934035253,1.0071644590611621,1.0122907632198903,1.011974707577078,1.0063043539486094,0.9929291747061874,1.019126438384809,0.9862664324679808,1.003518244663354,1.0103965781998683,0.9860360929350449,1.0153331291045002,1.0140087464746113,1.0314030230240008,0.980298639013736,0.9968332274678608,1.0026462066896482,1.0013638166347674,1.015051823780766,1.0125613213845523,1.0066895260803541,0.9997907354296267,1.0020692370593827,0.9906133664021688,0.9919552987537114,1.0023355374968796,1.0265443759127593,1.0271674741629673,0.9957878458448864,1.0167026501326144,1.0089466756516958,1.0124753787642784,1.0079062916720294,1.0021660347668027,1.0054615831251286,0.9998656536107197,0.9981722829563766,0.9999784671297294,1.0601573742178134,1.0064508552229017,1.0240702074089287,1.0073387459697791,1.0012696135562587,1.0123250765410172,1.008714775095883,1.0039311409320912,1.0104843957634675,1.0143156217511258,1.0181487750711131,1.0004003969711484,1.0329908915670156,1.0063354688912438,1.0045255899774865,0.9969045625782501,1.0188764782418462,1.0036066922458506,1.0187174284168588,1.026879753446199,1.0000071631973038,0.9949416688384752,0.9976854541244844,1.022740328896281,1.0120584155109942,1.0140237985319671,0.9983513732430993,1.0001657886278605,0.9852825423435374,0.9993589831363762,0.9963172621509111,1.0244653271505835,0.9934155169640447,0.9938014601631107,0.9792385403143516,1.0047865965768,0.9999147951644198,0.9999857655840206,0.9804961470445188,1.0309764014770393,1.0316700091033357,1.0021936134092337,1.0014659647142745,0.9970813116839512,0.9812089620548168,0.995948763263294,1.0086962185814847,1.012578820088456,1.0240382221347606,1.0087577396335743,1.0028482255991154,1.0015784384598414,0.9991011943033715,0.9951628592460041,0.99219895292068,1.0224751731614892,1.0020297509403202,0.9810783094476688,1.0125324979505852,0.9919769635896494,1.0072200371689424,1.0102974739803474,0.9912569488226365,1.0019506829211884,0.9880804843225715,1.015473922443979,1.0004611812669877,1.0133018168170709,1.0086056976983178,1.0071951482665862,1.0048484874491441,0.9860926535230091,0.9994575302211767,1.0305390148929303,0.9978470393309848,0.9923834330419746,1.0041542696066896,1.008410714908137,0.9979749990067468,1.0101826036858088,1.0035051761039455,0.9924239355116509,1.0131947941277666,0.9789011241892094,1.0096689349344237,1.0146632066814445,0.9971467891809849
1995 Q3,1.008637530810014,0.9924561305263002,1.0049805615296759,0.9922796759850481,1.0109589348943364,0.967092747039815,0.9950784174157712,0.995734187728804,0.9883389998606129,0.9972275527715444,0.9937051264363165,0.9806871782465558,1.0093675581173593,1.0065003238761576,0.9878170206056383,0.9954889287257884,1.004708203544375,0.9949068385854973,1.0016543017389792,0.9992158025306186,1.00185050014262,1.0160483290828615,1.0142991674630206,1.0176361671146612,1.0033517485751926,0.9878983966899927,0.9842769800347583,0.9842669024815413,1.0075805535549396,1.013507067343945,0.9767287317073354,1.0063823781971706,1.0055762528881884,1.0289070921603518,0.9753331392934128,1.016229771810413,1.0068127362317298,1.006900486933337,1.008798534558307,1.0071119509361677,0.9992510014617744,1.0025543828906,1.0082556245825771,0.9907302080586776,0.974396741372049,0.9967358231007917,1.0125201510721535,1.0075420914194875,0.9907337940216632,1.004930379367845,1.003841116491349,1.0038955767868432,0.9994934386361313,0.9991387218796051,0.9938140982860272,0.9828054427343166,0.9949315642125813,1.0024764179055423,1.0318035215781045,1.0202509897861747,0.9969432448942998,1.018415526409346,0.9970168071816541,1.0020225173653676,1.000387424544568,0.9844810007231312,1.0103680942753144,1.0082594904228732,1.0117596512481484,0.9999746105961163,1.0585544759652914,1.0003111999707457,1.0080229686939237,0.9828435183967108,0.9997952470769782,1.002471480328302,1.0171608362044677,1.0392925422948829,0.9920212009095716,0.9934261545120415,0.9855460243213643,0.9838773671756778,0.9943727109696862,1.0068224652391997,1.004493579984517,0.9597123172728518,0.9803888591325176,0.9908006255574117,0.9918330085511938,0.9987195866396399,0.9911635907713184,0.997477817516941,0.9831081824725636,1.0053877947044645,1.0050746387302945,1.001861691987935,0.997144735403486,1.0305536137445996,1.03566563206014,0.9851156500132614,1.0048164053439756,0.9960551018370319,0.9958854199632996,0.9899493242844786,0.9911356025526645,1.0115324161714419,1.0036915230361299,1.0058480708956457,1.0193337883905262,0.995026309963824,1.0092944340140748,0.9919583097295461,1.000466772848997,1.0279526736470777,0.9848712036015296,0.9842051073931015,1.0090562785786885,0.9865699252881565,1.0296317482315391,0.9971044502113943,0.9725834510111574,0.9952207197077906,0.9868658804122178,0.9861958479261104,1.0199540418911064,1.0086067668291732,0.9941165010844819,1.0095863102223912,1.0099971878231317,0.982480280012278,0.9907454591173958,1.0414154034742724,1.0329698370355558,1.0228071455760877,1.0005789581396292,0.9860625403251329,0.9989066680027543,0.9894949308691022,0.9808278366195006,1.0000846454149173,1.0108948499691108,0.975532439080871,0.9971864100680679,1.0141404394960736,1.0208500516490633
1995 Q4,1.0183688408558682,1.0138650894350727,1.013060482792999,1.0000124403679247,0.9987979204473888,0.9889349561804018,0.998543451270616,1.00440414756545,0.9818921252788952,1.0008570620597637,0.9727770911778927,0.9843965039790625,0.97950229644588,0.9982925890659116,0.987606181333798,0.9984798408142346,1.017848355382092,1.0058800525527327,1.0101166786320273,0.9962826859596191,0.9984726842961812,1.0321826710720476,1.0071704714551803,1.0103923604481702,1.018392371987393,1.002301902237799,1.0030044927264943,0.9733228352614699,0.9943754477214007,1.0136343622753736,0.9762337610077071,1.0119422904294646,0.9949463513846295,1.0222859415575658,0.9533910973858799,0.9888172411737077,1.0063274037879713,1.0171445369058372,1.010594455042615,1.0045939268009774,0.99661754282295,0.996656766905407,1.0096768238672709,1.006348879892731,0.9925841715489506,0.993931401285512,1.011633884537021,1.0145385288251594,0.9869265063398196,1.0050493460811525,1.021357120592147,1.0163129730918916,1.0137970526728948,1.0045949110175394,0.9974778200311845,0.9749301846528716,0.9949226071294668,0.9988279175191452,1.0285715047205932,1.0243284705710047,1.02200027108674,1.0068122527440122,0.9959487996322249,1.0118020284575786,0.977951971335467,0.9917490614308749,1.0088939922011941,1.0183945725479013,1.0143112877947005,1.0114951808461092,1.0823304706382852,1.0052504132600084,1.0175862782218503,0.995987338449968,0.9886445770519173,0.9909166746275111,1.0310064096664469,1.0515295680929229,0.9695319224714574,1.0023721501401155,0.9781340930061804,0.9954871019905528,1.0221655734410504,1.0157950726983325,1.016055176643181,0.9716386916121851,0.9994561466132749,0.998463430580238,0.9890945625208315,1.017615210553685,0.9863546298850656,0.9979819564677285,0.9814701882614096,1.0068945139862324,0.9996250614976838,1.0048144511270727,0.9919521755546967,1.0664920727028357,1.0401597289695608,0.9919289849159357,1.0166339761224135,0.9968079997003835,0.9938523322829286,0.9865538369355891,0.9847198185220294,1.001484507581418,0.9999961858934058,1.0116164954405198,1.0230911020862565,0.9987170897541056,0.9925412152272398,1.0099576926552278,1.0676293846550922,1.0358473228807306,0.989401711704419,0.9631220900900644,1.0183986771869153,1.0017534162559065,1.0203835861208352,1.0033227191282412,0.9685047814478857,0.9866970408266823,0.9849606846679122,0.981164294733046,1.0106432395172444,1.0315859176723667,1.007929361709399,1.0059787015848543,1.0215783054754832,0.9903002696156487,1.0010509126785165,1.0418788456225745,1.0304898718012538,1.0288574942238304,1.0090128853713236,0.9910507135913095,0.997068619152353,0.9995502253121031,0.9649280048179577,1.0032522115388627,0.9941651600714154,0.9649596828116429,1.0105995459892514,1.0105432243206316,1.0197656003531508
1996 Q1,1.0176319665398155,0.9915197562956399,1.015406616347037,0.9981025135810864,1.005388082491397,0.9777471469923182,0.9990173240902863,0.9973014097919457,0.9881825380759496,1.0075207796242114,0.9864099436514256,0.9799531537641606,1.006828360076603,0.9853789073542071,0.969107921165895,0.9833303255107381,1.0121195172661304,1.003702882564796,1.0211824101930822,1.0191198446170326,1.0080623014713865,1.031449963442905,1.0242753609004047,1.0242463233162928,1.020411873308816,1.0152727411383566,0.9953858889832996,0.9795958634690461,0.9880582026748721,1.0064078348760226,0.977292358136716,1.0099865244260047,1.0087736780810765,1.0342043704490844,0.9558696864146637,0.9999742343795669,1.003849116504865,0.9932760792814121,1.0032938236127722,1.0051350210310661,0.9900870486676057,1.0143807160954368,1.00959925756861,1.0107267139481464,0.9688166001473767,0.9902573550870436,1.0050763608760018,1.019566960677537,0.9723871603794492,1.005012467360685,1.001500928652997,1.020911509164266,0.9952511228867134,0.9942909254517329,0.9832594177214865,0.986091472183844,0.9923304282859885,1.0148819868518728,1.0708585084973092,1.0404806917079537,1.0159284898274836,1.0341974112707146,1.0026853228655586,1.0122911163371648,0.9612911054187481,0.9818355130436924,1.0157633153978816,1.0258250225918193,1.0132183676782842,1.0153185278199222,1.100027639412698,1.0151956984692014,1.0137831148037078,0.9967061310594156,0.993893904675117,0.976934686751415,1.0326696979372063,1.049771991610576,0.984295910950917,1.0077222190239767,0.9726550974493311,0.9811781753711832,0.9730370184157926,1.0125784272140212,1.0072299607989121,0.9906436686557699,0.9851202207996153,0.9877591375580874,1.0113094750966694,1.0294098831335328,1.002484535521016,0.9759820199331897,0.9774554799562519,1.0081492703097932,1.0047445142690308,1.0178307316941286,0.996515310544875,1.0880593294842493,1.0554373050504662,0.9802191675901745,1.017000377864908,1.0007172467106327,0.9833130282346287,0.9845278907671524,0.9768923661659062,1.0153396185350374,1.003152335175836,1.020595014150255,0.998044507992553,0.9888079575913423,0.9868645696385564,0.9849962968704552,1.026249236203071,1.0614781205227748,0.9863037585969175,0.9509476965472923,1.0232461221238263,1.0081960973675863,1.0297893447204423,1.0089357506940588,0.9705013945330216,0.9998657508581846,0.9877097431789548,0.9964610316134922,1.0086823183029678,1.0549452107678716,1.0017659687689244,1.0038477019427492,1.0272700899451521,0.9864665288429627,1.0027090793121587,1.050984191932235,1.0350503455682825,1.0460031255464992,0.994275718623541,0.9794605081746867,1.004562981232413,0.9635166690118093,0.9877064652109817,0.9903256559531272,1.0036603977657743,0.9804108704539316,0.9888152744663538,1.0109135689794055,0.9771088509242462
1996 Q2,1.0305351259607414,1.0006096499083272,1.0292724002192049,0.9983423860971935,1.008834761663821,0.9937223569221612,1.0073251593840706,1.0171462799669082,1.0011564475559973,1.020482731984229,1.0043734284938968,0.9872912793528952,0.9865849179277557,0.9927971510974137,0.9863877978823613,0.9912201898935449,1.0164193068609608,1.0257278015250568,1.0335602341690275,0.9880731590190102,1.005357665684411,1.0599146840756668,1.0237976246161657,1.0355524137618626,1.0434258602107718,1.0191675074430142,1.0167928959741186,0.9744457053230995,1.0090012671205508,1.022826029319187,0.9969162919805981,1.0116870029466334,0.994199393268962,1.026346024403486,0.9722822612481214,1.0095927195149823,1.0187681932811117,1.0305437633642751,1.0135754049430519,1.0125505683615628,1.0090128855279923,1.0426913989260442,1.0250996493021443,1.026436251702692,0.9798195958902594,1.0022334473235803,1.0188413254242465,1.0377690111304596,0.9965088872094466,1.0173026968208232,1.0224728688075653,1.0066161907587377,1.0001856444500317,0.9887017938559591,1.0052777721908759,0.9774427112747388,0.9981387646739004,1.0313454586909063,1.068414188346722,1.0576754451316666,1.049039850943014,1.0710978268216873,1.0154787614871992,1.0237997023200325,0.9678609305698266,0.9821337782013146,1.031876269278939,1.0397111951992282,1.0291517804978654,1.0281528268850308,1.0968936397852447,1.0345757376007918,1.0265410400074313,0.9985911561831986,0.9884287203237296,0.9917537691383639,1.0486008691482,1.0668910717947193,1.0015384563883094,0.9881921138722376,0.9800367353498447,1.001874057587307,0.995707042243896,1.0226323800558437,0.9884176635051126,0.9833669012505092,1.0301072736094168,0.9920138793816446,1.0123928337631922,1.0198516171026435,0.9960604001572086,1.0000269522248144,0.9818467700921444,1.0144015197952445,1.0148677863514457,1.0286413198096496,0.9944352242337128,1.0824801333929857,1.1398227761167548,0.999297050267521,1.0107871549073124,0.9987274013001383,0.9812175094453242,1.0002353071237513,0.996610081422622,1.0291408937800788,1.0089962467811597,1.0292389550530507,1.0154666407245354,1.0068964708736614,0.9844032392953656,0.9925513287973985,1.0252398748163822,1.055049723779457,0.982375308832851,0.9616347892641727,1.0274731263289534,1.0142946416673377,1.0350085582339885,1.0230724037463748,0.981513498275803,1.0096950576483623,0.9897268036357071,0.9874641617093735,1.0255481715836139,1.0518440115093515,1.018311658038913,1.0236710829538804,1.0291117906916276,0.9952804621181279,0.9710860901911883,1.0812647515069356,1.1027614360131863,1.0503425612357875,1.0129360333478017,0.9928147100406636,1.0203326850421317,0.99569117634852,0.9800854055334391,1.001962477744265,1.0151570791888656,0.9652229464789499,1.0062415515672105,1.0261513981983688,1.0053412410836888
1996 Q3,1.0539260125134935,1.0014110841643074,1.028480988570883,1.0011790350490022,1.0297658570506394,0.9905833034344474,1.0097978509664007,1.03141710088414,1.008921059773246,1.0276155298868188,1.0181181328420121,0.9736780010280524,0.9907119751751856,0.9855266743477036,0.9841594001164191,0.972301133199224,1.0512256221949683,1.0398830018827878,1.0466850885800685,1.0081241431698122,1.01066401072736,1.064629712393132,1.0413621278319378,1.0541253413416773,1.0475382822608459,1.037917522173295,1.006420836756464,0.9591996914847947,0.9995832796993327,1.0274747487734015,0.9990981359410893,1.0345588783616668,1.0022412158407799,1.025228774878278,0.96243467743056,1.016742882738608,1.045176133839369,1.0285955268125246,1.0283413933560237,1.0188204117267095,1.0135766086565166,1.0542119051762944,1.0519241287237218,1.0335247794421227,0.9956230740193701,1.0061932319178728,1.0317455611754605,1.046082200965888,0.999525268420867,1.023398956462119,1.0155326041732253,0.9981508010171981,1.0107969859482082,0.995657116510851,0.9925626890579029,0.9838648655996595,1.0097828615162165,1.0558281231194084,1.1118450788303251,1.043518092893502,1.0511647186330182,1.0640408755319795,1.0199622438030926,1.0401139796119365,0.9711270866418507,0.9905553090932836,1.0383890602696373,1.0617363950022878,1.052981225290905,1.0494944323994537,1.130148751869553,1.0472508756700987,1.055071362231257,1.0122967625293073,0.9666089997127759,1.0051642447837288,1.0648934821204386,1.0903314163370252,1.008339524421164,0.9890703718377928,0.967901059183183,1.013628986066936,1.0493506468120288,1.0285549710908728,1.0097850721477435,0.980274455816184,1.0453904775962681,0.9913358903444025,1.0241686504860013,1.0016703958522202,1.0015022810272936,1.0081147750909267,1.0002782065562703,1.0241857450363527,1.04624800235119,1.038226577920517,1.0101676115521323,1.0994879233913188,1.1646005732098401,0.9978471048145527,1.0087754552783998,1.0028157087958776,0.9978305614054359,0.9808155843578392,1.0136799041106959,1.040236593142653,1.0230706934709208,1.0482315712367873,1.03944649668565,1.016973191427791,1.0045245721610736,0.9997917785567273,1.0349448854974928,1.099811297780646,0.9928102174855759,0.9678646912795051,1.0403585510748996,1.0328332087565586,1.0585478823749466,1.034612943292732,0.9945792479823756,1.0383932372896258,0.9971674727679842,1.0091977164714065,1.036055042546571,1.0548899041914863,1.0286243107742166,1.0345106914813091,1.0440444508432265,1.0296639216034396,1.0018880562627757,1.1168792709400217,1.1275361148951377,1.121063637131398,1.0296422076681992,0.9936221253738996,0.9986740477189244,0.9848866186136295,0.9734797252503808,1.0005665397182248,1.0075919136936788,0.990175417938402,0.9962804153609797,1.0340592696562385,1.0448427086632555
1996 Q4,1.0786609270593088,1.0294088055720316,1.044630574803613,1.0109862915065475,1.0311270927679017,1.0134900477892743,1.0242253460287902,1.0523034201220132,1.0288108129015847,1.0579606830073542,1.0287624889556972,0.9741293344371479,0.994782457339591,1.0065870726792754,0.988717958170175,1.007980125930231,1.064640356741082,1.0550183898533925,1.0780223103503686,1.0117608931899675,1.019912740328339,1.0895919368516667,1.0684377121214237,1.092745637750192,1.0865897248143885,1.0576534095017034,1.0253251867866775,0.9871085174495283,1.006755633142639,1.0522280968715667,1.0125955381436516,1.0403741930264299,1.009537809019217,1.039311909555214,0.9859150060985666,1.0233654187713597,1.0725040157264318,1.0545767893401545,1.0488983007452546,1.0369629095844772,1.0360756118230656,1.0831028843360224,1.0764939951616483,1.05194603084642,1.0104446249333205,1.015137473432333,1.0479206227775528,1.0840252600879616,1.019701806673513,1.0232341432777932,1.0284093594868224,1.0147826266083984,1.0308511370893592,1.0023656034761355,1.001063746265748,0.9943921115413337,1.02072429180022,1.0815036793433992,1.145606340529872,1.098645301047286,1.0886001315951452,1.1079743349483266,1.0438433053248573,1.0560364046817203,0.9747198737734528,0.9963132465915691,1.058916007906681,1.0856622589435967,1.0754580724315368,1.0775579341011257,1.1403362498545673,1.070062308029973,1.0820851135287646,1.039209411602501,0.9604107693638649,1.0200745038046963,1.087814058630401,1.1179233081584516,0.9851112637338834,0.9869729181177482,1.0011910426228656,1.0272189710521056,1.0360538721184893,1.0476944360524356,1.0196497504338442,1.0025977822141845,1.0211940860162267,1.0119197486941665,1.0442318361492018,1.0254987070962236,1.0249602080311409,1.0142092401194491,1.0135350757852108,1.0413105240007159,1.0696361174103577,1.0470386316292997,1.039762464918458,1.1419061794966623,1.1603678606453889,1.0161689274150425,1.0188622618945407,1.0233949303491026,1.011974984982976,1.0017019351797933,1.016450219691174,1.068735727272525,1.0447149030579859,1.0764933770094358,1.0268069086943492,1.0239686588168386,1.017338351380734,1.0156493052479543,1.058141948061744,1.113955247705425,0.9967642577206534,0.9742938742574135,1.0704004202620996,1.0492975166244531,1.0730303066738789,1.0684151550702148,1.017539688042618,1.046475451851225,1.0147860231937196,1.0356647599811073,1.0316410669526797,1.079873498940078,1.0529730759724762,1.0530111945558567,1.0541100298734893,1.0410040365014324,1.0162830484845506,1.1556542814286823,1.1375443753232855,1.1498842974567434,1.051721293832545,1.000265126469698,1.033864049890064,0.9921623330630686,0.9714847297649625,1.0119484573771809,1.027166994711821,0.9896448925216996,1.0186546114749275,1.0536628529632985,1.0087083864712438
1997 Q1,1.1132583887706542,1.0345663529095488,1.0633052309501023,1.021130969356238,1.0316652040305931,1.0123883484239626,1.0372938337963762,1.0695600699720136,1.051376096285088,1.0705022790926304,1.0501345980231844,0.9708433861804484,1.004853897165312,1.0183039052713037,0.9953994429104435,0.9970192708300905,1.0996867854133017,1.0879878794483584,1.1044662517917168,1.031496982953219,1.0301735938433014,1.1217558687007205,1.085765079790217,1.1156051582655042,1.1070215876166525,1.087478693755916,1.0119850844934308,1.002199719534318,1.0263910759974662,1.0626858785986706,1.0300795785187027,1.0510560423926987,1.0242131699811368,1.048931518042267,0.9853373600580777,1.0346684979287863,1.0884877481807436,1.078441163775272,1.0777442945689553,1.0639653944117111,1.039514148437555,1.1068784811230925,1.1161215823773312,1.077552324715865,1.0208064291604833,1.0415738357868192,1.0708264720164737,1.1047989031055685,1.005301627590604,1.0442384246329877,1.0203537784460737,1.0225144598412386,1.0266956108870269,1.0147741747308683,0.9895848325409982,0.9921490797715373,1.031962737677568,1.096661666376159,1.1959126480355668,1.1115614550502027,1.1075907895208834,1.1266069362389513,1.0588286022035303,1.0783064001767144,1.00401861557908,1.001095825270654,1.0842875486896,1.1174236771137278,1.10658360889797,1.1112157827296547,1.196384817949502,1.0980002135868139,1.1065445943565273,1.0359381488765909,0.9583535947477171,1.0241927873830956,1.1241388058487958,1.1467994061656934,1.0131583258444776,0.9971779755798175,0.9897929790099906,1.0252758450341382,1.0755792896559675,1.0648800026725005,1.0225725070046094,1.0057463462388034,1.037452143417586,1.0192204918991477,1.0727060717637262,1.0196208922306014,1.0229849380150735,1.01517450494826,1.0404170893564733,1.0708130604154964,1.1061597101153402,1.0716775553462066,1.0489645795006701,1.1897094518835796,1.2546711701357791,1.010260553754413,1.0212377098645684,1.0314210799721952,1.0161494833240785,1.0092327089373987,1.0288213078948996,1.0957093234750386,1.0510179922932463,1.1094861725120035,1.0547890818570784,1.0514836283063234,1.0357789340499488,1.0286880683561386,1.128286352141545,1.1576304778034434,1.0187310265439715,0.991926834079449,1.0860697600066527,1.0767858940813597,1.0971551260328214,1.0945691823308596,1.0296831609611838,1.0747680618761584,1.0113596300349508,1.0193038146220978,1.0283503845220727,1.1140863498130915,1.0763743921681428,1.0684481841414915,1.0778532558867748,1.0649065476432815,1.0092001259198933,1.2012433126401303,1.2145077380169533,1.2036905645126263,1.0656567374442962,1.0200633150162044,1.0613679166456527,0.961164343315917,0.9928317588807919,1.0207288893568753,1.0348247647504378,1.0318955192803434,1.0221849372513454,1.0575189005532797,1.0436666700238586
1997 Q2,1.1567821854047233,1.0532132743986726,1.0894555144220974,1.0431266668502563,1.0476481148280097,1.0406957794615639,1.0610115377002278,1.102168364134316,1.065527156948937,1.1047066456204209,1.0693721341658973,0.9887687720991639,1.0336150320633064,1.0204952286135813,0.9979081862820905,0.9898658129853259,1.1360578046649723,1.1216673796332695,1.136224224271568,1.0284762234457299,1.0345555068859489,1.1794005556047422,1.1114967216495841,1.1556172155997368,1.149794916536099,1.113490519319515,1.055398046109618,1.008786987718906,1.0432135162149692,1.098071469290978,1.0521629690845578,1.0491298909938522,1.0134704103993055,1.0719105769153312,1.0077903470979555,1.0354331737141111,1.1365591060327787,1.0958117730949237,1.1153898150681865,1.0894233081511175,1.072696984756718,1.1476508749603835,1.1602820122327384,1.1016008029147453,1.046230866848392,1.0529462112502728,1.1105793745231396,1.1443828903360591,1.0258670084624368,1.0634561897431585,1.0351290751807178,1.0375747191389988,1.0492164934419002,1.0103854529344278,1.0082963021674847,1.0053862846064485,1.0560104866045061,1.1329219445168432,1.215706026101296,1.1367976379128215,1.1726737362247512,1.1827016610150654,1.0831298853310476,1.1085663468657734,1.0209374740116988,1.0221360525537484,1.110508319709096,1.1751176683288735,1.1587059471477394,1.1635710740328715,1.2485733711946376,1.159794156998165,1.1573119452816598,1.065660573602613,0.9647792403512233,1.055185179770447,1.1739578563900692,1.2219806972208926,1.0160558843818857,1.0349041016538616,1.004665164969182,1.0375575350158954,1.073096487690662,1.0874819853008837,1.0433678060199896,1.030140075726161,1.0646407294023785,1.0300140360832217,1.0904488356419526,1.046233338679118,1.0575226347363578,1.033141232457195,1.0661019510564869,1.099152451071353,1.1389783068525616,1.1002392968598755,1.0844271214097914,1.2674192954943893,1.2583601050785564,1.0351919590899714,1.0316417664167088,1.064802062553404,1.0350131562538147,1.0256106149908253,1.0425781692214995,1.1327120157156951,1.0864195829703716,1.1431133139617897,1.0755059728440537,1.0607047403540109,1.0457406767984532,1.0553355313722679,1.2030855309125386,1.218682406346545,1.027894906970476,1.014960181097844,1.1190824637095655,1.1048183189720917,1.1366928303767896,1.1234633530989142,1.0578631123784716,1.105917490644803,1.0337240600146818,1.0606867360032883,1.0748816879641192,1.1657065235099562,1.1230566927678858,1.1099207674345748,1.118578977887212,1.1186655177054925,1.0477779398055387,1.2815729341292308,1.2329794442602475,1.268278028611926,1.0707272867304547,1.0393545162066522,1.0616254756764933,0.9993177821250725,0.9976601975347202,1.0326283664945448,1.0359147701835885,1.0215871341124783,1.054782054940622,1.086819454832335,1.0676222479722637
1997 Q3,1.2039125614529802,1.0780757395542002,1.1231856027993432,1.060959848810965,1.0494567252934517,1.0494992515551114,1.0766149867470602,1.133560807886925,1.097925313248664,1.122870908808989,1.0949343688001463,0.9925134304860773,1.026594285574295,1.038044085521684,1.0140415379487768,1.0064622040294924,1.1832611936621633,1.1612607469807539,1.1757297881493767,1.034407287265652,1.0352080285708714,1.2077105150979568,1.1510072445277588,1.204308304383157,1.2129350371606353,1.1467082883286512,1.0506973129885913,1.0423220589115814,1.0587414915685212,1.1351562306132381,1.0715656626957395,1.068334161560854,1.0270531202745574,1.0890042562858047,1.0285695267736612,1.0662182634077815,1.1752292628541472,1.1457115423570483,1.1437753028677868,1.1087075808868045,1.105257496391602,1.2010024823103609,1.2123477276336065,1.1264847546775332,1.0630107369258082,1.075532975895246,1.1290299038502671,1.170768525179431,1.0410266273842719,1.0736863124420324,1.0438982109458341,1.0503469666127856,1.0662861870025244,1.0170571280911136,1.008258203003316,1.0045945393551903,1.0671173810014967,1.1777613957846418,1.2594794956368953,1.2234293197307742,1.1870758830777188,1.2454058243522397,1.1121756891742989,1.1310784775311125,1.0155128391250783,1.0306214898264565,1.1422462234607875,1.2250488221454228,1.2128021340254291,1.2198619478039605,1.287892290100631,1.2127164133217907,1.216723685273928,1.0905647209903848,0.9419237754472451,1.0758350118252669,1.223163376054426,1.2830917110018107,1.0103692777535764,1.0240966722850395,0.9963090807298863,1.0563030408690164,1.0890395228136485,1.1060662116752036,1.0487600765296474,1.0432674028176065,1.0690018545055455,1.0417425203463067,1.1147520848992747,1.0450192708765262,1.053370565941093,1.0506517834596663,1.1026729736289829,1.1394289032924452,1.1946967447372407,1.1430521341569106,1.1094527273231831,1.3041033878305546,1.2894379653410972,1.0450298742724802,1.0433294701282219,1.08787505068227,1.041447555365299,1.0196166015342882,1.0743305951353217,1.1618002441757145,1.085724731309022,1.1988349500328486,1.069458563473803,1.0896004659806913,1.070174615468657,1.069051631793957,1.2552069767903271,1.2837895443764002,1.0459287345414783,1.0307735970206595,1.1546071733209313,1.1492419304983126,1.1683306549967445,1.1737282302654153,1.0794454105719251,1.1444798923479045,1.0369528131764183,1.0546996055515105,1.0721915365387906,1.2123938877249618,1.1522782370074194,1.1398499162491238,1.1521919109320435,1.1387589276959993,1.0394193846846085,1.3559842241257798,1.2819884936792756,1.3221412664170789,1.0970071926951859,1.036619555734173,1.1139012321321846,0.9897684025041834,0.996896468638967,1.0510429694804833,1.045048073660169,1.045044589745279,1.0613325478715365,1.1100114817568785,1.105276275281034
1997 Q4,1.2477756844191576,1.1046015273399377,1.144589790372163,1.0800651197796705,1.0657649559497653,1.0626109954777252,1.088656705113756,1.1655361881996462,1.1370005072046916,1.1549647103876888,1.1197150624424401,0.9895852993294475,1.0273272837337628,1.042330118702646,1.0399471665016722,1.0246326974099125,1.218374321501381,1.1972750652121664,1.215164066695509,1.0403213878495872,1.0353679589206641,1.2522912308851368,1.1946876200495826,1.246855756833682,1.245133904922324,1.1917994660177587,1.0640481533991715,1.0243315888029985,1.078650828568037,1.1643776556290355,1.1062254917235232,1.0637169423469588,1.036101005616779,1.098548057892615,1.04241644253818,1.0856583810860159,1.2135268318281747,1.1680894555432397,1.1763391725848555,1.136290877768255,1.126380713401197,1.2410023027869206,1.2643987130709506,1.158775687822448,1.0896280304733958,1.0904426663623312,1.1623927461270536,1.220864807841946,1.0513413792169526,1.0945307184269304,1.05824214738168,1.0616136545014503,1.0853993498413732,1.0264181758851603,1.0272392288915027,1.0335117015670834,1.0832589346831907,1.2363230479022709,1.344675997040633,1.2403480817500374,1.23411284101881,1.2767741328180915,1.135865100638159,1.157822741678863,1.0375960182334572,1.0443303733725058,1.1648694827558552,1.276878149994518,1.258314232655659,1.262062886234493,1.3342217032799475,1.2579637407215882,1.257812554954607,1.1007289008916559,0.9511835329347843,1.0927934199226583,1.2823273611253523,1.3182667839658018,1.0242895067447593,1.0449962475006003,1.012855040789277,1.0746282215068046,1.117065403805839,1.1218286556492425,1.082984095430724,1.0496577642067986,1.117867255456498,1.0619392693911285,1.157163852723224,1.0824594030669943,1.0847157967270482,1.0632872447125072,1.129277141891172,1.1766431674531632,1.234268033686984,1.1739573435134918,1.1473872764060233,1.346636207196449,1.3764286906793353,1.0623181605528802,1.0493437181134118,1.0997679742535214,1.0561894724168557,1.0454943639237813,1.0692915680047865,1.1985020930237749,1.1141168101004955,1.2320751421029053,1.0784688478162852,1.1014482896197884,1.0949488225655162,1.097186530159691,1.2711464880630445,1.322209140337969,1.0716279195924143,1.0463241485416026,1.1881550914532053,1.169501094214278,1.1960709710302706,1.2271918018003694,1.112785476461886,1.1712477119588138,1.0622781443906189,1.0553665808278387,1.085454600863906,1.258621516118095,1.195980049784133,1.1662204965957186,1.1896767405056317,1.1739557930452869,1.0438596220979386,1.3950348586987962,1.313022625288588,1.3466194583808537,1.1124953798907524,1.0528999605328513,1.1241350091448732,1.0065917561294757,1.0023204110573578,1.0609105857498788,1.056189685247158,1.0562823836412651,1.0784539232675696,1.1527071855798605,1.1020368730406283
1998 Q1,1.2719835582112082,1.1143703087241221,1.152611924040108,1.0794678139565708,1.077481398917323,1.0623611856638602,1.1035102370838723,1.1873953656336793,1.1553160922883776,1.1767877281510766,1.1427033192423648,0.9933873727931812,1.0381502657729023,1.04706565436265,1.0247043796085897,1.0288590866272773,1.2524436682946385,1.2185912926593183,1.2437227829260227,1.0721362061847992,1.0515786786276902,1.2685758365517883,1.2168398445907238,1.2666079413670586,1.2834795432743353,1.1917022749124706,1.0754421616709937,1.0325446347560963,1.094395263861541,1.1895163426332873,1.1075210653120362,1.0663113975626266,1.0420149481838774,1.1183571233727543,1.069547618838196,1.0925773571748596,1.2336190100932414,1.169059430653356,1.2055951020697822,1.1731585613314237,1.1387438541902066,1.2626318530822742,1.288122949056498,1.1665272348750082,1.1109432180773013,1.1155938384253443,1.1967031173095382,1.2631725126672648,1.050494851369961,1.109587911220272,1.06841326409458,1.0690088003802654,1.1017275090788605,1.0409013328675374,1.0251638343674496,1.0353632212475854,1.0982104696909296,1.239487885468337,1.349200799919868,1.2665532754394524,1.2654234119168966,1.3138672943392433,1.1557162679325401,1.1779914955095168,1.0409876776849534,1.0600067200342904,1.1865255184381425,1.3112920263541414,1.2752108027251248,1.2879942670910574,1.3818301201370276,1.2738241708251172,1.2908504618562633,1.1119988246428518,0.9403822317276416,1.1243749006658195,1.3061509131108124,1.3698589480625587,1.0456049270146819,1.0665437721254414,1.0143955622220158,1.1019219135144758,1.13552058111453,1.1324190387536568,1.082855470943779,1.0598731412981353,1.1202535862542982,1.075010346380118,1.1792569997565148,1.0927648568440866,1.0989540411833554,1.0727950487813314,1.1584617719953902,1.2029390476622133,1.2725768660802246,1.1995234404511173,1.1753305709326936,1.377915405580883,1.4039165771450213,1.078511237665373,1.0568703568846547,1.1059617094457272,1.066652863981191,1.0538606172836265,1.0802422508716503,1.2137227483094366,1.1224436677672478,1.2646290854456501,1.0979908489829207,1.118002191714931,1.1023823500368044,1.1057423665394943,1.3006203661376072,1.3385824440884402,1.0862058160214962,1.0491811470097376,1.2142489018275375,1.1876460341224067,1.2178830374236729,1.2562685147540062,1.1282633513284956,1.2114724596812387,1.0692486091599538,1.0680797432249252,1.102373045078403,1.2766863657444578,1.2264649118099265,1.2037676393033403,1.2135382300944346,1.1920801089482584,1.0322599547022906,1.4454152127058106,1.3701453350528907,1.3616555442769551,1.136860750492571,1.0622623383077943,1.1350580400270505,1.0044220725835347,0.9967053137453713,1.0859056077606961,1.0520690847983847,1.052001209947308,1.0725622528536514,1.1697538057146832,1.1186968720109656
1998 Q2,1.3152289554242642,1.1291881519334772,1.1854820770906533,1.1069234937890484,1.083500929314875,1.087396587093451,1.1296402721454257,1.2091753845187003,1.1878243750140693,1.2106986149579644,1.1632802660623047,1.0327591651358305,1.0333487301510886,1.061411942754611,1.042238996481824,1.028038074851694,1.2800342302281438,1.254895900577307,1.2853970351608286,1.0701717689044914,1.059284546208885,1.32331498588434,1.245046668490148,1.3078557673357187,1.3342230434804625,1.2334083900460033,1.100350820595812,1.0691314371484644,1.0828431448351772,1.2264947300316538,1.126414676943408,1.0969105031117456,1.0455624072339993,1.1379010686445523,1.0645487634554234,1.1084547263974367,1.269610712338911,1.2207472883626975,1.2309155940015568,1.2022162755936574,1.1672066211456518,1.3145330046355164,1.329512236345349,1.2052042888025836,1.1301535208707856,1.1426983961134158,1.2299119081896293,1.2942041416300618,1.0908602556200933,1.117494206638349,1.081155393503886,1.0783037262505135,1.110784525708985,1.049530174579891,1.0412798174999007,1.0418319141663392,1.1107141095659707,1.28630613102233,1.4156908816946403,1.3208407788017331,1.2997594054483212,1.3511421383076014,1.1740293425715795,1.2036798676647864,1.0484836734239902,1.0648029897861273,1.2282441658902998,1.350139933219657,1.3185674146767645,1.3363824174763081,1.4456198881998688,1.3107825445277854,1.323952037458622,1.1397025739208992,0.9698844504696811,1.1294807112911198,1.3487492980311175,1.4103865961544155,1.0372102825453056,1.083336852474979,1.0232059624384586,1.1039145133382229,1.1343381488253919,1.1595709716583575,1.10245988582502,1.070059237235692,1.1355143942562502,1.0869085532568665,1.2070566144728476,1.1107901773915272,1.117317002802939,1.0845621021809835,1.1762124539091379,1.2325401810506924,1.2893057007562307,1.2373266878808744,1.2030850946736378,1.4531032570826106,1.439649505235809,1.0955092911101625,1.0725824661070096,1.1267510117045731,1.0832336376734788,1.066297082826997,1.087870959094602,1.258275314981269,1.1556846750692211,1.3060842146020626,1.1208493637459438,1.151302071572127,1.1310961858912405,1.1286574678583627,1.3290344558518143,1.4163028463026326,1.1016578991077228,1.0640434054220336,1.2381520954551717,1.2213562543301009,1.248590815379716,1.297400852602059,1.1534006168660078,1.2474888374877804,1.0830141308400831,1.0746803642402574,1.1216056667520036,1.3320368583821334,1.2418071149600465,1.2321518860623926,1.2428718787022304,1.2339931043439925,1.0452207936603335,1.486919480136159,1.4539149317738258,1.3991358466746873,1.1299173155190492,1.0741371703133034,1.1617539953491056,1.0178676799013453,1.0073550769139465,1.1045567965059724,1.065741574125274,1.085557329701817,1.1092428025083818,1.204661137985772,1.1656175509816198
1998 Q3,1.3483274485701395,1.1448651427107315,1.202858053058454,1.1230674449478952,1.0958343228880496,1.0964887426533187,1.1400006881709155,1.2361836282551413,1.2198824665987582,1.235061797233469,1.1938643303252547,1.002739142778444,1.0436507095812342,1.0759701347655193,1.0523662771523623,1.0454619624046217,1.3200395897775656,1.281149015629068,1.3078697469706295,1.0723548369084852,1.0631560369404314,1.349527541400532,1.2821667103159102,1.3288945598399307,1.359567044301205,1.2746874866799147,1.112731765426276,1.0582574998363774,1.107289048235419,1.252310757549267,1.1480043422346555,1.0856944990873727,1.0684504163149204,1.1624531901510216,1.0752751759889216,1.107584524031189,1.300089577229202,1.2458649733140428,1.2628085688400315,1.2277153456602121,1.20115550425222,1.3436601622912574,1.3682146168327498,1.224763529343445,1.1524615740167077,1.153127754652841,1.2577625572133952,1.3263399563716083,1.1014065372306112,1.1390220611015265,1.0773307663247844,1.0845281660678683,1.1274175515770624,1.0582627049714546,1.040831816496139,1.0465531764145848,1.1236191513657916,1.3172727704962353,1.4435058424618932,1.3360130861240516,1.3346105632080394,1.3933241870746258,1.2030384882401506,1.2429527221006322,1.0466789081844015,1.0628077126828341,1.2434519876504186,1.3868997261640594,1.3498032398074808,1.3662461982309002,1.4835272878502146,1.3596641104903975,1.353291118282497,1.160079698070005,0.9486855178918522,1.1633119034856032,1.3819765513399311,1.469995917160148,1.0475796206245722,1.07787520895081,1.0230508835861662,1.1159779346255478,1.1468766590712856,1.1778798118850478,1.1437901764525977,1.1005366607885303,1.1502284190566268,1.1042028136878872,1.2276606752039854,1.1281271734264355,1.1258465430571674,1.1028612980821209,1.2087265878907858,1.2633976919910594,1.3182020348939374,1.2651850963740312,1.2394846008277978,1.4692555401721137,1.4788200115623127,1.0999479725924823,1.0705139378620172,1.1508033014283003,1.0857048980347186,1.0828075735276572,1.11542375170883,1.274981349627438,1.1786402567574916,1.3355086195442003,1.1138413610856044,1.139737605316502,1.1488616210287557,1.1445100709741347,1.3662308643371162,1.4601178320853359,1.1220237833257343,1.0902063614909774,1.2591414517369883,1.2388561016170063,1.2828641262337699,1.3273995721361853,1.1923160607503727,1.272038300035081,1.100874015124618,1.085060182719424,1.148971518635397,1.3584997347643988,1.2801407556791018,1.258385863705542,1.2566292368541805,1.2355917988511456,1.0738952281752443,1.5391079652140434,1.5048350605000305,1.4592919166640193,1.1619156609348675,1.0936089177767068,1.1722986598287737,1.0147527608737057,1.0181639137001104,1.1044485415425274,1.0736901214249583,1.0827217520512427,1.1316506682759377,1.2418805696905277,1.1237008535961808
1998 Q4,1.3709452988591706,1.1678912682991387,1.2214595423731904,1.1234898419957633,1.1050682574769235,1.1116908766845635,1.1600007373137058,1.2552218245180033,1.2564296504972183,1.255044754862088,1.211524724907543,1.020012339230291,1.0574567001727802,1.081667134122415,1.0570208558619367,1.0505673779136508,1.3355687483419139,1.2998537268987584,1.322577076290621,1.0760813595900436,1.0833047045403146,1.392723182591129,1.2962746144107204,1.347941764051529,1.4014737525149799,1.2995812724303748,1.1261688996088246,1.0782810460896282,1.1170347034047563,1.2772640684379952,1.1677686609770672,1.1210423853365332,1.0895975876040103,1.1756365554431571,1.088812546888189,1.125519117355344,1.3215586891783686,1.2602867691075978,1.2877384461733574,1.2352839411234493,1.2188710725560599,1.3726051729771567,1.3919826628893228,1.2440018585308796,1.1830398654892729,1.1725840745445133,1.2748611890524844,1.3511266093389966,1.1163344109765285,1.1539859719384629,1.0961110534510468,1.1066406711794519,1.1374077818395547,1.0533990785398015,1.0516883801015493,1.0555646582627183,1.1486600356434207,1.3381351384627898,1.4471272274636375,1.3828771845334824,1.3778690839058845,1.426271500231156,1.2158715034537462,1.250078371741423,1.06785566486685,1.0817254445067763,1.2736755077979414,1.4109897671742104,1.3723007110790513,1.3851811504821476,1.5033190206641327,1.3875535867391147,1.3827200602715346,1.181875019036696,0.9558010293790838,1.180424956548649,1.4074847775315362,1.4883464657685503,1.0541676623400005,1.1167644369314516,1.0448011965971755,1.1232624363024115,1.1769622102406447,1.193969609761582,1.14078507882625,1.096038373347842,1.1399117253793893,1.1174813931912058,1.2516695659346444,1.1510275378674295,1.1520246060133132,1.1207117251679337,1.2293842728948559,1.2781658574345744,1.34399805822536,1.2879582131732845,1.2604838851828692,1.504633691265343,1.4957516987577915,1.129546926356213,1.0844719928587638,1.1647538253533158,1.098596861435134,1.0966065135068612,1.1216480152068171,1.3048799540760394,1.2027728798740074,1.3529383805627402,1.1187538938837656,1.1689288714034702,1.1865526973809135,1.1536151531073056,1.3724430199212811,1.448104670741068,1.1400432328894976,1.0913579572435304,1.2796739859270385,1.2613203783169398,1.314949137063579,1.3526615391002477,1.2089462144993055,1.2988473957337001,1.112166407785539,1.0922490920806756,1.1574184277429458,1.3744260098946122,1.2988882130402664,1.2804091517626481,1.2905890569988672,1.2786283553719233,1.0492792463594653,1.540827366183443,1.4896905002242178,1.4627314725903517,1.1788897333750175,1.090569166467503,1.193825996503103,1.0369541411747223,1.0194169180836612,1.1353997895950856,1.097985395994966,1.097668174513298,1.1352042290578268,1.2602670349604672,1.1217034505938273
1999 Q1,1.377726571465768,1.174130962353511,1.228147302368574,1.1486880645452842,1.1374897198122973,1.1133752806928248,1.1699106194693794,1.276407032808812,1.2510628740176366,1.2769875369508021,1.2133286365715024,1.0226832740897915,1.044642729855146,1.0964082633934864,1.0595363846963783,1.0524892023019956,1.3444042579648403,1.3177353284151092,1.341257963528988,1.0943608460787175,1.0774924598818303,1.3983789190117224,1.2986879397852649,1.3629888518363191,1.4104978876490422,1.3044446295718206,1.131261753632857,1.0950974852567745,1.1185791637241032,1.2832116920850498,1.1780646007190583,1.112099299936082,1.0946240968248808,1.1948130578344982,1.1171868558809386,1.147135105516509,1.346881338595036,1.2696864213530208,1.299821468757766,1.25512021535519,1.2297106334132981,1.3747416893076774,1.3995223285482867,1.2622796725271264,1.1732362096974602,1.1877332624749661,1.2842823729897623,1.3773631347252735,1.1207626506170725,1.1609794538776061,1.0920949605188803,1.085356026540237,1.1451728733434599,1.0676183564793778,1.0556253196520522,1.0489777479630544,1.1454760602515104,1.3500440865097614,1.5055526549071327,1.4009980887774567,1.3579469410765141,1.41480040407254,1.2285803463580824,1.2767356365573286,1.038318098848298,1.1138725005150687,1.2907043285464348,1.419978319054211,1.3804796815161964,1.4038916484005315,1.5316539224032848,1.3979178018691363,1.386573217118795,1.1904994072477402,0.9443971293815802,1.1901943988562964,1.4277057832246576,1.5003769340205741,1.0427597584034027,1.099914407160806,1.0598383144749581,1.130528438910819,1.1673802856613187,1.205386127344382,1.147225992208469,1.1124049269647862,1.159311691604527,1.1213469143452157,1.2699027892739847,1.172523612272392,1.166986140559518,1.1463580685922559,1.2444726624298132,1.2894507766057184,1.3560136858232001,1.301965542172814,1.2679481213473127,1.514235520320495,1.5125031506885462,1.1281978268882698,1.0898557380061624,1.1880119232725734,1.1145582358467547,1.0800125907718563,1.1368056386315624,1.3251274066242051,1.2110755403609799,1.3807994441424831,1.1259433783368444,1.1640299777388836,1.1838469763340118,1.1822927969493016,1.3797378554890156,1.4986685604919823,1.1333355581321374,1.1083835627033272,1.2900549882177548,1.2597538021023225,1.3312791130802575,1.358605610051114,1.2276993354821713,1.3059366818220748,1.1168090253481275,1.105882308214905,1.1376062659816106,1.3983514010376974,1.3237852375866375,1.2975468585521093,1.3156933818568501,1.2817923643538975,1.0654026133356804,1.5635981896405953,1.5176334590614893,1.457735209575807,1.1947843940087985,1.1111892117535833,1.2084279398329743,1.0325966515664968,1.020652405654665,1.1468407539513505,1.0900100792410365,1.1156905089721978,1.1445374184255939,1.2806499941804126,1.1374442485030238
1999 Q2,1.4244229625411395,1.2127729914845762,1.2639452381990541,1.15611073690639,1.1373846285308518,1.1174690673467167,1.190778629461274,1.3114777506800928,1.2968359779635914,1.3072618639414486,1.2589901267129096,1.021778740328329,1.079159705846063,1.107654530575739,1.0756597858009886,1.0597144757341126,1.393028728099446,1.36097453422709,1.3877666661834551,1.1136647180022943,1.09754274638878,1.4536050508991625,1.342373359421595,1.4043939654418605,1.462728731111806,1.3707375540150168,1.1499489756544343,1.1080679281447838,1.1445416144907756,1.3267856341649016,1.2013010274925846,1.1173956311186364,1.0938577745447975,1.2341587275414792,1.1148107768123896,1.1690783074463724,1.3677740434543004,1.3054597113072135,1.348715085052457,1.2791693643869984,1.2731333310294346,1.4428334103010345,1.4453972236536814,1.2812776254545124,1.2077918990117706,1.2245017268954514,1.3227729625908549,1.4151017694299473,1.1413285908807331,1.1882788252733716,1.1072337840846438,1.0958885830091718,1.1669725249592653,1.0724622701272142,1.0627646195611338,1.0666160694696072,1.172711264780491,1.3916559054509985,1.551427722193015,1.4718406222644795,1.4325356610691846,1.470713898541108,1.2610183355698723,1.2944985215360945,1.085855541503777,1.107633587464743,1.3208493445628684,1.4720225864189513,1.4236779276924822,1.4514422909324054,1.5595359283853478,1.4527956925437755,1.4349566235615476,1.2310712960444423,0.9713658694078887,1.2140858799015333,1.4755619298678146,1.5548706544522786,1.085213858044616,1.139600842629085,1.0662515633585188,1.1513967432285326,1.147573270448519,1.242649896704197,1.184540626316889,1.1244234623311278,1.2092610145958134,1.1496345865186994,1.3206584196534197,1.2041604492669273,1.1997573291007682,1.1571600216187083,1.2911302027695082,1.3228782529534462,1.404722832887144,1.3420404246096234,1.328389760603086,1.5868649895084217,1.5719480295424817,1.1574833998769654,1.1216661326571287,1.2036691969895519,1.1331518726347938,1.110785830387648,1.1648812105110824,1.3546929197184328,1.2452763445982347,1.4204513183649718,1.1480069177391112,1.1952790523655994,1.221491613662203,1.193957322964109,1.4511886841599493,1.5663165245512065,1.1773043421469762,1.1155721486292403,1.3281958430879983,1.2941533141331298,1.365869747057703,1.406059697491942,1.2387711992577264,1.3429392610001922,1.1435267087989178,1.129403315920151,1.1568590608856224,1.4493507067732485,1.3482543824601885,1.3467412847952842,1.3337583451628345,1.3239913548578004,1.0837857465303573,1.636723588543241,1.556618985354084,1.5187107724718614,1.2164839842327753,1.123991394949955,1.2411329557240938,1.0291045451888494,1.0300558476372985,1.160414530194123,1.1055502377480804,1.118238385925724,1.177362046154883,1.32326591212016,1.211930913816148
1999 Q3,1.4878254798045656,1.231758999457523,1.3121998406555853,1.1730021418040277,1.1451864040690618,1.1534199329328667,1.2100751360525024,1.340681236233328,1.3449221611626967,1.3611999116331468,1.3105434486520369,1.0433537288947636,1.061326718842511,1.1354911178004248,1.0871745236130839,1.072811473913445,1.4525954617525596,1.417066780480754,1.4392274337463433,1.1238823611207103,1.1094252832429403,1.5402053431244704,1.3899095841592097,1.4569524721944784,1.5294991511059244,1.4484055960473154,1.1815760050452775,1.1254367220749701,1.161433492216488,1.3588228938755718,1.2366490264560457,1.1488537906694856,1.1006195849545106,1.2613267389172436,1.1403974275329831,1.1750831075886254,1.4288704796563598,1.3505702803205344,1.3918314237404004,1.3257932475066223,1.3191285970256978,1.5114869190385658,1.5074717627274934,1.3359509506610174,1.2405124829544258,1.2569914064324201,1.369403359922992,1.4684360627494357,1.1838947080101072,1.210281708305513,1.1280133206989948,1.123219385124421,1.1958235058710458,1.0955407080206283,1.0742770059136537,1.0681653264662656,1.2048579200544518,1.4608990928139167,1.6097923690635594,1.5583342564141116,1.4738141528548172,1.5644122463559358,1.3039709760707254,1.3389206154994546,1.1087366663697573,1.1213904336697986,1.3719717338681503,1.54391823081348,1.4975098985466497,1.5267828098681413,1.6713753198853485,1.5169485945004237,1.4956662343677334,1.283417786112166,0.9599609872516124,1.2576568453308454,1.5552650536348935,1.6234229015335184,1.0955928999960673,1.1588139006331675,1.0823446434450628,1.17549126033243,1.2144091453894628,1.2662945496055034,1.2070503161540012,1.166562498106698,1.2089919876092108,1.173499998531431,1.3702170517537953,1.2223951114932907,1.2245870233750666,1.1889205687099886,1.316660478185144,1.3812416926966478,1.4615379039798482,1.3929763458222144,1.3533697518472103,1.6842827565934897,1.6229878631464647,1.1680834599654302,1.1301382203571877,1.2343557267357588,1.1385404636401122,1.129371402728127,1.1697047597635417,1.3961365464801438,1.2735652236871495,1.4910935133617478,1.1671612482567977,1.2158259007883443,1.2529395749257506,1.2317949105586832,1.5126726392895196,1.6592927037375564,1.2128074079852336,1.1539690862102128,1.365381903597664,1.3480691685046706,1.412099741746224,1.4850558220125694,1.2565524742371514,1.3998885813984423,1.167553770673374,1.147232429965436,1.181497608380141,1.5504969933518309,1.4084456572519775,1.408572201033627,1.3937417020554401,1.3546313328179544,1.0874605397221826,1.7566744861349255,1.708827964888184,1.6242433373736398,1.261701736564712,1.1586259877978602,1.259737361577562,1.0488543864288076,1.0435125795178584,1.2047838488497014,1.1077439195831091,1.1448193898535228,1.1985946363168525,1.395960032775016,1.2081079939438077
1999 Q4,1.5696490343257639,1.2830751782692098,1.354147829409385,1.2156012917895498,1.1609781096474776,1.1782586751431723,1.2467400051112625,1.3930584869475242,1.3843111720370243,1.4357430465664218,1.3742437003497414,1.0527438482059053,1.0776922285653197,1.154358567166786,1.1113599007516743,1.0934244770386614,1.534401116223906,1.4965578975387122,1.5182619225449325,1.1378134781924099,1.1302348991036815,1.6672030966788538,1.4656016388148339,1.5343139496649583,1.6148220239977136,1.5233138094694645,1.1982840210548904,1.143944793370014,1.175298143606733,1.4272539527493264,1.292554616591,1.1548140845531973,1.1264184532690737,1.2967447599001047,1.177285192868312,1.2061649839476345,1.4918235406844416,1.4030354021934404,1.4714745134205307,1.391077923068041,1.3721399791360762,1.5913767427073124,1.6068386704695865,1.4004153752096316,1.281910411344405,1.291733311208964,1.4299632848446926,1.5448048619998072,1.2091630316176627,1.2295554567519411,1.1405812413292875,1.1459471853263088,1.2291414075102058,1.1157957426543825,1.0954507632467503,1.083767647143259,1.2241424854138525,1.5494031849733967,1.6685591236713426,1.6459740631416193,1.5802149386387603,1.6484418472154534,1.3694625397283111,1.3935540073065182,1.1192951826945725,1.1492188419058362,1.4358065618515694,1.6352219893407336,1.5806348639314436,1.6225996644238907,1.7748328205558639,1.6183327380274106,1.5688566721003663,1.321296002395811,0.9768187091387487,1.325146505279381,1.6629228341402533,1.7401066331613744,1.1139549235290263,1.1815962042030834,1.0960541681628042,1.182910598906773,1.2308296595958073,1.3032949129203788,1.20804144061507,1.178012461872435,1.2403123711100432,1.201793317287974,1.4320652935819511,1.252413954960263,1.2667384984614258,1.2223089510414216,1.3795143924416569,1.4521262847066334,1.538503257438905,1.455303553070562,1.4335161527946507,1.7654612270135317,1.767594355757976,1.1905261413116517,1.1451240133931042,1.266945651417459,1.16900397643367,1.149438887177426,1.208087213827103,1.464122981366537,1.320813617901577,1.5693012086265585,1.184985956374,1.2694964574373826,1.3000840604126684,1.2839587150109304,1.5866926230156224,1.7827861841982047,1.238105568731151,1.179610163222476,1.4411619689079571,1.4187405529458297,1.483469797260281,1.5696931898763573,1.3317437904119538,1.4401405294709198,1.2029172407054896,1.1659163231017076,1.1940935859438269,1.654957413958481,1.472981586748623,1.478822507144576,1.4580383438105653,1.4043315619891708,1.101018441675685,1.9063228138558082,1.8140634165520289,1.7057955366389121,1.289859020629498,1.1795918368678826,1.2998554135610862,1.063208539461622,1.0431072829671217,1.236727411498491,1.1345730006183912,1.1875392529634181,1.2432348915339995,1.4979340384526463,1.2392764582035753
2000 Q1,1.6375738818069963,1.3002556787394255,1.3994291248773287,1.2111109491864953,1.1797668456200223,1.2100399796677626,1.2831766916518388,1.4294273683006646,1.429318057156304,1.4921198068936774,1.4232033383822855,1.0613093931202042,1.10372707059974,1.1492580445903013,1.1158197650271107,1.1142109140904402,1.5837025473674184,1.543848341126892,1.5938218926998773,1.1548832754843132,1.1478977908810974,1.7697942650948455,1.5221524789803536,1.5956677278527878,1.7005134206398138,1.5619241950657465,1.2026824522192034,1.15499883606883,1.1872650198592196,1.4831512251546168,1.3335177726843725,1.1687103843165254,1.1444786505579958,1.3382508057870124,1.1889376729069312,1.236768535747588,1.5537298671857522,1.4547436081893592,1.525974673496388,1.4366815672409823,1.4371210919867627,1.6934059223273943,1.6652504629790092,1.4725636328360747,1.2954502567146458,1.3195843785995205,1.4899010698504138,1.6013230008070836,1.234139128509436,1.2591071960166942,1.1562376238475311,1.147534586804558,1.2611030422435492,1.1216097718545062,1.0964402312163661,1.085337473255713,1.2535584749137223,1.6127324633463926,1.741732048030715,1.7510727749341795,1.6588676843861785,1.7249170546140868,1.4149915922199034,1.4303306283571455,1.1231833267430298,1.1574107970322862,1.492386009346121,1.705250937883639,1.6493706693971868,1.6987266152271772,1.8993575219828884,1.6789907011093552,1.6372620464429148,1.3601973933622893,0.9785002588912696,1.3714667101768845,1.7366552384752314,1.8043432817460336,1.1430604771824189,1.1995164321034284,1.1294442443929518,1.2267329918655412,1.2787231782406183,1.3462285881266016,1.2552878280684414,1.1868219076006516,1.2456800214338115,1.2256315296225477,1.5000262377215805,1.3227085506686744,1.307100880783437,1.2411171818194138,1.430968658360516,1.5089321607052486,1.6002313493025273,1.5310705836815268,1.4759456990127804,1.8378285789090012,1.8594167975592408,1.2007812660275412,1.1492693980694295,1.3001792051844476,1.180068827194166,1.155521908132486,1.2314004804985252,1.520362326534772,1.3553284170217401,1.6409001952997664,1.2109181002692138,1.266171818864516,1.3492182800023147,1.343082743251147,1.6111539312732501,1.8212636643167686,1.2732206816822749,1.213047971157458,1.4969283347430884,1.4590939079548826,1.537921599979902,1.6366938957316137,1.3935618446199989,1.5148751922987564,1.2114432085030191,1.1758757736777048,1.2174937826243615,1.7485233800176194,1.5209284811575126,1.5358138129506984,1.5473259855459176,1.479677633649331,1.1086170006119485,1.9790697077342758,1.9262312084931412,1.7719275184654226,1.3443828991669662,1.2092214251881226,1.3593042698456874,1.0654391992502517,1.0687911421332938,1.2710941920992413,1.1248329289673868,1.2068841418108265,1.3042156762811363,1.5702219795737546,1.2935412510510778
2000 Q2,1.718044213368736,1.3527768473091901,1.4559896670038186,1.2673929400953026,1.2067543207479738,1.2476323348711043,1.2986575190700276,1.4815660574489906,1.4984577271457784,1.5703631943831113,1.4829073929276435,1.0915921434739644,1.1103390570242557,1.1855606702708275,1.1400553044647883,1.1358716735874934,1.679871577972522,1.61816776402309,1.6726917668684969,1.179555293681059,1.1602332222001988,1.8665915672745372,1.6095065895093532,1.6868346906271772,1.7979579611166034,1.6617097078728722,1.2289015798462204,1.1789198225224145,1.2031366642052643,1.557447040142409,1.3518422621161277,1.190387015301722,1.1667797533492081,1.3665560010551219,1.245819108555864,1.2683431811307797,1.6198630386291766,1.5475051401967452,1.5863426061802635,1.5153665234295288,1.502792215783562,1.7791795003752724,1.7653364692626734,1.5210320775318618,1.3564984612358262,1.3753203489419048,1.566077709307444,1.692956791456288,1.2451597188068346,1.306700742235717,1.1715879549630284,1.1596977570997262,1.2920265774735702,1.139117926248219,1.131203877647248,1.1107247236962274,1.2956801261068378,1.7127004833834951,1.8593203562150558,1.8329221207141186,1.749867718791256,1.8200536830343839,1.4868773788503915,1.4879080825860496,1.150170025214409,1.1846308329349984,1.5626299973539186,1.7909532279397689,1.7416800938708734,1.8037344287944703,2.005639524868161,1.7709880274180951,1.7253469147502571,1.429516833902171,1.0005204146665245,1.4339285674854851,1.8523569204842736,1.93865886721875,1.166502789267637,1.2225740978546136,1.1649551830865388,1.2354909638183973,1.2942501249237293,1.3801965075432936,1.2810711968160553,1.2236236385867465,1.2838451589769917,1.260266832448083,1.5789043655093495,1.3079944380900672,1.3300084603733355,1.2847059653002875,1.5100435774923249,1.5817002230875836,1.676326297330566,1.582447388353099,1.5564350841292214,1.9541696728480622,1.9018381957404737,1.2303289310880536,1.1674497601386828,1.3461504547300711,1.205960142585886,1.194269465177229,1.2475783535414122,1.5937231396066764,1.4036353019412495,1.7176080884182492,1.2344639794949968,1.3203597283197177,1.3963560431317048,1.419496040109237,1.72448339632899,1.9294462394907352,1.3231797415091577,1.2861728089946873,1.584042862572949,1.5305278740035135,1.6388963513237589,1.7221476029370832,1.4746983166115337,1.601826223979959,1.2560827585008292,1.2209736615626672,1.2431469761232385,1.8296561165320713,1.603233639966328,1.615848980372096,1.6390019274299104,1.554381540470552,1.108865674861706,2.112195305189743,2.0565085376501497,1.8774951095060264,1.3805767696836075,1.2424168048684983,1.4325193626762622,1.0668680963787855,1.071074325091243,1.3156419884113744,1.1630491601619333,1.2532655942049806,1.3629303249721172,1.6642291840878563,1.2877687539715428
2000 Q3,1.7779111562837044,1.387959518185723,1.4940060079681905,1.298895760291092,1.2325431918190848,1.2608746620630356,1.3377823236217983,1.5174143472054373,1.5303329909579202,1.6183576526355983,1.536330934967057,1.0974651290018982,1.1263128704948149,1.2138134948980193,1.1664998201357193,1.154209184581711,1.7191059493145107,1.6747648603062866,1.7323856349484512,1.213283245069804,1.1845431122708623,1.9640531152639913,1.6655671241297372,1.7506023768619678,1.849540009566913,1.70055448805111,1.279369500258979,1.210368710013786,1.2360003673721904,1.614966295726486,1.3989335936497456,1.2129449973415147,1.179128533048368,1.3919460900051086,1.25914373015513,1.310827967378992,1.6962207275247976,1.5985920562017217,1.6464282927040952,1.578325951996898,1.5474469306892347,1.8329470070402765,1.8052133438259845,1.5843525405546224,1.4102039834082944,1.4046195727535395,1.6170729461464781,1.7625638584002827,1.2993113040879318,1.3336737053540126,1.181454698201795,1.171656776582125,1.3368249342052505,1.151345478308098,1.1551271841771895,1.1216603527698341,1.3284039099507625,1.780440794677535,1.905188643624158,1.9109233522686113,1.8150670822986064,1.868310855625699,1.5317674602719769,1.5708975155547864,1.1397376065497957,1.1873480921049848,1.6105825927846438,1.8352488960645137,1.7938979921655946,1.8480258685428101,2.0074562941046534,1.8137869782570117,1.780634767510526,1.4646009796648627,1.0039417093220067,1.5006119905399808,1.8889924885851388,1.9638332701186025,1.1546602159492865,1.2537591102681762,1.172245504577006,1.2688359887800649,1.3122010476352577,1.436071406791849,1.333248389199088,1.2568326969033512,1.3140899668709014,1.3100171836718606,1.6356925081351972,1.3609120172226836,1.366883846395201,1.3258705397289885,1.5602385565236918,1.6344836325323546,1.7326145838022708,1.6600074223693797,1.5932941783685108,2.0125113643200283,1.9911731892121725,1.2515339754946067,1.1836060855171184,1.3838258361521898,1.2275278437979797,1.2249729671730691,1.2946052594426265,1.6476768142625506,1.4663785735161814,1.7841293394791522,1.229822719044539,1.3464475120431223,1.4627794185041731,1.4762291296218615,1.7711005946658038,1.9320724697471319,1.3756733820416194,1.3087780066643893,1.6438204901036095,1.58728859517221,1.7004146378932379,1.7576876688144272,1.5140294316302387,1.644507580534046,1.291955984264667,1.2286658396106767,1.274049626078503,1.9136899968795977,1.681229862530203,1.6725779900564954,1.6940162674427968,1.5917734260119862,1.1344394746692827,2.137257682911406,2.0931008613195847,1.9160081621043128,1.4244034048618797,1.2580760260413482,1.4616164018211986,1.0880121875149844,1.1004077164770094,1.340044637006757,1.20084168086636,1.2634813606834565,1.4087423475390481,1.7034880691619725,1.3219085780195767
2000 Q4,1.8017749721927112,1.411484215695665,1.531588023712441,1.3347499777686072,1.259834151055997,1.2901417868624743,1.3811782426529398,1.5563139363230312,1.559644291054791,1.6538518869119239,1.5601392892937789,1.122725286989398,1.1206204054322222,1.238502145652051,1.1740409567267795,1.1591951543291847,1.7448923781767587,1.7111386863742135,1.756044444953182,1.2224705471941981,1.2138135579735227,1.9719067313792362,1.6837268909280982,1.7797827038857104,1.8573637966104075,1.697425701676512,1.3036290413007097,1.2087492157622821,1.253030375801153,1.6453114034777814,1.4213428316335612,1.213892923229692,1.191980493425543,1.4457633666494425,1.2841755836908073,1.314131409368048,1.7215129459841891,1.627443497988325,1.6882509442124967,1.60012476077354,1.5713664067406525,1.9002946925993771,1.8193565621746581,1.6098215162357752,1.4308264253952079,1.4356921018949944,1.6529527115576634,1.7846394296929096,1.322628829661531,1.371856585747879,1.1956850172460252,1.2050381338537153,1.3667333097496335,1.1662001047041795,1.1790799022603287,1.1264423140627005,1.3619595901447208,1.8160089143354845,1.9178312609737607,1.9576802391422443,1.819748925072032,1.896861637007152,1.565409011412683,1.5776496535051048,1.177029358631125,1.243985798801492,1.639493496348326,1.8578296703516057,1.8029699019175534,1.8575905949372098,2.089806044338549,1.836293331488452,1.7898920517894121,1.510534318517176,1.000535616608015,1.5526374573457091,1.8936342715333547,1.9478345545356244,1.2146716623456975,1.28488628653353,1.2071396444036913,1.2802047168551085,1.366351585992641,1.4651810839521051,1.3317518771928032,1.2713688086894306,1.3436966379016568,1.3310480729654892,1.6651913113337002,1.4031671206468324,1.389302668895721,1.348864561005153,1.5832776586649717,1.656880129788034,1.747448615950318,1.6964369956164946,1.6419507200278562,2.012428073758546,1.9871532584111093,1.2772099273108326,1.197615717469484,1.430337310564153,1.23594890081594,1.2548088342025383,1.3146216237280641,1.6703621591846523,1.5012501514475374,1.7952182385195168,1.2593326895639227,1.3739245191251481,1.4817274596837484,1.4899672306572127,1.7422158040282318,1.984615984848398,1.400794589101862,1.3372520744077152,1.6855223820780736,1.6176726932157677,1.7466220542910351,1.7911424255005604,1.572923840354415,1.6866309293934476,1.3135313222885263,1.2584648160890355,1.2932446116638072,1.929318513823112,1.6969151903115005,1.6871865882369017,1.7092836011769827,1.6155140206656873,1.135715967932604,2.1108534694600767,2.0779753358060984,1.9227489801453164,1.459814776547959,1.3023470091370852,1.4921469859050216,1.1030918831575576,1.0931175302276566,1.3651279946030124,1.2035279491415962,1.298953723249676,1.4569140561589329,1.7186311348314838,1.33712376448499
2001 Q1,1.8138731918190596,1.4425991253288346,1.5523830450861766,1.359076582844948,1.2782893073807073,1.3310372919011517,1.3905916909034353,1.5724041506185664,1.5812273774256034,1.666098367687604,1.5748391735616933,1.1158199755916416,1.1430463374157471,1.2643432118545144,1.1882766720546847,1.1611866822484058,1.745527988565053,1.7471256207270347,1.784130281701604,1.222250435467543,1.2054064014113401,1.9736527126107362,1.7171640947532665,1.7983659222836106,1.874829321085561,1.755477699484018,1.3015488435913818,1.2137250494178848,1.2614204042189674,1.6712325701052475,1.4404723238695516,1.2171264359654885,1.1658136895471025,1.4717377786980559,1.302485592940341,1.3433960964559692,1.7504637520514492,1.6566095546006157,1.7037100517058763,1.6122992389827075,1.5978768468857947,1.8926811629333629,1.8446875829323541,1.6291634324888826,1.472898023638286,1.45933865477005,1.6740011785415376,1.8233857776311078,1.3540676182891322,1.3871320427074965,1.1988205043412121,1.223404988988219,1.375740289493261,1.1602815755850955,1.1810716201731581,1.1327485353252842,1.386714952851689,1.8324555926380206,1.9911693172881402,1.9864336901909077,1.8195026698206302,1.909273113884126,1.6005662163776806,1.5906782457913222,1.1855492077087988,1.2307535793281785,1.6626341733562156,1.8773989040473948,1.8163644089169655,1.8783262166814452,2.0646048063039406,1.871499696088468,1.8061700621470733,1.508279219461682,1.014260445034712,1.5333357922128794,1.9254853207891287,1.988999158537652,1.22159934341195,1.3118599469824053,1.2077050036993704,1.300342816373491,1.3526207741369571,1.4907365361297664,1.3692892011223157,1.2722550419626106,1.3555531160693828,1.3553715340385013,1.683737436189338,1.3952215154842627,1.4276186417618555,1.3782550592788563,1.6208850453478538,1.6696529824776072,1.7766788314025102,1.7095259873490167,1.6431496092607052,2.0663211381178757,2.0319740872069034,1.2988812154568048,1.2247384938828032,1.4298537297721117,1.240139910491515,1.2610329953488544,1.3248069826197395,1.6904185706028951,1.5275541548598517,1.8150191376467528,1.2601506796686104,1.3733491796765278,1.5283136385774376,1.5092245343048416,1.7850583548856003,1.9956265075044906,1.4083330009843205,1.3634092579044117,1.7151306729581137,1.6378262148088565,1.7626483890187177,1.82301427305092,1.5929626540941892,1.6967615574663928,1.2983475290470587,1.255678470714014,1.3261548205486318,1.9674268762879505,1.7115645490082745,1.723546750027554,1.7339745963216677,1.640291557835295,1.1286308037526347,2.1695314575162334,2.15803773834469,1.9562462247976118,1.4726315586576144,1.322489153530538,1.5415617896123508,1.1169486243795577,1.1070526010910182,1.4023271921052989,1.1945888348131681,1.3074871018218739,1.5000502428465445,1.726273247033268,1.3917427957481754
2001 Q2,1.8768836723123843,1.4984171861799247,1.6035392401858597,1.4019751127780835,1.3261339863639086,1.342008165757384,1.4311428645214261,1.6239269618099201,1.6287832647858376,1.7321528692625365,1.629546530155107,1.149492777105266,1.1467188550226177,1.2836906100663945,1.2031574026093246,1.19906376600724,1.8274755027639176,1.7881798924513683,1.843744384380179,1.267357190381628,1.2565245187809662,2.1183453935880023,1.767605001615038,1.8691605246636127,1.9352480073187226,1.8184119692272167,1.3440356183385824,1.2585093018955007,1.3006993837912446,1.7310818395519159,1.5034475326158228,1.241389935377879,1.2260820846477443,1.5157865237754324,1.3461349317236475,1.381345075882928,1.8071704747996928,1.7303064303203022,1.7473485618098714,1.692790056093127,1.657193068230173,1.947957256869895,1.9197584345150789,1.6982953497201998,1.5286926485991252,1.506574587170545,1.7368198370235963,1.884745608298059,1.39614536505505,1.4403112329121672,1.215872096118329,1.2571866995180014,1.4341264055643987,1.2156866573866296,1.2093339913413184,1.1726906869963767,1.445959392223996,1.9162736085196006,2.0995524472227984,2.0722372504462507,1.9285888096352006,1.9639097638526175,1.665874134833721,1.6698888678058983,1.2000909593006779,1.2657092211604257,1.7242687047905858,1.947663089638708,1.8828402119238095,1.9470553110257358,2.165321294500941,1.9333739052766448,1.8776991762076891,1.5607631506619501,1.0281089176364344,1.6074902182602895,1.9829433579064013,2.038724904433995,1.2674675090388121,1.326333463035732,1.2352256677983402,1.3576207914955585,1.4167248395047074,1.5399788968732218,1.4177202656426786,1.3133675697206448,1.367850601492736,1.3953562543345774,1.748981448536953,1.4568351490141644,1.4507572287512525,1.4071247760882855,1.6797237610137954,1.712447223480047,1.8246790296099786,1.7580833140592684,1.7104418077131074,2.132833441604117,2.0805340103454766,1.3190375385284476,1.2623339733456025,1.5077786274783722,1.2780285729609684,1.2800079078487838,1.388164798909119,1.7582278451183115,1.5623172892366677,1.8760158024696914,1.297363406371805,1.431226052934478,1.5880499712726885,1.5884671701061759,1.8772521187623994,2.0970662413021035,1.499206219699528,1.4461156101896304,1.776574518518245,1.6913966360044665,1.8509282331517787,1.8823402905379651,1.642851698040567,1.788371833982012,1.3769896813455902,1.2729182598749174,1.341312391720764,2.0499782325999156,1.7694305757477973,1.7772076546484414,1.803285343562571,1.7016243453933586,1.1750330296514713,2.2496823185712707,2.2523647654778816,2.034963366083634,1.5285621913370904,1.3634076735553031,1.6042856299843737,1.129019307448215,1.1322788287779393,1.4276957335140488,1.2423082675301131,1.377768545559891,1.5473718292780854,1.793450741327182,1.3721305373916572
2001 Q3,1.9413814169130499,1.5516086986771658,1.6586513976104014,1.4427010376124902,1.3714421362434772,1.3636966744420518,1.4677528312004857,1.6709997082932546,1.6719582939633348,1.7901850318282222,1.6963819119065524,1.1508092584557885,1.1557523850726208,1.3166361368147732,1.2525193519258266,1.2373670378230492,1.8926643953164954,1.858044550679458,1.915025194183142,1.2942627926868175,1.2761541387254842,2.2440784687754776,1.8457805367068196,1.9438988757797078,2.002621173163196,1.917007432222369,1.3725600910552451,1.2706684526200636,1.3185329411597384,1.8117913868985718,1.5434747552820856,1.280335585207218,1.2515575947288706,1.5496869261358117,1.3809460308029928,1.4328536192338046,1.8820299528572333,1.8012514270734976,1.8085663532053358,1.7638259460173016,1.730660202166843,2.041088357354619,1.9642797127364586,1.7514602161493475,1.5610866346773695,1.5430590409401064,1.8042704376692114,1.9708868939715076,1.437887096849713,1.4949856752567663,1.2564865130757397,1.2986016168280086,1.4843387429184498,1.2265307760670483,1.252073155122264,1.182381815172981,1.491632020927501,2.0009547538850527,2.1610825600261876,2.1607182950429746,2.00257757289593,2.0727839604372122,1.7648191082438887,1.7375717319349264,1.2252688922864432,1.2942896105297044,1.7962425304692269,2.0043614753484875,1.9458385844312671,2.0123123887975787,2.2429060668989993,2.0030017121208603,1.9269580817226573,1.6065334498672232,1.033418360129537,1.709217196769883,2.0582378965305512,2.1369614808193647,1.2806080934430917,1.3948772502325588,1.2592906161536346,1.3607585750661815,1.4703729071622156,1.590306156110886,1.4863467284724843,1.371115128448277,1.4172087792724246,1.4450044675911673,1.7779400838826667,1.4782979711749697,1.5304651872700006,1.4526870033782915,1.7317019796915585,1.7682455569134539,1.9006329296927036,1.8383081337514418,1.7510330453837273,2.197619121513622,2.1943176283482777,1.3721978433847546,1.280639158502103,1.5528202532965258,1.320367445009305,1.3081157387256426,1.4581823786767327,1.7993615876188493,1.6246435934823436,1.959320026828458,1.3406654324057212,1.4692332858701196,1.6602958816195028,1.670882039742662,1.9645634812428028,2.1674623363389296,1.5567677860874944,1.5235799848419451,1.8381611999177117,1.7869522401113815,1.9359692117904774,1.940494400920486,1.6992309505267178,1.877117008825234,1.4260128123572995,1.3138315902290079,1.386415697296021,2.1215758377748903,1.8230476135725036,1.8317347298852105,1.8917109007207906,1.7972837513657964,1.1873380801423437,2.3181438385836746,2.3051952823754505,2.1026752184546904,1.5845474494653207,1.4003448348627194,1.676546894414084,1.1464871025732288,1.1495518849753703,1.4768208992432368,1.2755143410024623,1.3907796841784623,1.6364773842754674,1.8736041888648558,1.4155411220889151
2001 Q4,2.0063046170570717,1.6041914267990447,1.6982958515753876,1.4979857263658507,1.392272533661258,1.439791145231055,1.515626043032736,1.7248003854243092,1.7152294701436233,1.8520909683798181,1.7546204684578486,1.17345965217175,1.1887335350169215,1.3605096968719312,1.2818310635749277,1.2511915422803483,1.9861038299369618,1.919445128616083,1.9733207459403503,1.3324393813430058,1.3318250331989199,2.309498434960702,1.9088708417101883,2.0069206338960397,2.070445428093849,1.95818104179535,1.39777891886324,1.2974952896077567,1.3709575495102853,1.870970213259168,1.5933110820245031,1.2892523736879185,1.2722198326466796,1.6025224462503693,1.4077260249933867,1.4683548733727434,1.954469871083112,1.8622231300704908,1.8918035134923568,1.8292895817906256,1.8055409720390185,2.115273218135455,2.036819418702195,1.8288892866844042,1.611322483001635,1.5974514257144545,1.8787886047339633,2.034126694264968,1.5008703655576836,1.5462278592446814,1.278068994835199,1.297100795308602,1.5447713325347663,1.26137834707658,1.3165724789049922,1.2316176929464042,1.5444174550761127,2.0891655983674395,2.210878579633286,2.2782768270118487,2.0798161132911357,2.151044460595025,1.8187600035899032,1.8233909585247372,1.2519340829964465,1.3230489288495173,1.8484442893705753,2.062470026480117,2.001635477564038,2.080839618542193,2.311890570085126,2.0733615074959917,1.988784823486738,1.6532769920640302,1.079069004175653,1.7815741739822906,2.1358807125104065,2.1845720395756003,1.3135214314736794,1.4649541063697067,1.2988560063455283,1.411856012996815,1.4875089114535185,1.6558526627084813,1.5616375558565845,1.3951641070853216,1.4631605279757864,1.4937978797490246,1.8566677079576037,1.5108304050063468,1.5512693450513322,1.4921839280734064,1.7894045434888515,1.8312653981445268,1.9561722426937984,1.8968441850008284,1.7980756136188856,2.24744025927976,2.2346788755734073,1.411298542022887,1.341431458116103,1.6234960680425,1.3599739443457914,1.348906668276657,1.5208193841035624,1.8619304575847186,1.6979509919266043,2.0093955819635325,1.3532623199747678,1.5083262393678105,1.7202808030347836,1.7620869354649036,1.9755385085241037,2.231107094171157,1.625001513897579,1.5816051080039215,1.9189632750558494,1.8408447431753494,1.9758330863123434,2.0191714794225653,1.8221187129814116,1.9405310557698734,1.4626421237098959,1.3256639208780203,1.431819021014165,2.2057161533519936,1.888097670671895,1.8814741199768945,1.9616942405071458,1.8585484643882022,1.2208083731091315,2.3827193690482544,2.3440762269179194,2.1157820201231097,1.6421110289160734,1.463194579724385,1.7144661551442923,1.1757368940161286,1.1568868331937192,1.5495479090910889,1.3221097009758402,1.4648076607157812,1.7347324525424324,1.9351661164764644,1.4315153268764078
2002 Q1,2.0440966959744133,1.630259876494528,1.7402559848705152,1.54575734478183,1.449196408296476,1.4743035890409553,1.5422404902655908,1.7629744892693822,1.7635535113211003,1.9128423169453825,1.8069736975758843,1.1973291690418422,1.1946143627530588,1.3867218234538317,1.3005847644214805,1.2703819277290442,2.0339681645524066,1.9825643624503109,2.0168362574311045,1.3731338577956504,1.3444893042393689,2.340875072634494,1.9394074419326675,2.044357685254281,2.1099882587039485,2.037012423603359,1.4627881793194164,1.3299133223073876,1.3983984488557581,1.9247787931449662,1.6568640379946948,1.3047562308002187,1.2986588463385236,1.6387530755549624,1.4480196174476527,1.516447591926671,2.0303347302271066,1.9021321935535753,1.914333404981252,1.8868722500929895,1.8439349932000948,2.1671081275621757,2.0595737032095296,1.8771369347731466,1.6361998616868585,1.6330915135586979,1.9093240132361589,2.0914223826976017,1.5589231655941178,1.5745197576990522,1.2919947314558302,1.3302901544577737,1.5865827906825523,1.3036583854020487,1.3590544139849208,1.2378146844524034,1.5965024454213208,2.1395625870041135,2.2800180724334425,2.3411133401974404,2.1281989603056357,2.191989724404881,1.8830921062790797,1.891214443501604,1.2978604615164724,1.3776415472011223,1.896274103338096,2.1046125027048705,2.036727228373588,2.114257246640236,2.39236075748251,2.126351284350187,2.026214827948915,1.6857992249740492,1.0998231539313807,1.8376696815472857,2.1653885444607837,2.207938575008154,1.353414565303683,1.477611946071079,1.3269752226752998,1.4358625180291418,1.525546286980758,1.7047656237643294,1.5954283564523164,1.4738073628100112,1.5223098617938695,1.5352549654216077,1.9099032431798877,1.5513056697674994,1.5944463195026506,1.5182823090367246,1.8432190454151365,1.874578992356956,1.9909771562040262,1.9680921711476234,1.882037847024826,2.2963306676168704,2.272677494336679,1.4533786779355247,1.358895588137092,1.6660460749732657,1.4130798051522737,1.4072252122295617,1.5920197630553126,1.9183761725356778,1.7222664334666777,2.0539043962551053,1.3738881357291568,1.5485413537769366,1.782954625557939,1.7891800658768695,2.0188936644804567,2.2372743042434093,1.6845518496464151,1.6389556351779446,1.9782818730981495,1.9064102787551163,2.0733839896535486,2.0555366886932807,1.8745350446355873,2.0090034445680733,1.4939220799042312,1.3343226142603553,1.4393332047541139,2.2370066759491154,1.9421438438890781,1.923876448900845,2.012224213759547,1.898743665020493,1.2252529727648853,2.391964347763816,2.3610336301826345,2.120013827220847,1.6678082619144452,1.510841125586174,1.7830777026729756,1.1999025996503478,1.2104880087665826,1.5959853400440935,1.3592980252487405,1.4803409212922738,1.763676437195149,1.9594242470364562,1.4610268050045643
2002 Q2,2.146666332092912,1.7259645761607365,1.8262059701364097,1.6365838301198778,1.5303533132707223,1.5685662673854417,1.6282627980601605,1.8610432993875803,1.8370762962313112,2.017444279422034,1.9197120090745585,1.2396617866629451,1.2456601271667544,1.4655072779996143,1.367695669520265,1.3236072616010865,2.1475556022355526,2.0823727044993783,2.124359318487623,1.4257920126568533,1.396412182144515,2.488348807822124,2.0454366333072844,2.1601520914499828,2.198251647530088,2.15347320320532,1.5362731946307573,1.3684702441987846,1.4810902152102872,2.0151982281739556,1.7462173612695555,1.349181338097738,1.3388179957124928,1.7297055087988475,1.5315277267074003,1.5915326126391223,2.134860012809374,2.0191670022589134,2.026957440537957,1.9900248978384822,1.966962081436014,2.271528465824789,2.154852988691511,1.9729429369560734,1.7221670048591737,1.707820668548472,2.017361506087521,2.201454203176925,1.6566976721658044,1.6885872355317086,1.3719498326905712,1.4150390236115413,1.6927468948622868,1.3702953112873673,1.467045332417308,1.32908551227144,1.6991550950586471,2.273607710707208,2.354930959677404,2.4083146682432846,2.207552777251003,2.2703177156848655,1.9975564512623345,2.0440081492548585,1.3552267538315965,1.4541030499303014,1.993741020089449,2.1795745500277977,2.1325497670775704,2.1965785152616135,2.4799237160854903,2.224231747332034,2.1100107237629895,1.7831689916893916,1.155766180766502,1.9405054210045936,2.2638627779521716,2.3102715234203743,1.3994013300116952,1.527236478179882,1.3895502995617564,1.5257972506896667,1.6485783778399774,1.8085963098540068,1.7153141571930257,1.5428919683298103,1.5930526233208193,1.6232547114320068,2.0085778860003485,1.6786078966700142,1.6630016521924018,1.6105278821593956,1.953914925396647,1.980014384799715,2.086499832125262,2.069695102077247,1.9908544508028811,2.422596188058795,2.3790578804431632,1.5600140603728452,1.4465619939163346,1.7828099626451597,1.4982085423812037,1.4718714202616727,1.7017938009174596,2.0034611169273187,1.8407315737341425,2.1579692531137593,1.4301131825350062,1.6142560474720542,1.9219861856343836,1.94199635173497,2.110102200149743,2.372337684845173,1.7785204334159392,1.7674781540639477,2.0804326301425253,2.016299596383391,2.1488049644438836,2.1446458726587134,1.984506376222643,2.1183879070028175,1.6105556006303248,1.4048341973131755,1.5252726232278448,2.3470425777996877,2.0537158489266925,2.0104148694926827,2.143371036734896,2.0297804324541064,1.2817900706756808,2.517638627678003,2.470752825384429,2.2266137387257348,1.7838983005498719,1.6107368338647883,1.8762373930221072,1.2537081616956136,1.266435105307906,1.6877495943789864,1.4434619972148213,1.5948325748683054,1.8936108739375077,2.060997445607529,1.561198804697518
2002 Q3,2.2785977400026245,1.837519764460254,1.9455096190229397,1.7316071292809805,1.603427251266247,1.628621912114975,1.7435952510401114,1.9636069396270435,1.9499822564248603,2.1571840079083096,2.0523875739782085,1.2948148854421866,1.2775754812019469,1.5567043633149913,1.4673686540002349,1.399717696648913,2.3009559873612417,2.2156716621739307,2.2283760453728365,1.508618545114445,1.466036101912428,2.6198019450145,2.2013918616859547,2.303349763042395,2.3250972648709127,2.3766096882050594,1.6032412602847228,1.4396550771616436,1.6015238871888675,2.1267938018122265,1.884967314804923,1.3934439427476992,1.4095653349104016,1.8164342105205673,1.6292356391671938,1.6780073770402044,2.2648520164494976,2.1717823878076583,2.1556424501642644,2.1543625457672295,2.1102944701821635,2.387833428307235,2.2434319171984227,2.1089720732570534,1.8500701429745394,1.8086512772276444,2.1473430885908016,2.3170124241701626,1.8074910497728396,1.8064105394050392,1.4353019019796145,1.5086976933655434,1.811685291997333,1.4528477507944704,1.5824223009926817,1.416527429668891,1.8502602987253316,2.4406866641820018,2.457001864830547,2.534966797208148,2.3720189784952774,2.420335466774436,2.1671957894074856,2.223021124466973,1.4510229713301934,1.541120761302082,2.1332889220054376,2.284773984487189,2.24170296639325,2.2911415971040454,2.6518544225860476,2.34673357554126,2.2172986606046727,1.8931336760212827,1.2253498846216446,2.0851380384587666,2.378285510291534,2.4260149443321612,1.4667356632305215,1.6235474073312968,1.4466790100084994,1.6059481615744111,1.7613418969346113,1.938073230465316,1.8855223700477042,1.6556171952483127,1.7273634211790332,1.737267971680378,2.182075578940246,1.6890025995103326,1.773552165066008,1.6874567307050516,2.105300758242828,2.0997264321562477,2.2112635506749068,2.215136556742543,2.1088574351930003,2.5259155080545104,2.433698559440227,1.6644656868675936,1.5267565323923253,1.9086838982739762,1.637621503016073,1.5626880557182692,1.8475665161517458,2.11689852945206,1.9638552370050624,2.267660093190499,1.5233768257826141,1.7314760719970252,2.0223933997541232,2.1099469134652074,2.196739299017412,2.483771866620031,1.9016752045167546,1.9301505904904381,2.2189667160423383,2.1910473052972725,2.2921655148401867,2.244801724277035,2.0693003895552344,2.2600906373505563,1.7061062143287038,1.4944700424311135,1.6406550369848265,2.4746801418147655,2.1735145721844367,2.146947211286686,2.3099083821080986,2.21199173490179,1.3427561694877077,2.635805843028686,2.595960035156734,2.33550161754701,1.8988820782050413,1.7438654524892285,2.0285604248933007,1.3035838113929734,1.3442568636379044,1.785626423743027,1.537820147334109,1.6780994008642502,2.0219540223527512,2.1715428105472343,1.6884208431761278
2002 Q4,2.4154041478891703,1.9557584815352982,2.0707403968149647,1.8222245849822643,1.7423347665620603,1.7413525581207026,1.8531909740287358,2.0713039357774954,2.079904839186717,2.3003037598440352,2.183443471482858,1.3616766231630688,1.362207758902804,1.6446242165708351,1.554376855471415,1.4656434187457281,2.4411228169252137,2.3598717118708157,2.3521589455981067,1.5706877906351768,1.5566967693624336,2.70687202594025,2.3364912370915,2.4487416935471784,2.4244417355125454,2.469581498798624,1.6848806069971822,1.500710452608481,1.712954608816856,2.2214061645320355,1.9567995432783063,1.4741494722041157,1.4895068439241268,1.8940871217463162,1.717827290114867,1.8102376670472184,2.386748697483893,2.3274427708899266,2.265654593968871,2.272277362629811,2.2058210154023588,2.5297120120910317,2.3686092433896304,2.2469674330513643,1.9489647743664844,1.9040643639012902,2.2595349977741295,2.4415500006915094,1.9501877036239732,1.9157511912140186,1.5150708340567631,1.5915487022672279,1.9083008186204204,1.5498221428568242,1.6927516529959856,1.519628804843153,1.9779981293039326,2.585275406933453,2.4856229932051592,2.6713183639407867,2.499910223593554,2.4643403218053868,2.303987391376926,2.3972052251472293,1.5241471531414874,1.6353978414528474,2.2411681830579835,2.3794759705627215,2.3323636734271913,2.3712654414385272,2.776133830573095,2.4733310778973943,2.326663911469177,1.9785056795148024,1.3127439389191224,2.1924030185051517,2.503418492317725,2.5131510665486485,1.5384455415403084,1.7479106694235131,1.5455697449494978,1.7094318609601709,1.8076403173785913,2.066175296221007,1.988942905435525,1.7556164924571376,1.835521936780352,1.8459671705326413,2.355112309052558,1.7431876351069266,1.8457508655288208,1.758252770260843,2.216161242154578,2.2359665084405727,2.3045533092258657,2.3624078908185,2.2551600429931304,2.6116448403673806,2.515813375965013,1.7814423204144205,1.649421259994187,2.058082013015184,1.7750051852838573,1.7012137241631087,1.9559593358684255,2.26285463481291,2.072101998430609,2.3700808819795784,1.6139679543124892,1.8499475649545134,2.1333253267097074,2.2029084324319888,2.232496623414584,2.589915933242288,2.028248840103065,2.0270678202373187,2.3516331804929766,2.2937519008760243,2.422698881316361,2.3775473999079537,2.245405559728491,2.430229055740358,1.772874566956452,1.578309248230991,1.7325258507354209,2.5785189725654,2.328604085865126,2.2442485678407964,2.4582796933320155,2.3367794367888255,1.457875381821369,2.7054803521913287,2.6787109096270725,2.3624011746167946,2.001108802598285,1.8455640308871997,2.167004252301548,1.4123030565534962,1.429830903938182,1.8847203144235811,1.6939663446389186,1.8108208661001473,2.143830539910434,2.295784362701975,1.7883100377110537
2003 Q1,2.488999773327089,2.043027400556953,2.155488960363978,1.8903610428234248,1.8206898348774712,1.8197438581911627,1.9282918509868594,2.1429385885573815,2.1459166304911097,2.3583392139226267,2.2836655375870927,1.3832983138143726,1.3672339508678601,1.720658624997037,1.5954262163801989,1.5098125857994016,2.5265443525129165,2.425790374336575,2.4323670340179917,1.6182020908448287,1.621303419973424,2.7834665096559954,2.4314369616560167,2.551608995099983,2.5041127248238104,2.5314499126700185,1.7816741110223455,1.5611873847990778,1.779737296667314,2.2853753105085173,2.0491886665561645,1.5339218131437222,1.536000561885088,1.959425245874205,1.7687265695593346,1.8874440745703829,2.4898321670446655,2.427243293976313,2.3506613060466295,2.3693156834893228,2.274884998031081,2.630298330865143,2.397380000257709,2.3331857188472482,2.03949291206513,1.9864202379597171,2.370994428248513,2.5253589241064494,2.0407368997106605,2.0301353107940923,1.5824229410955954,1.6930325029723157,1.9973089814148972,1.645773512429628,1.7611137293720802,1.6044017927305032,2.0647822798119813,2.6657538779597636,2.4930347492192375,2.7572564840179927,2.542088839065514,2.5622238781070092,2.3964844019740186,2.4794318790083008,1.5857338431603782,1.7298587833674526,2.3016296979102298,2.433774753027745,2.415541228645535,2.424407249043862,2.8634649062821658,2.5706180558597413,2.3661751271023017,2.0806603095922895,1.3466685379014922,2.258870855798057,2.578558661497318,2.5608957103722725,1.588830945944666,1.785639212188051,1.5986323644468683,1.7964895931516875,1.881751707325322,2.1614381604615103,2.090998299602845,1.840008051339708,1.8620623307180324,1.908169999381168,2.4912596059463707,1.7855962982334135,1.8789413379677558,1.8397806923136097,2.3212461352821374,2.3047182418276018,2.3581658918638366,2.4511876402164092,2.30819823178086,2.6383021762047143,2.5181095664181337,1.8398215679102847,1.6975604568086868,2.167935294760725,1.8437613208503378,1.7679467439227043,2.0219393724417896,2.3098527829585715,2.1400384106348973,2.433505182099572,1.707527417445601,1.9053388276081185,2.2426699412517404,2.268115659190047,2.2330156063706434,2.668591024771672,2.074722691093551,2.063105014815008,2.423756569817744,2.382353196776361,2.5164731812834478,2.453949731921881,2.356447058321087,2.523905375115534,1.8630854310356186,1.61790576858631,1.8327453749201907,2.663200255754823,2.4114369165793583,2.311417790629486,2.539468299532906,2.4369487926646856,1.4908948677204052,2.6934320942953356,2.7069560166791047,2.3630308269091405,2.0845588352615856,1.9201154167130674,2.2486447170354626,1.4207210279541258,1.492623171763074,1.9364554529413687,1.7825959336801467,1.8629245994774681,2.1825264029841267,2.3434997114773193,1.8664251492642394
2003 Q2,2.5291282789308807,2.1536811304935464,2.230674010014663,1.9926225485982898,1.9074571461046363,1.8909789728946065,2.036230554729199,2.2088073574961316,2.241770482154246,2.421908604626414,2.34454178291266,1.4419601281680976,1.4763585800726071,1.8061155034813896,1.7172508720599833,1.6112234962217071,2.6134436081440064,2.5019735898787943,2.4666688801792125,1.7164244690716646,1.7114982790051791,2.8252786557667258,2.497971721885262,2.5818451613766955,2.5534472662191616,2.5889119968987138,1.8733453600512884,1.6571736320577524,1.9699189747266903,2.3497250095005886,2.143538305002075,1.653177206882428,1.6123448193816163,2.0670437538325994,1.8761102462289692,1.990777394895944,2.5776668435694146,2.4927466882771188,2.4151149096180524,2.4384300673797363,2.3580456548417867,2.6891548230570583,2.489463006546389,2.4075503317891367,2.0921519194589657,2.0591167076653702,2.4645134020861827,2.5975190317189356,2.1410530396107177,2.136780873178666,1.708571157982627,1.8003526292825982,2.085201287596524,1.7591614452118716,1.8684086668656237,1.719094699126514,2.1802281655345,2.7299367085199737,2.564226247334325,2.8632604116747116,2.6216386851728966,2.6110776598931937,2.4766229042433583,2.5965276487239803,1.6876109054980741,1.8231906829486466,2.3774978125129653,2.488592866778309,2.4566688082934234,2.4637099886500025,2.95386511312309,2.5994421202296625,2.4366766920326848,2.1622510338750422,1.4367011446748852,2.333783892737697,2.604465749871388,2.593085590522623,1.691569600791886,1.8929663812345991,1.7087396943561217,1.8776424168697234,2.0067813121965408,2.2475894691360745,2.2351843738818684,1.9706710083682522,2.0505731946265415,2.0302775474048396,2.541106071817594,1.862394963772992,2.0037048365672616,1.9377252466346384,2.4101144165728803,2.3862855106036576,2.414784174400499,2.4954162374286875,2.3821176900996406,2.6720662695944024,2.5642042216307512,2.012045167690554,1.8129590801617084,2.248746611469956,1.9408873316363697,1.8673978212361888,2.1680164765457337,2.400141158468619,2.27198418435392,2.466759514403702,1.766179733951558,1.9995206895851836,2.2651453576960003,2.328915893567784,2.2729209417396605,2.6935982873084794,2.14463026978207,2.17019562622258,2.521510769481087,2.4194020149702147,2.5864324450603458,2.533479261363118,2.428027639654957,2.568269235598811,1.9770149386502904,1.72279261297445,1.9322356874744375,2.6754809105489374,2.45848940480097,2.3920708582867185,2.6105387699116758,2.467435893308066,1.5496173581105441,2.7107952233164414,2.7453550667048163,2.3201574863383208,2.159893403954411,2.031671637765187,2.292322318339324,1.497787214768974,1.605966615294363,2.017988499744112,1.8900005796205017,1.9656771219172073,2.2802059589483155,2.3835523107822008,1.9615285869859203
2003 Q3,2.5536349035505292,2.2011320815682316,2.2908889525729546,2.0495947046176184,1.9997001753312178,2.0050247497683884,2.101918821411057,2.283967495662257,2.314098597490193,2.45000791512787,2.4081573261050933,1.5255626620871583,1.568004603608561,1.9169794004265868,1.8274945229449437,1.6757835396138525,2.6532270648477083,2.539185310765662,2.500809918150121,1.7978062588456691,1.844467555467279,2.876446016795973,2.5290722222859916,2.6258142048972815,2.611152448945706,2.6254276382154056,1.9896802818859598,1.750479668037695,2.046546530616835,2.384290516090323,2.2076968105011776,1.7212734904071714,1.718164512990241,2.1585479367494136,1.9848875001987143,2.091957996736576,2.574439614075534,2.539975283429228,2.413043671979004,2.488486607081928,2.402388635102232,2.7037526058631065,2.508146659223931,2.4832826708500013,2.1869187838266058,2.1284206862155486,2.519666325948556,2.591908745726802,2.2517843431655793,2.2073384909950917,1.807084041492856,1.9434082575979965,2.184634310654054,1.8444341478926463,1.9316027197134025,1.8263110289255586,2.2620464055455924,2.7410540784333834,2.570885045002868,2.82404232910493,2.635712967247748,2.646396145958049,2.532368714770861,2.680824443528748,1.7757041820612471,1.8858749798803185,2.408242075583082,2.481361653654071,2.4532601683969992,2.4738947481580262,2.91533161585267,2.6472980862847364,2.4672926459353715,2.2254463365013066,1.5271590990220376,2.3756093498720054,2.6153588984679415,2.595669240423718,1.768324990202161,1.9938939008788477,1.7976042434753783,1.9861559410184233,2.131286114951907,2.3245124254034737,2.3463494042649256,2.0213525878617995,2.141741112645805,2.0955534635196726,2.5979640526852323,1.9187431627603206,2.1086345081790423,2.021610307634318,2.4217069401102953,2.411594678329221,2.4560361583268517,2.528933468163712,2.423332063194279,2.685396776978287,2.555788432895157,2.132950999219109,1.9219645909201226,2.3003522034978423,2.0550930182154254,1.9983637847068247,2.215252201485237,2.4549649201860335,2.3064115624940786,2.4921364672058592,1.8637982685839831,2.114605493763253,2.3417020654036027,2.3656188716428055,2.244756553946055,2.7225591289236513,2.200470338002525,2.230757406168109,2.512332963890676,2.508053795962745,2.65590482692526,2.5323546942466226,2.4529055894693603,2.6435613316460875,2.0449656920956816,1.8399877946852516,2.0839209892101223,2.7067470923355614,2.5045745850984535,2.4185311225218062,2.6061547051959,2.5323640420611473,1.654854347824791,2.7131748264022213,2.748801447033013,2.348977302968027,2.24045116472399,2.0833589209996015,2.3944205944640835,1.62325984229201,1.6519180794938884,2.10240476382268,1.972977757745817,2.0149215241185163,2.3037772059925623,2.3694461762273873,2.122596036692066
2003 Q4,2.5966979961575434,2.298069615877155,2.3720574957762044,2.1267900680634004,2.0839291803102924,2.1101795597813466,2.2058966917958704,2.362571465126704,2.3249661886410906,2.5016033011793453,2.4733376071225255,1.6204294481166424,1.6540097395233486,2.0189458934427784,1.940945783255866,1.7780806612149342,2.7352563740272635,2.619280118951821,2.5637812397910533,1.8983867365102134,1.9058933470861217,2.915272082440433,2.5860468268767303,2.674741650883117,2.6385309814197107,2.667852038102695,2.09760030183185,1.8363126568515107,2.1731290048625262,2.463178660407308,2.270970404442434,1.8472874532139234,1.8305165651414927,2.2347459220260655,2.085948753751461,2.1750380303521673,2.6410196398689343,2.5911176665401374,2.4652441125067375,2.5396983613862996,2.460529685124989,2.738662461133167,2.550042422350544,2.568495116342359,2.2578853440093565,2.206887171358736,2.5783504657824086,2.682896642318159,2.3344854568002598,2.2986366093262807,1.9229322694460145,2.0362386514163995,2.274469531873831,1.9788030992342507,2.0500122626799313,1.8991980917817668,2.3345462331027242,2.8118977680119004,2.6228621065055218,2.870898267892455,2.7057383036972382,2.7150877876007122,2.5998570707691955,2.782188608115426,1.8715823996828278,2.0031348529105446,2.4742778136672063,2.5131273206998808,2.51149697114766,2.49916694368632,2.971533883138524,2.692497542656709,2.5070859119079443,2.30550471712929,1.577381701615684,2.4246089274232583,2.6662190127904917,2.654468594157086,1.9318793608405553,2.0807788881411753,1.9080041782982777,2.09215403340404,2.191316066208623,2.393077445587381,2.405159202636782,2.157414739351166,2.298311104751318,2.1753060816736176,2.620442186334638,2.030150173332203,2.185046741618078,2.1158129030591355,2.50660048595938,2.481511632861555,2.499710484396798,2.583459628592536,2.5008618314252167,2.713688064357944,2.5509223363004625,2.2163026315331997,2.016065938375462,2.35934773375997,2.151536294305752,2.0920713434241085,2.266285046978433,2.502963285988719,2.383898894843071,2.554575202981607,1.9855878492924965,2.1939967074381004,2.4420605560504267,2.4225130492352145,2.2818008666574263,2.760271319136698,2.294900030201183,2.3027232451480684,2.576722197757598,2.5470040380391836,2.7505958484332207,2.5851799819220633,2.5494909842517197,2.695186759658835,2.137423574631207,1.9811357204880802,2.1699872660646564,2.739985091061688,2.5519065824977134,2.493350329320039,2.6682800720683373,2.6435284954714793,1.769197374478081,2.752183566391204,2.784368759770929,2.3798566461252633,2.3517374545090335,2.152597453937841,2.4657249838994892,1.7448960290838793,1.7658567898669792,2.19613367779317,2.056912672541346,2.131648817776735,2.395943197715583,2.405818005069201,2.274154786375007
2004 Q1,2.642327241276792,2.3214430688382857,2.4405039986948838,2.159968366360195,2.1510899780264294,2.1593550890707296,2.263598650976748,2.3884161192163686,2.414903820698536,2.565339677528954,2.562801226532337,1.6610472441226691,1.7706481632250013,2.092649940111654,2.0204873507106047,1.8349612964420452,2.801549300458794,2.6776758879743294,2.6297173152041915,1.9593306367796821,1.9542492184188482,3.014639902137346,2.647117193858761,2.734647196163215,2.700500263229907,2.733673809423741,2.2228266298539054,1.9357011443297059,2.2291199221825,2.507371929940455,2.3476740215824092,1.935659093734978,1.9190402971292735,2.3180254541195473,2.19370473283802,2.2564189015035794,2.7064379067874618,2.643485374426704,2.510854587427719,2.5823017284902168,2.5097847309685046,2.7993236262581482,2.6014088961081963,2.6458326114062425,2.3315999222622756,2.2696249983356607,2.637995008072026,2.7147817925622513,2.3918636862835734,2.3426834306668707,1.9856026284415902,2.1227942424311017,2.342085556983573,2.061310515445432,2.144269084315067,2.0062652546251143,2.4119717133900465,2.8763594974188837,2.6266809826576174,2.9048487801053375,2.7090449073962266,2.7528260314007373,2.6741732040600135,2.8876107384686267,1.9687254391507683,2.129332434792391,2.5321257840306406,2.557886653281324,2.5368614285171724,2.554702204226195,3.0513983887378595,2.7384721379232095,2.545727985170184,2.3798372044312606,1.6698922037846122,2.504881798345082,2.7083349710839437,2.7167053595821367,2.087636195981778,2.1232680264526977,2.009440820502084,2.149806710588811,2.2778663791068876,2.452007740285285,2.4647738175286347,2.2049089681285636,2.4678349556748347,2.236094523074148,2.679793889620564,2.0456549681331797,2.2660463479431407,2.196632184250566,2.5602219072665053,2.5340251768649327,2.557222913121294,2.6266957008614806,2.542311820132115,2.779487145116198,2.6251069363636006,2.293326061925554,2.0560322955754886,2.396822039040493,2.2183448600388846,2.175169915693633,2.2920942498915173,2.5716324170837543,2.4339715252697407,2.5822337837473923,2.1068904951787237,2.300151272073718,2.4886686467453547,2.5197918528972774,2.3290699904757766,2.801385383995455,2.338732995150745,2.338488089130528,2.629766692375876,2.631341864947685,2.851197400055465,2.6310746522284987,2.568528953010427,2.7230864694809025,2.2407780956680265,2.1216792789378194,2.282341364567416,2.774042241045639,2.6075404823508013,2.542266827749315,2.7087253361530714,2.693384174086517,1.8661000909080692,2.8283398688472183,2.818502455752138,2.4444946692468625,2.403375469686376,2.231944019375013,2.544897322101551,1.8127691305386469,1.846329226315825,2.249782807901594,2.1080307671249154,2.187188962608282,2.4456668326486266,2.4306923727887675,2.3561401589000015
2004 Q2,2.7355282932595912,2.4282544912323742,2.5209581707644704,2.279856579687864,2.251677314284788,2.2495921989084984,2.3852623803899013,2.5147560825821604,2.525546772323781,2.6796178243123454,2.673612475506516,1.836974690060762,1.9402381654548297,2.273120895967595,2.1480907964414637,1.9841132087956128,2.88385351272662,2.7733863260969627,2.681456406843966,2.1302357865350614,2.158821204649843,3.1008514855721208,2.7280471203255168,2.8356846180394735,2.7704108383634334,2.8274105242231085,2.3748829977189896,2.1466379128994237,2.3963075416175523,2.601518885645705,2.4700978385871744,2.0997686681341494,2.050411519370965,2.4437202628751242,2.391003132711485,2.4424613731309925,2.776163919073638,2.7310758055201565,2.5764573088084948,2.7011696505752254,2.618713162963763,2.86381715714084,2.650242352090895,2.7675980496799077,2.49123101823101,2.410405270446143,2.7162293588782274,2.790729628143946,2.5131310182601214,2.50382369775312,2.2073930916134463,2.2956483321476386,2.46870199706215,2.2468360641354694,2.2845958964714925,2.161985592855134,2.5155570563677845,2.94140062683914,2.7284571240115008,2.9667887353024875,2.8117780812941606,2.8389604928726095,2.812652791961485,3.028995337922674,2.1110899160581096,2.280824112869161,2.653270663913724,2.61734604226626,2.629507835563248,2.6185910165193143,3.112415232583994,2.8108869765699684,2.621508929572309,2.5059293059572454,1.8348185016164047,2.6009551546454097,2.782629579523632,2.7765229294835385,2.266440345595335,2.296946329508077,2.177177928573719,2.325685914601511,2.431286733521436,2.5770980317003285,2.624306705423604,2.412197478611741,2.514816185030805,2.344684169509236,2.765231197419235,2.1796369839814194,2.372871802090264,2.326594980438102,2.6488927670592255,2.6428560146402718,2.655614905425791,2.731088420753128,2.6258533413657643,2.8739533439575227,2.7129690503268553,2.454118723024887,2.2539587056250547,2.5052865070950356,2.3443562751659957,2.3034149091962672,2.3647488169634028,2.65593434119092,2.5694948590036595,2.657494108430832,2.2508490090844204,2.4246534692567425,2.594240678080577,2.6199389139221267,2.381765851460407,2.8924670509825563,2.454580825006893,2.549801591685868,2.7191377576087525,2.7015827356523276,2.963401380622422,2.749921555856545,2.636114339681841,2.8336817350210035,2.4304542829805484,2.326528817876764,2.5160503631041276,2.8841042160235384,2.665112607851951,2.638087535348945,2.8291825822506804,2.851009139142969,2.051245217591262,2.935439218622334,2.9550298493431257,2.535207984625088,2.5054781725228974,2.3303643670710166,2.690611272030611,2.0063410762532823,1.9839646087515859,2.4006823059577838,2.2524014998129456,2.256462462102287,2.6581892611993934,2.527302945147173,2.618046708363344
2004 Q3,2.7987164228278654,2.499050108921665,2.6182629629426013,2.3901065519135147,2.3847752379443823,2.3462441342160982,2.488400144545249,2.590887732963687,2.587137097295366,2.7768319194030937,2.773628784224401,1.9330314660624324,2.0657069523904235,2.3748522283145146,2.2648937698208034,2.1181916541141526,2.9632960937180455,2.8480856612070706,2.7366715357806943,2.2671816500836215,2.295512673695687,3.2058939404864186,2.805789331326959,2.903916639014267,2.8410148233846315,2.9457925024850984,2.4722734095457795,2.3164525781256566,2.5303817688475583,2.6894767273270386,2.5877665992460153,2.2589544267814814,2.192534053603953,2.558991347563007,2.554895723721161,2.5556588507594746,2.8553672101890086,2.8074188253598757,2.6869326096929855,2.7967524921837823,2.7269219961780164,2.942276842991548,2.7351209655111894,2.872940874925439,2.5846260349320764,2.469783565098032,2.789643719644233,2.860029483849413,2.637771325541019,2.6024670762387383,2.3029645209299368,2.4036123954517525,2.5688604804922104,2.3741889143944253,2.4056851362840055,2.283367799865527,2.6303711273709367,3.0224825016672465,2.807806775218289,3.078288597016342,2.8831753861363913,2.870859227506332,2.9151580198911544,3.158656588476509,2.282045657075452,2.383501199796799,2.735536275122458,2.691550939505156,2.67297719445283,2.6891094143965226,3.1648445845030535,2.8817907349305516,2.682550830053581,2.6221981370511918,1.9480008303577447,2.7108281687462554,2.887629187532094,2.84513361949078,2.415007868857529,2.454716056245537,2.2949079183363854,2.4482358408624245,2.591428019974512,2.68264212829384,2.7278476211293348,2.4872215034954546,2.844018870192625,2.4498355793586346,2.860060069508934,2.289346252072476,2.5092157711395062,2.434111651152949,2.734000345583793,2.7002434462354414,2.7281332725675016,2.8192950366177114,2.725153891016261,2.9312290609703266,2.7777768014237014,2.568930882932938,2.3673763496258835,2.6014426542428883,2.477949536111642,2.4620218392739335,2.4801356914965194,2.7484770074274185,2.65786788793119,2.724763957746426,2.43336674873398,2.519870407524288,2.7188470431588496,2.7182485350592147,2.461758310458373,2.957231873870853,2.574565623630267,2.705404410701053,2.783697104836118,2.782323906506596,3.0602741726087643,2.8198098422631412,2.765862032386102,2.9163051129206496,2.528119391090468,2.5169355271701557,2.6752967537222925,2.959188572706605,2.7477736331198117,2.715526850211378,2.8735028272052485,2.8958172640799136,2.168272452732559,3.014373337353591,3.0477813464489545,2.587220891509071,2.6389129307332655,2.4692297922342084,2.808078104699871,2.1932536938864957,2.1780155235784404,2.535470782109464,2.347953275102627,2.35778773507327,2.7085922690664788,2.585820703724897,2.8620079731709045
2004 Q4,2.8465248017854776,2.5643717854568377,2.6710883626196367,2.436096910543418,2.4516005677344066,2.454083896900666,2.548025690442285,2.6606966578005173,2.625832180813287,2.813217056596353,2.811775489070656,2.0457159992510885,2.123016336862059,2.428862730464799,2.3396058262240493,2.1938761495753356,2.9865513068982077,2.889691753275388,2.789680989352828,2.372648772648053,2.370939267588369,3.2655454403894666,2.8578611759045134,2.949820455624051,2.874673667613602,2.985061692806703,2.5372634989345837,2.3225358790130906,2.581196964317986,2.7222347923454326,2.6585520586004114,2.3590836277865908,2.2642858817318845,2.636486423603216,2.5919310345190536,2.6183305393400897,2.9138662437307454,2.885162649330779,2.708639873923074,2.851075822069896,2.766905004786469,2.970552833484626,2.7352338715262667,2.9527982751776323,2.667134401600526,2.546761050336409,2.834941484660169,2.91545009833862,2.6615833371975324,2.6495086240546915,2.4529859082988485,2.5348458466054415,2.6354660885637964,2.4435667208431338,2.4669838526466035,2.3210736984707605,2.6821045907115146,3.1171124421090206,2.8476311229954234,3.153035107828177,2.8943662247906516,2.908147240572445,2.9574169586522947,3.2004835148416166,2.3063293717960627,2.4342031973269544,2.7697892106062967,2.7102744639561633,2.7042059249706245,2.716387799873875,3.2728755461395194,2.9088510843026794,2.717581993548735,2.6530177302697875,1.968312791936968,2.7713432293265776,2.9222361097496514,2.858854045750214,2.463160082087308,2.556636254733777,2.412382455289855,2.5662150286479384,2.5834207041533936,2.7196966944311503,2.7700757603187873,2.5872958982042156,2.8724539516983945,2.522915698100253,2.8687678045342113,2.3330691339723684,2.5944356221862526,2.4917090180822434,2.776417634037516,2.764776265042884,2.7601070279681177,2.8578621961222197,2.754771700488889,2.9989087120487214,2.784737586388333,2.639229228209138,2.444053806026016,2.62659008837919,2.5294513151117446,2.487724320243694,2.528867582176077,2.802409153683759,2.7235675890440145,2.7672758830107878,2.5271189155441327,2.5945741580081894,2.7167504398562805,2.7324948054700733,2.4442729242030996,2.9823198227366654,2.6013190601455953,2.7574428286698938,2.853385429435157,2.801964640425607,3.15954033797678,2.855104158410908,2.843998122896832,2.981345317626639,2.5666522672638723,2.3996492356224084,2.7818373313955744,2.9621066084538454,2.815525833808869,2.768267007553197,2.8981542178717605,2.9621609207824067,2.2299583228384177,3.01677648828485,3.058551120588769,2.575195198978488,2.7008679955601407,2.4900601311395363,2.82433433985746,2.219628994915007,2.237033803308222,2.6140576413622867,2.4298825666855572,2.457344308741897,2.789098688670428,2.6574954626675247,2.769248483488764
2005 Q1,2.8227093029930233,2.604867940905637,2.6788205883077403,2.446669246902132,2.428380705428411,2.4542300545121902,2.5605974444720845,2.63848152344999,2.618656010920308,2.8107995404875252,2.8096240541873523,2.030160722533738,2.110997346686623,2.505349102711426,2.3564148462189984,2.210794794837493,2.9510039394452643,2.9092403004208913,2.7571995504046907,2.346164307151528,2.3921894118282054,3.223495338110717,2.8698826632886427,2.9485417619581735,2.8708113513090052,2.9601297561148496,2.552657355855887,2.3913875106752114,2.570576710490189,2.6931137679085535,2.679612080907484,2.3174350907523027,2.310056946779575,2.6262244996016295,2.5321997629768576,2.6247902641369656,2.8842118169025985,2.8354933397289415,2.6992391257157307,2.8333948552913135,2.7718711225580437,2.980226201033966,2.729047156838267,2.9500140208107553,2.5988295909275387,2.5607954670663418,2.833371817332267,2.931797872239422,2.701037313074519,2.6560713126784603,2.436081709696259,2.563954009145107,2.6392904150862293,2.486775830153222,2.4761465038274384,2.351539541830961,2.6848863416520374,3.0903596063232324,2.8462068278758696,3.16145603735449,2.8932925289718203,2.849308795129769,2.9585084290698975,3.179455849486742,2.298290833371215,2.418611187015854,2.7998718692079203,2.6969842786409326,2.66246343285963,2.7029534063009817,3.3010742700774975,2.88946874430918,2.7185358033641704,2.638473519580564,2.02292328094538,2.7571765174351466,2.9016939605783616,2.8422544638471416,2.445174524779862,2.5208729450429384,2.445438068686239,2.510602261626213,2.69947203919074,2.7099262536719424,2.6922576114394663,2.602799633128935,2.8535277056533825,2.5145373502940647,2.91400401752107,2.366566906585893,2.5754335891180555,2.522347327328,2.7647077324942377,2.7455069273994956,2.7532352322267326,2.8831357371469273,2.7723609824689066,2.958907371153928,2.7585632359475056,2.5931774216909655,2.4569579713724896,2.589560615967082,2.4911620347239167,2.524874811886333,2.5638796960515977,2.797139836567926,2.701981193245442,2.752402850040219,2.5128632712419625,2.6240993203258345,2.7644607504850454,2.727039266624891,2.4299681927361956,2.952782441955836,2.6064697725745374,2.725210421428515,2.8373663793314496,2.7916016096274476,3.1997447803541563,2.83860146981204,2.8490321559070915,2.9622859035295344,2.571187081677214,2.4443524596622095,2.7373940500911105,2.984486309648733,2.7956843525139923,2.7627053226326104,2.8667339544552584,2.9763636981402013,2.2284840742008676,2.9854004785114894,3.0483177936370205,2.535830489717898,2.6987446819817564,2.502277342081825,2.832599145015578,2.227831857495224,2.129887184733924,2.6224389946961404,2.4333439162908626,2.4407928306422493,2.7233733785543457,2.5856584491583026,2.9453369912251715
2005 Q2,2.851810655713556,2.5940403579472187,2.7157069072356035,2.482800196540836,2.49696159547668,2.5010563229070035,2.6151112557362124,2.7101903239380913,2.6829428416249517,2.8338607269892924,2.843738025151046,2.1371861301898143,2.295672481759516,2.5135390899812315,2.434246497090958,2.292873921587538,3.0077714964374467,2.9536838304702058,2.8140848175672137,2.4291098276489405,2.4232517221058782,3.266904298393239,2.876359216908053,2.9607753485480255,2.885204304796696,3.0180287769747927,2.6202878955282416,2.425964757314705,2.6127056878786274,2.755105337450014,2.6957033917953455,2.406686261492175,2.3425040045153462,2.656026753673735,2.6147250868523777,2.6896124581611947,2.9383556438085017,2.9009345092804013,2.726337896974345,2.8584320445926714,2.807963058436227,2.9997691899132395,2.7779014234843515,2.9954014079138727,2.675431314495499,2.6128957194435696,2.8463460731446184,2.985150543728285,2.727324122870076,2.706248723633383,2.4848603077751426,2.5368592951313356,2.7190445773336482,2.5658210373706916,2.50784700469267,2.3715698783442245,2.717618009661301,3.0991473330490207,2.8311251597562546,3.173252591416997,2.9283966343465035,2.9066495775138232,3.0026069383754193,3.243397776926309,2.3482877687608346,2.4806768869296434,2.833404029091593,2.721411901266113,2.6920806912152027,2.725838873345906,3.249874933023497,2.9184724396051647,2.7292214293394075,2.706729308196408,2.0600480780238026,2.8211701487047507,2.918905436314202,2.8626763795051486,2.5635592814135046,2.624655517833858,2.4546854026805374,2.581085039950593,2.6844971197632033,2.771662263122333,2.7649534069742914,2.6281074197606005,2.9414428103406016,2.564387702894263,2.9292179529742444,2.415923793328197,2.6587404456970862,2.598599746175777,2.8007245305289397,2.8090144125094723,2.7802972331373366,2.8675515033941292,2.831866238822647,2.9574856821219107,2.8181746916905768,2.6730947658293918,2.5231530440660745,2.6446715168438892,2.5354531338590394,2.596017821091101,2.515758464068285,2.828699166575963,2.770653529375675,2.8023902366445586,2.5645802196594127,2.6799764991229207,2.8017950532560265,2.779312383434213,2.4989668647178247,3.0184708276637258,2.654900118790236,2.8013434145911766,2.8682527219601135,2.834483467431489,3.2585906591045886,2.8425759783774103,2.8887189291059334,2.976652743689202,2.649816533045164,2.4583535017311275,2.7858067030599623,3.0185737221202618,2.8512623917466837,2.792428500213738,2.9213058052426772,3.0124801217370436,2.325896668182629,3.063370941730498,3.074939213955459,2.6135778879143823,2.7366156937522077,2.5353422484946804,2.868224930963426,2.309095746177288,2.285065924641718,2.6425099331816595,2.521977095946596,2.522596095810618,2.8414534744643776,2.618639181950295,2.955044621501209
2005 Q3,2.8546447480479338,2.6323791761233846,2.731510504320596,2.5311297122959258,2.4949250049392804,2.545118157333101,2.6455759214171852,2.72333669302873,2.6939583685813258,2.870221221688917,2.8658773498034087,2.2009119865686073,2.2146679785662413,2.5212294614253903,2.471838820047406,2.3266772490164853,3.024453265802877,2.9999456260771367,2.8172619917874258,2.4704644915044263,2.4871628795441443,3.342103354515442,2.90896082997312,3.0041073351214225,2.8898817835418815,3.0324889726699693,2.6315562026842803,2.5069555215532,2.672990423889526,2.752353198187627,2.702006044274326,2.441176677016033,2.38911734565871,2.6808515628116334,2.6543691910939344,2.764060739250008,2.9677678100258595,2.916313681160889,2.7642372270170363,2.8861605577992684,2.828714295603119,3.0134574117170776,2.7928020930584077,2.9935295791275105,2.7285859040593223,2.6347349539184624,2.9093715000160305,2.9618682331164967,2.7377871939076805,2.7343066308428927,2.503550606090198,2.5193176290018426,2.7482722959712187,2.5833939574957925,2.528005797006041,2.4149368613251263,2.7245962749385377,3.134950174133979,2.8520824384395556,3.197583507884545,2.9581962007494638,2.8962628154188383,3.0134575272717816,3.265331214995696,2.4051773975444326,2.4920169420945766,2.8559583563418056,2.729254166230398,2.684975449231464,2.7112044787417013,3.2956982100537493,2.930704349479482,2.765286274100704,2.7549306755167473,2.146815145415505,2.8401919710493213,2.9133258597204663,2.8860000294609054,2.5370739717062905,2.6322386917233085,2.489803381405236,2.576250455644355,2.7509668716655935,2.764840634790586,2.808634348633803,2.7307438922013545,3.021550563424538,2.5822781990583072,2.9584971053123135,2.450030770876159,2.6789548555158467,2.6318773357823466,2.8543227764342873,2.8339509262099902,2.78828147503079,2.8910446410371544,2.856525782383225,3.0225202591424933,2.8434478070472426,2.6928716172729876,2.5955107109777504,2.684289070443977,2.560468141397364,2.618724074047995,2.5437352840467047,2.8546123587461776,2.7680287424940437,2.8006222366484903,2.6123148706737314,2.684884676233562,2.8423755577665006,2.8214682343712725,2.5062721925891243,3.003159164891309,2.658347344696293,2.829360266961302,2.8410300416174645,2.858260969279551,3.250745409787213,2.8607911681947233,2.887575683553516,3.0096213054984045,2.6607003339987414,2.563911202084494,2.857613018223449,3.055659597418027,2.8588112235447114,2.8131900618600847,2.9441617365771005,3.0175173683532726,2.3750300267198314,3.079416916000556,3.1242684938751095,2.6398651814202734,2.7726455718530403,2.5712683765510236,2.8937461250807694,2.3387603371471974,2.3147758749852034,2.6208630903398755,2.5333474731659553,2.5477009743857333,2.7991436236438445,2.6143742254246845,2.9980697970467842
2005 Q4,2.881242497298405,2.6487597298895613,2.747464470612897,2.5449137726718285,2.5856156932384975,2.514005244734765,2.657818294034384,2.743224269324594,2.7527277769272445,2.898098330239051,2.8859872127238675,2.247381519483492,2.323084856350254,2.5548707713468426,2.4899475146427203,2.3822480861497533,3.037158792454483,3.004231166060343,2.8276648977253442,2.5223464167937864,2.512427773969883,3.357372350649038,2.9437906555990434,3.021370197233568,2.897489116921465,3.100404859967734,2.647295979593665,2.5510875580495647,2.701347437243902,2.800997614373285,2.7081005532589053,2.438577638751089,2.4183647437341755,2.6982312026724613,2.7159771869595435,2.763612296412661,2.979649873107145,2.9520077008435583,2.778293923456716,2.9428409075751754,2.8543856428267533,3.0386157590124045,2.8221915207173223,3.0116334766921864,2.7521945492197495,2.6722888421667528,2.9033730525147985,2.9833633288004777,2.7814330777676224,2.76081701611226,2.5662539467175103,2.5270731947706153,2.765324729243447,2.6166203007424693,2.5488580779546464,2.4207494093310893,2.748024891623182,3.177967411616356,2.9269494581909066,3.294772919704504,2.9679705911848733,2.917727567660706,3.053197995611705,3.2919979070162064,2.417448802946731,2.5458579211682335,2.895604427442655,2.7487894447731303,2.695234286931147,2.74823509762519,3.302128904716192,2.942811728996996,2.7658721271872944,2.751658074970557,2.1573366363481115,2.843839292386522,2.9416594347613385,2.932598276781585,2.582306708610031,2.641817128128033,2.5056119405653305,2.5999137059122783,2.8097326320234597,2.7837628928678937,2.7905398114876308,2.6856942645274344,3.0297111424990644,2.614669029500518,2.981197740101424,2.5020792358492123,2.701536705607157,2.6807278781885664,2.853113180928295,2.8419790430865564,2.8355831101434026,2.9130324743901914,2.8534579762575856,3.081703415148155,2.892999539782905,2.6987744904235353,2.549957906309746,2.671934316065933,2.583237489431859,2.6683095863727235,2.5836368979102122,2.8851576711383506,2.8058904178309914,2.8434931255287568,2.649228983320226,2.6968138776310107,2.8755150546755717,2.839315878166727,2.5191204418051876,3.058441516860184,2.7115996143956336,2.8403506838704202,2.840045969494775,2.865411553545661,3.300820440977102,2.884970788325209,2.8878855374727355,3.016081070196936,2.7024369019988495,2.564061831077415,2.8817652388762127,3.111180966264152,2.865100557671535,2.840414089723026,2.9272141198888444,3.070713832023468,2.390979013749081,3.115901446801446,3.1288366968150783,2.6557615797748495,2.804665290285195,2.598336339064889,2.935528755173005,2.4195889969872013,2.347043684524459,2.706419197044097,2.563113701432861,2.593832937895024,2.8463042684636335,2.6325173759220206,2.972364347788137
2006 Q1,2.9028907598920872,2.681231281430737,2.7823646225950758,2.5555955700772097,2.511105093036203,2.5199109146983223,2.6897619135490562,2.7662006743787857,2.7746091270229947,2.9202053789948788,2.926650252784775,2.313543299597466,2.332015304647063,2.5811796763792905,2.5216968797692285,2.403880020860656,3.0724552689381883,3.0215589208892406,2.846398943882488,2.5327996506721178,2.501598454439216,3.4032334628512833,2.9388026290882348,3.02915673698897,2.9134511723537413,3.0909707986976724,2.72572972295713,2.5643783389563968,2.7063387871534488,2.843121808575605,2.729025807625913,2.4918829955677677,2.4042699491209207,2.755088562938327,2.7218467647576983,2.786082837832591,2.9984823568145047,2.9687713865580116,2.7817353257630466,2.939806311481072,2.867598132679651,3.055839902562753,2.8103181034426243,3.0584819699157952,2.758392310870849,2.6465924136633014,2.9393231389482133,3.047700902938961,2.8125730306226084,2.77316781596354,2.576360156948777,2.568166395112068,2.8104255383206973,2.654689604033645,2.5708586291464295,2.4226539011106967,2.7741997424817515,3.2029403375713725,2.982733452715954,3.3114338571068167,2.9739049762580168,2.9448201762681583,3.0719350914667123,3.3266430142710237,2.485015919836407,2.5676128774996965,2.9284975122277794,2.780934092740836,2.7337271637170315,2.7857981527369593,3.3451294775204086,2.954624392487565,2.795318436750463,2.8112458848068185,2.1828012510069588,2.8827350453593157,2.970610229171697,2.9173672522297567,2.566423927719848,2.6246845806461736,2.4970322250119183,2.6267857402447046,2.8051331045369907,2.8004394490239766,2.8595500471347584,2.70063006170573,3.154488206653945,2.6664215069697987,2.994281574804485,2.5185212987780425,2.7295969916189162,2.7166314965799607,2.875587636838902,2.8595576954785833,2.854181215894113,2.9390628286747464,2.899548602016244,3.134698271145541,2.9495959710839954,2.7221139676883572,2.5961249300731963,2.6903291730358068,2.624195709620562,2.7059493475761793,2.6113422495500815,2.894065075879676,2.8199727769102285,2.8705527112902876,2.651532115094308,2.739504006206298,2.889728590780766,2.846511442721449,2.5666887192406502,3.047071641640459,2.7235585208542954,2.8956695608023977,2.8785931292738174,2.907724238746324,3.349886823100136,2.880055918779854,2.8919438275536886,3.018981661229267,2.729695169365305,2.591710944036703,2.949076228919212,3.123042190975107,2.8804633315160437,2.8390466295598817,2.9081482444717923,3.0746314821931824,2.380208208964752,3.1597463114505664,3.1828482377750023,2.713969802507045,2.829251960777286,2.6249782296313393,2.936773409447479,2.3853321938920606,2.343358016465578,2.69993334000205,2.584452593721881,2.6028966157429743,2.8334983139791787,2.63555232080388,3.0591706680432176
2006 Q2,2.957009431005752,2.724301409146426,2.820336388306387,2.6414245313082048,2.629939075984037,2.594223644838889,2.7547563077169204,2.8115282606289345,2.781241880582264,3.0005991350208183,2.9923977601806815,2.3866130908734817,2.427944806574059,2.6239041310537727,2.5917623913009167,2.492945969790579,3.117017165632535,3.0939450644806423,2.9104122748400285,2.6056944619819955,2.5984705941176043,3.4910604303626362,3.0072861004244005,3.095785849989143,2.9901049233804855,3.2381089057184314,2.775327830202343,2.6679496791564317,2.770988732475752,2.9119083090883455,2.7873136648207852,2.53387079068414,2.4884028065518984,2.7727035046192072,2.7810496991439706,2.829118694735368,3.068113360729569,3.007309529818322,2.845583230769616,2.996151326713856,2.9460161427285776,3.0995508507590914,2.895448701850849,3.1263646976034556,2.826482056438929,2.714685644708424,3.0206601904910464,3.072825743494149,2.8809697591148002,2.861667287408475,2.609721677540122,2.6135509951612343,2.87777534563269,2.6958979616200627,2.635081088644157,2.500223534594146,2.8419817644416474,3.2495949707679124,3.0263539501622465,3.407358242525697,3.033917835698862,3.008579473539533,3.151429533299617,3.394958743356226,2.4955764960573075,2.6138997690854544,3.011108698501884,2.868221126701422,2.796939370203831,2.8317826173225074,3.408592295653579,3.0055076103146314,2.8597475547092195,2.8615877893104953,2.248456551131945,2.945830454879999,3.0441882095167045,3.025192768997743,2.651049426143017,2.7181316021217774,2.5519508862238776,2.728186518322214,2.838197161909433,2.8749162716661627,2.9039893843680344,2.819296986471348,3.1466762893825306,2.7214561419942465,3.0493594192430757,2.595142295815667,2.7854321509751667,2.7529721174057187,2.9356665732691347,2.9014627591886706,2.9209509985555404,3.0359640402040373,2.9585769797565526,3.2160356789387206,3.0185165916883645,2.785031186090063,2.637766275755692,2.759840579170421,2.6735793182331746,2.733271942076967,2.616247868393857,2.940733902547353,2.87520354077122,2.942135497370174,2.7598366526844336,2.7847110087938436,2.971270162893211,2.9600151657083007,2.694250262389023,3.122335428296277,2.829031601359538,2.9583883925166017,2.941096247657279,2.9466400248983753,3.4158470719785163,2.9438640286804074,2.957793678664462,3.0734299311311455,2.7995785015683228,2.635958970801714,3.003265882878202,3.2285576092550436,2.96119875449418,2.9296904524334075,2.9733261894169423,3.1850165687595187,2.4561101874272855,3.275836006928969,3.2988962650079254,2.8365871592662937,2.892262586688641,2.696910030514804,3.0057907561132895,2.4619097030012846,2.4166748282382793,2.7133361054741814,2.615073016709745,2.6551229299595174,2.9123346730841737,2.729347256384635,3.089894740817911
2006 Q3,3.0245524950671823,2.7579050707400143,2.871268536003608,2.6724713944231735,2.6729392292592697,2.6178934248145667,2.7917854042242314,2.8464392903751694,2.798005428045738,3.0754262766614846,3.058305591405591,2.437672053691314,2.475706768462091,2.6803667632478043,2.625209425465004,2.5374539762439285,3.1658180545861083,3.1618608694623753,2.9700880636191966,2.6356410680451705,2.6486208440908072,3.6312732413774254,3.082715684536856,3.1800732304919914,3.053987552587363,3.2925478407816917,2.8328317958464466,2.72160244098258,2.8231288969742203,2.9675704101249796,2.837989704475869,2.573538219561918,2.544707939186611,2.8258317315527797,2.8109719617662696,2.929503772607262,3.117344722668646,3.080570973495742,2.8862185524993023,3.0311101503785487,3.0135713567805062,3.1770370801220182,2.945692484187734,3.1767808147736774,2.8689250022859505,2.7704546948371327,3.034460613900568,3.1605372454407847,2.8977859876029397,2.890673527083157,2.637229227379023,2.6550767746971973,2.9224121126584377,2.7212464113241235,2.6807266527807894,2.556677997342557,2.8894555787093985,3.3325770700288277,3.1263266174815882,3.4718453217614007,3.077316301544806,3.0899272622384184,3.2123406922846733,3.4697717191937274,2.5390521958807315,2.6811820484104643,3.0629725001899075,2.906129883914242,2.8804817609937325,2.882715621898996,3.4876680131210414,3.062414282496054,2.917269324335465,2.9321311348073533,2.289398639657557,3.0202286008092694,3.1208304876310264,3.119724508074337,2.6704089440641567,2.7599755831639783,2.58453885154715,2.7371332099803554,2.954073780240821,2.907592559571951,2.9786957373558556,2.8367255356264525,3.197357774987375,2.7514213282544255,3.137105359241511,2.6165940083924712,2.81775399373321,2.772762762019469,2.9954241600707707,2.968316450759598,2.979014505373297,3.0945219591224404,2.9652706329451153,3.3473433032985005,3.1294766227848236,2.81742166894351,2.6979455925825486,2.781917029778332,2.6883119883836244,2.797029531685627,2.6382764331122455,3.022550716549418,2.9388326238175004,2.9819111004892096,2.785654268701653,2.840200371165433,3.0261349401500417,3.044525344230857,2.797746352867472,3.227482596581607,2.871875353915309,3.0094337551046464,2.976451813836028,2.991280029240306,3.432453600781047,3.0037342317347666,2.9692825973820725,3.1332493003937465,2.8953238125701897,2.7168320327032207,3.0308830633052346,3.3421739235197294,3.007392377204931,2.96108112335634,3.040909420681688,3.2547333080834404,2.5080022182169226,3.4304848676968667,3.444600896359756,2.962154271845132,2.970556769322065,2.728450896120321,3.058185105173798,2.4824667132089773,2.450255243418752,2.742764255110899,2.6877876358382444,2.705018218891941,2.971109022814419,2.739832900040391,3.169990775148669
2006 Q4,3.0820754056420903,2.8015857987492283,2.9333786412324647,2.687707075939309,2.696561344505943,2.688644958353247,2.8150261977864774,2.897632075838774,2.856666266418605,3.1798356343305527,3.107927678907747,2.5190531497842255,2.516758611585989,2.7331736154684765,2.7053342454892966,2.598663585076629,3.2427205986905725,3.2291115954205414,3.0344899138933354,2.702238922148812,2.7009286576784794,3.7463573231326213,3.147388013991533,3.260910635858618,3.1445283706149567,3.422569754438925,2.8630778253371267,2.773984375173456,2.87503128808621,3.0511019157790282,2.895539554321064,2.6156936048260233,2.6108915937042982,2.875879878716984,2.8733287186972616,2.9628689909606436,3.1949609884735515,3.1458643451151036,2.950113768615716,3.1129199760751973,3.0938033097520794,3.222082138186698,3.0162213132023914,3.235558699850092,2.9145046338442735,2.828872019355575,3.115295629149087,3.184228900200972,2.9734633985234242,2.9459573870839186,2.6913979968912187,2.65039140359124,2.982664678277492,2.77236334328614,2.732458657699751,2.5967865228295484,2.9421801414639193,3.405981236805348,3.223710665456265,3.5955769382351854,3.142593122240051,3.1675287536349197,3.270573558162212,3.5457973685251947,2.5912129404688415,2.7288263850608927,3.1287439655592144,2.980556046513318,2.946071765981819,2.9554833609739415,3.6005906334592734,3.146771137996026,2.992890686183716,3.002766215872309,2.3938335756969185,3.095258404033073,3.216062488855872,3.1856140401591846,2.718919986545657,2.8001180532843297,2.6472862846444674,2.7770188783400833,2.966254090576205,2.9748965736995445,2.9971850202324735,2.888788271670042,3.2543734294796223,2.811138750137805,3.203764524508963,2.7069158841368783,2.881379613744028,2.845558242385028,3.037604711365122,3.016421536598029,3.0052336100096135,3.1677307757750524,3.060079819402831,3.4703923378220543,3.2402812139908472,2.857177310484763,2.7272690336878704,2.8029270792632976,2.748027768034654,2.845146454982237,2.6486355822114866,3.070584520012624,3.0052726056292838,3.0608558461045536,2.8375260899063064,2.924420505168983,3.0982929801386208,3.1008221630032486,2.851957210648886,3.388982197266432,2.917579827971015,3.087061344143654,3.046521456474587,3.0666223394484584,3.487292481880401,3.0672479138103657,3.0194470030382545,3.224679175208986,2.940848894613143,2.7135846717827334,3.1330145262884175,3.4357323623418914,3.0883792358223374,3.0197569527152472,3.082194051457144,3.2887599796591873,2.549048895245291,3.55261296048458,3.5654415309319054,3.0754298314026003,2.9970070030776514,2.774423103317492,3.125123463446944,2.581566228187369,2.5113521361260793,2.805204626154406,2.750523170864251,2.7743167339588224,3.023832711509906,2.8245401218707586,3.2405946904342002
2007 Q1,3.148146739498847,2.826639901370306,2.9535654461345806,2.7348623077326417,2.7056695285615913,2.689931714306542,2.8512784910998543,2.934585773457596,2.903402843641979,3.2405442705747207,3.1703178006023887,2.556517629704937,2.56713291803919,2.7649589515042674,2.7466446597131466,2.6455010053094092,3.2986452686220042,3.2976001939426647,3.0930513225470375,2.710676149909325,2.7425812993461665,3.8597449615587682,3.193145929497311,3.33171405385585,3.2327225328736624,3.51138331033151,2.887021135365676,2.8364503650058657,2.885728117868365,3.1112977263440262,2.8854881618567507,2.624345707893012,2.6784937303387464,2.9119781575606978,2.8982325565029936,2.966547379398092,3.2608792708884513,3.174383317006554,2.9997304153704474,3.134621313807304,3.1357800349560976,3.268290615377073,3.075611446060028,3.3054941664776165,2.954302971604422,2.8550219164637074,3.1437850333520507,3.269849688151342,3.00685633655233,2.983131041723494,2.7357122792401705,2.678439915386448,3.019904446523352,2.7697956575698024,2.775644541990594,2.6437662499281664,2.9663372740649137,3.5404305369068862,3.375063568517139,3.6666220462926153,3.2056423156408598,3.2372990788291616,3.326473477326128,3.601964191763542,2.6350117678830656,2.74447608753041,3.1850244967698047,3.0392622942577385,2.9889594780282813,3.036158762929445,3.696820904082071,3.204187282953605,3.064331093151582,3.0110522058778213,2.4085220843423643,3.1493504891106037,3.326116638494754,3.316563257145565,2.7741051329999453,2.857202241180054,2.6489105322172777,2.830721880949287,2.9825945057819676,2.999254754282094,3.047205896567105,2.9408600988457585,3.3061798401007696,2.8589725723578314,3.246978090192218,2.7101818734281578,2.92207619563667,2.885035334727766,3.0895910682529157,3.085888853755203,3.086809714797567,3.21436858293609,3.096693569125812,3.5997063722200817,3.3862451324335843,2.8901869563873697,2.726171280605713,2.8196996066076303,2.7586434529007575,2.875254748826319,2.6527404370559675,3.112068038772994,3.0360372079369533,3.1296822234321513,2.896492125672528,2.9367075050769076,3.1238103397564942,3.168834565622812,2.964007228973568,3.433777587829982,2.9726035237793904,3.15099083943963,3.089162758950764,3.11328005416691,3.563710676979841,3.1158512078567187,3.0402864157487937,3.2879950866945475,2.977857906101298,2.79103004738984,3.201061433166532,3.507514085522988,3.1275382799787024,3.066869216400676,3.13107982778534,3.3366009706668045,2.58395906673477,3.7018220221145484,3.6872778192415803,3.2281387581789835,3.0435809074821916,2.8516297150509984,3.1548105033578584,2.602848012771662,2.534969061629519,2.8298341093241457,2.7821779758378935,2.7845389105006992,3.0896772867139157,2.85274320705629,3.31129248163645
2007 Q2,3.2480086478210857,2.8779150865333465,3.0169571101866297,2.7883818219904906,2.7632454455816267,2.753967437467469,2.921309964011924,2.9807393730405667,2.9185961369859568,3.3341546617856057,3.234718476411952,2.620503972040986,2.6528240324076937,2.8287796743752773,2.7633834396143055,2.7138603651754507,3.35797585439009,3.361358465179079,3.176361042890105,2.7770307775640446,2.817882350041304,4.002181436903073,3.2863141304459167,3.444313396933264,3.2964103079074913,3.5942914747424877,2.9730323817740647,2.9078188169432493,2.982380232045673,3.1899691558982703,2.9594924174011976,2.666395116864988,2.710955951054314,2.9544280601275013,2.9736136341302974,3.0595268085834966,3.3295796544587066,3.2582921623181673,3.098767967406546,3.2137710498372942,3.2120402557293075,3.412396357358906,3.1629838343656536,3.37455319668964,3.0296789381880154,2.895038614423158,3.2271486545752817,3.368844839688985,3.0634058406691476,3.017728277195981,2.765753223850868,2.7496040977503573,3.094355755371071,2.8424396671404932,2.8119789896670686,2.6942075851428284,3.0218827691545656,3.5984267427261916,3.5247286173653967,3.797256059717048,3.30859134726635,3.3781473555197734,3.3993793618011976,3.6896540654955166,2.651796382310351,2.829958506635937,3.2737667077265282,3.157577781962541,3.079655373210929,3.129476582053942,3.8374463762264788,3.3037252897947953,3.1677391153640553,3.1064852357705615,2.484221223908953,3.2435534362016734,3.457326098564716,3.4936035345965353,2.7958795593573273,2.876767052394998,2.7217040300898403,2.9000531560739478,3.074523749305095,3.060414290287442,3.096352890967767,2.9636330855400277,3.3978448418021694,2.92726978089445,3.3492928336176435,2.749938433731142,2.9733536038648127,2.9519749749451893,3.1689344160057225,3.10825057665911,3.176385980556823,3.300845704281457,3.1857467734753184,3.8306925219433903,3.6196841568396527,2.969818997641714,2.837829088466125,2.863477929972665,2.799670936949675,2.938714335632308,2.7036666585549654,3.1749559717207925,3.1181035710333953,3.239636128659808,2.94648002354067,2.9655875016089697,3.222944119660454,3.2743337948276245,3.1952223377867504,3.5570692486616857,3.029531364882926,3.2206895284101313,3.1902786406027523,3.177275637379359,3.671428601065165,3.22966252190252,3.1083559302841097,3.425771005147882,3.0861460444184803,2.8431465748999654,3.2095928357460877,3.706414802127061,3.199485241958792,3.1233472180579587,3.2093444356778065,3.4524471600315745,2.647637974194689,3.9207049819053887,3.884273396181645,3.4698848261348982,3.131054013135609,2.8985119506317782,3.2162738619401026,2.6249427948562234,2.578019917885674,2.8926978381675923,2.850303073765698,2.838164831320372,3.165305705426125,2.9268808904709966,3.4196990717804647
2007 Q3,3.318784889479399,2.875244870760536,3.0597865831315625,2.8222871530281846,2.771528551659233,2.782163222111303,2.929171573059363,3.0067102810847857,2.955895524791773,3.391555103060052,3.301304142871675,2.6733562186462025,2.7233286691373753,2.8655434069057586,2.8120095168663615,2.7400277556263894,3.4387550491121996,3.421646396475306,3.2521233978979303,2.8147214743987012,2.86119694588382,4.115036565767314,3.3724706157119098,3.5276180228171277,3.43007393364682,3.6848223516271466,3.0437617397248746,2.988160012941541,2.9668439203311783,3.2580349272367473,2.9977204770359247,2.730176622317767,2.7401231484699315,2.988087542141677,2.9952511511931017,3.1176991926442663,3.3996130237635227,3.3418371253343957,3.188757899790129,3.270145601800259,3.275316855070896,3.506677295345904,3.2659527116047498,3.421427128063142,3.067146239147497,2.947308405918874,3.3163039384906945,3.435836852344899,3.1137041089672737,3.0663975895175293,2.8118371911663798,2.759000528521346,3.118559172325199,2.860061277982613,2.8421180610448076,2.7658499433988415,3.0716031553031056,3.7464988437987046,3.663150048941521,3.9064397717112853,3.451309462768341,3.466633330463621,3.4636303416783005,3.73855958380112,2.688398453210279,2.858878157274763,3.297525136717134,3.2535890448342233,3.156430551421044,3.2037495699990357,4.023937486641149,3.385616627908507,3.2251455100531063,3.1660956521430657,2.4890915892780705,3.301458395627371,3.6228477821273217,3.588419712953644,2.853364107117865,2.9201729940886967,2.752103534690349,2.9103604281908297,3.1026295385775535,3.111122560040446,3.1398723652508047,3.0630914055502014,3.4698140763322876,2.965786824595833,3.406143067524945,2.789871091906384,3.016002146956296,2.975493188363625,3.226358065455964,3.1831361979142136,3.2156328084326815,3.3629068312414687,3.23955773045886,3.9873683743694674,3.8283497245217486,2.9878499151287956,2.83633604517371,2.8763020428337707,2.8371338598086377,2.9601438744541504,2.6812173761040277,3.211165879815487,3.17606391847814,3.2932889391339475,2.9883973406184103,3.003388275610001,3.260945017081584,3.3374841111954057,3.3693920111293156,3.698566623247139,3.0374489136142797,3.2580260742998544,3.2425032221651824,3.2359588406496025,3.684804994659293,3.3277728810517058,3.2243345903442973,3.4804239189068,3.137108312914695,2.8907434150511255,3.261995176615272,3.8695297670826685,3.25619925980502,3.1811951093003756,3.2431268034134844,3.4964403592720488,2.689719752845316,4.09877418370946,4.0754286042689,3.6432716811516315,3.1505560543470548,2.961529101065417,3.2856117630350634,2.6276853617901286,2.6372867971567433,2.9262964381966285,2.887406690622409,2.873584434066276,3.209644744872723,2.9664231404412047,3.337317069042377
2007 Q4,3.3580117232411157,2.8957148278051874,3.063945025724898,2.850981181878839,2.8455575183705704,2.7888745649491806,2.962810474748177,3.034032283846984,2.97089676487743,3.4032772136743774,3.3303028978910336,2.6869793426985553,2.6831538154736796,2.8936736111691834,2.8260889988104205,2.75831307098804,3.468507302083968,3.4740286228593047,3.291427068554294,2.8614317514121748,2.88538511833448,4.147966478605983,3.424743304753877,3.5689911546891335,3.489944811502777,3.7133706363269052,3.043383720232333,3.0360637444290357,3.036895788303764,3.2743875051450364,3.0384381051706533,2.7705078000615035,2.7945194811433165,3.0126419397759028,2.988358189836842,3.1070611533110886,3.4382992893921753,3.4016967492261294,3.241672895150235,3.3003004613094284,3.302804734829311,3.5894482109490924,3.3180440496104304,3.4904629254139365,3.0813009958959516,2.9480880700373624,3.3459635642994314,3.5073955219739825,3.128072149782091,3.033265409237149,2.843562235016037,2.7996210833877844,3.1583838263597626,2.882205003956005,2.8727806040993342,2.7696420098563546,3.0666439239898495,3.798906694028501,3.7134610998634123,4.017094836118222,3.4960015487746308,3.552752909653755,3.4748870297840244,3.7698337497723693,2.707320217950351,2.8900268178336717,3.308517714027113,3.2911588372631204,3.201657231335349,3.239158048494266,4.056461837817819,3.4682462890471886,3.2496966594843513,3.1442271742397234,2.5247051722091203,3.3235639112690074,3.6530579262626706,3.638515811290862,2.8072175115044895,2.9046095077141185,2.7826074848204976,2.9429986510614974,3.209669050210971,3.102607585303112,3.1352901220950398,2.9927240028273743,3.4848071625176975,2.9980736084120574,3.4084273939777425,2.7956030569325887,3.040413339895945,3.0006751178182305,3.2681871348403373,3.2262878900495062,3.2846302469272026,3.3937805962156196,3.2685191018264845,4.047587763543663,3.849137820552027,3.0106764122612106,2.818145137512068,2.919922456388918,2.8619639170602067,2.9641621824541873,2.6995266167187553,3.216555055369745,3.191345308492989,3.3061311463922123,3.003683849326174,3.043578906787432,3.2951252357016845,3.3341656702948064,3.4592612441722883,3.7350988138881287,3.0728063247124795,3.2909739285658186,3.232561903389613,3.236169170837144,3.7157116877259804,3.3712771414540996,3.2690046833589963,3.54183630209127,3.139864994462062,2.9201351092763232,3.2950514626135785,3.9541779577226635,3.30355599309043,3.2047340176226635,3.2624075642541053,3.5658532606847206,2.6901310769559568,4.1156408427686495,4.121686285008435,3.7194554814286724,3.1615378521376023,2.9560639842059273,3.2908511836865544,2.706835137613999,2.6605032664946515,2.9397414972699205,2.9226552390345213,2.910334261111233,3.1944112005978567,2.9723807022920994,3.394854084343302
2008 Q1,3.3450502093627423,2.8842599920143117,3.018075983364886,2.782109974248513,2.779603383042433,2.808757701421906,2.918506392642484,2.9811841187548676,2.90896041559619,3.3482448334088937,3.274733113380553,2.656750123464283,2.633201562570521,2.837217553530181,2.790704695500389,2.73451716348777,3.4210761051430683,3.4241114528655414,3.256275205598776,2.831789361100942,2.812253989312436,4.132450528214141,3.4178117447212637,3.554832426278206,3.4740147962440386,3.6298262298159623,3.012131180337091,3.0069421565015073,2.9886890723085426,3.205316177580194,2.9554749314478572,2.7372154681807057,2.7057465237808023,2.9781514557637276,2.9524042572905524,3.0925452051070934,3.4262882819088647,3.425639863462813,3.220725825741297,3.2673584998098075,3.2703640419844238,3.597021215590651,3.3172769133857964,3.4547431962915325,3.0599109512468665,2.9011187282683295,3.3207250492542832,3.5103254534585466,3.0368707030702455,3.010331250758548,2.799954348566048,2.788187007019902,3.100193280326006,2.882059135492277,2.8426099734031975,2.776828230506478,3.0283501091262712,3.7871173993088654,3.705180406227266,4.09499067754563,3.5475246174907986,3.5186153812281273,3.4646483964081223,3.7137475027282085,2.6510037375865645,2.845549901163902,3.27955292730758,3.289782213043324,3.1287632507671232,3.213672387651341,4.093853923792829,3.4586845699173314,3.2409205129521363,3.1008796538350927,2.5329668594079093,3.282784993098073,3.617825248117321,3.6133724430970235,2.8356533521329776,2.9561228295877338,2.7212512355803558,2.9400694981146116,3.097261558632557,3.0544324624386125,3.1053832443265357,2.9709245359812195,3.423032205470435,2.9382155202661804,3.407151975183936,2.8111019510667936,2.979196974339993,2.993835546959457,3.224542394984493,3.206990906295736,3.2476789489069375,3.3684074874708396,3.197249995131982,4.020768716514654,3.829559803224962,2.940104428472459,2.8475474240470686,2.839258998078488,2.7872790649364263,2.9423017778242686,2.645541100902768,3.145484277978079,3.131286266568995,3.276741198416913,2.9543719063134826,3.063722132394287,3.2743668733602065,3.2669835380947516,3.449111267776729,3.75956547066289,3.0305534675353853,3.2503595666123033,3.2276159209282183,3.2071303253321366,3.696560655198328,3.348530424868662,3.2691196887947442,3.5498699462525325,3.120549093466038,2.8191819075875455,3.2638856684082347,3.9099799016215204,3.235681101336063,3.1639407052057145,3.2126049540950388,3.5679229542157045,2.7312630154602875,4.0811115483563185,4.084208229651166,3.626010282845053,3.0706473810884076,2.9369739724724306,3.2502706226297713,2.669909764769614,2.59579131212364,2.8722826307334772,2.8700668664361926,2.877044018934411,3.1382473111455083,2.9242314730849284,3.3938193005105055
2008 Q2,3.3210133929351175,2.8517531409039156,2.990941489259078,2.8196373144555578,2.7880120860353332,2.741084228579518,2.931628881451994,2.947494308949613,2.897129492531205,3.2977584108619027,3.2565749408537785,2.6872402792091172,2.7191578022501535,2.8724753647962022,2.7766631942997257,2.729148278711798,3.3808315927942933,3.3996675579336078,3.217826926222363,2.839846535351224,2.8128378359681285,4.056608204242682,3.3624447107625675,3.503795429026482,3.4525388952932214,3.6047469580926803,3.023480607238718,3.0209115779657685,3.0088936259128642,3.1689731918882824,2.922819233384101,2.718848282959013,2.682488230457538,2.948549118513312,2.984833034025604,3.07936188047875,3.4281771662567926,3.3964364701929752,3.2187930302613115,3.2360824383665374,3.191530633392916,3.556987523165204,3.284645946423553,3.453701897409973,3.0329215492065873,2.9230743463333044,3.3256853297749625,3.497921190034219,3.0381544437829513,2.9972014864941374,2.826193021833497,2.7437781515353876,3.108357239032983,2.8754322893116155,2.858962277673119,2.7781627704740157,3.041562784422558,3.74740851215084,3.7443400179340736,4.154453183283512,3.499731963973241,3.5382609284024102,3.4389317973571494,3.715377188597185,2.6304704613000807,2.841454213218921,3.218108128419403,3.2574809035854626,3.12829981749312,3.18518429922118,4.052886312403223,3.4714218788958733,3.237000659350057,3.0801881005514877,2.5333251084118857,3.2773354744253607,3.6133615609780936,3.6190889954646575,2.7939551138157896,2.9286094391689836,2.7078009220048216,2.9067486659792245,3.037980767211338,3.044829806387736,3.129504288633102,3.0026712405434077,3.400253613290203,2.913705042027641,3.440207997603326,2.7289091022877976,2.9599140611363937,2.9480721152052043,3.238244961038305,3.201561691700925,3.264173887146014,3.3593331980178345,3.195044732868845,3.986562559310277,3.868218029939067,2.9440361404383713,2.8497124130872176,2.818884846071937,2.7929172772933164,2.9669990949879024,2.6583563568311255,3.119681390174894,3.1049949105328287,3.2259941943841697,2.9463639818256406,2.971038644540952,3.259439194196429,3.254092723142545,3.487217767592029,3.696402713767851,2.9834166900736645,3.2364714143757456,3.172020899499591,3.1368596147293006,3.6621525516540725,3.310406753271842,3.240721022333339,3.506760529389942,3.126293830408752,2.8423973092281236,3.2638336170476383,3.9391227961710498,3.219023499673221,3.1382543756289984,3.2050603113766734,3.5092893768397078,2.7417433806012506,4.0222102090642435,4.038878746071312,3.6650495237465606,3.0568245700689887,2.9446354537113377,3.2222725854754,2.677236118150755,2.6588189716000445,2.9132169678449547,2.871889615067577,2.8602940434308577,3.151687489577642,2.8984802427837466,3.3515760500413316
2008 Q3,3.2083531182369613,2.7520818312333413,2.906583900625922,2.6963854345468454,2.6622531286928064,2.6627004636716403,2.8531900403883856,2.878034162766383,2.8095356894815855,3.1540307619520416,3.1094067467027484,2.608102548824745,2.6261065135916573,2.805855852314793,2.718056281768971,2.6950201672264673,3.2440971484408387,3.245201745469292,3.087072878709684,2.7720859311730837,2.716468335808403,3.8525161912370955,3.236198063823192,3.358591415349829,3.3188907510909007,3.449502453014935,2.9507586513525643,2.963266542524397,2.8523346280911026,3.0316177727163085,2.8474873037300297,2.657312264852534,2.613734027335678,2.8569528875966883,2.8590388711583903,2.9242958954917255,3.2850942431528467,3.2621502627428156,3.0780840767003563,3.0759194106303602,3.1069169573221926,3.41529437492617,3.1762974266579964,3.333475445548701,2.8990297784258456,2.85385622835807,3.209622722380766,3.4025872366482046,2.9434602665299088,2.879688521552726,2.7002817878923553,2.6313613756884053,2.9916701037004154,2.773053785513216,2.804361893501681,2.6978518464486,2.9353532173249466,3.5699111509730352,3.5902722371644744,3.9244226534525506,3.379366134542358,3.407573194876733,3.316809064471726,3.5760274618206256,2.531026609564523,2.7636874224823185,3.0761888852149353,3.120848738165812,2.9863966939162236,3.0491042484793605,3.9683440881170293,3.3709174650174187,3.0769979547743773,2.9848356257370514,2.4835164500539553,3.095771202288164,3.4657341438698777,3.445929961222933,2.7629280008793584,2.8160118226453155,2.6337844226370444,2.772322533518145,3.0085242923073676,2.9307431200331733,2.965278892238151,2.8671809580921366,3.3810408387954913,2.814719492558067,3.2939093211562076,2.6755056320126687,2.8758606907630897,2.843508092888558,3.117335741261597,3.0125566816980305,3.1258228310309955,3.1782580996021745,3.0782429240039875,3.8402960382196727,3.7268480504292625,2.8548939970461706,2.715309966100035,2.716498188636747,2.7306582056923028,2.8663093182723025,2.5481842167841857,2.9623044914302725,2.982160398000374,3.168695907352279,2.827282242564843,2.8534800742445494,3.2109101721304802,3.0375950699935657,3.4605419599991327,3.602637760543991,2.9108728245321283,3.061722392984966,3.0714183641460955,3.0119226250424753,3.5839668463889307,3.211331534381744,3.1745362239434347,3.38537524931914,3.027133299883524,2.787220455081119,3.123741405659023,3.8030921826327293,3.121222628720646,3.01964534580814,3.1286518031916297,3.3356875705115696,2.6127099342428823,3.8378135827076507,3.862230454307367,3.527695784736539,2.9755849011176,2.808929092455327,3.128880531874354,2.5573614010432455,2.568881645206106,2.794824221605412,2.7890295139130306,2.842358423676317,3.0142909645670093,2.7295584922957987,3.290632842728726
2008 Q4,3.0326442632272808,2.631152377040586,2.724048747134676,2.649818320939292,2.542325426979417,2.573175908561432,2.724847017216786,2.6885110434665225,2.6788836771611284,2.9430329124764976,2.9693338559157385,2.514496178297246,2.5179872398769683,2.6254036958717464,2.5634934235217512,2.540355175596749,3.0441574576462997,3.0405605646780263,2.922700415841757,2.6687885827793285,2.6216064984274903,3.6140247769265477,3.048061702657415,3.148498640809057,3.1481638511276526,3.209210857813439,2.851314570162688,2.8405829265229117,2.794709911890562,2.872694854497199,2.767158159035162,2.533927660303778,2.5217995499664467,2.7690787831525037,2.718311775918607,2.847871912279601,3.093939682693781,3.057145512486731,2.9084200743831157,2.8610664769187193,2.9200446488075045,3.2140583565202,2.9776046543089207,3.1482019001513533,2.781738220749238,2.7317358047542504,3.012732662687291,3.217857952327378,2.7616277025772074,2.7223392316881174,2.6105392416390747,2.4723031307164263,2.874810590758185,2.764975914325069,2.6759147779635217,2.689596601428982,2.773228949586778,3.3933586431771183,3.379358269465199,3.751094895488465,3.16714187712068,3.2160396220622247,3.164869121135394,3.4418624342505844,2.4850585264812834,2.6551494915510467,2.9314640484281087,2.903211588801949,2.77488167095753,2.8541309646756248,3.834183918590444,3.172937262530181,2.922060711718232,2.8239185843770898,2.3714588723523367,2.965708233693323,3.2491048348532816,3.222826178937387,2.6574865649332158,2.7658611416357752,2.565074881482299,2.7322769550845236,2.911510297636262,2.792882353645298,2.867448801769296,2.787709560393466,3.2317913660228923,2.6537977528212657,2.989643982521498,2.555487391408397,2.7465429715757264,2.7286231842317217,2.8651997319466336,2.891743457495373,3.0097507714519702,3.024663125718237,2.8060946647919134,3.6519524950514723,3.493251762760528,2.7480408058180403,2.646263158186432,2.6341175413343043,2.603748631955402,2.738391769237555,2.3782893653921744,2.799318328161392,2.7931535244401053,2.9917857241116073,2.763205097319443,2.757239859839512,3.015500655888152,2.8896352310820816,3.211793815947649,3.355512578581745,2.759670056184335,2.9387712636459553,2.9048042932170666,2.918035741503752,3.4506110360615834,2.9559783785988634,2.987287058836035,3.236733822679625,2.8950897898620442,2.6484912370236233,3.08938622648167,3.6180977100077607,2.9082118132667008,2.86831379408016,2.9403391321081602,3.222157569456257,2.5525147828496357,3.639991297103902,3.6151306006822526,3.3005251710359653,2.8643222377148976,2.7113483774545455,2.884454693234702,2.5329419287990786,2.408456745633185,2.6014587355807017,2.6674814540868295,2.662105586716359,2.958441934299183,2.5878789141074834,3.206500289005227
2009 Q1,2.879936681125027,2.552839546880864,2.6448815112476924,2.5162239507388353,2.430956061166099,2.3968548949297572,2.6227211186430965,2.575832193650349,2.564411474633827,2.8159414518645787,2.8224760493628094,2.387609384595815,2.5029402846832625,2.530568759764172,2.4844384494251814,2.4088411100391287,2.9293778546197817,2.901473370815674,2.8212249430141285,2.507986544985471,2.498993201407804,3.5122710154909864,2.905633111246125,2.9579384465154854,3.0148402073837497,3.092864806714994,2.7904509315825843,2.8108282119815606,2.7207104958696897,2.7684479889901774,2.6596399204461685,2.4053868265386336,2.455995624700056,2.6508461658273674,2.6166021298006377,2.6441392170285773,2.9422962027119977,3.001222143662745,2.7387372385494833,2.7352733143235346,2.793841009069571,3.0709964635790703,2.870030985708195,2.94061642263857,2.6115392586138313,2.6102739155029213,2.8456853126328694,3.062101345407659,2.5924772613938116,2.644012908412194,2.5279750880697653,2.4347963470410416,2.754161073243777,2.6465087515007144,2.569045848492884,2.477793632594939,2.6482862137838388,3.2404190718290535,3.321871129912171,3.7247858348413514,3.042071355269429,3.1334705048205356,3.013900076294641,3.3184773029244408,2.4234130710753155,2.549061472459427,2.794167504236301,2.824608727106893,2.6778332532313236,2.736634977197781,3.672960401903629,3.0371709750369154,2.77736270114681,2.700146134572689,2.2084959099768606,2.77694012287714,3.0537182355066723,3.0484399168795444,2.5390220749501475,2.607335656235157,2.399664971456297,2.5829652451156266,2.854454323309541,2.650585906050342,2.7375897083611735,2.6514964527683507,3.148401017356285,2.6003942160911095,2.7797637429534943,2.4579642476238743,2.590917495121043,2.579754473239416,2.719239918201838,2.7188449488479,2.8409371115728947,2.9178076422922694,2.776000799959006,3.5510738845156338,3.3948286434177977,2.6046329317348804,2.5465916992528532,2.5039081080555174,2.5392551723388612,2.644267440575387,2.2676747719080512,2.693237760567946,2.673043459057167,2.8437741704358483,2.6463817839142862,2.6035663940167204,2.9554171522301753,2.7601136905230583,3.075133832402005,3.1942057590917883,2.5482500890184268,2.7665299695267263,2.758545078023332,2.737722595549139,3.2420204161589448,2.7673569458362417,2.846486812816276,3.061457139144162,2.7492604348031557,2.547727263429738,2.9196184759875026,3.3380959984269394,2.7825753630562526,2.76737012392732,2.7915461220479676,3.071430000075062,2.4295709699317265,3.498009551219304,3.4783412866235293,3.1820494678911384,2.8173632062884635,2.5951106214697535,2.8303546183309103,2.4302561446155115,2.3444879468378184,2.546673434107409,2.60173340596589,2.5518915556393438,2.790293958257392,2.477122113447938,3.0991541612778413
2009 Q2,2.8936858795869416,2.477498546867465,2.627189464173046,2.5369528529114573,2.404425293814704,2.4557381973064527,2.6137080335633756,2.5970033180839196,2.5196380771072513,2.8591379608039755,2.8527063158108796,2.3651270238882787,2.406989912978782,2.5569329464510058,2.4384839698939302,2.404360055244586,2.9022536652308935,2.955888021778371,2.820968572239352,2.510654807287525,2.4673725029825526,3.514521460304563,2.9239207489758132,2.9769376433069694,2.9837495790949724,3.113814850259162,2.7720404223209565,2.800249272023551,2.705487886605739,2.7874617978147254,2.6026204219341875,2.402209510444211,2.4107988128970677,2.640164244764697,2.6245002812775247,2.7440868377341854,2.9881325836248487,2.9444688090698605,2.8142973214383136,2.742442735505062,2.7904852146492867,2.9887313179399366,2.8447335274494807,2.9573473539725526,2.6607514318951413,2.601742159720997,2.830828173305471,3.003820868459359,2.6964974566865036,2.6666821421924105,2.5128492799372983,2.5285551554726915,2.7793227716381734,2.5612947939301867,2.543162606274789,2.516287384534352,2.6806986910524317,3.2446715288461463,3.465323158101606,3.5066470228619684,3.0185363943094607,3.109838495211346,3.0562555600005776,3.3242535758747813,2.3092506229905934,2.5759392057362795,2.8007196617263563,2.8053662551276486,2.716641832281574,2.7795806804063905,3.5153665447435567,2.947084850740142,2.8125618161775447,2.7584139935470935,2.268106682607595,2.8080548240216916,3.043600184052147,3.120043417702625,2.46395092587893,2.5547723516848166,2.360152717043979,2.657615665562304,2.8222920790035486,2.6688513133323712,2.7308228354205824,2.714184873448532,3.184701765359593,2.5954666260112864,2.797696269076327,2.45924362599591,2.6649810242080285,2.5633846711010015,2.7121837729945475,2.740568168198098,2.8821666770734233,2.8261436913483804,2.7539776046115008,3.549900782933508,3.418696910282167,2.6124297610740617,2.6473058125839626,2.5102229309320796,2.4973043102920105,2.581613739342294,2.310420491439403,2.694606221869774,2.6210492939587464,2.90253705997298,2.630518232609535,2.642395222107636,2.9309391990425357,2.7858040441947165,3.2501132376384185,3.183877833245398,2.5509673111637716,2.8085582867281165,2.749938904465439,2.772378871524038,3.231465064179009,2.8565496555841565,2.7590402377537653,2.9997078715969794,2.69882640447104,2.5812038579942524,3.015906415568131,3.436718956413029,2.7976310577930716,2.759051913080223,2.814406739126034,3.006439321950222,2.3877970147914533,3.5148739014805357,3.5184916824155588,3.266748996451012,2.7911575336400154,2.5685628885629623,2.8896503133337803,2.387522374586533,2.3149401304954638,2.5664283770423197,2.5608905164553,2.4941169049677985,2.830814258687554,2.4646174257149296,3.15428117169262
2009 Q3,2.986488404237719,2.5433341953980007,2.6862617720846296,2.547511235866939,2.4659384224139465,2.4369639187220313,2.64758458802684,2.6553163703495155,2.63764546985814,2.957020354075732,2.922565045537044,2.374400393717435,2.4503863485556385,2.6054094003450188,2.500562451664268,2.461057325574806,3.0033204040775203,3.044034770667695,2.9289144119473223,2.537267311796322,2.5003428006464956,3.701684510834885,2.9911346622763744,3.092082687270747,3.062892599026043,3.253097984109909,2.7894180399036954,2.839625912839318,2.7650724138741203,2.8644340319080177,2.686583726299297,2.4693080463844197,2.471137809517245,2.6758027192566076,2.6406284625953815,2.739892288993508,3.0780358610065996,2.994766421787943,2.8784190164977947,2.8388030922279888,2.8660467983055904,3.041162888949901,2.934994486596482,3.0744417267340953,2.706655350138433,2.6235499165090292,2.9002212711632898,3.098263028660647,2.774169466516083,2.696900149179382,2.4693050243406516,2.440066119643818,2.8103973967224207,2.5757607346167037,2.5736528288907667,2.4972742347818366,2.7264898906619237,3.3496975246478544,3.5097681217659034,3.6382158708132537,3.1360521381806907,3.254416816267588,3.1553209138017437,3.405334472880625,2.341902746798884,2.5688066486400594,2.8610599322856043,2.935824012225619,2.7942721007742217,2.85713194305924,3.573464148343755,3.086617291367907,2.8710821662112416,2.8214085465361083,2.2576401801918364,2.888916282021865,3.182189114544933,3.2421880754833228,2.497249962622336,2.6468062653606323,2.3879304994052,2.6824099934584074,2.893080211457253,2.747060720130579,2.7368560789729286,2.7867522276844934,3.1998622271602684,2.6013880784898555,2.8877863512453565,2.5180769917305694,2.690705533236965,2.6001950611897664,2.785903308300729,2.803928214410659,2.951724083434731,2.919378392962881,2.7822642868823153,3.6618011975435087,3.601260950105794,2.65669691689835,2.48815464504825,2.5719120936291255,2.5574549422238,2.6275084558707955,2.405126041329555,2.7725261691894834,2.6832187626961934,2.9945430395478567,2.655176170254283,2.7048957497163086,3.010646389261946,2.8650751343205143,3.343528985046189,3.3446839420202408,2.6289248014676385,2.926050410776746,2.8512851683260556,2.8569949265503976,3.3233034179034053,2.951269000991333,2.788785855387255,3.0468151729413324,2.7785028490849233,2.6080553702644615,3.010526993387567,3.5572389699825524,2.8608406990700765,2.8406356115311424,2.906200626255107,3.1016282931729577,2.4493821671596523,3.6895045776310935,3.6615520954271292,3.4358494904954267,2.7865557771650176,2.594481135419256,2.8581534074961445,2.388042334594828,2.3124545769077143,2.571075293675302,2.5508150865020855,2.6004421860605316,2.9378795928517336,2.5320397613104033,3.16138521086419
2009 Q4,3.0872225670471174,2.565689944184269,2.741950364519437,2.595460233288488,2.502632643104787,2.4696387633205936,2.67766706468297,2.72180262295976,2.669895074157712,3.017800992862838,2.9859064661420596,2.425070923474752,2.462973085822059,2.6356238351588472,2.5434981303289383,2.4391432316329187,3.081768035304796,3.1642747066049113,3.0178409525985797,2.601319474895975,2.525437579132034,3.870050233449023,3.070651365081051,3.179899247391793,3.2096247929189308,3.3422498179112483,2.8639219201449233,2.8995728509917225,2.792460059869351,2.9297501439646876,2.725745449525426,2.5483327946195478,2.5041915127809578,2.764580922597,2.6723328966255684,2.794859831741423,3.1479693171226515,3.0629452081982538,2.9741435610535474,2.9053037227538723,2.938453913246135,3.1964159580631057,3.0219368342813104,3.1194710682164,2.726950792451285,2.697850406686066,2.9460324955856945,3.187257546632361,2.8125027653617214,2.7732532207066503,2.5160695899577714,2.512043453532669,2.8797903191725647,2.6452322945803664,2.606795495547823,2.5407170645426334,2.745548364827978,3.4608786340910664,3.535507742517159,3.7542220872961387,3.2209157033305775,3.3357617631886947,3.2211506853887917,3.4588804825612884,2.3416433173268048,2.6628767991993025,2.953657125957876,3.0405222533778504,2.8782281162059116,2.937293541907892,3.8241307997521328,3.19504165070498,2.9701477365657127,2.8663863592822048,2.2713432386285417,2.9343281942909636,3.298288556569748,3.391964460914015,2.4853153111992654,2.6330643235714586,2.433832808975034,2.7174962535873597,2.970977446048632,2.772925651936136,2.8710995631331175,2.7914117885301892,3.2939479327220202,2.6322733671941414,2.9963003553037635,2.5342560487536554,2.7119942224854094,2.682244489359724,2.8907444379498277,2.908569952134878,3.0181656982848986,3.039178615075834,2.8863708578726803,3.7784069693928175,3.7352501324328835,2.6886345802462785,2.499804893226135,2.648584461018253,2.56098875572943,2.6816747294570877,2.3830852214912372,2.855391238521643,2.760395264523519,3.0768650835690887,2.682716767721799,2.709587803267037,3.0001794987576638,2.947123734834085,3.5030656551892068,3.4711617931835423,2.7091374807854463,2.9848446289206447,2.9454385808847743,2.964325562530549,3.360947617016288,3.0410635692100514,2.8534911068828768,3.134133152037865,2.8124805251280245,2.63277282570602,3.02380647997273,3.6445530609810897,2.9315114153886443,2.916607440391265,2.9854418215226186,3.201181984545844,2.4327935327431867,3.8376819710152876,3.826745372432628,3.578967167680874,2.8884474936904434,2.6054902755226457,2.942808846092404,2.4775926926356244,2.3689356547699276,2.6428342609189235,2.628795088034794,2.5902918601853004,2.986047407273584,2.6254800183638656,3.093676907273703
2010 Q1,3.1435588953706715,2.6210270549369286,2.7450468725621917,2.588553366327039,2.568840903199408,2.503204647249605,2.6872992956948236,2.7731213353841695,2.758844145118806,3.0937045643284566,3.0300559216189282,2.3729029679197073,2.4856356887092135,2.632769761928231,2.546366182919979,2.503035260825059,3.165355510618845,3.177054191462424,3.0582007228164474,2.560285219062117,2.5032083773866662,3.985790509207863,3.097350930060886,3.260504297720448,3.2395935873066786,3.4241657055769656,2.903637362703792,2.8659669050410055,2.7445051654889814,3.005277736195417,2.7498621795169003,2.483319847865789,2.4803478210145067,2.769235219005915,2.7258907010716227,2.785232036742095,3.239872397998523,3.1099240132627055,3.0171139325333023,2.946897620074703,2.986691102307075,3.2675042651242445,3.1202260874245584,3.173449592662786,2.7824064213331283,2.679451019820327,2.982909455423696,3.2414292405568434,2.794685772239001,2.755239008909534,2.4958652886491874,2.5200462823828813,2.8746563543813637,2.6093013292308704,2.6177545444585064,2.5448209979011804,2.7520883360984727,3.6075940653588012,3.5967019813976004,3.831703307039762,3.2743903041003923,3.41344219541044,3.2529515838847853,3.4766428511963756,2.3449444588336776,2.6671034264820044,2.966397346025169,3.10925139644061,2.955712606109836,2.99297852765612,3.959921529368705,3.2454275846601903,3.0239064562198745,2.908102414822913,2.2850581152258576,2.9938105244176363,3.4095494967260462,3.452207282850018,2.4606467317310026,2.6393767331541995,2.455339720197305,2.711348604542631,2.9056776603527714,2.8227515886275745,2.835974485306294,2.7615662995245778,3.223689758467216,2.644809783072416,3.0641525705136847,2.5442641937288353,2.7572705957650085,2.6513837290696114,2.9007566282947432,2.929522180466729,3.0708304507029385,3.0664492469760534,2.9219283221332244,3.900068453396375,3.9179708874605432,2.6861791100467363,2.5125111796371113,2.6818094312100285,2.5834721771435887,2.719415602701402,2.4436136806283826,2.892801265676026,2.763835210496308,3.111468407753809,2.6664452434670713,2.7610686241928275,3.0553249417855923,2.986072435281071,3.5697515606366514,3.53996032873884,2.720400465482087,3.0651968717572284,3.022581501857774,2.939727179189143,3.4347968662141692,3.1214413633502103,2.9017024100747277,3.1744223911555003,2.8348527139337674,2.6653447603154055,3.0817734993720287,3.7387252718665684,2.9476738618129725,2.9345245978562797,3.0609486777889505,3.274748321891285,2.452924189300686,3.9314185728430484,3.923550936555974,3.685631958818122,2.9231030537199065,2.7068725052984473,2.9763796383562116,2.4059844051717807,2.384749666774478,2.6406596537805243,2.6267318691206736,2.594278793200375,3.040522870867669,2.691065248659501,3.1710761763674715
2010 Q2,3.2121920374015045,2.6290784632017776,2.8020217067459203,2.6422546936682894,2.544871962904833,2.4722010984926577,2.7392785888744857,2.7988224209313666,2.7655578484702823,3.1302868893729596,3.0481330378501115,2.404137381843378,2.475084591432738,2.6422766445462273,2.548521476565811,2.4761296905604144,3.186856835080035,3.242255343707754,3.129922448606209,2.620692030913836,2.5198329257855634,4.089021573705578,3.169249977360228,3.287689782704128,3.3003887367130393,3.4639024408699095,2.9103714887162484,2.9333712687694877,2.8020482125579504,3.0367508091201576,2.7765764820394416,2.560051560184284,2.5712308645873803,2.7904432339014624,2.6912661918307603,2.7860325363797456,3.251278242709457,3.178929665350415,3.0781155488790666,3.005241525313664,3.0344964872124587,3.2484295067046216,3.153643710399906,3.211493799267737,2.8113937623050256,2.714439249279447,2.9980606893783546,3.297088896050527,2.844140554008942,2.811844342967202,2.501798407606602,2.5380987207693586,2.9155752703738282,2.637183797142212,2.6410700979846404,2.5577353350718957,2.8017959417788982,3.5588549285126914,3.5932061646468405,3.990669340066534,3.3303819148920155,3.4680691788141917,3.323157004560326,3.520932893646171,2.355947181166615,2.6697647601612085,3.043872174069884,3.175075684895536,2.971212011922164,3.032636154922503,3.9685173068220077,3.3183812170189464,3.0642731566794903,2.8973405025778414,2.3170985424430772,3.02519073291402,3.4629412941684667,3.539991152089177,2.5116085118341784,2.62597385340479,2.464464062229735,2.7489982177950516,2.9514622314113756,2.8339920087356565,2.930125331334095,2.7668312726981834,3.3032842122500363,2.6943814700595645,3.09419836811977,2.5978426879953873,2.762586171383294,2.6923195486889946,2.9879016549271027,2.985566802937907,3.121896421941368,3.1398973419487906,3.018730016527695,4.001113401356106,3.9621194218598617,2.7049565773267195,2.5801671283494843,2.7219020460837617,2.59994313426814,2.73447226156451,2.4307256493085334,2.906900218435893,2.8109756923676135,3.185353286861298,2.714417127639474,2.7851926150857076,3.081272860194565,3.0297507654333,3.6294368657409515,3.5891035017113317,2.757489423616707,3.0440967821236153,3.0188700004732576,2.988109863229681,3.417548686137035,3.163041622009158,2.9306148802207073,3.240889503029481,2.851717327699583,2.6614276882549484,3.0785204414814045,3.8283267136930497,3.0540670387354356,2.9745547632322826,3.0866082741846674,3.279252225781998,2.4357715943969978,3.9901580772078344,4.002872751187729,3.7994198937292234,2.9415400979723563,2.6754994527017897,2.9746579514951157,2.4086663827776955,2.399355254142334,2.6859732869598814,2.5715675075927855,2.5924790830272815,3.07691848171523,2.6858460253884,3.1908082906140365
2010 Q3,3.2619652872961202,2.66874830507843,2.8101130910764547,2.6469541361928965,2.504073279760064,2.484542012493372,2.729448070443265,2.814890370135413,2.8201573566082456,3.162240690099553,3.070414072821755,2.3857156982196908,2.4906892613981264,2.6862586459001085,2.5691525219354565,2.5130166442024255,3.228656762444226,3.269319398102888,3.1540585745933125,2.599315747888245,2.5472727735885443,4.080337848324461,3.1790903125593255,3.3421197487712764,3.32485733591166,3.4883548359194236,2.899022700725059,2.8870436670127604,2.817095184839233,3.0710310644182344,2.8083435622172197,2.5273971502693056,2.545968523846507,2.7910309624079637,2.689186785643177,2.86715532210613,3.30321277201641,3.2077845491264436,3.1223487448912173,3.003674587450287,3.062122495798547,3.3324183948405555,3.204067995430257,3.2572312877721004,2.8287135384011735,2.734939994008279,3.044869285197695,3.3473861561270137,2.8423961536256996,2.825052632220765,2.5267742059446054,2.554938976879332,2.926065745308102,2.636399970615183,2.6539994816967036,2.583342718442995,2.788552491076736,3.633743847316024,3.612950921507534,3.9778154323036836,3.3591868853045748,3.5460295913375823,3.3380816559933884,3.5653085766835817,2.358849337527524,2.67869476790263,3.0711851125669023,3.2035338501067376,3.0013535060151604,3.0679683396395996,4.1143895478608314,3.394364703593951,3.121533019988553,2.914282470585662,2.3748709136830435,3.0250392312410703,3.502199911368414,3.6097192358867605,2.579016268558225,2.659083774874244,2.438808367951108,2.728883957666514,2.996874878127376,2.859682627743605,2.973719650535484,2.7636834205939773,3.348081496547492,2.704570732048039,3.0979191865810187,2.510199016603442,2.7827043835814664,2.722184781861357,2.9628428612992472,3.024593838938741,3.1661752812625017,3.133361195879295,2.9724320901044248,4.074762663819176,4.108938853379352,2.7179934695858137,2.5243308568101255,2.7288116293039693,2.617771041544959,2.7270670967283914,2.422602677373974,2.9456506653890746,2.811690148785349,3.225782707970447,2.719113781789805,2.8061790942476637,3.1033754505308924,3.0546476277377885,3.69362070202007,3.654245348992204,2.730005881240028,3.046315326783416,3.085264598109685,2.9867642421201017,3.470432197111467,3.1933404777039223,2.983111954055235,3.276623763503216,2.855204130932761,2.7286163475739995,3.086466319229677,3.8931378442501585,3.04613615353713,3.0037767580649803,3.049278509648054,3.293230175340729,2.455419904626303,4.082128226729342,4.070153386582616,3.8715502884995634,2.933133263893532,2.691408282545854,3.010696709993962,2.421799037352281,2.4015670189300597,2.6645607431051825,2.5846521232952644,2.6322446142152867,3.107327803129548,2.6823387214463117,3.227293941204476
2010 Q4,3.2426294899579835,2.6541513933195433,2.7766579211783027,2.6387450579627267,2.5154331282373423,2.481516676666667,2.7216432702856364,2.8047406970851116,2.770222891055806,3.1342936190095494,3.0403712411587756,2.401592772400088,2.4551371131203314,2.628051155144646,2.5159601407904706,2.4396956062852655,3.1805894510945256,3.2151260877956345,3.1530772822271826,2.6177788875118413,2.5245387927749117,4.024254762412408,3.1821208580837115,3.3044487472182977,3.3412186767531797,3.43204948839122,2.9008791586493454,2.8998626465163677,2.740917380713597,3.041984547190164,2.7393554792347032,2.514348757025933,2.554660265258841,2.7864456744314334,2.684391433971984,2.8061403034314414,3.284226265221611,3.175311926941704,3.0792327863333067,2.9746410479021637,3.0457345871964003,3.2659840191550797,3.164700964966782,3.1969294878734176,2.7865777016103066,2.7426040901984257,3.00620232621235,3.2891967344444812,2.7868583282130857,2.769052494390404,2.4852128059303062,2.517907705115104,2.9211737485810674,2.5804286631916526,2.6406703571833408,2.5280939467371804,2.767575486405019,3.5696632186277775,3.6250848236326316,3.968861942935317,3.365529227426496,3.566037213301037,3.320268561742356,3.505392882967303,2.2757426474590483,2.632649062849633,3.0084004544066447,3.1702997813059572,2.959330772367109,3.043552874261651,4.042772909743361,3.3731658714113246,3.096035602652147,2.878705576649767,2.326933438201494,3.0098826058386283,3.4695577451843778,3.580792567845876,2.5564348060103046,2.6797328681350203,2.392762369582473,2.6917926653253077,2.951299669207169,2.8400362125193443,2.99851903291953,2.7879005619411164,3.2251878703869656,2.6638734859703783,3.048415887785308,2.5443429196539484,2.7572419024415433,2.6849017906224857,2.92398555158548,2.979908927689649,3.1356914290723177,3.1122834231600285,2.9817122975563697,4.1090503557156195,4.091659726186831,2.6756753942104714,2.5256760299368746,2.7004754485097786,2.5533252072944284,2.6772194566107075,2.3987417129796444,2.8863435415484897,2.7844796441263058,3.1742690219152365,2.678216312382388,2.715131201725816,3.097910986812771,3.0259169530393146,3.7129163872246456,3.667343106697163,2.738115930470125,2.9727385987723105,3.0416830172279314,2.927226632576641,3.423294994909081,3.1690249367578196,3.0026904787799786,3.290578647677858,2.83036139888096,2.605778312649596,3.0525746247673693,3.8617386367825843,3.033831173616456,2.9716459514894242,3.05430767020038,3.26645278397293,2.417415733296835,4.0354604461597345,4.023921199234249,3.8166567269512006,2.8590129921736884,2.660657232585638,2.8949008505408598,2.3823107474226237,2.3941341290207774,2.658274036376108,2.576996951097668,2.560195507722616,3.057638557537677,2.64494115537748,3.1330372069301426
2011 Q1,3.224039269769549,2.6069760171389325,2.7463230599010657,2.577693143879565,2.4579634094966614,2.400734712049041,2.68946219528239,2.7553954774996106,2.6812115400652217,3.0673986168873197,2.9562053994276156,2.3261939419424893,2.5177353139438847,2.540981994539565,2.482968704815634,2.417473426487327,3.123401695786472,3.1868849093261122,3.137467538437791,2.510589843750189,2.4804258548942504,3.966029940366983,3.112048266359736,3.2390090747522,3.2701471561515807,3.3891802665392983,2.8540910528818113,2.8779384825730494,2.738714319766673,2.99650733949121,2.732357845648377,2.479290007036327,2.494568511444129,2.743780027330176,2.677905109411867,2.8021353272655816,3.25214005479251,3.1510034832309164,3.043773019586394,2.9547896758765404,3.0059506791194224,3.197768743543338,3.1336182571329,3.1444792414475526,2.736853702962094,2.684228100645844,2.9444630470176794,3.2974790023026763,2.8026122127440853,2.7725911148340865,2.450303103245708,2.439745874785569,2.8451228614187545,2.5734713001171836,2.592126436905973,2.458430350202272,2.7309675357761924,3.591363236782812,3.645558319487381,3.972694540106168,3.3369880413196564,3.495192679454477,3.2553900154063924,3.479235724960185,2.2470781955521018,2.538440920986778,2.9461750207617783,3.1560080056475686,2.9197675879739147,2.999089808420851,4.020384479709359,3.3210998019783045,3.0529307871522033,2.88642033833706,2.2651341316971916,2.9810856320202626,3.440041682642588,3.570098288593384,2.449993533072225,2.5767175580939825,2.3999592090492294,2.710136521701978,2.877722868999462,2.815265048772046,2.912653996953638,2.747787508675212,3.1928718256262067,2.609092059660275,3.0185495697249034,2.507686068072872,2.720727570359827,2.667460797835277,2.892768154155261,2.928525973972835,3.14071798709882,3.0789921598938044,2.94217557418162,4.130959066014524,4.021803612202689,2.629228316322609,2.4613407288389686,2.626216021521375,2.5180652071451597,2.6676405904839466,2.3634875299405356,2.8600359122948,2.764293168995725,3.1460703817230553,2.6948844144552058,2.7205473844835697,3.0585966558932216,2.9612580825682624,3.7308264148401347,3.644166833246084,2.6310957393814127,2.942150077499594,3.0024534529022135,2.9009003968276788,3.3215180537001987,3.074938523746973,2.926815305833399,3.1966493400554348,2.755288122749472,2.584643647592906,2.9949103071498224,3.8641373717177654,2.9530283394364694,2.94780538469416,3.0186071864324897,3.239340869705232,2.3638591905392388,4.020608874915217,4.02869908125378,3.855320409484418,2.8723265061324166,2.5872913971068243,2.890782768814551,2.3333417565988928,2.336277004679634,2.5836949960522153,2.4973687236801294,2.5414819270348032,3.0483838118637503,2.577550688981109,3.1756705772697056
2011 Q2,3.236998240304902,2.5705386167398525,2.741806443335441,2.5595266111090527,2.464185815436388,2.450938563785917,2.6936480087626906,2.7726763714264644,2.7404742205335317,3.086677419807165,3.004910930548037,2.3334178304790343,2.370457598289398,2.57672906792846,2.5031507003961604,2.4133175162412637,3.1440092802014914,3.1927803863733444,3.1326233382448714,2.51093273525475,2.4882581832291186,3.9999781867024544,3.160232706797505,3.2639774809173168,3.2993819608056105,3.3989495185852676,2.887339725191462,2.8929325097523964,2.7066941104697637,3.018529258638404,2.72720274902585,2.4958362648627204,2.5032541212611266,2.7245448776916508,2.679093571029722,2.783065578031756,3.2637501459606035,3.123028191502275,3.0653296559360106,2.956168896475548,3.0111259983209604,3.222933311400947,3.1625887655800007,3.152340244556659,2.7232914254362224,2.6587909996991965,3.023253670153058,3.3005358567874845,2.792170433743043,2.767006701547272,2.4115396806891765,2.4545735776345547,2.8679808662319024,2.568168489302502,2.6274322160398835,2.481742138466771,2.740062698604125,3.564470608281749,3.656967336576086,4.051283229551624,3.338210919726122,3.5454513377726977,3.2773071557847504,3.4801551073434367,2.2420996797258117,2.570790668901005,2.9813608255367985,3.1650907529743852,2.9567895408663687,3.0241381610951446,4.102176582811893,3.380005375266072,3.078564244113317,2.8817761254674044,2.248426003277155,2.9911228572797883,3.457563809222542,3.58218516957969,2.4376850946898934,2.572280236458866,2.3738568456481426,2.747198316471243,2.905827777440981,2.823288571150053,2.9110744797242205,2.713996113558255,3.236131681346531,2.642440821138603,3.0642689487829236,2.546288829519352,2.7282028387661756,2.637456844624873,2.8635695505132426,2.9292481039352958,3.119419020398298,3.0583531613740216,2.943605004448264,4.133627281331367,4.16121027502962,2.6602836151497007,2.4711204621582894,2.6947651211306725,2.5449972610759417,2.667039180076742,2.3658162602126116,2.8807075536801117,2.744361223946473,3.1722871304779847,2.648291655432431,2.720301845704255,3.048613435204352,2.984054401122976,3.8227451195251185,3.6608407932698115,2.627624313277092,2.9741114490259686,3.0140588593686037,2.944136248967149,3.366967387196905,3.154267798752269,2.90963581893661,3.25137845281933,2.793007175215772,2.622258490445884,3.0112585910895717,3.9257753127342783,2.9535148518148615,2.962785710448712,3.028212275843017,3.247445236026476,2.3592865507215457,4.123914189757698,4.079236681288484,3.996453008792102,2.856386621944258,2.621920079863679,2.8967239726795997,2.3571794980131457,2.3490200810323367,2.6736359498147197,2.5071948783702216,2.535735619309217,3.0501268363102985,2.603406219663093,3.16448255644739
2011 Q3,3.249895780385878,2.603168141708574,2.7549285350937587,2.492848824380655,2.4589552213379946,2.4288071565823373,2.691840279400575,2.7993676821529325,2.7003647771106887,3.110552811612522,3.0009134686100105,2.3150586544706724,2.4226968549478975,2.5614344407599794,2.499985565401184,2.4296800376234304,3.146622136780564,3.1847439607374524,3.1627950835568033,2.514753533980343,2.458448041610254,4.079682648429552,3.1421109366813202,3.2949195227774983,3.370706873131368,3.4074452779340203,2.8378963290445265,2.8993318889390713,2.7053760237250932,3.042688276968943,2.7595806115215145,2.42114821128476,2.5247557100240616,2.7086909081597015,2.6632865365606913,2.807683666976104,3.2447049019203638,3.144684783497443,3.0877820518915744,2.9870135374467783,3.0313361043891804,3.23223203213396,3.1876893779403743,3.1389059778904724,2.7880413768652152,2.715378698370451,2.9756875175607416,3.3401366880032555,2.7807545467529513,2.7666872811004817,2.4006763150888877,2.4226902899465257,2.884002435484265,2.55692003991824,2.5885517108942473,2.4802206895036134,2.7507248388658687,3.648419732633196,3.7015232071239974,4.123356913695209,3.4303866622572,3.630809646614944,3.288335824304196,3.503012376678604,2.164809934031672,2.575620071818133,3.005844909714009,3.204133746922827,2.9575382739931606,3.0467969380660955,4.16422436253034,3.3987316377234773,3.0971505204357763,2.8691740296274335,2.2340226159820498,3.0202849764003887,3.5523696601237225,3.6659074650549517,2.435791197674684,2.557536735204008,2.3712261226263207,2.6833257570190225,2.9342378153533484,2.808095212510555,2.8829628037593267,2.7213227179861867,3.262959549650489,2.608234721545691,3.0083691671630035,2.5449088888767983,2.720862654758721,2.6214822142095975,2.874075639140012,2.927611139722738,3.14819231552352,3.069472840733697,2.965753248679337,4.246373756352456,4.268143240669508,2.6357661707603666,2.4419992471119447,2.677589340346886,2.520818436132027,2.695075317883221,2.4145648506599335,2.8855275522222024,2.757842881343556,3.1948295027554585,2.6512506685705803,2.7125101239298797,3.0466473248638195,2.9947532131730825,3.99158905108734,3.7294659844035727,2.654389566167837,2.9746656785540084,3.0210876184623783,2.964183375745802,3.3567231878366024,3.1575454613426714,2.9434937507716326,3.2528562001622507,2.7874512699256533,2.5808485467124798,2.985427678501759,3.9609279497726333,2.9899370056498045,2.9776324022019884,3.0271104189089706,3.2608755154334106,2.3783133485271857,4.210837839856563,4.1952615240761855,4.066759247312416,2.834000844191641,2.6806312870373237,2.9206981347923064,2.3017279825814643,2.3184693552606923,2.6614634565413966,2.536413232296999,2.551186962523901,3.0494038144729925,2.609268250373877,3.152471344835552
2011 Q4,3.2526409172178106,2.572485481022553,2.7422876368379137,2.543287600665251,2.479928418771329,2.429323664720518,2.6783054276036427,2.808889688247569,2.73911455392364,3.0953340759227466,2.985597728448141,2.2839034711422874,2.4146652547546448,2.579224564726405,2.446222061794115,2.4036862280382003,3.1588126156681375,3.2084783739169,3.1348266935626476,2.4878273445126924,2.482165075648909,4.0884560690484815,3.1433774162128496,3.3113863883140873,3.393096227007464,3.430646133126531,2.7979381603140223,2.872358632244623,2.6871316411529307,3.059051372724649,2.7661548797260944,2.472893337781738,2.456849144398884,2.7297706557612482,2.6325124413631613,2.7244078816518065,3.2762568527295532,3.1529151350261686,3.0928290153182694,2.9594602162413888,3.0152428908585565,3.305014460836517,3.178007340726697,3.115972078190553,2.7419876768205875,2.6842592307646487,2.993402214742438,3.291996796322104,2.7622799763604506,2.7409130454796973,2.381414830943526,2.4279174802138446,2.8375378265665754,2.5428868590318587,2.5702584398628106,2.4578835800720547,2.7344447494878716,3.651552560053703,3.727725318584992,4.089919409541794,3.3890909565486864,3.6339331124416545,3.260544317892206,3.4782589271959194,2.202702995495222,2.5531323810884228,3.002313822953382,3.1904204937999023,2.984454959060462,3.049420089308794,4.193571308093031,3.4184107822841514,3.085523532388165,2.875647623558527,2.267442234457615,3.0066769197307566,3.5441245265017782,3.652187490743555,2.4717185195503393,2.5471927983430107,2.372248938678496,2.675250323039641,2.9102239212788863,2.809683188664925,2.8918163231714833,2.6751475382295475,3.2302473521869173,2.5922734051235183,3.005520980057107,2.5176654963935596,2.6949610562149053,2.6244032124065466,2.8768701782914987,2.9374570824445523,3.123847658112326,3.104334597779664,2.9145028014531755,4.250379859208651,4.2960509451254225,2.6140845362317076,2.4559140910878954,2.670016758739801,2.5288191074597295,2.667951447478398,2.3761240531129553,2.8816476783744243,2.7554575838102835,3.2065701101462274,2.6515938411935855,2.6877917052652434,3.039996001371004,3.020713504938624,3.984294454800146,3.796824524042384,2.627050579487252,2.938461326337821,3.020316537626819,2.9375752794236987,3.3996125883132495,3.144505809731357,2.9540957358791093,3.24851779597002,2.77945173223698,2.5641434907602916,2.9320149201391654,3.9799177904454863,3.0019238819908045,2.953590365916909,2.996760061575803,3.2278157661214895,2.3648828379563254,4.193511559046519,4.234775353055131,4.081751251914428,2.851959762383088,2.616168830141392,2.908004311328369,2.325889881311219,2.3162346556078117,2.593389772920493,2.4773549003560658,2.574166250930387,3.04103001205678,2.6097363339724584,3.0848956410827992
2012 Q1,3.2545962621412747,2.5624056682873118,2.745555511470335,2.5324515525841798,2.4028113072776267,2.4195870547984875,2.6635751096093103,2.809339644847399,2.742329750740036,3.109073691229666,2.958743386481663,2.2140264810690167,2.3738247001589032,2.5469759212323364,2.444845369302963,2.3651893191191746,3.1678310485127095,3.1575908321631125,3.131525461875022,2.504529893505193,2.4211637542155424,4.104775362744265,3.118181304600451,3.28453848009471,3.349127639211746,3.4267980571997723,2.797751317022963,2.865895087891447,2.6515501202825504,3.049796299010577,2.7478692856527105,2.417229546425388,2.44487707786862,2.7360547331096208,2.647415293291867,2.748001102088903,3.241821962608988,3.1678687224456743,3.0820155367884277,2.929661420090942,3.0087646665432586,3.2877980069945547,3.1803776112805155,3.111255949070938,2.730089360814005,2.665069612204735,2.985816915935207,3.349507626659682,2.7746601846377628,2.7314549623953552,2.3294468049178967,2.3864379058933913,2.8455642984713254,2.4995285075045883,2.5806335457313785,2.4101238921587456,2.7250872364552743,3.6149382873913214,3.750780268768535,4.1648864172279785,3.380174067464364,3.673041745183362,3.2526197314219374,3.4523947434698945,2.138599424756938,2.5510215621645416,2.9846022900621914,3.189133194443702,2.967466713752758,3.046959154869323,4.257390559094535,3.4140113791839997,3.046590074799488,2.8238472705642335,2.253993239799684,2.979765340985605,3.518542140130942,3.636952803474578,2.38856009979111,2.5046565202693536,2.364431934274724,2.6169682108368417,2.8464732284893763,2.7967257031278243,2.85594239316868,2.6680067626051542,3.16545356008189,2.5850177252753306,3.0357102732919867,2.521728749757955,2.689997574190263,2.6192818771576487,2.8652124537590673,2.9285205718169522,3.14257662198737,3.112323663844191,2.953861354124438,4.279616720155674,4.346688575726127,2.590804519333254,2.3979291102953795,2.6544340831656665,2.45813011890496,2.595916279703758,2.3980560111225255,2.8681902870476277,2.7580700398999443,3.199134312870838,2.597284239637407,2.6796429809089903,3.0000814461684326,3.0178574125618165,3.9626807799757606,3.7646455023636274,2.6287434815835744,2.9623448535175467,3.027416190913835,2.967419988529229,3.3167843899221143,3.1341925632615344,2.932913699664843,3.2325507036994474,2.7851770381487433,2.5649955952478924,2.865169327991389,4.023203936946256,2.9842711164377485,2.944953158019575,2.986722274153163,3.245812589229148,2.3514588154012124,4.251341010443094,4.224122046455551,4.16730824061558,2.8270856671270144,2.6069813706861162,2.8594156364471175,2.3170420705966217,2.2835728430083315,2.608338036907057,2.4593358431628403,2.503456003054419,3.0378412871167373,2.5846419889863794,3.145552141268118
2012 Q2,3.3117592058007923,2.600457086854319,2.762549231501686,2.5252258406413586,2.4739107709852313,2.428543922910512,2.693111514867213,2.835193983293556,2.7836894550848794,3.1559112131770966,2.999773664738587,2.2616928664018716,2.3620842848991597,2.575668510126933,2.4698946099735224,2.359774287173418,3.2091219542563607,3.2049727442998805,3.169146801254583,2.48049936370549,2.4464069746727204,4.209348485438371,3.1824032321827866,3.3344091107006637,3.4696562005628744,3.481647966179761,2.7847741765116103,2.857027557168065,2.6993998035526077,3.0843423774235785,2.769082789257602,2.4245840395425087,2.4964032737633977,2.680170556236268,2.645661719121206,2.729437394405751,3.2921120944416513,3.1879913711074517,3.176846497075881,2.971880954922891,3.04652658195012,3.3465744689082735,3.244898165894069,3.154668790377201,2.7768519361646993,2.6994808335297793,3.008792926990739,3.426267900944255,2.798412135000333,2.7666342878436407,2.3436922209029456,2.4254830991745395,2.8533404263454805,2.4970745339537714,2.598657506432027,2.4248124109142117,2.7233537034757886,3.739874969325407,3.7926442273650527,4.291830032641385,3.4300859570513227,3.716116126774974,3.2726201947295817,3.5147128653539275,2.1864350354078996,2.5299800130105115,3.03719164154548,3.274238186713836,3.0214010376769935,3.100297049325372,4.3039271095582485,3.4635628129509257,3.1279426623902715,2.874954329891433,2.270124481925674,3.015671778790379,3.6607470543140628,3.812911657067619,2.441010571997386,2.543713410100258,2.3047069871611967,2.647161188191458,2.988578405434886,2.832823112557215,2.898227233475081,2.719362260810205,3.2884927716457173,2.605591556663593,3.014509555823867,2.5322052631505483,2.7363194826581188,2.66937647230918,2.9038908804603394,2.9648863685502,3.1879898916967475,3.131058800225111,2.970310143203824,4.483495401321774,4.53678668057763,2.6335899402781244,2.4368594430298858,2.6839290973604863,2.5072190620620733,2.6585271771788075,2.398728705313413,2.9089302175895058,2.808431495860422,3.2574482166710657,2.6516507936174967,2.6835994572510695,3.057614065708096,3.0316519581247596,4.304461626064428,3.8845008160493717,2.646397139203288,2.9909100472464973,3.044887963065595,2.994516506755985,3.387491265899097,3.1989793152656834,2.9713513339326734,3.2795960149585723,2.7995606593268314,2.572138103054577,2.974862345270209,4.171216410666852,3.015703143338941,2.975949935383325,3.035543626217084,3.3094957494251815,2.3366333003559245,4.419071823797253,4.406624198656782,4.386593232772301,2.8360919593988725,2.591264428043665,2.946965316915721,2.3435946347041603,2.339983223045416,2.5857195707434073,2.469251752659634,2.541148658553759,3.115654259122404,2.610859997676195,3.1703761176740977
2012 Q3,3.343673188085125,2.5781514867462754,2.7775763020873967,2.558400409152564,2.4212450111805084,2.4211654387911516,2.693040798000118,2.8409590603725148,2.7636918996106292,3.1611721485768074,2.9964903251120543,2.2614293167887127,2.3498016253343397,2.535686845567164,2.453336565128216,2.371745999060454,3.1898913549313828,3.22590448124829,3.1860776765350693,2.4797266589951743,2.474971228466089,4.2578441773177556,3.182014944073031,3.3595941181932147,3.4878676683061753,3.511994529961887,2.8154479248279944,2.8592506890945013,2.623426609759559,3.108961333152626,2.7849837592030946,2.450586100465602,2.513701280568276,2.7146065394291967,2.6298113394804288,2.7574689828579926,3.3134915729935415,3.2372053101542484,3.1537811924803285,2.9894519874360608,3.0576596271726566,3.344592396681562,3.2876416953377916,3.168132891690667,2.7966647033495327,2.7102014093458533,3.02817581711846,3.4343383976498805,2.789349175441162,2.773096796254068,2.337110945758181,2.4026887701093624,2.8459697131684156,2.494568749212822,2.601618550361635,2.406312182626662,2.7484037702646757,3.747532687257882,3.8575402878132214,4.397775094952251,3.4093832921240113,3.750113389510964,3.2965431323179057,3.48174118380088,2.1009515874344133,2.5411175388118896,3.0414095023172454,3.3161829028175553,3.0258526775750116,3.134220498643684,4.406164765901935,3.511296065727964,3.141542828397507,2.866633105685477,2.244405379546853,3.0343127648143664,3.703969901505998,3.8450811884447282,2.379701737677282,2.5268380057394846,2.310867069573306,2.633832083535906,2.8656167088883198,2.8332421416142615,2.939284384562793,2.6485345497892894,3.2360959035913766,2.594445817782822,3.058057040088058,2.497050610581956,2.7372462142963614,2.6441629445561743,2.9532836063726773,2.9796211474468866,3.2490123380034985,3.1325279414794354,2.9859662173085244,4.558708797574805,4.634862770974249,2.626722149248026,2.4253018562645057,2.7064025712630118,2.5368020018551025,2.73031550757744,2.395745602666189,2.921514025467173,2.7999460040663977,3.298426746188913,2.6501636885630218,2.703233493855994,3.108271585948399,3.0769053985604624,4.375073685092328,3.950946413710053,2.6473537230875217,2.9832920756212475,3.0437319234396494,2.97730320671675,3.379706116323138,3.218314340508514,2.9903827569858104,3.3516002035912624,2.798081182014435,2.5669168786950967,2.957105007188016,4.205738618344363,3.0202763057468753,2.9894040833477193,3.072773230303943,3.3372342823235623,2.3688462057664075,4.55068836958098,4.51967560483599,4.402831906066973,2.8574249770870477,2.5783523130212154,2.9351791129725147,2.3238299292871347,2.3074480255260155,2.6249122731344734,2.4371857530673418,2.554765106537104,3.0819343967788084,2.5948747342012086,3.118886212900607
2012 Q4,3.32532487758291,2.565201997222242,2.78110591106245,2.514304907123878,2.413200178590546,2.4517127747813463,2.6730497348516447,2.84628134537609,2.767870205972399,3.156055351194758,2.987604905798101,2.22274449840084,2.3104711329045795,2.524518237716659,2.454323416258754,2.3209225434086314,3.190134187018741,3.211659007105278,3.1956324818726385,2.4795946772944055,2.4387354715482865,4.255999474836484,3.1831237568043473,3.3526814918164813,3.4773368578639037,3.526469019374897,2.801676753813636,2.7916312350716384,2.643325500694755,3.1032849871268833,2.7847657526199905,2.420839925217626,2.5067959082784195,2.7023468860156634,2.6383236894573354,2.7387529530211934,3.3366299131391695,3.2271067202701307,3.1348946113175904,2.969054085766182,3.0501889985488115,3.382279692103328,3.2793744332193726,3.1765056531127303,2.7997729261429716,2.7128707085399646,3.028489256387214,3.429081060080148,2.776564506710971,2.757055994938095,2.3254482482137386,2.330984440046058,2.8372163495652067,2.508836775505796,2.54571348214959,2.400885085413173,2.74402274251513,3.7783035943940164,3.8916790669257715,4.46134629551882,3.453085199605218,3.763737123001478,3.2962276128641625,3.484269043206843,2.1348072685125974,2.5615131170912715,3.0345255335436403,3.2969524918009014,3.0613984509465673,3.1413967784136867,4.425135746961766,3.541237597493252,3.1348404256764817,2.852149469495182,2.262923272658752,3.013837854172212,3.7237564438968653,3.8774551578194867,2.375477846942888,2.4689221845906966,2.322732319714709,2.6075811225248295,2.9437927322914064,2.8232002201218096,2.943592090144402,2.6614173184304697,3.18948155835417,2.55831655982892,3.0870310606294558,2.5283766693554095,2.7236867236890085,2.6488490148396084,2.9568283649120986,2.9785774927682644,3.225638663848932,3.181628099107284,3.00186960150834,4.618938499710448,4.65764121437559,2.599767327827823,2.3833746791987034,2.70030679160191,2.5369934241837186,2.6900221142348766,2.3967485273839695,2.9330032458099664,2.7880040945408573,3.3079122964279053,2.6189883111229273,2.6677837960671145,3.1216953121759916,3.0536057403766383,4.343524722071663,4.005491902763985,2.679871909452187,3.0115289139183923,3.042092771773328,2.986767819610763,3.368310987129555,3.249022573070193,3.006276280158447,3.3290003574782174,2.810246977576604,2.581323052217638,2.9097647895915717,4.264986493036344,3.0201644235514635,3.002779490837378,3.026822913764881,3.3272037239136854,2.3279978187195005,4.555135729582012,4.55510455997065,4.459262227768411,2.856208436845202,2.6087290651541264,2.912924777023483,2.281264461962751,2.2759719712794033,2.6106453969488035,2.482953233473396,2.5550687890729114,3.10951122167274,2.619724289638729,3.1213464101191786
2013 Q1,3.3380869842160745,2.5889709809870705,2.7740239648235376,2.504010883761745,2.3922403575207887,2.492595482596174,2.6743280215070455,2.8542896110498073,2.738088706811274,3.1507189709774845,3.0000909501153052,2.206836661849932,2.3202712005069195,2.510719680030004,2.413593695699941,2.347083508128727,3.1871189779185065,3.1994792476341245,3.1603328523256766,2.3922582960108802,2.422067979723899,4.283808792857592,3.190246295786619,3.363904302082355,3.5467779913722706,3.5249724883650946,2.7657744690011703,2.797981533493448,2.5694447225279453,3.117851886917482,2.7764239037813447,2.4378090466574345,2.4579681279098478,2.728519043742557,2.650904319421864,2.706825036519874,3.3454687002725154,3.2054391286556823,3.169077177021914,2.9622735320611793,3.055786326530988,3.4414177363546683,3.2887701170034678,3.177185641860726,2.7583023982754384,2.664409258129266,3.0556521514161177,3.475771326992228,2.794883684519254,2.7558260225582534,2.315258115736728,2.4231201572067853,2.811793184301995,2.4741354383732737,2.5499132613321667,2.428904849561288,2.7335173132241057,3.771944851972408,3.9152334131448963,4.386334771440471,3.4853997320973535,3.8698541462670204,3.280625474590722,3.4657278616899383,2.0744625285640867,2.5066231686315867,3.0505733976523124,3.3227473682644217,3.034047579367919,3.13194978580555,4.434340450932954,3.5613671287331976,3.1297158233463604,2.8336216712828,2.2776293834331347,3.022598006243323,3.761822171165548,3.8990816990028403,2.3243799094946787,2.468082862019647,2.329954711379224,2.6384252220458655,2.881574862948101,2.7938946722899867,2.869181392183404,2.6965571210485413,3.2643122908185895,2.5566974730753844,3.093566761032919,2.5366053737802625,2.736669891780404,2.6221518462589244,2.95450742778593,2.993064348783203,3.201733395645197,3.1628035896209403,2.9751781515987927,4.590687438571263,4.7453633295086854,2.5893699290249397,2.3694335686485846,2.686518259544687,2.519909310123676,2.6538017293845853,2.4065252690332244,2.954382250600964,2.7996369583976746,3.280226046037426,2.5854897733779514,2.6813188500574894,3.0557228297301395,3.0657631637918468,4.353138247318435,4.0217178698023766,2.619127825789498,2.9814719865174113,3.046688050960237,2.9713925585300895,3.343303551064479,3.22060652799356,2.9776287749735384,3.348373052368207,2.8019625556669605,2.5076940228691518,2.9596258502200663,4.264275601140795,3.0500011092922557,2.9734564251514843,2.964069657030711,3.296552103666734,2.3744623605671076,4.65712551123914,4.6063279536578605,4.51708941668243,2.836537652084257,2.589503634005106,2.8577349718630414,2.2442019015382524,2.231556927401919,2.5970055722410614,2.4103336159204707,2.555430186601429,3.1117256081565303,2.6413130601418624,3.1524943772679848
2013 Q2,3.410103317370465,2.62240963935072,2.8045567946605736,2.5812089041197255,2.4264276085623266,2.480768973546037,2.71292068522345,2.9175944536350764,2.7552127852951798,3.1965063532690206,3.0010070620105944,2.264278381915876,2.3742447018337227,2.5491372755181643,2.4467229220333784,2.3872919875077465,3.253270012067747,3.254421228345327,3.218491814217702,2.4691995557193005,2.464429178400742,4.305289456399473,3.2212788712156604,3.422030480385584,3.6048019609861175,3.5787180019471574,2.7835785755388973,2.848424854367248,2.601450360905943,3.1667128013900165,2.8053402772043405,2.450755705718116,2.4724509824248115,2.7297888692678534,2.5995007732978275,2.7751015234954646,3.366762675779613,3.263531959758268,3.2162970497982024,2.998369891659519,3.0911991848102116,3.4764338764125737,3.358344611909243,3.2238677298984872,2.8331659868959864,2.728648365790212,3.093324106206303,3.5529271691213817,2.798324739622556,2.790686547039778,2.3327361834821754,2.4356230070262663,2.8602151985816646,2.5108751488480503,2.5840147682882986,2.4359773004252263,2.774553353797602,3.862199815112479,3.9598055848536355,4.602721730777172,3.5206646224922142,3.8271033362705897,3.316715744481722,3.513352017685102,2.112578327920081,2.580244110908451,3.081319014966786,3.379439938412156,3.0841266035531665,3.206112312151946,4.547912500004144,3.581794088322765,3.2106961882593144,2.8866166792251375,2.258216814259968,3.0722775162690628,3.84894810798103,4.062986089863773,2.383826208975775,2.459699435589832,2.319761920734969,2.612164200040076,2.81041147631018,2.852645266694807,2.923280364128889,2.6793678345443483,3.263513216974209,2.5815691964038376,3.1142159564631497,2.5685787568624043,2.773268058265241,2.6609909758576347,3.02103605075935,3.0192661363424547,3.2833787436858133,3.22206087715343,3.0364842010163797,4.83450348541717,4.918715738642607,2.640245846701016,2.386986763172372,2.7339543609007473,2.52890719842233,2.7000909695614617,2.412235490418182,2.969276337348052,2.8775620709698764,3.346807449689252,2.637480347194099,2.7150642904047184,3.1248653007545024,3.126414557292196,4.5256781754626365,4.137918603437422,2.6803350781545645,3.009462133451019,3.080070710158585,3.002248727787327,3.4142820343549722,3.2697285451452958,3.0110861594635017,3.381517613690249,2.8129514203695565,2.6178684001324135,2.919373520150257,4.454503733545341,3.0895019654428917,3.0022631337347416,3.0340394709618415,3.3761682930310384,2.409959831749933,4.84831131540292,4.850119927418701,4.679924905377935,2.8469391278158906,2.6219687247452566,2.932147307085964,2.3131418872502545,2.3288437221527314,2.6352898088828707,2.429257248393135,2.5583989857226763,3.107815768215413,2.6824618612048363,3.125195271341493
2013 Q3,3.465218873239333,2.64307621964117,2.8452896339514955,2.5918777505680164,2.4625933545345458,2.480094571292991,2.7410862072088955,2.9272325091119775,2.792753707905675,3.2491679692567867,3.0453743744841217,2.2146757624722375,2.290005081536769,2.573514162220791,2.4672122564885197,2.361411558176675,3.2856054905530176,3.2862148345192415,3.2669844135556416,2.4787709808942435,2.4370146897136276,4.4088044488641325,3.2913866237024303,3.4686052703228487,3.6997394339907164,3.66419833396256,2.8012034322279855,2.8321506629877544,2.6902192431952985,3.2229327273053414,2.845662340934522,2.451449408161322,2.5181816384487887,2.741169874402367,2.6636778317449177,2.806287309695128,3.422745031425901,3.305930310542343,3.2583032247538504,3.052685454672345,3.1595615737473937,3.5703218801395415,3.4363219886654166,3.2827238808186885,2.8128735705813876,2.7254515949671068,3.1374775215644575,3.6364272221517426,2.8728624014112385,2.8083193345856245,2.3595215918183867,2.447470884104802,2.9076033565014887,2.542261371931988,2.5717981967570096,2.4698871135910556,2.7874877973425427,4.0249933690959825,4.09957708360602,4.622416665655947,3.6544082905658,3.949112480284749,3.3417405590394447,3.514377627883283,2.1749700066617343,2.606397413044502,3.108758767142326,3.4293975640265,3.1574897436010607,3.2599721960942336,4.785769018398229,3.6747276198908416,3.2491310690347706,2.9282907435241503,2.225678116885611,3.0940564754895314,3.985617741220154,4.125875547354768,2.385316887967891,2.547362741363598,2.3361176810339157,2.6380793793978383,2.8972659037257174,2.8685146687509193,2.995013410257391,2.7053463382322334,3.2390597117600386,2.596379649033451,3.125713213930502,2.594481394083846,2.797529223186283,2.688356629444171,3.0561022340234842,3.0740127494518736,3.357149087886291,3.252256586143206,3.0848013748398797,5.01006706968192,5.060433965644829,2.6718600666428585,2.413306778224688,2.7717127224387648,2.5717112272097067,2.708077633943547,2.4465140511843333,2.9966503157901916,2.872806372549662,3.3992079951355585,2.647591200159916,2.7458732202338587,3.161939788382661,3.1378685738022165,4.67516392102503,4.27490918085852,2.7118825013786516,3.075095761881913,3.1244771266030793,3.066828036806012,3.398738583343445,3.351076896277875,3.0640150950288976,3.4617467298390383,2.86277931416238,2.5533403049226617,2.896487423867435,4.641268078022232,3.129725547974807,3.0327648476501516,3.0654008600869087,3.474964959508367,2.3959590593497064,5.070876024089423,5.076189737907532,4.910605535203422,2.9081307797676113,2.627606915031409,2.9781157069843363,2.3339448104858405,2.300184015267817,2.6463813925589523,2.460507761360034,2.5551338767704515,3.1778622238839365,2.6940393433429324,3.096839769511597
2013 Q4,3.536107507552929,2.6583310842318624,2.852725534971067,2.5958825707720594,2.5441014678064953,2.50001373320946,2.77328281844884,2.963133238678021,2.8336685530854844,3.315228933408891,3.0701223562459568,2.248390066678326,2.35178640271135,2.581622253589119,2.5067788045432846,2.371960931452427,3.328172528534992,3.32665492465194,3.314994457465412,2.527414657890069,2.476599047310858,4.508672015420813,3.3369544366356605,3.520829425272669,3.821613209199957,3.7198888018971434,2.8569931714770544,2.8801112404658107,2.6852193236329516,3.260360797055988,2.8806478071851416,2.4905193093459874,2.5637040395587967,2.7914826645006112,2.7020043425984066,2.7819005138507644,3.488647274771157,3.360514525056096,3.3284081019907816,3.0942911738003787,3.201498209650981,3.6890404964113834,3.479584729449394,3.336956143057182,2.8738045682382616,2.743602265736866,3.22368107980489,3.748680824278977,2.90517363889406,2.870533290647202,2.3296659976749035,2.404302757687221,2.903820826988036,2.5247059287378715,2.603981835755959,2.468567229225661,2.8392870350754094,4.195245266190732,4.253101988808984,4.818968105597314,3.756442664625522,4.083338135912313,3.3780982283353778,3.558645092806339,2.149194376459262,2.575198449357276,3.141771888213066,3.510375569993907,3.211549874730914,3.3192723768244603,4.828478764985603,3.7612031330601767,3.3071881952941236,2.9387420704782925,2.3020835179260573,3.159930426652709,4.087884301629086,4.231505126334901,2.422221601871252,2.5165214790644215,2.3386549535012207,2.640150804798279,2.9654987337814758,2.9211714978273036,3.028412052075599,2.7429363749795272,3.31498039550326,2.6471072590601357,3.1669099120829127,2.6309984016270076,2.812441936201927,2.7409994479496342,3.0916380757085764,3.1174206704035212,3.365422551786736,3.2997461576757408,3.1347298541671758,5.149512442712652,5.076508399215702,2.6712954792501535,2.445854391442469,2.8046175667672313,2.619144870366957,2.761351326222606,2.472769110269275,3.056711795225394,2.9438541620638268,3.4846061887740922,2.6681395342492933,2.7423866284555474,3.2421266685112085,3.1922398130291794,4.765204923220012,4.415459722673151,2.7605199053339726,3.087773810159681,3.169021323316727,3.103772126394299,3.475443303632942,3.4269575397760534,3.1027445116082837,3.5470383188682053,2.879952710994668,2.5706612930082398,2.968877421568031,4.847173722928371,3.1801123219179024,3.0754345364283617,3.0980553574930623,3.499943470809092,2.420726417971046,5.285845060206437,5.275629553271884,5.034534664052468,2.910433266266443,2.6833897801251148,2.9964687298313293,2.3392226581252507,2.303919507950332,2.6927505145199047,2.5052763494129326,2.601794392713165,3.2124272825230697,2.751949917167772,3.1686116972010545
2014 Q1,3.6134831567900316,2.672225979936773,2.895053309467298,2.6328398511058686,2.4782287526196,2.5369334357901145,2.793000374854239,3.018021872370887,2.8668826796699656,3.358210372768389,3.0990691275705866,2.245947129621756,2.3808824260466115,2.6004523472753127,2.5114260609006678,2.365118227106885,3.3923600879258373,3.3264318050896926,3.3758885886597136,2.541600717833873,2.490529128610208,4.605613558381321,3.3705707844959627,3.5915026119582745,3.971414647302568,3.8201021615252504,2.835034982115988,2.8511147946068824,2.700346413142862,3.338315051174318,2.9159039377770224,2.5056188027819273,2.5812383847141747,2.8168013502898726,2.6930677149828077,2.8035489957685886,3.5478421738382067,3.4199789538198924,3.41810950905566,3.1293365950975094,3.228296302288684,3.830119623690167,3.576349268730297,3.39636768556429,2.93725556043596,2.810168123504267,3.2815372292947553,3.847587871763558,2.9372655699191927,2.9039798629328013,2.337053544118178,2.4721939028348983,2.953801470280688,2.5554206242761257,2.6177751984436335,2.492426736628054,2.892966880606377,4.2848228033569065,4.473116381872929,4.893494307790435,3.859371747526663,4.1793801788989455,3.4097162534147456,3.556423293737941,2.203608462283825,2.6443467940605054,3.16268463497722,3.5921821646904224,3.297682040528736,3.383582195970466,4.923971241420286,3.8449766824214806,3.3630713633616334,2.9379823388979536,2.289152082351557,3.195754604069923,4.26094925755387,4.373405571932447,2.465990606114555,2.5378006092450294,2.393258074365491,2.6713915335414473,2.9302552917143427,2.967027842443918,3.043330907693718,2.7359413585515853,3.2682887041298754,2.642299503847066,3.2860012110635672,2.6143517640055727,2.854662427693176,2.75041075253421,3.19259105713711,3.174207239570055,3.4414364600887155,3.3824630883993905,3.1509114439760677,5.382315578361049,5.414699818182322,2.6891169399442054,2.3811290606866264,2.8127191671600826,2.6218941114263017,2.7864960603862268,2.493843443316723,3.1313917874036714,2.977870040642892,3.535266558056759,2.6776402367186285,2.753945557369074,3.233900745839185,3.23073287628593,4.963223326887734,4.63486454231715,2.8216621286574175,3.1280070026360765,3.2194501074255872,3.1147217851049245,3.5278410902607487,3.51010078967926,3.1452674802112557,3.642302558006666,2.918441037992496,2.626884513241515,2.9659752405374387,5.055572350173211,3.2580290018584113,3.101116170468389,3.140154602012499,3.5054562091953705,2.4503820654715773,5.563885312431539,5.613735169493461,5.222225090602013,2.9394278762815813,2.681590987323057,3.0019348454114088,2.307193684627578,2.3221276808738303,2.7051985073524967,2.5045775165586988,2.5799535290731543,3.253072357271368,2.788017017715652,3.2912860559546555
2014 Q2,3.78161923971092,2.7536951017356786,2.9606928738459315,2.6764452303463813,2.558551537301213,2.5598718822313895,2.8343600270604505,3.090898260246505,2.9553338886894442,3.4649123843721443,3.1798603058994375,2.292675169128318,2.4242778268449015,2.6155988768293725,2.562374382286276,2.4186044429569384,3.4642650281737692,3.435386037397991,3.4538033547542613,2.5680933833889865,2.532342444604541,4.779020318338835,3.478994221398213,3.708604003909328,4.200234648729758,3.9976427567764725,2.8985639835112527,2.8779782289793423,2.713901374143775,3.448768922103176,2.958842999776047,2.5296375217833176,2.611267673882654,2.8770619694477277,2.769521604154012,2.8488071071164995,3.6758877458738137,3.5425177251829996,3.520950389867648,3.2026762320887214,3.3376311956401086,4.08896932277337,3.717437337974476,3.5267100541932015,2.9884316342627084,2.857588253025927,3.3926372508112017,4.152131003221991,2.9987414604874463,2.958295855634196,2.403836977116751,2.476167979534444,2.9879909261945796,2.5948352350794917,2.68531420502522,2.51813137099224,2.9425003968074432,4.538341893300447,4.705205841167291,5.265795515469815,4.040924655165791,4.426449835116076,3.4625904163111927,3.6078986410830116,2.192164658772122,2.6725025779866947,3.2697567862185566,3.729033354803992,3.3743167885753245,3.5280824815683633,5.206282540059603,4.048960286100984,3.472567269672409,3.016679350153186,2.338376979313867,3.2838180803579586,4.5082165765474596,4.623291167634918,2.4815170582456245,2.567073729406105,2.4088030595637506,2.7097907440436577,2.956387664342581,3.0378285719325366,3.12553256321119,2.7876722005071164,3.254117960240015,2.737375871325206,3.3857185174151296,2.6820894258853505,2.923593760288024,2.8247449228204244,3.3086900920292663,3.2692455793188673,3.5621909834209537,3.5109067579961506,3.291348678055395,5.740962684274229,5.753088065359065,2.745961364438606,2.4505862040800226,2.8904297360421625,2.697930943097646,2.8263817683630723,2.553035836515373,3.2138547375682602,3.067501300570917,3.6595627927501684,2.745538026462706,2.815714735089051,3.341749305108129,3.3402205557033104,5.263341359105258,4.869515270198282,2.854234683553064,3.164913039793246,3.3084911916150137,3.2047581947179604,3.556198292342498,3.6017352037317445,3.29906301736241,3.789995898044635,2.965250671368121,2.709683866583077,3.0458109371083317,5.444533997406482,3.3534634813780912,3.1795269099610333,3.236913754677112,3.651900033050147,2.4602110630520193,5.903486492186671,6.1172522446148525,5.57054828615699,2.9794073606457374,2.702467735255565,3.0859445221994988,2.368485445520517,2.3491505303352986,2.7402887551617527,2.5593920821997065,2.6445905404638106,3.322309140773308,2.8718651984076904,3.23136433123404
2014 Q3,3.9187308070036204,2.776707813351737,3.0058383959546453,2.7044577616883987,2.5759355227835803,2.609944604204493,2.889931926237922,3.1592941333567546,3.024683698712377,3.5290675813483716,3.2133256581359007,2.299349168259741,2.402390849628304,2.649963470292856,2.5800544547568296,2.433209407815878,3.5260236368002493,3.506511620519146,3.5609236219786258,2.5815689111428073,2.5609514083639753,4.977967395626501,3.5861480608105136,3.80922688217231,4.493488125768574,4.122285736645194,2.9267141208375875,2.881814292367869,2.7768879722439963,3.5540731176311158,3.036743845943354,2.5762680546901384,2.6474047805837118,2.904542659239462,2.795450778599496,2.844804510074258,3.7986391262571333,3.645395734096035,3.67219104369491,3.309920498514465,3.4165258796221285,4.33396916463293,3.8741775122071913,3.619225874826954,3.0426904759355167,2.8988649232090524,3.527288158763859,4.3071930387004285,3.0620992353586347,2.997491731423402,2.3805340584234727,2.5390969150328044,3.0351059478148987,2.605680743852306,2.7201175622211187,2.560169585615309,2.994034000545797,4.811712215954986,4.8871461236840945,5.471263870396663,4.251942086321649,4.638759147165736,3.5186613666219126,3.674977639286182,2.2237192647211854,2.6629793003784137,3.325172057161717,3.891861230136517,3.49692570729968,3.658630331416942,5.52114828326303,4.260299715598375,3.624861484500576,3.050035225963298,2.3814136185058006,3.357116009447615,4.723009031198421,4.896243524868411,2.544167638260724,2.6552639155122835,2.4261117627895006,2.737837812208397,3.0373987815907455,3.0706626161432307,3.1607721055823097,2.819403069109606,3.3131814690140065,2.7721208768683887,3.4829855495312128,2.7429714190167824,3.0127678376056006,2.8402091237520444,3.4237657052536825,3.381248816788905,3.699150570224142,3.6351019088268197,3.336903475365672,6.020490659412484,5.918114197785378,2.7852970649634967,2.4431389365327636,2.9250765633035956,2.7153403926054933,2.8617571158997426,2.601050387087525,3.2876788195577196,3.128668704637357,3.7723465354408523,2.757010060475156,2.837153182642792,3.3982769125076393,3.410054430026684,5.390904603439595,5.140278931187815,2.9187490464818326,3.214090255936222,3.3964526122522716,3.306654388099866,3.555002313066244,3.734731419383019,3.445492324792981,3.9615086168741183,3.0161645416616514,2.7149218800167194,3.028150896281944,5.728108148882623,3.487163675975579,3.2527624693485055,3.341764688961637,3.7796032852327626,2.490466710115781,6.163923246514074,6.30434090547315,5.709096972999822,3.026308062813994,2.762338675362305,3.135673738920774,2.361237667857235,2.3382701989442434,2.8023520097653916,2.5857194258571057,2.6697975115740187,3.4133348959967584,2.9354427919913375,3.3073142457506233
2014 Q4,4.008186356221058,2.8271542031265424,3.015581711991291,2.7186074430104377,2.6369607213584745,2.5849208699560298,2.899165100750807,3.206526823865313,3.0688782885155876,3.5979742177956666,3.2006762800796613,2.33022283853055,2.396721396019536,2.6490809469608982,2.587307040460495,2.4609666810448902,3.5709828530807544,3.495315932310961,3.6096448413382465,2.629072305097455,2.5457580344061563,5.035696061773227,3.6262937072752357,3.8674416623621783,4.491179402327214,4.18263397436659,2.885758315957473,2.9360102693954917,2.775821268651193,3.62633416576428,3.048186094422533,2.6111353645684034,2.6949370834755806,2.928720364616966,2.807702839061977,2.901626250135363,3.861630899093865,3.745395160597886,3.7074175053401492,3.3613918937299476,3.4783363474448525,4.322465088229012,3.9395787888771223,3.6705446231798993,3.0795967115732608,2.918514196189172,3.5951805558088656,4.346454748632831,3.0551695633636946,3.01413701631266,2.374776314010297,2.438189083010532,3.033957771981675,2.619400541711432,2.7479865247313398,2.5638525081439525,2.9978041079074136,4.891820249713005,4.959959461436561,5.560758421222946,4.296346378177634,4.718729783635027,3.5422065606578332,3.691222124615811,2.247167115470787,2.667492606586765,3.3534561518118333,3.944449572125982,3.5427041209879353,3.725239649356034,5.442227797948217,4.349037935958617,3.663913302903929,3.0590535439322046,2.362927324492579,3.3932233683528783,4.7332312131921945,4.853364753181657,2.497291031520204,2.630620067100049,2.4274145440084416,2.7217810705498486,2.998995024759923,3.1211725257467133,3.176177510554629,2.7991342255347087,3.3171020663587147,2.7908667709447053,3.5682547989600657,2.7680307048981856,3.0288387440237017,2.875277070849094,3.5071577783534957,3.463722434370401,3.7836561943261677,3.710732918694027,3.407555480957339,5.989830472115789,5.923013303434864,2.775776470490157,2.4284754288514026,2.9645482313593163,2.731217313559342,2.894708868713255,2.6551506072047517,3.330937441061564,3.17618038442122,3.847262370903287,2.803608754177181,2.8531657942894726,3.4131729415701315,3.429926421797688,5.475028527551446,5.1447928712515,2.950717649075982,3.236102150378902,3.441290034730222,3.3452068428053003,3.5924824107995192,3.785994698078009,3.5465742878461577,4.066185389721602,3.0621410291847306,2.6652623801216664,3.0371156796240233,5.728923359701585,3.5353545071062573,3.2976631051449683,3.323143952379067,3.862350355242361,2.5047063798610414,6.045154552598019,6.285680340094804,5.672988259685034,3.0433078288648403,2.7647178948397264,3.085393805865251,2.337391547458474,2.366882903812311,2.7907919385823443,2.60017538288112,2.670880700040306,3.4368221671372865,2.9745260794752393,3.2523104045605766
2015 Q1,4.058050645665703,2.830119562527773,3.031492779941758,2.738123095940516,2.606760336438367,2.630453783220761,2.886114450520335,3.219947158529973,3.083686862090987,3.6153513706556417,3.2084698535396785,2.2929361828615034,2.3438826049993815,2.658401627568499,2.5826377453000946,2.450364015237327,3.57673826698838,3.526598013461403,3.6552533575240562,2.626716075983136,2.5435367166207805,5.082718381799833,3.627364267748215,3.9000196663747846,4.511913936169946,4.217714934670899,2.8843584696015845,2.885573998900831,2.775947447350115,3.649116340374196,3.058341831608131,2.5776709779453197,2.6320239364456324,2.923331405756659,2.7956025647592666,2.8958421553352447,3.882779414995478,3.79486945684599,3.7626341297529855,3.3886409911693947,3.4804748398448084,4.376855300280961,3.957734431750513,3.705387801956196,3.092367113237225,2.9410959234767353,3.6529941519065403,4.405097629440476,3.0556601682907507,2.9948301983717154,2.3689474480229173,2.4667430882012416,3.0241642853090784,2.6271039818426147,2.710296534116188,2.58950160748315,3.03044792911057,4.9192236007312085,4.983388891486222,5.5310861891833865,4.419257933267053,4.719334465188364,3.5619208203635586,3.6836546478841297,2.2081415588052953,2.6703823067293717,3.3522727680245534,3.943595176227356,3.6230684262972526,3.78097016441856,5.607699141869339,4.401713618661018,3.697225633718664,3.0426048994535213,2.3736746143080736,3.396698097657117,4.772118284591586,4.850794361148953,2.484511640222035,2.632594471716778,2.402562699079058,2.687948961712602,3.011469208278683,3.1328976582131434,3.1784026642726335,2.8072614185031664,3.335606549377613,2.783789355681542,3.5745743926981897,2.7730885104265948,3.039677976076417,2.8990839405114417,3.54254652389924,3.4675822338115987,3.7849046970293934,3.742418060196773,3.4411819478343557,5.957499231255778,5.840234468535575,2.7910307353643256,2.4529613136380766,2.9995088097713847,2.7553900677420784,2.8932340937488323,2.644109460375107,3.3394840669374743,3.183491367261642,3.858730471894395,2.768658638946925,2.849768035398202,3.4614166931464325,3.464850168956841,5.353336543056427,5.1948759157442055,2.9510440365969424,3.268797335818849,3.4632438928654388,3.3888546962708697,3.5672965226500897,3.8162719523880044,3.5664633585607675,4.095728585087297,3.038846496493507,2.676171383782005,3.060110568685082,5.774243935483909,3.565207680888237,3.334166519707452,3.346155423635705,3.902389557177166,2.5187975908200397,5.9978093103722445,6.2310505605603455,5.6406162936097415,3.074212232782048,2.7513731963726724,3.108898186375246,2.3432743842007473,2.331994408815521,2.7820171229357555,2.5707634672336437,2.750829561888792,3.473783017873051,2.9983844166490186,3.34324266579958
2015 Q2,4.188719951851668,2.8618493364649624,3.0723017184377373,2.7506029070662277,2.6435277618110216,2.6690685883167333,2.942274705959591,3.26182143549232,3.117386658843398,3.7181708154627016,3.2819673231919304,2.4073343353129184,2.411686119055723,2.6727447137189717,2.6320824477115865,2.458116584171438,3.6266878742393094,3.6050942041198715,3.7371893433839056,2.6406707735409936,2.6204002643573614,5.2573793940649844,3.7150024988110686,3.984320841960417,4.64263949085031,4.311523937020532,2.937714232761018,2.8687021101873813,2.8146732232088607,3.7429332550939245,3.1190549880082306,2.622000590058002,2.7029185103157647,2.958222123427612,2.8238297007225026,2.926521137535291,3.995234750147086,3.8916376277418556,3.844041817525246,3.4605717327445844,3.5609252431939167,4.535703547028784,4.07526056272045,3.749436720822446,3.1436780328950147,2.9664402407417283,3.705538928780044,4.5437960919170655,3.0809997133083877,3.0854664705495294,2.4117164339488846,2.494731207138993,3.0813047666904914,2.641937728014157,2.735784981319145,2.629845262515329,3.0820733964482305,5.0658243199286,5.107719143797791,5.820584768266495,4.551502302935107,4.91567310182095,3.5769432619980037,3.746773117189064,2.2325017346186184,2.7282915252200306,3.4229947526029383,4.053528692299042,3.7169901697190215,3.9185179065190625,5.800236988710902,4.542393152681806,3.806930807782855,3.0958303911723393,2.415048906035062,3.4929871953529092,4.8420658785707396,4.956065401510994,2.5661821280492765,2.6907251162658454,2.458451907424109,2.7753440357219317,3.0350339949685434,3.187021449201776,3.2582428452043475,2.8050501800781555,3.323913454842479,2.855570534238433,3.8019077783042206,2.8232520998204875,3.1132224155695023,2.934775546136827,3.6302915696836866,3.5536973910156795,3.9244367366576958,3.8372035926982186,3.5162478032363067,6.120060479317153,5.943455862305398,2.802160901848241,2.4716436083965765,3.0288739009571835,2.781486289381721,2.9478767866465185,2.6461737879939418,3.43461716224386,3.246902200224404,3.958051577286834,2.798406757966232,2.839152662437825,3.5281950025543183,3.515595027492962,5.414484312115802,5.265884993887248,3.007021998867814,3.272269583207388,3.5287046348218576,3.4573864092475373,3.6817136948600235,3.896465247371208,3.6917780870791312,4.229362135497247,3.099606700291341,2.7479008343064835,3.049221830842192,5.909029507496417,3.710532700204757,3.371186544382464,3.4191521281180166,3.987414366879888,2.5440966609357174,6.160477761011971,6.425831728697865,5.804827072321582,3.107280441711877,2.797550305282054,3.160483231678028,2.3546552068139004,2.3807001269823984,2.8857601079279713,2.627406869080854,2.73696083032222,3.567969158196547,3.1009030340644115,3.3349707156836033
2015 Q3,4.330821911682448,2.9237090366837206,3.1210229100697156,2.809739828172592,2.677012447289576,2.662440547444932,2.994811785937511,3.3293908717043754,3.225311695205887,3.793789154299644,3.3139250975739567,2.356333597394577,2.373265027946214,2.7033445573725245,2.6597967099731963,2.479523909489782,3.7194648657758025,3.648994566339791,3.7805472827108253,2.6719138706954295,2.622473150079,5.39672312842628,3.8190971087562327,4.087724128801695,4.826972215754469,4.469396822617416,2.9820574147969614,2.9745218575801844,2.8331078901437263,3.8428944741791713,3.1506685064321176,2.6118160122386422,2.6706482361055897,3.033938598375987,2.8580353430080274,2.9511173717852888,4.120620272548686,4.005618251043412,3.9762026708596494,3.5271454632926855,3.619193036986794,4.752593348282442,4.18815505423209,3.8621498486140453,3.236543132238275,3.006090074317877,3.847465318424412,4.731071376672581,3.1403258221923243,3.121690670989942,2.4393539849632426,2.4818439293239547,3.138250150894216,2.6692846029849195,2.8228257001229884,2.6241189498433575,3.106186840715813,5.303374651472412,5.220438995951526,6.071117285514586,4.710116852520496,4.9749968088089345,3.6418350310301246,3.8139640262520356,2.24698835474992,2.722766344191896,3.4720223865986872,4.191271840972555,3.801000509294453,4.011655213521923,5.856016591172234,4.720372184606275,3.9163254899377433,3.1178685163937034,2.4190107495562705,3.530687729711182,5.059938868786589,5.180263411415276,2.6190804369033804,2.7069753639616403,2.488475149207321,2.776867973578493,3.0673347841177545,3.2122613873653276,3.289026745452194,2.869650218887567,3.3416341989791847,2.8874078626186197,3.9464693024381026,2.8708112570142275,3.2040583617743588,3.001802500433634,3.74390397268709,3.6496078350948444,4.003018874048092,3.9649455386686006,3.631692838255358,6.328689940005223,6.24076493399267,2.832530794968738,2.484403015148913,3.0884499945845807,2.8263021126355015,2.9784194011854157,2.709835860023827,3.4857455652345157,3.3102763527617634,4.059151235610375,2.8428783404942797,2.8854411225198544,3.6059182554069285,3.5687731065182207,5.566328009987109,5.473964092709489,3.0689192629306645,3.324057014334834,3.6085503276543376,3.543667066381986,3.688803791655655,4.0129598664026345,3.8542251850319404,4.411001998206749,3.1528847000201923,2.7252272042258006,3.0701578408024406,6.1232526477892,3.8164279790890108,3.454287547259843,3.4978048304751748,4.082509672816383,2.572960480954652,6.305131932869449,6.686335388868598,5.847022643514513,3.1544381110657613,2.8320199025809574,3.16300693178323,2.372421963200807,2.376359522515315,2.877783513638113,2.6272346237780133,2.7194248576569846,3.6333577970693702,3.171078913252057,3.339275460859926
2015 Q4,4.45412934816132,2.9773910751121595,3.1237125545061373,2.8201182767120123,2.718225362239017,2.7118528530896318,3.0326811485072964,3.374529708841143,3.2545811875259334,3.861000404647952,3.3472628481499966,2.356179858947789,2.4346487096181897,2.704346304187581,2.674435269136702,2.542207908759723,3.7814812334226717,3.705682824724242,3.8445012952555655,2.6788997940921666,2.637414094420608,5.499788739121335,3.9147463337380475,4.152550281765206,4.923340690545964,4.6568908403555795,2.9883709770431075,2.9746664229911444,2.848763668772317,3.91342582335868,3.1918258160724493,2.6440298645858857,2.738747217009544,3.016627135983226,2.9121127762093137,2.973190639077412,4.239825215621103,4.1357539282998,4.075428405969843,3.6286771576756665,3.696331751406693,4.873743879738777,4.257228271052731,3.931240624499222,3.2596590871513755,3.0042889257882215,3.9592635426722276,4.9119834793887,3.172237843154227,3.146029374410101,2.43464269549728,2.5165564607891384,3.1447999464741554,2.678392170854085,2.8222682817093845,2.638625218029566,3.152059002515081,5.4664039285343495,5.428995314916728,6.196914816830326,4.863875182767365,5.130052764863247,3.6469483839889234,3.80798007757627,2.263052253748764,2.757368212292685,3.516797576654936,4.299346624275244,3.9393379725536155,4.156340589432669,6.0351800883095414,4.910911809296202,4.021758857913202,3.1617182257747105,2.4700272802520673,3.5770044809862016,5.201619593625629,5.267386952039476,2.6121696623183466,2.693597271497748,2.497673545709915,2.852314828115901,3.087102236625636,3.267911309838879,3.308692301951877,2.8788208995462528,3.3629564620591585,2.913390277458294,4.124471073822604,2.963390877137202,3.2241491198648924,3.0541893830966544,3.8847097807120075,3.7199746625056522,4.072489151534339,4.071798036944789,3.6943510065810448,6.427572561826009,6.182357108378145,2.864429688275401,2.464908812981857,3.135921797952537,2.836518625854027,3.00541640555988,2.7573133507937015,3.5479999334315124,3.4003403626999247,4.110114587021548,2.871498052295271,2.937941985151153,3.6234999596368325,3.627905857879886,5.677023760659225,5.652186064549114,3.094629555553584,3.309202481446073,3.6839455105871743,3.5861553808069973,3.683296142647659,4.1096587368665825,4.004385917013956,4.633107018258934,3.1793483883955282,2.765947673091016,3.093733071124877,6.347952528432282,3.940248896077979,3.544582588040792,3.576933669607487,4.233843341961302,2.6198896240463774,6.41909037150787,6.764608728064761,5.94543655882198,3.1356152433545077,2.8330144701811197,3.2569085950792056,2.3921539476687617,2.377126381824147,2.8900292738064324,2.6763349668028966,2.7678971175073963,3.6850352332039926,3.261451001765969,3.419723695932949
2016 Q1,4.588651486028959,3.01176563144284,3.170319635637939,2.8281351905623158,2.737793545740097,2.7315013161395942,3.0312229578264245,3.4031955292060396,3.3027865428015994,3.947758874906558,3.3837703125273624,2.420478116775466,2.4442037145434266,2.700536965569369,2.6557945974838213,2.507769153367885,3.835694233196422,3.7429662864700415,3.9328275787179274,2.6965137920839157,2.6461046370507977,5.619493339549893,3.993266532035469,4.24782811359509,5.068415392417206,4.801858324642208,3.00600888955495,2.9974183682029283,2.850869616374653,3.989869943852585,3.227046727846414,2.705485647174186,2.7418025908172274,3.026412876398135,2.9096413302832427,2.9550813064581796,4.317418388529263,4.273167476791441,4.229050380331141,3.6690969652407435,3.744798979484768,5.108803825715069,4.37731095209911,4.038361920267649,3.3321551712374804,3.039218032449907,4.087223594956227,5.040107936616487,3.1859303884747865,3.195044904003496,2.4155468432505622,2.490276845049773,3.1559912112608184,2.7027477211193123,2.8356266788150055,2.6546068973429064,3.1862507982127193,5.6937020154849565,5.502448553150441,6.48257450187208,5.031380697533546,5.2336111177088345,3.690998297704848,3.8497852135849677,2.2475818483143253,2.719376988762273,3.5569818466296503,4.373053765471978,3.990918462286215,4.286009882336664,6.248955440266141,5.066534572121069,4.148161483262759,3.176348377248505,2.456308300653554,3.614268741088297,5.337267270316079,5.404370836251481,2.6080059410223844,2.728868586619144,2.476879797579754,2.7951001921921934,3.105763075955768,3.2722758654939303,3.3816026182782246,2.9001708120858734,3.4472220029281484,2.9327896327558225,4.254547645645859,2.986592717333181,3.2740491706295476,3.0447623710988725,4.017807104834535,3.7965085210513667,4.196803802688344,4.182075338685643,3.829969302808106,6.613620109686039,6.374139946718726,2.8225355783601813,2.488694488956486,3.163180228464694,2.861171770004105,3.0290483667514705,2.803884255479228,3.6372140102426043,3.4646396698893525,4.202845368256589,2.8907468326485666,2.9213180452007,3.6996168004453818,3.712153071760864,5.633809161793841,5.736378667016776,3.1537076722642237,3.3227236244110694,3.743499552162014,3.664249321946321,3.7464809548559654,4.233589581940082,4.1768230713002765,4.833617410390863,3.1886415516409548,2.7670188216022016,3.1006333666349537,6.512840207475071,4.053229786707115,3.5904621135410597,3.599803867584539,4.4178372870652804,2.577056005261876,6.535855332455026,6.958800941777303,5.999813179471576,3.16049427460283,2.8559244703572735,3.2616425086554095,2.376352312996882,2.3821032515141938,2.9154816852231336,2.7049987278351453,2.8055823720848676,3.7136036853504764,3.359333882643339,3.392184043439067
2016 Q2,4.769399108742904,3.0969992205909835,3.2265076620460422,2.919210844130543,2.8131461576829606,2.7935027575155114,3.102124054852205,3.473972889633291,3.339664099651558,4.079349815493315,3.444913433116367,2.410600461454961,2.424264474072413,2.7364964033138164,2.706199726239413,2.5379063762265535,3.885920481466309,3.7840127893890876,3.985483121148338,2.7513308787534116,2.709953992102786,5.7644506953522905,4.0979930902749535,4.344468006498703,5.24608723270876,5.006379218354265,2.9887430015886465,3.0363319746918354,2.8825698480637634,4.112309832814792,3.2816539827822577,2.713791271654599,2.792749206097581,3.1302269639140032,2.9545346106015087,2.995409716366813,4.505806698213005,4.438635736221289,4.324142129816496,3.8359731869150786,3.8558437391116303,5.255866173402506,4.543680273340033,4.148011280851812,3.4263245570165166,3.130391520863548,4.2668201215702775,5.2646161352431,3.2744361319132502,3.2156393151688203,2.4453358113779813,2.5213504599343,3.202182374394769,2.7385697728181686,2.8917405755854633,2.682970609914745,3.2367781456294513,5.919223651712564,5.542234800689818,6.614690925621734,5.182947135146627,5.439759621616606,3.7302056754094184,3.8721280291469564,2.2981451599914475,2.7269206163232047,3.644485638909171,4.489672101768877,4.155052699616397,4.43377199384572,6.399327078860626,5.205909913904058,4.295520683323826,3.2328528680612005,2.525208637121837,3.751039032403574,5.4922723188946065,5.4927698119437895,2.6597388950973677,2.739053687209213,2.538492952826795,2.859307750554085,3.1338618603086927,3.3727707333581827,3.4889339580400103,2.9525692560521524,3.4624099991046133,3.0121691749825956,4.496331188186023,3.075480730455203,3.3614744224334974,3.158776315863524,4.186821293957632,3.932595938841895,4.3172494388368685,4.359625800553919,3.968088357430596,6.7680860637771785,6.4641498297998226,2.920978714878638,2.4734125691647773,3.23786351599967,2.909810275527629,3.1188907221721576,2.8625420887918915,3.7611727601427467,3.5689426907209643,4.30886660946252,2.9257804402747607,3.011563214263494,3.753018264980117,3.8210809571920237,5.679736089745711,5.761306068026885,3.209234494316276,3.40530116169017,3.8522489164281035,3.7168782761959362,3.8126119800993794,4.299195413779372,4.370663332150281,5.0162164139178325,3.256488516769449,2.791984921931968,3.1457473460125174,6.730229529782222,4.214227236244156,3.6639820196571002,3.7464160951180583,4.5797240074266785,2.664511737072436,6.639596680864595,7.098140457417253,5.9860832231539245,3.1982643232276526,2.877202064012845,3.298281328522688,2.410604583182482,2.39838733776329,2.983246301018301,2.717006586863821,2.8427726091725756,3.7576557357006712,3.467439907012645,3.443491637834085
2016 Q3,4.881631172669463,3.1669770580544547,3.280777407265375,2.9349819819347216,2.861714923500906,2.837126879666017,3.1312998305190227,3.5361642865869194,3.4311622761706166,4.150035523684655,3.482005037454911,2.466465829961875,2.490071019103767,2.7797951358608577,2.7363898207579487,2.558536830626286,3.955620101345074,3.853042594054578,4.071857398030048,2.8073758606063905,2.7280598254373736,5.867387803552396,4.15591135426986,4.433043240364548,5.33461178554381,5.122929719547205,3.0058888982350758,3.0284264408965322,2.8702697599810496,4.203090439836182,3.316531189629626,2.7357151955610943,2.865242317963121,3.1041499467184814,2.998855436772571,3.0163525596322067,4.605942033368979,4.540138922382412,4.450161438988719,3.944316761881309,3.9386990507312962,5.366622480444671,4.620058644549218,4.231012810388621,3.447654083221662,3.140082095909615,4.360278898945788,5.335108753478077,3.302963769792401,3.251964933112816,2.459686410366102,2.5599264926038496,3.231215044187262,2.769959566365992,2.8990378965823944,2.7239951026270046,3.2652158623522034,6.074886391069375,5.630879844161115,6.8137635079465335,5.335937175085418,5.508746400680674,3.791953862788717,3.907804934856853,2.235649775943818,2.7693508307464776,3.705946858605133,4.570914019080541,4.204260551791393,4.485922797661837,6.513683140455432,5.311173687679855,4.436758608603113,3.261393813230686,2.5229827422765436,3.821677243588236,5.598150295549658,5.555242612105525,2.6844917144110996,2.7922502811898484,2.556550836617386,2.8740534984960613,3.1744402985206106,3.4226191799035806,3.509907042699335,2.9411528793778245,3.4449908566793246,3.05001105672723,4.617236965065785,3.1571897367420814,3.4508327425019383,3.2107637184714357,4.333790301683904,4.010974907668903,4.395481727024637,4.4609413133881475,4.080092218338657,6.832562008337973,6.283611501565993,2.890318553875094,2.5069520992244403,3.28555475619104,2.9539372698565898,3.110366504938569,2.865061818943382,3.817190120638548,3.65804007469356,4.37742909275864,2.9552849579974656,3.04537622356635,3.845206088958612,3.819327893612625,5.583461468956724,5.939371382849441,3.26929432843565,3.397704056149622,3.8892470172813063,3.7985260015245124,3.8759990465769105,4.381233183850663,4.521280403959814,5.193706440999062,3.3053155945009833,2.829861489923082,3.1458199318961495,6.783833185813575,4.326008142209894,3.7532971158220665,3.797291365259552,4.7047582281057805,2.6796180303819823,6.674154729918179,7.141801382937062,5.93023337481226,3.266755155803991,2.9305145231492586,3.3727569048228796,2.385973401805636,2.4047953410145397,3.0253474848283686,2.7363841282704677,2.889755258948058,3.829958310623539,3.5241472983431574,3.4879051380665596
2016 Q4,4.90309456628926,3.2057346011579657,3.29138911076479,2.9263241179454305,2.8415474276278054,2.8441524508657294,3.148064674597833,3.5629836730160673,3.468700223098323,4.176764325831543,3.497380824166102,2.447870776886871,2.4701545715966287,2.7544786136071124,2.7387046657219765,2.5908146931225047,3.996234243832594,3.9045319686110993,4.106266720472471,2.809921257111341,2.738750491354449,5.891415166389202,4.202551224690659,4.43386485426086,5.317959411227817,5.093047785222062,2.997876180712369,3.0670102510658404,2.8758252371069535,4.229684928317723,3.308362813487309,2.7478306214833794,2.852430773757418,3.104294315125523,2.9828729033783667,3.0603968722248927,4.6884010848955,4.663102272329823,4.502942082354125,4.011800376673457,3.9578231403036552,5.345645402998243,4.643528960922431,4.271930284236852,3.511229526251823,3.1694721632956617,4.40765009348821,5.328133836783912,3.2905090987961367,3.3067311612246213,2.431885343049803,2.526443730171432,3.2311462728881626,2.7570341488794,2.9212886804511737,2.7254450424747247,3.2827789706615795,6.068470677245192,5.659961999077126,6.656407810498609,5.274578891163167,5.372391015231381,3.8174086575626136,3.9562946971312534,2.2725832100594676,2.7517896094832532,3.74175817063464,4.5578733980409165,4.194482034138759,4.470342509339656,6.4276266886598785,5.287247451835829,4.414758312354596,3.274759996212411,2.5514874310767683,3.8656464792136003,5.571517701999016,5.516409822509814,2.728579870837049,2.822901246639315,2.5821662847240505,2.8669675657763944,3.141996013634854,3.4535455954217493,3.564193575340448,2.976388515026403,3.554402244935443,3.0731877908180585,4.632182631796565,3.206593727308906,3.4956295351700106,3.204921209841821,4.347652786013579,4.004318423502824,4.410903366758854,4.503919185777386,4.127134762647962,6.750231758507046,6.31165509276511,2.901870380750476,2.504192107470482,3.3269522833411997,2.956612579751733,3.1185584088701166,2.922694678281065,3.8535076886144806,3.70820518477084,4.3854161544240275,2.9812617539960957,3.104037262483866,3.9237858864600095,3.87195490654841,5.689877662873168,5.961652197520281,3.2961994303986564,3.3783356056301885,3.974916555856645,3.8257743628886094,3.848501434789141,4.423301731459735,4.5550233942351035,5.169742592581067,3.291619375855914,2.894739295249313,3.1438259350174262,6.751468185464627,4.394563136515334,3.766601534030685,3.8066285646961138,4.754114659807296,2.69248919598042,6.556169828590988,7.184087441466392,5.827566487439589,3.2507340485745355,2.9060148785935542,3.38217508645151,2.3847294046556566,2.4170490527981845,3.026933115898891,2.7504466632565205,2.8666343263732594,3.824502338656907,3.5728837288633115,3.490869577767313
2017 Q1,4.952802961594265,3.247652837029138,3.319494432508666,3.014466340337962,2.8870917246340873,2.869162609991267,3.1817522150075352,3.585429410658237,3.466006209424649,4.187657835482373,3.5428062002467913,2.453379370438716,2.468931270048397,2.7716693147699227,2.7336145647956314,2.557100583187006,4.057802659434131,3.9093366885765914,4.170240188551762,2.796099765964258,2.7602100169385726,5.933294904239482,4.216514634133126,4.4658188886235015,5.375282167752678,5.155427659191617,3.0083831591260055,3.0706075903550527,2.887008246259741,4.287029109370984,3.343255633722052,2.768526352275661,2.8674834101021185,3.1181354987267875,3.004205759206301,3.061544584701612,4.732889893247287,4.7087564838529525,4.480528325354217,4.0388346059996625,4.01897944425198,5.4202394029163745,4.61454330008245,4.343146151742193,3.5681594000423424,3.197327918557192,4.4184979763988395,5.377249284523132,3.2926631584723034,3.30724889928174,2.403187215917693,2.546137694665799,3.258455463483971,2.7491458877942927,2.9377024435183228,2.7320407548542986,3.337874917447019,6.054135807527608,5.559003666402042,6.829762162448609,5.309238334200646,5.447501769491203,3.8144276973955087,3.9625970048411516,2.275806331362879,2.7701911979258806,3.752894806102739,4.593865991510627,4.221346350643945,4.490811451668348,6.4984920282991165,5.316872290781003,4.473967346691215,3.2872110943747113,2.546744276267866,3.8828202717779625,5.585540469176992,5.511178400638088,2.735714654566621,2.855257906451433,2.591262654755279,2.893091124541348,3.193000698406378,3.476907097419153,3.6605040109825895,2.9395563920756795,3.4154012660837623,3.073594154243982,4.732582098070014,3.228114411607588,3.4971779450713676,3.2548511867398435,4.407140304693957,4.0781719884254,4.449264027530176,4.54706419386477,4.214758406147405,6.782966334505783,6.218954985160884,2.8894050633172506,2.484777487823462,3.3187829983776305,2.971493003739078,3.140895191438025,2.9793255240107266,3.8931803803380656,3.7745476870394112,4.376759562035689,2.946299414609136,3.116234606132996,3.9048304997047008,3.9117078355915567,5.5944115653574205,5.962904995295674,3.3328773780539036,3.4379794207097976,3.967886624512234,3.9308586552519666,3.8776068322753656,4.432982745346672,4.610457432584839,5.215670941783677,3.28720629144263,2.8576661026295356,3.1431436954101484,6.768388824331366,4.429816568309333,3.7973664066717636,3.8044853462048454,4.8315791459938495,2.7102727845040913,6.561155472587256,7.143472643841923,5.921098659001292,3.246826495442577,2.932438169311875,3.380668941327234,2.3951954829795397,2.4130397218679,3.054133167199028,2.7533226972612517,2.9332510501350844,3.8303588824405983,3.5766448193431764,3.5322169604592477
2017 Q2,5.011584921405823,3.30366177338707,3.382816530229783,3.0640247782130805,2.9151468023873894,2.9380307495744122,3.2409637221441683,3.6773909717807634,3.575945233535157,4.287504587449337,3.590271239728747,2.5083829286894597,2.5687805728575417,2.8044214085420722,2.8004593473182138,2.6081666979101312,4.088899799583926,3.9637210396817997,4.17704796840959,2.8853559386503265,2.8041236353268086,5.95196295001553,4.273452356745343,4.554178162529479,5.444439232129528,5.287942836869469,3.030409053387435,3.1681514540068703,2.932308090267763,4.350790546254791,3.385341716253921,2.799122889563331,2.8709010050744754,3.189988427270239,3.0540245146735,3.07175014398087,4.779063284251106,4.8143049621463625,4.621769717947773,4.128822573543988,4.101124809031391,5.456350648482252,4.716874430165479,4.4295536089989564,3.6858249384280164,3.235631740065703,4.54134642584455,5.522514556299717,3.3521918013883716,3.382960946069572,2.4592298899646954,2.599244850347034,3.265342697336904,2.802073563795503,3.0078166805762208,2.7906502723286604,3.3773586764659616,6.1823360425480445,5.680111271677555,6.79554956792641,5.38313167519674,5.546989378017199,3.898981529106963,4.019329972359425,2.3085426029430494,2.8145777372454184,3.845734789558378,4.6405059708014065,4.288852368368596,4.5426441351474836,6.5654147454790825,5.387395236703145,4.5200897776280895,3.3597719865911237,2.584890729184037,3.988648553150129,5.637034149777442,5.601209092303062,2.7288167069262124,2.8624566668595133,2.5928790625716807,2.9331152510706704,3.2225974453496518,3.5537975947267544,3.6910080275030626,2.9889767731349677,3.5101363010364937,3.1461709230491994,4.791213420134579,3.3158018830340077,3.611467904715647,3.3207060389280825,4.511672772798073,4.159219524493309,4.511526131549134,4.593074976222363,4.251192996715298,6.841737371935039,6.296320084208561,2.930158137857315,2.573733739706351,3.424365135063007,3.0406653979404665,3.171035576542064,3.001633615117035,3.994828279926141,3.8718706374131675,4.420028242896598,3.025499830655946,3.1636729907415657,4.037257208762989,3.959178571670825,5.540700509087183,6.164336423683234,3.3821964232695194,3.487945574049785,4.074208429775991,3.96478667489474,3.949499594078326,4.46886673504143,4.657226476347494,5.318413280520317,3.3699910468045347,2.87348394928162,3.189121323904341,6.948930454191923,4.513038104834144,3.8783304481665373,3.901934160647073,4.923378407973199,2.753440754202557,6.605403282065971,7.138829905639792,5.812977110498171,3.333445982612372,2.936061680394523,3.4312878735519625,2.422158744285614,2.4156416919692365,3.0911750562049445,2.7935181257472084,2.947183006501594,3.936544600708607,3.6323955842144273,3.4941477479029905
2017 Q3,5.043800457596023,3.3658344627657595,3.439671947990805,3.098330611097269,3.018584911826605,3.0069194030451216,3.258837631188796,3.703068839486325,3.6718699947717295,4.374671840499566,3.6421954957273766,2.5355835232177424,2.516003744193304,2.846699076365984,2.8110771828143046,2.6566314478197826,4.199312639867277,4.035798959835827,4.246714482789698,2.9072458916400743,2.8337071742222117,6.110081472865148,4.3442633591167334,4.58614879984312,5.463340152823236,5.425160296004901,3.0851186668182464,3.141248293199397,2.935473210937241,4.407699695319166,3.4421969696826156,2.8502134746163605,2.919498110106493,3.2231974330599176,3.1512573781379283,3.111420256806238,4.888552929709239,4.8783101512793765,4.671110775675134,4.232090568622545,4.176467682499219,5.580713640735733,4.737581668760031,4.541832954111644,3.7316942694950015,3.29497335795433,4.598561756683184,5.560297909249701,3.3995720776164147,3.4230598687872558,2.4767344145039027,2.6022699973074253,3.3634887883064106,2.8332804401307223,3.033717285200618,2.7904633869708677,3.446108029044236,6.2951752314939,5.732261426114477,6.9516535974659766,5.45060858390913,5.538285015002851,3.9473930723202026,4.06284912780064,2.3549934920214435,2.838147394456942,3.9153192229138467,4.661819677939714,4.34341285540379,4.571616078016701,6.678711412742099,5.438185166532529,4.56542774380439,3.429831056028865,2.6088912477728736,4.024605927283495,5.721981597782562,5.6413164325365,2.7890024796930537,2.928116776977939,2.6323235363377795,2.9590484025457218,3.319941012643523,3.6093280561126906,3.809354471533859,3.0746771263139516,3.6161347786007325,3.186888421820472,4.837076230842691,3.3725172390719522,3.693572996622578,3.418432699852595,4.605095126522515,4.198261478079237,4.600642819446831,4.659261032443772,4.340274409635947,6.863351715859727,6.274263221025234,2.964737004034504,2.5361842865424,3.4939945964338803,3.0546571744391353,3.2296919293455297,3.0851613029308522,4.044130250077169,3.969883862975865,4.458036432710301,3.099365066548383,3.2373630674318643,4.097541909796856,4.050568729023084,5.691992830119293,6.023506010815184,3.4617418066203207,3.5341112553058287,4.113579573622375,4.085226021491553,3.9257782537772363,4.519187319686913,4.6914888159204216,5.438786280540476,3.4356877544472453,2.952361755811319,3.233589238267616,6.95730078394821,4.589973884917721,3.934144117916058,3.9768306904324375,5.033369535717458,2.7872690218507072,6.586261387804964,7.2921591231026115,5.810440675460416,3.3478841458112596,2.958045623153383,3.500063036910865,2.38819558548639,2.420788956594062,3.136128023428802,2.7932331005634126,3.014135399910888,3.978405595320125,3.6770735660642058,3.6628200347871775
2017 Q4,5.0524144648964855,3.40664349448532,3.477177306623939,3.138834271865781,3.058919471540758,3.002980361776245,3.3117244785271978,3.7441603603105844,3.6965702849715245,4.39467060513485,3.690471849280157,2.5268118977889253,2.615036821160059,2.8346048030862527,2.855399001635771,2.6562694011274566,4.19095902849951,4.063621083315094,4.28823934580538,2.9180661013877347,2.8584620314397298,6.0475846847440975,4.400305862890831,4.618137304544449,5.438347921105694,5.43013969761155,3.114740840995636,3.101147416924887,2.963264577816076,4.448931243022874,3.4865683731581854,2.8740199421512496,2.978834109891312,3.234545334733828,3.0963135458064897,3.1238724259737882,4.907333688935929,4.891666870699907,4.67331010933064,4.231197619065712,4.231865816634268,5.4615628224433355,4.743003767756619,4.576969759946738,3.795278544551846,3.317089709925753,4.653953947353166,5.4947621808694525,3.3855839267645345,3.453060876277698,2.501229962357153,2.603157955024484,3.361235479705107,2.8663478861356446,3.053596035552438,2.8191051034482673,3.4941870764464085,6.297225795983471,5.69019666442271,6.950676138097317,5.360495520276614,5.524930811293097,3.9765048703183914,4.110165955666875,2.362215060757985,2.8186989799006006,3.9390102601765133,4.631520360500059,4.32847499393915,4.545224775131503,6.579521443022243,5.367973492766394,4.561592684755383,3.444013731137579,2.651621039844802,4.054152012809885,5.649349506758991,5.592814542812006,2.824199116969144,2.951038305387353,2.660122531636183,2.9909227287838736,3.3233327054572093,3.6608119573525317,3.8452349891107227,3.062870792413362,3.6483130462373534,3.218543416152108,4.860482677661593,3.463954419974437,3.7649958500719487,3.4182964571309062,4.6198415187350506,4.23794314999023,4.585576980110185,4.714441825554197,4.427818999729044,6.8431243858425255,6.239729517070206,2.9721090852136944,2.5531466698345717,3.5205410319515638,3.1112010108453143,3.2800858420950583,3.12455610683025,4.083313814780586,3.993159974847452,4.454426306259105,3.1227954520429715,3.2903358062412904,4.136471853792073,4.033015591330092,5.436367951321278,6.012350126074593,3.5333742062726707,3.509867419998818,4.168179174357496,4.109204710890201,3.95497741054726,4.531645045447246,4.756656255626082,5.449877762242109,3.461669595106577,2.974785751362964,3.2314031921685116,6.833695401422579,4.635705793392711,3.939674760065017,3.9883253660136897,5.050556192069373,2.8451705816724124,6.54004124357438,7.190103118857858,5.6813221453779645,3.3659234813218317,2.973184855839624,3.4967280159088108,2.3942264019829236,2.425478666555054,3.1801889331527775,2.84577183778901,3.0578441421307523,3.9605594073185757,3.7370338562412146,3.683138767076489
2018 Q1,5.0411280458055305,3.4173228884518467,3.4614925671093877,3.155953780090622,3.1084760651871597,3.0248410298057764,3.312200046772395,3.771033201284319,3.70103050784846,4.393414886588293,3.701048716371039,2.5637533333398337,2.5901267056591446,2.8387725638869834,2.8710406941313287,2.6435243619541535,4.2017742939562766,4.107639134454427,4.263814492320355,2.957822888179686,2.8476847390602082,6.011479629250472,4.396457843596898,4.601586647842777,5.420399552754282,5.428025890711883,3.11312280872972,3.1449257787389633,2.9394655886795786,4.449583961692424,3.5187854625203143,2.874274866166758,2.9461348789321207,3.2197163987879196,3.1072567775823576,3.1189603275652344,4.890473178721512,4.860802696205444,4.664404794649506,4.229180045650327,4.207791113529193,5.41367363135997,4.7403175821386965,4.608935781107134,3.856690837280561,3.3133557918707592,4.614607016017418,5.522893004192859,3.426623426102352,3.4703668071601035,2.4697046642078013,2.553951589119602,3.3739459084354397,2.8699259975073494,3.048750601306338,2.83099701582256,3.5069476673077262,6.258840178508993,5.692574406093426,6.746965934778363,5.429750433071916,5.537952682778868,3.991667816894692,4.149313334665816,2.356357185567759,2.8293799668420276,3.9379773251083297,4.627461088817852,4.329129013653796,4.541373314081226,6.427806604744876,5.364544453217656,4.558038521299118,3.4920042373673432,2.6050865268554344,4.11397613675259,5.55950689261909,5.549136392294498,2.8435572765971964,2.9246241415040704,2.6574400553550506,2.9719160886000604,3.336384648171312,3.6814808947296873,3.9221308376582384,3.1175180543898104,3.5814526060662923,3.2182932289942863,4.932474492657733,3.447092223623557,3.8079275513082687,3.4533831756312314,4.575715915024324,4.260977984475433,4.645486706511952,4.680766680517629,4.360593133222818,6.716002529755808,6.244972708424772,2.9537150339558806,2.5629470751958423,3.541708999362476,3.117087787496368,3.2790554931344804,3.1604105112111096,4.083207726822081,4.04585652729936,4.443138712742809,3.160389719515557,3.3688837360383754,4.182942374779869,4.084794491688032,5.293972472466481,5.934908971189934,3.584510868547829,3.531571257247596,4.158358245758617,4.108600900450972,3.970109229067296,4.504115972166417,4.776641309333952,5.461039329341745,3.489162778464848,2.953535412262645,3.293688055013109,6.819792406438807,4.638141187253022,3.9740305569251104,3.944361622484965,5.107510015238585,2.825103000997165,6.466518734629308,7.123121017845581,5.717802549770143,3.3916695772324386,3.028504870767497,3.5284746279368964,2.358677011136459,2.407911924686667,3.19655128889519,2.8503303678760554,3.040407823239746,3.987399877583429,3.715157243490003,3.677239428047491
2018 Q2,5.054150785105527,3.488024104954167,3.544258849619237,3.2009125143030865,3.1461101377851084,3.1014996012108096,3.359582329578869,3.8052808133734546,3.747580313203802,4.447284282922651,3.7598497808825893,2.6099678247498357,2.62862211421622,2.8445955369623186,2.889401886847593,2.682189386779948,4.2567945199926855,4.1051237813336545,4.316408101970853,3.0051547204547053,2.8845653950841794,6.0898385654702025,4.4629430464534945,4.628547136773434,5.416808518468802,5.540669989763169,3.100815100798894,3.137859846787979,2.9663413915362975,4.468926773266683,3.560042680821307,2.926512729443538,3.0453246695657694,3.287198967484476,3.199828364208741,3.1446935104473757,4.963148948805121,4.950951462330743,4.674645598236661,4.264951177647646,4.296208179129165,5.473281031459967,4.759832093133488,4.671119455559409,3.8661226044877233,3.355062219289877,4.666607068638237,5.534380836720886,3.5178574015510256,3.525327266784613,2.536037699081434,2.5892321600846864,3.415913622288905,2.8771694256298894,3.0885253340244705,2.9066622086377114,3.526065112180076,6.300789790834546,5.682652380758796,6.965769312014543,5.420678419412737,5.42911598485617,4.03285656134544,4.187408243285277,2.3450174531867467,2.882544037135311,4.01214398041596,4.665715495915496,4.315754956916708,4.54428064838902,6.4196563361189805,5.388766951348329,4.554932177304789,3.5390844318740027,2.6687583666934653,4.095281321258552,5.633664017638786,5.48923352294719,2.868056680824057,3.0066932942941684,2.7066642294599568,3.0267947359676906,3.3669080135749967,3.724642398959297,3.9819631415519665,3.1112177368265757,3.626246126353148,3.252804243055824,4.897029509656915,3.511899538804953,3.825005476137667,3.498678975334568,4.672396977205114,4.312723393452272,4.660357055081413,4.745983765971376,4.418694899575658,6.737121915533553,6.075380167816652,2.9883606221871863,2.5618252580461087,3.5969828188691175,3.193360135790914,3.3291398328106605,3.1685465345532395,4.1426151196039225,4.10968848686345,4.454601983261282,3.236037462161457,3.384497759001763,4.172016583633295,4.13439501145468,5.406250732288936,5.940723666601992,3.6345361493003483,3.5723754452105574,4.207751115358281,4.135571893727152,4.054142771509283,4.542810846190527,4.788328961884304,5.522570828831307,3.5341333427408,3.020545162756643,3.3195028548919097,6.890369634455388,4.68444460609844,3.995679222892351,4.028556907232446,5.082426393424386,2.829257906129823,6.479406128310662,7.104025198655924,5.653237941967463,3.4214835071721943,3.0135186884054503,3.5944717199239946,2.391962936773685,2.468453573683014,3.228162912159291,2.8741841536625827,3.108958865339524,4.01048876961017,3.718536570268144,3.630617829562503
2018 Q3,5.087965130229848,3.5703992631769563,3.587140347260125,3.259313009661769,3.224086981324854,3.1187213549517288,3.402789344470535,3.844478830046865,3.8621064182674516,4.471800744980912,3.804449135527011,2.612560924149377,2.6694411382393994,2.8885684876061184,2.9217342178291394,2.698744934673609,4.301070650017571,4.161777964380472,4.335392393786132,3.0824003393720147,2.9618744186252455,6.181594703975217,4.527132063545608,4.722831347410793,5.487440564357906,5.5416807009391045,3.1786958474829885,3.1556278992979028,3.01480543003845,4.526154256584805,3.6144093644816886,2.9860365085778335,3.0877663324708977,3.317929582831942,3.235448653223976,3.1938152726065336,4.98485503777568,4.986452551632554,4.698294086140228,4.310510652832091,4.316040301061287,5.455700878439794,4.726618016133703,4.756168562629648,3.9423836313300336,3.3782520569532903,4.706072190554127,5.556173301299725,3.517396684905708,3.562583851996552,2.5027892168383374,2.5644389438247503,3.428842366209027,2.9332577084409373,3.1324477554583607,2.9117881636800806,3.5981014411946033,6.362161005394546,5.6439236352380675,6.952181223731969,5.466391504453818,5.504267644506872,4.1023369566117385,4.2389975160592295,2.3658938027192877,2.881814021375456,4.064811748685272,4.646839875536008,4.326131367091401,4.552816566728245,6.5165432574965445,5.352049631051168,4.560514299373327,3.5857641501924595,2.6853943471415613,4.1461469318987625,5.632706806721162,5.574314921071782,2.87471442867839,3.051389289484405,2.727811118153052,3.0898822500530216,3.40665000603109,3.7861631324566605,4.03997463206508,3.163563976885973,3.7024771817696314,3.320733909139931,4.937428093333123,3.569843751655813,3.9063330151627533,3.5932644668962475,4.720737865734366,4.30911585686423,4.637641059794233,4.7745805666040715,4.431020342593046,6.710999540761765,6.158538369079434,3.0261377297318615,2.560966615698432,3.6202686150517036,3.2126143705117265,3.404111829196334,3.2485871755655684,4.177904712675059,4.181762982764335,4.495923388001756,3.313443833715983,3.5323290185163088,4.3293630561280105,4.178312190758041,5.353431405498004,5.912862639477212,3.694827042635738,3.6142139661053903,4.234621631022346,4.169732730043542,4.074471837012051,4.58114814975305,4.886194983723622,5.468956502777437,3.593262377731958,3.033709513070633,3.370040908577779,6.859243719300451,4.665244559148804,4.034140959906871,4.051889366934359,5.166367602792688,2.9063753381875372,6.554054795341371,7.086326614394166,5.672106842618665,3.4733475748225957,3.0810505284956293,3.565294849037729,2.3839068219051622,2.4227994212377606,3.2820207418827065,2.9263065137657107,3.19436161353462,4.080725069474593,3.7573496262004413,3.825297335666133
2018 Q4,5.03009785338417,3.591794526272592,3.5932978673989555,3.327908465035661,3.249496540836262,3.134003873214346,3.4332235760870113,3.8888616104679214,3.8333478278179567,4.473539503768372,3.8341834826358063,2.6384542604822117,2.633403120747315,2.882227463603874,2.9527196861990803,2.688838447879349,4.302288447562008,4.161373764332852,4.285806393457269,3.1207189179656956,2.941208635764068,6.132069012158028,4.500111720105029,4.717565656778524,5.398262818781052,5.579794266387545,3.14909857216733,3.174083655221446,2.997507227353776,4.508249366876475,3.620826692104054,2.964464167122154,3.11315010193633,3.317765199525918,3.2491835662495303,3.2186408188366165,5.007288765348102,4.987250737407701,4.728279377317965,4.312434001842409,4.289120644311138,5.3836033313727825,4.68663690240611,4.725522690687992,3.9317052584225647,3.3856973771301044,4.674216033470878,5.478500275503661,3.504989263504392,3.6156433040615545,2.5274480774029993,2.5984041603286596,3.4191310861684,2.9463956011453725,3.1315291528053484,2.8993266578648993,3.600343441870699,6.3471346572928145,5.573537057270681,6.757084783977645,5.438868730611165,5.4896524189920735,4.091147321822289,4.274904599395772,2.3918348078288907,2.8650009596186368,4.084904229525217,4.605539870034631,4.296659140666151,4.515414971544489,6.403182177116171,5.330585452581257,4.510259651951472,3.6053707778876283,2.71927964936071,4.190927151371528,5.543385490610531,5.464886345461902,2.9075821929067143,3.0496707021261966,2.759922422900156,3.063834466208147,3.475064037985498,3.7968568212724016,4.040214828016866,3.1915929105000296,3.7142632252681183,3.3431343919824337,4.833889559919641,3.549145899811936,3.9412391874465915,3.622164666956153,4.681173728704137,4.294084965007268,4.6693987209152805,4.776065943868101,4.425554530007004,6.73385840201383,6.07625298417401,3.0239589285006025,2.59438756426213,3.6962660493056005,3.2638041668060844,3.454577243665803,3.296322610625766,4.16660114221426,4.195044693521513,4.449375921289182,3.3756468680577987,3.5531548435092146,4.285929136546644,4.196418635218146,5.112469756342144,5.828984037801838,3.717439027451294,3.6025523722743507,4.239852730875714,4.18872553706166,4.145405469085783,4.533437126757631,4.903255404554928,5.458895170825656,3.6163120709180587,3.0390277983529086,3.386187359450343,6.740102272661882,4.660638370121627,4.006100458930304,4.039769832154432,5.2753548025271515,2.9008617220801676,6.415803439755723,7.025124518869713,5.57162892546948,3.4767935079848287,3.106378548341134,3.6588524651413508,2.402242845124221,2.431792982577309,3.2878410175391806,2.9479509178506516,3.2144248958837367,4.114893709323669,3.721501375836697,3.889923359827772
2019 Q1,5.018530110433215,3.5891301700911717,3.592011074117446,3.313105977820292,3.17522546394855,3.1939134466192107,3.4283667749956694,3.848491361756014,3.8175300362951936,4.450505217092908,3.763535091175317,2.640264101407935,2.7244672358043442,2.8629517542879754,2.915346790909351,2.714013406490729,4.307305202993025,4.133834385325876,4.269875204250722,3.1107174175370744,2.9736742698818093,6.051713411008972,4.4859848019926005,4.638931356572014,5.351134329791361,5.555271339076394,3.1413232297970644,3.231333532140076,2.937898555537216,4.435712800133599,3.614895449176539,2.973412155607351,3.1741737550957314,3.3177360868529933,3.2762740692295083,3.1960993527569226,4.921489435759288,4.960328087041859,4.687696844293393,4.273840831018977,4.290344053659942,5.3584842402939135,4.658772567877872,4.734573413549336,3.9980951355662744,3.3805909961883778,4.643271841528518,5.504067784688962,3.5528506441409236,3.622397194145181,2.4651391643786384,2.6051085080179592,3.421495552876968,2.9453824078110853,3.1595754051470246,2.9390418731289594,3.614679737334964,6.275947193642182,5.4595952087387865,6.719131154012108,5.343608543119592,5.367358078459525,4.091026658646118,4.274394056966197,2.359447564833043,2.902748560894074,4.062702186390081,4.556157151061539,4.206948394509368,4.436740794391541,6.2590371785629335,5.280790390453744,4.466366148563823,3.6062433992617753,2.7106315449608527,4.1837428915979515,5.52181915148043,5.406922047150835,2.9012679488857738,3.041358231617066,2.7659262438513545,3.0743779432412692,3.4918196985824355,3.794565442403363,4.036129752464351,3.179298523217762,3.700632294943599,3.335229767017317,4.781733018839733,3.651759008036468,3.959487381874413,3.6188203137241017,4.657416190291053,4.3016772101094105,4.592868547901863,4.727611264911797,4.401536096744261,6.5357450798913135,5.828103402480788,2.9675418069861865,2.597099670983612,3.6966243392368217,3.24596785000837,3.4041718039429525,3.3084215127498933,4.141005859742131,4.161755897369436,4.3998197441937315,3.3941554620206684,3.544393922635488,4.268476169337596,4.230035739683589,5.160423988874823,5.726619394914975,3.6579407113882367,3.5860592225861465,4.202475215521149,4.162791968902941,4.158225682048246,4.467201308440611,4.789047010177742,5.437745144169413,3.6060322402065927,3.021448391572344,3.4302731087774125,6.683650236731228,4.6151616125251795,3.98727473865023,4.008561560703064,5.16301734040517,2.9352915406855615,6.355009726024847,7.0004618445265105,5.401051475522641,3.4820199480430554,3.088053079039382,3.636258137858006,2.3835854915224792,2.4325967244065048,3.2925223456923765,2.938777825165855,3.0856426487311834,4.128043743885594,3.6962513862116184,3.841652668747744
2019 Q2,4.99726194741452,3.6200185680565466,3.6252103375256857,3.3782388047370713,3.2966986087551953,3.1821835995776144,3.458516926581214,3.8687604983406065,3.8209510281174652,4.4997611751370155,3.8138456044743076,2.6727552601393643,2.693587379833962,2.922627587023789,2.994546699594123,2.7750747971533958,4.30777234209884,4.1362375792104995,4.297294971982329,3.1745449373423043,3.015271622277993,5.995036483211571,4.480715887392367,4.6635580435587976,5.336404105777323,5.563942492666597,3.1953126148545086,3.2008839670840485,3.006128763262227,4.4866112812545476,3.6722381734279415,3.0628277975832354,3.189680393276442,3.3692558971597553,3.2409147880406595,3.2277913718511404,4.93828672596372,5.015974108302016,4.668874108725928,4.299215154154921,4.318727752972821,5.377898014338393,4.66980153859113,4.732839056983689,4.024470414706003,3.4517842514652326,4.685193394934124,5.494926247514734,3.6184829199206803,3.6741177504846108,2.5558802710133333,2.6151334849973464,3.4700720344935716,2.997090272157129,3.208013503959061,2.9487053768640816,3.6418028696311624,6.217931519127251,5.467238543415173,6.753038975314634,5.36093884771205,5.388758818987264,4.0959893931716636,4.283887207309833,2.4043251227761218,2.9318409411517035,4.089971423551676,4.569855116879462,4.254343620203194,4.416969567404555,6.21575750390973,5.25827627123927,4.464955180739819,3.5984918635998437,2.7282285672410302,4.181990393532429,5.47492663159103,5.458898803565451,2.932077697732545,3.0308035535449562,2.785326413533225,3.0672730040709935,3.478947062185772,3.842450014915804,4.126710281494394,3.2209783330569066,3.873575377394093,3.3464647540114862,4.777269083212373,3.6400819305815832,4.040672042700243,3.706893410236996,4.651038618115013,4.302999662673478,4.632232090485313,4.671425191984372,4.387247907668877,6.49977432321994,5.9049898289482465,3.0515844410422406,2.6114800707153223,3.7104656895908836,3.289253101290737,3.4593035210374676,3.3145268452500605,4.178560232868745,4.197969397244817,4.388129543759861,3.4119653327924486,3.643189003617295,4.316874595656986,4.2232746093778415,5.1081241833854,5.748386015703782,3.6722177369639466,3.6284280439310748,4.184969744520103,4.188241592777397,4.192032613451638,4.495449058827269,4.905293536232672,5.502051519762506,3.6344551238561484,3.1204998941641584,3.437568220030932,6.740299818379393,4.611412199246522,4.014740115843846,4.015371562079227,5.215922349815129,2.9493797970892803,6.337483911942287,6.968716025345531,5.446843905931415,3.522590593500546,3.1155384015970915,3.665233048503018,2.4221342321157,2.4865430022182227,3.37607173748785,2.9737967465597706,3.2243944712740924,4.141481689536045,3.7141415313403607,3.7683640150876228
2019 Q3,5.035395431278315,3.6796834393046995,3.6580486560472063,3.410803733129365,3.3146908046708266,3.2199068676768325,3.4867823875117177,3.8846006745514954,3.8615182918691158,4.525716331759693,3.864214041904235,2.727337300084009,2.795016198575179,2.943654648934106,3.0316573535655427,2.7735119678454163,4.341325736038013,4.1916118960041615,4.344889996875438,3.19355883330643,3.046795782823652,6.105668001347758,4.5410243103539525,4.715894791156992,5.421247683411941,5.638079870137446,3.217529175830164,3.2498827871324343,3.0436632127794345,4.52300464032709,3.7134157461043973,3.1002644013609744,3.2279722609696058,3.4004691545725287,3.3236548692831227,3.3052100364544046,4.996234216813093,5.060798729225368,4.69961846516182,4.320281023683048,4.366967934104711,5.375056809115087,4.69295742281351,4.8354151813082025,4.020840294535623,3.4846618554924538,4.711192866381489,5.530058124189626,3.625299712355927,3.6905185724281933,2.5542471084879947,2.6285559951766033,3.512404047523905,3.058049766106207,3.2289717569841927,2.9812271320421937,3.6743798845019535,6.349411358607645,5.533446265842554,6.858082189572612,5.320540819749928,5.444232763381873,4.155387257269555,4.361347102043696,2.4723967801001816,2.952572446248354,4.103058216105315,4.605996513322968,4.262614575808168,4.470631272684324,6.413039239684767,5.303845215207251,4.477148459323259,3.6846966848212124,2.7491050563856705,4.224794273803479,5.599335267675894,5.497376800403976,3.0244579750169174,3.108534298320397,2.8280760813257517,3.121220369295859,3.542229097116369,3.899135711441303,4.16841390723521,3.3183975399818078,3.8563070581220855,3.4324341793553494,4.817310427703819,3.7116330809442855,4.094257200048665,3.733673953207181,4.701224066250207,4.336374246984799,4.664828691570932,4.7171921509404635,4.434485496537703,6.689433878012198,5.993267163238506,3.0591230990435636,2.633090670611762,3.7739370416740634,3.3151046920796077,3.4996826112936885,3.346654850764531,4.2202830040833765,4.182130415790597,4.431357804591612,3.478715671428319,3.6611721358955958,4.350958219229099,4.247463803944437,5.307422804734255,5.856370036696412,3.734661589270005,3.6250783596545486,4.2456358093364175,4.217786738158014,4.228059257582945,4.520569792344655,4.8569394468318015,5.492261718626402,3.676975719145462,3.1195322383744606,3.5071533257438956,6.91347422408521,4.585438784996787,4.019943929757273,4.062705259066259,5.325920036435781,2.9610304299537966,6.54923866175847,7.096120896957528,5.68250510357772,3.5356819495971674,3.128994928028234,3.6688812171651684,2.445013127672615,2.4659377213291367,3.3992456905201016,3.026521713982513,3.3420996328835493,4.192991039354837,3.7182736695104146,4.041646388013277
2019 Q4,5.030091061111617,3.685708054693125,3.6921426676690405,3.444228506139995,3.338684946835082,3.2943432478518426,3.532093406465872,3.9034819965305503,3.8856459012147493,4.53520957258447,3.901132509878248,2.6991040610242143,2.7031539350629754,2.938093999037983,3.0317185603122185,2.7936170602196495,4.360379483270278,4.220394723535431,4.347038461904934,3.2415502045434637,3.0852604476186833,6.091849435257766,4.549648564321478,4.7257829468473105,5.433688704491284,5.721919481279442,3.2128676724407383,3.254183647325885,3.06330332245469,4.52846564408102,3.7572910176047447,3.14886975230821,3.3070602037934473,3.4262853794556394,3.359362851085131,3.3073481263891145,4.990548043350029,5.030366585580934,4.701935413389581,4.328209400626911,4.362219513598948,5.385944050879854,4.698918269938926,4.853100765442449,4.05864017316731,3.4670055612746724,4.724168950685688,5.49451825745562,3.650613081916661,3.72796700014444,2.5401985572936687,2.6018828070514104,3.4969229874699783,3.0528504379210184,3.234166589266239,3.0382233374009813,3.691372230478954,6.36076771306238,5.580078922498103,6.958735507974951,5.374830208956612,5.430567320219158,4.152161392690651,4.385154264041854,2.4095224933058055,2.9455738594422067,4.13992656119884,4.615832735039082,4.25939083134392,4.44466974968059,6.253227417034606,5.283224372408316,4.4481901743777215,3.6439840620720103,2.754615084366461,4.226195505641447,5.614419086652963,5.4911298655217475,3.0404231168120117,3.1237646346466152,2.8667537670224803,3.1464038157286858,3.57021200812084,3.912469862703015,4.286948821761629,3.349387419665828,3.964288848377054,3.427552946816963,4.763587426768803,3.723184917442463,4.162587715783903,3.7495218400643777,4.7039282987310855,4.330393651513819,4.658847266680432,4.702078043063858,4.369308075835003,6.72984303994856,6.072146165638296,3.0488574587148745,2.551954904157326,3.7983392603782025,3.3583206501457035,3.555519340070735,3.417662745156895,4.19672651215153,4.210954376773031,4.407190844256177,3.5012281259700324,3.6836628556591697,4.371816271130882,4.269080511443459,5.466854379889324,5.772917323971389,3.774560735036806,3.697753185437935,4.274258001922407,4.215401299575874,4.269733392583894,4.487742697549116,4.88654116248151,5.491184135833325,3.7353620868852317,3.1574625469715936,3.497355922227569,6.887271169515055,4.602642378549662,4.021640540742712,4.058496247703838,5.270586484533885,2.9882925103857993,6.578648654787116,7.116168816814434,5.624783790418752,3.5641947073560685,3.1655770791068583,3.7560322693751877,2.4563676423944516,2.468403263742527,3.3831906977054107,3.0281220750154825,3.384200719350048,4.242051417175233,3.7535289518048,4.070427718630997
2020 Q1,5.0432701169700005,3.7089025344565587,3.6858258495611564,3.465199151619832,3.3676367365902533,3.2808850131892444,3.5369254664843606,3.9087363335940206,3.9161902738175525,4.542413432616363,3.910969177486664,2.7639334766358696,2.6827634813978416,2.9598259205930386,3.0256420275315565,2.7623954668476194,4.384517453358819,4.196814556595234,4.331824557130086,3.2457622298683497,3.112768851316882,6.220121242260337,4.539974235952636,4.6960742929164185,5.424726919824119,5.710884841237903,3.24561701341569,3.2404396762986676,3.0385915472515603,4.498172815809251,3.767701164929568,3.1569699180126625,3.366284202195513,3.4432090994044033,3.327499174994844,3.3154231517625674,4.982463406670128,5.066362488408762,4.709973934367346,4.327550045525198,4.347086573898488,5.436901161404433,4.725653317326234,4.84093742491794,4.035951897794066,3.4908808624212906,4.724873448075695,5.5752737999651565,3.68248610039483,3.7360383386857707,2.58897094133696,2.6195316769552655,3.5266982248908447,3.0579190217139,3.2470030823496496,3.0171479134907084,3.6946828365411557,6.429604526993651,5.5604307677236635,6.869953039098764,5.33042172555654,5.495020909163571,4.188569903195654,4.382769844248556,2.4054768726856373,2.9654517242161895,4.137303448775416,4.590252653915452,4.271962807084231,4.4336430460470275,6.3360388873111075,5.306781024344379,4.489582958393486,3.6787730993301992,2.7630865904417887,4.256352028011567,5.595162887470277,5.500024791415576,3.0457199331514992,3.1492273875339456,2.8544603340511903,3.1509705731713997,3.609778821011884,3.9301696534781563,4.267519363318409,3.3201146812414133,3.883478223553192,3.466226240989347,4.812084406190078,3.7894203479644317,4.125717603468651,3.8056610050303026,4.697282085193146,4.314493624105292,4.703838013500987,4.6950079732110375,4.38188734924639,6.685755208439047,6.110058064841875,3.0488640594796435,2.6581725344684624,3.8703156223669626,3.4114519777929253,3.5361579435151604,3.466861267285934,4.21278157326456,4.208730681513459,4.407155395107891,3.5431971302727683,3.72470693247571,4.436852779717942,4.284648757253387,5.2912525495625555,5.871772696248549,3.737798947375065,3.679512136570714,4.247651483193383,4.204442818233182,4.250598579001458,4.505906529596728,4.839504918742442,5.472180168642735,3.7245742588283797,3.21846770550251,3.5901588331511864,6.886353239648718,4.603087269929024,4.016623955698426,4.05436653672876,5.233055236336805,2.982250027767045,6.611359584148374,7.04903762890957,5.632502414466042,3.5797565161892178,3.2002770414011463,3.731818841807501,2.4744518643582523,2.452586130145779,3.4463940146856453,3.057150895250507,3.313672058051944,4.253555847895215,3.734997594741254,4.026283637147005
2020 Q2,5.081383400533773,3.7271557818373027,3.710463070832804,3.5183583009875155,3.409754579360946,3.344939854170617,3.5885603628017746,3.9397756731837306,3.8536643871625715,4.60107161113556,3.9458113766829035,2.7739833614885794,2.7470795795870786,2.9450651393033356,3.063415706100241,2.81892916682753,4.351512928123073,4.260005947436191,4.357266754192041,3.3074641493358437,3.1482934532146136,6.251456887225493,4.5732124156134315,4.725806769175637,5.500267147239927,5.823669247257446,3.264356443676864,3.236934607534789,3.116669424269763,4.547088426123826,3.781137229313541,3.214785709651392,3.3453761844623013,3.4770701927465804,3.32302460080088,3.3343475502779247,5.006177309716818,5.11999673719377,4.745706127346713,4.369500777657478,4.392980329352115,5.454175246867659,4.743204737271904,4.89612938191719,4.0369085922614,3.502962743479518,4.732020005188128,5.627145064117673,3.663074798699655,3.7872597039120826,2.567755304851621,2.6544364855926457,3.5549167263791475,3.1130327182932365,3.302055513618403,3.038272710430449,3.725827250455415,6.5006308906124834,5.461585599105915,7.1087687215479765,5.275410945264091,5.512659384419107,4.189256331836075,4.38681167263406,2.4168948605496294,2.9851997183730066,4.1714895974150705,4.652252438079889,4.2937250023247024,4.430198755148269,6.36752848591981,5.276492989206814,4.535727252326945,3.7043532988348744,2.802537610022718,4.251039341027789,5.66649743442609,5.575826482624018,3.0707126790259847,3.1790400423405023,2.8912915782547404,3.135279947131061,3.672451054603777,3.978575679698834,4.27873276037783,3.362489849072273,3.9167603196897787,3.5111959716816505,4.755497921458375,3.823523038577806,4.217350541042753,3.8180186576001893,4.727333869451515,4.316374396102875,4.723559713768466,4.67981063286767,4.414991362074088,6.848306663575738,5.940239228497314,3.0956869923787576,2.650069482259142,3.922083064838405,3.4106863881062326,3.662251055882504,3.4931169720820563,4.203521646580043,4.2519512847184116,4.429801961759279,3.5701022600355303,3.775149040989029,4.502553829699704,4.301600868770677,5.461818678390633,5.791645410860426,3.795170854187431,3.6604224739474995,4.2932975907976285,4.216730243589325,4.208435831486398,4.54981410867121,4.876395755310389,5.534413874421911,3.7446035412522702,3.1822981966209483,3.5716281110385815,6.941637130339317,4.6252662289190765,4.050404086300339,4.108940793965338,5.295337516030294,2.979771844195102,6.562483750555286,7.236991721683565,5.651616857187102,3.5483793894632987,3.176488241316937,3.750542700920572,2.4079340342489224,2.4893955518876725,3.470143593319654,3.0691881239902536,3.3872771775907897,4.333634044035354,3.7866700630435077,3.948855142510905
2020 Q3,5.143331312976894,3.8015178643408705,3.8136600003871846,3.5474219537336054,3.4171077460085324,3.3958088340140464,3.639538031991627,3.983354389234856,3.9242723264196355,4.67735444737273,3.98230767994936,2.795021452063631,2.7894830776028403,3.0023480253071613,3.141390647655904,2.873787082042816,4.442402536557042,4.279659482110095,4.428823469123786,3.369594984667801,3.200955024761713,6.340106928844132,4.633172307059444,4.8202349982626504,5.597032113214863,5.886229292120387,3.307970685450422,3.3062389351094983,3.1542399821054254,4.606950702289669,3.8536302617079787,3.255076505923945,3.431736454671906,3.548458223319708,3.471653715973793,3.4027509776321705,5.035544999795835,5.1099476131285835,4.771798501094469,4.382474041359904,4.4204975738084755,5.497817120533652,4.785765928515386,4.9694468178689375,4.114806282966678,3.5747556143074624,4.801459780426351,5.708378594955441,3.6977669833463396,3.864005347734541,2.6302630529831577,2.6839852262697925,3.607427591876842,3.160229178132588,3.315559944712811,3.0751123884756195,3.794196836092911,6.607245627318743,5.649589579106723,7.065593621605964,5.427093531409475,5.535888564862667,4.2635147063056005,4.556206912823032,2.472859744523606,3.0723287233615415,4.265532094812214,4.714428764729522,4.32913102464399,4.523853182647555,6.5046787096949,5.440006036457329,4.594482165143617,3.7376097994633533,2.8213037166235355,4.311431506221696,5.722595374142737,5.748535747316394,3.1772967843781736,3.206018814773529,2.959554732710366,3.1903922376866913,3.6384123216316904,4.037852285701191,4.3529805830351656,3.430373921239558,3.976686444508106,3.5690808867635457,4.858941943066399,3.931006848353122,4.363518189941637,3.9554018479303137,4.791982928151068,4.382436015967181,4.786827547058134,4.74664264690803,4.416479133274936,7.004932707877716,6.3268805854392705,3.148958534894653,2.6448840695137337,3.973347750605873,3.4706225055593074,3.643051520107399,3.553307371473375,4.28625059209049,4.2551132368167766,4.480941130650401,3.631880555781554,3.7997249700471114,4.538534867072518,4.383844901709283,5.372827072334954,6.0624454442241005,3.775712522043681,3.7919567392969804,4.352319449186366,4.332041512074523,4.3907164295490775,4.574589829302936,4.968087931744773,5.6066078582245,3.850046031588185,3.2641257416178,3.584846721618861,7.084821661942627,4.644957411995345,4.122089596758829,4.069125098329672,5.402309275724993,3.0874641875671056,6.819560774038453,7.380140909715434,5.7555184221110425,3.6723586904077448,3.2443264829668808,3.8192105635007874,2.4838830337661,2.52288166919544,3.551127597667379,3.1012745637374146,3.4581010303548627,4.379805859453501,3.799440068212977,4.2262090182402305
2020 Q4,5.22839677521766,3.8594638811248916,3.861503524356207,3.653150120720625,3.548396667415277,3.4831122017948104,3.7071030080567033,4.053255240081503,4.046847040637974,4.751479769239575,4.0592855281609275,2.875198849865519,2.882547852708222,3.066383446257177,3.2067115902989953,2.946204468800841,4.558555594858532,4.406732773280224,4.5071765805894755,3.501101288262276,3.2837492414643332,6.502929003695074,4.764113516838531,4.904394149796583,5.716516195478326,6.025568628928212,3.376028696539714,3.4360350601790866,3.1938892095489617,4.6482677758422986,3.9487579879964265,3.3458525977214157,3.451193972022714,3.605753342596986,3.5545666646613943,3.492365894657406,5.22190573123906,5.222017973460366,4.863111655547541,4.498323365536742,4.5550831013907205,5.578295624169517,4.920336433049593,5.103622239887799,4.1852441782725265,3.656997751001796,4.879464062791022,5.7985531689696455,3.8390550904738387,3.9375607353380144,2.667509080878009,2.732769965144831,3.6739034327691478,3.270751632089174,3.3853243350549866,3.196163567255964,3.8551037183250045,6.787102091951411,5.757396092051385,7.193406369076172,5.498687340864968,5.681908541487451,4.375177503404661,4.67266064284252,2.5196681499071714,3.097391763634478,4.351169784623978,4.800115799014886,4.396051804706826,4.608113303482566,6.552865701444648,5.538075186900355,4.661317454346515,3.8897499833560683,2.8733636828728937,4.409435736656816,5.88202580124491,5.744032731750009,3.2333103240284506,3.3202960711125007,3.007606720115885,3.303065935923705,3.7605873310467053,4.133066362734027,4.5252939895474436,3.526842885012587,4.249175458914867,3.687388145856278,4.943536139525669,4.0077343240711425,4.4510010464255405,4.05623770712492,4.902980168181565,4.477061477136108,4.866502940753635,4.823914594537657,4.522644175017414,6.987044830910318,6.216167337829422,3.212849665000689,2.7508742639799637,4.037496574012794,3.5706203844349695,3.741806119641159,3.675136714763341,4.35963791488095,4.328332439814909,4.555244901917535,3.737802469838878,3.8598345174644764,4.618043720246866,4.462534023937718,5.397231372493067,6.073750727233277,3.850108142382188,3.821149998806201,4.4046704198087685,4.431236632140894,4.505509240329599,4.644055669447443,5.086546687296442,5.724408013708499,3.9415824773808956,3.350598582955041,3.785908584508705,7.2519405031027935,4.764699075303275,4.2234434643474055,4.172203577151061,5.467721520725409,3.1392252579070337,6.820824260340685,7.436659727486916,5.836521272803795,3.77323677736973,3.3330521109128934,3.9333064376805558,2.567717090028653,2.564902892044466,3.612639226965142,3.2298404852901794,3.516789134343566,4.442152795222099,3.873969337840471,4.302222014766199
2021 Q1,5.29066970685603,3.9314557206951406,3.917389670112089,3.7028034740265787,3.589557250601925,3.5683306649634408,3.7495412154369587,4.093797627439891,4.088397149239807,4.825980140108563,4.13569414664915,2.9516131989092833,2.8996159081386965,3.1105447529351475,3.2672991669359046,3.02791375638574,4.583622366536353,4.500803905521583,4.587069743618657,3.614967237124882,3.3378929727674578,6.547324646959046,4.8617819642622475,5.0293756150867805,5.709697929786085,6.099977476861707,3.426266270362787,3.422261829105554,3.261720557515191,4.738527056716117,4.015489154621342,3.3668083879872674,3.5855280810512262,3.6462740430060996,3.6599602491449916,3.5273154685954067,5.240423242832218,5.326100945627628,4.923211530016239,4.541629958672632,4.595865801606258,5.6835536135570095,4.9839989772616216,5.206555080160843,4.211330554232518,3.718997851356602,4.967861024930479,5.91332096558376,3.880799478871849,3.976431938359407,2.681864460897099,2.7174600473765538,3.7490002518777796,3.3210045583480547,3.419396350027064,3.211478682811332,3.928903469365569,6.867531533457146,5.718678895765793,7.147282767496274,5.6308623396326745,5.72272965144773,4.468918787802512,4.7781232074604,2.6028158580266467,3.174147626724723,4.404843934005083,4.86301691177275,4.476260784752416,4.6761908999209,6.573254601689169,5.593789275628554,4.705178648517287,3.902871211422765,2.863889621124847,4.482116955749091,5.920703556670033,5.760517887710808,3.3731407977481545,3.3695210878960205,3.081334965484264,3.3164600827207047,3.815121244367788,4.202134965481153,4.667091613665861,3.604260209586144,4.226597509849996,3.7201807375086644,5.103773145875936,4.05794851431899,4.510768130865927,4.101455222732858,4.934239257958267,4.5727945791053735,4.947932238571975,4.9017253644328,4.63815190357421,6.961773265587182,6.098311902068015,3.245381559209412,2.7461431998390773,4.088003490178259,3.594140730437451,3.7943727455645657,3.7207157055992934,4.410395255605663,4.44434164033628,4.613850632756447,3.8188298958401212,3.9332681670689547,4.736690046013716,4.542494913749304,5.374676530093655,6.01488816282707,3.904936442161857,3.8803429198837693,4.487751362117937,4.479395967222594,4.628909149190263,4.702714912290021,5.153554323759286,5.826245160026411,4.075852251142536,3.435994046905011,3.843324056721616,7.209809110025924,4.794138366765192,4.232633027508261,4.238937225087498,5.540264315783474,3.2231878145067645,6.7767255965836855,7.375946461998077,5.669649440218586,3.8414115960469517,3.420673025135081,4.011492897925788,2.618540176413317,2.6583361955034013,3.717939577434547,3.2541171555729043,3.597732120195643,4.527780681704505,3.88133207216568,4.405178154201808
2021 Q2,5.389748471765434,3.98433577028487,4.015475479818936,3.760668991465301,3.631735089823395,3.6200583840848086,3.835576096063121,4.158332672081229,4.152283287830383,4.919375940603885,4.229099305717321,3.013337731090169,2.925897577078187,3.2025074096400834,3.3300759196897882,3.075706710073431,4.675766105282287,4.577209333002093,4.691431904057054,3.668298797976734,3.438079823015741,6.656974784460789,4.97383067830259,5.124355927618921,5.8309980051739405,6.170207999520596,3.525329129776946,3.4669395310754,3.3634617741123356,4.838778355977701,4.085813024558093,3.5066839431984267,3.712932106862865,3.747239198696464,3.692221282276636,3.630961406282566,5.342203745929262,5.405057040541721,5.013300136501756,4.651598490959678,4.686201704702105,5.750415072717842,5.027021789844338,5.302609022232151,4.329242422171727,3.785270917952896,5.070195556749757,5.9423883538048505,3.937032408265074,4.0765669561770315,2.7788671929599396,2.838383517797552,3.827591340572424,3.380315677999221,3.521553302106466,3.278771945348796,4.030156242357026,6.838697689129488,5.634250512439047,7.089861797071375,5.634469544615659,5.776223345357823,4.568303565426487,4.962356623581203,2.6269569326172837,3.215440319264665,4.479181036056272,4.941174887342492,4.497448677955375,4.715114572585697,6.78347732589159,5.6176044861259555,4.759890537274021,3.9997633963996284,2.927338248154562,4.591009640354921,5.905135068471766,5.82120591981837,3.465193768264251,3.4549517865966513,3.1867657029951313,3.4421648009440817,4.008067409816763,4.288823068660603,4.716554269054146,3.7199265411811244,4.313689103710502,3.8029152458341406,5.158071666190002,4.110214124962087,4.593382598517182,4.20705507752753,5.053996031054945,4.66951543366202,5.001618840001269,4.994559793334865,4.706599612657703,6.956423125054132,6.145438593179726,3.2831274661096312,2.778756653165031,4.188912992170783,3.7132008948881823,3.9003405444372423,3.808174791241943,4.4803439373578735,4.520414183013154,4.707390537544426,3.9273426582840716,4.010891329467052,4.822094513664777,4.620325937129761,5.379687365110452,6.1301502322809664,3.965860715420599,3.950410758679458,4.567937287382004,4.557719263362569,4.761839675482913,4.789956979825642,5.228969318337092,5.849728576048156,4.120961482527823,3.5518798593519794,3.9622531522429263,7.208916732585125,4.9146040524844485,4.3170035272079375,4.2651268344022215,5.71243409525066,3.2307669799079077,6.793611146531818,7.318183435436693,5.726215294094185,3.9311284730394047,3.4839257043830836,4.113844848129049,2.638914813387531,2.644428219415879,3.802024912305869,3.3441076024307392,3.655168058814071,4.600930353492552,3.9607853206051358,4.447767943822055
2021 Q3,5.4413196628622895,4.049010206014785,4.0997569697592695,3.8910671635673855,3.84705380160041,3.6679445938705877,3.9216050705739,4.259502842492024,4.183419874761074,5.036730491685373,4.3378575519679226,3.1635613908892974,3.136401090155465,3.218450533684929,3.44069654845577,3.1372945851016816,4.712038750123437,4.67495263835253,4.726434322308227,3.8104821554143182,3.578661852453023,6.754615809594153,5.114175655077356,5.243756332921839,5.890536482937904,6.28777736595626,3.6110497275737456,3.5549703137309923,3.42492191556764,4.900545914436916,4.1715029016610305,3.6798934433987727,3.8196447432377796,3.8491617493857855,3.7832420379057634,3.7031621055639614,5.394399629839072,5.575513762965155,5.107149151307767,4.767060984951724,4.806735213756438,5.708685181482403,5.129929877474542,5.479857898771889,4.388566640746742,3.8701121985986404,5.187280221362709,5.98372318469104,4.034809436024266,4.205457258907159,2.856932807409412,2.8948019594228422,3.9033069745758024,3.4844849086847316,3.609968446736213,3.3788380364250687,4.1118709736545265,6.928354305754705,5.685068453271199,7.277618321515717,5.781879233516745,5.689434029656359,4.7102828617166,5.125041875068202,2.7757573773913906,3.2940883583719343,4.588029814624233,4.988996266890908,4.587752027951833,4.727114300380196,6.540677208866132,5.608332126590415,4.859979049948031,4.087353477897841,3.044228628155845,4.77445992921162,6.045619642421864,5.882969736323439,3.4782249070975104,3.5295617580757686,3.2881255148562247,3.5087963970135316,4.2124438607786026,4.417816843710496,4.827379166698957,3.8041186543423118,4.498277321089688,3.8995431636854905,5.181726684056393,4.201929189798097,4.70646050867038,4.3558389748744375,5.210592803347054,4.769830842526564,5.1062081567223645,5.080200882170113,4.832710787227789,7.051878420576596,6.150536780092109,3.371339391161769,2.837046851145526,4.301053604514161,3.8119045727636895,3.991348655643672,3.912788555598978,4.6828494149273086,4.702077495445905,4.762566462392135,4.040818975807979,4.120404707760086,4.925672535871358,4.758544283293228,5.319612877641061,6.173406378227101,4.0577993106470265,4.126942295516328,4.656135039323166,4.68786228996653,4.907467031332354,4.910078362030899,5.3180276561507505,5.972739167688484,4.209334118082776,3.627682162366106,4.21015442869968,7.2139179221009675,5.031248645855775,4.445874416841112,4.3463364605892245,5.879791882272945,3.365392855460263,6.831737492019215,7.464136125770291,5.793659077619233,3.993599222505158,3.6043021590747957,4.251356796174279,2.7307191976548304,2.711635685111893,3.9447847467689563,3.4780088420474287,3.7518869628968576,4.667460878548837,4.053542874549614,4.800305922238815
2021 Q4,5.494737545752558,4.068852985163771,4.161871179203208,3.9425575174443193,3.855106808290813,3.7468451914254977,4.0136295318265205,4.3152656580483955,4.225145175461719,5.082992467816786,4.434601863535248,3.218447550572618,3.067354682201427,3.323697194709326,3.470204664659762,3.141920952007414,4.80565020964049,4.764308996140497,4.805357588264416,3.8800746549290963,3.660490975804511,6.802099358319814,5.175342169282151,5.3492618666227285,5.978502041332854,6.440735183458566,3.603610574504393,3.6619461994994755,3.4483282990975783,4.995510804411463,4.305833162156144,3.810083470869796,3.926771698443486,3.86325973239774,3.8299994389395344,3.8334146215707467,5.511318052719032,5.623456024951848,5.158674330408732,4.85017899201291,4.942901179531155,5.795011235378041,5.155537218081253,5.519386044793139,4.425728059401389,3.9109388410748993,5.25673596201831,5.953390670890492,4.1069189259066405,4.305563128304082,2.893165385422913,2.914077089031415,3.9536181248091755,3.5567036493909643,3.692623231103811,3.4129264696394803,4.2162339862387554,6.991190281462275,5.6246952411895625,7.333398952841735,5.788688433000657,5.839198085148634,4.863061036064105,5.2501825689833375,2.821521760310706,3.3975428581984075,4.668338690185442,5.009514247199044,4.684294433304391,4.804866757673097,6.7264926183651825,5.623116117895421,4.928986227010266,4.167945002936466,3.1144688426220593,4.8575608103959995,6.075192117875496,5.928181061040383,3.551494427436275,3.5137605577897952,3.3825389613049617,3.5691813318569734,4.251785517668627,4.494103459003143,4.882642193836627,3.982259224693977,4.534163491496966,3.9274450661445,5.489695584597996,4.252976545888896,4.7511057617559125,4.466525375871089,5.343650091435595,4.852668765747047,5.15907462179877,5.1267952294587955,4.8780182009936,6.972375425642251,6.211535775579931,3.364651825827999,2.9390427344893753,4.38574021372188,3.908522942960035,4.063858002777912,4.015084383368824,4.6780497643501135,4.873205764243972,4.843376473599646,4.214137381907417,4.281142712683698,5.131798548585696,4.884593321055695,5.364446075725435,6.15940483681893,4.118321971012684,4.16772639926489,4.703984138300311,4.665269021375018,4.981191914089055,4.957212927786523,5.399766743624579,6.0105837028410445,4.299245641592869,3.712703905864698,4.315949387452968,7.248169355655144,5.103274182358839,4.510051401915715,4.399844507011506,5.886278482011333,3.429806698701333,6.809392180912829,7.347595015148437,5.7164354674052085,4.140191655770419,3.6997441702915936,4.366344472356906,2.747679169598473,2.77773596578677,3.9747518774489015,3.5611760652016557,3.820836971522731,4.829811973612175,4.126101347488445,4.904383270718967
2022 Q1,5.582580568327557,4.183923305561531,4.218118578927826,4.122063158396244,3.9609653277671497,3.8193017266838734,4.108394495923005,4.394185709622363,4.285321026642356,5.222470461763834,4.576606218177574,3.267311470129279,3.210038164656177,3.369578810191846,3.580261989524506,3.205595256875224,4.930746424346757,4.89980143998238,4.95346588303887,3.9813353816718706,3.7501462110482566,6.961519814406431,5.341943936617715,5.442650084123091,6.021357305798605,6.559202242331914,3.695716559125918,3.690595591985995,3.5044891079173435,5.106820238955781,4.336641208974162,3.8440785187679842,4.058276243427703,3.9521669402234556,3.904144964388853,3.8823721307716808,5.557431688201684,5.7857389049109536,5.261335662220745,4.98483096474205,4.993046804600286,5.848626206812598,5.241062806924305,5.679239838130474,4.515094679715233,3.9973065778100416,5.48153139709564,6.135983538534545,4.116137241123905,4.372875635451439,2.913525046257573,2.9449850523350802,4.100028762181496,3.6631286137412022,3.759799011901893,3.5515925769301546,4.304277601873794,6.94074104379421,5.671640477178644,7.393898468369198,5.842648400038025,5.823957005046325,4.974029659957986,5.379863382654177,2.8109277211452346,3.507713724652169,4.788179688541432,5.05005580500736,4.721170589562556,4.888470088581134,6.602133078161744,5.704107816988133,5.0022457253874455,4.302393516960949,3.195131294854127,4.968540348482352,6.1141150882719595,5.878424862231135,3.6093279282591086,3.625175799276055,3.440945482724923,3.6883405862890295,4.423978295609185,4.627202027454116,4.997292755166057,4.033863117610743,4.9408880809491125,4.061586177640697,5.542255389321194,4.329964626345951,4.925821443798363,4.553299368535871,5.434525599989639,4.9882334396745955,5.295272846649469,5.289866967745615,4.996263258967131,7.154436657599532,6.248079993616671,3.4680621331461254,2.919186420031525,4.509534493660157,4.04717336592429,4.196480248510285,4.02728552072457,4.813562137048761,4.984391749403788,4.950792086839462,4.3534039410002965,4.374172142597463,5.2456817558193,4.96697895484978,5.545521686581675,6.201389050090654,4.216496620067355,4.290013005042089,4.831415435344342,4.832382820687827,5.0382871604986965,5.07623176882005,5.498803781120245,6.20681517872379,4.363815231856472,3.808777430752957,4.3906896168294445,7.297767837080137,5.174280687307412,4.626099449448549,4.467542435434184,5.9064316630178935,3.5162579261381293,6.8905693120522855,7.411948351008503,5.868440818747283,4.177935703491287,3.7645700465843204,4.537375136576849,2.838908897194911,2.80748728464775,4.089419522475551,3.647760333985742,3.969537874132478,4.828039757941465,4.23628938526633,5.078662848250473
2022 Q2,5.6737375389886395,4.27775130197057,4.361453667482323,4.186023487430035,4.023543518694913,3.8750903595693806,4.202799370141618,4.507124299858817,4.419303778690034,5.351775779977488,4.673769111602423,3.3330941018533196,3.234435215467339,3.429565898106678,3.602841034632449,3.275349642881423,5.135626786466138,5.005802362643386,5.010844776982284,4.076369867924371,3.8336032048460513,7.088609672454154,5.480573099742023,5.567909156909289,6.1382611795016295,6.732769424914682,3.796839151737148,3.8309643758657232,3.5489630295542716,5.264651328607671,4.456893679305749,4.000421614700631,4.159157171499702,4.058069627517893,4.056836809254396,3.995404703837204,5.64092123711628,5.844151988570558,5.32860136130301,5.044451591055777,5.157374989608413,5.947009270970469,5.318053567816541,5.843166791599495,4.639477160964539,4.136608130603979,5.57472210316207,6.252252304901357,4.28448686664566,4.552311448004141,3.001141449486492,3.0395561789768646,4.176177656571957,3.7489710339787448,3.804557478128454,3.555186394102665,4.428616466212562,7.06582631273286,5.840037310381535,7.44266957512199,5.915273360811525,5.9611132887750555,5.118633742909123,5.518979007333258,2.9128951825580707,3.5428738424733415,4.881042617558573,5.188848544456456,4.852478469762798,5.030640456499749,6.884120796851264,5.751968906498363,5.126858340482449,4.392874800258536,3.24788928702085,5.125978447884557,6.175163775870677,6.075666072523904,3.6900037456165524,3.688248907632614,3.5860651153727723,3.700608254308784,4.51011816783577,4.707932957512882,5.064640883971354,4.1011166789530495,4.862697965657708,4.141191276237569,5.6539983003301275,4.511649868478544,5.058866264280182,4.617432142007416,5.552145951136375,5.047998884132384,5.381123725800169,5.369232946020867,5.173204569494836,7.157821273810621,6.3345660593470985,3.547938220863536,3.0516313325464797,4.628525123691005,4.134354747355859,4.365226056677827,4.275325661592142,4.9492079296140865,5.07473889780152,5.0217756602579,4.399718604512128,4.449086384973327,5.345904743051016,5.115631978919224,5.443787391829603,6.335709864018127,4.320394754261142,4.344861257503412,4.9463176735642955,4.871838278460518,5.19452009509844,5.149014756288461,5.691125047233217,6.270014057177516,4.50851016045351,3.938570473104483,4.5331726671849735,7.451120730024857,5.340662933671612,4.73747728264814,4.578241738930023,6.130021608822029,3.5906786111532294,6.921660481623243,7.510268993098217,5.806346186379527,4.349115126380824,3.9120054686830352,4.6719859331549864,2.917738602222932,2.882856780389322,4.300795454488721,3.7100593188010786,4.023379121238728,5.00840917770021,4.294371972296598,5.173490076438891
2022 Q3,5.81241154248208,4.36641664553429,4.515778450136174,4.2669665670613615,4.172431304872897,4.0480294003546105,4.326583620057845,4.639104534297663,4.4982980691331385,5.568192446474129,4.874252869486884,3.458567788631774,3.3740426712898115,3.570357768364146,3.75706823753394,3.414152223796962,5.228997314562953,5.125488496788927,5.20030274320197,4.193502154552796,3.9551663823626404,7.492915670795905,5.661663285521484,5.8027806166014795,6.238828431883205,7.0239080814018395,3.9041164844182283,3.8564217386174424,3.7165160992160406,5.418751377202446,4.576395253185761,4.1254416865678545,4.2882764700657585,4.161053844283626,4.183288876460863,4.137739758420407,5.749660473063081,6.097401330006498,5.502270768726756,5.258556795297646,5.30905606974232,6.1258044583984725,5.477065023796812,6.024270239268052,4.806731871188662,4.267033577124682,5.706194041258836,6.272302681524509,4.429353762022409,4.623328163658061,3.112636391062692,3.1474266054811646,4.317596934325365,3.8328000217628313,3.921645769957804,3.7210568000410067,4.580897556702351,7.46262401352258,5.920064540680443,7.569300141242728,6.015920391263864,6.023545772193438,5.29164435228799,5.701671825482603,2.941871975255934,3.700827995424342,5.079975336596235,5.3402375225615755,5.028939576630674,5.135997418760098,7.023847925384694,5.986422328846621,5.308739963402057,4.506800022990205,3.3361811609648577,5.213861415901092,6.4017330835791775,6.16492090180095,3.802433477832079,3.792799409602733,3.673721363203795,3.847824775728407,4.603638038867819,4.8718458182679445,5.31203163438334,4.228915241474426,4.992749157549215,4.248392178848011,5.9029171920958285,4.58592256042992,5.231033507041184,4.863660842392789,5.764486070488707,5.207509679675931,5.529238600259232,5.5498377777867764,5.309990128863366,7.385544667985112,6.407495352564715,3.6257032219660057,3.0614706071512865,4.811000703232475,4.274704601058651,4.410041374252829,4.3258137112667345,5.067153637596582,5.296931357919188,5.168464831779998,4.590005842172918,4.617744539175304,5.499105668571629,5.28040237941426,5.621746249263595,6.45607283373336,4.540329417804827,4.6338290563653475,5.11263137807054,5.031551604014706,5.443378713785895,5.295001901637753,5.859647188136905,6.356582550418489,4.694571102382525,3.968464333913953,4.676156265345695,7.523608362009076,5.48245577273181,4.927367227220129,4.754865791544594,6.2248617416610355,3.7477315691028736,7.165130237113724,7.73283826113106,6.008618943810076,4.4354463243039035,4.046651630219111,4.831212685766183,3.0086931625062174,2.9670980074760878,4.3990788371981235,3.8636002673027257,4.171677123223281,5.202534481354748,4.55801570978524,5.256823024401193
2022 Q4,5.849288244901973,4.470628742680437,4.565306247830832,4.3891163785756175,4.263216638426135,4.0919418572147706,4.385272880065478,4.722167518074029,4.505293123220296,5.652116779176621,4.874223439116436,3.460257115728745,3.3955214135200205,3.5609473200649315,3.7735515831034254,3.4700903524950815,5.3342270494894946,5.201193387047587,5.221152205901863,4.299072782428374,4.070562905520847,7.457776989108509,5.732322876663883,5.816337431429729,6.333289241221053,7.112159695926612,3.9441812637843525,3.9041421588055356,3.8251270330878286,5.464725017135361,4.688784634255567,4.124189355640138,4.401943358562667,4.239254737947286,4.1716163493088025,4.186578816142065,5.773811033204539,6.096338618757148,5.53675352442452,5.299400800120851,5.348813536164373,6.191117108279283,5.569806700867356,6.066739621552717,4.92891389249146,4.325984852245377,5.758020070526976,6.426794377554396,4.581800936882983,4.756981770598501,3.138290705699196,3.170593805622228,4.346629301282025,3.9041593713882863,3.981321117121217,3.714902658051609,4.626865647726045,7.364914033576955,5.866319516869735,7.617392383198785,6.016132870862207,6.1271901205386685,5.327532446672033,5.747867984754925,3.0111569108537295,3.733531159713293,5.128141905860615,5.364699715664882,5.032780680838917,5.172551860448618,7.077485595744167,5.953381678362799,5.279646902820106,4.545592142359385,3.302648056584146,5.282121864040399,6.397554334888987,6.154654996409171,3.8522010859010174,3.8874167737409913,3.756221586984011,3.7778049143760914,4.655391259817107,4.941142247002519,5.418706185527339,4.242231255215613,5.02805999362642,4.338048903956857,5.871407268776847,4.683634040883703,5.182268795412331,4.889257466002756,5.818601431971322,5.242184396654702,5.540613513920814,5.609014453851302,5.3527158252493745,7.392415683023393,6.432993906085277,3.64779083347565,3.0752765520787184,4.8272886334682745,4.288735676260964,4.480651819723377,4.342444900022735,5.1440939200153215,5.381352776645911,5.222911057932729,4.664202539440043,4.740468340536823,5.566056029460594,5.31327294704776,5.673050432073203,6.428767396277999,4.571460185859568,4.654404183263063,5.183063504250276,5.177640428525982,5.493761739927305,5.394708434274174,6.02383428783115,6.514245324801239,4.785661730731078,4.030983538078498,4.753317308472533,7.53930646747537,5.550227788544477,4.948756924820099,4.748078569322549,6.352845167572665,3.7819340341140295,7.107601854069781,7.626287804047564,5.928288877812111,4.445703575578647,4.163659665516513,4.92917530562119,3.0177952423495196,3.0069724395306245,4.402207118309746,3.888038636578245,4.355105339665294,5.179782390398925,4.560633706498611,5.239119188847986
2023 Q1,5.757621276121839,4.399970089377854,4.531407196279429,4.305488948376946,4.1715738110677165,4.020713110586333,4.306047856244677,4.620133972964618,4.522691073845339,5.516073414443299,4.787725242371727,3.4053993100391393,3.4069462463342033,3.5435200933915647,3.731820711803926,3.323139069583925,5.157448948741554,5.137904786574624,5.161750146449056,4.2387692761925875,3.957647775295237,7.3276133274805275,5.569090165499409,5.719775868188555,6.182664211499344,7.001016382862213,3.8835562538852337,3.8309469583518707,3.717747628543255,5.394725759626079,4.598246105128758,4.07617533689978,4.2995415222774795,4.188584312508667,4.226580430121852,4.148329011172868,5.663332821406474,6.042026089201557,5.430233448693721,5.151823514516874,5.226275631657265,5.923362381394963,5.4280564600668555,5.928005571722126,4.816176012283182,4.266244343174217,5.658109693687648,6.312953429041718,4.420719056817771,4.633217402172143,3.071983257279271,3.0378372681109993,4.245589098770245,3.850216056839252,3.9271267956297407,3.657728527317796,4.544360224965343,7.280007608542986,5.805181406038267,7.585853839490509,5.9555720973541915,5.930196681845628,5.238607420621305,5.626883298384334,2.912087056029697,3.6571442381695913,5.082152089930935,5.267995606415159,4.980802239908809,5.117924858450668,6.70278696044164,5.8099056453453795,5.261092094275571,4.58211607028506,3.287450965336543,5.2290992360828845,6.381236871520478,6.124226428525693,3.8203287396842303,3.808736681036507,3.7272399728129875,3.830419627301994,4.642354066879473,4.8720013130872,5.2556532282112105,4.161532374001492,4.849671494034228,4.230667179918095,5.753927492256377,4.6423319835600525,5.195698022319802,4.734831770546197,5.76981886782244,5.163650383930131,5.4824990449329745,5.613680722559318,5.232572472050172,7.179329698771146,6.378769936224237,3.6473286466053976,2.969435626508864,4.781204228109923,4.233053703337399,4.4314522434996695,4.507175752092389,5.040899088659173,5.307377733200841,5.163260061166391,4.649649202334568,4.6014639089486815,5.470210000030519,5.201490038557101,5.3618256597517995,6.2938429802180025,4.530844678592442,4.494392966635224,5.041084143728476,4.962540335353632,5.366101421834748,5.267668945511109,5.921700488425224,6.341419378195908,4.609600612877757,3.945530855050202,4.6592542657386975,7.348565703294528,5.502575107756829,4.812577197593513,4.757229346473951,6.094226360515699,3.804435680043644,6.975597242706831,7.5392141593588855,5.671761516758803,4.402915027148888,4.093809195573255,4.744508788482021,2.9660175426431503,2.9885195652755403,4.342615116429598,3.7996621341484644,4.2173508132854884,5.168474724251557,4.5743005139146335,5.053284687529947
2023 Q2,5.714327599295448,4.412856050795849,4.414944547800411,4.237960711286786,4.218617283758043,4.064907689029424,4.329815246281164,4.592049166993991,4.512397835319926,5.4500411077261495,4.77631421683039,3.4367108196202283,3.3804359830266777,3.555933094230685,3.753807466126767,3.405496221981523,5.169718673736916,5.087632034769367,5.141304607515249,4.279935859887244,3.973170068411367,7.271136540205974,5.532898943942045,5.609135336439158,6.1572375332557066,6.950576229794291,3.9299639445675183,3.846139820448506,3.6969935955719464,5.333244535111934,4.604238154690378,4.155870367485415,4.295665844374784,4.218100139219986,4.166297463859312,4.142573894406199,5.687053094156951,5.73381455660251,5.38415840972485,5.087031013511013,5.171347521827806,5.822642640814614,5.322740495242655,5.9462809979708675,4.769403939476172,4.252757963860869,5.571399417408646,6.286428602705205,4.474576882116361,4.730527404920118,3.09049124357557,3.103468483740507,4.234100478022068,3.8412181433963064,3.8984503815528497,3.6712118897532546,4.497853181700842,7.203181337868869,5.735009354344026,7.497591910694788,5.742069939118406,5.794614710760739,5.178816823641487,5.630923166508362,2.872603909454789,3.6488284569295377,5.022460207502967,5.196214618386996,4.9267004629975455,5.026008301357421,6.902254579187205,5.757730387510345,5.2191119380098225,4.438174116100706,3.3172911876957425,5.140482741076802,6.363809850564898,6.177978206957789,3.8240763153455206,3.857226515871617,3.7088078934481583,3.9636429381184057,4.597838782861909,4.863150130190406,5.421393310653607,4.041041715200421,4.989075492819299,4.228237392939586,5.6751263290261225,4.619551327692239,5.175060880870527,4.826984615925511,5.699665406646537,5.106488590762325,5.366634599734234,5.607207760892639,5.218072567167135,7.172596002476644,6.196944105743107,3.66654400882106,3.1310775534643374,4.770995834468252,4.196052727283901,4.436957376166881,4.43817520627446,4.985950216036835,5.170041271835059,5.1447857090199385,4.579593538285049,4.62631235176577,5.384209171497247,5.14753234653704,5.336000956613277,6.355768556586262,4.520988843550489,4.470565308244424,5.028794191019834,5.085197849694283,5.352510205767203,5.24749592718212,5.662649329870529,6.330686984862161,4.601269503867661,3.9626460217699355,4.606797229640104,7.30400813682486,5.460331798257227,4.820576734515228,4.712358472318431,6.138936422900346,3.775938510756876,7.002624985292095,7.411212236838491,5.728888604317552,4.416238435648415,4.0487331139095115,4.682371240674276,3.0425741559637816,2.9185650129678167,4.401468209445828,3.907428670821565,4.2133408375414545,5.206254324506027,4.475040130430472,5.016228138414672
2023 Q3,5.78661666452474,4.433885051315982,4.510855992994993,4.41031554871139,4.312310239152002,4.11759576060321,4.398809511209657,4.655133863222374,4.5895721801072735,5.5093559353346135,4.841293098260618,3.4840975869465947,3.4571338440149697,3.616756045643909,3.808923683027863,3.441163154193518,5.199988171726974,5.153905623248021,5.218799451816553,4.287421138112271,4.002531237570446,7.3670243267076945,5.470454144080011,5.721296719889373,6.229866160814661,7.044317154750624,3.9378415812021177,3.883257123131276,3.768511386071054,5.357472769466345,4.667180943862816,4.179846990968099,4.400523412722184,4.249800090853636,4.247793034707522,4.1716208047042835,5.7071589180244215,5.925522890465549,5.383438530182876,5.160087807222599,5.206308380390866,5.997785955956333,5.48589034124292,5.912176651767138,4.8481608541724395,4.336002270197873,5.562997897951945,6.31866076832624,4.514132522657454,4.659464872966122,3.117491084652165,3.1154572983570255,4.307507909011084,3.8665545480829935,3.9527489331187873,3.7079199063753765,4.559006087835733,7.384983026359196,5.706378596378178,7.404990180079053,5.970823372195093,5.968353282590946,5.2097454028649555,5.722571755410499,2.9441969213048202,3.723209001015565,5.077018228764529,5.244129408174216,4.929959192596621,5.133674812562657,6.837215653501958,5.92808413149072,5.2105080831644255,4.580461652255134,3.331716089026575,5.141123815071288,6.364109730547027,6.173033045152796,3.8883301872379428,3.879584846038087,3.7246549715819857,3.8242579291549252,4.676876465166331,4.866792723255646,5.252379567558759,4.281777677598357,4.930434559064317,4.338264166768172,5.704692280941619,4.733155859453765,5.243937691792677,4.874015364836006,5.648721503275706,5.179134333916212,5.520894736375411,5.515851831522312,5.269875273967313,7.364399035788613,6.235233724951091,3.6984571511519655,3.1126640114766477,4.815446652287478,4.295108302393793,4.478152527526539,4.44449855277779,4.99019442842606,5.137758033044251,5.130563000770024,4.603064964767545,4.592168337129734,5.4047944305081135,5.155140810826318,5.490853964504728,6.324077886853687,4.58304301245821,4.612909469790429,5.0608970304485315,5.008354604651233,5.328206038595144,5.24826638379051,5.840908355567977,6.295771470234525,4.790806680815711,4.047459651354623,4.691603699380116,7.467079687137359,5.411207198196206,4.8575623990540775,4.694541412040548,6.190852080543475,3.7043865933406663,7.06067005526038,7.566908593764032,5.756156304110205,4.462429503098069,4.147247738949187,4.771721534249219,3.008120695465055,2.993691243366609,4.379445072878371,3.904905119917307,4.237397235412578,5.273578887564875,4.573786892946512,5.294550798960656
2023 Q4,5.662271596899179,4.388936870042962,4.482428456343861,4.430280845943444,4.336472968429148,4.120363957821603,4.364903020705662,4.6169790998622124,4.396331566046542,5.49796347335285,4.753351965015892,3.481667099526635,3.508126128677998,3.5990815455679206,3.8470261788546916,3.4340062968828433,5.080123085160825,5.03656544749583,5.09410697999675,4.283051636995139,4.0721671314720105,7.287761043686238,5.424486306714869,5.63085252947386,6.151415676588797,7.07245054487801,3.970939981167951,3.8802322555999362,3.7600865168781414,5.329684376695091,4.656842303444204,4.186323034015783,4.301333658930375,4.199584110555426,4.1385057425377045,4.212002506372947,5.618100816326882,5.805712292720138,5.409184477474798,5.062395636711858,5.126859919226938,5.847451146182717,5.389666379766912,5.756212266361466,4.774617947647403,4.292145293880356,5.566441303021552,6.185495176643403,4.4933824046801565,4.68152400238834,3.1374046918444964,3.1953680781683977,4.2454255071633415,3.894570664345741,3.900009519076742,3.6248582328959715,4.448962396442479,7.180491295557496,5.617235455734011,7.493296137757011,5.913098898769993,5.946835215433366,5.213683108501026,5.67636334439487,2.904360442722933,3.672868555146276,5.093569050973755,5.184637416423583,4.905349219349982,5.015861190652533,6.617268510134924,5.840855611397275,5.14718600564412,4.522261215885063,3.3345651546354738,5.0676657508513205,6.192146647925226,6.102273508993812,3.805996042334506,3.837956679347307,3.801882029303525,3.901987141649051,4.592187786190287,4.805810771172302,5.188347850622181,4.214620387747684,5.112926641963094,4.293333741556577,5.640184725894734,4.729481915400002,5.147880502410974,4.871183304039643,5.634138402428775,5.1224107324607395,5.450124295475263,5.547083890300337,5.215198845765136,7.370492129992397,6.316991765252677,3.710829598876278,3.0847745812361627,4.854314475101507,4.290418433829996,4.472118924923258,4.4301456719458034,4.926928481930693,5.05970806197675,5.102196475755098,4.60993080950846,4.666546673711577,5.447665477819838,5.100969925637182,5.526744842314953,6.328345932732318,4.417941584189042,4.532526477627146,5.044323736362779,4.982143495974009,5.310219887301586,5.19526056543263,5.74574581764155,6.271951258369336,4.709262329630397,4.051186902422487,4.603593583442347,7.315729017296677,5.39662476142648,4.814651426296969,4.665818628165738,6.186612459535472,3.697839653065328,6.9788575311748815,7.494382464252157,5.684720189069802,4.472182941840361,4.158867167209664,4.718567075990372,3.0085337853950516,2.988369120252274,4.388364256919281,3.9300998512436873,4.1431398760092435,5.300974934413663,4.45002815436578,5.251490757089649
2024 Q1,5.642942901857769,4.401157464056579,4.455184022801218,4.407459340720503,4.209949666715613,4.08974270924508,4.3644888331891245,4.603809435543008,4.292815409896803,5.416639455014706,4.700710907575811,3.41022694174513,3.438410817317669,3.5334395620898964,3.775557639238874,3.4748034938563848,5.079751815398024,4.965822900662265,5.044725896031851,4.369559290852172,4.033071008806451,7.071135508933931,5.340921566112787,5.529123099215073,6.190966861838905,6.798972571491484,3.9568752585078504,3.9023989845356657,3.7101474538519406,5.29893191252199,4.59236772045515,4.165379357127314,4.4146188479110196,4.216692819993271,4.243491402068568,4.1935589613864614,5.5810311159327535,5.792961267806666,5.369177320374866,5.0161093934824,5.067739886487531,5.834556962982583,5.311462714613318,5.610655550807494,4.778984877798605,4.234435720487904,5.537567397830869,6.167128777099058,4.484387316000517,4.700161507370646,3.1030363478198475,3.18730983192173,4.233773811835777,3.9152031945555916,3.8848782113675933,3.6545761910326684,4.4859759970810025,7.156799953857147,5.705246331270915,7.434017520909825,5.664563267762638,5.968713605852226,5.103659411286032,5.618503713685236,2.9428359691821533,3.700347647818163,5.044100669855028,5.175368667390943,4.781792574057096,5.055912832458476,6.801701874833126,5.7704980410248234,5.066521200702146,4.577580162482087,3.3059123257241403,5.1553827993800345,6.199374886621508,6.060930628833048,3.8839312055475235,3.8605635539379968,3.744398627405975,3.9071774134839496,4.538670367648791,4.759756801401113,5.109800377458713,4.156575415937398,4.836773317440023,4.2620041037700895,5.474668548095499,4.7035898241011855,5.314133021771562,4.875276809295916,5.562657280741477,5.087564724648132,5.41232657880787,5.378928641763209,5.217522242949014,7.203236111723284,6.32817898476862,3.660938551083021,3.0797001941977564,4.771856343500188,4.248946450491647,4.416895545823659,4.390930979899971,4.963116053609052,5.04541634109061,5.079358964246439,4.624759059844863,4.5123358897854215,5.336874126449497,5.019029303571152,5.288174360393263,6.150389732987839,4.426907827084582,4.507506823714461,4.936074315326851,4.901534619173108,5.248064530892653,5.171864502553913,5.651561428951,6.255086054594434,4.733818125495633,4.00627145337672,4.6380359582274675,7.254318357787307,5.384506761342363,4.798189489463751,4.537813126236791,5.9848554531899465,3.772363007800805,7.019931984314721,7.480136956431248,5.768479364919534,4.401818040806742,4.114156089238934,4.5375597103824115,2.9448554944659593,2.931487233986265,4.385196750114998,3.9131551822980364,4.291079294745868,5.248537317698236,4.410259871634143,5.125754355082956
2024 Q2,5.694044940654819,4.454928915652298,4.512918193071157,4.36647691225948,4.278619801141413,4.166732383127508,4.408787697707099,4.651754979426068,4.457162543711363,5.499877892146856,4.7469068066393225,3.486540697660768,3.6070488009075405,3.654230150672578,3.882903693026689,3.495215971067854,5.111350733203131,5.0124337718015095,5.148582079331588,4.390206468245451,4.1575070463968675,7.183228367671987,5.424728096405791,5.527288134628011,6.162552751079287,6.894526682563379,3.951216789467745,3.960051594853716,3.779480324374944,5.271725070260092,4.693888579191756,4.193017598323132,4.3914470201632385,4.279627011469573,4.262472068019281,4.227393727199577,5.571477263540725,5.84039004864614,5.448692446525152,5.03100444434455,5.09577080816754,5.9194502280125985,5.3175093359954895,5.69412894616629,4.830593564746507,4.339408103760169,5.539444550729892,6.274220558931576,4.50203619175727,4.674796932268886,3.113799066186752,3.138214616409456,4.302343777719224,3.9272478629639114,3.930979981716459,3.7060969648426654,4.508920084695627,7.2858870606165524,5.710279196945713,7.505615855901336,5.924702228900496,5.965786160707662,5.132390176609942,5.664996031000483,2.953992253472859,3.745893687537816,5.106624429475564,5.233714880969385,4.888873536010499,5.115639782676105,6.8102683142026255,5.801639227403849,5.204957092174336,4.620026047002911,3.2832837477267,5.031304516595125,6.242259076411088,6.129546373739389,3.8150094276445796,3.841479729391212,3.803841601292968,3.980353380671432,4.570962597909151,4.79494338219209,5.407919536338624,4.296487581343235,4.865221599705074,4.348818300856458,5.713333500751244,4.816847737012879,5.25497937120683,4.9448072176991635,5.580469450386861,5.133110754980106,5.417931647927897,5.563605149669922,5.232986694420427,7.216501126233126,6.26563556917091,3.715868259774653,3.0711369954739194,4.839228529216859,4.307007103540707,4.49538467672084,4.583679509176216,5.015069175343608,5.094290423988756,5.1325724508191986,4.7178700999212335,4.59757659072254,5.37910096222654,5.125348903939232,5.5038562287442625,6.485558300876739,4.499698909897187,4.586805497090003,5.0332202611281165,4.9454162615369155,5.323027377538656,5.238041969019234,5.688526521506752,6.32070662570339,4.800038387884581,4.081496010749016,4.757121374493948,7.488710420894882,5.388588656504105,4.783581695088213,4.66257292321857,6.135821709421926,3.7694068922860895,7.109770912726806,7.578019553733032,5.829670501268365,4.410752441429398,4.189707490505035,4.694330852479553,2.999554707341573,3.0344420767334137,4.409170014411914,3.947419818089804,4.279117080819481,5.280780970051138,4.53660798217088,5.145088667294783
2024 Q3,5.799672148330397,4.4855657766399295,4.557526846840594,4.51030535981616,4.349770087360015,4.205481967282535,4.447919751162091,4.688409468132799,4.506519853977106,5.547176998798932,4.798887655394438,3.633198882464321,3.4987843639135727,3.6772077964847183,3.966073083346569,3.569791425020943,5.228496087149637,5.145365236728394,5.130414675079323,4.450616822942406,4.194169549269034,7.32381943138202,5.525897145728302,5.59193092948566,6.2830216193389905,7.064135568334864,4.0405120997034665,3.956671209618944,3.9408832821270465,5.343092366356356,4.748851427688056,4.273822057769868,4.535674810727397,4.364197023739436,4.3603863774206415,4.257147301254024,5.7120695416932294,5.915763307281678,5.467147016178108,5.089603746625807,5.178024019327179,6.004423590681017,5.435018373617465,5.814222946059053,4.838508876526597,4.426710760197317,5.599317881798524,6.359234410620685,4.646916973833041,4.759546773401454,3.167934164466542,3.234716141573894,4.358955465899659,4.026629465727807,3.9561238477743474,3.7053322122359877,4.542242960348866,7.507806774196509,5.773924167940144,7.665691359648028,6.011634561833779,6.065434655943128,5.185622199059125,5.643194646421459,3.0184688669894544,3.7853634440605783,5.189561498356066,5.305404245441753,4.95724980787424,5.169869116546762,7.072435727448654,5.962543505544176,5.263141733814451,4.611405644920237,3.3522179993117254,5.104311919114059,6.443103577823586,6.225397474520262,3.9139226987271787,3.97737534032832,3.9051566203934165,4.021733288225032,4.739609179555601,4.8747492544137145,5.335147139922196,4.337309298604866,4.942535446999114,4.444194083051216,5.707394478500854,4.794155092076035,5.39317597975255,5.03016793242091,5.636816439322856,5.1599566923967295,5.48320781310629,5.570425055486039,5.322073793197765,7.467984234401742,6.479385228107735,3.818812485193637,3.180912351407894,4.836493042654393,4.359533600866246,4.536883584104767,4.646941190605942,5.03876368130196,5.125262417755651,5.274550473768813,4.7622882609256045,4.736501688583113,5.371830814828747,5.1368961655305245,5.499008404003443,6.454348555886074,4.570883959758688,4.720351568415969,5.0896627602707705,5.019002899848799,5.277355152698984,5.318772434209913,5.696176035901407,6.357272039756784,4.894698697922343,4.204362949923166,4.822512104397462,7.636193390171598,5.403762790154315,4.895926580218755,4.859670248311931,6.249203661438135,3.84529709746154,7.1508686576558365,7.705074056805639,5.967136643170357,4.58145915112177,4.2521012310716815,4.625860999466188,3.172545178536428,3.0124874527172647,4.498852770364181,4.052800901109899,4.481720969697308,5.347381824463241,4.621394382386259,5.287516338651124
2024 Q4,5.788538765150797,4.528247634999584,4.595483391176138,4.506879656036946,4.43378515074605,4.2547571968347615,4.528550671845255,4.686054805140826,4.6268378840568145,5.565673968982023,4.822399854146592,3.5785018263810553,3.6301612886743704,3.683499500566478,3.98024299141925,3.6374312714652763,5.126360133389481,5.067642701653942,5.147945436459793,4.5478024220583375,4.286829727204954,7.305265422398894,5.467376033402289,5.613947012184426,6.267935214551569,7.156059844791731,4.110466845101521,3.9960630711430722,3.8575430696375776,5.33436164243535,4.720863951437372,4.318917901680894,4.59187104174534,4.331819058427409,4.39586190244617,4.302966812391107,5.736161012342674,6.0145291925639235,5.3750058513044525,5.122191650590669,5.144847913075208,5.969615607020763,5.404829518799999,5.879390739518067,4.903545964538804,4.44934473556675,5.646117079168223,6.386130959894533,4.673920853125712,4.818799121878647,3.241820287061935,3.195351742851953,4.382122699067089,4.04119237851486,3.985788298295076,3.706186565208382,4.5466181985691,7.538211147925168,5.749220720626061,7.631065858790735,5.9973923775327584,5.9411993122971865,5.232782803886612,5.697699024327037,2.9536816519022926,3.7738525488946446,5.19086084773692,5.300559169007276,4.923805931773503,5.1815180297583865,7.01416294020344,5.959171447042723,5.277945767198188,4.63486334968777,3.3972914624195436,5.120407933603292,6.410333347143106,6.242693830575821,3.9737943519632126,4.013757356971956,3.8653084981631816,4.07057464651385,4.689643108419928,4.896149128103584,5.450140307650627,4.285193245923196,5.06720352878756,4.441037827183412,5.751848349806523,4.725823990687358,5.392613268413552,5.122921989570211,5.64464247867532,5.111441919573136,5.47777825889823,5.557492572847628,5.257117969592417,7.423952506420055,6.46761271128932,3.80904175785583,3.1621864112054707,4.942172173929652,4.3750764420439365,4.600646028279034,4.649308685441822,5.066603165613718,5.168072664567463,5.232778093840828,4.775599552089907,4.774101157895101,5.383724171770644,5.260834767757218,5.432743198165355,6.423032577699822,4.493557244094885,4.646563657534886,5.088240863288177,5.059119504577812,5.2035388696436975,5.3141151957857025,5.8879080433932325,6.434392186110009,4.889841222031228,4.198470855651773,4.793168754653144,7.565534520731178,5.462311725794125,4.895627394595645,4.751730369264386,6.19165604041237,3.902238300929203,7.1638164621940446,7.733695092108368,5.864228254109325,4.537450022074237,4.236180878816807,4.769185617940659,3.067791451549574,3.058219900052743,4.523898153863933,4.067692660339403,4.332078976920187,5.32931753840785,4.544501855930148,5.274005323659923
2025 Q1,5.827079049838525,4.580806401049606,4.610640094237861,4.5540295146362855,4.520515977689922,4.311973837567789,4.539220624497003,4.777517549059527,4.569648360540419,5.591215344823081,4.796420670372692,3.62897740891516,3.5928821472086936,3.7198138721781473,4.0103020885203415,3.7208892408876446,5.181872620370855,5.077975513441191,5.1255417351733685,4.5616114075820615,4.306687024540416,7.2493752138013425,5.43620568325818,5.677984201781743,6.328432832247688,7.232874529991664,4.0775044307015795,4.0795950511501315,3.9468591265068764,5.375614391484199,4.735776609591157,4.310408182268938,4.481591301004956,4.380960580657006,4.425894563076984,4.3367731686333615,5.7829486454539465,5.988694306918942,5.457886531372792,5.137820309187607,5.187940783292331,5.964740801446272,5.456032419372291,5.791057862353652,4.915644906093248,4.511894528648159,5.648008400258744,6.394434220887524,4.736938109386052,4.851358782061574,3.2837120953519836,3.3042718344617845,4.390910321268363,4.101100275488481,3.9736614238500474,3.7808470543382118,4.569531092199625,7.5434214352787405,5.656270122879327,7.606643756017328,6.01928843195569,5.914264006360458,5.201772279806284,5.7120495494415,3.0409738858241577,3.851081729012205,5.184061973096637,5.36750306425473,5.020818467404571,5.2229146148011925,6.874126513150394,5.908163173127559,5.312586252315535,4.570852565649205,3.339297314054076,5.092380365369027,6.489188204222132,6.115167695332158,4.091653064579215,4.055225621140756,3.947705913997009,4.03284268861397,4.70045946189358,4.897716407784256,5.346304786346008,4.297527000672576,5.064612256300829,4.479598647060308,5.805227290551252,4.874274031367663,5.444170557379478,5.075661402664267,5.697360939437201,5.209767273896291,5.53369763358873,5.623474909550921,5.354010439030325,7.470100041448686,6.320651873120112,3.8840160235269976,3.1691507158072407,4.965427983638144,4.369364565436956,4.557312129040441,4.566337879595853,5.083138087666838,5.169181721650952,5.235196745946923,4.918213003464254,4.693048980382649,5.486086903747714,5.213960059880012,5.453191345533505,6.453131581178343,4.544629466491818,4.732038269611109,5.078972082079015,5.012742265320331,5.279003924148735,5.3572299505899466,5.85248765294061,6.528657617780028,4.868499186935557,4.247100467368164,4.7476941645692685,7.553427555390567,5.520355652641516,4.9370179596157415,4.835932340696095,6.17699727996946,3.946116827756497,7.077377712609772,7.620748385936327,5.7927143677748765,4.629613657760507,4.233875666114609,4.733746424222482,3.1703084461035056,3.0601409164277027,4.523153313414455,4.121885952773468,4.549757108952514,5.301168357482131,4.567275124017538,5.5185178148751906
2025 Q2,5.759344914556853,4.492823938356803,4.60378748298769,4.52212545350377,4.5198444679352825,4.246873854944989,4.5033980675177645,4.777074041184863,4.443396803667865,5.557061662369638,4.7334200897799334,3.6339863263417924,3.7174605588547753,3.735040543242091,4.032282624608603,3.669947088258525,5.137476590451478,5.013990143848869,5.150103781685138,4.594513156783992,4.316278479913295,7.160385996051718,5.441163179363879,5.579192415591888,6.40058145256818,6.9964747945908545,4.0617853136020425,4.042944579017415,3.8542478793911754,5.346683826093752,4.8503803706578585,4.339237431260487,4.594346250157595,4.341562762567335,4.438494805294594,4.3097522570550755,5.772059795257887,5.966336180219036,5.457443525315265,5.083267051979815,5.167307115618677,5.925350144749636,5.467107726984684,5.714686859317072,4.775231201464531,4.503293803325274,5.595126541439647,6.2995933087066245,4.692763647707494,4.791747022841132,3.23937106789472,3.1511403576737083,4.37275856700179,4.096593798752997,3.928267202373056,3.7093939617724265,4.543908852623212,7.422622508012249,5.707899007880183,7.504613856626618,5.9944325542572505,5.851612991966359,5.035802814354431,5.390312709785241,2.9602815424683406,3.810628491823384,5.155996963822799,5.280672387147201,4.996504171936599,5.1743701900375125,6.713230303588033,5.914331221609063,5.2606588095713285,4.644384857961963,3.3972540696609093,5.030748637590726,6.397085351122524,6.004680906097119,4.088093310881288,3.986932961786711,3.965257008692583,4.1024964949512235,4.6632037618940085,4.884712836570593,5.325761634345876,4.241370457960107,4.915834902737684,4.501125146282331,5.780810235410023,4.808969879851958,5.3431466496104365,5.126326965603494,5.747814627475275,5.1250133979875425,5.4229839913336795,5.652231235417743,5.299730355021158,7.580989686892419,6.206710542908175,3.87044676546813,3.2606147662260088,4.95190471425614,4.418199668297928,4.535998315826639,4.653898364392411,5.035136197932757,5.176314812012304,5.177501567710011,4.880251055340402,4.751035430825291,5.357760338439647,5.111433758335824,5.385490965019476,6.391520942482653,4.559046894099319,4.754754668662584,5.042171592865371,5.0153162359077665,5.237434017246765,5.3668405257352365,5.918977671917928,6.425857122529954,4.829035775949995,4.313082263591408,4.748542594736548,7.6589755415394345,5.510530274106216,4.850361553600522,4.7510910391832875,6.184899778152487,3.8320804842229097,7.11053797235353,7.519580294965351,5.980782354004905,4.644057830462715,4.311651472321507,4.560687171423059,3.1033452389196228,3.0767323043265975,4.626634337190647,4.1162763660382495,4.495637361162318,5.328178045298616,4.617283828960486,5.38971537116816
2025 Q3,5.86932721197923,4.463974481954405,4.676384927612579,4.590208868325742,4.63538172545719,4.321299401304061,4.622505870115174,4.757067842243901,4.622650873420747,5.661086488045351,4.866136666494258,3.625900515546319,3.7489702779735756,3.7699648642046037,4.135665167172676,3.7364442198611414,5.176523306102451,5.038917286325033,5.221134818242499,4.590780975272929,4.324754895128098,7.346268172657498,5.44619419486231,5.532730531651539,6.429705482684435,7.335173993769215,4.114563102250775,4.22087133395928,4.057128023251802,5.372775397711097,4.869048988812152,4.4426491626298485,4.565061122505098,4.5023443565080985,4.442921560945557,4.403502222349758,5.763443388742216,6.040203376582962,5.4647548134438315,5.232259259078921,5.12214874393439,5.963968650117872,5.4838851470347345,5.78622129076716,4.945784772059558,4.5566304296752005,5.663647476770847,6.5411154574201555,4.7224887714581465,4.942773546564399,3.2670471404334216,3.339903080492536,4.436925143279011,4.092194131027355,4.04342334484822,3.7217165173176356,4.558419111829278,7.588279837639827,5.711818761846469,7.705845428231858,6.073778279225925,6.037247358134447,5.154662622403237,5.640161161834998,3.0008964100560584,3.984130819838674,5.2606089968320715,5.4227601338758005,5.031581400647193,5.285541262272753,NA,5.997330689807498,5.3082914994212915,4.738595228714445,3.4016401458056973,5.126528306108886,6.474802276529631,6.218632338157249,4.094426148931274,4.213323090855962,4.066680776074789,4.170655512664189,4.742786561192586,4.97295612128102,5.448612757145965,4.218566987866699,4.9703561415538164,4.483551506334849,5.913799401864158,4.969229447370249,5.506395280006806,5.192525122900026,5.790950341474796,5.158402974691741,5.591731557603541,5.531957258463024,5.44456915987794,7.492161378394055,NA,3.910759506449276,3.185050256408926,4.857975975443775,4.394885613876502,4.709840926280004,4.725713112428021,5.164389024665302,5.167461430528953,5.330004181066254,5.033949330471534,4.842276886316244,5.32623970821881,5.225982334217327,NA,6.602183999624011,4.58969436735925,4.7388109321416065,5.207575681117579,4.958597469663005,5.265494384383606,5.3198654169030135,5.9255459795646095,6.417344007720166,4.907076986251889,4.370274241461528,4.745630828369213,7.696373517431647,5.599475018424263,4.994496423063034,4.852478751119699,6.389224733262175,4.042172923445477,7.246713377607384,7.598396488067166,5.744881796309384,4.6107542949432005,4.337614561024638,4.517317869355359,3.062294238965082,3.066469463770033,4.610302643978234,4.178243223306615,4.48822703605092,5.482223680419548,4.664946943093334,NA
