Date,Bedfordshire and Hertfordshire,West Midlands,"Herefordshire, Worcestershire and Warwickshire",Shropshire and Staffordshire,"Gloucestershire, Wiltshire and Bath/Bristol area",Dorset and Somerset,Lancashire,West Yorkshire,Hampshire and Isle of Wight,Greater Manchester,"Surrey, East and West Sussex",Outer London - South,Cumbria,Northumberland and Tyne and Wear,East Anglia,East Wales,West Wales and The Valleys,Cheshire,Merseyside,Essex,Kent,Outer London - East and North East,Derbyshire and Nottinghamshire,Tees Valley and Durham,North Yorkshire,South Yorkshire,East Yorkshire and Northern Lincolnshire,Lincolnshire,Inner London - East,Outer London - West and North West,Devon,Cornwall and Isles of Scilly,"Berkshire, Buckinghamshire and Oxfordshire","Leicestershire, Rutland and Northamptonshire",Inner London - West
Feb 1995,1.0182394005422826,1.005990645683779,1.005494256172827,1.0247467890639737,1.0188282899811028,1.0107371621425014,1.0045415596180438,1.0092765618975437,1.0022939882227349,1.0112583464644678,0.9930357980941428,1.0037034002438443,1.0470591621215317,0.9872133925946099,1.0170533156324637,1.020694228356196,0.9732334375940651,1.0221009173205786,1.030226167744864,1.0200095876176802,1.0101057018957313,1.0069038806748618,0.9803537402703646,0.9955216229758251,1.00514972420639,1.0003014567021136,1.02240103758844,1.0022211418706608,0.9998736646596798,1.0019899795293943,0.996328818035278,1.0285199003583354,1.0090952877929458,1.0181589890959137,1.0043150818786815
Mar 1995,1.0120273294305477,1.0071749113821826,0.9984868812209692,1.0108078028831966,1.024451281655032,1.013019870045932,1.0029073092845577,1.012860451526414,1.0005913208048738,1.0261676202464474,0.9993659312237775,1.0077673899187731,1.047390022479629,1.0070381606695016,1.0178810476638567,1.014591078653103,0.9822437136507858,1.0125853386201413,1.0140583474047207,1.0264540475531312,1.0120766812757025,1.0182692364716432,0.9953081242664056,0.9978392744019238,1.018985653936144,1.0065918433393615,1.0027348035750998,1.00253085415431,1.0298188584151595,1.0045047238130373,0.9885635467037783,1.0083751560191265,1.010220761542231,1.0062671305999182,1.0203674514967191
Apr 1995,1.0164668943514419,0.9838352463886526,0.9951446131383694,1.0061101105674193,1.0188141133860222,1.0078628031428702,1.0131007563593544,1.0086599978004112,1.0076490156421776,1.012482430857831,1.0031988028315926,1.0075800311349346,1.0455088682870293,1.0089083275747563,1.0119744608402843,0.9995526502402724,0.9776089529484396,1.0153977888349763,1.005700890605844,1.016632419121515,1.0062405813832853,1.0184010816306543,0.9887829763257925,1.0010557522288084,1.0263349954734886,0.988016130996295,1.029217405132634,1.000422611939907,1.0136454273373818,1.0100387794400596,0.994003275031992,1.0173704577567309,1.003349471764981,1.020908494177002,1.0266555498407677
May 1995,1.0169328832198758,0.9948132440331382,1.0001488027890926,1.0190972539377243,1.021954261918861,1.0130843939969485,1.008683458788897,1.0010073581433514,1.009113509013113,1.0268376529888696,1.0036495812185318,1.0094583842720501,1.034526078352068,0.9983103524042568,1.021541789342388,1.0078632697512815,1.0007496433886924,1.0215313862156155,1.0035048073475077,1.0236035020851633,1.00788885070445,1.0157392042030362,0.9898782136098742,1.0096963894492401,1.0116255488369148,1.0039486134855427,1.0025583044682742,0.9997228810853637,1.0321999902899732,1.0228863442607465,0.983197097734464,1.023803572201159,1.0054900859782194,1.0186012532387743,1.0117886128258269
Jun 1995,1.0165795883082875,1.010459975462175,1.011138116748251,1.0174167532001765,1.032740662017363,1.0170007902010763,0.9928985197142004,1.0055965672839013,1.0101010512473012,1.0241795277770926,1.0164039928647979,1.0233022340000273,1.0443402963720994,0.9985366774764297,1.0166102817875649,1.010480818912066,0.9943445441152715,1.028277416639902,1.0058292419351058,1.0209448364299953,1.0103870085200202,1.0318171986858387,0.999464854516997,0.9982174177326922,1.0166800127575069,0.9976127053237206,1.013468381895679,0.9957388531175091,1.0479557172364802,1.02242650706898,1.0014664273316807,1.0336399532490408,1.0201535330728106,1.0349539725097783,1.0145682404610743
Jul 1995,1.0132046270995165,0.9914739670805125,1.008326098590046,1.0095928014410362,1.015159848320566,1.0053215105697342,0.9926738962467395,1.0111486800668879,1.0079212376297904,1.0065505351138717,1.0052035742705636,1.0122748456692914,1.0222889052136968,0.9956409353776892,1.015075362382962,0.9964593921453853,0.9812480911049403,1.0141650593615341,0.9970467876173834,1.0207164793752168,1.006291961437544,1.010988637840538,0.9886463761562014,0.994715505953558,1.0086722551440608,0.9916888970601847,0.9982289523203948,0.9977077428021067,1.0282306868800233,1.0279302602414881,0.9890415577181958,1.0137369675493755,1.004740858625278,1.0178882701789471,1.030070832076889
Aug 1995,1.012729158475248,0.9860218267190344,0.9962777459585855,1.0058992372740994,1.0187365762564549,1.0054488849424512,0.9959496655042818,0.9900293387104153,1.0082061931437512,1.0090694655193648,1.0097214013206028,1.0119028382468906,1.0113163425705793,0.9896815193165848,1.0139199469216846,1.0028440168937198,0.982016683305783,1.0186483312329955,1.0003410067880056,1.014760249770479,1.007771673989875,1.01360975955888,0.9825203552713022,0.9881592837896982,1.005426658089199,0.9844991041107806,1.00602812571364,0.9886873505284722,1.0388795161233906,1.0193348926126262,0.996627544159369,1.0101710481760278,1.0116928137070993,1.0110797239059512,1.0388513570856002
Sep 1995,1.0121356153385719,0.9942120592327484,0.9974731403566359,1.0013635210802223,1.0257341113044338,1.008442836185154,1.0000070155965337,1.003393784656098,1.0104067036376307,1.0108705420888286,1.0046941309758228,1.0160417011992384,1.0219987768671717,0.9968600962454685,1.0143126345882676,1.0064111661596593,0.9923326518973766,1.0257491795961136,0.9995695675850781,1.0192461799688075,1.0078704614228278,1.0070619177009545,0.9939925267731232,0.9917027257857893,1.0108875776253492,1.0069977372579821,0.9980427916688953,1.0026496590638585,1.0385820968427493,1.0344745264815507,0.9857543813974194,1.015570904615053,1.0128856539053261,1.0242444793043208,1.027741423338383
Oct 1995,1.0064649686519207,1.0054220801224543,0.9985754447696045,1.0150412031460516,1.0142916559147768,1.0027265703537112,0.9801236932746819,1.0037746384193058,1.0089610473018178,1.007223614446061,1.004970725506962,1.0115188640915516,1.0277812398261277,0.9921977629752944,1.0110332305468102,0.9944901479233881,0.9734701921940961,1.0191762013505354,0.9780811546691691,1.0087794304666455,1.0091719447590757,1.0110597172994524,0.9883732057858404,0.996408921318804,1.0245121998375368,0.9858135235829167,0.9934490508422379,0.9869235850944892,1.053973844514811,1.0352042566214836,0.986427175294557,1.0236177562110507,1.0148880727437886,1.008673359488157,1.0647877580404017
Nov 1995,1.025206984207487,0.997254176350555,1.0064862401201597,1.0156697804664323,1.020021099137962,1.0091716462379752,1.0046747289131008,1.0043569879332848,1.0168541101747781,1.0188513234015524,1.0098636829292011,1.0178099500534143,1.0169505873700493,1.002024529544163,1.0197400687064564,1.0048832154632834,0.9970593469478263,1.009989968499056,0.9837139515558113,1.023767482157843,1.0128591195713925,1.0086192667397538,0.9866635043648109,0.986767909302659,1.0233045211334766,1.0025326463686393,0.99080409148648,1.0027993806222544,1.0430838121343045,1.0244880614251275,0.9755420020756286,1.0171132069663948,1.0147211490247114,1.0179097736804354,1.0575946889725496
Dec 1995,1.0270524761883042,1.009763924475258,1.019562263118494,1.0125207308710478,1.0358617691457586,1.0016522015159848,0.9965106017618892,1.0028369839567515,1.0217906844259865,1.018573473126754,1.0160551674557396,1.0358039636927978,1.033150754195095,0.9980872666087197,1.0126080864952256,0.9991703704108978,0.9816591721543977,1.0219383632799888,1.0024121154198324,1.0323184191731594,1.0142262312151986,1.0248915630215458,0.9905135611457816,1.0097285109552208,1.023178492976356,1.0067988707788367,0.9931927180442118,0.9988321011246466,1.0586124413144236,1.0400898402489267,0.9900894119106327,1.0300211266237667,1.024411955355344,1.0245111348725715,1.0530344648374965
Jan 1996,1.0244103000542695,0.9885983549477139,1.0013598105872803,0.9986112211511541,1.018832105902544,1.0042849750875973,0.9788345646477167,0.9883729475340632,1.0126228482498985,1.005932856203523,1.014823303597546,1.0231921950182081,1.0094817593160526,0.9769225450659543,0.9944013009548635,0.9826275380437888,0.9922458300600547,1.0224513785146374,0.9732042074778844,1.0142572687200968,1.0113499916117112,1.0133005957267902,0.9792643051774351,1.0084388426361237,0.9997284453120292,0.9848911256666919,0.9891526309440916,0.9993514644644783,1.0670661830220984,1.0421745400708644,0.9912064162631683,1.015072877980204,1.0149281830065804,1.0197885908447362,1.065765517587225
Feb 1996,1.0220832812380753,1.0014440670754927,1.0147423819856165,1.0028909136071205,1.0323017750655743,1.0158718098433783,0.9875589884305537,0.9921693517155075,1.0178596517282825,1.0323548319893543,1.0163444546859897,1.0338251952341342,1.0261033278751572,0.9874677220031259,1.00411905087112,1.0114093816437466,0.9728047544409343,1.0104309950772155,1.006534909966144,1.0080119585259812,1.0119691942987312,1.020041826472049,0.9764514034554371,0.969411945888511,1.0013707759243222,0.9966201750658817,0.9971612592333767,0.980180992880755,1.0826437794503514,1.0561650269152505,0.9785720017045947,1.0439248988159842,1.028735230201845,1.0214923519207997,1.0563917269686782
Mar 1996,1.0192684479416345,0.9912813643738367,1.0033053586052543,1.017323276399102,1.0326467357410845,1.0044540816644354,0.9822350999692999,0.9941352386789083,1.031235783025605,1.0257057374841192,1.0272049614324206,1.0276912033103516,1.0280475145269647,0.9952377988507051,1.0123686533421186,0.9990628827714941,0.982455955833041,1.0207742234834252,0.9991003729791066,1.0210996484074146,1.017004952736272,1.0320987241077626,0.9906991194290041,0.9863143791791252,1.0099794180043535,1.00185165254033,0.9861146927334011,1.0006265487483965,1.0793371404425693,1.0471567602494947,0.9900058571322793,1.0169390895592876,1.0303776847847703,1.0265273313852261,1.053213916571108
Apr 1996,1.0233252745139592,1.0075251431969183,1.002898431720269,1.0107128968110686,1.035470361176838,1.0238222597316131,0.9724048502484748,0.9946003174250505,1.0278306585386834,1.004239272441935,1.027898848401884,1.0448915814092619,1.0190288442236488,0.9894691122511067,1.0127234883066607,1.0066399186410064,0.9891228880810311,1.016147699478121,0.9917663663391443,1.0224854490372193,1.0209355978730494,1.032277296990217,0.9779196206054803,1.0009455214570893,1.0083354230833756,0.9967895874833642,1.0016309065212001,0.990267222271959,1.0657869276476883,1.0805689863487034,0.9934680164023519,1.013998556502927,1.0244299356501065,1.0242290546053563,1.0603992170288539
May 1996,1.0346909787845222,0.991580376955736,1.0259201714623993,1.0115455121105112,1.040043042968664,1.0196286145926285,0.9834240848005164,0.9963332125160442,1.0292795444171339,1.0136636618823818,1.0294726699784797,1.0460312223542398,1.0230360559016827,1.0047437664080716,1.0121058040983186,1.011669340891033,0.9886257152443304,1.0194084948472484,0.9994109302625559,1.0255341772647193,1.018851932916095,1.0392285932496703,0.9951208081353539,0.9926763873393387,1.0100641690164198,0.9840408939661266,0.9941272329393759,1.001213601316804,1.0880569078770292,1.0494200900866089,1.0089156041753844,1.0416891669529167,1.0355965917101346,1.021763445384244,1.0638255680436086
Jun 1996,1.0437489991382223,1.0037118433211143,1.0317084949826099,1.013390677315694,1.0549042781247628,1.0261498944710883,0.9954160320625071,1.0084550041467655,1.0390288429356913,1.027031655434515,1.0378615515658172,1.0560735236999397,1.0527801579728557,1.0133565375052025,1.0243275079852123,1.0230492171493124,0.9910220313379293,1.0289561225620416,1.005805298313893,1.0399338148655048,1.0316483038623785,1.0537877806921663,1.0004709996818952,1.0123808778042631,1.016250518373589,0.9948248187863432,0.9994896002952799,1.008493544142032,1.0960228753167527,1.069369483187979,0.9997746197263171,1.0518939020046794,1.0469190275476328,1.0346755655968258,1.1054610986124336
Jul 1996,1.039337302176485,0.9981297036834224,1.0157235299500014,1.0183325069463485,1.0423876752508154,1.0332196757206311,0.9784649392738463,0.9917922629358492,1.0388759407129422,1.009667720377911,1.0437665528987845,1.0465927877897017,1.0096998550927585,0.9936198252576132,1.0219218555986105,1.0080445500834545,1.0049709381495437,1.0218731384661626,0.9848697333235461,1.034170945941015,1.035319558359477,1.0546317003299401,0.9831946188789401,0.9923464877625565,1.0156193397267461,1.0010691220715346,0.9800651540737589,1.011239959873179,1.086462410942574,1.0778253177017265,0.9975049716158281,1.0564323836049094,1.0488187894163832,1.028744148975795,1.094242194612124
Aug 1996,1.0605214089634765,1.0037984379316516,1.0296345684882868,1.0171173074695903,1.0528924321732835,1.0486603736555489,0.9854087714355445,0.9932825700584408,1.0464020538347354,1.0178798926078982,1.0469825558919663,1.0654600721129956,1.011577247844435,0.9990747954693925,1.0228319781205768,1.0214104432930424,0.9992649785110503,1.018116074661685,0.9907819727810626,1.0432940212617223,1.0383274070645359,1.0555862505661426,0.9980418578511389,0.9947532023255968,1.0110129118040574,0.9784064241504817,0.9926319047902307,1.019122190398963,1.0878828505497886,1.0780685928110725,0.9977291455949868,1.0527035218241536,1.0538808345021815,1.040530140127648,1.1197917499451244
Sep 1996,1.057963913998685,1.0148512185405116,1.041863502182933,1.0254263078674832,1.0585984961399877,1.0518485215660496,0.9847100001547969,0.997059535767382,1.0577415215669033,1.0263372710017058,1.062637654828567,1.0681412050300818,1.0407129222931588,1.0027233900616124,1.0285873564280572,1.039616077473501,1.0009471591095236,1.0307679008976467,0.99912472922905,1.053852509590633,1.0419625517107693,1.0672853312171418,1.007706136810286,0.9922773041134453,1.025815387582453,1.0099096941262593,0.9941630648569346,1.005487358415361,1.1148227878587904,1.090214806487838,1.0119982236186484,1.0489487445501597,1.0655429347648762,1.0473635571971083,1.1433373423618445
Oct 1996,1.0613527380032943,1.0181937841264659,1.0373813655447692,1.032925135095008,1.0678448595637742,1.0472379861863927,0.9864306076067078,1.0093789174920913,1.0627022289666108,1.0350423579455363,1.0715657275312862,1.089700961051818,1.0463871182763684,1.0146406074474046,1.0321361594571528,1.034652540855849,1.005445608312571,1.0247665529247634,0.990542839216108,1.0455040999953789,1.049531336323871,1.0640162502764943,1.0006635932650998,0.9978787234695501,1.0394867305561903,1.002396739860421,0.9856174733274192,1.0232776350683062,1.1028909709203514,1.0973174404267398,1.0187558377880064,1.0571893425353742,1.0708406543061424,1.0526832656879408,1.128004228374025
Nov 1996,1.0809720589656302,1.0223768067603767,1.0505347039045416,1.0403931337083363,1.074851551299243,1.0552396038676521,0.9923506499453641,1.0124676550293041,1.0722343611321161,1.0262616270080243,1.0779611090206682,1.0870991379761112,1.0372099826032812,1.0079493040214575,1.0476791182188672,1.0295777993162687,1.009047990320742,1.0366072966916886,1.0056396855928464,1.0696997896902118,1.0514746860666258,1.0824391815078371,1.0073419160841055,1.0055267062339983,1.022712358477875,1.0055925870993063,0.9936629038573073,1.0206969660269238,1.1358344876439372,1.1115530662617132,1.0256917400485488,1.070759692942284,1.0788427929788462,1.055569722777005,1.1468536419607849
Dec 1996,1.0911227686368923,1.033842818837849,1.054382865591571,1.0299777639034122,1.0856321021755313,1.0674431245575262,1.000292530297338,1.0168892791380568,1.0812741408713828,1.0374689040452174,1.0883624404598065,1.094450387096829,1.0482126142339783,1.0215470667467856,1.0491689966578381,1.0294948133448805,1.010860445806499,1.0410011646325923,1.0169097499362878,1.0818468325948132,1.0669421746820225,1.1053940279444934,1.020117194707698,0.9976892547269048,1.0545632033662042,1.0188233206720299,0.9970831023324319,1.0218850084449245,1.1415309087722116,1.1157255603555583,1.0280487744307951,1.0773212552854112,1.0952774907053704,1.0672994827491418,1.1607804309015566
Jan 1997,1.1000826035458111,1.026606409503708,1.0577038983136633,1.0437938920318486,1.0775444193507722,1.0710494858103314,0.9913677390499726,1.0089623350402621,1.0873144656200977,1.028713654657012,1.0961347391291052,1.1100033296855145,1.0286600807101702,1.00467515813781,1.0503397515761426,1.0495008910042243,0.9996235763700921,1.0370299848310178,0.9960600508320113,1.075706318278179,1.071967032789632,1.096210850731994,1.0054721923873928,0.9919689821978718,1.0212866995303802,1.0081857628312785,0.9715995694039743,1.0272103934258796,1.1561349938342649,1.1319334116010604,1.034162022150563,1.093819545805967,1.1028343281385031,1.0702861275050681,1.1769690672823991
Feb 1997,1.1019748451233293,1.0251128067158242,1.0612889354665997,1.0456198321446488,1.0958072097989855,1.0991248912784293,1.0105686581269206,1.010852465323163,1.0974171651766103,1.036637607248126,1.1010475337390715,1.1182917998996964,1.0499851575555974,1.0150709332167496,1.0524501109255378,1.0450454443340318,1.0174397183336779,1.0423095387731371,1.000723833992236,1.0848600725215027,1.0864882935871285,1.1006174781951117,1.0163353352798372,0.9907931257531132,1.0374119296777127,1.0145987945809327,0.990608981649322,1.035617293028663,1.1673457384575174,1.126568575616507,1.0333112394250201,1.0795731360478686,1.1098972020024183,1.066704419784263,1.219017958759718
Mar 1997,1.120656160431789,1.0497759225942926,1.069368581660984,1.0570761289646151,1.1057447582397042,1.0885616607723367,0.9952769204210303,1.025539680823349,1.1067780193415557,1.0471293608743502,1.1208062309723779,1.1289182706540193,1.049494415155025,1.0250666713298104,1.059121757722992,1.0628496743032252,1.0183325898855122,1.0692772619358164,1.0253335201134133,1.1057159985517897,1.094101844382856,1.123132197148938,1.0302018238530226,1.0096136342877469,1.0438613124946785,1.0215341854675117,1.0018722181748871,1.036520730645921,1.1905900032015737,1.1603009060425717,1.0485989233921893,1.0993221820397965,1.1282137863986608,1.0866875002915781,1.2284519220264944
Apr 1997,1.1329170730066263,1.0443164711225261,1.07707142500588,1.0571136063871336,1.1127049625623564,1.101959234105123,1.0036051771379366,1.01627149651654,1.118213725306583,1.0491818628873086,1.129981300723319,1.1469363140831033,1.0694063487269037,1.0276407143030397,1.0715716133046422,1.0547835207674938,1.0272592969030903,1.0615500009279641,1.0170891289300281,1.108212577109692,1.0953167409052307,1.1339265733467607,1.0256153020590488,1.0096750086023327,1.0543310820303706,1.0137609062510609,1.0047687794744735,1.0379291634705559,1.1865497219363117,1.1750565338850136,1.0477903531659853,1.1050208352851207,1.1399300135616057,1.10062341109876,1.2432029958277233
May 1997,1.146347116014724,1.0502913337514432,1.0913299580868705,1.0704947449041684,1.1213205625070075,1.116182496155083,1.0155946045558073,1.0200836774421205,1.1324822887301622,1.0508955474814683,1.147077378983967,1.158477713086545,1.0685305749675211,1.036999827422924,1.0818688701313945,1.0619581162214349,1.03134350756319,1.0648993336926094,1.023574460407733,1.118831666947294,1.1159544805345896,1.1463120490621528,1.0353152245199024,1.015036656906682,1.0645017511521533,1.0230113797629745,0.9927773073908933,1.060746954593446,1.2151295233625596,1.2052719620936156,1.0627281823770145,1.1205810583197322,1.1532085818000568,1.100850010715068,1.274775375829822
Jun 1997,1.1646265262015523,1.0637654267606886,1.10801413576201,1.0752754161482836,1.1387494238752751,1.1255923229230866,1.017427924231959,1.0210303508936462,1.148830187739429,1.055814439304622,1.163134213409695,1.1883564908849058,1.0739711887709413,1.0386144996984645,1.093288236899088,1.0772519942213046,1.045077339281026,1.0736259066582439,1.037327743935775,1.1383814320186587,1.1304915242324292,1.164851630833809,1.0498592529026496,1.0152915674363854,1.0615425674199743,1.023538089973369,1.0066324918708118,1.0697490704399961,1.2452727438034699,1.2227048754188694,1.0713006986863491,1.133119308035657,1.172123927171601,1.111545278937126,1.2889790591828454
Jul 1997,1.1723246518435668,1.0649413155930685,1.1078453712731224,1.0740354961740852,1.1418551857181074,1.1348594559675276,1.0159695743770785,1.02350189289678,1.1596553124434752,1.0530193720937742,1.177058435059892,1.2021248107019036,1.075131668170974,1.0345187871879544,1.10207957849312,1.076006173283123,1.0331166770614928,1.070049509327629,1.0195622676360387,1.1444468323837997,1.1300366052041007,1.171542597851415,1.038622606843133,1.016556700981576,1.0716049093226385,1.0231692236170034,0.9864786409359844,1.0674978970444586,1.2609490396238485,1.2462658703154526,1.0856683833874698,1.1281526508828008,1.1959497188650585,1.1102589176673445,1.313084182743417
Aug 1997,1.1947282670968684,1.0740104970174085,1.1273823812009602,1.0792592387309017,1.1538186419833514,1.1545141448341951,1.0286350580531547,1.0346342117982703,1.185488888320007,1.0435206151603191,1.1954215707174867,1.2232611499300003,1.0705704229715203,1.0557557844276613,1.1075022792034757,1.091269692020784,1.0373647169137823,1.0960471204087268,1.025105767036054,1.157121113916121,1.1509628297556884,1.1816516356455957,1.0564730725081386,1.0079715527042794,1.0707642251233687,1.0241751344805856,0.991886629354356,1.0672531383858261,1.2583338671243172,1.2559627169736558,1.091173150344899,1.147846479777911,1.2127411305075595,1.121217561726532,1.3110651068757775
Sep 1997,1.2037370235031728,1.0807372939164936,1.1377234037102562,1.0916992122908795,1.161605536176451,1.1617739060838999,1.0251668403885421,1.0368108699321217,1.1803253152894786,1.0647261001270865,1.2124834354288367,1.2335631024696683,1.094247660806323,1.0536850156871382,1.121589211984775,1.101673725544072,1.0467194115436622,1.0995662189147273,1.034628112205667,1.1603023892302975,1.1632013819733396,1.1903438727224096,1.0567643742493336,1.0290208449896856,1.0802545867415172,1.0305391108073267,1.0060444511076396,1.0699581561839764,1.2844820119706823,1.2829824756647255,1.0945789768433805,1.1594303599025166,1.228440783141139,1.1355843992925476,1.3466279341458145
Oct 1997,1.2237620187612464,1.0936846138316383,1.134725318500437,1.0862327641393077,1.1707389037149631,1.18083878813911,1.028789007235916,1.0533056799339393,1.2059586735944476,1.0676080820885057,1.227938468186257,1.251818230695421,1.0701724547665785,1.0527516556050183,1.1272079229879624,1.1051611125622218,1.050932637510351,1.0908509084654965,1.0322567090432189,1.173377318691318,1.1792180067425377,1.213932888773786,1.0595945772413844,1.029735050957484,1.0847235964102289,1.0321883729798196,1.0112267400562842,1.0703886040145865,1.2891727816575889,1.2856581810501844,1.10402472397898,1.154023102221612,1.236494935320312,1.1351291163303565,1.3529349084874145
Nov 1997,1.2307246589850833,1.0931534697172154,1.1556092855739333,1.0939905781632744,1.1898419031463223,1.1781304220286568,1.0295051143989749,1.052760055698698,1.2084152751095099,1.0687974956695971,1.242345267197083,1.2636021982915808,1.0828851599406943,1.064552191888801,1.1381312205368241,1.1069437036535419,1.0435892583013704,1.1001156961633616,1.051054795136015,1.180126495307119,1.1724588578523008,1.2253043190551938,1.0708073905808486,1.0280751417359903,1.10085341852501,1.0456395987370914,1.0165350955482775,1.0939988473023365,1.3011332587651316,1.303051447815118,1.1113075000932031,1.1801639102162054,1.2500442637553693,1.1493325298846913,1.3546816298004873
Dec 1997,1.245519496614232,1.10344180166415,1.1585797471003392,1.0971646464244815,1.1946814122110334,1.1900101303424164,1.0406988176161194,1.056528111374029,1.2213044025370017,1.0735514873970016,1.2526778925939575,1.282732932734842,1.0962532875405544,1.0744363525619116,1.1455435800700053,1.1314903348718492,1.0524603676440947,1.1112883394712707,1.0435678453574855,1.2014597636731952,1.1907930590057647,1.2476118944296337,1.063504907277438,1.0293779550027913,1.0959015230395834,1.0496979989663113,1.018820312903799,1.0933959372010074,1.3500651422011027,1.3122467527771755,1.11704681100706,1.1808886585725251,1.2654929554952372,1.1598598226336831,1.3754289660512324
Jan 1998,1.2443414416771073,1.094460218844825,1.1505535495872414,1.1026198938618563,1.191506829188743,1.2065847524787792,1.0434471726324102,1.0391059847212665,1.2246905650647082,1.0849552462217793,1.2608670674031581,1.2833826677971774,1.0909368687907761,1.0622652514818518,1.150646795544265,1.1172769570329224,1.0539853439114792,1.1027228933315272,1.047439519563493,1.2018110546856329,1.1998962106524194,1.246035723619185,1.069786672575495,1.0344212223556797,1.1071612853658797,1.0425603559098775,1.0120840248474399,1.0962477954248628,1.3309062521532555,1.316073576454367,1.120195012769456,1.1693315025709876,1.2635143043696444,1.145567116598241,1.3634996150344936
Feb 1998,1.269414386331612,1.1119184951276877,1.1674711455340956,1.1054206248210174,1.2051266338334012,1.207139937136138,1.0402826057759478,1.056328336741263,1.2319656328001758,1.088731617686697,1.2659896712801206,1.2907479797207249,1.1024778956963919,1.089895312764376,1.154839396154878,1.1092014773003565,1.0624134294625625,1.126488315202764,1.064696633791305,1.205760254798477,1.2008329888362412,1.2531558221224615,1.0777853114730633,1.0378695807278306,1.1034612775071238,1.0627451528927925,1.0046440438092497,1.1017656257303612,1.3198257834820644,1.3254133571043605,1.1319614045367918,1.1832746610438964,1.2832765370611614,1.1527544248073496,1.386590511434889
Mar 1998,1.2628022374260992,1.1093331349546738,1.1694558583787782,1.1077613785907026,1.2158838031012769,1.2109290998541693,1.0428878985844885,1.0658052164145893,1.2451091188543315,1.0907886398438362,1.2747015856807513,1.3023853855758862,1.0927385169124813,1.083614839527592,1.1556984858066286,1.1362515059908391,1.0615298783734437,1.129470124223712,1.065465460842398,1.2136175699061353,1.2206920215366635,1.268928647977773,1.0767861230231213,1.0290695285204414,1.1046800617254253,1.0560843001020224,1.0232565577966974,1.1020314970813168,1.3612829099372117,1.3524981811208578,1.1274820728733486,1.2155108086736923,1.289741183193949,1.1701324331850504,1.410147604587691
Apr 1998,1.279003749762807,1.1115882492638591,1.1784680919027213,1.114322166362641,1.2354384319989358,1.224862914296874,1.052478135738038,1.0606355019491724,1.2591259801682044,1.0935703641646533,1.2915442467804326,1.327698607347793,1.11069998508831,1.0779581830067009,1.1696752607445138,1.135825699600734,1.0669665140165516,1.1349908761452825,1.0571533891312455,1.2291587466297798,1.2255124235782724,1.2723907579359985,1.0886221488296566,1.0433899980454853,1.114861511418857,1.0570233214136302,1.0231847109836785,1.1074773574560965,1.376141357622369,1.356455267002113,1.1351004124613218,1.2074485171279352,1.304298538482807,1.1809454853959456,1.4109708390577562
May 1998,1.2948366105892262,1.1275936448025317,1.1869688432862393,1.1240062122549932,1.2365178277943711,1.2397823185711963,1.0511947636620758,1.0639582685115085,1.2722445815853312,1.09451271615992,1.3058274217759536,1.3419998420505084,1.1205314417596188,1.0895634937806338,1.1777422726190065,1.1456500317903249,1.0782061122352689,1.1438780680290195,1.0608725783646846,1.2420389920142438,1.236000096077942,1.2992559872682257,1.0953394570235881,1.0435829226771491,1.1224950755370673,1.0578543012978314,1.033572010508377,1.1127489962799606,1.4080973627107336,1.377935663437828,1.1492936558873408,1.208601880205684,1.3239310806763263,1.196406154947455,1.4322636400199618
Jun 1998,1.3090517123243672,1.1356652229794402,1.2030785650458478,1.127612954747561,1.2539708869702375,1.2422772340588033,1.069646547957876,1.070712506780875,1.2766418711332759,1.105459414546768,1.324812681955845,1.354909230972534,1.1347099855785698,1.0963058130378098,1.192292472310085,1.1419736015272086,1.087910307511938,1.1557903287491518,1.0723435888154687,1.2575839901927839,1.2521986596818826,1.3080585743972224,1.0958994009079832,1.047477294654947,1.1221697601793073,1.0733911247409027,1.0347619505676073,1.1155130357970553,1.4337500505188834,1.4015185617937274,1.1485972326966207,1.2375205541784087,1.333850482908393,1.196291548965783,1.430306367090655
Jul 1998,1.3203141828386564,1.1433203038228996,1.1996809278636789,1.1349332871207283,1.25660865064102,1.258861633519393,1.05726667133826,1.076867845639603,1.2864066728332224,1.1061677521132491,1.3289809947378937,1.360284941977225,1.1207502096101745,1.0923291442752225,1.1969758978580527,1.1472426101037045,1.0878514390973397,1.1514316630594832,1.061480840611785,1.260297666674023,1.2536809815062049,1.315757477734385,1.1019722921098456,1.0439738075815446,1.1399323776114645,1.067185717383124,1.0263381851496765,1.1282311376507865,1.4147005110628676,1.4190389620100867,1.1695776997399054,1.2452455143386971,1.3438248642928323,1.2047325042034045,1.4653829803545788
Aug 1998,1.3294690656209642,1.135390312149468,1.215406598839538,1.154075947806385,1.2752369280005513,1.2655793487548335,1.0512827079339127,1.076707081012423,1.296427420738108,1.1049910458298937,1.3405690922076758,1.3757161158160127,1.1289253244666881,1.0897662864555937,1.2058292008299136,1.150436091500513,1.0829383219886595,1.1624360242634573,1.0658989208907603,1.2674718006953505,1.2653382383777536,1.3310197531988615,1.1038675456526559,1.0410713696544343,1.1350932234201592,1.0682862063950802,1.0241129354942802,1.1213202470730728,1.4425124656792754,1.4383096033852723,1.1732357627032621,1.2578912027029703,1.354217019132346,1.2123039962368607,1.4675664609199315
Sep 1998,1.3356607670897618,1.1484587521155893,1.2208797900497497,1.1344647931664422,1.2752401939915332,1.2806706944408255,1.0598197739041428,1.0856736093267152,1.2987657254273375,1.1134739161580565,1.351110142264494,1.3789065013600925,1.1340653706455972,1.105047768024775,1.2186377868808795,1.1548721607963615,1.0898310018843989,1.1650034335974033,1.07327465876154,1.2833529371642416,1.2780474626993832,1.3326709415833433,1.116197622065994,1.0494370519276646,1.1422807865405014,1.0935545536928548,1.0297284590149804,1.1273341068837717,1.4502798494528666,1.4268010380098899,1.1669704694265748,1.2671733703240278,1.3551013359212793,1.2211989851690104,1.4878404456361936
Oct 1998,1.339223689763879,1.1621014104602774,1.2286226427534528,1.1412539813692988,1.2857451318642164,1.2818994620306037,1.0631174735446471,1.0856540133992265,1.3088336526768556,1.118266462802406,1.3461190994209373,1.3995785085144947,1.1418866220546335,1.1150234635852194,1.2196255577952673,1.1687773502779697,1.0939819963596022,1.1719727488204132,1.0904998036742257,1.278637879761761,1.2783161143793504,1.3474755561423748,1.11267756722497,1.0553779810740052,1.1380507511395603,1.0778403334339517,1.0325964196711428,1.1421092178013714,1.4498090203761804,1.4350891924912048,1.1800022030003547,1.266394138024611,1.3606858508851527,1.2287236341902545,1.4755118164732466
Nov 1998,1.3484545978397342,1.154301234631493,1.2287028062291108,1.151705108021768,1.290754639815013,1.2853688107811483,1.0728510626978647,1.090737174311847,1.316097914213641,1.125084832527717,1.367516284490408,1.4038811306977699,1.147694006476717,1.1186687030419695,1.2226295121976114,1.1741545325123184,1.0992149612925126,1.175274491931476,1.0875678031090856,1.2819501710032033,1.2866985432608604,1.3516849966827407,1.1259545586715918,1.06079042627797,1.1588919937403244,1.0769502653148106,1.026584916011709,1.1467953859642073,1.4471852673244827,1.440154763983872,1.181284241697697,1.2548876364662904,1.3749220135682811,1.2307105939173044,1.4671508880964976
Dec 1998,1.3639664503505444,1.1641944240166893,1.2370561517628293,1.1627111485202106,1.306245937056027,1.2885069480600397,1.0728112698217633,1.0956290597918934,1.3233192220738945,1.1333656642529681,1.3708775696761906,1.3991549634339462,1.1445580519020158,1.1234721139436654,1.237845698589668,1.1776036253304676,1.1061747423851591,1.1842071812805761,1.079400055632496,1.3050419470370633,1.2937576468642749,1.3675483795185879,1.1303327775109546,1.0662678494990492,1.1485503301524547,1.0825678863902113,1.044369857697448,1.1594057698409692,1.4625890213400932,1.4640215483670167,1.1887045776572793,1.2646833828211757,1.3848081801336565,1.2360594209854248,1.4893691343709836
Jan 1999,1.358571708077088,1.153246279191716,1.2350605973745112,1.164551569237733,1.302910131919455,1.285614238366493,1.075160855108917,1.0862069906787446,1.3192703655398093,1.1348025499684278,1.3558373307147638,1.4004377178812533,1.168441214997992,1.1161196305228522,1.2339410161639228,1.1734075886554192,1.1065696432269778,1.186758187192368,1.0824137626071328,1.295782836495511,1.2960196767507122,1.3608526378080248,1.122196167263186,1.0576930738764148,1.1548675678564468,1.090376204226495,1.0199971877708196,1.144098465022417,1.4656062042137505,1.4438984004557975,1.1892187597312114,1.281648765488364,1.380942464778419,1.232160682764409,1.4627125677634
Feb 1999,1.3605289792366078,1.1822170836777401,1.246761614294122,1.1637462141595956,1.3077210760241653,1.2851072214307697,1.0755260517980718,1.0885218353617303,1.3327219230051175,1.140703742043132,1.3671973770636938,1.4096239682668255,1.143983244069819,1.112590009108041,1.2391155234128837,1.1754790283274947,1.1040548799271337,1.1940584547518365,1.0922640057320039,1.2906001648583323,1.3069727856665636,1.360578622807959,1.1298789028400058,1.0591267898820644,1.148936564409333,1.0880585507506504,1.0375783088794,1.1459855916356436,1.481516477220528,1.4611299026476645,1.195594164483494,1.289246091679328,1.386350681074315,1.2418249325274493,1.496877830638126
Mar 1999,1.368830860108333,1.1762643138347457,1.2529601064210483,1.1711659177003264,1.3192227270686716,1.3061090965776132,1.0800625166268973,1.0994945954284618,1.3348282974894496,1.1402081622653288,1.3825390799106951,1.4322120743901308,1.1562332770273898,1.1252735873573176,1.2393627750050349,1.1921349285629126,1.1017908258618765,1.2034370919806274,1.0952237046300752,1.3224730124150563,1.2994161679873069,1.3666129491028949,1.1394164173167454,1.0552499097220214,1.1678050013679695,1.0920587857488926,1.0404135567680781,1.150719090351469,1.490590985135472,1.480714653653486,1.2051404874460077,1.3013770780443965,1.4001913453116868,1.2559051507496504,1.5045134569901275
Apr 1999,1.3865470449521389,1.1833995688734686,1.2710857540180553,1.176611006699352,1.336941127730047,1.320847467221648,1.0882602462887159,1.0993289992867807,1.355546798069733,1.149533860468575,1.399070749524354,1.4490362262407095,1.1541485599464791,1.144419273670519,1.258578866958224,1.20180547113743,1.11520985169337,1.2200480921724848,1.099746143346931,1.317909549945608,1.3216956142576386,1.385315707605156,1.1419996143639266,1.0641391372648012,1.1642393092323864,1.1012545909828946,1.049482209870241,1.1586888573824388,1.5154565200835903,1.4837073604520228,1.2115965478901007,1.2941109722923558,1.41408246989245,1.2707603122123825,1.517151864186968
May 1999,1.4048723422654061,1.1960188952032786,1.2772961260726918,1.1859113798056748,1.3472839824617189,1.3461835437710907,1.0895086907081464,1.1168305096337718,1.3661698442350336,1.1593477813502415,1.4165818820484195,1.4612694535947597,1.181716548044344,1.1443551411257098,1.2716544114266117,1.1993692608173354,1.125880494914786,1.2231221611622847,1.1204914671191741,1.3375908984312492,1.3293643057324707,1.4056974320161348,1.159627942277951,1.065659498613834,1.1800928154156105,1.0952521821348302,1.035400002530119,1.1762827133242297,1.5313189177739188,1.5223483540114706,1.2215518393806142,1.3150007426848727,1.4371214471730678,1.27751844011482,1.550818762995147
Jun 1999,1.4288216429702474,1.2049819349310693,1.295155179174219,1.1908205524770799,1.3704936004518788,1.356113336688238,1.0865145944821069,1.1150160901760222,1.3809957238173634,1.1721964569686927,1.4406929506583483,1.4945059997875356,1.179621828279079,1.1540517201862592,1.2903722559078743,1.2079245910887366,1.122114818120228,1.236703317037205,1.1148399099211503,1.3504939268013896,1.3539994275352278,1.4307515131511377,1.1635160390748813,1.0690385270508718,1.192997322832886,1.108266610502835,1.0553717257747597,1.1852662061965318,1.575159867110999,1.5495746998411082,1.2371108601545566,1.3189508654729574,1.4552101522706191,1.2892189255315216,1.5897654959623309
Jul 1999,1.4437235064604377,1.2107822143716636,1.300959151466485,1.206923105126083,1.385925321846319,1.3722593517246209,1.1045073078871017,1.1136824501318177,1.397621965077227,1.1693824428088335,1.457653549886039,1.5165066743498676,1.1820974862777722,1.148090744083693,1.2986801021221732,1.2133461315993248,1.1336164326413434,1.248213501286462,1.1169102224054188,1.3585209867051369,1.3698214043108006,1.4441506617089421,1.1614238528251604,1.0808522561036276,1.18931515388273,1.120874199463595,1.0425627395537644,1.2047879046610592,1.6089858669309,1.5628096583838706,1.2535104133762185,1.3410649360500766,1.4798782839745825,1.2977093945340983,1.6140539721824407
Aug 1999,1.4588007615129268,1.2240801799296452,1.33323856530471,1.2105219653047576,1.4168075369375215,1.3978494845058638,1.1170262940669138,1.1271914064226858,1.4241216676718689,1.1839035193213354,1.4844821762121554,1.5447035659681938,1.2024076425305479,1.1592207043059257,1.3145177855202963,1.2393464960788925,1.1460291848090214,1.2677568671030612,1.1327144699090206,1.3823602722436164,1.390389570257281,1.4660611309797587,1.1759785728445764,1.0824056806821192,1.2195821179289799,1.1297297223565834,1.0550315282958196,1.2014164796740658,1.6349516658424672,1.601842243863602,1.2619594625854702,1.347287827573713,1.5061517801843727,1.311949862804405,1.65404927616814
Sep 1999,1.4985621416538175,1.228195054252331,1.3341684898928978,1.2182175347941129,1.436818225991671,1.4207099208057599,1.1002374775737238,1.1380911932379318,1.4454811380901023,1.1930418747934242,1.5106269356541255,1.5752252406545146,1.2099723914909712,1.169168181107669,1.3285544565354206,1.2491205981127633,1.1413254704229365,1.270397811688933,1.1377250365446345,1.4076236007561505,1.4035180556583957,1.4876177918085913,1.1878827281362176,1.0892351915899507,1.2216835030401025,1.1318369262517078,1.055811231858813,1.2139946252687701,1.6657036895195338,1.6331990344065084,1.2742847175234482,1.3778247418833065,1.5339907544421256,1.3235091374665293,1.675376148781483
Oct 1999,1.5161328131284901,1.2482508286522052,1.3512046534187436,1.2296139763972813,1.4634564502830176,1.446749830479628,1.118442995336603,1.141781594130475,1.4734707896293635,1.199304363518495,1.5414782063494727,1.6036752770587888,1.2070714181298656,1.1691888150368084,1.3493206413481975,1.2676751733042473,1.1533598549495103,1.2761385156024985,1.1464178608061304,1.4270593542892789,1.4242811047342494,1.5136133028699825,1.186141976771714,1.0878807982085323,1.2336963749963468,1.1475144994494435,1.06543385606936,1.2094107007164367,1.6990523523281034,1.6704222012744177,1.297760750126143,1.3928991051041226,1.5562369064091601,1.3372132272560024,1.708414311206939
Nov 1999,1.5409929823369095,1.2596908286187265,1.3664937060533469,1.2404815947401606,1.4898145467176374,1.464010111921203,1.120615743620668,1.149184022638551,1.4973936908813315,1.1963342932865237,1.5654557436652634,1.641172832375754,1.2213334368223054,1.1826358886466888,1.3692404030430407,1.2827624931890187,1.156597463407492,1.3065348058547,1.1508650559517322,1.4363879176710757,1.454072950309308,1.54794712810496,1.203258488925349,1.0926344629625602,1.2328716578219048,1.1474933921853596,1.0679885168148302,1.22924382876921,1.7157754578091902,1.707014437698332,1.3223399840506105,1.4105580782408327,1.585376034130278,1.3539288023607479,1.7604358341333721
Dec 1999,1.570763245945861,1.270586964038392,1.3857389736199708,1.254050155592383,1.5070498023708787,1.5013946430054261,1.1267554859109339,1.1665076971850223,1.5256729877936406,1.2256519334706468,1.5962629173551015,1.6740681701204774,1.223712215982195,1.1836472857615308,1.3906342866885704,1.2907604573083655,1.1653807717769868,1.3151188622700511,1.1643332224281773,1.4730215455695288,1.480086814868963,1.5712780091231038,1.2165222920444065,1.1066693837186092,1.2720555908081088,1.1607953390901125,1.068352681106436,1.2409172690670927,1.7603690651285664,1.7355923382291982,1.3268002350017376,1.4226889798776832,1.6220545819058971,1.372926633170208,1.7862446467724988
Jan 2000,1.5779578087716404,1.263324491425771,1.3967398207555253,1.2693937954469885,1.512940320695432,1.5015818221997388,1.1315995766143796,1.154369457731393,1.5318427062336066,1.2161863520407323,1.607288085758935,1.6989247000965624,1.2227906423335562,1.1830746876538332,1.4055028452338556,1.3071156702319886,1.1697207099318094,1.3125822414546364,1.154271052958661,1.4843521367640637,1.493271854913439,1.5784011398114024,1.2107883548632061,1.1022179608025562,1.273019053596116,1.157310692042135,1.066290163417501,1.2292228740212392,1.782114038146903,1.7356454175017533,1.3362587846508054,1.4310877070514767,1.630294531565287,1.3755194059061535,1.785519529518447
Feb 2000,1.6056159842312807,1.2837258506791722,1.4005255621255153,1.269133234702968,1.5322959770265927,1.5217314751153623,1.1357670063635132,1.1568121427079563,1.5585663635473612,1.2305014748674963,1.631141872290242,1.716941068972199,1.2264317103140527,1.182699828597405,1.4199032956539277,1.2943435742589688,1.1716088536930593,1.3365289507182578,1.174593757320776,1.4908498812105027,1.5053407117417628,1.6062355599977374,1.226537994455037,1.1014131517375285,1.2777318183103141,1.14111032005105,1.0686799423965874,1.2481963229891693,1.8032137670707473,1.7753847693659042,1.3521622337302743,1.4122582929769276,1.6545018320675482,1.3934551985588302,1.8015772318903975
Mar 2000,1.6306876177172913,1.2885392506444786,1.424760372778482,1.2812943924924889,1.566573334376112,1.53341845334496,1.1398717935480378,1.1786473737641645,1.5904670378330112,1.2577115204761802,1.6568433544214032,1.7462361743347852,1.2302462632676407,1.1961800758948429,1.4427025113047436,1.3159975637885473,1.1839109030448083,1.3377085621849223,1.1926322506171252,1.5233216820996183,1.5356592495120653,1.6373021317209517,1.2321370681676798,1.1210517569743645,1.2991840779605894,1.1737839172559965,1.0770725250710949,1.2785924965356557,1.8470353204824563,1.7959023354353632,1.3807929009516824,1.4777769439781312,1.6863526010885916,1.4170932629335455,1.845566410392182
Apr 2000,1.6590938936548358,1.310571620959275,1.4454535184846733,1.2824196352788968,1.5961576301657339,1.5759874472930533,1.1504207077485276,1.1851863231260178,1.6211432889028707,1.245882477337165,1.6919580218188748,1.7940239424798552,1.2449208008704773,1.203710010993257,1.474267947785775,1.3274986190142721,1.197066058494244,1.3636620629904055,1.1962895213572746,1.5509502731156917,1.5626923987249044,1.6708094582343136,1.2416858898168288,1.1166141765564777,1.3009240113376166,1.179158965867443,1.0975718379934492,1.2794412646164484,1.8848225356160513,1.8551943499153172,1.405541283598173,1.47776215509287,1.717297329143276,1.4222775862810355,1.8921704579489076
May 2000,1.685792716315738,1.3264140290390607,1.4605047145857897,1.2859898877899922,1.6268046172650084,1.5887840769090809,1.154803892236918,1.191094341921526,1.6427893260230362,1.2586945547264412,1.7146488760564955,1.822359143607671,1.2482885742341874,1.2182214650547216,1.4916878235644777,1.3346880473100557,1.2003247088999884,1.3718807578413277,1.2182273785760507,1.5773349237736185,1.57443202882915,1.7080247941849775,1.2583705571383654,1.1191120348940193,1.3220215361152312,1.1785173443510226,1.1037631369831586,1.2952034211665349,1.9100528129580105,1.8681704001592272,1.4424519579608026,1.5125744535511427,1.7442348988567442,1.4480114535874788,1.9232616016085333
Jun 2000,1.7118567841834313,1.3499226944865999,1.4860981600039123,1.3121800509619184,1.6476654110373994,1.6165811243311448,1.1777601232922321,1.2057355196731991,1.6778177816246025,1.2681002616249863,1.7558104142313467,1.862959967550935,1.2576972105772832,1.2177938114380258,1.5129449844126681,1.354645170330437,1.2170772192533006,1.3874836966843873,1.2219195927926265,1.6069445163484737,1.6177945756270693,1.722688902585724,1.2698606222597628,1.1199271040926186,1.3420679128778779,1.2001907092344817,1.095525730931452,1.3118620718223954,1.96601369776797,1.9062278488780187,1.4477882191998228,1.52514363820341,1.7778385095906317,1.4693057917232177,1.9447293624359154
Jul 2000,1.7327320055148332,1.3498175667676604,1.4911333691974085,1.3201735518012314,1.6600957416780986,1.6314739774179514,1.164738876306635,1.2174141676530652,1.6868818287352394,1.2856267846703215,1.7636906005582969,1.8664992384764798,1.2805501491769453,1.219124219869383,1.538797766378959,1.3723623944652956,1.208649135405237,1.3928971057088104,1.2141021321558458,1.6231961172463452,1.6168524854756163,1.7476049642925884,1.280416932898487,1.1343066414541731,1.3586101065078753,1.2066690012803736,1.0971164026609521,1.3065803423004492,1.9788319798178875,1.903236210033585,1.453721853270782,1.5700575101500631,1.7923257259318095,1.4867069182911898,1.9627590531685248
Aug 2000,1.7550647340955077,1.373718252791982,1.5098602052748178,1.3371613878485051,1.6866146617281896,1.6486037230693638,1.1731757355283263,1.23908951435331,1.712877841008367,1.2964989079469833,1.7768539317372811,1.8782940520740914,1.2951956650764749,1.2467734726425241,1.5499481216726556,1.370250029511315,1.2213446810417672,1.4101536455598531,1.2146452223580682,1.6339347211294704,1.6430027001163268,1.7665603898540712,1.287156775048629,1.1397235874268716,1.3712019064688128,1.2003483971596656,1.1089437440215346,1.3482539822260702,1.9812040799807582,1.916593372539436,1.4636005066650266,1.594064107537664,1.8130533281615273,1.4968729560429515,1.987266167772329
Sep 2000,1.7558592740012773,1.3719567214028567,1.5067227763529443,1.3386725775474082,1.672304963325716,1.6586283805253133,1.1791492177319858,1.2289580787001355,1.7205379583879916,1.3014232666752492,1.7773813517212138,1.8819762024192037,1.3038208618780947,1.2395408693092465,1.555842987940605,1.3826693648398871,1.2328000627603293,1.4055204731325779,1.2275815565878903,1.6584124227226025,1.664455576434974,1.779109236587092,1.3054988776211294,1.1354394937796088,1.373538017807094,1.2182029072888112,1.1343523227165313,1.33808947644044,1.9903932995087052,1.9022535655582256,1.4882436387524347,1.6085848059257963,1.8080896295756737,1.5220311285170915,1.9527074477254953
Oct 2000,1.756072736452796,1.3761768561131815,1.5272334848432194,1.3568029989066628,1.694977437076248,1.6657216031349567,1.2035991471179344,1.233759256837966,1.728569269885681,1.30938954876979,1.7843543423556494,1.8810603182075456,1.3010250016117246,1.2443885084065731,1.5691552458180649,1.385773185818883,1.2351855955700788,1.434286850097169,1.2507276408747774,1.6534102900667391,1.6520139863765169,1.7916129438304862,1.2996301786184143,1.1411064359062546,1.3958970282496495,1.2236716908114027,1.1222822199979285,1.3555110216553243,1.9779448455348552,1.9142605894256852,1.4919638277828322,1.615118409602474,1.8121410435581824,1.512258840851872,1.9498478541063058
Nov 2000,1.7776703795713737,1.3895948751867309,1.5393931221050927,1.3630927570404563,1.6981296711324294,1.6680133608329315,1.1853087436103271,1.2368490793733045,1.7255933108380093,1.303427568069845,1.7956544451773209,1.8900783843192248,1.2981374478560561,1.2522323601995409,1.5623181130816803,1.404052168792646,1.241828286180217,1.441656826542498,1.2541615386872302,1.6617339684465602,1.658166816588347,1.7825518962524562,1.3040887371842718,1.1463618164921645,1.4097509614497385,1.214025518149389,1.119854406913804,1.3577788618534476,1.9832476173924156,1.9403910857969473,1.5059540142163461,1.587245920347933,1.8067463226326537,1.5272118756138007,1.9437734643863551
Dec 2000,1.7865020829248566,1.403406402201137,1.5561191884597712,1.380641559807852,1.6976983438934363,1.6876263170343921,1.213106408335099,1.2436716319699885,1.7485517272606756,1.3355414084840427,1.8096314510919218,1.908854249399499,1.321027468713372,1.2682854408324593,1.5910415362326333,1.4102231107936194,1.2460697388774051,1.4484085524720707,1.2781948321008465,1.6912211080667285,1.6837190740056285,1.8056354118298952,1.3431886700437095,1.1491471949062548,1.3978218832508948,1.240174348456553,1.1306744203673125,1.378591996336958,2.0223464128049655,1.9387324223116609,1.5076152463967045,1.5867181074446315,1.8269822184525455,1.5461436880987691,1.9731396312825606
Jan 2001,1.7751259780376891,1.3997660468447857,1.5345673134943185,1.355445748109844,1.7038688681652827,1.6710348073994399,1.2087309112698936,1.2516599344919226,1.7400540358728818,1.3078035214688246,1.7985327746860351,1.9118705194270142,1.2921892997180604,1.2588008154600427,1.5766056919144484,1.397054817409505,1.2426457772855692,1.454872914960678,1.2687524470936176,1.6740290812550422,1.674000143124242,1.7933207910474924,1.3132591594133831,1.1365285797454234,1.4081107548025635,1.2159094140882531,1.1248307067019656,1.3776523416588948,2.038312400931745,1.9424835070573445,1.5277575537651156,1.5791762814529087,1.8229968825804217,1.5340111952091458,1.992786974155915
Feb 2001,1.7777676383466465,1.4256053891996128,1.5550938260443614,1.3788628164438508,1.7236818231190774,1.6863019728036255,1.206507839929449,1.2381127240676937,1.7546958174994327,1.3249193616604666,1.8200610905529886,1.9062612583051008,1.3075587805372255,1.271495672342453,1.5996527607859072,1.4227883767885205,1.2407788125644292,1.4600964344009972,1.2712926186333724,1.6820129299857227,1.687846982514182,1.8124590259527755,1.3234957347286007,1.163788976996248,1.422986519002881,1.2043569637275162,1.1343465657653335,1.3846272438995573,2.0241385622276726,1.9403560282210208,1.5304947699042428,1.6110060689078571,1.8394694727236125,1.5409963932271553,1.995623075755226
Mar 2001,1.803438922985095,1.4307354325021766,1.5737717494329304,1.390608975404805,1.73442404665469,1.7051670215389283,1.2126705320372406,1.2565014099572438,1.774930757355325,1.3433751444706716,1.8356455958800841,1.9158709214612246,1.32299281116177,1.2907536499984085,1.6148359606910903,1.4152125936699973,1.2447919915517591,1.4859685973719232,1.2738846694908732,1.7119150626990427,1.7032632989022625,1.8283018541627996,1.3393106139945419,1.1643046510486366,1.4324048122101143,1.2222848219074975,1.1346707098051723,1.3986937904797836,2.0765210195304413,1.9777943710258676,1.544478584392583,1.6270673090166194,1.851257753269285,1.5767222518792532,2.015467142036742
Apr 2001,1.81971362321649,1.453859687174702,1.5797549905753705,1.4039468341928023,1.7598277160487885,1.7229651640659853,1.2275644610314898,1.2715547621915935,1.7939043205335925,1.3494075007090414,1.861520317043132,1.9394195875374343,1.3369380466188758,1.2871098627975088,1.6423991401746203,1.4472804062414049,1.2539629188857444,1.4922333960898329,1.297373420289682,1.7315990732574842,1.7265486493434707,1.8673027336291412,1.3638490641437513,1.1512918054595906,1.4543436409351955,1.260869669424658,1.1468906636454497,1.4430997480512635,2.100450460915117,1.9834688941914138,1.5801126200498417,1.6652701066810858,1.8797438629142225,1.5900428582743735,2.0382795012171235
May 2001,1.8536925452947695,1.4638919826655628,1.6132365733393805,1.4376404541061094,1.7796211955364916,1.748850228505015,1.2257562725009543,1.2880132682350238,1.817053731048814,1.3789943343538396,1.888289413457588,1.968759735767728,1.357849477456323,1.290797542213405,1.6581763171870652,1.4569336750511894,1.275844341609888,1.5156148309506867,1.3051510918658493,1.7532444490467094,1.7498192251686948,1.8893473242553613,1.3767572014124376,1.1861397545390153,1.4772170620366087,1.2719591533003778,1.1591008622618195,1.4477459970001836,2.1302460395336476,2.0229739970650815,1.6049913293305074,1.6913750185388414,1.8986319678195975,1.597986111786631,2.0862880374229875
Jun 2001,1.873327196635688,1.4870780685109561,1.628217108813994,1.4266278601646132,1.8141625558303163,1.7771323925559226,1.255322780650798,1.2953364164612102,1.8550136035465326,1.3826753609184594,1.9208543896908652,1.997405708169359,1.363659596911266,1.329516050822023,1.689867495740259,1.5014082293805546,1.2846389255348754,1.5257982405703465,1.3110886039501273,1.7801727772589813,1.768603284564626,1.9287087101957254,1.4013137170939,1.186062229690784,1.490488726112341,1.2992530776089455,1.1707280690980713,1.4508959440376705,2.1630876767737117,2.055544993724667,1.628991225833037,1.7091313438825815,1.9313392530659343,1.6357000846446428,2.109340235151002
Jul 2001,1.8826620865117059,1.4944205481749289,1.6319121971549775,1.440168792761884,1.8240665427094458,1.7876101370756934,1.2497289028128087,1.3190532910682546,1.872721179793108,1.3968025186940416,1.9348340332047083,2.0241125054139033,1.3588464615773106,1.347455496714114,1.710344680862304,1.5053153075984527,1.3001199963853467,1.5458402594649088,1.3220563814150001,1.8021500374216357,1.781585988981493,1.9486957106669265,1.4008675595974178,1.1838573130718792,1.5187560347102826,1.2888117492416058,1.1682469835400902,1.478244743244825,2.181663052913315,2.088135477743997,1.6616283793490634,1.7296191115691593,1.9471361260557174,1.6408384186014153,2.1401058858712068
Aug 2001,1.9075221267724431,1.514217917760371,1.6634848571110357,1.4711736904513943,1.8582257008415533,1.8292913236394914,1.2620131797417125,1.3292150602688304,1.8945258254726005,1.4133115975124206,1.9624801705429928,2.0448667594206067,1.383460206671116,1.3394448514133126,1.7497050390923679,1.5011839710477732,1.3157187420920535,1.5466915355852395,1.3354876510360432,1.83415787436452,1.8143747617183836,1.9766358334692373,1.4378753438700578,1.2083433675253172,1.5369773579935535,1.30813684508783,1.1900623479629555,1.4986355349549494,2.1983506203420204,2.1130954575929666,1.6998647634374204,1.771420072380838,1.9776491788647266,1.6597566687325773,2.151312035254015
Sep 2001,1.9363274453752728,1.5270526663345847,1.6785361731202615,1.472725096009679,1.883937980013015,1.8461167918600965,1.2627911299188357,1.343239224160761,1.914945035332443,1.416827633593932,1.9755405504427292,2.075822464160967,1.3836416539414451,1.339789767807213,1.7737796600680584,1.5473257493963701,1.3230148665335622,1.5560012498094404,1.3598951958469545,1.855925234355701,1.8365642471886348,2.0272133836519086,1.4482452024735724,1.2229534317836983,1.55969492355019,1.3256092323733781,1.194819319178532,1.5046519424386207,2.236294980574913,2.1308872903479865,1.7225953023795704,1.7715947692167422,1.9932849369369272,1.6814824879069348,2.1898575132107396
Oct 2001,1.9488802120887538,1.545694652373775,1.6825077191724138,1.4966873010697475,1.9000546714674516,1.8693939509620703,1.2842957110493933,1.3574319887219848,1.9356262474038781,1.434988523877162,2.002190736060393,2.0959439069826016,1.3998781310185178,1.3660606692977677,1.7872703057999972,1.536738838799042,1.3241857930739716,1.588187961317746,1.3550481052868208,1.8793656934442198,1.8623196228141965,2.0192452541298964,1.455220946828892,1.2086275443468701,1.5729317879276055,1.3280887463056401,1.2205752867551602,1.521066789090372,2.2479956333973568,2.1568043600854185,1.7285903143968118,1.8270480200731125,2.014230636961264,1.7083335164873412,2.175334339552787
Nov 2001,1.964840376187225,1.5630083572166509,1.716715353108193,1.5014837210244811,1.9055812928242324,1.8913655531987443,1.2906612222924152,1.3568744761562515,1.960219771428353,1.439765942923554,2.0159598284879228,2.1200024621781353,1.3837134608774049,1.3871908266835755,1.815125146945721,1.5564372408792841,1.3383401034368132,1.6074505321599146,1.3743767810217586,1.8981271089092986,1.864647053257096,2.0575953736518273,1.4718555761539942,1.2215024609998881,1.5990815302942745,1.3299610741650814,1.2271795478140086,1.559072085874786,2.2645683349911296,2.161424295540896,1.7434702435156102,1.840701128154743,2.0338663968332638,1.713139124565707,2.1873534911181585
Dec 2001,2.0121276655540283,1.5814450699601974,1.7211165501940553,1.526107611187269,1.9282844634743228,1.9056201546231837,1.3006994125865223,1.3770618433582775,1.9781986211753515,1.4692034708058523,2.0479736027547477,2.146113628337464,1.4357254278629203,1.4125475699771621,1.8421890198737572,1.588475798886796,1.3454093880080316,1.6246998588882384,1.4043530139710396,1.9373626828646726,1.8988490385366987,2.10103626810946,1.503729816001802,1.2407037059875086,1.6418164930952757,1.367696053208013,1.2609589053318309,1.5664167856776714,2.3029921198756083,2.196874032388537,1.7777799547660968,1.879050853906801,2.0524555654989447,1.7611675687072927,2.2135227939491293
Jan 2002,1.9861053012045962,1.5775429428999834,1.7225153911992135,1.5118564602411941,1.9340126538222988,1.9187890868381632,1.3052890454553239,1.375733899833381,1.985714575548174,1.4707995912037528,2.036427050592413,2.152613204065188,1.43143732585739,1.4003583364854726,1.8398626737607315,1.5730347965229599,1.349157848839307,1.6226426856159477,1.387771093566497,1.9220723035452383,1.8933353266412492,2.0819092077603574,1.4859082653360445,1.2347247874459735,1.619932277158487,1.369032719270459,1.2501785938731025,1.557043073116287,2.287765417768531,2.187941958395535,1.7849385184162945,1.8790425368297092,2.0520493448643853,1.7397843274316553,2.1834323099607866
Feb 2002,2.0149094592529995,1.5873543121710894,1.740163356128698,1.5296862536885842,1.948696357261545,1.945156059413289,1.318160442458129,1.3890824728364457,2.004855726873947,1.4663358603513645,2.0473702311522093,2.1500959877550962,1.4573527371525117,1.4250300802033475,1.84545014871806,1.6088643900474167,1.359090013262969,1.642429499966517,1.4067932828056144,1.9473839448603163,1.9135484881050833,2.097042702822171,1.5050292516321322,1.2491938045714024,1.6297325599684733,1.3521472364706921,1.2436682064496196,1.5910242888871702,2.30100670208845,2.201036816320014,1.7966286561924616,1.9053090557945886,2.05944097627287,1.7751294646841975,2.2253415318982905
Mar 2002,2.048406095301206,1.6165208842172116,1.7649751619283245,1.5453026659281381,1.9921484104470435,1.9598265302586835,1.333891590813426,1.408220980528596,2.0296619798304674,1.4886529665443533,2.078476790235276,2.168847123661792,1.4611541880545953,1.4375630644841664,1.8914188504619664,1.6422752136715424,1.3661700392691252,1.6697971987374811,1.4354260288458545,1.980037261077899,1.9392780442588389,2.143630470715589,1.5679635748819618,1.2656477182288361,1.6667126851497853,1.4025964349713007,1.272541438101247,1.6359235011292763,2.3477085549444228,2.238079858595932,1.843980146830454,1.9499108768542255,2.101043386915276,1.7942033154537687,2.221337929714683
Apr 2002,2.0730881782900976,1.6525680604719115,1.80215954848208,1.5834342617788366,2.013593333773274,2.0023275725521428,1.3427267398236076,1.4264207362351708,2.0634938662402282,1.521388378923851,2.106332774216172,2.214220803120722,1.489689608849599,1.4674360440441618,1.9405187029597561,1.6449826239483771,1.3875236133739164,1.6794715010901926,1.424076142315863,2.0180297490273054,1.9760459097085512,2.168405329297399,1.589214425362534,1.2869646984342547,1.697669459765839,1.4178663191486163,1.298058005344964,1.6576883677095064,2.3636030459578836,2.2715637838103215,1.8653874405081141,1.9902049706517793,2.1204455520527397,1.831284453105073,2.291655853860097
May 2002,2.1257827052002525,1.6792759218042184,1.8286689685267477,1.6191580421388851,2.060885318464106,2.0487490320396775,1.3921733437180084,1.463482339607321,2.1061690050689936,1.5596115336113936,2.1492096004626693,2.2458217950811075,1.5171152721159873,1.5262953911198824,1.9700580775992758,1.6842960856954523,1.4197487189827724,1.7313064939977376,1.4786540402584194,2.0599993997538855,2.017119226158447,2.2179686844930706,1.621190352638513,1.3158500452006299,1.7719486143531098,1.4462024696312927,1.3609777307448445,1.6927683255077204,2.4088383650200678,2.311724794198949,1.9259808618858245,2.062448872616541,2.162517099420247,1.8740887470643712,2.309214164514271
Jun 2002,2.1739659751934903,1.7314382483193762,1.8909296503279607,1.659192878740963,2.121126737245486,2.1097420061256567,1.4178276938339605,1.5237828731605876,2.163449791216651,1.5940878125131608,2.2011142092182325,2.3026189338803698,1.521656653393253,1.5580171297638614,2.0257485695205815,1.7572703670204053,1.4544411837795455,1.779557891571985,1.5043668103969956,2.1211302652088206,2.071049271177361,2.289946021330642,1.6730560807148362,1.3492437492067157,1.808019719223041,1.52852528090544,1.3772812047676317,1.7721063918588489,2.4848812654089305,2.3542034700279473,1.9814532924713408,2.169661097451042,2.2113941358761227,1.9254970691557856,2.3658239095330234
Jul 2002,2.2105553769182915,1.7481325025147605,1.9088464633374433,1.6945674745504673,2.1609464931845577,2.149405580874182,1.4393980764402081,1.5302539819320575,2.194707040553819,1.5926069679228918,2.22462029351921,2.329469662499498,1.5750056997874604,1.5767742663138684,2.069964623168631,1.7668363673649594,1.4924520352524235,1.791666097531869,1.5348725862643575,2.1727342004531103,2.1104091241138727,2.312210195059449,1.7127534825633446,1.3650675421941472,1.8370289294673878,1.5224753329718166,1.4132248461455876,1.7912916890063524,2.4909958810768855,2.39781356979607,2.0244961353885307,2.1762350765783856,2.2406829838230604,1.9554327926528914,2.391605287776296
Aug 2002,2.2600673473167725,1.7965082535189836,1.955702542504572,1.7309315826703453,2.2177701794589573,2.2025646379985373,1.4808631060580768,1.5780907588750308,2.2473306632111307,1.632896819136979,2.280893059736006,2.386885424951076,1.5852777586019604,1.628925475431983,2.1170756455361452,1.8476388964171382,1.5202221120650297,1.8359546244779616,1.5433345871947783,2.216009481209367,2.155958642178464,2.3716690304982317,1.7570163399564134,1.386571081055319,1.8832477933356582,1.552128349652071,1.4394852905839046,1.8828693774415863,2.5351017012606563,2.4523161115703243,2.1114919854463907,2.2575535713473887,2.270782808202191,2.005019315038046,2.4448274601129616
Sep 2002,2.3122371130039903,1.8377194502034275,1.9925512737138644,1.767305829249288,2.266162722218496,2.2446688485426805,1.4765548783354647,1.5885936177140076,2.2892323813337025,1.6649011179705284,2.307621362793321,2.4222318376206706,1.6011049500374483,1.6814115943687753,2.1540753072805896,1.8481604166677057,1.5214580710845682,1.858344947558468,1.5761873387794616,2.259311677188074,2.199880423985699,2.4301174987503735,1.8102719002605832,1.4102721798551896,1.933387218191917,1.5896356070678026,1.458944658795196,1.9019714094598155,2.582914356329041,2.4621452112336333,2.144009877307742,2.3261879059390576,2.307473224780209,2.0554806600524507,2.423206310523323
Oct 2002,2.3609830264909952,1.867301982658616,2.027880178895139,1.7912868809364129,2.2887220313457015,2.290575385715956,1.512112918533314,1.6100748758654955,2.312618518499153,1.677053128880973,2.346033874334472,2.4572124624612908,1.6255980219025215,1.690616099533128,2.1744745859326517,1.858832998496269,1.5635809978042787,1.884778524512407,1.5946444301798144,2.305703797368295,2.241164871254443,2.46884813373051,1.833734468384435,1.4480822166066674,1.9401347593885772,1.6015711124634422,1.4829157067609,1.9465419198423883,2.5923378195831277,2.4868186951883757,2.1773776323125444,2.341036672264585,2.340073245612947,2.081142389877881,2.475323482512017
Nov 2002,2.3996398935085153,1.904672343523229,2.068830256084229,1.8434564392084323,2.3277073720154418,2.350072370947209,1.534704357976185,1.6603583325302316,2.35957569860104,1.6929469730147808,2.382771996831325,2.5010606267458217,1.6730018362237649,1.7382417199241003,2.2103302714479276,1.9260439216544976,1.6030265220558888,1.9234598394163702,1.620600487605546,2.341150197108631,2.268997136825356,2.4991768189891457,1.887402522378934,1.4842664793834235,1.975399763914141,1.6408350264382399,1.5459483268727843,1.9872670624836866,2.6210322920555593,2.540967354079723,2.2136193524060674,2.440710899598409,2.3713701410711807,2.1328803945792263,2.468698976339466
Dec 2002,2.4446106342671774,1.945078480606961,2.0911490208458483,1.8830678342775133,2.368271078643904,2.3696566057324095,1.584487740191743,1.702546648819292,2.3992928842088044,1.7285517440875835,2.4309978154706564,2.5392895827604,1.6810243486553957,1.7982333889370288,2.2545277583360277,1.967152312934353,1.6168730562053584,1.9466118632522742,1.7128490437424666,2.3886224834570315,2.3164676049865265,2.563023951133598,1.9187722834651557,1.495383665167017,2.0224788405438163,1.6761659541842078,1.583089025309625,2.0208022448357186,2.66586597938192,2.5738020500893315,2.2536659605234286,2.5127865951792416,2.3975963278292616,2.1751046197089203,2.464336456922476
Jan 2003,2.468988905072593,1.9603272254005752,2.1209689470173276,1.8677371339671438,2.3633496300837282,2.3988545446482394,1.5700510990540002,1.6750963571908775,2.4014378203760693,1.7296036277393863,2.4436060840195655,2.5671347591313762,1.7054165300693904,1.7641502230995145,2.2499093959318675,1.9654274422450322,1.6353937182293556,1.9547477642002902,1.6662807288140746,2.3984504048684414,2.3270024369471427,2.5474806440036657,1.9346141594965558,1.5078628864957424,2.0276115679099767,1.7056643900864537,1.5741988576829204,2.043104264844692,2.6693787469246653,2.5906004820301534,2.263519010243756,2.4780565475901004,2.40814634324009,2.1755783860758644,2.4787611822947597
Feb 2003,2.4732039542861863,1.9785173648250336,2.138905197932788,1.8929316274074428,2.3918582427112653,2.426694561700396,1.6010505940122035,1.7104943609957766,2.4532816013790555,1.7699087038418262,2.4436336542287855,2.573693006080602,1.7500464802763966,1.7789174745586809,2.288320726413353,1.998982705504662,1.6615991780433985,1.9951391547158264,1.6892279447294618,2.4492131041473812,2.3622203777067146,2.6028000196941625,1.9808911669034617,1.5223688641812723,2.0493627095310933,1.7265435624639154,1.606253834573592,2.08360012450423,2.664822848258288,2.6195943002912245,2.2954477312674784,2.4860622128351837,2.4286697898729184,2.206851135137476,2.4717794599354703
Mar 2003,2.4988787779624095,2.0133467993234064,2.1633791548894545,1.9347340832814803,2.4083176870886467,2.4428815342603243,1.6192797682741056,1.7537001929125002,2.458187302559527,1.768547112862314,2.473942286300395,2.6023839287436927,1.7708815058986171,1.857611680712395,2.3087588549604314,2.0298217541698516,1.6790280685686294,2.025247626310734,1.709979965208089,2.4823084808112257,2.38058421492866,2.6133546090817497,1.9900491415691663,1.5625757707259846,2.100919335163172,1.7595563191616892,1.6053275767781707,2.0862542796265484,2.693891456506836,2.6333754170309462,2.309685507679144,2.5618201896163497,2.4429142329675213,2.228377447286624,2.446306145211749
Apr 2003,2.5102449355496694,2.036306123426708,2.166102435304277,1.9781738545494998,2.4339223262549394,2.4646980232428763,1.6584573981004933,1.7850140670460137,2.475255125017919,1.8107921055444807,2.4962179900795083,2.5907479247373977,1.7983126932126814,1.9171164607485875,2.315862618126625,2.046781369889937,1.7242375476359828,2.0472571812957407,1.7768861816625883,2.4810190334995803,2.4008407337134887,2.6385892013558707,2.0355121076861264,1.5924010317985469,2.096677532826793,1.8155287131815887,1.6504660953553356,2.1423979090975407,2.708170989789999,2.617639737964582,2.3519199525884864,2.573225448431573,2.4501144070224887,2.2683712132987126,2.4832538328220943
May 2003,2.5258571793020783,2.0705377879810025,2.2135956276065856,1.9821620558287996,2.44375650209181,2.4914205560777263,1.680930843558438,1.823419960211132,2.481624936802338,1.8471133277796046,2.509186548148099,2.6417143739293913,1.8497486740801974,1.9556665907884028,2.3511166953494924,2.095136095486893,1.7514593121628215,2.084821558859066,1.790607777187868,2.524363591826473,2.435449695012751,2.659233114001848,2.0652085126659165,1.6512144153027954,2.156655494259035,1.8357166510833556,1.696390027219485,2.196236706846312,2.7516012856993015,2.6466252431787045,2.367691081501872,2.632037594176474,2.46937400824246,2.302924308153985,2.486888454217692
Jun 2003,2.5431360613319236,2.1194317737640764,2.252328773279699,2.0279948240424512,2.4839960225005884,2.5266656859799492,1.7171493558105955,1.8757333039313082,2.518761412029014,1.9004758453501824,2.5304481429077823,2.6260571492324964,1.8597822480425523,2.0171582677541062,2.384942546035618,2.1316221575454275,1.795658577992658,2.0984285873366604,1.832741758004737,2.5307330845897353,2.468975839130026,2.662863803398373,2.099209637032946,1.6669429972949628,2.1889013825694392,1.8748031864809709,1.7602901754590305,2.208956240607624,2.716000055523024,2.6772423488151875,2.401240963205611,2.6634729890802613,2.4890382688327297,2.3536237109166542,2.468147547797
Jul 2003,2.547965775796833,2.122438431777457,2.255077069454403,2.042555907255684,2.465660797982352,2.532385598774446,1.7263726713438137,1.876943821901474,2.494307814548275,1.9180475300480555,2.5326994762525046,2.630279875999438,1.898116282505158,2.0230953603232793,2.3799007121750493,2.1713912717239787,1.8158890641237464,2.1375257407872956,1.8326392193396759,2.5332197628978017,2.4641615427900274,2.6675259278435677,2.1283668146196257,1.708640447869271,2.208711426257364,1.9001997770080516,1.7774774951908467,2.25652983943288,2.7325914154709126,2.6570795202548347,2.4236453217750533,2.677382291759533,2.487645629931074,2.3427872621122545,2.4758438028390777
Aug 2003,2.5636909611132497,2.150406174076364,2.292145553220069,2.075529349827963,2.4762096377308147,2.548589082796627,1.8064574406343352,1.9235090075570995,2.5196476890508306,1.942060082188982,2.5263777618363004,2.642663918005655,1.9645850078402074,2.109349237033918,2.390549371350903,2.187521214761217,1.868194985680867,2.1528329960423336,1.9065227414706403,2.532954403000416,2.479755747411248,2.666351451320676,2.157917639068526,1.7350370914814761,2.231842613491807,1.9276062329975718,1.7917102100510647,2.274046331366211,2.7181562589359314,2.671737366241672,2.4398928307527563,2.722146964986509,2.4898141163076066,2.3877843952195743,2.4856676760194696
Sep 2003,2.5601444312359334,2.169683677490731,2.298781196397448,2.100696173399404,2.4989901559580754,2.5507360665951806,1.7886448203994747,1.931060042748379,2.520863473295763,1.9856885238714541,2.5327513248709024,2.6537626491260466,2.0061463100001746,2.09679713170722,2.4150957038345386,2.185210875719053,1.9028510934715661,2.1864022389601043,1.935282853352134,2.5551572888728455,2.4955372261513684,2.693663663465791,2.1822981870354523,1.7588536084303554,2.2529699729584847,1.9404527371574283,1.8252346491637446,2.2743290554154654,2.737251373029424,2.679179970214352,2.451229491282433,2.747067418138424,2.499921099644353,2.394578862426028,2.4896910642651284
Oct 2003,2.5780208763213617,2.2047923387420663,2.328803654330457,2.139981503876243,2.518116631456434,2.5875215616327885,1.833231521498863,1.9682728243006402,2.5469202903777437,2.0010310339679274,2.54423368307049,2.67138893574131,2.01243851383701,2.116497922820243,2.4318908296147366,2.2010175942646706,1.922791876300454,2.193945989194996,1.9631532945389008,2.5667750285401825,2.5170658248467537,2.7247902101468524,2.2025377571550893,1.823586943025749,2.2971208680906194,1.9936104629704978,1.8561711941249819,2.314470661095693,2.73675565747905,2.7023014623159365,2.469514288482358,2.7841459659309407,2.514922366248481,2.401886897060613,2.4868278729668827
Nov 2003,2.6037452931379157,2.2179208676855464,2.356415053257698,2.1740640878455753,2.533390285679207,2.6114842507282594,1.8574137017465306,2.012713924942202,2.572221318725646,2.030547438406781,2.581656593348108,2.6868366494791167,2.0445767847040934,2.1577730181704653,2.468548560409091,2.2682259637136264,1.9870414698632375,2.2531378820740287,2.022954683529428,2.619362109619204,2.538516485815962,2.7486057491350397,2.2357746805119127,1.8435023924142608,2.3159077484089843,2.0483891907057923,1.8605511034627857,2.3399355565835958,2.7838819514405553,2.720262190199087,2.5287004542774016,2.8132318639673373,2.535426273624761,2.440014136537083,2.511712625520438
Dec 2003,2.630194893580778,2.278559244580971,2.40266246658104,2.229390179726164,2.572127729262585,2.659816701410733,1.9217245309272444,2.0459220630937374,2.6019751715821826,2.085265444746375,2.6036154798144224,2.691939061296266,2.0911359524149407,2.2251417974558767,2.498358534446134,2.293893827791799,2.043466681165472,2.279653826186738,2.0768077735454464,2.634562921106172,2.583974446128493,2.772489485605799,2.2713434726958757,1.8902285825311453,2.3512616843542977,2.0871363872438677,1.9355405722575225,2.363560056589803,2.795769082023901,2.7457510777767955,2.5386919564119217,2.8527805683795044,2.5538400344653236,2.467628824892362,2.5308047720796187
Jan 2004,2.6416952159617932,2.2613627871287676,2.365514381252716,2.2132278141461645,2.561049039679547,2.67667140583263,1.9291908773410134,2.044546487824113,2.612143809566323,2.068339171537124,2.6182611084825447,2.714878588077939,2.1300947288935226,2.2286173304776278,2.50262917170988,2.3174555960697014,2.0708761575957086,2.289743088681263,2.082938436424882,2.619799397082979,2.59573671397767,2.7710007227863165,2.246282008645477,1.8643729519002423,2.368357347387618,2.0867358592819834,1.9136108304586739,2.380925794147024,2.789908438706761,2.7578147058513234,2.557219393242354,2.930320154415639,2.5539645807075573,2.4772837887954604,2.5600800898990514
Feb 2004,2.6414707598847174,2.2757396550574347,2.415182564680534,2.2543804683571844,2.6085772166477716,2.6996503542095533,1.9406997426015782,2.061951486330575,2.636347031811697,2.0841520159112097,2.6367181806657434,2.733077394426799,2.1401360544524435,2.2159838910274674,2.5150338730061517,2.3340489184015,2.0784930521107143,2.3092730625024576,2.1452559716502004,2.6556256273039223,2.6052559948285965,2.7741306308842555,2.3019884848867784,1.916602863782039,2.374349539870313,2.135222985111439,1.9555334258197004,2.4088314872986283,2.806069075810647,2.7836084279479834,2.56305734923221,2.9256645420909475,2.5880817865576633,2.487513512557473,2.5659127947640106
Mar 2004,2.672231992101725,2.2997508759763736,2.448731260913601,2.265884695048227,2.6109303741836745,2.699248753395237,1.9688151970992829,2.1012448585278753,2.6455577363587603,2.123627393558998,2.648817896135389,2.7533267980913245,2.2067246157999993,2.2616137387481263,2.5502568931083553,2.3667770521444935,2.1011272256177596,2.3263603225197635,2.1512427470904547,2.6870799743166156,2.6326665429931455,2.802939454576668,2.315713337765088,1.9824902362178647,2.408579195186886,2.1764065589756276,2.046749461217781,2.459457219444003,2.8356311471409033,2.794741514811168,2.6044190490754393,2.925456586836132,2.5957051546900365,2.524812143328648,2.605901888530203
Apr 2004,2.6939372165964612,2.34018238605465,2.4862306992727574,2.312781669265359,2.656236425773155,2.7370852082952135,2.051899290189471,2.151577364929838,2.679650128827219,2.209806147260569,2.6787436909004243,2.7804215145636473,2.316688094799206,2.3488513930969845,2.5859746773266976,2.4247311588221416,2.19215938721537,2.3939114899594403,2.230971580015091,2.708697381744823,2.6746233705582245,2.8226908785909828,2.3728457347999936,2.0492245626634884,2.502876448544878,2.2707958034756506,2.0690292314328054,2.478833439073539,2.872979382484915,2.801427944111332,2.6834289681731494,3.001774783547132,2.622952726621366,2.5671049398829906,2.6338016018065447
May 2004,2.7423072520359892,2.3922648210174664,2.505588917561654,2.3657295984528934,2.7001719743408295,2.8154302969965905,2.1454594843738866,2.2081738204842933,2.714393039634756,2.227974982347978,2.7066863480429086,2.799653300254082,2.345880425767666,2.398409321454906,2.637370459994237,2.4722300730562052,2.2485338815188602,2.4598692053510915,2.320028365262333,2.7447727346920803,2.695088238746089,2.8808294583183622,2.4081513616835966,2.1311325549933464,2.5148896150585935,2.3260722352611243,2.1405756930108235,2.5395832860581162,2.911655854081001,2.853193885380037,2.7428676494140847,3.077492121147216,2.654446632435518,2.6050964153095553,2.6687084042997653
Jun 2004,2.7783456633757724,2.4366529661373657,2.5668187331720302,2.433905700923895,2.7455428119554943,2.8212459095629594,2.167859383858429,2.2435535906630157,2.7445972208354696,2.3121285924315287,2.749100207915553,2.8372897885193766,2.393923991549413,2.465545835447165,2.666838898234227,2.551624395482365,2.333466443695294,2.4999611818778393,2.3733936431181086,2.7968165255570976,2.767964051643734,2.8984213264364516,2.4589911677092178,2.166896049296901,2.5887789039790547,2.3630793563285515,2.190368055460205,2.5505009359603337,2.9446386530680484,2.886775170995844,2.764431805544112,3.1271229796156748,2.6756262895631364,2.674662357935212,2.693393649657024
Jul 2004,2.7771517653061673,2.4526185588096654,2.5813729874580353,2.4710476734762006,2.7626396117420593,2.8481834876940226,2.211128194792221,2.302158002464614,2.7456042604455417,2.3294058577374552,2.7586628022479878,2.873347068448663,2.4636361206022594,2.4883430090344816,2.716006027791129,2.5555681072361343,2.39194455519722,2.5197900928669035,2.431760826949968,2.807402366614233,2.76159787228089,2.9106866511727976,2.495577764278061,2.2290001332328973,2.5967678021643144,2.4020193398683554,2.240578793119982,2.618723439090674,2.9685373704927764,2.905436034065594,2.8028738412343275,3.191969371829356,2.701616029971255,2.6874065708377484,2.719354218374553
Aug 2004,2.8255404842906358,2.4937228238645464,2.6136944417785446,2.496659969466834,2.7915871343253347,2.88795079254515,2.2377174132701994,2.3165989328429584,2.7715432184617184,2.3966840286342403,2.796518421144108,2.900016495086664,2.4908906776629736,2.553559506046607,2.726271512383288,2.614481913383537,2.4330931832731943,2.5552955949409633,2.4476047532570275,2.846311192049295,2.804826629875867,2.954682029527642,2.5418664816776193,2.2579303692647663,2.661275298580971,2.4449529097747527,2.2546546963125875,2.6538992203015748,3.0088749070596066,2.9126064029497147,2.8695410632374228,3.1767994322404447,2.732111224501216,2.7143994629082973,2.7404106316217773
Sep 2004,2.8425015421877635,2.4992845749797112,2.640762669773597,2.5117332571589746,2.811867880426922,2.901128261389058,2.2390238589959166,2.334249401409935,2.7935706870203663,2.4332033293624775,2.809140733235112,2.933249585874024,2.482227842157222,2.537820583778737,2.7600054612387566,2.634369902105768,2.423247601827557,2.558807111613328,2.5113316819873033,2.8785741560995968,2.8121716179087337,2.9742022046527268,2.5649025148382765,2.2710903612482616,2.6203305867020577,2.4746372343954794,2.27904605088369,2.6475507844265582,3.017752223312952,2.9108954280240473,2.863419555062946,3.232963496022958,2.741768854448232,2.7534636922563536,2.7442948888214587
Oct 2004,2.8449136194469578,2.53397250543006,2.649099545363174,2.525589353158287,2.8325157942776222,2.9049093405270594,2.280863667495108,2.382429442377742,2.816851165516322,2.4176781934180127,2.811487579080694,2.9272356184019817,2.519005484507033,2.577247760387253,2.7417005401224475,2.6406600391762534,2.459272908649372,2.589355242369214,2.519779205751626,2.8861507738685432,2.8395691916959662,2.990305770924822,2.5438264125657715,2.3312149358453786,2.6743267970104987,2.475635987245619,2.2728415813184966,2.6800149692978055,3.019748091390097,2.933512596398102,2.896161044388751,3.2510108356317735,2.7520746490389847,2.7389920079051517,2.7361803487719465
Nov 2004,2.8515522361634837,2.5321069762174444,2.6722787303075113,2.550881008940405,2.831046265443111,2.9199116013328026,2.312850957400904,2.38288786422753,2.816037670525517,2.467627516781128,2.823089562937385,2.9383018767272553,2.501979958402457,2.573110166715451,2.7724860430637976,2.66729941609147,2.465580545749137,2.634326977164384,2.5463246107116704,2.917593475092531,2.8483650654667634,2.998934933724103,2.5743789066801934,2.340252070862499,2.678428531254129,2.501688004414425,2.294917100681164,2.691159010986453,3.0313046488001016,2.9398099170378504,2.8773535328063864,3.295762587457336,2.7515401360805174,2.762748822212273,2.7342530311246547
Dec 2004,2.8763695212939973,2.5832579062672614,2.678739921159882,2.5626143601648423,2.8488093056645636,2.902914351696187,2.2994895382764295,2.400795103141638,2.8225753032611878,2.4706482624912773,2.8287512515689444,2.9369815075145036,2.531172901736175,2.6339147650102,2.7843264950558533,2.669150163243829,2.5096020651219986,2.6353426488169225,2.55434082602768,2.8965878165275494,2.858809662161602,3.0179482591822215,2.5845243963570876,2.3792533044571798,2.7257672122719456,2.5062016598299204,2.3267004140939247,2.696655389740859,3.0401296588645903,2.9626264542139102,2.8825894706498234,3.190415600404753,2.7634861086459157,2.786897728702384,2.708711004949548
Jan 2005,2.84979785430365,2.529539570038175,2.6467876621297735,2.5288315496026916,2.8302742665189817,2.8778417232949716,2.254328846901919,2.3807000477121365,2.8022645390509036,2.436083171853884,2.818722272006026,2.9235705559410237,2.5207166678489266,2.5281304020543893,2.7498503388583493,2.698296314376961,2.458367747293529,2.6254671645864907,2.5318773009838647,2.860685450985371,2.810694852692761,2.999351802819695,2.5595552825979726,2.3358891249162173,2.645457450612781,2.5161584688986136,2.291239394759399,2.678599555999645,3.043035002143608,2.9138239165552693,2.87435452224169,3.214490820809392,2.745152118717513,2.7207025477943185,2.68893253773567
Feb 2005,2.845974211524039,2.552886105620528,2.6509802743749677,2.5513834356671135,2.8258878147756166,2.9038543138441986,2.312650089793511,2.3858844848048566,2.7990020051803226,2.4445687840177825,2.8165945760399613,2.9390161846396032,2.5314583853784405,2.5746160039353736,2.7544206443683463,2.700515864583259,2.4558306890677164,2.6016887756131735,2.510085935843567,2.8934735046820745,2.863874787588289,2.987601313478652,2.564273050955126,2.307867265501415,2.653915768902644,2.4953784858916905,2.3069841995862856,2.6907440543667804,3.0191479565759707,2.92714933883884,2.8736410215025954,3.2240098163619675,2.7511037033758092,2.7622343446471285,2.705823152456108
Mar 2005,2.8438950493286876,2.5685724801069614,2.6760504949348247,2.5769689295605263,2.8291823482193212,2.916246478403854,2.321598712992469,2.4237653390543454,2.8073135227153974,2.4924424670629937,2.8164232207743938,2.9095951495410692,2.620578925271142,2.5826827681111153,2.775357256471544,2.6664190761706563,2.506276362864125,2.6476542323662713,2.5272109085548657,2.8820207756542593,2.8504786375264572,3.0137426682741695,2.573751257366471,2.3329194083410325,2.7218294195172814,2.5350443126235165,2.346527456352711,2.6931636896600777,3.0319089240635,2.9218976456596586,2.8876300205297882,3.2344290343902378,2.76028696466316,2.750138376661423,2.7030278678236335
Apr 2005,2.865698849580301,2.5719561952199763,2.6915120597850626,2.5956140152782723,2.857943134231176,2.939245530462061,2.340138661413668,2.441438066325936,2.827241516804098,2.4810892660993336,2.8166420029868053,2.917745044157218,2.6044147658735892,2.615588994192878,2.7961282530283458,2.709086536550691,2.5070501850800673,2.643271879473691,2.5875609701979454,2.901410181116262,2.871191417258451,3.028092457194502,2.5868481662896956,2.3699023812542754,2.7233397737989256,2.5641123385401583,2.3033927492135953,2.69929944028682,3.02333245746552,2.921447402067759,2.904707199378092,3.252352642067334,2.7611773146181346,2.787230913593035,2.7465440504554004
May 2005,2.882365387699823,2.5792205042088634,2.724216000889087,2.601788073277759,2.8612447249592123,2.944569024722839,2.3783027247490853,2.4620389397489997,2.841133898404336,2.5205479895144327,2.833288005314328,2.930694971624273,2.6080888051535376,2.6299406123213664,2.807512861658957,2.7086298244821743,2.5257494236514972,2.6594063725296393,2.6048280646295363,2.9233748723678863,2.8726438727670667,3.018913991756895,2.6032981644592814,2.3906087062676753,2.7909108701631062,2.5822227651936958,2.3744529961907013,2.736626050099727,3.046080851141614,2.955140527822684,2.9265482403468823,3.252310604025062,2.779889986731271,2.7940013912784907,2.7689234029813523
Jun 2005,2.901263593152891,2.607552476881884,2.734019693197136,2.6305411809545594,2.871988603752199,2.961113808262645,2.405737904041096,2.497087589958621,2.853705011999212,2.563111442846504,2.8537535611151448,2.9618435232612734,2.629281780509336,2.659436209867771,2.8370880341193527,2.7397677982749817,2.547373235517715,2.687500188273426,2.608302681957489,2.9436437880729365,2.8928211715755725,3.0404050774005524,2.6154178288852936,2.42305072497441,2.7885157403281164,2.6381924211616745,2.3838831269428575,2.737187007407795,3.0528025595631156,2.9644666491834863,2.9503523146122035,3.3453622831810725,2.7911175707919176,2.816344098347451,2.787558973319094
Jul 2005,2.8762723405901585,2.6041294301088547,2.7214156717652136,2.629286511595863,2.8696131554118955,2.9763342837099107,2.3754487027281095,2.467490159219885,2.8405623538987075,2.551184386938835,2.863667687422139,2.9454684636455277,2.6528621302043973,2.6705824242358642,2.8318989699054056,2.751144187550004,2.577561968788493,2.6822561372472373,2.602540652346935,2.9424015579054714,2.9037432297155332,3.0530697307176324,2.629447403566527,2.4218709256103166,2.775422249058538,2.592993446568839,2.393317683456457,2.716261557421263,3.082740362243799,2.9529269334334534,2.9590650140352315,3.2934517663174105,2.7751372630225832,2.798700262050613,2.7891052853101543
Aug 2005,2.8916948452597446,2.6349059008425653,2.7334737031331704,2.649957480855041,2.8888715780355776,2.975226655380593,2.4101376422010534,2.4890077983904706,2.8440841724562826,2.555200552051679,2.869707536375646,2.9378615736838416,2.6768698411143528,2.6774663494793667,2.8239960810423463,2.7417706551900207,2.586125325613786,2.6776806875330283,2.6250417961855836,2.945971042596497,2.9149208185972575,3.0257223623985996,2.629160333818798,2.3999308179933077,2.778752245928629,2.630795830501681,2.4007749834558743,2.739001122106496,3.053838919889743,2.9558655134041825,2.9456521433414267,3.29739181526216,2.792561412772768,2.8117753850935268,2.793559687173864
Sep 2005,2.9042836269874135,2.6212011587373816,2.7498360351209854,2.654259850761097,2.8995109311408447,2.9798474540930524,2.410031409540946,2.5190010807690792,2.8402180188499164,2.588956224866634,2.863617677464489,2.935153304912413,2.6559483474330223,2.663916325769948,2.830844940527412,2.732580359898724,2.613296162881397,2.6829473541130446,2.609347906180192,2.9575194482325147,2.904094986049958,3.0515645646572143,2.6368822333231536,2.4180807082495717,2.771645413125219,2.6038254701173797,2.405994991702105,2.7384401695776166,3.103998886614625,2.9769971902235173,2.9373797031007194,3.328950887593952,2.7813541501467025,2.8251091128847245,2.8044351733516417
Oct 2005,2.8887573505723836,2.634836042092731,2.7259462873352227,2.648382748702824,2.9071281688307127,2.982924429572189,2.4235728968923453,2.5148799822385657,2.835399428103857,2.582210067089205,2.88430991995563,2.9654666540244956,2.6820034241015525,2.6642012307155465,2.8428489489589426,2.731571901240735,2.6038858017585653,2.712438011256429,2.6149545290314125,2.9640800699290706,2.89444262111963,3.0660444271390137,2.653089660437617,2.4492516501374397,2.7761837350855805,2.6346291564288937,2.411092151656891,2.7459849186341363,3.1355109548416733,2.9982187292644404,2.967238432233259,3.2878314579386587,2.799243551558586,2.825046993587994,2.8090519662880467
Nov 2005,2.907707968398448,2.6292496474824865,2.748338323042623,2.6747103016750247,2.927031550855727,2.996959068965499,2.4402832753919874,2.5203157950620247,2.850964658356951,2.5840219135540146,2.879351444525041,2.95463874514045,2.670050394170224,2.6644336465956218,2.851726752375421,2.76310697273349,2.6065390344036166,2.7352545491835225,2.6447834171745987,2.9729696828057706,2.9322053824799146,3.054704658452302,2.647656851567464,2.453451375996754,2.7968148409424933,2.6394686614556027,2.4201420743328903,2.739167827094869,3.126069243326013,2.9940585387915433,2.976096623084025,3.3467034533838924,2.8111713531335614,2.842644649932359,2.8249139144954913
Dec 2005,2.929373502326245,2.6757217088466745,2.7681900172703364,2.672164257384442,2.9409529137534687,2.996725158608402,2.463059732988526,2.545960034717083,2.866859503886357,2.6434844799543513,2.9126600548764694,2.96942751105719,2.7057229441608674,2.688113598790714,2.891181208907363,2.779864528306223,2.5949918793230187,2.7301317789096196,2.680897677535512,2.9966213250034506,2.944453341795377,3.0822192371056945,2.662783743722845,2.5015721106180107,2.8378200810471,2.6741008350676254,2.4181772098119807,2.7785356321771353,3.165292435541854,2.9879469236510476,2.996441212932548,3.3625747147865432,2.8243580425924306,2.8400099615436534,2.835143151321088
Jan 2006,2.90470682817278,2.6371087752376057,2.766659021420566,2.6686261824017343,2.9252453459968635,2.9978888289359977,2.446778778250277,2.533838359946925,2.8641912845913073,2.6016499825067663,2.8779673909956704,2.961533906677874,2.7375783353059453,2.680178588752723,2.8560813438284134,2.7710958957826874,2.640816376140353,2.7104638890363963,2.633344563825236,2.964360513803266,2.946235911181203,3.0992429843494533,2.683544449970443,2.438181416166841,2.819949218156134,2.6417434131746407,2.3966989707245454,2.7534736099450026,3.151830993993811,2.977128836087358,2.9916392352943872,3.306463307289942,2.817976208998447,2.8308627995150455,2.8381153911551733
Feb 2006,2.9483387759637294,2.6539467503550753,2.789864157663238,2.6817521153733717,2.9362262127186725,3.027720961940585,2.50256915445166,2.5567904961348003,2.869345241206816,2.6223386527535393,2.9027993639998733,2.985173066824383,2.7649277050548826,2.677746280263985,2.8901254263907434,2.7540712592260377,2.6180246913908407,2.7282840489307705,2.6300072274767317,2.985402049119157,2.9548265484481,3.085372851732235,2.676736466788712,2.4869127018160406,2.824677070972511,2.683560491239134,2.4297745999398632,2.7570989434429913,3.1790854362588026,3.0062378174541586,3.016107862767651,3.3464126244428716,2.852673628662715,2.8523360961954647,2.8605207969263997
Mar 2006,2.9477853818001014,2.677088446713526,2.791688549108288,2.7095787884933706,2.955976242689056,3.0402804132667582,2.4859879243452228,2.587637226463982,2.900252297823496,2.642528276545686,2.919024115630675,3.008886628720182,2.735286477780178,2.7222469312704773,2.9134715151685806,2.8077844475869624,2.6357651801943005,2.741891283715228,2.6432294339877553,3.0049825704266167,2.971515248412673,3.103837846503333,2.6868580267257496,2.485446428333453,2.852379450978977,2.7114612389614257,2.4602363089507113,2.8168215477040794,3.2050802864506673,3.0096749082007057,3.015127519735989,3.4301770186737683,2.856256070069863,2.8817311403252095,2.8929101595308566
Apr 2006,2.96025624835805,2.6851612805891385,2.8033884000734877,2.721579562801688,2.99801288978423,3.0582763617768927,2.5077905014450037,2.601438686198725,2.91646776906984,2.670733665316854,2.9391643130401492,3.012884110356606,2.8214526738515593,2.75458501779528,2.9358238400504986,2.8006033719737298,2.682009649575597,2.74997828164549,2.6468774298711026,3.0142718832569884,3.000682059706779,3.11934474528138,2.722377561841304,2.504968068765294,2.8654158364815556,2.732155712100581,2.487915867350183,2.8294192893565913,3.2140845567910765,3.0435103649446025,3.0560343529183864,3.3945450144510936,2.871477960323061,2.8896483876797165,2.930116685621454
May 2006,2.9950942435566983,2.7199963510259244,2.8245836668765913,2.7572121721198672,3.019642002976882,3.08104166808842,2.5301566935310174,2.620787458636864,2.9383697995405837,2.680333740152689,2.9738917088022423,3.043866986211832,2.7956094744483173,2.7375068685790858,2.9691038334184703,2.830716338255762,2.680077200887816,2.761074789248868,2.707069852156246,3.055531631760914,3.0051150066943375,3.143430907411032,2.735684473593706,2.5178883397117686,2.914623374668933,2.71601027240663,2.491271988822869,2.8497954560145167,3.270637356893699,3.0674610797357778,3.0682221215036107,3.4177425784289333,2.9039481265022977,2.9075563173716783,2.993387312883227
Jun 2006,3.019875771879626,2.7378002291135415,2.8447848402293023,2.787350090857789,3.0754990550373953,3.1185566927249457,2.572038898053563,2.646451719243387,2.9707462317465776,2.7172682344168337,3.0122451965929007,3.089080030686947,2.8326614856835888,2.781531832530096,3.0024314138767796,2.857703229780978,2.7320169103785483,2.784525492295825,2.7482093677342525,3.0862748377510916,3.0448083782239332,3.1675155065796488,2.757701712559677,2.5452230045187934,2.921375624681892,2.7618464844612958,2.5232073535263226,2.8659774073298077,3.3014863535402204,3.105324167031936,3.105112500282396,3.490535287006252,2.935460275559791,2.941025633207322,3.0211531694408964
Jul 2006,3.031631944835663,2.730787125931376,2.853390229270001,2.7913595412903414,3.062496936908316,3.1277937610364877,2.564056637472773,2.650386199952206,2.9772291709926684,2.6972094334707406,3.015253731481498,3.083219147909188,2.8282568496085427,2.8014704941173805,3.0093091198659514,2.877033823153503,2.716965166149145,2.796661804277898,2.727803421164936,3.0846470751053805,3.05056282244655,3.178097356757727,2.7469096308800993,2.5623989287337827,2.929467453615376,2.7993087424926766,2.5320395792510033,2.8804591946555296,3.3560894965588255,3.12580716835791,3.1245288688957977,3.4830046107102244,2.938189569386043,2.9590449513878854,3.0820674956198064
Aug 2006,3.052996449386198,2.742963984809523,2.877073629848109,2.795260989051735,3.0783251399986327,3.160154263300668,2.595263924044647,2.6522194459434236,2.996124277845529,2.726295247487014,3.0463256536339123,3.13419163833046,2.8935172570607848,2.7824721092351257,3.0282823384695674,2.9005968715027066,2.746993593219275,2.8237452910446903,2.7421476684320476,3.0939487660846376,3.069971741194535,3.2249537787519182,2.768344821470475,2.5282844591295444,2.947517256383805,2.7683043003672716,2.5522530774920607,2.8947730480846894,3.367380867406126,3.1469124944332925,3.1213017833033194,3.5340443154186327,2.950600520665875,2.970393406867158,3.108699019530831
Sep 2006,3.0694800821235657,2.773833193776935,2.8855461886203844,2.824871204296254,3.1169307665913784,3.1589337569630027,2.5992005293162976,2.6905562267674097,3.0163229252648636,2.7405143213552563,3.0720615816226235,3.157378575095594,2.8951323827827085,2.808117756915037,3.0648280495724247,2.9152152921888215,2.77057682125211,2.8352233771373943,2.7474358599557074,3.1152247332089877,3.0846120770970122,3.236870047743337,2.7768060285927465,2.565379187510357,2.9773187791149347,2.7961372253117913,2.559469028406239,2.9150433860382305,3.4183344349917784,3.1972103002053367,3.1540884274906467,3.5267543761455777,2.9803238483691974,2.9927816474492768,3.164261020903365
Oct 2006,3.087961837337134,2.7689006677428822,2.911495625846074,2.8146234550454294,3.138056296672698,3.1800390358239508,2.6260397086109704,2.7149391942158227,3.042682843929461,2.746980969046057,3.0846162188374233,3.1876794417899474,2.8728785612547,2.816761159172329,3.081715691221905,2.9321388959516423,2.75482106814695,2.837193392412836,2.779912895565405,3.1434822190796177,3.087215852607506,3.2435200662211767,2.7865376293674204,2.557565083105442,3.00052293021647,2.811351196594197,2.57541002357465,2.9161192994969163,3.4522782141830066,3.219911563915183,3.1618662814283414,3.5516011834598396,2.9967577426687475,3.0143273213724933,3.1774719007773884
Nov 2006,3.120082747169668,2.786863357958029,2.9237963946665197,2.8253222207698414,3.1701285359186273,3.223204698258234,2.6294751474415197,2.721001787112273,3.0663989067231374,2.7992534770684148,3.124664617972183,3.1948262348155443,2.9166974815819438,2.8368445504619557,3.106945398822035,2.9558161333107034,2.7811530291436726,2.878946749464841,2.791225561337287,3.1645756992778167,3.118030270497285,3.2859037676763463,2.8024609255476283,2.58702690888514,3.007428589807224,2.840681832436156,2.614879000661727,2.94705876261167,3.4841729901903116,3.2389090932102063,3.2009298479259325,3.594384285665577,3.0298736396815027,3.0216182623137007,3.199401792777815
Dec 2006,3.153270030978337,2.8296624938514667,2.9538609638821294,2.8670543655242198,3.204982451686833,3.2322153387363444,2.6726443634935864,2.7664002778703156,3.086750847812293,2.8279931973176065,3.155822354653601,3.245861178945634,2.958787382107381,2.862797052837555,3.1485749143717676,2.9727477875252135,2.8394838638274145,2.9076587631209296,2.800511181740482,3.1987739005694165,3.166333151335553,3.3063280445713237,2.8490654878181756,2.680990294781857,3.0443620660518333,2.8738187794580994,2.6448990658842333,2.9819071311520466,3.539136577705044,3.289976517903417,3.2262656276114003,3.6157186177974814,3.0663676402108724,3.060933513703855,3.2749549658639916
Jan 2007,3.1540736275739087,2.802772767736518,2.9345365307339133,2.8536544473427705,3.2103236877548946,3.248721599830545,2.6601409508864746,2.7569292293106162,3.0786897470822003,2.798024944250058,3.1606103399025725,3.2755289180195692,2.9472873571063465,2.86589773807597,3.1380510624789673,2.9365759863655527,2.8388151045773156,2.8913894811734036,2.826290698787101,3.1767451744300663,3.166577453859735,3.348478229213103,2.811900895200632,2.624930159190484,3.0442347330524484,2.8148088180253636,2.6480472942045394,2.9634970403038805,3.5472376233888854,3.300499412966171,3.2269638820784645,3.641985724058082,3.0734221046394516,3.0512897409830044,3.287628911203427
Feb 2007,3.183836507401378,2.8196338174810927,2.9463859608338154,2.880329370132656,3.2209830865127658,3.2856975565149966,2.660911811877861,2.767558145391706,3.1268063823262606,2.808282979960623,3.184042256965646,3.2905775050988515,2.966620517814257,2.8315883018665167,3.139985180013284,2.9488613773326913,2.8503514129419125,2.9062836398871106,2.8254181849861246,3.2054861119663096,3.1655863799950996,3.3465000171605035,2.8316144388218416,2.631087118650832,3.0417697754868134,2.843118317277096,2.653102624732418,2.9542592765887594,3.605585814412846,3.3345917867944763,3.257811204143636,3.621705808721569,3.1064214422065812,3.070319897282655,3.351363781625259
Mar 2007,3.2034382761431734,2.845947469186919,2.982823233480338,2.8906718639489264,3.2531805820538247,3.287733445678278,2.7043986883595017,2.809639772907832,3.148344693873443,2.8467236564125686,3.1996647996444647,3.3252809427534573,2.9707539140104093,2.8818899957098476,3.2025687147665862,2.976203553576655,2.865832547705304,2.914445006824375,2.827155147732454,3.2287529809302935,3.22518019088515,3.39286079352939,2.8545045003943534,2.667649314946913,3.0938710406828434,2.888496231665981,2.6476730995968802,2.996366097416907,3.6330652584077208,3.365765760018652,3.2765287732210013,3.6674560396087443,3.1313806369236556,3.0781591015245175,3.4236128428882058
Apr 2007,3.235448505329367,2.8375040533501106,2.996089495533016,2.9232615261460912,3.2663571065160895,3.313628567245844,2.7294567331732305,2.8177630960917974,3.183541460878475,2.861667859285501,3.240217659997825,3.3736419518567344,3.025084602574352,2.922502221918205,3.2209575962984456,3.009373316699447,2.8628083866286995,2.9094732974699125,2.852272833349224,3.2536088939377423,3.2189394026782763,3.400030419881758,2.857540372957692,2.6488208418655645,3.102188014327911,2.938549249388227,2.6694653188157544,3.0114356983083423,3.7336917649337775,3.4114846102882974,3.295061902638434,3.674795736474212,3.161141652041437,3.1051644371632077,3.5271363731639935
May 2007,3.2610138934520903,2.883460845605624,3.00583965223858,2.946212193844859,3.3074469609809163,3.336809196038219,2.737017966090125,2.8256799081454957,3.194031572113908,2.8693343249726158,3.2881059598760753,3.4142776141597904,3.0188176501388684,2.944566323319751,3.2426821287454444,3.0163854001117123,2.89055467564,2.9462742313405803,2.8714581319536676,3.2872205439497066,3.2466831094630635,3.459099462638739,2.8659184843866905,2.6827079306862767,3.125292730774758,2.933792409562765,2.7013738341897677,3.032514294355456,3.7675502593076624,3.4509478442202797,3.322493362113297,3.715773317924313,3.197029275040198,3.130528232611835,3.5717253495614814
Jun 2007,3.3131732552761455,2.903311326396957,3.0345011789858445,2.9764925380561995,3.351401277067881,3.3650453025729057,2.758886791232936,2.85356488165756,3.227029368874639,2.914701675087867,3.3305523382863202,3.447377373959611,3.0810441714039625,2.981016076541674,3.274824124929067,3.04891073623267,2.9139846696956377,2.998726645139286,2.8969666767026467,3.338433644456295,3.2903056588917217,3.5332980351144743,2.9045524305879145,2.702291789851518,3.1783773967147004,2.9510324570236395,2.7283307929707514,3.040636931151922,3.8426402536653677,3.5261387356491127,3.3511212575950777,3.8037285386793838,3.2411482792222728,3.1589507819583127,3.666549043969391
Jul 2007,3.3010931984407765,2.8789371493085794,3.051871496910588,2.943817871613028,3.345696986808107,3.4003567921483278,2.767643898615449,2.867963385151528,3.24976508585084,2.9105313617855915,3.356932023082526,3.5084199326353462,3.0880218051873825,2.9320438522996084,3.282298026806021,3.058265602490508,2.9248858884479754,2.991715635042645,2.895692455121585,3.331779162288002,3.296452774350342,3.5425943060248684,2.908787529957186,2.7041738390629892,3.1382882324040966,2.9517123209095932,2.7355479891067143,3.0746138613359673,3.9154846250253508,3.5469597356001614,3.367624229725517,3.774113456312703,3.240835088779263,3.1774328068913937,3.7244456727397797
Aug 2007,3.3492507301323964,2.8960725136098455,3.061575593714481,2.9647524632661497,3.3585458213204684,3.409607296263904,2.7731104561216298,2.8750764971259968,3.2561073573544927,2.9197448039071325,3.394619021832365,3.5594745604493356,3.1316016640749385,2.9439287950893336,3.312829631528598,3.056040756254594,2.94562449073034,2.977275381321887,2.9319369776445026,3.370414403816882,3.3248249266128087,3.5642574900429014,2.893613397839015,2.7240034814802607,3.1658393871135404,2.9659499275990013,2.7274471094869894,3.0609676051330084,3.9439968298400685,3.571559570325041,3.3751979881251053,3.7747888391671043,3.2805306095873847,3.178157095487056,3.795784491397664
Sep 2007,3.3679453769799026,2.906776763993418,3.0583881628844694,3.0081885303723768,3.3981649654536463,3.4183942819843303,2.799968377683773,2.8717337687832423,3.277455824723002,2.9362440653353827,3.3974312912510487,3.5919905121693847,3.113331592191493,2.994706498638048,3.315467187500221,3.0838607117898564,2.9510978587499435,3.016970541420709,2.9108302425783887,3.393232961886562,3.31984004456192,3.5968515114727024,2.913747599601206,2.720910123714657,3.1994226623134376,2.9883790024915515,2.7555202651889825,3.1051635477656574,3.9639845176667388,3.6105006395295614,3.394235098276835,3.81902531282704,3.2870496609336284,3.19002887543589,3.7891120855626306
Oct 2007,3.3745059692419694,2.905635885737534,3.0521457772480316,2.9925755419145577,3.3748947273264105,3.443922546312545,2.7809439050273044,2.8851106177661747,3.2757298918160465,2.9521325851996503,3.4164702601228463,3.5986792017733475,3.1461538837991934,2.9722720265401015,3.320946104262662,3.0828728393922935,2.963713727089911,3.023200697875335,2.89168371863321,3.4071148280164163,3.3445529831043075,3.61166978782481,2.909394175669285,2.7428168733862797,3.18856766985979,2.9637741890289795,2.76247280462574,3.069155697913106,4.0012108195304545,3.6191266736570866,3.400850093694824,3.8318725838089494,3.281678222984706,3.1674762992581145,3.799678059621429
Nov 2007,3.3691422021432587,2.9261079685184503,3.0795781159977285,2.9975981524713946,3.372776247956578,3.449305562094118,2.816063399323886,2.8812974939193796,3.288452651299383,2.942457642186756,3.427277570388761,3.5980587267894575,3.1350546093124665,2.9765091787956477,3.3318384318830834,3.1208001516657897,2.954954008127516,2.990410280118027,2.9017621578205453,3.4057795968256115,3.369465106208801,3.623476601421,2.9182308014489076,2.7563150093466837,3.1677631031856914,2.9836602860493104,2.7520946064993588,3.0939051766605608,4.014643549721771,3.65582498532907,3.3971493475304144,3.8368545986428964,3.2944033523721803,3.1784446879805897,3.8258059092616055
Dec 2007,3.382176931993089,2.92964293432079,3.062507207130593,2.9788717566106055,3.3880008619615283,3.450150518116249,2.792032518720567,2.931687788507432,3.2870094299701598,2.963462523389576,3.440260101965414,3.622035617816724,3.1392534006406962,3.008744050921199,3.3254385274673552,3.140629275656529,2.9712329004556004,2.9916612239134164,2.936914018867586,3.4390519117574625,3.3952175958700654,3.6510038606012962,2.9133997542537173,2.7657916448719906,3.235393137080345,3.0090868301377576,2.7719481059240447,3.063609473450608,4.023154775798481,3.637517617185656,3.3820185552786444,3.778530498902813,3.311889257991747,3.1986271067491554,3.797277436200512
Jan 2008,3.371653845050389,2.9217062923212187,3.0089495042452725,2.957723866960235,3.3449482083096407,3.3895113617500217,2.751869686056751,2.8670488780207823,3.2714929040160348,2.934822160379922,3.4200430842678955,3.5947007484289117,3.1197892342705242,2.924388279353906,3.277611125301351,3.069201724111182,2.916398561397235,2.9563042392572347,2.9127050850945495,3.4078086768004745,3.3504384131822977,3.6558595456460794,2.8513892117887196,2.72539589561523,3.125259033268654,2.993382566480686,2.779220496881402,3.0649263714527915,4.0017929460028645,3.6423059975785432,3.376547857544252,3.7604402067382123,3.283226851142924,3.1325169423337846,3.760287647650988
Feb 2008,3.340594121342949,2.904135113365449,3.0283781944139347,2.9551836973816448,3.3292357904499377,3.415058543861731,2.767564231826321,2.857116400137127,3.2442692358377876,2.917994396786644,3.429780044063168,3.5884059705385174,3.0958116042733876,2.9583203187598976,3.2894193585289218,3.048933438765775,2.916348501204118,2.932944785273202,2.8797027895364082,3.403637410891088,3.3489118191057656,3.6249267006779533,2.868884134259347,2.7036760417950334,3.170291263277165,2.971462278948597,2.734867920408355,3.0306836901125993,3.9836359398827543,3.6450055168629505,3.385937980736657,3.7879294698158064,3.2747665868320652,3.1252252344305385,3.8011241436726513
Mar 2008,3.328255063363053,2.838602155370894,2.995860213155125,2.958419838329505,3.3174221869949534,3.3773084568174663,2.774982784594226,2.841131301700502,3.2322624876633714,2.883808978184044,3.4154596301203024,3.5609662948338388,3.115955615024857,2.923072560587305,3.266182207631333,3.052294717854059,2.8990243862000824,2.9816811072971334,2.9123970129676926,3.3964968411033394,3.316949024816943,3.624583749272987,2.8609389410237256,2.7284131907602878,3.098349378450621,2.980965358526736,2.7599778933813073,3.010539771003498,4.013985841265963,3.5963185821769774,3.3469965754193822,3.7121180519148553,3.2596905189216376,3.1289721036447826,3.743568385232697
Apr 2008,3.3314100216998015,2.8473429294084096,2.999096439361783,2.950320713298928,3.3021344562074866,3.393766265775839,2.784139143703633,2.835624492790679,3.220209056883274,2.90274029147823,3.381296281934513,3.5695136703913946,3.113624745109924,2.954855316874715,3.2534507628106817,3.022683151004599,2.916714569047692,2.9690719623071793,2.91675660417047,3.3878495457865934,3.3520068985671334,3.619749925202475,2.854518347228204,2.7636753488771744,3.1225629786499454,2.9815851004295055,2.7797542547495375,3.056953097251948,4.01177047492321,3.6327975979312503,3.3652665016840286,3.7965728164979446,3.2558235930664905,3.123129428811408,3.766290715730823
May 2008,3.3486552179785387,2.892937673747154,2.992561152965469,2.970404818522774,3.2859801399787436,3.369544651028338,2.786200971594009,2.849877208101293,3.2162286385400756,2.8843822504449483,3.393969781820198,3.5771787800856067,3.133982071024071,2.9311775710003474,3.2542713254659508,3.0158692710616783,2.906273526588326,2.98286372761345,2.852443841779892,3.397263994148804,3.3464627181434135,3.600352314233153,2.8740867767049765,2.7379815672361465,3.153910390981526,2.979026923764354,2.7649224857210113,3.048754159889147,4.037494910597307,3.6068206684868542,3.386332182721287,3.8040275680222773,3.2388226620484426,3.121729264156559,3.7996577376409237
Jun 2008,3.321365906607918,2.8721145798200203,2.9675953253507195,2.9756505193627514,3.28741872296782,3.3359452740841316,2.759029434141603,2.830135265696309,3.2036185815683313,2.89252642678765,3.3444824339696413,3.551246600688009,3.0969467271402444,2.9436088037760917,3.1875646944275293,2.9813393441562064,2.9036976880262535,2.9456332950170574,2.875642066660946,3.3505926074473944,3.3201029282678722,3.5816700677780537,2.8505156658505557,2.706465399660059,3.1380403280309754,2.964978538407048,2.7333480141121926,3.044104031992124,3.9889328062793843,3.644160664957459,3.3023796399725183,3.7023414103007553,3.2418521052187264,3.091282214439827,3.747633376489854
Jul 2008,3.2901975668548906,2.7991434983529713,2.92782988195325,2.8645930334249057,3.207319989205989,3.2947773776078444,2.6976876976463866,2.7931982306814063,3.1457281502750596,2.8105372948140306,3.2931558405753067,3.4960399040109107,3.060991606714989,2.844495712823444,3.161366779030773,2.929490551031126,2.8573328805251474,2.8997698964307483,2.8133042498136844,3.30109799848087,3.251332550820627,3.521362107695268,2.7942545719907383,2.666306883850944,3.0505685758199506,2.930478812603902,2.7298367716014242,2.974494826504757,3.872058134349113,3.5925018517539953,3.2505486611722496,3.675988977032111,3.198132227500842,3.0482289859455416,3.7296443979274927
Aug 2008,3.2073695713100485,2.7691988620584076,2.9224640083983036,2.874412995686396,3.1417022137309063,3.2149788196903017,2.7100743617992507,2.7743363231376743,3.102965771831215,2.8228789738336797,3.261241474894751,3.3927511845817877,3.084692726411262,2.818234149687559,3.1099852546952724,2.9203745469623015,2.835837485055488,2.8693490883858934,2.7894264993858537,3.22905623349411,3.214695223407861,3.4433603921247276,2.7537589960736764,2.60875233125413,3.0388100324338514,2.849536416450235,2.7037554202989678,2.955513575294795,3.8561014972302035,3.4608725212592595,3.2168172516267344,3.5872670427997,3.1052108141636254,2.95271159358411,3.6016882381662185
Sep 2008,3.1279280612460734,2.7259492391524778,2.867231616037829,2.8480147122210395,3.086879435129484,3.133386369327294,2.6656032167858297,2.714538003247392,3.036410811634412,2.789743604835032,3.1576777091465162,3.349434142824914,2.988283938446721,2.820358047471737,3.0441443308334715,2.8669787467013963,2.7635336634781718,2.856182296162098,2.801123206906788,3.1446151026162044,3.1473271725210568,3.4272516142564573,2.7051050587191803,2.5667457564242113,2.97482476992625,2.8292303018541407,2.6428676330184535,2.8835882677326645,3.768217365099709,3.4173379945546687,3.1979360371802126,3.614208896589097,3.039183395798424,2.9333197631663563,3.5793445824313173
Oct 2008,3.0615128835920005,2.6808053513458465,2.7578104400292123,2.7918385763617546,3.017433812044577,3.0795716454889868,2.6173986286012116,2.629158137893278,2.9849996520450395,2.735584358656244,3.097446600521487,3.2859851864405543,3.0479842239590265,2.765408841126903,2.9807848026157604,2.8701767807555654,2.775757800937313,2.8061150788959406,2.7473203293810693,3.100408914921426,3.0777953722506157,3.348362387873655,2.6389367198553817,2.560155586679548,2.950087925779406,2.8451601830224327,2.625001210178274,2.810761313667452,3.6792419225230546,3.319712224526011,3.1269655082879484,3.5233333222857572,2.9757177454069517,2.8584723346858705,3.459182066598898
Nov 2008,3.0089965618753696,2.6710458307835516,2.72515739061609,2.762065347373285,2.975819858348989,3.038899795661697,2.616777016026455,2.630761855697261,2.92604573956168,2.6746647124629974,3.013401789001798,3.2149380474359193,2.9406512584530096,2.7052369074843172,2.94959685757473,2.8080274863550274,2.732280698033705,2.7344234246278702,2.664284529334563,3.025470621173732,3.0279000594868313,3.2655619327621137,2.6304921119306526,2.512485615773991,2.914907655533453,2.8800492247017746,2.6938738669684286,2.7702756484844087,3.665896555477544,3.2928340900252975,3.0623446171042215,3.4612758453132946,2.943401679793265,2.822663418001297,3.4367587377720867
Dec 2008,2.966047012417214,2.616009090717942,2.6725482854350147,2.717188861449747,2.9182053648784003,2.996692488930155,2.498162826373964,2.583476703628806,2.864211881616744,2.6765680486640533,2.9745122238465673,3.1606327464826354,2.8633251101126467,2.760594403325696,2.876677989658262,2.800366660077251,2.6772454493109645,2.696684501482641,2.6902843865882082,2.9874353245452725,2.987346636303695,3.2635886611846106,2.613638897659111,2.4733708343050305,2.864103128479087,2.7192844417117987,2.5374572233999753,2.7597937114349986,3.5989720302976425,3.2635718866156145,3.0141651696184866,3.4514508135179236,2.9018532873771967,2.780355108034814,3.384064656296485
Jan 2009,2.8921404383886227,2.5506231524922436,2.6600032460294383,2.722957921420175,2.8625782265987896,2.9522574337102703,2.5140860325708534,2.5857533697763357,2.810825693854641,2.5798621066601446,2.9393663940240367,3.110618764523045,2.9034983701308885,2.6270391481039512,2.8452542606933893,2.7521918292149237,2.6089520207962127,2.6636242623519597,2.5697343674131536,2.932339527152569,2.893879574600604,3.1813055562931583,2.5657445373143375,2.4691275273009663,2.840687332941269,2.7147960613344866,2.49002649839047,2.6948202867821545,3.5236950869284973,3.1850833493051223,2.9421994639915585,3.3752893789326333,2.8506525341503677,2.737727860244,3.3139966262706557
Feb 2009,2.8931817377243454,2.5757800550832513,2.59870393777521,2.644433202140107,2.8390664070488723,2.9041499480108297,2.4674584043591965,2.507837513557664,2.8041050619028396,2.5355379112657026,2.9070353232153763,3.0451452503889067,2.876513693020891,2.642614399490451,2.800325349977245,2.649327959317223,2.6015668220553563,2.631480591057045,2.6120288145132005,2.9249546571971545,2.8656834220216205,3.1341803871499505,2.5059334125146813,2.46495423836733,2.7716690001529742,2.684763679289248,2.4745705703144307,2.632628715623573,3.5163515751889274,3.151456272483854,2.9271516080430824,3.3347522574432436,2.794672438335886,2.692660479443725,3.2871033744428426
Mar 2009,2.8412533258261337,2.5139675245990385,2.6411876682644198,2.6181189655487307,2.828901554869075,2.8669440986440553,2.4724576686881434,2.5178415973846966,2.789309244410423,2.5365710334499165,2.8825728353691242,3.018733107873632,2.8980750116274696,2.6158323333345983,2.798716841066881,2.69841925145575,2.6351499119139725,2.6259986678944984,2.540417898624739,2.88465248656159,2.825515338838698,3.0957905837619206,2.520048479930261,2.410481519850166,2.7600611845357323,2.6769603590660074,2.4201449470949323,2.6389888870129226,3.4902280799820833,3.130208142457297,2.9135031173219694,3.3846516497265995,2.805000064540619,2.6755272163412283,3.296118486057006
Apr 2009,2.845664129479424,2.528693586894249,2.60512672675097,2.6195362690057946,2.8322478941063505,2.883160393570434,2.4754493081159032,2.4895748998108083,2.781734605126554,2.5585548074451463,2.8835657675960444,2.990381970517742,2.8847557733741205,2.6195672854816063,2.7942082628969693,2.655246251022991,2.6308459710395375,2.5797555799441425,2.532893057892958,2.905844547663921,2.827430975114487,3.0697428294318834,2.526202995496639,2.4022332546588343,2.803578740352024,2.6609605861270156,2.466908043086156,2.677820257217335,3.4935797619529114,3.1057804581323163,2.9413404280747013,3.379135296883597,2.800541383437387,2.675053514728848,3.3177552837820903
May 2009,2.90326659969909,2.5023038765989503,2.6411631054689857,2.6539685722155233,2.8492544839743266,2.9243272895184615,2.4908419765805414,2.5128454245151945,2.8132109190526475,2.5593068408645583,2.910239007126398,3.0152918536272972,2.862125801308739,2.68467425465243,2.835292698376553,2.6922539898512974,2.618500022296223,2.6523486821283893,2.512969579088198,2.918626361229776,2.8829229758440458,3.1322775800935565,2.519705791544636,2.4174725722058983,2.825320846242513,2.611545320775436,2.4831694817968253,2.682367561144374,3.520973020725148,3.099746523649284,2.9661956420809514,3.3244955186760854,2.8463714249986984,2.690562341445566,3.3743501276815175
Jun 2009,2.8951573389486285,2.5185283394695306,2.650514427831616,2.6395477845562234,2.88313562300459,2.960224230612018,2.4617178146400804,2.5259960891492033,2.8255949275419603,2.5462936131539786,2.9491315398126026,3.0560622940416957,2.896741419702786,2.6039045603975843,2.8392374054483778,2.7043249924334583,2.6677033393794654,2.671298107984571,2.534888661440405,2.918063729362681,2.8952886366249673,3.110772733724354,2.5554386596503784,2.4612369112935166,2.789295613510547,2.5934295042700457,2.465627357046007,2.6896555131842113,3.5959903208967496,3.1704292687473625,2.9880232515780567,3.3902099353648003,2.868785053330659,2.722814574683952,3.4165876962573773
Jul 2009,2.92743055523119,2.5483281702159104,2.7009795627160575,2.657687183210128,2.9062295062447947,2.9835277320487688,2.501072794671921,2.529568279077885,2.873397617021635,2.5592315263782655,2.9778396710215755,3.091355306222307,2.9039146516703584,2.6339391803099095,2.8737709898119514,2.746632789863602,2.6700007802575234,2.646832684118255,2.5605851112176703,2.961645219203477,2.9076558768528553,3.1450048434612046,2.580761616211428,2.3537008846034553,2.8326098021347077,2.643287143387842,2.481373704837168,2.730785077179345,3.62635783528387,3.230902120591042,3.031874266078208,3.4109011346850746,2.892108023272581,2.7359103977927917,3.4845703375535866
Aug 2009,2.9635798587025572,2.558755842650425,2.69354265771064,2.661424142114702,2.9657275455451715,3.005766350137013,2.4859594607048674,2.5187180477945033,2.8981351470814793,2.5893272745389573,3.015051810621603,3.124214156319159,2.909818158908704,2.645847998169278,2.912681628060237,2.7418397627126767,2.6900338727307402,2.665921049413243,2.5648518892685472,3.0038792818041324,2.9531712277098108,3.181631930263102,2.583855629868078,2.4137409544125683,2.8732634833863817,2.647288808433685,2.4659380010419705,2.736658691100016,3.6337204186753906,3.2614330536315586,3.046660437739853,3.447303830186424,2.934994445460043,2.7655363364363095,3.5059738432679954
Sep 2009,3.0079522898685918,2.592492024622707,2.692625416210294,2.673354286145974,2.9802689260857553,3.0436832293918075,2.5115729419233506,2.556380552830888,2.9447432282805024,2.613004616767542,3.0750074102800196,3.1712095623247283,2.8916571808559555,2.6705387438942156,2.925680895295072,2.753094092919129,2.687012704774245,2.6651120048772645,2.5777634825553855,3.009216053249337,3.0026618212016545,3.23865788375256,2.5941780450243987,2.438095383613176,2.888277133050513,2.6665842439162164,2.4815297913215217,2.7289610286448056,3.6885926059949266,3.290416261771293,3.0717754916240327,3.476989259941092,2.943593613161651,2.792348771963273,3.569973192907545
Oct 2009,3.0321695192444933,2.5718153344132473,2.7268245902846417,2.6893111008435464,3.0060116194762947,3.082383600509995,2.5580119521812477,2.5545325313102736,2.9585863307598466,2.6114455957780662,3.0851776839628418,3.2252595409459315,2.961504832467111,2.641898770022445,2.9362320341334,2.7934682135803333,2.677179043825328,2.715151578162322,2.5656925967107655,3.0451181178937388,3.004786016670843,3.2696118361666757,2.619880236748156,2.445849823798472,2.8900758781275204,2.6936240148267974,2.513455072912707,2.7133365477375535,3.7278801217554167,3.350849887272767,3.0957618028509395,3.4516276049346457,2.978004382088552,2.812257267174917,3.6202893598982433
Nov 2009,3.0744316119936337,2.5944539973633605,2.7587823664233824,2.695286337395613,3.0287509804472257,3.096050108711851,2.5535856678798483,2.5733432025292218,2.9964876019825843,2.63262510540633,3.1163076995816126,3.26449757927099,2.9842351695104345,2.679942612847074,2.973987422903777,2.7884943850000634,2.7229138345385535,2.7607076289701844,2.567901807236992,3.0590565853047242,3.017536796390595,3.248775541029382,2.6130763358674445,2.489302540666018,2.919146669004733,2.6967613969447335,2.490954774046953,2.752350343040839,3.7493212393829696,3.3629922165402077,3.121262854069735,3.5198746637351146,3.0162586879501534,2.811571134704598,3.69111574471734
Dec 2009,3.088167806711638,2.6178060026832948,2.7727231395691456,2.7145291240327696,3.042633746389618,3.121123900961168,2.5348087324472637,2.5869340250937487,3.009997675305821,2.6555498872945384,3.1497576539999264,3.297278317311728,2.9842245033524115,2.7052619077565088,2.9786205021348655,2.796554406079488,2.724280781990446,2.7480292508786857,2.6059338644119956,3.095765867720137,3.0420601128817184,3.3224307833205793,2.6573761715923445,2.4561247917758458,2.958085220785879,2.7202919415942195,2.521104912186444,2.778923457954975,3.7702359142026807,3.441611364147635,3.131512525755028,3.531565078639578,3.0320372228367205,2.8501325955089767,3.7053671876933114
Jan 2010,3.098039694860444,2.626940112462482,2.810347373089151,2.714372511475941,3.0712906550114383,3.1513205426904847,2.523096473512294,2.5958380317816756,3.049509126822802,2.605846974665314,3.181679744836796,3.3214072848966723,2.9913773545378257,2.665067596107425,2.9797913863517462,2.772794836578951,2.6906301771176766,2.793317456078065,2.5647367028125125,3.120285302894472,3.0386107957824984,3.4254424021172065,2.632569450743703,2.4561300247136644,2.8945402289668243,2.6844483785016346,2.5131563604564877,2.7537092267053143,3.8215669043093716,3.433337416222132,3.1480320623543445,3.454593917999363,3.0570349287970897,2.8645467498606094,3.76478976787477
Feb 2010,3.11882319108627,2.6645558984395254,2.7537469350870527,2.7362603946366906,3.0719185853150166,3.131754396174276,2.5252845012220857,2.5909620203156623,3.025658561938937,2.6288304591775695,3.1971875375368777,3.3431534844342714,3.0027675032032164,2.674737093488069,3.0118057002323435,2.7941686839228788,2.6888430808442156,2.721565388289626,2.6029387609040624,3.1088492057542734,3.0745178159265008,3.3273739069983144,2.658709945277017,2.409761199365184,2.964615827777471,2.6970664525909136,2.5311903457909115,2.766635877659559,3.8626173823339047,3.4596501448308636,3.1564701080258377,3.521280315126714,3.0382774500126106,2.863291819773528,3.7509818592517923
Mar 2010,3.1228051653301034,2.637747891325236,2.785664078120816,2.7312788535272676,3.0835172656071532,3.155877811215483,2.5607429879177883,2.5922441163803738,3.05945307538797,2.6356179863155402,3.192936337637526,3.3560655870896468,2.9738770598970823,2.6576495126240287,3.0421223575384015,2.8355409675460894,2.707827465139252,2.699777730861497,2.6046782843370035,3.127911187404092,3.0753469924714394,3.348554764420517,2.6555846140864743,2.465340345315738,2.9392728172524514,2.7009096964992043,2.506700340224185,2.7544322897654494,3.8625553363001397,3.4819640566626773,3.1702538971636,3.5645531467959075,3.067270424418161,2.852105113648331,3.8084404272036223
Apr 2010,3.1842998781190044,2.660752898366056,2.813259691864979,2.747920800758671,3.0947642853140467,3.180355562644609,2.5242744526398977,2.596182414795419,3.05794145974885,2.648003667189567,3.208037862372413,3.365937054785952,2.987268518278747,2.704446406527246,3.0415306326583087,2.835152441494912,2.711081603333476,2.776100871345385,2.601234665732566,3.1658940014783523,3.082908248584011,3.3398903288278174,2.6759041101715457,2.494317767890382,2.9646926586012037,2.7109148767988316,2.5478711332822446,2.8073856743573917,3.8962142157247315,3.492566860308385,3.209261381998321,3.562808696872108,3.080467730021578,2.877608406606428,3.867019533844297
May 2010,3.178524152275974,2.645348866609552,2.806101019804658,2.7539854381633835,3.1272970493413355,3.172124713748163,2.541400767957014,2.5851881631081146,3.070278454357752,2.6668538356246345,3.256009345253922,3.3729368577375616,3.0709269705331717,2.6635662893786876,3.0358536524520425,2.823569552668366,2.735603024043005,2.7573215625516667,2.5837519292953686,3.1570447488513182,3.1162983757627094,3.416228344433227,2.6541083380016866,2.4161558063245576,2.963992742260186,2.7142643119041767,2.5321164122537416,2.80275718976678,3.920274815809576,3.518225463829023,3.192309420953384,3.5590032830797087,3.1265523748759505,2.874096172467189,3.8457823107097298
Jun 2010,3.2044822696173454,2.653262625473988,2.82367848206752,2.7599463549410803,3.13599871654423,3.187352002355643,2.5828344791931017,2.5968084141439474,3.0914151396585146,2.6745711540732695,3.2718185659761154,3.4063587999904645,3.0065936337639663,2.7310643324887494,3.0856874770196754,2.844998940251968,2.7532083655869672,2.7683114669965305,2.610091352407321,3.176014011065583,3.1249633622774913,3.4240264855429747,2.711160488151466,2.45770138778796,2.997600398239723,2.7438415734938655,2.546168240707015,2.817311435647836,3.978417371142301,3.560829287985852,3.204573858781655,3.5690195350725515,3.12622776867088,2.900889612112721,3.8298975784151423
Jul 2010,3.215229907821543,2.664761202566969,2.8131837577222663,2.7440856534042624,3.1438133541769018,3.2191195238399506,2.552606041371826,2.605565359158396,3.1042142428876094,2.6391826427531293,3.2615146743306775,3.413288007829838,2.970063576647648,2.7083839686363436,3.0843821208075957,2.866486986822831,2.750412254464479,2.7723463994993414,2.6295951528079744,3.1983729797148146,3.1452499318666662,3.4545989678081823,2.684126202938886,2.466027036232025,3.0072569400966906,2.720516055224682,2.5940082933421595,2.797686780584996,3.96867155568506,3.600123126718555,3.219893407206325,3.6041000325211994,3.144831216587183,2.9166520765606805,3.915082274544005
Aug 2010,3.2187805612655005,2.67762505689629,2.8309219467296516,2.757960561069761,3.146070692103003,3.204485928529142,2.5643937876610563,2.620152219156374,3.099574559526242,2.6732683995445665,3.2839523038468625,3.4130573395946118,2.997176275075157,2.6931011132605716,3.0724437894858423,2.857605180591843,2.747782550391586,2.7911144793679474,2.6339840392316454,3.195730375477366,3.1427042148114683,3.446415460514352,2.6938742555772954,2.474243858189045,2.993297931080963,2.686021297697286,2.558026825948046,2.8014479098652547,3.9729935890500894,3.6119508134082112,3.213509760399845,3.595547579887603,3.153725760662873,2.9050789490924633,3.963603848908498
Sep 2010,3.2179340937073837,2.6879515455470853,2.844050029839747,2.7603175104899873,3.1559961668322987,3.1997404867320545,2.556085320076522,2.6125383930173243,3.1092243661000754,2.6716854672981833,3.2824561329288264,3.4381907575188047,3.0055408547429185,2.7109770393166097,3.0745378895003563,2.875042617103416,2.733198043675242,2.75159518148305,2.587221205464321,3.197291390521955,3.1482956742485584,3.4285375535228972,2.676029756301016,2.4638798345141617,2.9821845160754847,2.748655787318174,2.549112595120847,2.7921991847735286,3.987576823203108,3.61045539321112,3.2217551775117177,3.631576397646539,3.154959752463449,2.9113480493778647,3.919297010701965
Oct 2010,3.225253635499496,2.659277353959797,2.826869737827795,2.7257504617538904,3.132397903837926,3.161875794058591,2.5202035536283303,2.5835973126909013,3.08189425340395,2.650049416497228,3.264414012075803,3.425010866170483,3.022536942861139,2.666114498799981,3.0997122474319414,2.8381133018895883,2.745579207170231,2.758958471619626,2.631136029175388,3.19494778993288,3.122507197175989,3.4510471799678233,2.6483251135334602,2.4228750824927072,2.9504681449831063,2.698385772165249,2.5225112133291843,2.770720351217046,3.974935265037394,3.5805322542603384,3.1912120153302217,3.55589859160727,3.129085092656078,2.899190668228874,3.9004325001788303
Nov 2010,3.202749918869083,2.662855645658366,2.7905158777759733,2.7216609780226197,3.0978591286428077,3.1773742059102,2.530279773927926,2.5696549273104856,3.073668433760137,2.665259868970929,3.246267332399117,3.395834761651499,3.0082258265220694,2.6450337904039962,3.0577868248922138,2.769582223784596,2.6783540877937404,2.7915282000194184,2.5577121054280028,3.1578389156008595,3.090832030276123,3.405600523330654,2.629730617570089,2.44907111079156,3.0066177700454446,2.685628109765616,2.550315517346834,2.8050904861875314,3.9756434221617365,3.589913938857428,3.180138399216138,3.577533862132167,3.1126024095966907,2.8860473213160027,3.900884092144351
Dec 2010,3.1709282358796393,2.6506802362876796,2.802087312864794,2.7193241668451846,3.0780677598935906,3.164046676768802,2.5125057957956383,2.548502997304577,3.071817061397192,2.628420215746352,3.2372025374938276,3.379600473346555,2.9554900052780138,2.6763782366565363,3.024370545537305,2.804814834464786,2.7015368194191236,2.748391437778617,2.6100930050668207,3.144927522203061,3.097159044481692,3.3880182050719365,2.6379017727649106,2.4318001374737794,2.9755960631129796,2.661502428733567,2.523001228004246,2.741538214865357,3.9614229520934487,3.5912906758677203,3.162351269499994,3.51476537116042,3.106678266148781,2.8808547664731745,3.898962930377518
Jan 2011,3.1973880176962135,2.61020049350943,2.80280717908661,2.7137978635649787,3.060659447044209,3.1315843421646004,2.459426210708319,2.5472833537815722,3.0216297035326916,2.627985135758836,3.19929062882889,3.390512989402467,2.9259877347517573,2.654156699733371,3.0101639814467114,2.7857714590735507,2.7072461858461243,2.6920488823722133,2.549339640207412,3.1475120666180243,3.074175987482786,3.4351584704824027,2.6281634761468067,2.381983728731663,2.9047121656662633,2.644361394860175,2.4910436149342607,2.770611831650343,4.000394700184848,3.5517655866045215,3.1332175218121456,3.540260326010716,3.0610364867811706,2.860699928768409,3.874523904054965
Feb 2011,3.1506635183684497,2.5979301953666663,2.7681742920885184,2.709536653346428,3.0441967136663357,3.089771435629083,2.459787058309477,2.5507434980957546,3.043109630154268,2.5756140546830264,3.194321582200273,3.3226308148970505,2.9772542460288136,2.6112876454367617,3.001243694656102,2.783523385598145,2.6647873599944125,2.717316405685404,2.5937966755782282,3.1380388898149794,3.060450654440624,3.377054494484971,2.6212095221102767,2.341816645171343,2.9561633652342914,2.6437685755444043,2.470820230271529,2.6886965586827665,4.0208891946234155,3.5502071171613103,3.1220819742266555,3.5292410875824043,3.111800949961012,2.8461705453177357,3.9077976145367095
Mar 2011,3.162795266434408,2.5986211198227807,2.7543181866986792,2.6690786529532238,3.0427603280782614,3.1087707889341725,2.494451969348001,2.4877545759709916,3.057926569574159,2.6004920212477547,3.201468374798412,3.331900039579733,2.985026552040133,2.6195821635738636,3.0159170780864484,2.7795932204604594,2.669582173198578,2.731961848806352,2.5188992105700123,3.128844727600913,3.0397076932735994,3.365822319250919,2.598222890284385,2.4209953206363877,2.883037341074012,2.6310848786469414,2.465416789481581,2.7474694248814857,3.9390925894588276,3.5541369630348676,3.1229205718671538,3.4906240367743098,3.059207289203988,2.8488623088062357,3.9585076320867727
Apr 2011,3.1608579940093158,2.5915311316926664,2.7610232296814265,2.6979393721949534,3.0680154964732416,3.14063615339187,2.4850807048394947,2.5271296078259664,3.048775032936756,2.621228996961998,3.217504367162278,3.3731896182516947,2.963327400549071,2.6385474721626996,3.0061397179899303,2.81215540756628,2.6672629695195678,2.7037762713157436,2.543869014641189,3.1226453652861497,3.037267323573153,3.4068511298758546,2.642449264464984,2.3897948541346166,2.9362641242882668,2.6478769980348718,2.509041758493099,2.7410955978612623,4.003530422665783,3.585129258081717,3.15007466922426,3.5256742164912684,3.0948995941581416,2.84309165292959,4.023591978279945
May 2011,3.1674517652492966,2.5699364722675058,2.769779527706573,2.6972236908633116,3.0600273708631054,3.1351590629769372,2.493817051732349,2.549889131497709,3.043647585482793,2.602290382436996,3.2243954218593456,3.401895169512691,2.959028253160729,2.62837631730204,3.0144636943459675,2.7740206651660744,2.6778226454541727,2.723088724022114,2.5219619964511693,3.127827298419716,3.0752750251957095,3.3980242918096164,2.6254531611179495,2.3793281644366373,2.894926912918991,2.6947867589596424,2.501927387591716,2.7562519264374457,4.001349810177206,3.5878575075933523,3.1353607827525534,3.522489430770592,3.08703061208646,2.8823220658263224,3.9986714916409127
Jun 2011,3.2010663644710924,2.6198543898658757,2.793232792642869,2.693514127995375,3.090999335791252,3.1197418121791562,2.4623070416457487,2.544470059271543,3.0757565250714163,2.5885344472921767,3.242847231373811,3.3523295759822003,3.0362027769878464,2.64281955838616,3.0408469194655856,2.774803387704997,2.6810591616114636,2.72033013655146,2.552491873407764,3.160935366640475,3.098227769944202,3.402239250265987,2.6249469161777026,2.375384230998002,2.9429056246369716,2.6297482870008864,2.4729217166515003,2.7408869371151345,4.047805973032743,3.5979468952362836,3.1559346467148144,3.521220368118384,3.105270538468503,2.8467968023981043,4.045764641164299
Jul 2011,3.1825897072282108,2.6129114058774254,2.7832792442486336,2.7002047102914912,3.1031591139181955,3.150082078742482,2.461870704169341,2.524743457384106,3.076001377057938,2.589625509090244,3.254176465904491,3.427259671192217,2.9676429311821813,2.59848481830825,3.0400196928427086,2.806575839543891,2.6538876232374284,2.7512970226027442,2.5401544174738935,3.152674273010838,3.074140486580649,3.4351027650856665,2.621274952715755,2.3588901733932603,2.937532366086697,2.6298068160726165,2.475208066328024,2.7514011172716293,4.07545657270449,3.650847020114586,3.174501892733608,3.5722779704084853,3.129173927041499,2.8399942094128994,4.109702127382892
Aug 2011,3.204861375288711,2.6016913764677785,2.7884897518202427,2.679255417388577,3.09259892593663,3.1288877678177913,2.447337309433676,2.5474904388492567,3.0703786051983877,2.59277783499438,3.2530031852164507,3.4582289570212232,2.9514541402106103,2.6404842751221933,3.0483249115470183,2.786715562806207,2.672127085541023,2.7047058053275834,2.5456876612646853,3.162770050366371,3.0732641620538206,3.444862692280637,2.6316332087571563,2.3612721448942624,2.943370554032493,2.6393943388893546,2.476591691044329,2.7771364287876903,4.120658387920837,3.6607348491602263,3.142550462282736,3.5202005746689107,3.11434591871703,2.8667055126201784,4.075399683880926
Sep 2011,3.179527771408695,2.5810815635730706,2.8089323036327314,2.709591012582879,3.0711703295846458,3.119100683027552,2.470555318176843,2.5211044190928265,3.0561700564517906,2.58551152890812,3.260824875437744,3.439334434696203,2.9600643830272233,2.6156186820259077,3.032425392221547,2.815432561552446,2.658546412249425,2.7419597820720316,2.508357870103986,3.1482076044570726,3.0497369894861985,3.4555047470557496,2.6241880976256073,2.3459144139493464,2.936584073490389,2.6585675635718333,2.468948333900004,2.7355281125312128,4.087317321477052,3.6423515517157803,3.153338334014045,3.5349168760011414,3.11734719299101,2.8636307980469953,4.14349323174387
Oct 2011,3.176929626464076,2.572379271504808,2.7980784692561635,2.6841321926273505,3.0740886382145485,3.1326307247063054,2.4464283274925736,2.500331722017584,3.0661563805913885,2.585166160860967,3.243929673696729,3.444516157514594,2.932343034975571,2.578853559103911,3.0399517355680126,2.785731386544407,2.642073476267995,2.7014671813931415,2.525172376767015,3.169164605664138,3.057081050176096,3.4305491128081886,2.6132315291301387,2.355574803017841,2.929219174060566,2.622427085255767,2.4835602649662962,2.7404434049470403,4.074806624933085,3.6557894223890184,3.157115138311236,3.5218850412413527,3.128985171508358,2.8627197501466255,4.092539173807322
Nov 2011,3.185520345052602,2.6073741891573814,2.8016116574206467,2.6951407331383654,3.089291724215921,3.1396642884006645,2.443933627946791,2.496083578290214,3.0700287806412736,2.5839982980179665,3.249901861719826,3.444746693651708,2.903050459609442,2.611202904605493,3.0439912427985925,2.79178309268332,2.6253266997542375,2.7224714343315957,2.526138208455779,3.1442906961951116,3.05231493993538,3.4341546801170817,2.609691590076658,2.319676569516985,2.9324001581278125,2.646816707842423,2.466796617970218,2.737623735791556,4.0947102605488395,3.658551344980628,3.12822731793482,3.5066369217902915,3.1226839821778207,2.8604389339004075,4.115339253023762
Dec 2011,3.207424297541953,2.5980993445036233,2.7816976189084865,2.683456061916923,3.0753248335337076,3.1399346622009383,2.471139195408568,2.506739610965734,3.0619240961602165,2.5834717155949707,3.259388539832128,3.4826714242972896,2.9455332789382176,2.623559111854717,3.0360138866760846,2.7828397860916825,2.646115035677666,2.718425211642539,2.5416728824889216,3.1481866143389645,3.061552670715164,3.415601343907925,2.6196550995025953,2.3718618009205876,2.867567230033148,2.6419202731137004,2.4432501521001435,2.7414480501183167,4.151683185275322,3.6837444444852157,3.105030438037872,3.5374271453441337,3.1182691993338127,2.8386105619468376,4.123609705097396
Jan 2012,3.209214363257675,2.571888609258864,2.7751875167647917,2.673533427529944,3.074290179742583,3.110052152701053,2.433595528130653,2.4772511984626613,3.0541707152779503,2.557764381570757,3.2375544627244737,3.4316683130351002,2.9082869944753487,2.55988979255061,3.026620951217777,2.8006101886943093,2.5980327903882827,2.689938228556299,2.4877579131524747,3.153871047578819,3.0483648236625114,3.4189653905660506,2.57314177987043,2.2983217019678603,2.9438191379957606,2.5786832325053255,2.494310396604243,2.7292924648710306,4.138241735928663,3.6549324798988154,3.127880351353515,3.4818847243068753,3.1136536867802724,2.8526920367387674,4.1843059155945195
Feb 2012,3.1977750575109147,2.5688323209479704,2.779809659057855,2.65281173372907,3.073598059373253,3.1130046574105537,2.407624341647325,2.4765439315509417,3.048657708632818,2.5588528500910828,3.2591999211329883,3.4283897933308007,2.920871722332568,2.5421466421968417,3.0229192748855835,2.7426863648646753,2.608806418143493,2.6778693497026875,2.512965818752081,3.139845907654287,3.039566934759293,3.4518242362897937,2.5916764545217705,2.3053730228243206,2.9113143764458504,2.6276949522394997,2.4467657553582893,2.702864882448507,4.158529395023136,3.7062231322457793,3.115904838462208,3.4962574223994456,3.1291973681525795,2.8041339042327813,4.135849095813851
Mar 2012,3.1872647095952686,2.578392861032302,2.800074967952751,2.6774924285936836,3.0777816950276797,3.107504705161436,2.4055893581631946,2.491192424991848,3.0681309819787215,2.582456102831533,3.231797696372569,3.4302333191050742,2.943048988951383,2.5935024683981074,3.0322865660582656,2.7818282350774415,2.6009001821711144,2.7451543747983567,2.509532091237303,3.120187023209881,3.065281528283435,3.4221045541555903,2.590182601563181,2.3194510650153153,2.897665113488603,2.6290543913865063,2.423491861955017,2.747626009314009,4.125267809895874,3.6589183370033447,3.1249621280201274,3.4901711481464797,3.11066611358617,2.862722437695495,4.170813997900164
Apr 2012,3.243582921287533,2.566280953742162,2.822412951563528,2.659508701823486,3.088922547660073,3.1346790763679286,2.4350167628678023,2.481894944302538,3.089763129891336,2.5888895217109176,3.281141742489613,3.544211129121374,2.9233434642175533,2.6380032739662793,3.0530697789016052,2.7848846817578496,2.662427029180439,2.7122000340584522,2.5159165468997915,3.183717217827541,3.083586512210972,3.4894434832038037,2.5996441978720695,2.3152171419777225,2.939370666549914,2.606688884728722,2.4417050163655185,2.7213435123874405,4.2251381515745425,3.726591095811343,3.1390709305217888,3.586389559670487,3.153815982498974,2.8488656739915226,4.313456393876996
May 2012,3.2402026484332587,2.6181772510571055,2.802020021277413,2.6745441264079384,3.116783026154001,3.1648002156095463,2.398728448532767,2.505395577789879,3.087568482031769,2.5779369858507946,3.3044917196551697,3.55561671898308,2.908846512175827,2.601941305997591,3.0503658049593922,2.790242197362991,2.648133997156254,2.7029740794732935,2.4866943920534488,3.1705917434797994,3.085925399114301,3.5305363058167534,2.639360041212161,2.349506780828611,2.922930435879416,2.617523024974035,2.450006561267532,2.7230086220130287,4.313528220161648,3.758523377739774,3.1654080577292976,3.5374925314185606,3.1634596208962806,2.8741550747575855,4.368938964069107
Jun 2012,3.224120550457871,2.633892593976946,2.8215606089048424,2.707864932994571,3.143065814230136,3.1554441284412795,2.4708476590944763,2.5154877339432407,3.1028721931069034,2.611865830842253,3.3325353614990427,3.538839620118978,2.8926825187686624,2.601749364058481,3.081684014465695,2.7838033226662153,2.6607140938448026,2.6901423261054545,2.5120474345571138,3.218959681112024,3.1014828853662504,3.5182021356838553,2.6278301557009915,2.362883299710594,2.962286222021053,2.6267000720114133,2.511368230872737,2.7397811596314803,4.320335190463353,3.811221926831653,3.1549931358582786,3.550190057994808,3.187477360941615,2.9054220962648483,4.422587791427525
Jul 2012,3.263957934078508,2.593198153506872,2.8242421376223157,2.7029694992692797,3.1104069070423055,3.162546282575122,2.4345466488298855,2.492524477193708,3.0934927557812752,2.5808713297339954,3.3311112743390194,3.561460435158877,2.929830114292527,2.5883855882711724,3.071625073396181,2.8025556189479164,2.652533044773789,2.7195752651031655,2.470865791596058,3.193193386316217,3.1205943821709208,3.526623828335096,2.635370305242888,2.3285254159034277,2.917108879205056,2.620498536782119,2.4648537927255725,2.7481012624941714,4.31452912246273,3.806904505626818,3.158419499747903,3.5484118095969555,3.1892878773726845,2.895395310449712,4.436255488597843
Aug 2012,3.2618774514242963,2.5900965242873375,2.8140012358174786,2.682026669395493,3.1488785345540573,3.15220268773689,2.4039891917870424,2.4868772945884867,3.1106671369888943,2.603219725570034,3.3373389182763393,3.59092877535544,2.9207473617109234,2.5892645259631553,3.0937801301674344,2.768376410689929,2.6500002830000646,2.7423253987864533,2.5106123695620295,3.2172912334175443,3.143475079930678,3.546963297289611,2.639721021392318,2.3368279152021434,2.9256115102198383,2.6095476243534894,2.4581088110545024,2.7678220972453795,4.38527810881209,3.8292516881091645,3.1703753180015757,3.497824731927664,3.1995360485767437,2.878477076225521,4.4546808842018955
Sep 2012,3.273494094016325,2.6150966732519625,2.8247834925319895,2.6931461090913293,3.131774672049543,3.1469982715259555,2.414798125396649,2.4848078875972077,3.1027706795232954,2.5625114596559375,3.347611076749013,3.568298796854193,2.922923726900993,2.5945989061928714,3.092393431048933,2.83578640250624,2.6362110496807047,2.716386265468699,2.4620405438233277,3.2084878215201726,3.105067594604212,3.5231366158153237,2.6485463573812864,2.310528322017637,2.918817603897523,2.6083466943142883,2.4579195200577844,2.734847442839543,4.385024724143098,3.809505989394514,3.17930829907862,3.5248585279085978,3.2120225879937685,2.890280602768462,4.454632841963369
Oct 2012,3.2522810167463416,2.6044416454714776,2.8143104251424194,2.6794932554727047,3.1218525518443077,3.1358914963869844,2.407821346107253,2.4679539258751433,3.103641296104943,2.598944299581912,3.330682211599799,3.5690258095387866,2.864197688014876,2.569623299758469,3.0757899321657427,2.812514351169914,2.632846011773005,2.7221129425830544,2.4571460458843144,3.221031432582095,3.108512121609765,3.548646170530337,2.639337683190757,2.28033163743124,2.937799460189888,2.655158715981343,2.4104739959951655,2.7437312789850976,4.3887155476541855,3.8453436690316476,3.1722777157859054,3.518977467537893,3.188615063038101,2.872060761951595,4.416778505449882
Nov 2012,3.251428737998737,2.5812980857061056,2.8252093488125962,2.676373452897318,3.139394602793539,3.1491077294678016,2.4112263057157497,2.47655999317255,3.1138522651408485,2.566747633088045,3.331380592849115,3.5703683483375213,2.893616230415443,2.56654758355961,3.079162051371509,2.767208126659054,2.6243368914359526,2.7166179591146897,2.507346055050035,3.2009586678335413,3.118839403073443,3.5303180869690642,2.624573011203899,2.295027799299986,2.9084296666986926,2.628137189630728,2.439417074865327,2.7303712766419306,4.410043135716963,3.8321626148485595,3.1598403877885186,3.532377652089172,3.21572987572468,2.884903099942841,4.41352131651602
Dec 2012,3.2612877162560205,2.5969595485639143,2.830112214278994,2.6810141389527455,3.137598711025948,3.147011225343323,2.39681425254406,2.4814083491129564,3.104474989735241,2.582347668500859,3.344877002884598,3.6211110949706335,2.8991631932549353,2.579416864202044,3.0783252242480583,2.8184685365469604,2.6302588381586403,2.7253074477163555,2.466617850693661,3.1867465308358836,3.129264220353413,3.5445267276077863,2.634079111069422,2.3070570136705015,2.9222516304829975,2.60107669845687,2.4536050741474904,2.7764949138924435,4.422863515383491,3.8632300367185803,3.1721897482207155,3.515672730851131,3.212899375771172,2.892469135084465,4.552427201634683
Jan 2013,3.251731647902017,2.6030341008970286,2.816087437831663,2.6755787616468156,3.120447067613821,3.1411346521114467,2.374562493415606,2.433989474042295,3.086141818709199,2.5348743793884703,3.3464176008540396,3.5924224670284093,2.8581232326910624,2.53970857616285,3.0618558036989754,2.8055592646898826,2.61789342487231,2.691295938641045,2.481785763846465,3.214184100370681,3.123423398811094,3.541660872593188,2.615109348798309,2.2785514010524106,2.9267900388139774,2.614330435758946,2.401667389409222,2.7372033332598855,4.370279945447731,3.8729753015180344,3.1462303638141127,3.5161504266584522,3.19909980398433,2.8469908613369954,4.511495144942501
Feb 2013,3.2629100077871214,2.585193965464799,2.8286455413598435,2.6821059901041533,3.1337128068709674,3.1297137555507524,2.41032585813015,2.4505595119632524,3.0728119438942625,2.5911921963489943,3.3600303887202503,3.6140019627005473,2.8841148270052073,2.5426455366327616,3.0925870097355572,2.766089777894904,2.6617127156191596,2.68905023994212,2.4513378080486024,3.168308715449288,3.1213740860969956,3.561328252132423,2.613466181243392,2.2840820445425263,2.8848989944783443,2.617327902803297,2.4406111326368936,2.726991977606474,4.415678885845258,3.84529641227289,3.1384509240853564,3.5036352518322103,3.1766226373373523,2.8700568592319824,4.548970573362153
Mar 2013,3.2800165712835563,2.595239246655612,2.8133409780752245,2.6881696478549624,3.143082777938359,3.1580838613611237,2.3779981809839263,2.470797563765424,3.0894020519177965,2.556801795799706,3.34267612750387,3.6951423081970542,2.8879129078191093,2.5483283644148003,3.0816286614543236,2.7871651261622943,2.6076126107312034,2.724428004882918,2.4734632284264193,3.2108419636091674,3.1235668487800416,3.5865551590864815,2.635998941329902,2.2820040161894224,2.916378009195031,2.579657868488386,2.489280693255326,2.749837592591468,4.415123235567048,3.931522413163153,3.1564746192610675,3.49290771541014,3.2073185240001827,2.8919219190379253,4.577191281715634
Apr 2013,3.2882259156110973,2.598274345829176,2.8487714791251295,2.6911092561514343,3.162131815941244,3.1633444577932113,2.4451873598435374,2.4751593658622366,3.1120741419847446,2.601424028790743,3.3763468457017907,3.673410809305867,2.8991918793561107,2.581687724960388,3.118602344050562,2.7890343580391104,2.625756294988079,2.691034328322625,2.4297248180926427,3.220190540534234,3.1564393569435345,3.564100383542826,2.6433209968241256,2.310303223354464,2.924016554124675,2.592905075446522,2.4593834871949767,2.7505718054201873,4.547495705978293,3.909267553647589,3.1803487040972938,3.503798845160606,3.2445974403680085,2.8970312739241875,4.689482517912079
May 2013,3.3178040427581545,2.626485849349602,2.859916060256619,2.6987188559391866,3.1692661176664845,3.195129167341192,2.419847796126373,2.4756277146889447,3.124659887588712,2.6080128990379734,3.3701775047136406,3.7054158842002547,2.930021557376176,2.5650751500523263,3.118065307360248,2.8159472186086756,2.625799813480002,2.753883691945902,2.465853137250472,3.2479067983898964,3.1626189026932403,3.6461298995265428,2.6412199666534946,2.335210414613864,2.9457713270683192,2.645397910902994,2.4611509845120527,2.8023905847607886,4.58258370282889,3.952869527361515,3.1677772837608753,3.536243093220658,3.244752749449191,2.929335666741919,4.677659392391891
Jun 2013,3.373486632254159,2.6592365487076632,2.8801809810739316,2.730697448557167,3.1897076638949766,3.179506856925042,2.427348488111881,2.490928817577983,3.1555444062366087,2.6060592728331415,3.4338054028772658,3.7272545418691205,2.898724183711602,2.619769734529242,3.1401568263376785,2.8331130298751677,2.659541524615789,2.7651503478765784,2.497470378772219,3.257599007091834,3.20302161270022,3.661131302165455,2.662096835349809,2.3460422421805354,2.9491645613021205,2.6415655581844235,2.4663622820587827,2.774923917439002,4.638465661465999,3.998866648895151,3.2092513998130987,3.6053755467445843,3.2969827047534856,2.9431564593348494,4.772787248050582
Jul 2013,3.3605430526981555,2.6395507427744125,2.87537880795583,2.7400679012337594,3.2023233725425917,3.2017105828313364,2.4235188801632175,2.4784013476842146,3.1645619705909107,2.5957673486941912,3.430030864670413,3.7784235269384343,2.9026688323140215,2.6323357273398997,3.1623039403419577,2.8462440529853965,2.624066896723008,2.749836645228877,2.4746104433511595,3.269116464742644,3.1987486974417463,3.677097068654094,2.67730249908261,2.3552667690453335,2.9807481062224817,2.641335135196914,2.440888978185403,2.7892571135870665,4.684790481166066,4.048642627736961,3.205999617963715,3.5430757979022025,3.292502429101534,2.928206894255737,4.849168795652547
Aug 2013,3.3861207422936315,2.6430244625544264,2.901559817747667,2.7438346048705897,3.2132516770733806,3.210669023533451,2.4329643683739057,2.4859006150727634,3.1890382718298182,2.616251635775553,3.4594115702074304,3.835495955233104,2.913186938381681,2.6335221694036175,3.165836406265269,2.84767485212337,2.641192026108472,2.7318533697419487,2.5190735721179576,3.3004327337509602,3.2342367867702135,3.7523838746562226,2.68699264008237,2.3228407004054294,2.9924211164081824,2.667717583232379,2.4446315365734135,2.7771316827264156,4.763560302613598,4.077822633842225,3.2210704544649906,3.5670564912043576,3.314703797353696,2.953888519950847,4.889434142079276
Sep 2013,3.3828969702374505,2.6527149026098975,2.9089694902528933,2.717668789796291,3.233720745598755,3.237857292656664,2.4494376959939803,2.5200871567990544,3.193497581521944,2.636461316402426,3.4984095077294177,3.850813666356476,2.9051108589604513,2.6189863991010074,3.1946032255241215,2.8499781265670565,2.6482724900596852,2.759844608187544,2.5291679440755135,3.3232315137770074,3.253050666391795,3.792075778476732,2.6877172005489562,2.3386291636701313,3.009801440966723,2.7052750820385745,2.5000028583591507,2.8182525179930265,4.809885941529863,4.073616003222393,3.227818827642322,3.551915086216373,3.3367247107170646,2.955920575395867,4.976169759256934
Oct 2013,3.4310067029584412,2.6646134220890203,2.889216165590438,2.7393464069614644,3.2546467764857705,3.2453816603603434,2.4090124036478824,2.5057271892243476,3.210517699219167,2.6446027066613502,3.5066137037719938,3.8760049195827073,2.9744764926757665,2.6026685983954017,3.2062627849822536,2.85610639234975,2.6699949826246154,2.756629502936058,2.4918916491694687,3.343089512727276,3.2471322375572766,3.810877182644146,2.7018370861686862,2.294514637034158,3.0090521475059164,2.655507352354288,2.4882017800020257,2.825706728239691,4.8731457162993745,4.148857161433737,3.2320858298001287,3.5703108270625696,3.3638139574908377,2.983190515997058,4.943624537728877
Nov 2013,3.4255146972515713,2.6815997880513516,2.932351748535026,2.768733459606674,3.2653630274570387,3.2487550411271258,2.4517517564297537,2.5488170937749812,3.230956183681259,2.6542351328405713,3.52365770699034,3.931950910415528,2.9434782918472204,2.637913593802402,3.1962571316819317,2.8615671501046407,2.6786020058324977,2.7696800865380373,2.521187268059517,3.336424829433578,3.2816896016619967,3.875209057755909,2.7262689522306824,2.3246289414825605,2.964628854639266,2.6578204362322415,2.474493257460675,2.84461932305466,4.89441736803608,4.157574797739942,3.2374961249437195,3.598445442343238,3.3544765188884806,2.9867359390836654,5.040036799006397
Dec 2013,3.4740275970035,2.679607813025586,2.9267220492380455,2.7875197722038445,3.2774219357858625,3.269362671965565,2.4544410006411184,2.5435054191626456,3.242462693791739,2.66933116698512,3.546474911428406,3.9751839342525503,2.9838257517692672,2.6546114700650953,3.266476968817219,2.8878785885609686,2.6843044324797796,2.813423710044987,2.5454466832728664,3.373185819512476,3.3025607373580566,3.884227860711904,2.751290275741019,2.355354584756271,3.03182228807229,2.6847693137225854,2.51054309598478,2.8675898566924802,5.025115347127585,4.210537320218309,3.2759002150215055,3.6300945693671363,3.416099112146063,3.0248031861240863,5.1532744377610245
Jan 2014,3.488729566376468,2.6641792345265727,2.933319474079056,2.7698000879414044,3.2804260948085697,3.26746655022233,2.4583266503528374,2.523098389461534,3.2720675982827583,2.644000977509668,3.5854330800938055,4.01629153746739,2.9038160117760423,2.608406964250512,3.2368977938369117,2.896741338773071,2.6826983429748843,2.826156787362604,2.520436861792095,3.3784434912869927,3.3180933432791244,3.91508850362625,2.744382568222338,2.3183508497281107,3.033999620928506,2.6929109593048506,2.4886637472778586,2.882562043857671,5.057949483491698,4.262773701910238,3.260870208005635,3.574994955842454,3.425390064204524,3.0322274952549466,5.254545517673267
Feb 2014,3.49943442783115,2.684930726448468,2.941258738621916,2.7817878244277194,3.3110160802855138,3.271516567251934,2.4656357305275267,2.527403232292009,3.2782639348347704,2.6729454544867943,3.5973009031282497,4.097666647387681,2.931486485119749,2.649858853414428,3.2703852990697158,2.862992178549067,2.7215901781403846,2.814394053932229,2.55451001297223,3.3996203910596727,3.343047912638413,3.9742725574314046,2.735131186675623,2.3155882365873937,3.0505718043838717,2.689342703852695,2.5109622241561147,2.897103718836656,5.146624487886607,4.267741567997672,3.283352791544176,3.6048135455400323,3.4298666119108208,3.0390367321069633,5.239182865656804
Mar 2014,3.547489660561839,2.7225857107961,2.9936155714115102,2.805022336910928,3.335346253308764,3.309489613897699,2.4679230103861567,2.5357964603275187,3.2999585763694084,2.691596882564879,3.6086639170783372,4.131011012864639,2.9791368958903623,2.6488046952620095,3.283988589347318,2.9098140335111915,2.679484257482369,2.8229679526678115,2.56532211414739,3.413809726536645,3.36643926272593,3.9831409731110976,2.7614137517607626,2.353281873625819,3.0619163670430183,2.7173542909343076,2.507195600818654,2.9138811395113944,5.2387022429800645,4.347527795394811,3.2939685031092023,3.614325753851585,3.4570113368728586,3.074086690549281,5.3858711884952335
Apr 2014,3.6132540595062403,2.753902181712852,3.0051721224869543,2.8092204802384044,3.372781950762223,3.3526844933795554,2.4808889781084575,2.5827383642685255,3.331743600236828,2.705336484120851,3.6569403020399203,4.235649199984499,2.9818386118257094,2.652171589588589,3.3306225168048362,2.9118846860511707,2.7226827812681167,2.8445471830887397,2.5490910489702885,3.477297847891399,3.4341390916088814,4.095185780290666,2.7876899835095856,2.384089570377746,3.080909135174237,2.7168931097755467,2.559330152332048,2.9394104699728074,5.426893304260406,4.417568420713865,3.2940928975601524,3.592635202489852,3.524775020647725,3.103759521411324,5.482803823568988
May 2014,3.660182671483938,2.744489185127893,3.0056479444798208,2.8083462239041856,3.425882450092045,3.359706972868518,2.478210277657939,2.5882773777423793,3.3555289907388017,2.731611388996553,3.7223922911467042,4.324597889546348,2.957562577669386,2.7027902589886375,3.37372310787623,2.941811242294774,2.7461886757496603,2.8572425672292288,2.589066327663094,3.5038120301260562,3.46731154298788,4.216327967237032,2.8153270101016754,2.3765349545883123,3.07037676584508,2.739664231830008,2.554804673782269,2.9379245971029486,5.513074320451134,4.523619433208627,3.3368117968287905,3.674868090284574,3.559201062412842,3.1319649602658726,5.643104113346568
Jun 2014,3.71047451789755,2.784728481225413,3.0633885182105995,2.846253382129258,3.4479511663970994,3.3985183413725695,2.5186539754117407,2.6266680439763097,3.4024987892060916,2.731677257742354,3.7720811419505953,4.39928552291517,3.003333841910499,2.7040139999439505,3.3965391039563917,2.961133117733837,2.7515185327682015,2.8983552240441117,2.6007625610617633,3.5401035806926093,3.477532903117208,4.251995895805409,2.8300579622078197,2.3864156962208427,3.1288641851685433,2.7551655400191515,2.550418325882784,2.9682492375416474,5.57770404336195,4.6565648112624025,3.3629038031084884,3.654145180762607,3.6243688188097254,3.15321783105794,5.764414932824586
Jul 2014,3.7615727156064622,2.7890262617243464,3.07260184533101,2.8563083430062455,3.4631619717858726,3.4091301104051364,2.5035435617068127,2.6155187072549215,3.420265128149373,2.7531930655509025,3.8136567455294004,4.49209587514236,2.971412727510288,2.707741817484905,3.4111004430009353,2.9881837130323587,2.7562248330232024,2.903116355458371,2.6076137584526458,3.608250730883292,3.546320217580121,4.321401701493922,2.8238738033422677,2.3791856719698066,3.1367413056473707,2.7487768994690214,2.576665421664985,3.000978136578008,5.696381315755567,4.734618106756643,3.368316511334338,3.690235395614026,3.6722324988596524,3.1537625597988495,5.795194849569469
Aug 2014,3.793292540310284,2.7981028087922644,3.0857027052602617,2.86220673438016,3.5011745139326518,3.422546730220659,2.5154219958853066,2.6297370331557572,3.474689945271496,2.778511949617979,3.8692919332148197,4.611329835637427,3.0260698487628788,2.737740897017392,3.46132660717816,2.972229961686209,2.769244324708735,2.9125505081278553,2.6309422445561013,3.6293709972501254,3.590866786118891,4.428502890010027,2.8634778895521475,2.380184674403226,3.1526899855137427,2.7838690546575835,2.6024133460941186,2.9928860848097316,5.774010593846301,4.799609490103581,3.393162025454214,3.717408300835407,3.7048185471020862,3.1924744651942403,5.848627855804112
Sep 2014,3.811822792401107,2.7995063311307318,3.084307565462925,2.8933255600708763,3.508846796489056,3.4496333996762294,2.507937320054541,2.631073187341201,3.4788491210541066,2.7620432154136747,3.8863091096118922,4.60514827431334,3.017733672954173,2.722642815784195,3.4756665852007327,3.009119768406701,2.7743681746407325,2.9321841471394103,2.6509444940125007,3.6673030247841045,3.6096781058053136,4.424513655543319,2.8479605799642176,2.370185395271439,3.1669098773148536,2.7637239703748064,2.5874222911306672,3.0017470931960513,5.7891468006363676,4.797267863918843,3.392227579648865,3.7444029637113467,3.7325067575634256,3.194600838323066,5.771238615017857
Oct 2014,3.8424658666558322,2.8170900747973717,3.1019878940836643,2.8648936617831278,3.5346409530974094,3.423681376503903,2.525992834595726,2.639602770316422,3.4755665747765025,2.7722041816912872,3.9073734441754264,4.598876752234197,2.9813961888138034,2.696740612237712,3.4876642368577975,3.020592300913755,2.767757832129961,2.906314283347961,2.6351086231843452,3.688465604800969,3.624013280224821,4.428258713261974,2.866591331505943,2.356063438381783,3.1464770569572607,2.7804212028902606,2.5795630472501947,2.9836627755884053,5.753720769160403,4.782794682626867,3.3884250574844232,3.7356314954023198,3.755818966390543,3.2082526516743806,5.775098146906095
Nov 2014,3.8634032549927393,2.832922058134806,3.085922843088207,2.887391359445483,3.542811114261329,3.4331017015973786,2.5115929647608306,2.629289864707483,3.499959058365905,2.783779176872594,3.9072202292058646,4.578790505704094,3.0351441675945092,2.7350568584896515,3.4899547578402323,3.012410357435909,2.7872705985394526,2.931267738691341,2.595375653410588,3.686403152857948,3.6632222250633477,4.43920128069125,2.8626093909368446,2.356150410460322,3.149526391353555,2.796024044951353,2.600400117127338,3.0137878063078323,5.791556146705438,4.7905185485312956,3.4013851213751263,3.7267869013250676,3.767844338715881,3.225228211877297,5.698387311835328
Dec 2014,3.8905293989704393,2.8331651529047033,3.1268150634569496,2.894499046318865,3.5430312389998653,3.432707903717552,2.5051222405726747,2.647752429091244,3.5137564601372975,2.806568326828269,3.918700626946128,4.530450057125326,3.004293844751143,2.7164859226186224,3.5172369456823667,2.9891360618467147,2.7642338534604702,2.9469542502589303,2.611837163711921,3.7291082385689536,3.6680765754365083,4.487556300278972,2.8797971901178485,2.380641966172566,3.1583835602452224,2.809309304662524,2.6212799560568714,3.013097066665793,5.782201751191056,4.803895549481623,3.405232174853574,3.7427005037178023,3.772986273686242,3.243155807025226,5.819822491429223
Jan 2015,3.9059878712622003,2.825989081846312,3.1116046403593103,2.8870752787803657,3.549689638498423,3.4462964386410873,2.4879493991129236,2.6071005695308376,3.5171485800554465,2.794508371823559,3.9092685432726415,4.57025550457534,2.9736238988819337,2.712561204482486,3.5018885097773196,2.998191234330488,2.773662761783063,2.94095515796796,2.5949357432536417,3.7188118431598145,3.6595169703717545,4.488390736396605,2.8735434142874543,2.3562872195653806,3.129046655765563,2.796559050734445,2.582315418980341,3.0254265740025983,5.739600895052659,4.842131697407491,3.4016479456367685,3.742040137215523,3.781983464579598,3.2175146620230146,5.715515271691844
Feb 2015,3.910728159991993,2.846785901612935,3.1080479255873956,2.8972134006014127,3.5538120835427547,3.428704660068276,2.4959025932133283,2.640862848729098,3.5345630050886694,2.782419049244993,3.9332321500345393,4.633847150888848,3.0022487794433435,2.742204509606443,3.5116151334057975,3.0228127925838715,2.770843393875118,2.939557292302015,2.6289578478633944,3.7420753357102936,3.6619590710457337,4.475503631222039,2.8724895003935416,2.3562051868650986,3.174801017928251,2.7961895427654984,2.583355670709494,3.0346466746066922,5.781729160073783,4.807319732406789,3.4179826243380873,3.684896988616163,3.7871252405090057,3.223637138526648,5.601088676010051
Mar 2015,3.928014090054577,2.861471694075284,3.1374131216415,2.868111068019088,3.5749314736140523,3.452736649893154,2.508186480527877,2.638947665944835,3.5342745049647597,2.796032971546187,3.9481921989424,4.599331069278619,2.963732456746198,2.724987368740847,3.5239282345753975,3.012176548740992,2.7617364542264546,2.9398979337675066,2.5781627707544947,3.7535077282551024,3.7050030922440986,4.559479291913378,2.882111548172524,2.35959500152081,3.1653770728013186,2.7776038721247174,2.6220645720606086,3.0512359878001143,5.821724567283318,4.8319625458212965,3.4464748658323066,3.7455572778527766,3.821026324624689,3.2530767974910546,5.772611769624057
Apr 2015,3.991298468751123,2.8525971595391897,3.1489341102778012,2.918936068433759,3.617488448696553,3.4971439608828647,2.5431948400153677,2.673370411320779,3.57820721857851,2.8226840555528256,3.999704734609278,4.64887573293198,2.994452812282476,2.732128046681284,3.5455106799665237,3.008798919705742,2.7858280833905398,2.9630968393446144,2.662762056848333,3.796265201694759,3.7078121945925844,4.616447768175033,2.9078783688199494,2.3814424722192835,3.2166624610930783,2.818272437963776,2.613241353167993,3.078788789408407,5.8792002006015895,4.914983542472271,3.4137349689159295,3.806046704333486,3.8726177925278327,3.274741453939581,5.784652873374817
May 2015,4.018416768181008,2.8705689942744983,3.156439084903053,2.9251257138655955,3.6284079960058553,3.517456496334989,2.569271723071402,2.6765633887551687,3.6089671001828996,2.852376528202628,4.017317010647565,4.751163665225809,2.975182514382018,2.745995405598374,3.6009398932386785,3.048841348453977,2.78192109478833,2.964984827421628,2.6444311537738585,3.834822076475653,3.7616625793626057,4.623144058318486,2.9122699026949808,2.3708721068997027,3.201553089932585,2.8202018676648972,2.6261838244433,3.0771720848685065,5.986168069338557,4.973944903853382,3.4348786765445882,3.7909625070649655,3.910849882274145,3.2937899866857476,5.771991270296321
Jun 2015,4.086822939559665,2.882466883786169,3.175722152438704,2.940290128744134,3.66807319313937,3.5201496169192037,2.559153001767692,2.6915112255914115,3.644919237003901,2.847084736600541,4.050560077283935,4.7571094201474775,3.0531126992126554,2.759669913036607,3.6170946956575687,3.0670442781400333,2.8174082745553504,3.0086851299636908,2.670755920928455,3.8478618912340816,3.787390950829838,4.6897887019212074,2.9315278591760974,2.419001416122475,3.2410059298638902,2.822724386551847,2.639890610667247,3.1059734926188405,5.986352948548154,5.017057309144013,3.460099397568036,3.7840917079957905,3.9529392692543763,3.33351153990202,5.917748446200585
Jul 2015,4.139208593649762,2.896249947466414,3.189476866204867,2.9602088633528063,3.6822809036993154,3.5478572459743667,2.5431960884951863,2.686834770435086,3.648949841313762,2.8812354750202984,4.109613500217092,4.870538361776144,3.0725621668841834,2.7602537807962717,3.6481885309218285,3.060877287821612,2.792223707379819,3.0098042373247442,2.654974066031848,3.910200086042386,3.8216940057037663,4.785954119492737,2.9613213797872997,2.417237415015554,3.246164608249091,2.8478769792055223,2.6480845485184625,3.0974142359049175,6.1252845480426394,5.0680890308284985,3.455329324672297,3.859466414629316,3.987686458782275,3.3212060559902716,5.929074942182755
Aug 2015,4.189941026756733,2.9399273977368736,3.237927000329178,2.9794280671313613,3.737683184800608,3.5613549475047694,2.5621008174316082,2.709763644749771,3.689135807965112,2.8921483039261724,4.150758440151801,4.947794234249747,3.0781793983529107,2.7891526394986577,3.660867455665013,3.0956965234845155,2.812236881650186,3.00204097378754,2.689636918015607,3.9342309615412683,3.8693438369005455,4.823523893956831,2.9622495580944395,2.398571565951854,3.2870049965919894,2.857976152938888,2.655122150879982,3.123130595458619,6.186357710916108,5.152119792568309,3.5096189567655443,3.827786470771296,4.016258722926859,3.3579927874337536,5.966386112427836
Sep 2015,4.2126147056946035,2.951735268086272,3.2194818536034724,2.9887291522653867,3.7498771574045797,3.588728490126848,2.556013753578858,2.716007113879532,3.717267424367288,2.8971098763582424,4.178003235836214,4.977098600843265,3.075848290545338,2.765899589479271,3.6711051001110224,3.082708101291906,2.8157538247715044,3.0562987350876987,2.7379484510436707,3.9590868241005412,3.9000166201665816,4.919946193940427,2.968109162952432,2.39993750770781,3.306656228568548,2.890258358538748,2.694312359317864,3.119907978899695,6.192231070918233,5.181112009437466,3.5110733104917577,3.8807745922171897,4.059291883478016,3.353014731712916,6.033818439697918
Oct 2015,4.2543738153997195,2.9500518045189694,3.2276686717744156,2.9896687234378945,3.7818780118366964,3.6026243440818613,2.561508582608698,2.73037822271866,3.7314558741688555,2.921452665387821,4.201401870303398,5.028537246930982,3.0717957842841015,2.7692131645030713,3.702725467352151,3.1273948498951967,2.8201726639399864,3.0102421057941884,2.6773177984104057,4.0209855147498645,3.9331708494853728,4.942228816545587,2.9871278857441275,2.3979447378870655,3.2765851225481306,2.856603886405247,2.678097012204378,3.1610120069960366,6.246245937230468,5.266030875944284,3.5160137217994016,3.8408094330851803,4.0956319804253445,3.385717618276078,6.044387127148522
Nov 2015,4.295753832342112,2.9759662469916552,3.234018979178439,2.9827438083418483,3.809946725341736,3.601372300476272,2.5819110590049226,2.7344209901709298,3.763533776981717,2.923059495118434,4.241473803886832,5.054657848931737,3.048607395788965,2.7910697532714375,3.7202399788265037,3.102270149987274,2.8573654373883586,3.024690730039821,2.7198495000227783,4.052689085163426,3.947053711118906,5.02902805179854,2.9809595858922644,2.424542417816366,3.3005915294628094,2.882625060198416,2.6979854409667348,3.153927278545628,6.346456661607181,5.253824022108033,3.490065210743431,3.876386230515436,4.108308757155821,3.418864407668964,5.9945195739733785
Dec 2015,4.33926272771622,2.971428362502891,3.2666022627400864,3.0219391379546354,3.8292577071602367,3.629202459332962,2.5921294304095213,2.749036924653586,3.784816856580334,2.9352043034786806,4.257228610925968,5.070071624972991,3.1425656910176687,2.809028993521557,3.7395145593848835,3.102839164105808,2.8449033939565807,3.032886946625603,2.7174340041137954,4.093545169329955,3.984765144623159,5.098191180803807,3.0118041109329856,2.4113274121927977,3.300846296220939,2.885183336980806,2.675147088435195,3.159554034903345,6.387084724882625,5.314153388074232,3.5075687157620297,3.844471696628721,4.172866504867498,3.4146488098765033,6.117137880009232
Jan 2016,4.384979385655364,2.99605237303124,3.258471691502581,2.992042259412645,3.8508465018314086,3.6345426803951035,2.5484926252937075,2.714232378733577,3.7906322963844006,2.9165746044217884,4.289486513571601,5.135794945426732,3.074467586985497,2.768213540704783,3.7481495431607694,3.1446252257696887,2.838386261794064,3.0377126864198165,2.7061803314796142,4.111371621323707,4.011482817374709,5.081511753061319,3.0158995771588635,2.4007667196754863,3.3005086688239187,2.8924711358114257,2.6476190109769773,3.180388152702401,6.450570043023687,5.4179984923473254,3.539009220320832,3.844494686101091,4.181550465742384,3.4223536122591565,6.108996020498908
Feb 2016,4.411497137808661,2.989336032134704,3.280536835136694,2.9946511854042166,3.8823503501217207,3.672350173766192,2.5697097242541926,2.75144228893059,3.815580082177592,2.9307621975577836,4.313490113791882,5.193909001530126,3.113351374612862,2.760108168627811,3.768000398061855,3.133638647920653,2.866453156980737,3.057753041399154,2.701932143694298,4.144832291332101,4.061983058553665,5.21087250734068,3.0147183239906234,2.40303813889751,3.335313795676389,2.9037253266955205,2.663801629996899,3.199249943004064,6.486566614646303,5.410551686876478,3.5207140929806195,3.876338348713232,4.2405076995569795,3.471632347717933,6.1608498964369325
Mar 2016,4.473386126951446,3.0080387709201406,3.2857535639712516,3.0053974310119558,3.9017128336446736,3.657274307836748,2.5936151455123526,2.7450096996448727,3.8236900940094753,2.9628625738232217,4.354220685759065,5.276385245765042,3.121206543781421,2.7833572441241357,3.806125348826963,3.124268084694353,2.8764196017845074,3.048997910575257,2.6991817931166042,4.201291584489164,4.1091932478247815,5.28358857974605,3.0316270393792837,2.3905640978109473,3.3073837675274964,2.8816722979137346,2.7209792433503415,3.195850613221793,6.525454299895268,5.424416647180627,3.546417773501009,3.932261961988503,4.274363971877593,3.457610073364903,6.160022243986222
Apr 2016,4.514164079103113,3.039562536864722,3.3125606096387794,3.0456989194904187,3.9626824746346063,3.651804803673969,2.5806515933941734,2.768073691470565,3.8761445732748885,3.0037177585533814,4.408873491199497,5.307477183846856,3.0606649582015666,2.803590003844751,3.84630172695814,3.147744205414867,2.887814557698361,3.1020000643523016,2.7292790962964064,4.274159711348838,4.161596885935752,5.3125041308758805,3.0476411333797153,2.4205858434079817,3.315223156321049,2.918793149066393,2.7307311412207778,3.2595689548341764,6.614618276520474,5.516607358946816,3.543538346398414,3.9162899217963063,4.318977579816016,3.535403173898177,6.279302386154309
May 2016,4.605805887242987,3.0681430114914843,3.32594866589627,3.0663386470525573,3.9869201752693852,3.7007160020507475,2.5833045021134864,2.7916245550571377,3.924123576523491,3.0209069277551235,4.422206096775313,5.352328296033034,3.1381880543590106,2.8250947584799224,3.8858944384194305,3.177393497272165,2.8776488748129943,3.141040772578865,2.7522581576813674,4.338424882789651,4.202630567764087,5.441058670233383,3.0876245262039705,2.4241144177313196,3.334015824606307,2.9375241724234296,2.734859926092373,3.2237459817330305,6.648474486075646,5.581105563448155,3.6022135537092113,3.8630087489365175,4.373246380603916,3.560741099805916,6.167946808824581
Jun 2016,4.65212754730667,3.1106263569000703,3.3573332984386384,3.068913968967141,4.017111727576966,3.740456386544864,2.6193890649777183,2.7986173686472693,3.9318085591463254,3.0379473482896673,4.472375570763417,5.432574745517359,3.1148876477911145,2.868298771092478,3.9207454845841347,3.1788028380720763,2.908096474161746,3.148299240806497,2.7522564498821738,4.359877148976615,4.248804248786403,5.457946546168178,3.0959923689091644,2.421943826639473,3.3997143939376384,2.9450063989617052,2.7515073631156883,3.246514859411214,6.703046203063877,5.533676255699423,3.6046876312614597,3.959962924015661,4.423367347840383,3.5752227778120473,6.151075295209663
Jul 2016,4.691472356409631,3.115453225581972,3.4067189397221274,3.089980911206289,4.057129935791591,3.744680631078775,2.618283027533787,2.8237291316260915,3.970895861054851,3.079477090175743,4.513451180383443,5.500941073342182,3.103614230647302,2.8042760565947766,3.945968280677241,3.2301304356138294,2.8929909178064284,3.1199674712972136,2.7768625006283907,4.419785316114581,4.284720628918521,5.510347235813502,3.1086612122596864,2.4417456233229107,3.3959060156180305,2.987660155387859,2.759678940512119,3.260514513786154,6.727736944333573,5.662646593148657,3.624773515825731,3.9110505971979355,4.443707427779964,3.596948938140006,6.187885933494076
Aug 2016,4.7180414680767475,3.1397553128280666,3.3931681565217073,3.1029740650818374,4.065699822288264,3.763912178879461,2.641169794314307,2.800280441014264,3.968754169313059,3.0710357249146347,4.513087145820777,5.4894962999490184,3.1117957309434305,2.8293527511132677,3.956336556685407,3.209806692544062,2.905943177682347,3.1312545542476538,2.7828859285161567,4.440426200469828,4.302067261100844,5.537364953748794,3.124576448119716,2.450093113332547,3.3928422821186075,2.984549489764523,2.754125253481554,3.2806105952059643,6.7600196542265705,5.6597200972444615,3.6214262487651565,3.9491212212261626,4.476325958505488,3.619873010687672,6.181548784917242
Sep 2016,4.735538286816419,3.129453111092608,3.3692481164021,3.103688740635594,4.090632379705928,3.7820013082975423,2.6210432144219995,2.8217868322310413,3.998911538595448,3.097693364642555,4.499849632875541,5.448815361918222,3.1293665234024015,2.8285295515081526,3.9722220018902052,3.182944113503633,2.945897503532669,3.1627987089411262,2.7904712784232673,4.453315081831189,4.320631783947101,5.577338696912558,3.1077191611700186,2.4139028640329294,3.3880271467452983,2.959916629004662,2.7513905629916353,3.261836508259207,6.760568049093185,5.594826945235851,3.649178916691591,3.991308789861397,4.456859277843115,3.6444765348858867,6.132892338984774
Oct 2016,4.7372981046515115,3.1288862743856756,3.3783795078976753,3.0816678158375157,4.070901830194763,3.794527655290304,2.6159255335137437,2.8284813722987163,3.9939076695700746,3.060506982307593,4.5320389268647006,5.483537243862909,3.0888194064975907,2.8253109922942365,3.9722229373623685,3.199921885231221,2.932697523167746,3.123287960570102,2.7705449609415718,4.487656038399411,4.327373188412576,5.540099483398778,3.1137950898261044,2.431276616013603,3.3747145801379466,2.9765624620237987,2.7864158808631507,3.280492406795386,6.686714995127627,5.623230383542997,3.6181281469215314,3.987294955065711,4.445273923838478,3.633069106530908,6.122652143834623
Nov 2016,4.734921580594548,3.1494617638608653,3.410104999449759,3.099980317641081,4.0890776068435,3.7878587302136255,2.6053201198218416,2.8305063013793057,4.007158685823201,3.1104240472073443,4.500621539120263,5.422617411517483,3.1589018766377492,2.8222583587733516,4.000028373339092,3.2283823148147515,2.9225585654644974,3.1566687304796193,2.807859271152008,4.516216251382316,4.319334790163311,5.495188422592533,3.1359493834707015,2.414149959430174,3.4084928060956163,2.9400498587177153,2.763018958947932,3.2919919615815503,6.727560348728863,5.564096922821506,3.6545963970881554,3.9859035507770937,4.447503989826047,3.642785291931706,6.133184193729452
Dec 2016,4.78429294268986,3.1573322111105537,3.429020815953213,3.1269434198226733,4.1203683369065915,3.8053965365907074,2.61856821374425,2.8378018673985785,4.02772722842675,3.1075340717498023,4.544088467885246,5.472692854584645,3.1331257184199695,2.8277714048899854,4.006893874278307,3.2518763815596476,2.95645105392502,3.1834740732685716,2.828467339086107,4.5441556663588925,4.320794481441507,5.546177794298571,3.1636649763586955,2.4143234384148298,3.4003603984076074,2.9650154041985504,2.761043936911824,3.2977926270158497,6.69844479932423,5.5783417139203415,3.6607151290682975,4.020728049046139,4.476131950943955,3.692015586477552,6.100573049473332
Jan 2017,4.822929802374491,3.19146256841063,3.433776866448995,3.1295254327321795,4.0977512369070554,3.8598818985512766,2.6289416272891684,2.815847223699997,4.024387200500488,3.092182293855058,4.55881336189792,5.443172100077421,3.183070423053703,2.8114067423443903,4.012957485107963,3.2547668587969714,2.9012382587250753,3.1398719071903787,2.820566589283253,4.550549917099144,4.3676619309025835,5.552231363353842,3.1453627159043314,2.4208815288173366,3.3985955238902643,2.930519657623498,2.7652555332685718,3.3171901114354747,6.71908418040377,5.555000499547033,3.651953648195184,3.969462378779768,4.483329010000941,3.6756537175254445,6.109667497429031
Feb 2017,4.774820271248204,3.1939026321218016,3.4182727341773647,3.114870510859929,4.127215550009299,3.820792710996649,2.606765762786588,2.8362941819227396,4.044711948134555,3.1053116375754426,4.543310086267462,5.540066263998065,3.1055770421462876,2.798283241212811,4.048478266919737,3.235756535955594,2.9295329721152648,3.1812894958388167,2.8145418107268565,4.5483606253397495,4.377716834351038,5.5573088570681355,3.1399229072810058,2.4056070053912624,3.404176531565474,2.983684688289949,2.8014249988066777,3.3434247359260953,6.729225048805518,5.593059887741069,3.6752768696866354,4.0130896296844245,4.495381150175234,3.6932540986071594,6.129792885252268
Mar 2017,4.824373613500795,3.207064919158639,3.4504451063050685,3.1348818514780072,4.136732504487627,3.837709583426763,2.632466220894245,2.825710113560744,4.050498550729117,3.12365642281796,4.552821386803639,5.503468879390906,3.1345388396844567,2.833664882184188,4.041375974942054,3.249297188418728,2.938001271468067,3.2004182738041678,2.8210045074374768,4.5586085230527305,4.384910629190852,5.54306263232107,3.162504173380124,2.381752048350216,3.4215143064290263,2.965192900420331,2.7756780344223704,3.3618479155797294,6.713986486852756,5.658851812356844,3.650991301937692,4.031132940995644,4.484774565554991,3.7250986718168733,6.0728696876754364
Apr 2017,4.837973149160352,3.213472084554898,3.4843575673938005,3.1985066657221117,4.168638833416265,3.8556663411995764,2.6577665287608383,2.8432022207297183,4.073929653741237,3.1602704515583766,4.578251005724343,5.5201721838010895,3.183269623631409,2.8668865971959447,4.08652298214035,3.2708887929077144,2.95313150572123,3.20620105998296,2.8183744072016417,4.614251525593369,4.4300365344505215,5.6660326706671045,3.1884627801565246,2.4173172736352297,3.419271802827756,3.003573665490232,2.839300969469946,3.3566017985157566,6.719753275214649,5.662372136705476,3.685717373934303,4.013917411578429,4.4964344937099945,3.772636668818457,6.103898548696819
May 2017,4.875388597423227,3.2539889253193595,3.505679058031824,3.174051430497051,4.212987838965988,3.8765359572116944,2.668645098615017,2.894199263263698,4.103816416004072,3.1837508681366886,4.612083275887486,5.58879991913976,3.195370788476546,2.856460219194083,4.11793912438295,3.277671241986759,2.958123473072846,3.211276853369053,2.8120768620675864,4.628362299002277,4.445419686952272,5.683238222793665,3.209809432867902,2.4584169416320694,3.408991095399952,2.99048582467191,2.822110125363738,3.384024841400884,6.868295787067718,5.710250012184221,3.72992618770791,4.062788763560074,4.53384184639078,3.7775919192630405,6.090337227481534
Jun 2017,4.885302909568367,3.283175986121974,3.52660133904295,3.18244922103498,4.254513789845117,3.885228316712024,2.6861171867837887,2.9091644707134128,4.11818094654581,3.2124557680896695,4.626176171753384,5.554628371451432,3.2045230212072138,2.869300928005154,4.13346317556631,3.2956193701812806,2.9731742008427524,3.258825179722814,2.8552512377112476,4.67112079822991,4.519221383972758,5.671123790879819,3.2404695379127944,2.4531403854279263,3.4823203065471025,3.046053243316993,2.853695712193847,3.3997574665271233,6.817060596286546,5.728069116455987,3.752820981895778,4.096668538667587,4.563896970455633,3.804070867408658,6.108306823056149
Jul 2017,4.917983766284392,3.2940180025657844,3.5436333173721697,3.182236095048202,4.266007027517835,3.926761161766729,2.68860237206868,2.908933523300621,4.153049471125241,3.218402860406802,4.6368057992114675,5.625171522323611,3.207241758662389,2.876341293948752,4.161219718863154,3.3636212565149015,3.0139490479659576,3.2670334546305613,2.8860335495977965,4.706449617544523,4.526257760920661,5.728803448217659,3.2424789665099487,2.462329483488602,3.50278964218772,3.0402879556151605,2.8450098436662032,3.4294828540121443,6.806781908921588,5.69899501743362,3.7516288977960834,4.057953390527,4.563164295954734,3.82640511268481,6.102507236708543
Aug 2017,4.919774074710573,3.326441295365361,3.5541262219233745,3.2241523506780703,4.318012596603263,3.969136349721236,2.713695022286894,2.9175182538392574,4.157441197812859,3.2518097183617036,4.6728357714512665,5.625066586924277,3.2237949616521915,2.868614687739195,4.17110077664194,3.326274798798026,3.0169461592837106,3.2937374389887872,2.906970218376117,4.729977987468306,4.546627427966637,5.793206073664324,3.2536379509049413,2.4277826792551256,3.570837175095318,3.063300403702664,2.841058473245892,3.4574103795889157,6.921107464645495,5.73502964457982,3.7950299205288855,4.150560040824753,4.583770451061271,3.8564248402123713,6.1342370642168005
Sep 2017,4.934241087959185,3.338774818770563,3.5587522635271593,3.1971403874302515,4.294190340473136,3.9592157947877302,2.699961070876613,2.9207559349923407,4.1542609002176585,3.2524972309149263,4.660367226100432,5.636897518438995,3.219457768053585,2.8961240036498133,4.215735769891628,3.352148427791757,3.052190967409999,3.279542743634986,2.8901720888095306,4.746199203439971,4.556320126673193,5.761114187301569,3.277119148632106,2.454517156691438,3.4969733387781767,3.092716491260054,2.8819231568312103,3.465653778473915,6.883736546712487,5.755141435212092,3.787295354351246,4.123239075356574,4.557885516884498,3.8778642541021453,6.1041895319403485
Oct 2017,4.945410528478494,3.3335889919019115,3.5725822726779928,3.2465511089735486,4.301038356098199,3.9644793706276698,2.678033626008692,2.929225543010286,4.1816242884090755,3.2689062615570728,4.658134750850111,5.5180619216120155,3.1774674728920824,2.8889659578339355,4.2218137915720275,3.3746567486795502,3.0403180998289447,3.2655187456700987,2.906541158510583,4.749613379616236,4.581569508295278,5.747465877058748,3.2720215935472328,2.4540925864996197,3.511821563971936,3.0902680805075544,2.8673206866754746,3.494323002620225,6.823666431987641,5.710430667057637,3.7672202094894143,4.120837277246871,4.574253897552076,3.868323508959646,6.054032679093855
Nov 2017,4.925362202949438,3.3610828232545997,3.603787811777398,3.2400500578058793,4.318775675656091,3.980702873938893,2.711745716235906,2.9555667696993635,4.17733807747087,3.2685997707259107,4.672916533516549,5.549810680213852,3.2069210379604374,2.8663163100870017,4.214707245920264,3.3582062431133295,3.0399234322167863,3.3169125669202195,2.8998583374271334,4.730759520243606,4.5645135534875045,5.727913743040616,3.294881744248877,2.453210320977293,3.5040737287684895,3.078789736640223,2.888759466274877,3.490445341020476,6.797440773700081,5.614402081414169,3.7917461574433857,4.1367826732978115,4.566228955857066,3.9035294223391808,6.011910072916397
Dec 2017,4.9576106858894695,3.3791886363765595,3.589594256113096,3.247458368635066,4.316306509812441,3.9745969284353673,2.7050314266423223,2.954455167384118,4.185140131477074,3.282532887217397,4.661646034811017,5.601965847632567,3.2575439846032963,2.9243647721001325,4.227772077981856,3.3941387798681415,3.063958057114711,3.303694712773711,2.915478719661301,4.733907692388954,4.5858685454777,5.6952298560648815,3.322243052005606,2.473327761456209,3.533848156670952,3.1080851456302407,2.8964704245028727,3.5059503841204225,6.783486422704551,5.689910979194782,3.816551683684895,4.2076235605368035,4.5576973488793815,3.9116796689993443,5.989653965453428
Jan 2018,4.927680698390981,3.3711446931095503,3.56998420553262,3.252213329951263,4.333316024513803,4.009539241186692,2.695475326849017,2.9348230580160384,4.157552789554128,3.285487520224259,4.64339169249812,5.559163785346218,3.19591738358803,2.8722359267792186,4.2238929943892645,3.38786133052005,3.065652759286361,3.2799012733531976,2.927261121165818,4.744038328288523,4.590306179192787,5.746747309806849,3.284267379036134,2.41446456763932,3.518403682488112,3.108071881548109,2.8856870727463164,3.4894267113413786,6.679124511513202,5.62963355443298,3.8007571706554173,4.2114274110688905,4.561338203026499,3.904079473767109,5.934157591203148
Feb 2018,4.961718109921201,3.367865273975418,3.6052622365439784,3.2481259147983295,4.307360806381365,3.977470851472852,2.7153985145589554,2.947901723628469,4.179246420904888,3.2940221519187425,4.650029203518849,5.4262453851397074,3.2089631200381072,2.899380463840602,4.23245943474079,3.4060376159645354,3.061568326247873,3.2812629777433946,2.9042562441076827,4.728697904743544,4.614263023283391,5.724144781375848,3.332520433355625,2.4348095979810744,3.5468585024932695,3.1219758662952812,2.849343938992783,3.4957767682983634,6.758645853596551,5.652915082052365,3.806459522799936,4.1412672519082445,4.555544007619579,3.93045386418443,5.992421948507
Mar 2018,4.93386722223591,3.3725389844325773,3.622434565705889,3.269811800812911,4.316306913993341,4.022378643922263,2.7125196434504564,2.9475094478069797,4.189428677412675,3.301285281195759,4.655243699101024,5.509849119429147,3.2743605070186064,2.8701068554333045,4.256419178237596,3.443461921780241,3.051514370993213,3.3118585430728253,2.9016033530362497,4.745262829496776,4.56259987208921,5.739078099589173,3.3231697244876193,2.428911687544161,3.542973399984237,3.0811611853279404,2.8879899432090097,3.5418569416315493,6.751409833155982,5.628016257019918,3.8204967657494158,4.228803751702585,4.557373597813662,3.9256237603749264,6.014316093733241
Apr 2018,4.964826132733641,3.4074521999925205,3.627834980984685,3.267245862344757,4.357711089037871,4.015494444220084,2.749942600266595,2.966025970011073,4.198123398898266,3.3137141913504373,4.681171016542247,5.517799817408797,3.2410031340372996,2.9082122775671624,4.254513304124193,3.405303353961318,3.0789261991775576,3.327590466204263,2.950850423355652,4.773506545042935,4.619446315858758,5.69320277071104,3.342265715403848,2.4771558612024713,3.5601886592014083,3.099122658968574,2.925688694120847,3.506375426912477,6.779746517430258,5.565140814014,3.806368102822877,4.228408373915562,4.551424925239374,3.9491413425234083,5.898115181474952
May 2018,4.96284875358846,3.4191577609914092,3.6591247896462358,3.265537366458636,4.355497538409034,4.037399546057196,2.723154605748856,2.9743013025544385,4.212445208779565,3.3303999135724998,4.695707891434843,5.585237157134153,3.2067628130904957,2.897623329417343,4.271668024570838,3.4448777184560098,3.0971964149783684,3.3230731160471194,2.968330630898298,4.767454939485208,4.661592093916785,5.824664807496135,3.372690806977568,2.4968830255517678,3.5980579580801892,3.0973317383181853,2.929676962243401,3.5357931110192906,6.813166272341574,5.646512433843067,3.86645482400931,4.213899174608193,4.548838887880695,3.9409280471113424,5.917526530051605
Jun 2018,4.957312741252787,3.4633900360131946,3.681381541416379,3.3236411866516358,4.399898400277539,4.06886880379627,2.7449869839260104,2.9888246066659274,4.220998289658295,3.3707144141469794,4.710317723248845,5.54217804245543,3.2192522869803404,2.9193930743936343,4.307902417250739,3.459231328483142,3.1461597361881046,3.372012321935926,2.966777841848028,4.797545143271335,4.647326354716789,5.772567343768942,3.386359882445269,2.4756264645927195,3.573095881341043,3.1665636949874454,2.9329355575927933,3.5424619278608387,6.764786503504504,5.618794582533284,3.8794344652924777,4.254322880738732,4.595683433117267,4.02294068845647,6.032673310683696
Jul 2018,4.988233967309028,3.489853862026155,3.685942119769178,3.3291826444814796,4.401908168053721,4.104000837487051,2.7588068732610282,3.006742588517683,4.224397221071022,3.3919548082510844,4.721225330687653,5.5529462883024605,3.2613522494529144,2.9234130518084918,4.317606702805063,3.493588470877786,3.1487675980995204,3.3851366557408094,2.959457296374301,4.815453165427143,4.660743538286129,5.801519364550738,3.387910832242897,2.444273984046867,3.571342217880401,3.1666689876796013,2.9361799499055548,3.58822902178018,6.806961392386303,5.639315834321431,3.8859220715754965,4.296152222780194,4.588693546896362,3.9962630355281763,5.970602990029207
Aug 2018,4.987617822279382,3.5125563897396828,3.6923973578282765,3.3518360609158218,4.409302389210627,4.076171180755572,2.762191617584686,3.031079476423421,4.233835305071313,3.4278526651298975,4.74003404321198,5.570801594078027,3.3102813720072555,2.9456306673888912,4.336918771869821,3.5077330814265126,3.1586038149706357,3.3672451951437625,2.999270599325239,4.833805058403657,4.68321090387064,5.763046734243739,3.4054100271437013,2.4666355922432284,3.619195513111218,3.1969230437522578,2.9754585789333845,3.5908713216441868,6.73047626112593,5.662908931477409,3.893309718303044,4.280191587655199,4.58033105810728,4.036146891553165,6.044918765162588
Sep 2018,4.973469263586571,3.5216288510172897,3.7079923780499344,3.3351345317768533,4.421495676598579,4.08126204750228,2.7725977464584086,3.020484774024156,4.238502183442353,3.443570062978089,4.735193035707373,5.5713797003599055,3.2593350368478737,2.944660580050851,4.339881459969391,3.5408527972161052,3.1775022627177236,3.3699134961078494,3.0043211920561066,4.801833180387139,4.6745258056702585,5.785971230923758,3.436596544952718,2.44731656445696,3.6230994565423216,3.1815962259498956,2.9533133573497636,3.639365742250179,6.7160660248824495,5.603636740285861,3.9340093623611363,4.265973123215068,4.5844339980385405,4.043804475323381,5.95207278933839
Oct 2018,4.950285302535252,3.5075383506036713,3.701990919022902,3.3382662631998814,4.393706154034252,4.102596175254578,2.760454476292107,3.0343563499301744,4.209371307526159,3.4071479149131294,4.690208132953721,5.515753249826883,3.259393903023713,2.9420116404286056,4.322706645123915,3.543410581096421,3.173264993854738,3.3755779565048556,3.0111357411211337,4.850762941145293,4.654007904830483,5.765508294719081,3.444144295542021,2.4788352574999784,3.611368646225038,3.161199056198523,2.927870169122395,3.576008035591218,6.722408316688738,5.570459134112527,3.9028383162357807,4.3288830852771385,4.564112841355409,4.01754958227518,5.832536087585577
Nov 2018,4.917231406119112,3.529614703545318,3.7232357882228135,3.374069217218552,4.422378422959083,4.091142044654128,2.7553865673731446,3.0226506619194105,4.235618775405323,3.4236635391812515,4.703863971975458,5.50427884087742,3.268311650306308,2.9342577554206204,4.3187382967220165,3.5516134182172823,3.1916801520457123,3.3960091303485176,3.0234546231920323,4.833138572727622,4.674635923953272,5.7249980075944755,3.4634429757993686,2.472491554275366,3.604673385027311,3.2213372753909764,2.984633943670634,3.614651375587373,6.648507264637151,5.594974059016264,3.912119673074528,4.3208344198949105,4.557004462046018,4.0518957353932645,5.9312293513841245
Dec 2018,4.935782714039026,3.5417852119304944,3.7470129936191463,3.350999346941329,4.405766679687758,4.115797118125312,2.7792679925899564,3.049767128080544,4.233150657403959,3.44455105123956,4.686466360547472,5.395237153774202,3.2505459518511723,2.9348438253865896,4.334155840755753,3.503072928350635,3.1872404414609306,3.361550014187604,3.0028879749983433,4.83494316940993,4.641569682114824,5.740791962782978,3.453352056965784,2.476130531268903,3.585913879790784,3.213623736646649,2.9603648434778127,3.6233570412557774,6.642822824898911,5.535926084052242,3.896638521773141,4.310515254072356,4.520942490978949,4.037766119542209,5.845376497882171
Jan 2019,4.921135780231274,3.5193866761275854,3.6979976423632372,3.345896547959152,4.392766188815697,4.041283465367966,2.7728835910724183,3.0091879040493983,4.209318230327735,3.4411148023477365,4.670451251684164,5.436623161729357,3.3191749677633493,2.904003755581074,4.32336735833895,3.553376439691634,3.1802275753789466,3.3979108965875526,3.0009901303093867,4.813862915163727,4.654595244304346,5.707451355220239,3.435137745168762,2.4537319259594534,3.6083752922996584,3.1830775686410133,2.987751725033878,3.6281424081178444,6.639615255301076,5.4673461579847284,3.910581534108666,4.367386159150602,4.481110905349903,4.026250990135706,5.8160315080380975
Feb 2019,4.879474677038892,3.523110539315889,3.701731067670322,3.3595403931542296,4.387804142007266,4.076731246127104,2.7773072035371866,3.013714405710766,4.182512462630386,3.4538409756667967,4.629621704634495,5.482292411340686,3.256012656824653,2.9089039221886517,4.31872562270812,3.5202845441192467,3.2013895200068885,3.3748051676520157,3.026453527450215,4.801260690632929,4.61736135190289,5.7278253458663375,3.45743434839448,2.4364235513164445,3.5982716525287306,3.2265936855886754,2.9680076017730013,3.608610914891899,6.607912111760083,5.533795394772056,3.8808071954244783,4.309055187038064,4.482841420823197,3.994748164565323,5.759453639865129
Mar 2019,4.931836545277708,3.506610768535833,3.721184613718713,3.3652935536135282,4.382589500734631,4.0625419539649865,2.755860086317745,3.048850783235122,4.171476049773377,3.455350252614912,4.6359822641915045,5.419939933203422,3.292026454896312,2.866021879259162,4.290559924205302,3.5087560537246323,3.2189365250067556,3.3599842772663435,3.0246021913932957,4.749178631653002,4.653007851590859,5.706294577185329,3.4570966674158714,2.4425416786961343,3.6206755596904463,3.18473163151501,2.9867401130762614,3.637515002172361,6.537166676737914,5.4657809763182374,3.891205449830959,4.2773416721974185,4.503194875305314,4.0450039815453955,5.728890034918762
Apr 2019,4.891940786888526,3.5587604539124253,3.686074508897242,3.366340788276748,4.388463693628095,4.067683658533168,2.7650963015431906,3.0562290540391706,4.1883790694513605,3.465628141062499,4.650229540584207,5.3976608687862475,3.317412118307672,2.940278399415788,4.295919660931919,3.5547248972613565,3.2353863774622904,3.413908439689056,2.9866440166496817,4.806022887343101,4.648657856958481,5.725889287111106,3.4852150050222477,2.5047697091094037,3.643408819402601,3.211207813396829,2.974592826341208,3.635022088229894,6.602934173008833,5.537038993203431,3.9052160479440987,4.313851161472006,4.473563612889319,4.053647008264745,5.770409351564096
May 2019,4.878997996361265,3.546167418830642,3.7226654532084407,3.4017606269042626,4.422437444829081,4.093947765754333,2.8184356698570316,3.088679307094946,4.200586452176965,3.504567479330437,4.647203785414092,5.466589507741257,3.284214663056215,2.943390477886124,4.350466473839063,3.5681389922630555,3.2352946101894773,3.4590237269634256,3.0422781229181814,4.803317270276205,4.644259083560867,5.668544214570033,3.4635502899903754,2.4923174552475986,3.6323352074634006,3.226627828740071,3.014744139763329,3.640846398945656,6.5857298753983855,5.485205722874526,3.8841933233011243,4.3154468753194575,4.4782161979258355,4.06999881077847,5.754950076876497
Jun 2019,4.90821312782505,3.57840084008681,3.7632904132860836,3.403827444358427,4.4230658916241294,4.0913268498086515,2.7980955267693166,3.0708758210065574,4.237964204234387,3.5414185143890533,4.663773415376513,5.402754392006057,3.2915626627353864,2.9960014086285476,4.340092840816728,3.6003067641124153,3.2565152430370192,3.452337563068106,3.0325107730689718,4.828943289700403,4.668277643332665,5.728238414277735,3.521394172425276,2.5177298318751276,3.6588118143354964,3.2559377538689236,3.0393783636116765,3.6650007992932045,6.630322921489132,5.499521761548776,3.9382236123996543,4.359173251051723,4.477088272449537,4.071419748883906,5.790833454873922
Jul 2019,4.927489568769824,3.5762168750460464,3.7376698465954417,3.3901411940857593,4.428462804323692,4.136928942304086,2.844743758390588,3.0983453415304862,4.220101670602631,3.5355144225600452,4.692068981654862,5.504252124513798,3.3303581931631454,2.9549646223040837,4.359550574213114,3.6004388622846677,3.2591069833297577,3.4696241620199517,3.098894212258582,4.848897954126541,4.694365631609036,5.763144998574224,3.500005140496585,2.4968661394689455,3.7049881943282936,3.284699172803881,3.0349116052831717,3.6752554495749337,6.676632882990499,5.522704452508464,3.951741532085308,4.344039214088244,4.509446962362157,4.091945589903087,5.9486308745787735
Aug 2019,4.9142023448012075,3.606457582750329,3.7731366190017197,3.42958856557483,4.440084649504468,4.129743014301721,2.832598001667186,3.1390481953501976,4.27408866471246,3.5534642708021207,4.706693458448277,5.5004324360181,3.312875667326274,2.982735421953823,4.375946339094442,3.665681663669672,3.319107485618824,3.4794396720400047,3.1034296907412053,4.845235585496577,4.699305169059147,5.714810474531164,3.534023577019313,2.4957109012218397,3.692843552408251,3.272671356610836,3.0288224070411616,3.6796605876778457,6.7666879028713796,5.581358211691293,3.9462429376992203,4.398438776845721,4.524414186645968,4.096288127940116,6.012823007653097
Sep 2019,4.93499073240091,3.6337227379571386,3.7596098230742734,3.407894272058882,4.452157901806176,4.120909802725157,2.852899849499802,3.121384535070721,4.2354887858497845,3.5485179757147374,4.70640070752376,5.493528902008758,3.3826073053899863,2.9886859734777813,4.383852317911648,3.6011763840969935,3.2874195819424212,3.473761789307006,3.1011036415701745,4.854879240043308,4.725923384262737,5.774382527105756,3.5236385301180415,2.517240416056701,3.6779480803368116,3.3194162049377947,3.038583227302467,3.683602921894979,6.763684886208948,5.622382635058084,3.964350489808692,4.470639537195415,4.495734142780023,4.13760675443451,5.928823711697122
Oct 2019,4.9094191377894845,3.6367006595811713,3.801154786460206,3.4450965271114513,4.476011631212975,4.1758789631288975,2.8257920636993377,3.116377157543071,4.259930927427821,3.5740989923767224,4.701687777630568,5.478112727418651,3.3507640055182075,2.9564650030890594,4.379729425157567,3.6442540062126976,3.3051415693669095,3.4694740699797744,3.140860898134158,4.844331483802906,4.690533275319382,5.758972767862875,3.5389848625180154,2.515035874875972,3.7172746187610635,3.3125641102995615,3.030849077981237,3.7080979321830996,6.7188803654826526,5.591165854842831,3.960229473192085,4.450118170264513,4.496248364381949,4.111020247155446,5.979383101424894
Nov 2019,4.913273236734056,3.6386693043468097,3.769254550644441,3.460538424057456,4.473657128791923,4.159966342205815,2.83676026625201,3.1218149848288794,4.255202706875878,3.568649420989643,4.7097934098282,5.5198336290740935,3.314498966715507,2.9749951076837537,4.388590066491322,3.662380442506009,3.352920595721673,3.463844781254246,3.0812360355205564,4.853656501762306,4.730508635479501,5.770718022256331,3.5665911338483953,2.49690351431441,3.677428617663158,3.2945961013657397,3.0657395630663875,3.6862162520602952,6.7804196196418856,5.4967375077417255,3.9860704959314988,4.406604543115482,4.49618103053083,4.135319290177008,5.956297144954411
Dec 2019,4.905312222093124,3.6271798763125904,3.7650877393329614,3.4383836506376206,4.451958204902368,4.150975648231123,2.8191206194625136,3.1250880750312624,4.248592771239588,3.579830463466739,4.698674252512953,5.5738828705528345,3.355976694016125,2.945802769072784,4.375314492212459,3.6439893031406645,3.349661002213662,3.4895940720799787,3.1551402688447365,4.839259163875884,4.696599296342681,5.743830601653962,3.5734212670339676,2.4963826934915248,3.6779753122209375,3.3151567963138393,3.0608566041028724,3.6877058910346077,6.831706400891338,5.538980227527619,3.970324681864788,4.432603999754936,4.475692958302443,4.113197609820911,6.01940873157322
Jan 2020,4.9247459100044075,3.6466698537298807,3.7584018559930223,3.4619544923527616,4.465205034006439,4.162737738537003,2.849564821293913,3.1142050596478814,4.234801505657816,3.5846323522944323,4.701176107767358,5.478970441643761,3.3539069770835117,2.9832222936403587,4.374116367880383,3.6841547576247695,3.3178183983185066,3.4925111183322888,3.1060475373569685,4.823511040853741,4.73564853450226,5.764032723041293,3.5702431469853537,2.5267628734657124,3.7043325273961516,3.2771347934076345,3.050940823402842,3.672418896920228,6.728991371521658,5.568067280284838,3.975150481042361,4.415388283227519,4.494918865383639,4.112868952963653,5.9198934472084765
Feb 2020,4.932941191327266,3.628804305141292,3.78481726661078,3.43961600137828,4.443302395280288,4.151679657312886,2.8415976874999678,3.1465528009788732,4.236653612751376,3.5824441086004164,4.709672728391566,5.533782293416099,3.3023652385716553,2.954507874530133,4.388778514411188,3.672238852734942,3.3631978052734515,3.515633488852151,3.1346013188791964,4.8414542338213815,4.719522908501844,5.761430451758427,3.579407083507588,2.5070685216561728,3.729605106236697,3.3313035328107183,3.0633680663132234,3.7077324220083714,6.751510230147199,5.583762057610888,3.9932303862144036,4.417249711643658,4.48678744720253,4.120803375657483,5.961158868120815
Mar 2020,4.9116392881780415,3.642067726083203,3.8034990521289367,3.4601320831018394,4.4828657645754,4.1861161629504275,2.85090902629226,3.1442498817355173,4.252085029873344,3.6343314509960902,4.707898102912262,5.529292863367771,3.383399761969361,2.9872210551505334,4.382966444949855,3.6688184887705,3.4031339731369408,3.504346871512788,3.1124416729455953,4.87580810643169,4.685248428771149,5.834331606629703,3.6158129642459307,2.5372759806847553,3.710006238067083,3.320781721049878,3.0570979459168246,3.719726910421857,6.7113725265615845,5.623173875765748,4.009291537825162,4.437566888588946,4.498731752824097,4.158567245399484,6.006527600780988
Apr 2020,4.880997269620433,3.6175079230033327,3.787482054198103,3.4322308649188775,4.465350799333504,4.155139201505591,2.8352730698849498,3.111267106030255,4.222132634829785,3.5695304397742174,4.7438557289392635,5.534078964743542,3.2427056903409874,2.982169438617995,4.382178698489786,3.7132518426250556,3.371508674996575,3.520649190732128,3.070543716585909,4.8433691674372925,4.700472273972158,5.856471810930688,3.576804199510136,2.4771159218248116,3.6431177523019422,3.2723425079382578,3.0234876201949112,3.689249190097847,6.753921946501306,5.607031277092129,3.946395295581083,4.402229492556952,4.4704808567442775,4.16875632781494,6.091087553770069
May 2020,4.926143166870486,3.694243572211509,3.7612299764537216,3.4717652140561834,4.503971161190052,4.185494248565448,2.8517528295024133,3.195088699702828,4.2465083215329305,3.6342737178089863,4.749820731134638,5.514436806062009,3.3694390168897286,3.000181808314804,4.4328764338469036,3.651663232010558,3.349539583412723,3.525828154195764,3.1433406876328833,4.8970477840287945,4.755488170813816,5.873084796105328,3.630709951752101,2.545776830550497,3.749123609734838,3.365619184181166,3.117897449009273,3.7208134901331307,6.867856396124876,5.486202785423153,4.019196424371763,4.443213746685988,4.478840142318727,4.166230329928142,5.8859811984246955
Jun 2020,4.9834723462026105,3.679579551863617,3.8392318474198297,3.5035434930678204,4.546189807986474,4.215264420119359,2.86518074244906,3.1772738661356086,4.30150472621514,3.667583293712648,4.7343943602983725,5.650451237562608,3.3954149494025447,3.0458564053528034,4.428923868143264,3.7135456487467002,3.4168452807140377,3.523187844755243,3.1609224473847757,4.906234201329259,4.75125920565509,5.808406800877346,3.654214086657523,2.5061872201305944,3.799609811709814,3.357151664436721,3.094917412580068,3.7504917797003796,6.8525483980416935,5.671363195639962,3.9994605463568087,4.444788897036834,4.552762990114651,4.1591103799757025,5.9282536436374285
Jul 2020,4.98654384432712,3.725959343152478,3.8588586870080253,3.534894515511098,4.564520780912672,4.201737190549963,2.897476754979577,3.1887946819058532,4.307427475719456,3.709817479433236,4.774846885222317,5.622938115919612,3.377306689366042,3.03208210867606,4.4413009364721105,3.7415091833029495,3.3890466626089135,3.5317708490094812,3.207372710455701,4.907283843986409,4.778503759071979,5.890140556030118,3.6807207735273213,2.5513507451350126,3.761013486402061,3.3941971637019592,3.0920490562088188,3.7849385026629823,6.91105630314021,5.71550257849542,4.023452475345852,4.547851752653007,4.55117371116823,4.188218746206045,6.116159832691291
Aug 2020,4.999318539708884,3.690438984509127,3.87099579669081,3.5536202898962483,4.584597553334348,4.222225511236916,2.906638279119698,3.2244626798762535,4.341999879898316,3.74313769966745,4.80069024974928,5.636345356539633,3.417964984288709,3.0327009875953883,4.435716251109505,3.7313870492074672,3.433016346916016,3.629298235863779,3.2418325999531317,4.89204192052604,4.817740510705268,5.892625674012665,3.681713066338808,2.568347719716748,3.799917631692905,3.4089594476412026,3.135554764321991,3.765393617729303,6.9762895747857625,5.738217001010187,4.084282331267238,4.638230187721845,4.563458471249089,4.227238457868273,6.198991989082123
Sep 2020,5.015516166304545,3.7521971211725185,3.8920633714494848,3.557619194068317,4.599506905503743,4.2765831020032525,2.9111437457911697,3.2638815174781888,4.355308766656997,3.7769667090948045,4.837513041175994,5.677736151707599,3.4329939822884783,3.1031369338912116,4.500849686600696,3.7436533255741304,3.4497922888605967,3.6103788372211727,3.2489814025135786,4.942535157107474,4.810649231952044,5.984341841358484,3.6883035155262776,2.588293829624121,3.827578474351196,3.4345025441324486,3.1267182263520814,3.830055216138423,6.999026862373815,5.763445468035873,4.1221930988646625,4.620699967047655,4.596413459540195,4.226049801046336,6.122658375950074
Oct 2020,5.060881671069444,3.805209890245871,3.923772054064275,3.6116484886722517,4.643640485995639,4.2894483650098705,2.965120853218464,3.2939364838334084,4.381147227509456,3.8185275774169516,4.854541459676751,5.744209136924291,3.4889154407971135,3.119160026292444,4.525308240758113,3.8033337136475005,3.4876492784112427,3.620164869172322,3.263101480237268,4.99900746475452,4.8652803349157265,5.979905565599692,3.740234736002327,2.6092445605004126,3.838164854371489,3.4887945838422625,3.1724437002621784,3.8232710234571945,6.989231276450406,5.768248153096769,4.133863394537341,4.7068222261583985,4.609407980865687,4.241329606371736,6.160718211412194
Nov 2020,5.100814979264898,3.794065284936313,3.9474184348170653,3.623759017879792,4.69103131357285,4.335445368092533,2.968049227441001,3.335016102547687,4.424578991054806,3.8363482733129746,4.9140359391935915,5.782951239745413,3.5163962941969777,3.094919836964941,4.556379410255859,3.8415994970622234,3.5482943114002685,3.6384802359771395,3.3131457529788055,5.039498058438329,4.903885703642963,6.02845990840135,3.796521852984993,2.5975256351386795,3.8795399914793016,3.5185860562084508,3.235588837563198,3.868985357321249,7.079704795205862,5.770942330048735,4.176111215417212,4.704862067960277,4.646173993857669,4.333411768975528,6.187730967282834
Dec 2020,5.123630290151575,3.8288716902308644,3.9577169820450218,3.641447392836901,4.691111514022169,4.387687112327368,2.9793281492961494,3.339459420922833,4.429713212039365,3.8551351216397225,4.932345572514357,5.788001461775915,3.5471076153623233,3.1476943907434016,4.575047155701343,3.853075688965236,3.5906834427867196,3.7225055374667653,3.3344255096970796,5.047815591225768,4.931119452672605,6.122156293153932,3.790084082283139,2.6342202645331065,3.88743773336813,3.5508680832490955,3.1970807051871644,3.895134917655021,7.083749572692361,5.8587675356374005,4.213321103874124,4.762346966460735,4.67541126438014,4.333782293297762,6.163611493536309
Jan 2021,5.128729259092193,3.834967682311133,3.9633680054501483,3.6504858751474054,4.715891015866102,4.39677937226027,3.015825008350623,3.3659369144885827,4.470097595217188,3.880788176853192,4.957200201633042,5.782915156696729,3.4778092772304707,3.147141656966916,4.609748084785603,3.8730139577476663,3.5806339241810914,3.6983904064328907,3.3678841432807767,5.081234158458922,4.947028410564199,6.13474443667003,3.8071262620040742,2.6511587390100004,3.9477737350087994,3.588318023978692,3.220482015580711,3.9103491039247613,7.087059002499947,5.787522580677952,4.212003014954168,4.800242550555962,4.696029546103137,4.377314077613898,6.134034351267962
Feb 2021,5.148107642688337,3.858310457654545,3.993021001504855,3.6819581443055527,4.713621304793579,4.404528570762354,3.0219741308006,3.3605026451167994,4.481067283439156,3.9037204123149443,4.971786996035836,5.780289029338314,3.547153263493926,3.133860805227895,4.627278204402051,3.9072920554373805,3.5910795834127716,3.7228918588817885,3.422699968673454,5.101820400738187,4.999065629720005,6.162817458566099,3.8076817229597353,2.633431841116864,3.9195443263406147,3.598588681860368,3.2118327810801186,3.9656352595989355,7.02098021300787,5.835972863284738,4.262732441740971,4.842330189075124,4.709536703724344,4.372171066054371,6.050669997379787
Mar 2021,5.18973066168876,3.9010831534046693,4.0055988669006375,3.705559036814432,4.752105980780726,4.4178263910479965,3.037741827898322,3.391128121645101,4.5075200001220255,3.9547987054890097,5.0057628865488235,5.837389489339498,3.5561281437283134,3.1719922838798222,4.646267904144716,3.914291186998759,3.6302329843931758,3.756692427670747,3.397978125514734,5.088474083497118,5.014431190066408,6.151645055956963,3.8401870201314856,2.661527494308542,3.9614791448577122,3.624349242724892,3.234831417229531,3.921907041445551,6.952859281741447,5.833717780612373,4.290354124450193,4.827749643456397,4.719834173004512,4.390016824173882,6.069417859805111
Apr 2021,5.1876555661835795,3.8837386465912496,3.977217128285954,3.696079350504741,4.714774085229898,4.394428735811745,3.0401203517527873,3.362238784129406,4.476846124634984,3.900169385684586,4.986592555258298,5.771140464916778,3.5111820053532607,3.169090551470375,4.641421382724295,3.9075442835640164,3.662180875556191,3.7293178351723224,3.3965856614779546,5.103973647575343,5.027747224367637,6.046141410955646,3.8419267683150085,2.6581156441686553,3.9436287700750845,3.5680396319668746,3.22925824885306,3.9558667050303984,6.941737205790237,5.840640927584466,4.235238924465051,4.869230394514606,4.703693757090356,4.397279991905611,6.1044849107353905
May 2021,5.207623662690688,3.867846971744634,4.019717855148961,3.7118001266763274,4.7706009649860235,4.39941631597622,3.048519337165456,3.4094973939904514,4.482423929828521,3.9662948793610044,4.996255163866998,5.783274766089961,3.634257487631038,3.173250053109281,4.654358873090042,3.962192600002065,3.707645872555667,3.7397514322563286,3.4375180849541955,5.126445519437827,5.027945251294916,6.0396907858849325,3.877536411739719,2.704522720062694,3.9511674996122985,3.603928857397668,3.2580385079245393,3.9740877165387656,6.871090623068654,5.768883659746591,4.273200773921936,4.951061143841692,4.727536188606181,4.41830782023091,6.000173561676892
Jun 2021,5.318488117201604,3.9893579407538677,4.143926540125932,3.8349802384818097,4.871247836120791,4.594948371257122,3.1628074046559984,3.5270807434314726,4.645761819225646,4.080370272460189,5.129477563570273,5.9211870236882005,3.6577208700506625,3.2586943953360072,4.792006169764472,4.052356841887083,3.779524765072239,3.8889633587668806,3.5490742547849985,5.267124531416758,5.126765760705412,6.260716645437835,3.978967274739147,2.757869424610779,4.100837630313244,3.738203319843979,3.372211808955351,4.1130920378331854,7.012774119506279,5.949286663875945,4.459026302135299,5.139113922179364,4.823087155606404,4.5196000088980295,6.137477616219071
Jul 2021,5.180789853856015,3.9392887027079135,4.0285703562587925,3.784369076901408,4.7797296623013805,4.432695688793937,3.106569441557196,3.4388138372310024,4.525207951295056,4.0250072492684525,4.982924316599061,5.787398635178686,3.6582846319085913,3.2007733743644597,4.679436841128512,4.01070294839825,3.8259400993725716,3.80570981906673,3.4578595991147374,5.177701302550131,5.097052172039268,6.023308338126056,3.9339023656611283,2.7241517295358992,3.978520299293502,3.666878454259757,3.322293830757176,4.040908475560326,6.9576538211092105,5.70534400741864,4.336073234722321,4.940513360529966,4.707681103019363,4.53602241287322,6.0960493572285746
Aug 2021,5.361280909631729,3.9855787947353916,4.155754659173571,3.856269855783854,4.881160684135914,4.552500911857577,3.1714581119360954,3.5161044115894375,4.597803525864944,4.092257362675583,5.1525137196353565,5.933252536827123,3.6671902026077556,3.265695141909519,4.799769456551132,4.068091798455648,3.8763740874591273,3.8912432584311385,3.5167511439019177,5.2947256256166115,5.183171084500093,6.238684812391826,4.001776448592981,2.790106143903037,4.074253272962749,3.732025545777024,3.4009444432174645,4.078622242600254,7.073261208131786,5.845380169302941,4.447808800897145,5.154655790095593,4.796187927550716,4.601902919391887,6.206140912185165
Sep 2021,5.381010957383582,4.070530778821887,4.231468877936357,3.893051942704298,4.998789893044659,4.665756193655724,3.248176487357375,3.617233558417256,4.723014803464892,4.187600283383732,5.238529561067033,5.955523334675613,3.759881637127955,3.3495820777302647,4.919835211545064,4.156146380650099,3.924117433530205,3.9897810346512306,3.632307608888681,5.355602023602302,5.297567717827323,6.308095781047604,4.082638828325955,2.8214992528215475,4.171754184275254,3.802572990167183,3.4390517944356156,4.1787634015159405,7.10817804009014,5.94055828115879,4.594777261859472,5.287295869153971,4.888661578641321,4.675569985152854,6.126806255873849
Oct 2021,5.392454813463184,4.020127306321568,4.208633771201216,3.9166542221206617,4.9685702028286105,4.6310471986583925,3.2172076242357592,3.5352267945771536,4.622291877628942,4.141188845943615,5.156368710938948,5.941513448422923,3.6684813697850256,3.2704560892801764,4.921175306177091,4.179177618309221,3.98049247204831,3.893802486031967,3.5452786463563664,5.328230980381386,5.228899268244727,6.242166996578712,4.071560416473917,2.7963227074304218,4.133822156905686,3.7359549120797206,3.3991169445476457,4.138045867523282,6.999250001935365,5.935460821709345,4.540252143036339,5.187214572252577,4.866503689104113,4.669192965204732,6.132468370849653
Nov 2021,5.429982760470783,4.059170209067696,4.220359281335877,3.956091074828964,4.999523140984287,4.676024680321651,3.2662489301329933,3.558243487025613,4.690542863807994,4.202408488341446,5.217813448862353,6.01506752903573,3.8198178689602096,3.3214642893844295,4.9338008983004285,4.237815265764057,3.975415816428734,3.948736675410967,3.6336844703153353,5.382428312223356,5.28998555695767,6.221648566104011,4.112575052249708,2.8008689359769874,4.182191941665138,3.885230933974882,3.4489168067079565,4.208739764180765,7.021503426380445,5.951340635727557,4.64391533209916,5.356938647466491,4.911569057147106,4.69387772718062,6.060206216254389
Dec 2021,5.415921438653896,4.085464691169237,4.25162639359091,3.976942292957128,5.026606818053416,4.712770930888264,3.270034147424505,3.600302898580186,4.772135849752991,4.238920416914778,5.28700363800124,6.011927907135056,3.7677263028085703,3.3172293620527826,5.000330197654646,4.242691524877259,4.024500841254831,3.9854580020931,3.6415442038997115,5.445534354622502,5.337668491379851,6.328538184869298,4.133260283785535,2.873153223830558,4.198100688693138,3.8428694454674925,3.5178305973701773,4.290871168781119,7.106820217123775,5.936142053655477,4.628564522881109,5.356682165879713,4.930841272131891,4.737078676218586,6.168094043363896
Jan 2022,5.483611346843444,4.139097032085383,4.3119472800794,4.025188422121252,5.110463241135614,4.792494167258635,3.331530190939013,3.6542649424806495,4.748013606921517,4.300830387202846,5.324483329247633,6.049838905126311,3.7639352313232206,3.367654009226307,4.999216011280578,4.237702150897543,4.107640529733655,4.042224685889685,3.6686332972115303,5.45091652879345,5.442213017379774,6.3654700231099675,4.177789049528391,2.8405770436299917,4.289284451687391,3.9758203641654863,3.5327294505157014,4.293086104748107,7.122993449707955,5.90525631880292,4.731045509021213,5.336362606420712,4.955759555981985,4.791224009597711,6.272330971865747
Feb 2022,5.493246730220654,4.164437254453147,4.294787133567474,4.022247631539906,5.094158672675147,4.814674419248703,3.2993259859939457,3.694145190815635,4.837094204011924,4.268533699816785,5.348759498991598,6.008876186453364,3.871226499987681,3.3905683961142365,5.023730482873304,4.337809998208151,4.086400937501974,4.076677888278254,3.6531972360870175,5.5036801646154485,5.4281627929886636,6.370706047558768,4.189084588439988,2.8750308152871016,4.312347114507982,3.897470662419193,3.56761183256438,4.321767738597423,7.112821092225449,5.989968279655192,4.763657739633749,5.431162884535562,4.9932449448695735,4.814719232061313,6.1290931529533506
Mar 2022,5.523697592752947,4.193346664367611,4.318864635529787,4.0486380253092555,5.173200216134689,4.835493136489706,3.3274227848426423,3.66606419666497,4.82967643951746,4.3245239834298514,5.316369500296376,6.0443305700694685,3.8074098690622535,3.3664639741243025,5.089652695621936,4.292807447284868,4.108520057183772,4.031709675463188,3.714833524212232,5.519215920808908,5.468346932739063,6.388591514122419,4.234744240473507,2.870006990745597,4.259940942248311,3.914434085510162,3.5681228494548094,4.30048091265469,7.103085014439123,5.9263522933367625,4.696814031514784,5.5043907800895076,5.043280817795608,4.8653298135094705,6.246269287371064
Apr 2022,5.556178997077415,4.218368807869466,4.381531328644887,4.0989941255613,5.1816022468519325,4.89482139756997,3.337961483717256,3.6802671863543033,4.873847421474043,4.341580618680735,5.390998691205808,6.0811008031579465,3.9135358331974888,3.4023859929680693,5.135103198099032,4.3467888368224985,4.1164518278206454,4.153996349715966,3.7542916366618333,5.557340794056191,5.526491353159619,6.384720893969912,4.311094003281855,2.887187103234301,4.36360834374286,3.9572249764947807,3.5150503374508526,4.412432805658209,7.1738184567508165,5.999995520690501,4.796452704390084,5.501000053301985,5.06079646233067,4.864093680141155,6.24835654377546
May 2022,5.5814514044774075,4.24913889694889,4.444814218165286,4.134929057218386,5.251047299423567,4.930329906236249,3.3776602344808113,3.7399790479019974,4.890756859902841,4.394062800537507,5.446840384084321,6.0927823684081925,3.9453545738031335,3.429907727637618,5.193059721153162,4.421668210828867,4.238704840537821,4.162855566822081,3.7672519607012553,5.566998398154718,5.539586266518571,6.459621177509674,4.353544523635716,2.9686735944741818,4.382439377570274,4.010780575031135,3.602332039010416,4.428174533615492,7.212013586312466,6.128142147345645,4.85743601004524,5.6696601059978535,5.1192345786785545,4.927543943104047,6.197025699825384
Jun 2022,5.696340509994792,4.292075368903209,4.436586650508539,4.186143349994798,5.303230965319435,5.017473342405249,3.4132372526196995,3.7772800036305725,4.960390595626739,4.473181067594416,5.501810417237857,6.177565855377688,3.9642051350809386,3.5267892122017597,5.235889691386631,4.426604440441817,4.25289716817329,4.227165808490111,3.8683771603206942,5.620552729893861,5.5939392745434,6.575098110131026,4.375157979117842,2.976526010499991,4.418322593376522,4.10077505009454,3.6355837950886456,4.443949654135767,7.257672714740378,6.129038336163654,4.893043692517111,5.541033949087934,5.151549291856464,4.981169164119273,6.194219066148259
Jul 2022,5.698273603541559,4.327210295437019,4.538851086746042,4.239202613112108,5.404148023661292,5.04588430269629,3.4646091881537093,3.838659222661062,5.059202259931673,4.511449181089766,5.5860081144876785,6.279944171316544,3.9555177753554376,3.516932122713074,5.311629411242959,4.504681969901202,4.29455594814991,4.242140999564779,3.9271500039487415,5.743239017494868,5.688348049850409,6.632848851750209,4.415780040830959,3.0253372185088825,4.521445807560472,4.085443163091383,3.6823254010244013,4.544201828202456,7.2804497731461115,6.150813147491213,5.025657780731654,5.644191988720511,5.218190484722289,5.0272396499516985,6.367085270857744
Aug 2022,5.7831616322690484,4.368528402503716,4.5713190843327975,4.251507790233838,5.471117604812168,5.0879936241619506,3.4842888674809966,3.866654377154542,5.092767440069786,4.5502849255599624,5.6370278257296835,6.28109428202202,3.994376093528519,3.5515878283526465,5.326585994672654,4.516469951358183,4.290541491346543,4.305671221983343,3.904782322840036,5.749078544795038,5.693592865542741,6.599381681212012,4.488577035024105,3.0486292120512353,4.531180559467269,4.154942744575452,3.71701038483747,4.567897841447689,7.435943770542067,6.214911683434255,5.042959006259582,5.786627275059619,5.2605359543554,5.1012174218136,6.46046631958137
Sep 2022,5.8066171706291705,4.405397740539695,4.5844798527011115,4.30729665565529,5.520501942638353,5.144660809581418,3.534962127102155,3.8986822885489163,5.103391627564742,4.598748376920963,5.654352415004113,6.343374095828758,4.056133450105304,3.558220954592078,5.398833335295384,4.554196982460686,4.365124038685148,4.354905396973242,3.8837702278706163,5.798498106392887,5.75473445290124,6.649292692211636,4.474988098341506,3.0544042266796403,4.568497610589609,4.188137561737046,3.7313231458139735,4.639505507665482,7.3619509238081235,6.269653167614754,5.0539769864348605,5.837729454832079,5.284327026364547,5.153021319657247,6.427939324124632
Oct 2022,5.845570194808819,4.4775590866301105,4.612660061615466,4.300756904369501,5.543837564223964,5.126047587980997,3.535982488101818,3.9150657078111006,5.122838553381466,4.636105221028649,5.664405315424505,6.330734665480934,4.087029525788177,3.624645311621618,5.38581673125658,4.640499501844121,4.393594117043618,4.362257013148398,3.9295189067620027,5.803069397835562,5.752280644655096,6.729740305431277,4.510174476317827,3.0731300440446954,4.553586009823676,4.219222077121847,3.7504480134589095,4.630880405971674,7.339495181206008,6.281696275168349,5.129821808281636,5.836347032691967,5.2736977621510155,5.162192100531907,6.369561821537716
Nov 2022,5.788523747066297,4.482773907924085,4.646105247618008,4.335192140711976,5.515601190726347,5.146406116302703,3.5160383510531648,3.9186464431801262,5.136544700897328,4.571822411552595,5.684853224378127,6.376482209846597,4.031373047172969,3.5708095679770566,5.388303442107726,4.620539743216145,4.349938203945268,4.349705001287857,3.984651995196302,5.838123780379768,5.7611121430195045,6.676432058240874,4.511158806949474,3.0703523225032976,4.574310464411742,4.236921281394151,3.7336528624525402,4.66000526948508,7.317032742113777,6.202166123990924,5.083677362205548,5.798687239451243,5.2719693671964425,5.1720044291806015,6.392775436092447
Dec 2022,5.764541142039545,4.44136476948521,4.609932903005443,4.3274852241135084,5.509344341994216,5.1432746997697585,3.4491444636644837,3.9038226327661385,5.1226769673325565,4.638238707506441,5.663017085424974,6.305253174029149,4.00502454049448,3.564561313834142,5.383172493456221,4.60221356922688,4.362781130211198,4.345307983908036,3.9628424564001983,5.795535219586854,5.753674790380569,6.658856318003195,4.530288796324864,3.054974791379817,4.534031061928977,4.214651925080997,3.698554584214858,4.59034238054971,7.387741710166417,6.178577788643223,5.035684386198514,5.755302640451606,5.30439921651798,5.1779463917332516,6.350776872595155
Jan 2023,5.784480135951275,4.378681729141708,4.625691736155276,4.3093277047446295,5.493472037800749,5.11020807498432,3.45315572493774,3.8400589822083506,5.066107193067651,4.542448140719873,5.587886516219673,6.263498959878348,4.011462942477885,3.567649173255327,5.325632597414728,4.534805327035283,4.331379739329796,4.3335686020796915,3.93192320089865,5.713566000527952,5.735730683221428,6.643165672258741,4.510117559915862,3.0633961646806385,4.491290695011713,4.195939087224777,3.706513233965198,4.6001886907591905,7.215567840851966,6.271687408619318,5.034726265389672,5.702852034963079,5.29052667807081,5.1331732509559345,6.197976981216815
Feb 2023,5.720984400324838,4.422504199086386,4.557037228309832,4.263652218197601,5.434151140874145,5.044929212318831,3.4809961714348203,3.849589401267695,5.0505155952858996,4.590813994381041,5.530075853603556,6.205618795262713,3.9724678110741323,3.5745780885479617,5.274528962069649,4.549636230280479,4.254825040189717,4.290664047331999,3.9477706750750015,5.742734510497605,5.6808172395506675,6.595369336759729,4.469045662774055,3.0121730366673667,4.509271446689596,4.135359579130903,3.655448741414801,4.537829020266744,7.265666673804551,5.982205618156667,4.957598911205792,5.677717924256412,5.2408991103576446,5.109707048691898,6.223603961790406
Mar 2023,5.6371479768998904,4.388271691865935,4.549453343856698,4.22104112304587,5.375952349103782,4.96536931802289,3.4734829445798248,3.763592700407096,4.984627806308553,4.498285814279935,5.547110691663703,6.191132079994614,3.997561890201456,3.4602312560796777,5.289169825359962,4.558601140832394,4.289137749967666,4.253248000008279,3.9345594907593786,5.628854615743566,5.5751892142959685,6.52652671665674,4.416044858397371,2.9632179402344954,4.426039539359311,4.063226626867621,3.6850793657721734,4.485837032520647,7.1699278923807235,6.006711267043981,4.914032922366524,5.67748462210281,5.202062460449419,5.0247953950726965,6.0861655896977
Apr 2023,5.642188755226662,4.327255865526532,4.492246199373867,4.256084871858965,5.372885700458514,5.032147424632905,3.439187583984593,3.8591780093922075,5.012974225829654,4.529895168259696,5.472009199509091,6.193865676871659,3.9897608441329244,3.5299663031503625,5.228506351396648,4.454893812702972,4.22934590680509,4.278991104312744,3.9263729223983197,5.569659792727042,5.576328567663638,6.547543371885228,4.452985674592704,2.998369705612278,4.514138182281417,4.161684231537168,3.6893965011412315,4.4876109447841275,7.15242824778114,6.037070373041161,4.892637136006034,5.6075118691056085,5.189560419506502,5.093686265079716,6.069109781314853
May 2023,5.667866067683252,4.416870460956433,4.494964155215002,4.249875960653717,5.3942842289366375,5.001888790705037,3.5131774330930936,3.8545446371007115,5.012441782205135,4.561782551091107,5.487234458655056,6.133366781621415,3.9855030918174017,3.6004279039203335,5.221931285421042,4.604218168919239,4.266686983875993,4.3128149413760335,3.8878752422607135,5.577351079377798,5.612227549868274,6.467886537494965,4.4670086847853945,2.9933527095639545,4.405607519136725,4.085897936376226,3.647861447081742,4.513486635883668,7.128536452466919,6.065298123998844,4.887282335375168,5.6422758896942184,5.153990079435768,5.035837680891716,6.294931711682988
Jun 2023,5.687497428089506,4.4072268564011505,4.4909980137339165,4.294048038898021,5.374851376231652,5.039246494637243,3.496789959912649,3.8738881181316045,5.038989243095712,4.602233369993353,5.506470533955701,6.2096912134699345,4.0490675178443105,3.571624064967473,5.249701756843812,4.555729336709229,4.320097521223644,4.309186264536058,3.9593259373425878,5.61295714729793,5.639480587409626,6.5446542917357595,4.49206229612902,3.071598003983386,4.487514152513529,4.123865330455606,3.6931011536714418,4.4832355019577275,7.15367801886401,6.160546345321527,4.960484859898687,5.764072820472232,5.22730008419567,5.053465826839119,6.103994274321843
Jul 2023,5.741362106562757,4.476549321938484,4.58984603910937,4.291055789225846,5.427086750613801,5.0802873195675495,3.5071343033287863,3.9029736783995115,5.08534131137578,4.58206494372505,5.519097725424862,6.276237387198728,4.018246297240746,3.599321500885269,5.26265496895031,4.555450150241545,4.341508945078825,4.335197466464612,3.9617587061060453,5.681282288228773,5.6545969062998385,6.574652797035914,4.49875114235821,3.008023207833364,4.533109798600808,4.216983578473105,3.736360074518748,4.537645205856231,7.248911883959489,6.107426009299444,5.014939427530755,5.742733424983572,5.2035311183623785,5.006687012574018,6.244406288469644
Aug 2023,5.683455813190682,4.447089054043334,4.602821213243877,4.306179248019961,5.4426076244546095,5.069453853341982,3.5183179515300913,3.935489713394024,5.009578414461344,4.661618891764928,5.558634143473568,6.237153749004933,4.072503751759725,3.610374623876176,5.272071419088168,4.550238002417099,4.355414981321395,4.3454488705732395,3.9279837358169267,5.647682406210609,5.610860058324815,6.601351319685153,4.493910390772048,3.090257475615801,4.5956760136562655,4.221367401267659,3.729710773495024,4.557006918238483,7.241190999313835,6.225163785580852,4.97213714763923,5.8440166416283414,5.238728265482441,5.021612485057079,6.29186917816496
Sep 2023,5.70774888321154,4.436901586583212,4.542090394283707,4.349554306902095,5.470257281393919,5.08056472839593,3.5419640886656696,3.9358458455301952,5.030724123142893,4.617229232865952,5.517335614815297,6.229526063658925,4.035360831208395,3.6084617890691977,5.238370780432341,4.615302581831512,4.395944414826401,4.373083790935649,4.018647651444668,5.68075795427632,5.652394581874234,6.596575828671793,4.497095381770704,3.049326738130179,4.517536235343092,4.17624032515493,3.6913902261883202,4.5832457481448206,7.23954914418242,6.121581666273668,4.962009201467822,5.736355714396535,5.1963931289246155,5.079862824830267,6.1934142509950005
Oct 2023,5.677880653916628,4.434768885952346,4.570890279651134,4.307594761009775,5.4468330767577795,5.041956758670893,3.4955083273064727,3.91436121769246,5.03159729150682,4.618694687016074,5.540570320516663,6.161991877319162,4.050611075425659,3.6048251111438065,5.249830813911552,4.596178022740892,4.345665229865072,4.32802656328336,3.9385516476029996,5.623528884260258,5.615059998426368,6.493107562324992,4.521427032649479,3.0661203362541265,4.541074101335271,4.203344886220079,3.690510476494944,4.406203688997595,7.222390816740741,6.158018523167895,5.014260917716441,5.83143099544282,5.2070007350170036,4.98816043734957,6.239536588866361
Nov 2023,5.6328027366864415,4.388851472817126,4.532183048285657,4.332636417865504,5.4292982610667595,4.969555063418852,3.530219740782543,3.953390887175664,5.00877278995103,4.634989727665789,5.457274339901975,6.100047976014576,4.035723275903398,3.6424687303179986,5.200115049482321,4.546483001376386,4.30647423254269,4.278343169876208,3.9406248536038944,5.586674634298378,5.577071809946809,6.5111807121953635,4.4924683385275355,3.022881654063917,4.479902477390785,4.18822144994273,3.68734464314542,4.502846455326939,7.245012304190583,6.043907668834147,4.983246790731571,5.703780621809466,5.1462919417494275,4.971068126595185,6.288394251681272
Dec 2023,5.55218152644939,4.38900799123015,4.533727547364095,4.244682269562346,5.390535857758335,4.904334959595985,3.558436674499087,3.906097406000629,4.947970207805056,4.586297769293042,5.403670568853974,6.068298515632255,4.103446310153957,3.5575667318381528,5.147926525797379,4.642359174520094,4.351030177751784,4.36314223753909,3.9338090668182044,5.589906193958371,5.504662346786252,6.464185668390835,4.513899281283993,3.1113229265681728,4.492898919570637,4.173904366959842,3.6386611850043318,4.441034242081996,7.121108020196517,6.079330898601952,4.869102974967261,5.6574695147595175,5.091414950230509,4.945264805105468,6.1038713981535
Jan 2024,5.628570605515463,4.335361806835655,4.5150903575331025,4.265498547556846,5.414881557425737,4.965803597946569,3.4781410233729493,3.884175222539859,4.8760098628606325,4.629173764491094,5.425205142731749,6.1875541978087405,4.128414299484343,3.5478098779406793,5.147443287963707,4.467135634174945,4.2871443149718225,4.302345412319282,3.942281365897711,5.549804283690967,5.455170221401102,6.508042223068758,4.438979228263564,2.992137050751403,4.513537770512715,4.189364652028105,3.643135770391045,4.426651858334413,7.18680408747831,6.1108093179274094,4.889129037615987,5.655033726331061,5.110113983456095,4.910742814190228,6.2399987486952755
Feb 2024,5.566654718081594,4.451117391433781,4.566049971294568,4.2847815091590356,5.339202552103455,4.946810071488628,3.4837578746273907,3.9014399287190247,4.881283134930252,4.676348778336042,5.391606192190875,6.115243926242736,3.9559365692012243,3.5702756504281883,5.15976081498555,4.5467055026423875,4.3221730170984705,4.25456742485862,3.9832544979432956,5.507605891953046,5.5278427806336055,6.459123688995112,4.490991496533898,3.0439149509225047,4.500657035316485,4.231131211506174,3.709642960599627,4.464776756289684,7.1174660159829815,6.0246733538000035,4.909416138026374,5.668005773484006,5.109985347264808,4.942863114272401,6.2047551127753575
Mar 2024,5.6066692463209975,4.3933283540391175,4.518569049180022,4.309034766759975,5.319103891355926,4.8822578731311586,3.518287596288723,3.9072968754431434,4.946286524878205,4.641879482477201,5.40554810158275,6.0623932420583655,4.085887742223645,3.5657632133932924,5.182207526751244,4.525768459780659,4.335765069197711,4.329615017375288,4.004473126513894,5.572113987703607,5.512603049521593,6.368984714407473,4.489484933220528,3.0311638717677463,4.436309384044933,4.2269365747663725,3.6667734138813284,4.555761332235126,7.137910685162318,6.0350203175747685,4.80689575354251,5.7172578648889525,5.141118926581901,4.990455535683018,6.12918334506681
Apr 2024,5.63334925571176,4.388639550552149,4.4929040912454985,4.277283822279374,5.34146915152535,4.902446856837357,3.557341001821361,3.8861936663787087,4.949262597897352,4.676637773385062,5.389737573551103,6.120027078274009,3.9988519914494156,3.5806831818453175,5.15095833619134,4.555329345071839,4.358401549705407,4.3317115268592605,3.944808770867748,5.560305496362392,5.4907639641225465,6.5455827941221845,4.458613129953921,2.9967918786911953,4.489858604792683,4.219352172417411,3.6642501688260505,4.474623162763701,7.218888689094991,6.0330971226851355,4.911689869282499,5.683626540723442,5.171869481366043,4.952458050704723,6.170955444875498
May 2024,5.637282105196807,4.431274143004411,4.647383926029779,4.335864486943274,5.431557011645083,4.981888759502065,3.556800414517239,3.9931033547278965,4.99670586771548,4.703260666064908,5.468071747320352,6.15502198179001,4.106640803107484,3.604057667337866,5.181915571056544,4.581223270545764,4.40516988630986,4.374748579975333,3.9915906225900732,5.596771044083855,5.5149791550812415,6.540740923334674,4.546193097455054,3.0841892470115346,4.558438378581542,4.28604126163305,3.722194770479661,4.546906701837854,7.216674131160777,6.208889470859955,4.933086385828505,5.7450995351243614,5.222593226297926,5.043010096810079,6.3237718783227646
Jun 2024,5.6642598364295935,4.490893446655413,4.60966280841309,4.360525642796598,5.438136020143918,5.01098459696579,3.6187683916335063,4.02288860840419,5.058739559223946,4.75406671204509,5.5093702505983275,6.195013205990193,4.130037530429626,3.6427276767781396,5.205326100523079,4.646143918190461,4.400553822905896,4.4307224553127185,4.007743237289917,5.602522602176038,5.5998324712350565,6.606709907944087,4.568136965893061,3.086265446313727,4.577288986309826,4.215954201905312,3.7140748728460253,4.506905842949797,7.323318335184902,6.134340642256865,4.935389772710099,5.725535841435246,5.237411601395394,5.022439605466285,6.357247824755291
Jul 2024,5.667473909245038,4.495685353913075,4.602350111550873,4.387481120239862,5.511850642760684,5.061520080821509,3.575226692456336,4.007583916378459,5.045478414685878,4.782692493791748,5.515558239928479,6.266015559669914,4.14073962919772,3.731073323454925,5.241472878858395,4.64292146233912,4.44745849343945,4.466777605192256,4.057345434101237,5.613857139704631,5.586455691335383,6.6520417734407715,4.554954330623778,3.052336440610225,4.5996766601520696,4.310854145245528,3.6636606303950554,4.52078246881559,7.352261869132935,6.2460083100980555,4.9911100194487314,5.736198530720239,5.257646595683104,5.024222234220783,6.308409298604812
Aug 2024,5.78427769859702,4.543844623350559,4.606048434024104,4.42141794133817,5.492613898786983,5.113182071514816,3.646277622660824,4.070915435539999,5.059311933202669,4.789481486360086,5.568741804055678,6.339161769224416,4.1036185519406825,3.7073319349405742,5.239048986369789,4.715983761538454,4.46301945971868,4.473773644097452,4.088397444959075,5.672483968084779,5.619564880393906,6.671673570574809,4.593405755414835,3.1243898789067903,4.599781093537188,4.386849660941942,3.76795786664844,4.572796470393202,7.4348709817119785,6.2189706494830475,4.966939189280566,5.689371641623268,5.322603112597135,5.050344609935361,6.401237640025089
Sep 2024,5.728119899509961,4.4958449179485465,4.651742431784541,4.411295959739725,5.527918121948122,5.0187721933477,3.664094065123168,4.08858461177433,5.030758933064372,4.7627814774002575,5.5524889198159615,6.339278418195674,4.164953203330375,3.7757367421871306,5.234763547705088,4.647822437108478,4.508437178162165,4.454544927058248,4.096760708902202,5.712811795467416,5.624177272537712,6.683616732188123,4.619375399934125,3.1871140052768356,4.600213388149884,4.356044933004158,3.7405891351012888,4.555494788388377,7.435364372940785,6.254738578611953,4.981475647883041,5.695475510370487,5.283230952563738,5.089971597011974,6.4552969768145765
Oct 2024,5.74464325209613,4.550466851478918,4.633715488388073,4.450259996357585,5.503143630798978,5.0435938546247785,3.62862970754521,4.0866881077987625,5.0066334093540386,4.812083420551393,5.535234444372544,6.285054411667574,4.214490033679778,3.6781684614683483,5.2217266836338005,4.6816324900084165,4.467651894986599,4.465677038870943,4.116981065580456,5.679576905046929,5.621420598932569,6.733252649398622,4.617530903936345,3.1049267332779364,4.638756426776112,4.3806187343537,3.7815275059832167,4.527615732547568,7.326801401085692,6.213114042821216,5.022465468035734,5.730696283898255,5.281200914564353,5.07738808339909,6.282284421621134
Nov 2024,5.728117033659107,4.54267833527213,4.636167411089505,4.4597433576918455,5.515390216328227,5.032255579561178,3.6117045219252186,4.076362894399004,5.050480664962685,4.851994895771593,5.524340933096448,6.20103141379511,4.156573331896424,3.7220176881772242,5.241336937110415,4.662046827432078,4.523212477302346,4.525030073600311,4.133633990870444,5.68239199209707,5.643955611008681,6.710930562243046,4.636875273449476,3.1380541703128526,4.617988762273746,4.371927517283128,3.7639046548686323,4.570955326746009,7.455656761137936,6.2520563300733585,5.0109221740987815,5.835313345245159,5.274903697471956,5.1103168969998585,6.488075784147306
Dec 2024,5.728191109065988,4.574536705670808,4.654259494198703,4.4491588916203835,5.538537434483882,5.030508754743136,3.653110788050361,4.088022829825559,5.055764397420012,4.863625453943791,5.5013029335970485,6.328686375675844,4.1928529980023725,3.7239381857940823,5.261415529765349,4.664553660509983,4.4845372254059,4.467854057584392,4.100920656062522,5.740510854745394,5.620321283554271,6.699570362618661,4.608259871833692,3.2178433041593855,4.6160277608029325,4.3319631191187815,3.742306437636071,4.537753836032918,7.4129417057659754,6.210204115335001,4.9950392270787525,5.678249715723365,5.284450809553975,5.078449015652066,6.346227205507868
Jan 2025,5.749942781076191,4.586834144567317,4.627627109836387,4.478087426911102,5.489970288147237,5.013937998264108,3.649171102120336,4.058364739211637,5.04771781737658,4.844532349262066,5.564975987091675,6.305521626621483,4.113144223682962,3.800575967878215,5.2793497648471295,4.644252375861426,4.500114160421159,4.52446777547717,4.143500548244291,5.697030841368376,5.662413578185389,6.711528175503597,4.63769075142152,3.170735774517756,4.615699004620416,4.35856927784951,3.776898472761365,4.572707034233575,7.414207448878394,6.1827484778587305,4.977078692278385,5.764731040262977,5.311639999723489,5.062214302261201,6.374545439005867
Feb 2025,5.774131884796788,4.599681232633041,4.66663945617669,4.481443713682746,5.57467917088784,5.029399506433089,3.645205266481948,4.147934147717372,5.042226140376611,4.861142272598497,5.557930875523943,6.273863110827266,4.226791853034261,3.7261218263861653,5.255540194874179,4.68874877869728,4.507657756491549,4.482027653528301,4.166365010146542,5.721310271345863,5.629664576990436,6.72088775231279,4.664574632033228,3.1663844978056326,4.606024648701598,4.355915774851456,3.7130669287393636,4.5596369956064375,7.397490929251441,6.156581885792082,4.97838251166285,5.706584356311674,5.331240898713003,5.074500087460621,6.275590594297175
Mar 2025,5.798733038009779,4.638762645416071,4.718101501778578,4.4644089075975595,5.558783843121373,5.038171965729198,3.6979060439967157,4.173472951053459,5.0726408226605235,4.897697457746545,5.551163405311169,6.340483306732803,4.284058121403194,3.807297623340513,5.27037552181079,4.748979398034878,4.528267358219781,4.548189238410622,4.246071474719089,5.717950864091406,5.637328848523387,6.758955652844782,4.651667363313915,3.2581800953423135,4.663965707479431,4.438017312022696,3.804165122624747,4.6145790951022,7.344464888083159,6.155483308415621,5.033272008516567,5.780882703010793,5.338608653556941,5.131502934219966,6.2466387887738986
Apr 2025,5.745367398992216,4.4894873074133566,4.659953573570999,4.429223363773077,5.397570093994248,4.879037407298903,3.630335390257968,4.096760194058496,4.995035037735997,4.775766762079568,5.518367479582801,6.229434026124088,4.093531326618159,3.6813044126363708,5.230288013369114,4.74187960568772,4.539777371644054,4.486705669569982,4.127389782277904,5.654864620291177,5.5485413699685,6.549717351095968,4.564988954937179,3.098728099632148,4.487197235115747,4.285743532291023,3.725072506702784,4.488653120192414,7.5604550659070116,5.943769008054387,4.812234314390671,5.520081856894675,5.238927629808159,5.027426822860104,6.412692394565318
May 2025,5.702828394150564,4.56398655959134,4.679601255492728,4.455672111001208,5.510292786634097,5.00312777041707,3.6695126066379182,4.138794155065105,5.046389558884242,4.8402519214219035,5.493675369635289,6.291793098385151,4.200211607147557,3.755372603078404,5.230296953365405,4.749686790012387,4.559514561167609,4.492805226383639,4.200497578871047,5.710070317496973,5.571126455253467,6.683174641602185,4.682222164151347,3.1353243669815174,4.605338061707734,4.376510489317314,3.6980624540368487,4.570842078382039,7.357293004540061,6.117603956365923,4.8651989348884825,5.49281967615929,5.346671912839294,5.061672654955372,6.28080411603155
Jun 2025,5.778295217366212,4.574506210261668,4.740282035291869,4.490614789093955,5.5144798849171455,4.993092185646338,3.7062821440532896,4.143128045020307,5.056943734189345,4.9363551308872164,5.567489945880872,6.37365992495308,4.236189086234901,3.7941323493151886,5.245392645752982,4.7700873544143025,4.539842342364721,4.588036895263851,4.2278356296612865,5.7267200686200495,5.622373483301412,6.765762206549385,4.619971842517931,3.210764559691046,4.7004834970164415,4.4272275235054215,3.7628661395847725,4.600747009467241,7.40033304633549,6.208652704465574,4.948774391266293,5.499859628404701,5.275597367110943,5.0916448878391325,6.378380254273312
Jul 2025,5.835461031259787,4.602077174484105,4.729785562550419,4.55138619315603,5.608614477505779,5.005024279230733,3.761595829479833,4.1686338396923475,5.119709854800858,4.9098410904021605,5.540856612752869,6.406667726798196,4.301126451938317,3.8086747939527426,5.2287443946251715,4.772272225334996,4.537979658332451,4.601565151793118,4.2913454465974965,5.777661048157253,5.662648596239645,6.804164232314778,4.6758568217938485,3.1989805899419026,4.680821993669294,4.44031201731704,3.8203389024768986,4.56496456233283,7.447655397984663,6.231873538314065,4.948812461949447,5.649846708334233,5.347705710704268,5.17329304031759,6.487665821637949
Aug 2025,5.864355054479954,4.679948992853498,4.7157032922442745,4.5936236934714625,5.639868408792706,5.04951627979554,3.737166023397228,4.215016506774887,5.144176996353288,4.9374346758287055,5.572898100553466,6.322545425940908,4.279226908238062,3.8587718404472096,5.268124862485953,4.8333051799839755,4.539340368630644,4.592848021610381,4.289735586921465,5.757225067262946,5.691077061034358,6.851204373527764,4.684546292801084,3.1922002560139022,4.719948311828328,4.478704328292831,3.7834459832089937,4.603585960667652,7.514829191863906,6.26689297765365,4.962983153935192,5.7010448600408425,5.397955482569935,5.130359635506533,6.3959990790881545
Sep 2025,5.821867708026525,4.62528231947454,4.727321056421791,4.507389577862293,5.574423566929654,5.021333634647602,3.7494834520706424,4.202494582729141,5.036933067397435,4.973068359858773,5.560821777319343,6.397953063177371,4.238709172431591,3.845569643596164,5.278540789711846,4.770159021462081,4.595362836568841,4.585075400316498,4.271215126637739,5.762173343272598,5.64182637119263,6.788332885899323,4.7104193358122055,3.2369036664489537,4.636144268042644,4.450471246803833,3.7673026247447305,4.543867552916251,7.514008212117823,6.2151126412128805,4.988787165636168,5.642140654917651,5.371513706415956,5.165983281367371,6.352289146971377
Oct 2025,5.862884078289768,4.636877948435517,4.760099245048552,4.499105290480913,5.5829389004583705,5.015975052665834,3.758600466799995,4.215224383451942,5.091845708370286,4.996810771825334,5.520427899051359,6.188826205643444,4.343931734648423,3.782224906375672,5.211123413740811,4.745226318062496,4.587338265395363,4.596406596031909,4.2668370332229175,5.756605423570181,5.63639197116514,6.773194408362097,4.716004104777781,3.24882537381636,4.676430546475753,4.437431547921003,3.8212352717546265,4.641382446110064,7.368185182671953,6.215201867417438,4.878307395576193,5.617795653123612,5.372992219159678,5.15280855505495,6.136909431440866
Nov 2025,5.801221859817038,4.720115369775106,4.718401966561623,4.549839482075228,5.56686887655409,5.016971001450088,3.7391093444057137,4.221899191707682,5.05154652403886,5.004841302334199,5.521091503661244,6.339934844939696,4.377778937651112,3.8607043117844086,5.235563826769688,4.802922347445197,4.56763323249085,4.527670680741987,4.346083439683322,5.753012934254194,5.6152931014375955,6.749209020228351,4.669126636836954,3.227778926898134,4.6296087996718915,4.454613150900488,3.8111330024395182,4.554076381854595,7.230271612401226,6.066091331622759,4.898709597178303,5.648219196161469,5.331639031584527,5.1187600540093,5.986413488130494
Dec 2025,5.769221402882702,4.629653575135511,4.726286888226701,4.543940457368842,5.542970541296308,5.054084831813994,3.7566417024168124,4.223609208622641,5.029552512348491,5.040207237573176,5.466209396917935,6.282775520479453,4.345865608894691,3.8578849914292723,5.222347162359907,4.752053187782017,4.567556302465285,4.617452430987639,4.290187734580857,5.732751403462031,5.612305901622534,6.632760513707936,4.670287170023263,3.215696707199567,4.63156063351869,4.475649400562633,3.7996803102657952,4.642541376672667,7.245349648764169,6.152397767855942,4.908312228044856,5.662712177258471,5.2908958970868705,5.157069999391707,6.118076904849428
Jan 2026,5.853405792957942,4.600107760597811,4.710170973801461,4.496317008905744,5.5753584982817275,4.973656486229637,3.813030409700924,4.2035698727554704,5.066595901415191,4.946688960751758,5.470989212856344,6.267024627713447,4.320036472628688,3.847149508345986,5.241343521497228,4.743344104002847,4.542211440246542,4.60272079437073,4.289475056603701,5.733555015057145,5.6258909432471995,6.680912950731117,4.704281852865699,3.2118882554755546,4.582889731936798,4.558048866990791,3.803246732296093,4.5642869564199025,7.38430856421846,6.203663645317598,4.875027502714982,5.675666283940753,5.304788821160659,5.1652347614731084,6.099885759597872
Feb 2026,5.905118947127785,4.778118236815629,4.748808971452596,4.523353131629929,5.549176030613421,5.041504072057342,3.8243380981143478,4.164650749083171,5.019535123485426,4.9842484738649695,5.494419931682825,6.262053379842756,4.271394944053102,3.7905963737832873,5.249886155303715,4.763455077810817,4.650668801258029,4.571295205847957,4.355875041403782,5.693139166053015,5.584527958215968,6.845250185734729,4.6716535185511,3.1890329143635845,4.5291880609792585,4.493124737063507,3.828364762307785,4.527765485749886,7.157923756405918,6.346412939376307,5.019443279688398,5.432077154809665,5.307088748852742,5.124739077563033,6.035002542003124
