Date,Bedfordshire and Hertfordshire,West Midlands,"Herefordshire, Worcestershire and Warwickshire",Shropshire and Staffordshire,"Gloucestershire, Wiltshire and Bath/Bristol area",Dorset and Somerset,Lancashire,West Yorkshire,Hampshire and Isle of Wight,Greater Manchester,"Surrey, East and West Sussex",Outer London - South,Cumbria,Northumberland and Tyne and Wear,East Anglia,East Wales,West Wales and The Valleys,Cheshire,Merseyside,Essex,Kent,Outer London - East and North East,Derbyshire and Nottinghamshire,Tees Valley and Durham,North Yorkshire,South Yorkshire,East Yorkshire and Northern Lincolnshire,Lincolnshire,Inner London - East,Outer London - West and North West,Devon,Cornwall and Isles of Scilly,"Berkshire, Buckinghamshire and Oxfordshire","Leicestershire, Rutland and Northamptonshire",Inner London - West
Feb 1995,1.0187243948511149,1.0061631662049129,1.0057859700576302,1.024383015491927,1.0188774081334886,1.0107985055856241,1.0046435766835853,1.009226140779328,1.001691345882536,1.0116916231125745,0.9926754793986934,1.0039338670147089,1.0466872948541674,0.9866248198855992,1.0171235493226973,1.020019258955119,0.97353323710611,1.0220599338395615,1.0299282928980396,1.019812769770296,1.0100640306129092,1.0071463665570888,0.9802799077060047,0.9948800380708653,1.0047046109174393,0.9995605189445337,1.021041212559258,1.0013630691863609,1.0001288604573393,1.0024152477193755,0.9952411717663336,1.0282289168173366,1.0093878732966726,1.0182839128937782,1.005060248043479
Mar 1995,1.0127851608229954,1.008228327493651,0.9987136728885289,1.0113749362492774,1.0242598510464793,1.012889288224286,1.0031077911384392,1.0122528866855172,1.0002665395395212,1.0261578171095216,0.9991726264038221,1.0074562647377716,1.0470898771195079,1.0068991406346985,1.0182999405631932,1.0136881162643423,0.9827768755412458,1.0121133461774203,1.01449446841967,1.0261123248808248,1.0123253978959244,1.0180590767260143,0.9954313805136122,0.9974629646153788,1.01866383647074,1.0062404531151175,1.0025065703909106,1.0006298069695472,1.0305576285901563,1.0046979980372859,0.9880798859340315,1.0072866693726121,1.0104654056786795,1.0073087981072586,1.0196314638599424
Apr 1995,1.0166281449783832,0.9848018627737982,0.9951015946886937,1.006154651646621,1.0184675833492816,1.008383255348201,1.0128490724165897,1.0083118784057665,1.0072801543977667,1.0123140714116377,1.0029946893280588,1.0070849314111698,1.0451206389591952,1.008287396488088,1.0122886221882712,0.9985547732134452,0.9788741493245762,1.0155342136009113,1.0055104260488867,1.016049797277529,1.0061185800928811,1.0182462552045186,0.9889526452968819,1.0018224238082791,1.0259188853428665,0.9868300144924969,1.0279245197526494,0.9987525623356194,1.0139149324011063,1.009738977015498,0.9934547044205994,1.0194740705545582,1.0036199071975895,1.021578894252632,1.026063169692382
May 1995,1.0172401682424168,0.9950968521732126,1.0000021796094292,1.019200344420852,1.0211696143340592,1.0136229198831395,1.0081076688291881,1.001237007225029,1.0083805242379869,1.0275140610447413,1.0033951997191248,1.0103393594606584,1.032907875639271,0.9981215642601476,1.0218065953438138,1.0065962966852482,1.0009357430344639,1.0211740230848827,1.0055829712813087,1.0225147967745334,1.0082849694047118,1.0157018766806913,0.9899441743612891,1.0100076758092702,1.0115550237027162,1.0034963359424578,1.0009073122645593,0.9998435077598375,1.0327664388506703,1.0234100802217674,0.9823963455269497,1.0222040310722904,1.0057817304550745,1.0190354630702487,1.01263486050101
Jun 1995,1.0170784165471871,1.0114287945865827,1.0109037082204537,1.017330116021536,1.0324683628018205,1.0170752557940856,0.9927480244604132,1.0054001337974052,1.0096280813893825,1.0247010556917,1.015864301909601,1.0235973549787134,1.0439027077150296,0.9980554930199083,1.0171366905190558,1.0097907875270082,0.9950579569841335,1.0278007731342829,1.0058038059971122,1.0203893770619694,1.0112733813310015,1.0319521724687408,0.9997112194885335,0.9981322014312654,1.0158916863106622,0.9970089952431577,1.0134153090336582,0.9940293421077853,1.0479643173787239,1.0226460593644364,1.001022926542704,1.03217748381477,1.0202526627814528,1.035369789666536,1.0146063597724009
Jul 1995,1.013489818734427,0.9915786246992037,1.0075345560657307,1.0099090784375595,1.0145359874959978,1.0055660548310228,0.9924960403718502,1.0112034385726119,1.0072679977017207,1.00596554919538,1.0053502532995087,1.0118874701506522,1.021709134950059,0.995294225938884,1.0149163971222435,0.9952065216364551,0.9812576676731793,1.01387997188568,0.9971319928100001,1.0198416773917656,1.0069952033489877,1.0110254032586168,0.9888409704123844,0.9953337011141384,1.008124088740933,0.9910614736695459,0.9974345859286078,0.9954796166483995,1.0283151818756868,1.0284301066993204,0.9882924506883195,1.0132164391804368,1.0050507766643615,1.0179371858595896,1.029824553938219
Aug 1995,1.0131743435323575,0.9861062242212392,0.9962010216836166,1.0061767206534522,1.018546011878284,1.0047963557703699,0.996073996204257,0.9900706914866424,1.00799678100991,1.0085873251715862,1.009596684261313,1.0114481713504146,1.0099862714588443,0.9892795271759396,1.0142904421456054,0.9999168098915867,0.9816373140055579,1.0185039140611647,1.0000149888529755,1.0137256374561654,1.0083591323815404,1.0139973512320282,0.9825018699390371,0.9888206736291768,1.004969353848179,0.9845864171447157,1.0053926688184265,0.9874264570974917,1.0387048570241555,1.019512204816231,0.9962042464754329,1.0086039715029465,1.0110900962943163,1.0113830548820066,1.0380873261912384
Sep 1995,1.0123953728994413,0.9952753699843195,0.9975127429746559,1.0009383690574518,1.0255049863809536,1.0085549809072587,1.000124601463503,1.0036627861323202,1.0097776267933942,1.0110106421522485,1.0048940465406169,1.016604510771284,1.0213016404075375,0.9969754109820615,1.0142641525363103,1.0057359059984328,0.9922682211599393,1.0250684420993663,0.9988990554247239,1.0193799142582372,1.0078877794451573,1.007750969687755,0.99445314634378,0.9924253503762647,1.0110977873836298,1.006393952809485,0.9967567974348317,1.0011643127395888,1.0386637339860183,1.0343902277245018,0.9851946118233881,1.0147153374908038,1.0134635768804514,1.0246088417155355,1.02721927654457
Oct 1995,1.0065351108265632,1.0056226699682242,0.9985968431604483,1.0146959639752142,1.0138290649218293,1.0036859086495733,0.980707414505275,1.0041984095710081,1.0085096851740023,1.0068281491715845,1.0045255796440902,1.0113218015804928,1.0273524756933001,0.992262790259535,1.011718205249773,0.9938333802882473,0.9729909754295435,1.019226867324282,0.9773113563062427,1.0077269267877542,1.0100270796700273,1.0110499459029116,0.9878899883808059,0.9979539289285908,1.024254786299795,0.9843917641710441,0.9923858963222185,0.985372162294499,1.0540831101244623,1.0347161540320307,0.9857627802591807,1.0209512802623795,1.0151637698044234,1.0092292693274827,1.0644578069253998
Nov 1995,1.0256178943461018,0.9976382758600137,1.0067863913129123,1.0150871323451613,1.01938298713398,1.0086900691352676,1.0045211449597966,1.0042287239015224,1.0163000981880548,1.0179359228884801,1.0093611842507928,1.017695967210968,1.0158749172643595,1.0017725708185699,1.0197655508286334,1.0034804106711133,0.9979569523971725,1.0093829074104095,0.9828469689695887,1.0233057086110575,1.013069233075504,1.0093253640363833,0.9867299950099426,0.987246856182306,1.022934178910152,1.003074401999943,0.9902733424995716,1.0015238546465504,1.0435359580268035,1.0247809215551413,0.9745280483389147,1.0174776343556968,1.0149240288332528,1.018284438506629,1.0560403148015456
Dec 1995,1.0280249558984615,1.0099321638564585,1.0197473367625591,1.0129752248338633,1.0355264815746317,1.002067080869215,0.9961636412184661,1.0031412260983017,1.0211456585780774,1.0185438204477077,1.0155218911641146,1.0357332090910942,1.0326315753580944,0.9976268858093859,1.0130582937044912,0.9992011331915093,0.9815243509046686,1.0218244957293312,1.0023286741881265,1.031549915636805,1.0143123342841502,1.0244127138085715,0.9914428900830968,1.0105612968061988,1.0229370520070256,1.0065210782653766,0.9923923621803288,0.9968393661416385,1.0600788618556247,1.0399208492364458,0.9900115946712422,1.0298041924410613,1.0245596996580861,1.0247456578970313,1.0524139260781455
Jan 1996,1.0257549182609456,0.9895536815070061,1.0015510858733974,0.9992431114602166,1.0188172142240584,1.0044565752221826,0.9787804953794891,0.9885134844646591,1.011872940722389,1.006116875634199,1.0143619496848448,1.0224099598301937,1.0090488578236987,0.9761887170118495,0.9942818434378666,0.983573396032841,0.9910453382556438,1.0218101156810748,0.9729798193740608,1.014056421538503,1.0118622188903095,1.0136806056992789,0.9793354372192501,1.0086038703334692,0.9982188916968718,0.9851077005614738,0.9878562900498244,0.9979437757392574,1.0675294849457388,1.0425123315337272,0.9912273595635924,1.0137366463486435,1.0150163717921334,1.0202544208349413,1.0651798190135062
Feb 1996,1.0231425365875466,1.0013307384165666,1.0149509296607093,1.002886012026867,1.031729016367038,1.016743940164641,0.9868430765591573,0.9919963890869649,1.017173650455805,1.0322846672644133,1.0160326901397105,1.0340175066804296,1.0263591629292967,0.9874280062766142,1.0040800996459758,1.0092812748283242,0.973015905846414,1.009155878951514,1.006485559734076,1.008185059839745,1.0123369731896918,1.0203838829908014,0.9771304339325234,0.9696739831123495,1.0013286751448163,0.9965226409545874,0.9967429953472569,0.9791455165629885,1.083809244396328,1.0559846081157422,0.9782019786090026,1.040285814148153,1.0287105772058056,1.0214886266603993,1.056026853405629
Mar 1996,1.019779388644326,0.99122369710799,1.003382218368622,1.0172134547470502,1.0325758154018905,1.005407395672392,0.9824522754477774,0.9942474561704109,1.0306086620323367,1.0253612365500495,1.0266352126436757,1.0278283623408189,1.0283541013079873,0.9952439719650835,1.0128470220594372,0.9980170358656266,0.9823974278766923,1.020350948762656,0.9986477145915135,1.0200348135696606,1.0170760103973229,1.0310948198732293,0.9908676869013671,0.9864676388490522,1.0102141319028517,1.001133915905493,0.9856831083250971,0.9996978954255551,1.0795457684690648,1.04729994458993,0.9894188203133442,1.0161822385042385,1.0305948369885507,1.0270458463223617,1.0526251175638404
Apr 1996,1.0230338373957004,1.0068038138697153,1.0033543705548649,1.0102425593900735,1.0352555091400728,1.0240962553050559,0.9719619884306914,0.9952917324223148,1.0264932768253872,1.0040473385190074,1.0277153035099853,1.0450012866414853,1.0183695764760587,0.9889353744265003,1.0127435764857773,1.0056194068876243,0.9888637410993082,1.016185725463381,0.9920762030901576,1.0220355019435894,1.0206481277241437,1.032308508496951,0.9781099995769851,1.0016246499168218,1.0077850541997735,0.9959160155202462,1.0012144738245752,0.9894863629352282,1.0652187732622693,1.0803723567237244,0.9927788089235263,1.0113997719312262,1.0250718377157053,1.0251534241204723,1.0601886229235151
May 1996,1.0346562147687033,0.9913613447922808,1.0261945907200076,1.0119266262754316,1.0397386699414757,1.0204514114982415,0.982905691225306,0.9962742097739338,1.0289382881447036,1.0131675382040182,1.0285740249534943,1.0462595881040426,1.0229082494398984,1.0045259557492734,1.0123219780207025,1.0106696978247212,0.9889806640831715,1.0193518328474442,0.9994152014781955,1.025220930361605,1.0190832688183036,1.0391060274703245,0.9955527691645957,0.9927514686547376,1.00956390204174,0.9834622136099221,0.9930952722591401,0.9995906207019611,1.0886127062227267,1.0500671706934206,1.0088921645003879,1.0405286681465091,1.0360924488689383,1.0219845382191013,1.063830187149904
Jun 1996,1.0440378167872078,1.003608102373475,1.0317563914215455,1.0132081238859676,1.0548013885436058,1.0266534106870566,0.9951474884097932,1.008657138114682,1.0382909210518647,1.0271339383034686,1.0379174574116117,1.0557660570489722,1.0519836149015607,1.013614816967334,1.0245818870250862,1.0217161473389085,0.9909593795170544,1.0290058074184585,1.0058861719941283,1.0397021180793242,1.031744837273587,1.054318140946107,1.0012765062804398,1.01350656242194,1.0152935149541287,0.9941371787037323,0.9989325289652301,1.0071802925808382,1.0969313431874517,1.070080125218345,0.9992673624162529,1.0517380079350165,1.0473401045175903,1.0352024322437405,1.1052579551830597
Jul 1996,1.0400636769931506,0.9982954443869168,1.0155570313898306,1.0182090021770842,1.0422863535380162,1.0336226481885051,0.9783016766522923,0.9914367111015666,1.0385399347366702,1.009704639378608,1.043240013954996,1.047304310995664,1.0092437714300777,0.9927461468688664,1.0223001248858934,1.007062746904953,1.0057299995679547,1.020873989128023,0.9846763008058239,1.0337607284663781,1.0357948676770565,1.0544475253896848,0.9834981719901646,0.9937590020305771,1.0146610229788913,1.0005110027413986,0.9798876270394151,1.0102355578076048,1.0860402361737809,1.077874973631513,0.9973346655186293,1.0560994418309206,1.0488917750575284,1.0290752624676927,1.0936958165749437
Aug 1996,1.060651806590233,1.00399389247378,1.0293054531406207,1.016626855274972,1.0525880686449927,1.0492576328647847,0.9851830713729631,0.9933685039235212,1.0457099586776057,1.0177473012627993,1.046556841503228,1.0658093204824286,1.0110560919069138,0.9983259547319523,1.0233640930409866,1.0208409098322977,0.9992871238068939,1.016478652311287,0.9907765971700626,1.0427544795201482,1.0382494569802503,1.0558791575434865,0.9984373665531976,0.9958095818080418,1.0099213699410001,0.976649074399951,0.9924489312898844,1.0179809405787508,1.0890688128605173,1.0784652205025718,0.997173328815444,1.0516927231071969,1.0542571276107002,1.0411398561469203,1.1199856479785408
Sep 1996,1.058375387260845,1.0152874712677535,1.0419175285372986,1.0255625460795674,1.0586394313929823,1.0524863421664994,0.9843969861437967,0.9969719808466214,1.0573041837652684,1.026591714227024,1.0623454740907234,1.0683158582362882,1.0399176810169275,1.0034110782312275,1.0285646266654886,1.0382954036111878,1.001169234172438,1.030989914539076,1.0003157245326395,1.0532588316824714,1.042226819420745,1.0671891916448262,1.0081610530726832,0.9928104226331425,1.0276760831285243,1.0095654371358236,0.9932898678301696,1.0043183295720328,1.114653180686985,1.090604174787699,1.0113884423231636,1.0471916504222587,1.0661464679179034,1.0478647893983795,1.1433731717335562
Oct 1996,1.0619096073477852,1.018683802566756,1.03854402204048,1.033068945436688,1.0675235893815211,1.0476041086727024,0.986492135751779,1.0097162094311194,1.0622022647511873,1.0355766549121355,1.0710654489019575,1.0895150380316396,1.0458948087888884,1.014317241937769,1.0322566762266472,1.0337678026008559,1.005093275320854,1.024215090915486,0.9907063268801289,1.0447953950705278,1.0501013089274618,1.063907915849255,1.0007694462876764,0.9977462124243004,1.0392561152512394,1.0023342023562365,0.9852349400598744,1.021662619933789,1.1025581123747301,1.0987203957197997,1.0182273796330348,1.056274480229705,1.0709187543579168,1.0531655641895088,1.1262928717202667
Nov 1996,1.0815816003243086,1.0227844007527052,1.05048959094611,1.0402643811722803,1.0746832276187237,1.056017120466363,0.9918462185655477,1.0126404814858216,1.071723359180573,1.026407593220358,1.0776379595089203,1.0870617429312424,1.0383331255670656,1.0078404120328057,1.0481036342752048,1.027948225441274,1.009397119895437,1.035931787755378,1.0044802421546306,1.0686261194621502,1.051408112104906,1.0836381493415368,1.00786405119279,1.0058385739697129,1.0214095624161557,1.004906997004384,0.9939691686870068,1.019053979387524,1.1369956565647206,1.112624886363569,1.025270201153216,1.0701992814601486,1.0789905399124808,1.0559933817079916,1.1470258319782638
Dec 1996,1.0916434657759624,1.03349029670209,1.0549853045831625,1.0301161611455234,1.0856124535335105,1.0674379445429132,0.9999500831058976,1.0166483272285511,1.080654985334565,1.037165106904801,1.0881146763312028,1.0942303461710374,1.0490717654813546,1.021758980883768,1.0497367315605535,1.0284851451547123,1.0100978240781786,1.0403899581480671,1.016586604910986,1.0815050851620467,1.0670697735232635,1.1053357727435582,1.0198592257043502,0.9985120588101087,1.054162824516185,1.0178658502018676,0.9966508524151202,1.020125282647951,1.1436749560783257,1.1162672017611353,1.027334413640672,1.0760532388157382,1.0955816294832188,1.0684106130023507,1.160444203132064
Jan 1997,1.1007236563435436,1.0270298697040903,1.0581067378220643,1.04409239042569,1.0777725803099791,1.0712718398594416,0.9917081602948218,1.0097035142570954,1.086663425882318,1.0283191241879652,1.0959610721060602,1.109643911534362,1.0281410375315143,1.0044095083313482,1.0505144259586492,1.0481428070111836,1.0009038354857933,1.0357475343186788,0.9951071195519394,1.07512361701593,1.0720950693892668,1.095982302753342,1.0057954606995467,0.9915364877897295,1.020390915094936,1.007948599219048,0.9715111862298429,1.0249100898814985,1.1564834039383192,1.1326469960260472,1.0347110958072085,1.0929155427058237,1.1029508311095149,1.070982140619999,1.178750806674153
Feb 1997,1.1026163306766896,1.0255683758554461,1.061272760637534,1.0453265935263827,1.0958311906497178,1.0980647831511468,1.0104163912100725,1.0106557677065986,1.09673908383142,1.0363522761023602,1.101422257624753,1.1186008159781338,1.0495177183270965,1.0153858750945222,1.052198306652239,1.0437690076695683,1.0179765962858447,1.0414570229789701,1.0017321011265563,1.0843234705238507,1.0863731971409465,1.1011266871291712,1.016505171451303,0.9916761155667129,1.03712386877476,1.013917760890832,0.989378415319807,1.0347090103960723,1.1671191936014977,1.1275526747131737,1.0325301514627818,1.0791493607962415,1.1103131849079282,1.0667178625719131,1.2184379730777788
Mar 1997,1.1211232992806275,1.0501488386877882,1.0696217816849327,1.0571823275181182,1.1054463977099982,1.0891860738068053,0.9947305253627919,1.0262571334182309,1.1063680584246856,1.0472408609545736,1.1208653788225555,1.1288587515319894,1.0497320498108675,1.0239811776077585,1.0590960561257763,1.061274258380023,1.0188006061363273,1.0689265357678726,1.0247872232421917,1.1050765731642684,1.0946969478699997,1.1232852199593761,1.0304301705261854,1.0098962756238912,1.0440959143638298,1.0207339465118321,1.0015440652814094,1.036160675368235,1.189754367547056,1.1600703448254683,1.0480143648687152,1.0983942272115332,1.128551121169035,1.0871455181878715,1.2266332053025233
Apr 1997,1.1333717975627196,1.0443735117029216,1.0769538126894396,1.0572426188618465,1.1122008742719747,1.1027689050897895,1.0039160165736665,1.0164957227319527,1.117544937711172,1.049197837553072,1.129830331199058,1.146494898751237,1.068082047031051,1.0273585388532323,1.071794132743703,1.0525456653367682,1.027825739893979,1.0615952766330665,1.017125128354783,1.1076043461767378,1.0960370159387964,1.1338037442484703,1.0258629447704637,1.0102551287469563,1.0540647878895884,1.0138190608431819,1.0039744685267173,1.0365498279666818,1.1865992936579912,1.1745401029493132,1.0466103768009472,1.104326881411313,1.140094357800823,1.101074286295115,1.242790439455846
May 1997,1.1465381372192551,1.050207360376755,1.0909133994442324,1.0704842943561446,1.1211224744652803,1.1170126914976473,1.0159809053105606,1.01998067455919,1.1318805856551855,1.0505846632615188,1.1469125780239833,1.1588290657693445,1.069763921306112,1.0368055688682183,1.0824077391363227,1.0610051722807343,1.0315977030042522,1.0647489562499841,1.0238171015129531,1.118082626762135,1.1161553290269652,1.1461302986542858,1.0353938526735915,1.014831520383047,1.064013368984516,1.0212480014191132,0.9917792596304326,1.0586333805844768,1.2148542587761553,1.2053662361243531,1.0618394370065012,1.1198967087877894,1.1532493753129371,1.101075336103032,1.2739103485145342
Jun 1997,1.1649499334421962,1.0639934519435217,1.1081465398268324,1.0749188530623128,1.1383797839936898,1.1256102899086535,1.0174688522414592,1.0209191075952249,1.1480740830357976,1.0558758919296738,1.1627381720561405,1.1884284098233153,1.0731896757738832,1.0389640385735326,1.0936438493618543,1.0761824583519122,1.0453214390911714,1.0732861608539406,1.0379959138276127,1.1376561225959632,1.1304655526240677,1.1652169958320802,1.05030257615898,1.016246396133469,1.061330063859173,1.0237619352496907,1.005406321249872,1.068137920944578,1.2449487951222151,1.2225154715809203,1.0706596406147673,1.132214780420347,1.1726182769091535,1.1117712938264772,1.2884764181970059
Jul 1997,1.1725570397661411,1.0649391588709287,1.107600700870781,1.07479186667857,1.141272800337743,1.1347798524839343,1.0166490916860236,1.0237582240062377,1.158732427375723,1.053425793192872,1.1766707970106363,1.201583397967851,1.0741375394137886,1.03437478474268,1.1025610565220283,1.0745433548195933,1.0340905330766785,1.069856150584006,1.0202884012708564,1.143859600308301,1.130177908405345,1.171028815517008,1.0384727790360542,1.0177104579622351,1.071493490185874,1.022592375466207,0.9855648413331886,1.0659161854196146,1.261399357518498,1.2462285073956392,1.0855314304991883,1.1262582308754856,1.1963014428885002,1.11067085004567,1.313041270330248
Aug 1997,1.1951109877337232,1.0739496288749728,1.127593814438911,1.0795637400401368,1.1534296832653432,1.1551612559606386,1.0275324399595747,1.034609398015029,1.184777213635166,1.0431341241297463,1.1950803361815892,1.2232162165287683,1.070497806134554,1.0548947852576684,1.1074095455372537,1.0895716007778045,1.0370934351858037,1.0946181556811545,1.0258786360417007,1.1564776627390374,1.1514461653854031,1.182028588698414,1.0565586499176942,1.0081892340921705,1.070763073650567,1.023065035793416,0.9912851136278742,1.065924085737899,1.2599599782388404,1.256218537790539,1.0908763213037682,1.1468147937613582,1.212906677012263,1.1216505640777499,1.3102071353490636
Sep 1997,1.2039741571685085,1.0804020425691183,1.138061108710391,1.0913269080974985,1.1610743720304042,1.1621405947511492,1.0246828694200074,1.0372165885257705,1.179590916363321,1.064542679641546,1.2116130709111739,1.2328207128024753,1.0931604413487854,1.0531615785932953,1.1217348825971831,1.100639062673451,1.0465723318424298,1.0983451466936052,1.0334317203126289,1.1596952030443588,1.163187556347297,1.1900352769171099,1.0571026335530593,1.030527311002928,1.0794877929204885,1.0308717160398488,1.0055387498423192,1.068694893059589,1.2852884355353136,1.283141324510914,1.0936726070954557,1.1581102168373933,1.2282628042870736,1.136632006829125,1.34576076831257
Oct 1997,1.223934201360665,1.0936219642222806,1.1351401058967883,1.086060128189772,1.170493813052601,1.1807134364319554,1.0281157189261192,1.0535455654617036,1.2054667055348207,1.0672167659836307,1.2275554507916517,1.2511295301554697,1.0689232623377374,1.0526830650550574,1.127766205609769,1.1042676473441895,1.0509444403673778,1.0888264243458605,1.0317806273813843,1.1729248147227638,1.179349541481223,1.2140492576339277,1.0598148960298497,1.0298805650002518,1.0849717502657767,1.0319592362384804,1.0107613694974706,1.0692908202910725,1.289500612975212,1.285329796707813,1.103312997180396,1.1526958320810872,1.2368338243359358,1.135716272225745,1.3518892392472404
Nov 1997,1.231204793413636,1.0935455423541895,1.1556946184565104,1.0930619964604371,1.189760842975648,1.1787032211563817,1.0293572388360945,1.0528488333947739,1.2077688277907754,1.069054985594793,1.2422497575273226,1.263533903812889,1.0831262737647314,1.0640044700780018,1.1375889671576094,1.1059113939971172,1.0429502982457768,1.0993251378687252,1.0503949086484403,1.1791490685977704,1.1726425960626923,1.2251542840258491,1.0715374973670582,1.0287997184228832,1.1000874433064525,1.0460842099450494,1.0162623153273425,1.091665784965233,1.3013385695411197,1.3025838653348125,1.110472171138412,1.1779617287054591,1.249859066417864,1.1498524518820468,1.3540727703650006
Dec 1997,1.2467904861119137,1.1039539842191863,1.1584861805407978,1.0969304982467285,1.194364603150289,1.1906000762343851,1.0407433001186008,1.0566032970503947,1.2196633060538657,1.0733848281696914,1.2523333736568985,1.2825149490443113,1.0958097313540673,1.0740094580577495,1.145790374064482,1.1299778683466857,1.0525072197585188,1.110661464829403,1.0435177678410668,1.2004541657864813,1.1914300645476663,1.2486651378572553,1.0633027921224758,1.0291703351898862,1.096336527759278,1.0491113237767107,1.017490992802197,1.091078760042718,1.3495211472100086,1.3125801797658476,1.116878132950268,1.1797945571636124,1.2657949758612497,1.1609107109570085,1.3727272846645326
Jan 1998,1.2441973975821103,1.0945517598576253,1.1503508158640787,1.1028326912000581,1.1914382654927314,1.2070470542323648,1.0441624427378557,1.0388770242782523,1.2228583788534475,1.0848564943961736,1.2602972181353544,1.2829400904958497,1.0883355263168448,1.0622455964640776,1.150749174819356,1.115986040088523,1.0543141052036271,1.102729269001652,1.0489719165929399,1.2008608479368497,1.2000796705172052,1.245858835400571,1.0703833514168932,1.0346762708175312,1.1057853560413204,1.0415749327828985,1.0109357907807266,1.0947030473561106,1.331071381441602,1.317233167907057,1.1201478843314645,1.1687532032436894,1.2639127667462635,1.1459513492101252,1.3627338932924118
Feb 1998,1.2695008663465794,1.1115304987832224,1.1671838878207523,1.1056001794365324,1.2045043077390776,1.2079888596224713,1.0391355984138566,1.0570549819922164,1.231190934004336,1.0887109299198052,1.265466798043411,1.2904879447086497,1.1020557194124543,1.0902908139297438,1.1550195759001884,1.1078978246927376,1.0627769890772834,1.1264310611747124,1.065427134981047,1.2050747217141629,1.2007494833534667,1.2533434000557746,1.078146949048877,1.0384629198143835,1.1030443560417829,1.0623147126896886,1.0041193968355053,1.1003861990687982,1.3198320815566829,1.3251884126843134,1.131463448996222,1.1822511349613138,1.2830168994115239,1.1540056370149085,1.385385941801214
Mar 1998,1.2637420716281769,1.1093729369432401,1.1693947528094624,1.1075911429114735,1.2161452778904371,1.211326221954741,1.04269899952138,1.065999304552884,1.2442932025217843,1.0915680993147383,1.2743709111320904,1.301940901378335,1.0929075266197315,1.0830858320207328,1.1560761024208044,1.1352896204391283,1.061137435083983,1.1295583567179683,1.0644783692461972,1.2126984334851132,1.2204659814205303,1.2695352292908322,1.0766654858769258,1.029204682131891,1.1050486220779425,1.055407391990016,1.022546799509317,1.1010756300786273,1.360745990842405,1.3524628981831328,1.1269594758692767,1.213604975648883,1.2898991172098808,1.1705104720869615,1.4103774233139599
Apr 1998,1.279490331914043,1.1116869338845048,1.1787209846784168,1.114642808607777,1.2350536843986157,1.224955598793836,1.0522244741046647,1.0606776756483247,1.258089875828721,1.093813747262354,1.290760826091436,1.3273978497508943,1.112222927674118,1.0777391546291477,1.1695805658661587,1.1343667470878758,1.0666402355092621,1.134364911735179,1.0566376525896874,1.22857423540265,1.2256573222742888,1.2731957010042447,1.0887431378255705,1.0445994910032006,1.1143188028270654,1.0569697586514335,1.0221485333463933,1.1060313137674538,1.3764613338295182,1.3553937942131924,1.134862224281951,1.2059006059921815,1.3046753120012713,1.1815288732903877,1.4099093903243973
May 1998,1.2955700587629082,1.1280802953086058,1.1869837464967092,1.124362323145327,1.235698535104155,1.2405668621522417,1.0508489866237152,1.0642293933142537,1.271155608568899,1.0939218263718749,1.3056972606642971,1.3415924181755798,1.1198455786080597,1.0889893041600536,1.1776970025230002,1.14434814151,1.0781509267264648,1.1431679455620547,1.0602138908097334,1.2409625286414647,1.2361947761495788,1.2999749392275721,1.0949760519552083,1.043753268293543,1.1230106399527935,1.0579743413870641,1.0334478868134775,1.1110452883567006,1.408135687467723,1.3779525444769225,1.1490721496758949,1.2079076130742836,1.3242236247177346,1.1971344900063872,1.4329035463238493
Jun 1998,1.3096422079308645,1.1361020929109162,1.20289932945933,1.1276128934553709,1.2538838233814074,1.2432680583067002,1.0691555814255285,1.0709012380855316,1.2752835423972995,1.1051911360849278,1.3240442322001913,1.3544630636409,1.1331461778734617,1.0956317087245138,1.192720549615095,1.1411950770492447,1.0883838093563796,1.1551471305398082,1.0720069633739084,1.2564942051138561,1.252864416528171,1.3075773349108157,1.095414100484624,1.0474741933011518,1.1220573184256388,1.0723147475947525,1.0342549537119876,1.1138075139961585,1.4323703468486888,1.4009839612789645,1.1478769859499176,1.2360056351895254,1.3346129300604457,1.1963089073255189,1.4301270797437737
Jul 1998,1.3211066393937358,1.14321331207172,1.1995980875990975,1.1350435549116167,1.256041495216922,1.2592171567996187,1.0565632910174743,1.077140849064042,1.2858157898351263,1.1061998493709428,1.3284046315295752,1.3591735439619392,1.1200528821121574,1.0922305244434947,1.197215755516868,1.1464010460789436,1.0879944147121607,1.1506995375227385,1.0610186486693078,1.2590495807136457,1.2537312325947594,1.3152796177472101,1.1020138802555433,1.0447842634649867,1.139133619489459,1.0670179051580515,1.0260663064064572,1.1264379755686924,1.4134391983699837,1.4193774799628525,1.1687466214556632,1.2429893282047995,1.343622084982841,1.2051924342551759,1.464937196631752
Aug 1998,1.3299509806295633,1.1359835297011154,1.2156312245822802,1.1538556827546207,1.2747364321689152,1.266352253351256,1.0509797760541302,1.0767047100867275,1.2958145693839354,1.105097362887536,1.3401378091156073,1.3759115943073341,1.1288996194385623,1.0895556876750678,1.2062065645755615,1.1498325949521548,1.0826763937267239,1.161623449619279,1.066031566544906,1.2665814969136189,1.2661839271029696,1.330308249797653,1.1044195137522737,1.0415829561794492,1.13522793149877,1.0674364660645606,1.0238614962841346,1.1193886889352065,1.4427577548565185,1.4371336496613583,1.1727195682264155,1.255961117944287,1.3549723413447423,1.2125168530104564,1.4660917700687124
Sep 1998,1.335633073596079,1.1485008642445702,1.2207432513390424,1.134229154609873,1.275042502838253,1.2808830300824143,1.058653586280132,1.0854015899220484,1.2980852331763122,1.1132014815538107,1.3508783431480282,1.3779750823385994,1.1334568170523402,1.1047330218755254,1.218894847937443,1.1539558063035806,1.0890875593624623,1.1644758108748254,1.072090545508152,1.282931112013457,1.2779412317377992,1.33306828358293,1.1161531145542616,1.0496006306350607,1.1417875950395264,1.0928788887296215,1.0291354156364145,1.1253243513441353,1.4499967883712732,1.4272002387189904,1.166414929605879,1.2651828287637201,1.355091022537065,1.2219558710178762,1.4874834014608675
Oct 1998,1.3397877135566683,1.1623327203936011,1.2288210063063985,1.1416662468837564,1.2854334412446684,1.2820186429710034,1.0629986666662867,1.0854084007542735,1.3080633271824824,1.1178487589126658,1.3460313710127132,1.399722113014526,1.1418502947619755,1.1147934547665168,1.2196808340107643,1.1680397670008125,1.0939842026380324,1.1713930008820346,1.0914853899580779,1.2774775478609943,1.2783159103809902,1.3477541330524878,1.1130265509339856,1.0556060976556425,1.1371887821421145,1.0783823620859612,1.032167269168707,1.1409863136227585,1.449535128252811,1.4349212040409536,1.1793318778690736,1.2645554864250312,1.360833143248016,1.2286193585978142,1.4749088231684635
Nov 1998,1.3491950515188524,1.1552128375657655,1.2283787262066217,1.151876195270392,1.2907881361679197,1.2861696308747859,1.0711352699474712,1.0909889925576313,1.3154109274066617,1.1250964936041046,1.3669602893887025,1.4034726192153464,1.146716873876046,1.118181825708244,1.2229690027700748,1.1730397241176551,1.0996635158331347,1.1744897309379791,1.088248305386439,1.2805155787706435,1.2866755674471662,1.3522188566592526,1.125880654539586,1.061430570950989,1.159058703277785,1.0764483485281096,1.0261614177121363,1.1449983200152287,1.4468361202858946,1.440826944526642,1.1806839138819671,1.2536172160919807,1.374979097908247,1.2307917685576082,1.4667527200630837
Dec 1998,1.3645791120522779,1.1651618601824973,1.2378415163688807,1.1632216494032228,1.3057706319495843,1.2887956519245294,1.0736636122750385,1.095670128618788,1.3222339683846787,1.1337974692166093,1.3706937657686078,1.3995745325839384,1.1440609568718594,1.1237990977138386,1.2382173627172266,1.1768824844847376,1.1066188756499615,1.1849989028587977,1.079182265844541,1.3042602540967179,1.294008926440358,1.3680105896017754,1.1304609982174165,1.0661587845092957,1.147961438668129,1.082227572142886,1.0440994871237184,1.1576437852826962,1.4608000431879096,1.4635581626733558,1.1882668580470706,1.263498391102987,1.3852738823424902,1.2363026883534618,1.4889907410683552
Jan 1999,1.3590428142725852,1.1533127646884822,1.2350703590052265,1.16496455540975,1.3027449117032062,1.286458316139761,1.0755027864882916,1.0867653044410792,1.3184521174910293,1.134598304915932,1.3558781204847457,1.3998945695511755,1.1678636402242675,1.1165963463721955,1.2343170849154066,1.1710732262171153,1.107026342243716,1.185322060435719,1.082584863134604,1.2951507499442672,1.296545991911335,1.3611423757778796,1.1221426765658242,1.0583042421536215,1.1544181231989494,1.0888482422832007,1.0200955701036045,1.1418606720828635,1.4658277945727622,1.443333866795653,1.1894306165462967,1.280806887173708,1.3811487566707226,1.2328938715138664,1.4613230292402006
Feb 1999,1.3610624098679178,1.1826498781748325,1.247427674928001,1.1637135638868117,1.307154555723028,1.285956740029548,1.0755066625286236,1.0888298744992881,1.3318555889290653,1.141451771978318,1.3674495134301063,1.4094971516596881,1.1438189457307042,1.113455424386329,1.2393774244620435,1.175101642909813,1.1041253678312166,1.1930236550962998,1.0925220121319135,1.290427202750083,1.3078926846865278,1.359076408620172,1.1295514382418614,1.059084148314287,1.1478936488995426,1.0880214266706885,1.0360865269019996,1.1440690999672487,1.4817375497806335,1.4608650103456298,1.193841034586178,1.287337596774367,1.3863856230020344,1.2419749409031,1.4963319375264543
Mar 1999,1.3695834853901363,1.1763477678301613,1.2525840832244581,1.1711117498124535,1.3187581866077611,1.3065826707473274,1.0803262822618482,1.0991309831820595,1.3340282206592664,1.1407507490294573,1.3822744259538797,1.4319662969613816,1.1554375780621535,1.1243351037727756,1.2397299287151313,1.1908178313525688,1.1017745528148797,1.2041917661885684,1.095808446464847,1.32203865742949,1.2991338916794413,1.3681633299971145,1.1404789040982508,1.056509576998925,1.1669689125294935,1.0920574851938087,1.03946973219313,1.149117838828426,1.4915065417096305,1.480462079140691,1.2040164041273596,1.3021769830973178,1.4008836432546174,1.2565846252496486,1.5040760439465473
Apr 1999,1.3871680673396691,1.1845802029496593,1.2714239596406078,1.176365298693522,1.335988828922912,1.3217839080190361,1.0881711689654778,1.0989938689353838,1.3547893528052843,1.1503832814997212,1.3985954566213328,1.4487030647000783,1.1528928452482623,1.1436037713900282,1.2581347717617872,1.2011218654371956,1.1162241202354586,1.219743203744045,1.1001936445645317,1.3170928972420315,1.3222692935201736,1.3847000173115145,1.1420869581105182,1.063879884963876,1.1630342356599654,1.1005551362890207,1.0494043463808045,1.1570080613307756,1.514812720424601,1.4842089541669277,1.2110026717870497,1.2920712251770288,1.4142619752242895,1.2711985348659507,1.5170614193368195
May 1999,1.4056335709340626,1.1962666397441661,1.2773894176991418,1.1853571982782563,1.3468921165854821,1.3467161612624732,1.0892533557466946,1.1167611683766727,1.3654075063886753,1.1589309695501604,1.4162942691608984,1.4608672057509666,1.1818463604121952,1.1441816081822977,1.271616702283818,1.1982100950358092,1.1259096227576322,1.2227423707944343,1.1205099100308629,1.3367156491969443,1.3301606930597067,1.405887395137915,1.1601033817920123,1.0658039952059988,1.1799065461440892,1.0947979800111487,1.0365409177653269,1.174860883301366,1.5306290769455548,1.5224734696800202,1.2215096081491363,1.3146450479817764,1.4372916493135621,1.2783328170987107,1.5502881822336838
Jun 1999,1.4292260828672885,1.2051367147793894,1.295087589616583,1.191069720753123,1.3701176026902027,1.3563733480497948,1.0872923049644634,1.1146576595289093,1.3799714280602402,1.172657343590492,1.439866073919043,1.4949287158411408,1.1804251642926182,1.153257237098709,1.2904696714571486,1.2065831229935309,1.1227914597311028,1.2368417797053888,1.114891428545986,1.3491426268350086,1.3533596675612165,1.4310226580096579,1.1635686065311137,1.069633327707496,1.1919133567733582,1.1074053603618579,1.0546105077791434,1.1843868511453621,1.5747260215930974,1.549307761636528,1.2364357681134948,1.3170040463551052,1.455354504148452,1.2896539764002912,1.5889799454027371
Jul 1999,1.4440738544966578,1.2108146137369264,1.3009531838893815,1.2064817781941206,1.3851001730272776,1.3732192895401454,1.1036483972289832,1.113778891318292,1.3966558183865996,1.1692056722833424,1.4569796002674689,1.5159136147572825,1.1811889937538398,1.1476070496832371,1.2991168596462659,1.2128149287898329,1.13385855063677,1.2477319339738822,1.1163558791144026,1.3575046098374275,1.3700824741368283,1.44417519346454,1.1614801787852465,1.081255178572183,1.1880721760031436,1.120427873254337,1.0416562113312626,1.2033640277337578,1.6086943505368259,1.561911814371448,1.253060927081438,1.3402586013742714,1.48013182074157,1.2980725764749925,1.613147682258986
Aug 1999,1.4598668057242206,1.2243114433101212,1.333102190885258,1.2104807140498148,1.4165232563184522,1.3992149962176954,1.116704054145975,1.1268967489736545,1.4229310274240008,1.184693330490767,1.484399775256443,1.5445684725105004,1.2016314365307117,1.1586791768324038,1.3148402514221262,1.2374218425607844,1.1460316112796978,1.26762627880592,1.132895622331811,1.3817309776606286,1.3897995496358866,1.4665015427302184,1.1755079397420602,1.0825499008425574,1.219236548630528,1.129123704956291,1.0550682001382832,1.1995215230244738,1.634806801584785,1.6020644582097294,1.261475273383103,1.3462702578982744,1.5062914849595344,1.312415633695774,1.652308643577269
Sep 1999,1.4988841679658893,1.227948536850786,1.334073469121551,1.218239710364406,1.4366903653844179,1.4214784692458657,1.1006470300399993,1.1380285539223307,1.4448391220303736,1.1931688177305448,1.5100262857496862,1.5745093085493278,1.2103947376249864,1.1691605864301613,1.3288093155370455,1.2476545217879202,1.1413041658144563,1.2704206429347698,1.137198934973333,1.407163121473326,1.403949525920233,1.4873399873592426,1.1884500007525753,1.089746427324122,1.2232833090859905,1.1310126334011559,1.0554313568844724,1.2127703835671202,1.665913254402102,1.6334404056551886,1.2737153151920857,1.3761229995965198,1.5345596249503728,1.3239690225734098,1.6730477216290798
Oct 1999,1.5165000581628467,1.2477162985896397,1.3513737558227565,1.2298822793419848,1.462688770832023,1.4475233352400227,1.1182382312485386,1.1416954334898484,1.472932191072521,1.1990619337118185,1.5404900940769028,1.6029692157607804,1.2076185582423717,1.1688613579943183,1.3495066933105895,1.2659887029496817,1.1532690245467698,1.2758658179013178,1.146232018074968,1.4267376718704963,1.42452162321809,1.514516656874132,1.1860562334648812,1.088184203908302,1.2327019372689445,1.147332797562224,1.0650367771146334,1.2076019528375006,1.6985042725101107,1.6710707055298875,1.2966945695933476,1.3901658395983791,1.5571448027173396,1.3375424063160697,1.7058281570097835
Nov 1999,1.5408936295250146,1.2604577668692964,1.3668105883639536,1.2399514951398847,1.48993929041686,1.4637458662761744,1.1205154971841993,1.1494860865108432,1.4966766790837873,1.1962965004216846,1.564770955153213,1.6406690208100827,1.2205304424185486,1.1823987747279894,1.369968871402789,1.2815270171362532,1.1560492706245669,1.305927880790367,1.1503727032947872,1.4354225830847707,1.4539187059602672,1.5478222082606765,1.2039158534488998,1.0928169803066947,1.23190918576111,1.1471316908537696,1.0675601280570861,1.2272143362414958,1.7153897359041974,1.7060151339230647,1.3216947750804164,1.4098689265534665,1.585324476725392,1.3552012891493406,1.7593179280053293
Dec 1999,1.5711568751980112,1.271035343332212,1.3864025691534465,1.2538666489911794,1.506174695692941,1.5022794777346153,1.126324099738112,1.1662458876872925,1.5244744991944528,1.2251262632208293,1.5954048047926732,1.6750447480503807,1.2225529782290605,1.1828678933570531,1.3908533141431536,1.289475111535346,1.1653661440161176,1.3144331217897904,1.1646361558998575,1.4715514745143061,1.4810194409111446,1.571825595715223,1.2165516504367686,1.1069802675837899,1.2713377798565388,1.1599453649194589,1.0690521576828829,1.2390550922155188,1.7597778533365662,1.7347786562802106,1.325741026922284,1.4212905446194655,1.6222329766797015,1.3735047679249053,1.7850667472030244
Jan 2000,1.5785709508660277,1.2636672847543833,1.3966070686390908,1.2705463107753525,1.5126158494584228,1.5015910934733248,1.131500050827816,1.1542791390297191,1.530919052821824,1.217020126796958,1.606113454334011,1.6985048652078334,1.2220354366954724,1.1831979715278846,1.4055755251764213,1.3059503352936193,1.1708133103442213,1.3114461214588078,1.1538969000678991,1.4834060296118516,1.4938520062773555,1.5789172049082874,1.2110980846272357,1.1025672716954549,1.2744691321464698,1.1569350311228965,1.0648723911958116,1.2284759357671093,1.780642020460576,1.7352788754958621,1.3357753523726614,1.4285190562796495,1.6303898409569049,1.3755267767862127,1.7845609403498115
Feb 2000,1.6062037627313912,1.2840322289556134,1.4004228964173062,1.26997071637449,1.5318752204791561,1.5205121054013049,1.1354217923038223,1.157702329702813,1.5580460060198746,1.231468010243933,1.6300576380460836,1.7168271663341121,1.2267445463248259,1.1824192487624317,1.4208574318259788,1.292570632318218,1.1731656386132274,1.3371090379599841,1.1744361602489763,1.4895759502351331,1.5046277333255245,1.6062470895153733,1.2269159269414018,1.1028510686514683,1.2772881969981027,1.1404279690731671,1.0677903089775873,1.2467251767516272,1.8024373314993178,1.7747623943210584,1.351334255911257,1.4113718106960877,1.6541922486245657,1.3938572502563593,1.8005454164641492
Mar 2000,1.6311051776160386,1.288751598142959,1.4244635562070622,1.2811639674363686,1.5661253011968146,1.5336214113284257,1.1393509107661,1.1782643775011137,1.5898662946742603,1.2575912882225253,1.656496288069477,1.7458754581724052,1.2293119008789255,1.1962370337845836,1.4430315304450323,1.3146231372795458,1.1841296827099872,1.3369197799337982,1.192815785455033,1.5225827261696645,1.5359020921597786,1.6371577110568643,1.2326093486430862,1.1209861905198857,1.2977075140820695,1.1736448557115677,1.0757017500543853,1.2775503922707854,1.8464689838853172,1.7957646335083326,1.380061271988153,1.4762802010099199,1.686535318923355,1.4168909431231294,1.8446256093469469
Apr 2000,1.6591990575101563,1.3103314087383013,1.4452080759185344,1.2826862536654515,1.595568812416426,1.5769054774984217,1.1506333445038908,1.1860302046642963,1.6200339474682153,1.2453346236669391,1.6913108627882198,1.7927990535031224,1.2444713178490732,1.2037372323017455,1.4730860959631444,1.3259286188963033,1.197120342832571,1.363250801076587,1.1970571469596032,1.549762725461385,1.5625865965593413,1.6710355167376951,1.2416904632586863,1.116741238989022,1.3009696219108513,1.1799128566265784,1.0977801924038042,1.278631902467445,1.883564450507327,1.85476047442554,1.4051283817212488,1.4759352074807628,1.7170626592047715,1.423135894890406,1.8934370672241183
May 2000,1.6860374420351567,1.3263396949530453,1.46069273826191,1.2860411069219562,1.6262912636412798,1.5891819381929073,1.1543275146528535,1.19094292909227,1.641736087975803,1.2583546675671198,1.7140308357909662,1.8224402491284504,1.2473352681111785,1.2172911784658245,1.4914218130544123,1.3332400238267341,1.200457642627261,1.3705281097585575,1.2183997553507746,1.5761972914092068,1.5743366628957345,1.7072223044769352,1.2590110078493275,1.1196256175767072,1.3210080937552533,1.178244213205772,1.1032621568022303,1.2922745385353367,1.9085263159171093,1.867417579970525,1.4408939139767347,1.5116375173111385,1.7443912251495384,1.4482897160917794,1.9224167029994874
Jun 2000,1.711849774012227,1.3503687689778674,1.4858089630595632,1.3119534976353993,1.6464471047209595,1.6169337776068458,1.1772463412564327,1.2061887755405858,1.676680304218496,1.268552523876872,1.7549887387418899,1.8610089663966698,1.2568635439700915,1.2180305785301493,1.512901146368896,1.3525690602446294,1.2175011117379586,1.387341173953907,1.2201071538578756,1.6051831631565046,1.6179371436810548,1.7220265654348148,1.2702999387221068,1.1206211416016312,1.3416335913134205,1.1998172109280314,1.0957877219221819,1.3102052342417332,1.9655942469049106,1.9061024161833804,1.447239279175375,1.5233629808170923,1.7777333985531611,1.4694911551396164,1.944296813377628
Jul 2000,1.7336550086305311,1.3499277869811923,1.4905601676922575,1.3197216874270943,1.6593110344145299,1.6321962037077948,1.164737876221368,1.2175884497466143,1.6853937014268814,1.2856746496152243,1.7626056121931952,1.8657463119178963,1.2795328088642737,1.2184829489914923,1.539360081497919,1.3707324896514774,1.2086894488531117,1.3917325944747791,1.2152076351148065,1.622448455552519,1.6168383258907473,1.746875559736464,1.2798852995394012,1.1352391394832781,1.358671653151296,1.207665873642799,1.096473925814403,1.3051743932022981,1.9780356679884048,1.9023671386171288,1.4532528768637958,1.5640405577678294,1.7917477148723289,1.4876427568636057,1.9623844672983817
Aug 2000,1.7553778592383051,1.3737587562327995,1.5095153983753695,1.3362549526212175,1.685761978308128,1.6492138003935346,1.1719146583094366,1.2393338222654597,1.7114465151274292,1.296734783194515,1.7757750846761136,1.8778158430122056,1.2953135901094066,1.246884570919564,1.5498122352115578,1.3687511500808187,1.2213546773220496,1.4093159096425922,1.2162648541671002,1.6326229360845903,1.6432387111066373,1.7667687371828558,1.2871214239429092,1.1401828492904709,1.3712527938210326,1.1999324459341998,1.109182561311954,1.3460851167947379,1.9788392188388235,1.9146241942771254,1.4629898612307286,1.5944473161496988,1.8127346979635808,1.4975680427646212,1.9855529995515404
Sep 2000,1.7563447892869242,1.371895650346801,1.506967929172708,1.3387183590510194,1.6713436445850065,1.6592106380260316,1.179438427312433,1.2291522286109595,1.719207597786737,1.3012387820122662,1.776674365244221,1.881046321032805,1.3030576933335407,1.239478786864721,1.55557282506897,1.381946704490041,1.2326323015509306,1.4033712069504747,1.2284028624210817,1.6571540434534084,1.6649659761920284,1.7789995841125494,1.3066057460418319,1.1354653889124262,1.3728726530133268,1.2176889406240132,1.1335663825515168,1.3358260275277216,1.9897299469170344,1.9022326623329453,1.487164691372019,1.6059335098410303,1.8081577848053418,1.5231875163311162,1.9502765654212963
Oct 2000,1.756921690931305,1.3761309165225926,1.5271777132009439,1.355998539018464,1.6940275184878635,1.6663338913977284,1.2043830971876623,1.2337168608941003,1.7277530205775746,1.3094358470301874,1.7834579380180555,1.8805623586153302,1.3014094436830246,1.2441401464320045,1.5687008427919056,1.3854122352225897,1.23587511311344,1.4333294531415823,1.2500217699390717,1.6516299010749271,1.6510627634821389,1.7922131006566873,1.3002818803837697,1.1419518189140578,1.3949343628077289,1.2229719381244848,1.12236150007018,1.3528790626416811,1.977927537864144,1.9143885818299675,1.491927520095113,1.611799198104897,1.8131628558315356,1.5122048949895055,1.948066319788937
Nov 2000,1.777613057540183,1.3903337005973593,1.5407075009676294,1.3631429412247982,1.6968096741703362,1.6690682251025788,1.1848338318281273,1.236615474724582,1.7246449550209204,1.302883385586306,1.7951915756510537,1.888935418031056,1.2971304303829816,1.2533202716886351,1.5628982336716548,1.4023198616023027,1.2423761492770982,1.4401816696742544,1.2543634308012024,1.6597497852067837,1.6589684866727272,1.7813357360578048,1.3032678583388209,1.1468874442462338,1.4097503411771024,1.2128186411019395,1.1189496996918946,1.354476424253857,1.9821212781150692,1.9404972539763703,1.5043775565824749,1.584845230008741,1.8067981664682735,1.5272346210658203,1.94364746981956
Dec 2000,1.7869416617838432,1.4038700511964832,1.555894678838976,1.3811593949878784,1.697733899133654,1.6881671816791566,1.2132609193376123,1.2433609591711574,1.7476430796053486,1.33563498673277,1.8082898233248452,1.907675286806494,1.320128284332162,1.2688893846867813,1.5912781064650767,1.4085021165736586,1.2455525445165863,1.4467046319855248,1.277644148811605,1.6895625472528115,1.684194045425154,1.8058433422356617,1.343833718627631,1.1497430897873286,1.3972839742223069,1.2401103163471723,1.1297905066342127,1.3762578880651073,2.021830796249841,1.938049750168863,1.506026026628755,1.5854384829365116,1.8272829640760981,1.54661934912232,1.9723358151502737
Jan 2001,1.775422963884797,1.4011495911537715,1.5338942188616855,1.3563286662477976,1.7028708970040087,1.6723186786981394,1.2074054170820099,1.252120311044595,1.739348777080856,1.307201324401323,1.798296985930571,1.9118604173590572,1.2916641965557978,1.2588629566920715,1.5765558901314913,1.3949778153889731,1.243905194722147,1.454687430121652,1.2692867125857514,1.6730555732087766,1.6753484921088362,1.7932316653289337,1.3134808709777213,1.1376791755342188,1.4068187895810331,1.2145436425409533,1.1237252175504127,1.3751670991782807,2.0372984423838068,1.942281217167577,1.527595851809972,1.5771140596906559,1.8233381832353461,1.5353085197089364,1.9906587992085596
Feb 2001,1.778272093081187,1.4259636387124215,1.5550739851033517,1.378571361009022,1.722641649022817,1.6869364796435997,1.2062747003496397,1.2383904827704495,1.7529889965401102,1.3242235101925168,1.81900697126431,1.904442528565776,1.3061818876360516,1.2715008133762158,1.5998632276284923,1.4223147465053918,1.2421195067185968,1.4587263062827822,1.2710587172500545,1.6808078727901627,1.689093886789957,1.8118227431127905,1.3236780115071618,1.1635514329637466,1.4214859052431923,1.2033715605126691,1.1341919363947226,1.3825914506969874,2.0226854207353777,1.940635599868426,1.529668750922801,1.610157471477518,1.8397611536123382,1.542564779041697,1.9939385157943028
Mar 2001,1.8041580757766111,1.4316015636436277,1.5747566808232794,1.3908744665584116,1.7336955273966406,1.7055178143226675,1.2124727883178688,1.2565445620665252,1.7733316984364669,1.3437238817302706,1.8354508982864068,1.9143584789671173,1.3221169733853395,1.2910467608154117,1.614837981417983,1.4150561783540063,1.2451289918397566,1.484471959852515,1.2741293380980752,1.7105857845145405,1.7042281485148738,1.828259085751314,1.3397969126117486,1.1649356049835942,1.4314329370143968,1.221909442199105,1.1339101060346186,1.3968146881520835,2.075786676006828,1.9770376711879527,1.5433551378978954,1.6265682289597934,1.8511747151385807,1.57683771253709,2.012020882180204
Apr 2001,1.8202553918028361,1.4530797140504441,1.5795818771035153,1.4033763160695316,1.7597598918543782,1.7231261044131818,1.227725445942664,1.272431774349577,1.7931537065930134,1.3485283962553487,1.8600993835187722,1.939266463394995,1.336283073499667,1.2871658446019245,1.6421663521642347,1.44550042947056,1.2548882530168053,1.4911252286805077,1.2986313587125888,1.730384909664093,1.7260249488419914,1.8667046667235674,1.3633202548710193,1.152058957862324,1.45466587593499,1.2606160625411624,1.1457259261831616,1.441927847709119,2.100414387216867,1.9825292025114847,1.5784897603663832,1.6606573509914018,1.8800318229323199,1.5899054060252356,2.0382663579574576
May 2001,1.8551938303897912,1.4637944668252103,1.6130130483518499,1.43751322450587,1.7788918964080285,1.7494003664412228,1.2257462814174243,1.2879232292784653,1.8153029289215672,1.3798830207920902,1.8869941165730046,1.9679591185854965,1.3574223002810133,1.2901107269440475,1.6584173306633834,1.4551050804249221,1.2764189412223836,1.514830965120675,1.3051035903987986,1.75205652110254,1.7498860253018382,1.8887124469040693,1.3775746921941119,1.1866680334156512,1.4762174584849674,1.27098531871874,1.1595453360514412,1.4446488502012906,2.129521312761896,2.021516710774524,1.6039088993001438,1.6895061675787424,1.8987517957217348,1.5985720494357543,2.0859391257711866
Jun 2001,1.8737026789156108,1.4871889106323788,1.6291761693945346,1.4266544855594347,1.8129677378260456,1.7773916710063404,1.2550867353345945,1.295502541490682,1.853236674095815,1.3831770539292332,1.9202784487431963,1.9969704479836055,1.3626214190561114,1.329295531918468,1.69076465351393,1.4986817615413692,1.2847293987129915,1.5246261542150863,1.310863614575719,1.7776823100224945,1.7693894124322758,1.9289881367797146,1.401942229961394,1.1870163618795024,1.4899854899508425,1.2980653549764871,1.1703371457879597,1.4485116354787992,2.1618994389057224,2.0557659757988587,1.6276927396842087,1.7070964285927055,1.9313956826489518,1.6361419261324945,2.10804913834213
Jul 2001,1.883202471658508,1.4943421145231273,1.6318081102310857,1.4396233520036172,1.823783902731075,1.7876169260843489,1.2497641165677962,1.3192559319911181,1.8707607585436157,1.3971557840653956,1.93426818212631,2.0242726058078655,1.3593655656031132,1.3476270456494819,1.7106002882295173,1.5027208306010693,1.30037854077518,1.544648172221908,1.3221216638979538,1.8005619915931699,1.7813606051955448,1.948798442346345,1.4010829322016,1.1839810901021837,1.51831875292271,1.2881671112982231,1.1678163753353956,1.4743709704731462,2.180994352292153,2.0877219711216197,1.661963824734702,1.727961851890256,1.9473808586081685,1.6416075710289542,2.138627312676247
Aug 2001,1.9080536284809797,1.5139216776289555,1.6636237153869922,1.4707309409075928,1.8574377223547576,1.8301992118562036,1.2613531532957947,1.3291221229337,1.8937505588186987,1.413237835605204,1.9614340250800308,2.0443465535924528,1.3830339986034008,1.3389666045689634,1.7495170264485438,1.4998246066482217,1.316334925283677,1.5462696458092764,1.3351982858923495,1.8321597961665428,1.8146191227444444,1.9757113686765144,1.4385663046303272,1.2092530948888371,1.5357293065794901,1.3085354111515992,1.1888435901290553,1.4961661041073326,2.1974383847986467,2.113498662807517,1.698846880791484,1.7693067829520852,1.9781202568625413,1.6600024560434161,2.150043955812329
Sep 2001,1.9368488971694526,1.5273425007872,1.677893943360699,1.4724244179339345,1.883480035451108,1.8473176497299149,1.2626022639933887,1.3427161487828523,1.9151591304097433,1.4168383320102333,1.9742667765005106,2.075587312760563,1.3824439790940695,1.33954247438741,1.7737336194223459,1.545710053481172,1.3237555057159136,1.5555030272621506,1.3593417253276139,1.8538593895067366,1.836847461401847,2.0262433190112574,1.4483903770453135,1.2236435439006828,1.558490730621353,1.324810846257984,1.1943793224597328,1.5025234168773525,2.235610485312257,2.1310413285338208,1.7229916643016323,1.7666370443221826,1.9932046943584931,1.6829917864904083,2.1885523328207976
Oct 2001,1.9498238726752546,1.5466230232268916,1.6821999698909094,1.4968364754975445,1.8992876436767103,1.869255327522738,1.2832272494261554,1.357549612359021,1.9343335313382266,1.434141947860376,2.0011184414820526,2.095329107690029,1.3960233127028925,1.3657914401747195,1.7869529954407497,1.5358518915129247,1.3242341911733655,1.5869340755528545,1.355936633792747,1.8768588856216022,1.8618580103760707,2.020120342118774,1.4557872860865415,1.2090490567341379,1.574231614337377,1.3280057315481262,1.2193995038022356,1.519042882796215,2.2474304413614843,2.156702837184408,1.7265965300337418,1.8244557461310797,2.0140384039050745,1.7090224017507953,2.1740605327703455
Nov 2001,1.9656830024835314,1.5630251167647946,1.7165888865564334,1.5022742108380465,1.904512891887216,1.8925337195539707,1.2904003517640368,1.3562818298846862,1.958567787849389,1.4408773173326619,2.014795973490375,2.1196622335443513,1.3824599836899338,1.387457686383861,1.8155318443343234,1.5540770848768148,1.3385481308101377,1.608488290633892,1.3740259981498952,1.895938291241056,1.8646921095438753,2.0562950798692685,1.4726080303504492,1.2219458269963595,1.5993296309212275,1.3284180384945488,1.2264837771997736,1.5555531025176406,2.262380002795105,2.160795768453862,1.7425895120807435,1.837519511802455,2.034651055070859,1.7130939563582834,2.186009299702274
Dec 2001,2.012040596106086,1.5815815563803612,1.7208409803017906,1.5266395303768594,1.927121847954751,1.9052418411436094,1.3009606548254757,1.3771956602314102,1.976789434995181,1.4697313113518307,2.0467163666047177,2.145799730014596,1.4336098321178081,1.4103994401137483,1.8421728505147483,1.5871928872529133,1.345353026618591,1.6240318225093937,1.4033691967321094,1.9356035341631666,1.8983903209875204,2.101761825246961,1.5046642300765183,1.241287587134426,1.6405628838841948,1.366895614640883,1.2590359065105985,1.563074426693064,2.302470146051361,2.1950680737277155,1.7754408408811861,1.8778909438667355,2.0523609034790535,1.7611665501811984,2.2107988020554847
Jan 2002,1.9864316070075927,1.5777028436684064,1.7223377618248115,1.51156268587815,1.93313192373627,1.9181730960517482,1.3052746711022516,1.3774483645134483,1.9839994462764334,1.4721924806999804,2.035605167555718,2.151636670129167,1.4326038033993345,1.3996679765183726,1.8386648731619109,1.5718653579933146,1.3507819142935067,1.6191106631029282,1.3878571668943092,1.9207082181393622,1.894627472655472,2.08264266000971,1.4861154909112386,1.2343288259513514,1.619606010566319,1.3686104835624673,1.2488244024395851,1.5538037957146154,2.286025655638647,2.1872889858587654,1.7836352179569106,1.8775611502310086,2.0523572144060784,1.7404606109583651,2.181757570503031
Feb 2002,2.0152712499664442,1.5873005879359907,1.739980817012695,1.5308317246244474,1.948613836378398,1.9451805770630393,1.3172271774196842,1.389542556419777,2.0028903723981637,1.466619512393081,2.046020859419928,2.150993553094175,1.4577159400989457,1.4238684111247473,1.8450521491816188,1.606923494709794,1.3581280836082175,1.6416125302044977,1.405581404925058,1.946494518832952,1.913271958909186,2.096913241703141,1.5052578918584152,1.249372685158781,1.6306896936900432,1.352030536333397,1.242145727981554,1.5882024264036674,2.2997647808790704,2.200834901493377,1.794542693263881,1.9030983097260057,2.059990151767405,1.7752262488330728,2.2229851934031237
Mar 2002,2.0489637264267104,1.6165744892138458,1.764460303337848,1.546229921722755,1.9911369437822408,1.960269301684762,1.3328306152946137,1.40908621748506,2.027788550438568,1.4879676915819424,2.0775432728679126,2.1691459082154427,1.4609098661250643,1.436166210732619,1.891104910646781,1.6405877764758385,1.367633055760732,1.6683613638833092,1.4353454815057556,1.978519687142154,1.9392673636315942,2.1420336554024875,1.568624443980626,1.2659134388978188,1.6660446838269247,1.401240116204497,1.2722703057177098,1.6334900856608743,2.346017195621721,2.2377715427899467,1.841927903592495,1.9461640579526693,2.10036630539201,1.7950940248259661,2.220315736003254
Apr 2002,2.0737316210663623,1.6522651896344438,1.8020935235543938,1.583378798277129,2.0128661298518344,2.0025037511938337,1.3440900809856635,1.426090786229549,2.0615985491906956,1.519916777121455,2.1058478036900263,2.2141169730627244,1.4888019430588306,1.4669017303236567,1.9399646181963457,1.6444564129293426,1.3882623535521845,1.6780262528959953,1.4251240690572888,2.0161739120672015,1.9760850413454003,2.1692602229630404,1.58839020099271,1.2882162452052117,1.69720380413841,1.416496048353757,1.2974153081537991,1.6549194963978828,2.361368583276773,2.2709792756403355,1.864133902820639,1.9862512555769045,2.120154788524089,1.8315513587758483,2.2915889074969016
May 2002,2.126305010503729,1.6788069035423547,1.8286793291627406,1.6190935593700733,2.059413372771797,2.0486893109819766,1.3919044499793578,1.4635027316780203,2.1045468131424934,1.559024405497374,2.1479902346478363,2.244905271818617,1.516913959901945,1.5265833468439969,1.9701064648262159,1.6823656893152692,1.418710992238541,1.7295388796801114,1.4788107562444792,2.058312527927067,2.017025969071844,2.2164334653088527,1.6216635270005741,1.3163061302959438,1.7711853921561458,1.4437501347146602,1.3602009531035106,1.6895154110524926,2.4075324878686923,2.3113250027271466,1.9248124633305745,2.0583434242674947,2.162272851150058,1.8750736855733827,2.307551985360508
Jun 2002,2.1747124124756483,1.7322316690703374,1.8898871604144016,1.6591127184719816,2.119544121636085,2.1103167933379336,1.4184288975083152,1.5233907877636155,2.1621700166882936,1.5945455816513108,2.1993238905231935,2.3023454694622645,1.5213269669935812,1.557831972269697,2.0252316087566347,1.7561244722840337,1.4543235427822598,1.7784812511957468,1.5030172165682423,2.1193919829253423,2.07053650195925,2.2889726927876843,1.6727905166279418,1.3506342879965934,1.806110658987898,1.5276989084079973,1.3765375166980809,1.767561109831894,2.4829336978055,2.353756217270962,1.980513783406603,2.165681528488512,2.2111024954858953,1.9260370078002285,2.3650061379660845
Jul 2002,2.2109649686068362,1.7478872567218697,1.9091178878411883,1.694859238688781,2.1591379515806155,2.14936287107417,1.4394345326330955,1.5302292685293637,2.1928847078067646,1.5924511319899133,2.2231490996721104,2.3280816064074665,1.574335140020162,1.575549232101206,2.0693572336439923,1.7659032811469877,1.4915134229276932,1.7903739206648357,1.5334621445373235,2.1693774612762873,2.110676140083407,2.3113764874150755,1.712728295802376,1.3662451878807529,1.836714958462084,1.521269212201939,1.4124592349843803,1.7883091790319736,2.4901135373098326,2.3972592371954557,2.022362030389825,2.174301755803473,2.2405798724940627,1.9551987399588562,2.3906969862139356
Aug 2002,2.2600836636667854,1.7968473574037498,1.9548530556118813,1.7307924756196371,2.2161585449612566,2.202886410023356,1.4794224404043694,1.577415897903011,2.2454583399478083,1.632497348216258,2.2798186592987646,2.3869933579028775,1.583027078867634,1.6276595683789765,2.117145046231239,1.8458564039859704,1.5196637348328434,1.8347440901203826,1.5425679625224389,2.212699607647711,2.15597804665901,2.371399891510206,1.7567511796364175,1.387475576099558,1.8835277669553347,1.5507143200605384,1.4373458613752839,1.8798786026355934,2.533588416219735,2.450760437395379,2.109711047945921,2.253902109450005,2.2714875106845795,2.0052348299706986,2.4424868923694065
Sep 2002,2.311148740641298,1.8376481767314161,1.9926139289668519,1.767509108071734,2.2643978797587563,2.2448555937885732,1.4770134571650775,1.5898038358397744,2.2873197802590823,1.6652408924592428,2.306760002865115,2.421181749589438,1.6003401820275835,1.679631197562752,2.1546279240927575,1.8465961923062506,1.5207773094087365,1.8567634041361734,1.57415476375655,2.2560602585189122,2.1994905235501494,2.428702005836545,1.8106661964423016,1.410410514051031,1.9325414239488727,1.588350032764087,1.4583789718250113,1.900161453761976,2.581723891193404,2.4614531846949643,2.1424600670037344,2.32366244390717,2.3084095851000415,2.0571447734574315,2.42134663789606
Oct 2002,2.3614700311558106,1.866964171755186,2.027926700753048,1.7891830215341267,2.286030241006276,2.291532856101987,1.5107629958505162,1.61026845228526,2.3114399794317118,1.6766333321389861,2.344871897461817,2.4560396753069376,1.6238118914737902,1.6893603196353046,2.1741656634296125,1.856033620053928,1.56420479490575,1.8843032041243701,1.5947528245400593,2.301681802674789,2.2404225567768217,2.469090572593648,1.8331716203699564,1.447418949434334,1.9395896831278938,1.6003464179903704,1.4810785669677307,1.9422086203181064,2.5896511550844257,2.4865958587157313,2.176027131622802,2.338872564205123,2.3392284438036874,2.0809148232382477,2.4719677306583443
Nov 2002,2.3996243037771494,1.9055743456029335,2.0689051088187203,1.8437657317780487,2.326110995798938,2.350350072449214,1.5340164084412455,1.6604441082538361,2.3576136642349614,1.6928083931482674,2.381163629037267,2.50004688123663,1.6741453914987268,1.7376292238946083,2.210222050376118,1.9222001500847798,1.6025374689091139,1.9212480562218681,1.6213801705657866,2.3382246186375673,2.2701981989678663,2.4983831740461553,1.8861242142467642,1.4849608950853228,1.9739777243824694,1.6398604910386851,1.5441289790925568,1.984143443932508,2.6197848512015454,2.5404733989932344,2.2106898746349444,2.436181789935927,2.370974069510989,2.133588228519554,2.4668865716709587
Dec 2002,2.444961871634191,1.9444519255757948,2.090436492869478,1.8842451881979818,2.366721818110986,2.369605585243932,1.583125350406571,1.7018760466836662,2.39645933758953,1.728072193762755,2.4291123031252115,2.5388350057415567,1.6810200006315905,1.7983936203090944,2.2534982604191276,1.965351929244634,1.6171923515623645,1.9445101474514845,1.7134054848329403,2.3862901896673945,2.3158631552987607,2.5604038203752784,1.9183876215302602,1.4957157482908678,2.0203877186486334,1.675194598372639,1.5814581069029392,2.01871487606894,2.6640431146777135,2.5729918812071815,2.253221406938896,2.507348885828574,2.397717510055793,2.1748679343541366,2.462776848429816
Jan 2003,2.4690269501644124,1.9603800751896878,2.121005729973082,1.8670784527639315,2.362590590737114,2.397912726918416,1.569681471999757,1.6739020124572757,2.399702067994292,1.730053917528349,2.441196120313144,2.5667379443816842,1.704612286313442,1.7632003836909858,2.249864456040024,1.962754992780127,1.6342733955430853,1.9524335757075653,1.6653958215217877,2.395930040633665,2.3272679383825077,2.546377429599559,1.9348002407474783,1.509128300020585,2.0257024067325013,1.7037369707972916,1.5735062011874945,2.0407478722781622,2.6655074143096975,2.5900466793239736,2.260498963091509,2.4726809181843805,2.408819365196227,2.1768607134236966,2.4753633766451886
Feb 2003,2.47269704708575,1.9788726055201304,2.1394207838512767,1.893557878203706,2.3908861609395196,2.4256529528524435,1.600627826945713,1.7106064060701156,2.4512758137053163,1.769787570195246,2.441852423271155,2.573100561342348,1.7483746005487497,1.7771689496364467,2.2874950457916814,1.9962548159944387,1.661246153736358,1.9926620251849443,1.6897469888760355,2.446943540806229,2.362741274665262,2.6024786642206283,1.9799998577820301,1.5207687643964773,2.048036958259407,1.7251716290264454,1.6059032504594475,2.0805459970870777,2.6633773521151114,2.619081410235634,2.2898766407923024,2.4794619763122707,2.427820558443714,2.207741952384002,2.469993806005404
Mar 2003,2.4986840251917823,2.0123689397701296,2.1639840871130733,1.934589422514103,2.406756355286259,2.4421277102025023,1.6206647104409564,1.7535582026884784,2.4547323766756257,1.7684606883129181,2.472401523606811,2.602422699689628,1.7688902537322946,1.8562051326421007,2.3095897827727376,2.027544194785938,1.6784514724889505,2.023887484822798,1.710219898676188,2.4790071222716423,2.378274043538209,2.610038742841635,1.9902811190284233,1.563252871938169,2.0983107761206323,1.7570915638028708,1.6052032163229177,2.082870656331016,2.692604031656026,2.633178124508958,2.309687885512132,2.557111306032663,2.4431245901433907,2.2288665609714573,2.4449994989789015
Apr 2003,2.5107346763492067,2.03704579460308,2.1674418804012476,1.9777599758147717,2.4327814159100236,2.463579621118579,1.6567648148705156,1.7840980261736827,2.4736672082229814,1.8089076771676613,2.4951638199555037,2.58999932565769,1.7943081203284106,1.9164676154088236,2.3153533675250033,2.04568884676067,1.7244377254743548,2.044021123889199,1.7768593666415538,2.477888985730782,2.4006242369317428,2.636997816369778,2.0359505289399022,1.5923297194546666,2.0944460222905326,1.8146112177925942,1.6485909247067145,2.139030492017519,2.7054280620846245,2.6165511837727897,2.3469624890299006,2.5697221574956397,2.4508515335241725,2.268270685473389,2.4808883113984876
May 2003,2.5262301188898086,2.0688535507256107,2.2127235255973234,1.9809789951017132,2.442181443206753,2.4907953996907573,1.679425516645979,1.8218620754084593,2.4793009022510346,1.8468170748044737,2.507887555895644,2.6408452872602535,1.8496091534978678,1.9554849776494747,2.3504602955124922,2.0919749204533242,1.7516139407220896,2.0822404693791983,1.788179790939391,2.5216717234439208,2.4363670232301944,2.6559350446980647,2.063749351014684,1.650592477930986,2.1561645576834314,1.8356023018294332,1.694557860647942,2.1945829585559937,2.747514748604871,2.6457875158309965,2.364377520666671,2.6289340439178095,2.469286974043442,2.3012546225076647,2.484633129388714
Jun 2003,2.543967469727523,2.1188587315663914,2.2527011294696373,2.026644342700361,2.4825566894067266,2.525336319792529,1.716181514734391,1.8739860329317646,2.517084345076592,1.8993549929410705,2.5287435517725627,2.625395491967974,1.8596852974542475,2.016211638626363,2.3844902790351257,2.128562115438434,1.7963448424986292,2.094631855862022,1.8325183155640192,2.525722188805353,2.468645680384933,2.6612876092001416,2.097732417244785,1.6666227135371499,2.1875352355466373,1.8734031009943732,1.7601859006081233,2.2035616960380104,2.714791509880329,2.6762705879801145,2.3985841853431746,2.6576465461671948,2.4884082301961055,2.3538482830692264,2.465276140348208
Jul 2003,2.548774580698952,2.1207911106571853,2.2554011927760564,2.0411602467786905,2.463688419445596,2.5321150293698156,1.7243406396925114,1.8765684624786914,2.492084344545315,1.9160243744507353,2.530888723122051,2.6299531454093517,1.8964637927015877,2.0211067594297596,2.3799825245466253,2.1680355413833485,1.8152872024272915,2.1357765729408986,1.8323036229504057,2.530328816385503,2.4635270960437916,2.6653667896514714,2.1267201482770877,1.710273643450831,2.2074921204705524,1.8996293960583301,1.7743977133009834,2.250582969281519,2.7302980257860927,2.6563260378539253,2.421574177531329,2.6746111030491684,2.487271746876553,2.342757760313561,2.4744032337575184
Aug 2003,2.5637013325534967,2.149025290230663,2.2913152191669193,2.0741722273633436,2.4750077256332106,2.547341604407639,1.8063865685484577,1.9231488768466467,2.5173990099371104,1.9400603381687949,2.5242647874133772,2.6412396371480376,1.9625336413216075,2.106155018245196,2.389639127295861,2.183781679908274,1.8661948953269334,2.1496562718080425,1.905111767785091,2.5285893185686934,2.4795332083833768,2.6658473116252197,2.1582033491773998,1.7360802549930305,2.2302462620473764,1.9270225162916543,1.7884426617160376,2.2689757684659497,2.7180306129780423,2.6710496670773565,2.4392862296875726,2.717311744676516,2.4894360762738827,2.3870428835891953,2.4836198229830315
Sep 2003,2.560598777657681,2.168507031616912,2.2971063432876133,2.099697685939455,2.497639004438291,2.5510308388315157,1.786799512894343,1.9305589154626903,2.5189300363157465,1.983848458852246,2.531430809003964,2.652790418736883,2.005128104659124,2.093680220140829,2.41506797680823,2.1821575306147283,1.9029877276203329,2.1859144624873017,1.9353596322313757,2.550915953425867,2.4946110080337784,2.6925436226689583,2.181658713358905,1.7588720355682594,2.2522067495701337,1.9394294619695418,1.8230498757022287,2.2687734581789294,2.735163532070873,2.677946176468076,2.447253906898242,2.740230297778147,2.499769463580191,2.3947099298079406,2.486945944668712
Oct 2003,2.5782712573628372,2.20423258890209,2.3283890360473056,2.138442338836325,2.516662097558908,2.587831703265326,1.8340020970029796,1.9679285963359736,2.54433850361068,1.9995306447813455,2.542427823972703,2.670726135075757,2.010661398023404,2.115177546188871,2.43085691485676,2.198273442758879,1.922685736525661,2.19068839835468,1.9590104067187981,2.563524603753215,2.5170825055203805,2.723971489020715,2.20215359978196,1.8236175104131056,2.2957238190861706,1.9910532949521522,1.8533411867695717,2.309365275207486,2.73420428506084,2.701988216028505,2.467049902145883,2.782235860512839,2.514805345462181,2.4012976980216765,2.4862472297922236
Nov 2003,2.60369659835546,2.2176648336651827,2.355124406232387,2.1730737433670657,2.532822536795464,2.608832204191895,1.857112173003888,2.011838136133393,2.570143920590368,2.0287699782611885,2.5795656900958153,2.68571272536662,2.0429397051679543,2.1554577505537953,2.4682974695888427,2.2638062037485764,1.98581645085298,2.2513119061451574,2.0214792972876006,2.6161209822603646,2.5381556423957066,2.748382155734441,2.2352472877037353,1.8433347574331351,2.3141596024715616,2.0474126300752986,1.8591544111918934,2.3355317910403546,2.780997909464709,2.7194685435887864,2.525890844710062,2.807038765703649,2.5355630390888617,2.4386829957784837,2.510043383518621
Dec 2003,2.6307244118097484,2.2775758198193485,2.4023065920984363,2.228459614527447,2.570187243191474,2.658617135205899,1.9202610742878907,2.0446692046830726,2.5995399803226684,2.0833314029219423,2.601739704109106,2.6909371192234026,2.0895330955718703,2.221579223318537,2.4973720714324945,2.2896286655738796,2.0441633495354696,2.2770987791924853,2.0745821315307236,2.6325102122526136,2.5843249239423414,2.7715575623072684,2.2696946100253257,1.8904184147849887,2.3523613669712082,2.0856250539498062,1.935180688987994,2.3608221437740986,2.794119333704986,2.7447804359357284,2.5353392330798776,2.847583959520896,2.553659998051815,2.4670789137525206,2.5294262628090185
Jan 2004,2.6423988724839615,2.261709972005804,2.363848730655234,2.2122451792786317,2.558992999170047,2.677370618032825,1.9269152484564647,2.044233906636841,2.6102966923230944,2.067452573571529,2.615744169650935,2.713594914246728,2.1294623211654127,2.226400138713249,2.501754042834716,2.311749728727215,2.071375726554341,2.286259995011038,2.0812880499061044,2.616852055184876,2.5944183784237276,2.770576882754162,2.244467790235365,1.8627703625186227,2.366041956561405,2.0833912019878795,1.9109030955869533,2.3761236554650536,2.7872295330460153,2.7555372317126072,2.5543815852431684,2.917107677389715,2.5537958628117012,2.4774487171291937,2.5592956937679388
Feb 2004,2.6409528399089326,2.2732660683663757,2.4157777036231542,2.25258388566691,2.605741790975265,2.6982129400171995,1.9398578469021268,2.061521496013436,2.633830517158827,2.08396313266125,2.633370763909069,2.733266969040421,2.1362782012302617,2.2138992949160268,2.514186109195808,2.3307407067493138,2.07495928479569,2.307347067056214,2.1430868438126662,2.652257428714727,2.6061190547657427,2.7726016999809007,2.300827699176565,1.915876912827074,2.372622657068324,2.1327628363890425,1.951772263273199,2.4038205006625546,2.8040639771053772,2.782662570271353,2.5599536912471956,2.920931042623627,2.5880393522946825,2.4873041890576504,2.56339187143013
Mar 2004,2.672116461901008,2.2990729653187727,2.447853158242658,2.2646659193216334,2.608579562672719,2.700245719429332,1.9680410945105093,2.100231470222741,2.6436712819768555,2.1245466142783593,2.6472028428364642,2.752370638191469,2.2047563017339202,2.260476757407912,2.5499816350936397,2.361191808051184,2.102050257055395,2.3258234354370466,2.1492567941395047,2.6833550699589366,2.6311404556707583,2.8020578467275397,2.3147857774496883,1.9786019658100544,2.4056659087255534,2.1737976712818567,2.043594818530541,2.4525022302885295,2.8344901094589603,2.7939770279882414,2.601080514803243,2.9211310426862314,2.5955619388596807,2.5240839329943174,2.6030253479307475
Apr 2004,2.693592385424881,2.3414922360592674,2.4854996370881057,2.3120832830106646,2.654546384102871,2.736999201163956,2.0492204965302308,2.150646589882502,2.677377266805311,2.208758827171637,2.6770821027399094,2.7781170290710624,2.313649701046243,2.346320669924152,2.584267258230268,2.4196660275950213,2.1886712936838437,2.3894870760322906,2.2300709028991546,2.7051196081592224,2.674152200648284,2.82240011207851,2.371292085972421,2.0475180010645957,2.501199895998883,2.2670379456608982,2.0667851966245094,2.4741200982296334,2.871439959665556,2.800656470583502,2.6813165532647196,2.9963590964236233,2.6231198683986836,2.5668760662577186,2.6322747128204464
May 2004,2.7430890940727783,2.3901193620471575,2.5046452542586346,2.3662599311663137,2.6995636072016906,2.8156338707323054,2.143014149877562,2.207128338843098,2.7121525736384564,2.227847279412625,2.7053131762919183,2.799181022102393,2.3434697743704453,2.392282079137367,2.636332512530085,2.4676587552079043,2.2453697086147164,2.4550348203189767,2.31646276750416,2.740804536856969,2.6941636648300236,2.880761190572196,2.407041469042872,2.128576797648596,2.5114115048448262,2.324135083728835,2.138201927934005,2.5342050772298643,2.9109260843062184,2.851989882435265,2.7398744605737906,3.0720634108727403,2.654366728219526,2.605344474324722,2.6670586662360902
Jun 2004,2.7787378743024127,2.4337465555246336,2.5648696367343624,2.433478958310107,2.74372528759811,2.8219447931846577,2.1669393941333377,2.241758443113124,2.7422183033073573,2.3107012143660888,2.7474356024539253,2.8351429496365346,2.392359801519704,2.4597751722554437,2.6644718931290603,2.547356532935567,2.3310952408537258,2.4969703934440126,2.3719317936474136,2.793208442110463,2.766047780701284,2.8968475513852012,2.458442473055461,2.1651659541479247,2.5870951668734596,2.359872588807125,2.1860038661765713,2.5457249015186254,2.941870695331937,2.8860363403410694,2.7608738628978857,3.1188555300670866,2.6758522277508625,2.674029012924098,2.6915887649672197
Jul 2004,2.777576658615736,2.4508276119264827,2.57999202794539,2.4684596856611565,2.7610605367078844,2.8470269054176445,2.2095318095670673,2.3002020166182393,2.742852505772956,2.328240241709758,2.757141347219286,2.872551132888697,2.4630376813736365,2.485786723994975,2.7145047645548512,2.5487785435006063,2.3907347966066763,2.516659349478583,2.427116165101961,2.8040530151507674,2.7613804962878152,2.9111210365569495,2.4941071278617017,2.225873329698735,2.5950213994311397,2.399096915484498,2.2397514719670713,2.6128615021894124,2.9677514379003127,2.9044918766748693,2.799509931490886,3.1853666952617172,2.701939455183198,2.686045820804295,2.717186092687515
Aug 2004,2.825342272779473,2.4914034438963397,2.6124176005916238,2.495550881479922,2.7893734520903357,2.8881104882350814,2.2360028460898387,2.3148113465327946,2.7687114570963813,2.3927053144911503,2.7936895526918155,2.898481037555201,2.492693535156422,2.5505722552193837,2.7257523716789462,2.609374953756281,2.4324884554086754,2.552418251613305,2.443265072710585,2.8420997076091155,2.804542713583826,2.9530865260909285,2.539088588674594,2.2561169987654246,2.6593837409528898,2.4409251639893337,2.2512838266482906,2.647675888560848,3.006492851094974,2.910686617971,2.866829144260287,3.168800785374795,2.731417360470661,2.7129324964225727,2.738831557812699
Sep 2004,2.842406955001085,2.498096843769974,2.640246117492628,2.5092544292556624,2.809583279138991,2.899837905038896,2.2373020029730686,2.3316765566529467,2.7915249870746432,2.4280162775441085,2.8069461123041255,2.9302480247157017,2.4826139555515936,2.5329101489967707,2.7581418844849086,2.6289163037761534,2.421221550213167,2.5535370568740294,2.5069943932298453,2.87529352548608,2.8126885228097,2.973400346173298,2.5630608588313812,2.2662432823751613,2.618408779074043,2.469586669959935,2.2746230004380843,2.641150531855455,3.0155424305408074,2.910093060384051,2.860431964603317,3.225563443241114,2.7409650913988477,2.755692262890076,2.743669737031749
Oct 2004,2.844811137502343,2.5314591202357977,2.6499250555082963,2.524319024813597,2.8299466742640744,2.9045395010591544,2.2776381788859847,2.3811422375224227,2.8147420215286827,2.4167783151717446,2.8088049064492937,2.9264342100417142,2.518732611221746,2.572709097559913,2.7416819169417113,2.634794800006106,2.4571844650223813,2.5831111881875395,2.5143797601968814,2.8817180010495447,2.8385688327700556,2.989081414205215,2.5422931970418543,2.328170533804118,2.672517944521251,2.470899990995216,2.2674578103315803,2.673574343130325,3.016784630068966,2.931981678851106,2.893883816182475,3.2459064461063463,2.753379311995217,2.7381662548142534,2.7349368256826088
Nov 2004,2.8500565385178493,2.5290420595554575,2.6708578480267846,2.5501305329137516,2.8278144626305046,2.918752321711319,2.3121348405201037,2.380588918596502,2.812073524433131,2.4663564131511055,2.8203332728278054,2.9366929184662793,2.501753276787884,2.571325192116682,2.771112979471927,2.6633481443873435,2.460165070963977,2.630903271164485,2.5435427499353698,2.913222326887797,2.847495427738487,2.9991030809487236,2.573820915049284,2.3386465641560195,2.6803170862628085,2.4995015355600723,2.2912036124829354,2.6848884857225945,3.030543617486724,2.9387964436318814,2.872882624077196,3.2869568784201446,2.7518710271951194,2.7628502577573433,2.732039955068578
Dec 2004,2.876329914816591,2.5838348599639103,2.678015799766891,2.5618707818732283,2.8463178438567627,2.902451133766823,2.2957984856190605,2.3985360453841857,2.8195954508662715,2.4671774793591648,2.8261177861071767,2.936131596531832,2.531216544487869,2.629627815949622,2.7834948294950372,2.664956096497649,2.5084453639601336,2.6350487452077767,2.550604238202973,2.892905395669142,2.8578480590377144,3.018870910538425,2.581518797010188,2.3772317455776832,2.722459479286338,2.5017771733559986,2.319335593948477,2.6913319075765285,3.039935074301185,2.9618759393940715,2.878527985917771,3.1827127361097345,2.763658455902962,2.7863098348660675,2.7067340053341655
Jan 2005,2.849737249452168,2.5277379106805555,2.6460486883713092,2.5284175346067617,2.8277520945808616,2.8772134298499523,2.2519668180644836,2.3790805229173966,2.800066437888544,2.4319350850590937,2.816156014736074,2.9240912649248925,2.5179588093632113,2.526759897226508,2.750340608748752,2.6945250697915126,2.4570377390469766,2.6231233991219063,2.532143655027092,2.8580966229233598,2.810550789381791,2.9954515260183494,2.557491771774627,2.3302037379267686,2.6428951400113188,2.515749472721232,2.2885664350408823,2.671048547508754,3.040029032548622,2.914299207661105,2.870133352200814,3.206607493137066,2.745468200146554,2.7202850715658142,2.6847020943446265
Feb 2005,2.847015012122777,2.5498614778340833,2.6497659251119985,2.548656493187022,2.8236443539387412,2.904366447605953,2.3086612887184934,2.3835695605189615,2.7955824005586067,2.4392794524978076,2.815840621354333,2.9364449492721714,2.5292793405701204,2.5695221031060576,2.753053455700682,2.694325269475935,2.45403175431764,2.6003970871936795,2.509285476387751,2.892296434183012,2.8634569926345232,2.987363007891445,2.5658556171423714,2.3067761417578194,2.6505430712868976,2.491327601025367,2.301901112317687,2.6919856993053966,3.0159706738109238,2.926509473419348,2.87229064118012,3.2134979876781964,2.751729625389959,2.7615098309578516,2.70400121132917
Mar 2005,2.843409145132016,2.568395559948351,2.6760245890109813,2.573815518522912,2.8268152225696968,2.9152438995155046,2.317677371236056,2.4212291555999004,2.8046270823151658,2.4909156876605043,2.815050960458878,2.9094863837059144,2.615500104784423,2.580016507351608,2.773838537339135,2.6612493040084253,2.5058657924749626,2.6432218190288106,2.525184854079507,2.8788303929913517,2.8488415723395035,3.0135362905366674,2.572277270147513,2.3289447950636637,2.724298047686991,2.5318758902124476,2.343060235308187,2.6874041628617897,3.030527595856076,2.9217065858592313,2.884810818600661,3.227810805573814,2.760549152857891,2.749116418942042,2.70062646454398
Apr 2005,2.8660062765411563,2.5710457509685902,2.6911263939685344,2.5929355212637732,2.855947752639649,2.93781134142899,2.337091516954865,2.4375806756665046,2.824666376151069,2.4801406041336347,2.8156937518454406,2.917810648763439,2.6057172973188183,2.6153828002220436,2.7947778767634013,2.704126749789653,2.5078242727415256,2.638930044263918,2.581833896902516,2.8983991034801897,2.8706929953962,3.0265670356357828,2.584574806978781,2.368296027433085,2.7231129865213743,2.560199009405081,2.2984452449297947,2.6940591998807304,3.0214462067695385,2.922670326058052,2.901483256417316,3.246178444087085,2.7613887916576223,2.7859802765620354,2.744447783719747
May 2005,2.8827183868244597,2.5756338951521065,2.7225318673070213,2.6012936864520335,2.8605430288815605,2.94409059159387,2.377075715431014,2.4593217728933543,2.8387470125777483,2.5190055792172337,2.8306680051538455,2.929074839575795,2.609462000355541,2.6238007534882355,2.805622062593901,2.7042651931641393,2.52303299446257,2.6565664088577456,2.601070008933769,2.9201157572919323,2.8722291855885262,3.0182200915779216,2.602498188002938,2.3865665679928902,2.789485795950069,2.5812987622043773,2.3707762002810373,2.7318976776382,3.044630687739099,2.9544808834587624,2.924302426143851,3.2462991337551665,2.780080116010497,2.7955322936097007,2.7682768837739347
Jun 2005,2.9016540852839148,2.606095314021232,2.733004556305973,2.629357223352158,2.8691737222997005,2.9596787817810037,2.4036433508608344,2.4920169100048675,2.8517859436885384,2.5580887068468474,2.851092487711818,2.960437998267154,2.6270683225146687,2.654327129721089,2.8364960678057476,2.7360071051018866,2.5431937513298757,2.682305403355519,2.601903683082936,2.9401152005419853,2.8927112875624745,3.0379767171701464,2.6138328695132618,2.4189846746629056,2.784503026277657,2.633088100052256,2.3813216581352945,2.732623595687326,3.0511486952057596,2.9633157888872934,2.9441807134573037,3.3374742702586615,2.7915751518516925,2.8156631907251746,2.786274941169366
Jul 2005,2.876762391332166,2.602586446830648,2.7197856711546415,2.6288776952279447,2.8681116901149335,2.976115126233842,2.374211141899109,2.4665901050334935,2.8381485555466734,2.549085536414437,2.862527278940754,2.9445524243596215,2.6506336542534363,2.666564529282762,2.83098900702054,2.746472922642775,2.577456128749022,2.677111104776939,2.6024035081403927,2.939237012467491,2.9042552434312987,3.0514266357223994,2.626722857089557,2.4193157690372593,2.7731340958286017,2.5893472183067474,2.3899013320386184,2.7114547645034475,3.0807811294533134,2.9535346104394593,2.9577608192694504,3.286537388762009,2.7753603739669175,2.7994824644240968,2.7876698664513975
Aug 2005,2.891324270485341,2.6340866625959696,2.732735581391927,2.6492736087736963,2.8877807997686316,2.974889715534558,2.406838450991245,2.4873496899018663,2.8417808263908815,2.551609396537006,2.8676597566382327,2.9360651156412554,2.6754753234577437,2.674624781114834,2.822364377177254,2.73773623349814,2.5829043657363786,2.672793771629491,2.6169605904555207,2.942476631866405,2.9141977216214707,3.024472410728684,2.628048720682718,2.397324319532583,2.7789538290360283,2.6279682106370523,2.3981681455364594,2.735001093443303,3.052981014930914,2.9547609367416037,2.9431616814645523,3.2878340919053914,2.7922725651546423,2.8122993414280932,2.7921507554488287
Sep 2005,2.9038085144015016,2.619183129579205,2.7482608521495187,2.653623022593211,2.8980253716935946,2.979651320463176,2.404768146976419,2.5140031366631423,2.837515878788242,2.584279231949762,2.8609673471226618,2.9340673825762407,2.655183745297321,2.660911485776656,2.829580914468472,2.7267423568939164,2.610980538723864,2.6771994593600557,2.607819830334377,2.9539075339471346,2.9038575635568122,3.0511142330097383,2.6337890582379715,2.4161077124764456,2.769307739578187,2.599587500780918,2.4034044403184773,2.733402813551011,3.1017138975253635,2.975730527813907,2.932102054979495,3.324821847040346,2.781413714581974,2.824393735238698,2.803354482340765
Oct 2005,2.888661137394955,2.635068264093193,2.725113216592408,2.6460483659734444,2.9037436740263285,2.981339606394208,2.419029266771096,2.5123698753162347,2.833014381913395,2.5780396018228036,2.8828374284907343,2.964708474041428,2.680288640848604,2.660608543547451,2.8425573324959887,2.7273551777663076,2.601003179193245,2.7041770739082627,2.6102045025544034,2.9600968667712326,2.8953352339998495,3.0666128421550716,2.6520694946551244,2.4456631996586484,2.7725678476611257,2.631660467566645,2.4060154237249174,2.7411590248256386,3.133288280038889,2.996269905062905,2.964067224109325,3.2813411312109486,2.8002909438752672,2.8237858954341015,2.808214360035435
Nov 2005,2.907974119070596,2.6285415467092053,2.7477764274860492,2.6733605408300796,2.9247464569676853,2.9971323920118573,2.4336850863703052,2.5180562652590974,2.848022977809626,2.580279517837676,2.8769233057282824,2.9537591879119054,2.6688663968937196,2.6615477204698506,2.8507864350961363,2.7562660328640445,2.604632347353361,2.730683606466059,2.640189899820839,2.9694183424512577,2.9323551063825994,3.051644198811726,2.6468175794117563,2.4527202679736186,2.795084645633101,2.635204106645053,2.414532619724622,2.732493256636526,3.123579258975809,2.9922026245839706,2.9711962567518904,3.341336167302961,2.8117451980100325,2.8403364603807075,2.823558732752603
Dec 2005,2.929968173511964,2.6740162818998536,2.7677554043705435,2.6703275444362222,2.938981886446905,2.9978742491141266,2.4603947130782284,2.5420110228704242,2.8640789073896644,2.6408296316828053,2.909953049768651,2.9679822783850933,2.7032566829348625,2.685745994762404,2.890122791612208,2.7762282069072373,2.5915947033067974,2.7273471499762483,2.6769458093559533,2.9920447598835747,2.943257703875755,3.08093290296628,2.6613023350896494,2.4977052955159835,2.833049799783038,2.6698613077250584,2.414277908033814,2.773306806849744,3.1637629329957764,2.987908275009437,2.9910474209125195,3.3525977558804465,2.8246190073316613,2.8397468594302806,2.8319638868299353
Jan 2006,2.905059808000737,2.6356356095849267,2.765234406386567,2.666157561857816,2.9221256701186427,2.9979330847779138,2.443971140641554,2.533527854110827,2.862283901219077,2.598096466426388,2.876186747377444,2.9602096225815258,2.7387754923939447,2.674375614220506,2.8561742236288445,2.7657101344671973,2.6389166457367024,2.708094854537749,2.6293043150813804,2.9607709303576653,2.9440882762722222,3.0975523210580436,2.6832995597044405,2.4372498771309763,2.816824222957205,2.6382353796639055,2.395177606114993,2.7479221300500107,3.1501150949477594,2.976247904495224,2.987644554642521,3.2990741642656327,2.818682711760733,2.8303501714459744,2.835783631265651
Feb 2006,2.949094014379289,2.6527636929911416,2.7885603181391523,2.6810628821403606,2.9339344064337487,3.028010524047056,2.499954975594716,2.552650627995128,2.8663523108811733,2.619577063003548,2.9002636967018747,2.9837658131581377,2.755561651264651,2.675415351435358,2.889856291244012,2.7494430003016306,2.618803864344876,2.726434071544124,2.62775367288256,2.983466689823716,2.952989052273064,3.084222837194611,2.675309807949773,2.487012517737874,2.821177078395915,2.67908179510319,2.4247283909622785,2.752163151995876,3.177572374774566,3.0060493121796386,3.0104855836566617,3.342104006272298,2.85273671601012,2.8524663281440694,2.8585700302992048
Mar 2006,2.9478089420486677,2.675449547126397,2.7888408350447973,2.709734273940778,2.953594698424718,3.039852176909316,2.483036175884865,2.586101609135172,2.8986321739285184,2.6393619745075,2.917459107277243,3.009258012210551,2.729745441279431,2.7158806109250913,2.9126032330155494,2.803716252620606,2.634083258528768,2.739035709867562,2.640989293913228,3.0010910595145557,2.970960796137304,3.102452209819395,2.6861620227457585,2.480661400396548,2.8503568231123593,2.7076348106089725,2.457174479251892,2.81244702266752,3.2027703298772034,3.0093864029684276,3.0119059087169755,3.4250861636789276,2.855693199480144,2.8818218428733315,2.8913669558826944
Apr 2006,2.9613058389803957,2.6854262171394803,2.8026109195096085,2.720740238796317,2.9960903755151067,3.058492569494308,2.504498413984496,2.5970295683210733,2.912442733166159,2.6679682280202566,2.937599470127408,3.012449003515149,2.818479215106434,2.74875251507748,2.9351208434525993,2.796303594051427,2.67881253829286,2.7477527134590614,2.6428647800310165,3.0106726199845926,3.0006826001377513,3.12001250064382,2.7207122600149463,2.4972866269884895,2.864035345177997,2.727339193294331,2.4865014211812113,2.8242417901118504,3.2130842780951117,3.042788675816609,3.0531928786186513,3.388778600323205,2.8718784433463425,2.890336577178603,2.9276397464477473
May 2006,2.9955421702641605,2.7197505303859106,2.8242095993129452,2.754744577914963,3.017835809134118,3.081432822214838,2.5288789637412767,2.6169972248939635,2.9357812309957976,2.6795550782270148,2.9719085666116034,3.0438105036538063,2.790294912152329,2.7333662779906422,2.968578877342802,2.8253381782778573,2.6771981577280055,2.757335589207976,2.7044570118812468,3.051112837485962,3.004637957873752,3.1391467175146452,2.735140259690375,2.514457686360395,2.9149056008993868,2.7115749489437264,2.4888005171777556,2.8444432882017425,3.268831750074188,3.0671303485331833,3.064946775896801,3.408421169304151,2.903199702236469,2.9085417042455948,2.9913886806092096
Jun 2006,3.0205659307875514,2.733386054952733,2.8441045251134476,2.7847335884319766,3.073467272501374,3.118551407100799,2.5671683106187473,2.645150589206619,2.9681672240198176,2.7131630799991058,3.0105387418196856,3.0873094556546716,2.830520284971536,2.7757337765845174,3.000776245700065,2.8522529296038286,2.7285148684288214,2.7836743474636876,2.7438306730308817,3.0827179284654482,3.044288166950545,3.166190367223136,2.7537890465386456,2.539777040284291,2.9205307023015488,2.7583585096780356,2.51831294586047,2.860059655955245,3.2988101863470822,3.103342272257002,3.1011656000263375,3.484104907993353,2.9358512577122826,2.9401001137786222,3.018384969526949
Jul 2006,3.0315654979261466,2.728646573204146,2.8531744179511316,2.791041363833816,3.0608406588739863,3.129280182470141,2.560562900146255,2.6481771425803506,2.973659124579112,2.6940110951558434,3.0136052722936686,3.083148292312586,2.8219379988765003,2.797892347200402,3.0080405560655605,2.8708204729150633,2.713509921006748,2.792426252791229,2.7234328775982957,3.0815063302853885,3.0507951832222675,3.1775800506693654,2.745011975319225,2.5578838323265036,2.927207847222116,2.7997130122425404,2.527615302001035,2.872926357005666,3.3536654982589686,3.124747091245445,3.121578532064485,3.475306496698516,2.9381101670097256,2.958037160877328,3.0801610428189576
Aug 2006,3.054446235780944,2.7416754591243757,2.8758397254868604,2.793689291355836,3.0766793896793097,3.16005316643493,2.591616851475764,2.6501331490954203,2.9935271781444053,2.720597831199674,3.044952175421816,3.133776347006996,2.8895361917206603,2.7798123263247057,3.026990634047249,2.895836433986172,2.743803216687711,2.81956983677924,2.73916632981301,3.0907474477289227,3.070018581605302,3.225427007729645,2.766370176538214,2.525437235148875,2.9454441002293006,2.762582205234665,2.5493709004751115,2.888973736324043,3.364830855851819,3.1456944687960458,3.12011140146587,3.5294293336494036,2.9514506905868325,2.9696560638462373,3.106858260058686
Sep 2006,3.070474127456796,2.7728057042384453,2.88644332010113,2.8240979842885614,3.1145885568986675,3.1583593081481185,2.595912935744849,2.6868235916850516,3.0143751456517713,2.7372382479297013,3.0697086494431054,3.156536853789303,2.896369010810544,2.803918393844956,3.065919967811952,2.9100810879770154,2.768133451399007,2.829823636559531,2.7416288849190735,3.1115076268312256,3.0839566071653075,3.235834397062708,2.7739491563763186,2.5623616285549047,2.977140881972695,2.7906960367813998,2.5588980071968073,2.9082732442430133,3.4168650716087026,3.196538041407236,3.15108777878627,3.5208789360729704,2.980754572318331,2.9931352194561063,3.1608434297506416
Oct 2006,3.088784860061946,2.7675054386363627,2.910984910572381,2.811239056275464,3.1361049390340394,3.1810879404203427,2.622113484495655,2.7122081886393277,3.03972784105939,2.7446168649228806,3.0828210667483904,3.1869603363752996,2.8716460877409684,2.8128595253449094,3.08122272866298,2.92615538784981,2.7532029660156727,2.8341428247759906,2.777588307677317,3.139451829494345,3.0872073627485617,3.241905538616554,2.7846887941905174,2.5584827159476173,2.9993977573391435,2.8071825596931106,2.5719170821617388,2.9108454208494114,3.4506447227041694,3.21870563498967,3.1589321231358025,3.5466659220181147,2.9975447112814284,3.0140464973457615,3.1763218234842285
Nov 2006,3.120706646680322,2.785814749095779,2.923212515785562,2.823993525288453,3.1681559643339994,3.221621559590145,2.627290161837408,2.71691845001209,3.0642954703663463,2.7960326851299246,3.1226922640917403,3.1911634044192794,2.9114327062720298,2.830587343871924,3.106729781548176,2.9513980544676,2.778505266697652,2.876465161788003,2.788426321486433,3.159172032802468,3.117145703312114,3.2852422627224365,2.801590550730542,2.5819855885376692,3.00590514147095,2.8347427763799296,2.614831422068451,2.940048764017189,3.480244009538783,3.2381776771121906,3.1977497161627015,3.5884697821219476,3.0302480678021406,3.0205511645611214,3.196915964813024
Dec 2006,3.1541407968013964,2.827645587743313,2.9528994619559144,2.865006837070822,3.2029061586591405,3.232376790185168,2.6710567687260123,2.761298197469859,3.0826459782900026,2.8243052851237698,3.153790491233364,3.245985621199852,2.955871034072591,2.8587096328965473,3.1478983827259137,2.9668235411721575,2.8382432258085566,2.902491364283616,2.798599028609091,3.1944222617476585,3.16706500330788,3.3039971965708035,2.8461478333322217,2.6749569475552044,3.0395863944339965,2.8674362740944748,2.638617244741553,2.9763046026877005,3.536532213131781,3.2897677854950222,3.221774197755289,3.6107996241282048,3.066821453398349,3.061056139455374,3.2720902189097347
Jan 2007,3.1538292605267673,2.8001080614729776,2.9343642388938287,2.855325937758097,3.2074167263924416,3.248923726554595,2.6563553800328403,2.754007284424544,3.076023315622604,2.796462687739098,3.158376449407635,3.2744913567514566,2.9443465468836,2.8617292690653557,3.136521503886065,2.9295864448215103,2.8352243978003644,2.8876785632757707,2.8229049169090232,3.1728323314696403,3.165468531276481,3.3485094678833134,2.810115610393872,2.6239882505418617,3.041494500583929,2.8098322141230256,2.6448039200975626,2.9564078686829403,3.544242489188267,3.297699160678091,3.222110570116461,3.6340514432094904,3.0737388107296035,3.050147429474614,3.282585517736356
Feb 2007,3.1846731022228396,2.8192020703832563,2.9459056041910583,2.881175084508151,3.2169196505088773,3.2843225059351084,2.657632617261184,2.7659961866084357,3.124506186913391,2.804994202570656,3.181959231892418,3.2910470073166778,2.961160859835561,2.827316630551826,3.1384154749557336,2.941706299483506,2.8452082622014214,2.9043811512659397,2.82145224277023,3.2016423054098793,3.1653705675243953,3.3465969783877183,2.829011630596806,2.6284177394238823,3.0409647996486178,2.8380450391266283,2.651644813584638,2.9480420029569068,3.603414540985121,3.3342066926510636,3.254663083598459,3.6163142787326152,3.1067291239505113,3.068964628858224,3.3502142798371657
Mar 2007,3.203173264702682,2.843258479438859,2.9795400841994684,2.889185736518918,3.2496783494110897,3.2878505267664737,2.7025161163366427,2.805415675038585,3.145516391898233,2.844003454450726,3.196414588272273,3.3235207673231804,2.964860941340086,2.8760460740626206,3.201552572503449,2.9691286306009648,2.8609824441591987,2.9114702431290587,2.822920271096541,3.224888619195135,3.2245901006700373,3.3928492322564994,2.8532393659596833,2.6604325245285945,3.0891480425625897,2.885911776270791,2.6444004600996305,2.9898112430612858,3.63282107150607,3.3654740306079813,3.2722572059842707,3.662478594233601,3.131402590953173,3.0778750638422707,3.4218846089722397
Apr 2007,3.235630203479216,2.8363083824102353,2.992940305032588,2.9219746444785426,3.264855500063519,3.3155182583867213,2.726853648450529,2.8142138508737156,3.1802783545085482,2.8592042975454923,3.237634087782846,3.3730079942575952,3.0214234065673717,2.920299086754791,3.2188961085178587,3.0031601683394005,2.8591064786591662,2.903045224677773,2.8516106960043213,3.2489074999816947,3.2185270155914822,3.398136149373782,2.8558508414988175,2.6446752387881465,3.0985074661249437,2.933854433823712,2.668107167269624,3.006079228391008,3.7312686279050276,3.408793721509582,3.289272929161198,3.6704659743181245,3.1603073966256203,3.1042933735682254,3.5251751067352255
May 2007,3.2612143189875376,2.885657195736204,3.0066377043942016,2.943933346822228,3.3048791621875075,3.3358124320582205,2.735291625151456,2.8225847718147117,3.191917466434428,2.867457405027763,3.285966416565908,3.413478874785793,3.016351509919801,2.93958810078947,3.241935846033275,3.011355626136604,2.8892160526153314,2.9438145263598097,2.86820031124114,3.2834191894675286,3.2454234091191516,3.4580223419276774,2.8638124929308435,2.6827747319882564,3.1228247673109824,2.931450525002677,2.6982691360844067,3.027133502510829,3.765019541919456,3.4496676759967992,3.3201329503973573,3.708627341532956,3.1967587320782314,3.129005483452484,3.566931160404624
Jun 2007,3.3132247825686894,2.901484139090297,3.03478274530176,2.9734285781013816,3.347822579532079,3.366616878659669,2.7553926766840693,2.849995337822375,3.2232892508035906,2.909371472173005,3.3280808344432815,3.444861550602687,3.078081945239487,2.975833685629963,3.27390662604222,3.043865386994799,2.9097812183464655,2.9926526074011757,2.8919550779442322,3.332824731643656,3.2901063095397567,3.5305121955224243,2.902849454087932,2.697333054781314,3.176037404839387,2.945329860023118,2.7210473189227513,3.0326247420619317,3.840047516120865,3.5245129681187666,3.3470482861216206,3.796674205903779,3.2413636858682837,3.1574854481225416,3.661421138474015
Jul 2007,3.301681443214279,2.877441540828634,3.0510038226238256,2.943283791671894,3.34377100765376,3.399291908480925,2.7637250301260754,2.864016146581424,3.247744718548911,2.9060072365928367,3.3553256427871245,3.507740687372597,3.086790513918906,2.9285616184543692,3.281222505881397,3.0515493807185297,2.9239124045028606,2.987724782218275,2.8918949713185436,3.328802864252041,3.2967287753194263,3.540246304213113,2.907421570622522,2.7035527820583964,3.136526518821035,2.9463099347754182,2.732047106104863,3.068673440799193,3.9110392312646094,3.544683842736731,3.364562453761158,3.7678870382005747,3.239469643311091,3.176316272059522,3.7204807663829134
Aug 2007,3.3499257772795836,2.895250987591564,3.06040733652266,2.96062784281761,3.355741094583387,3.410089155203574,2.7665931104804153,2.8720795074111045,3.253077682750636,2.9177353124271477,3.392320704102323,3.558915164409448,3.1329049010740593,2.942882005589354,3.3115245377496465,3.0508261299354476,2.9427304252925715,2.974406526792422,2.9290597940004073,3.366293678091472,3.322795425429291,3.56320360263016,2.890177770074027,2.716455133198221,3.1631711466115644,2.962683768911462,2.723971673527427,3.055556643342388,3.9420070815836694,3.570933452325615,3.3712642399598343,3.7653811849341796,3.2802339605301523,3.1775270460758542,3.795162094290654
Sep 2007,3.3690592448961643,2.906400016677421,3.056752433399929,3.0060959111312124,3.394900391003006,3.417017357792557,2.7971624927734577,2.8679959566099407,3.27394640198686,2.9302328419233197,3.395729550379041,3.5907347001586203,3.113731238993862,2.9870904360809605,3.31526487024912,3.081139491721835,2.9478597003293237,3.0118049120773596,2.9079486697084547,3.3894512973223914,3.320560868205966,3.597475667097832,2.912348729258468,2.719881805366513,3.196934824107496,2.9835868324107695,2.74825191725245,3.099762036521712,3.9613549557119536,3.608695972656864,3.39051331747085,3.8063938937969177,3.2861365587116627,3.1890654533540834,3.783391115021823
Oct 2007,3.373942597861002,2.9038111185696933,3.0514341981836512,2.9894075182632234,3.373418218896752,3.4441442039682606,2.776626178353041,2.8808786043079557,3.274021466153645,2.948353568827173,3.4141383976100848,3.597054778007525,3.1451065506674754,2.9662318656920874,3.3204844889214375,3.076024725444805,2.9606590211969124,3.0199418788811823,2.887554877683428,3.4043058071737704,3.344785319501478,3.6116936687257155,2.9089956507632317,2.7431762573076344,3.1864912448521308,2.958781010808665,2.7574876905318195,3.0633726611046774,3.9980527811631914,3.6161568828848973,3.3972098627532907,3.8243496795300596,3.282609298075602,3.1656232082050493,3.7935029559625084
Nov 2007,3.369417112849157,2.9259032810186527,3.077733721549084,2.994632794156371,3.3705643697386733,3.448066603527806,2.815206638906445,2.8795691240439947,3.2855261696250198,2.940026418526528,3.424327600804066,3.596928922994064,3.1278678941220397,2.9722225363955,3.33171443467732,3.1150233197104327,2.950644648881025,2.9874266655583064,2.896316211446573,3.4027827883919874,3.3694022771512415,3.6232058672532768,2.9162112419895743,2.7542568876137423,3.1620848818417993,2.9820458307440387,2.748232369049769,3.087013036260101,4.012122204736197,3.6551174059989524,3.39325163110074,3.8296524571435246,3.2955466596111465,3.1767131838593703,3.82432438973293
Dec 2007,3.380328456538112,2.9280638625615647,3.0619581238972295,2.9775754586294547,3.38463525990015,3.4498647849379545,2.788039755714508,2.92440730731442,3.283326985405041,2.9569055452683357,3.4387638304338006,3.6191947985241875,3.1380114170296083,3.004001306027346,3.3243482000732487,3.1356464307265006,2.9652416033249303,2.9855791625231265,2.931304868493251,3.4329405189809785,3.395712262405794,3.6469616658139716,2.911423688573038,2.7632021578744506,3.2348483318155057,3.0053335948496875,2.7682935779718956,3.057743969232537,4.020454573615941,3.635128974106276,3.376909446742524,3.77301402474929,3.3111145086769627,3.1974250582907455,3.795153757631034
Jan 2008,3.372415366415274,2.9193472489346717,3.009536761688076,2.9542537261258337,3.342463968602939,3.3889339230218094,2.7530704660556293,2.8612668084199013,3.270026706965579,2.933306527864566,3.417678724688577,3.595468718641804,3.119298172245957,2.9198435217026653,3.275133133116345,3.0668264869509216,2.908621802112745,2.9546777304208787,2.908144213037128,3.4044431503085915,3.349849888978453,3.65521217280744,2.847401838212739,2.7205255239357338,3.119218338720675,2.990228685698805,2.7735393138897537,3.058440620309102,4.0011801396933935,3.642526749549621,3.3753847249418953,3.7527102167612956,3.28356338325955,3.1331402810181594,3.7541088597048855
Feb 2008,3.3406145464975383,2.9027938576418495,3.0283426352165534,2.952886038452198,3.325106176861427,3.4134690324787917,2.765007282655755,2.857736962885181,3.2426202925417678,2.91424794502908,3.427306740315455,3.5889710385109876,3.088311309954873,2.954540972903231,3.2898714952099652,3.0402007615814526,2.9159509825549152,2.9274778361526312,2.8723565793157997,3.40133067700323,3.346895853954665,3.6223295872270396,2.8670191709682085,2.6992312988680114,3.169765841512778,2.9668710963073677,2.7319290052038663,3.021932866542178,3.9797978745502203,3.6438118992708204,3.3825366240572508,3.7831791698350115,3.2751362281731593,3.1261006935925186,3.799700349520458
Mar 2008,3.3280572564390223,2.8392730060585856,2.9951053808973955,2.955918692025747,3.316123499345592,3.376988537506419,2.7740405591937694,2.8361138947992792,3.2294085419965355,2.8822991657800063,3.4112661509053237,3.559654941225935,3.1113032283044677,2.9198045668176333,3.265351407627118,3.0467226873708846,2.8988374412335345,2.9811179110317414,2.904991449609198,3.3912113137588995,3.3144488316465157,3.6247095728824523,2.8580552807200585,2.723296695044311,3.0928739949995876,2.971466292277317,2.7569861823328705,3.0045461367043953,4.010679154096902,3.5922599125042134,3.3437286428664357,3.70748481351081,3.258217288229489,3.127554163212945,3.7421047481728418
Apr 2008,3.333183943138321,2.8467437881007034,2.9965227170016657,2.9485921997382256,3.300193980689412,3.3938498594894844,2.780298314510097,2.834182127947859,3.217826322650378,2.9000610067016965,3.3779738102429397,3.5685926467440767,3.112272681253812,2.9511983361943765,3.254833327755619,3.0157592664789803,2.911481190491383,2.9645033458708094,2.9110921567366344,3.3836244896982577,3.3532615781203328,3.6176029278087087,2.8520617203059233,2.7595245961281947,3.1234311079755352,2.9762670327429808,2.770346207361532,3.0496187831664803,4.010935121956575,3.6288318893890663,3.3608217963496707,3.7908573047700833,3.2549471878156098,3.1234955306153127,3.7627899425909206
May 2008,3.35154538892543,2.893510160306869,2.99259988528086,2.9696607732382527,3.2828535128607523,3.3711508087768194,2.782931978890549,2.8450839682538485,3.2150483752406194,2.878822000399362,3.3905408152231056,3.5765727805375,3.1319730664578205,2.928018658413568,3.253832754570465,3.0120185833812774,2.9062991232232487,2.9792225548087052,2.8500261201393196,3.39403231608254,3.347081239214427,3.6009574107341193,2.872011220674418,2.731784941147051,3.1528514569603794,2.972650656006661,2.764287291972221,3.040889133326507,4.031094952648405,3.6066083020082336,3.3821761922825466,3.7868239423314023,3.238108922319683,3.121339973576455,3.800147374706214
Jun 2008,3.322932843630729,2.870875108747367,2.9673171320810234,2.975059484874918,3.2834050935036134,3.3359660345410846,2.756201494747998,2.826885699983114,3.201956265259422,2.8896120389489752,3.341616556614317,3.5496562260939224,3.0862022054971483,2.937572453983856,3.1873144964070392,2.9761363468078854,2.903255481645935,2.9457377822926003,2.8745716086815167,3.346182916124627,3.319733098520185,3.577358822791646,2.8496117741456652,2.702132484868928,3.140995364928596,2.9587673257746103,2.7306725994237815,3.0397965658754327,3.9848993945380156,3.6446518203943863,3.299340789846118,3.6959740999952473,3.243114731277371,3.091119351403816,3.745997651480623
Jul 2008,3.29191902462672,2.798173647065865,2.9281913107537823,2.863587973413698,3.205501595552259,3.296090758460442,2.69782288676971,2.790226879851946,3.1423410454249243,2.8077215716979413,3.2899301309682984,3.4988130509713717,3.0598683748462516,2.8379453411384628,3.16210288954454,2.922547660953442,2.852235871023011,2.8973395924884757,2.8089910001294647,3.2967676986306085,3.251538344958478,3.5214072872342514,2.7951425650425072,2.6655127315436906,3.0472944547708622,2.9290337855608217,2.7281709197120567,2.9691247026149514,3.8695858737162543,3.5895324028639632,3.2455119845349953,3.666024320164382,3.195857157524308,3.0494892976323325,3.726386730740001
Aug 2008,3.2077745902177566,2.766541381412614,2.9217070210938085,2.875756144466803,3.138276661665211,3.2155789262202665,2.706921480870997,2.7735024345628347,3.0999888905435364,2.820462733477027,3.2604492121145072,3.395474188110759,3.080833091112717,2.8146214535864535,3.1104934135782116,2.9137037284102614,2.8311121182717804,2.8674613917279643,2.7868874946240165,3.2272086672701326,3.2141301333645877,3.4446455026946294,2.7542597453422517,2.607396439689381,3.034226665398899,2.8458113393072253,2.6999256670131104,2.957697906684794,3.854624370081906,3.4605329207250137,3.21248977869272,3.5824120559014614,3.105819575753097,2.9524649286145364,3.5980783798961884
Sep 2008,3.1303064294393397,2.7263171191398565,2.8666307839342617,2.8458623040147004,3.0846851613727226,3.133387450303865,2.666002849056158,2.7122218616179543,3.0330782133134724,2.7876588286281865,3.158480276836533,3.3492914543682635,2.9916644816997637,2.8211084264650914,3.0426438057999463,2.8611443497796842,2.7658224702349536,2.851962845638536,2.799064252804366,3.1427855453538642,3.146559975584972,3.429193882609189,2.7049450747495634,2.5697640476625736,2.972477732077591,2.8304861983764003,2.638716011492752,2.8770030440024663,3.7668771482882586,3.4172796132186463,3.1950562791345782,3.5995858245527983,3.039461851173154,2.9326508192229124,3.5769290016903836
Oct 2008,3.0639496744481045,2.6825449628883646,2.7551555764874567,2.79024419126822,3.015642375951202,3.077698597967283,2.615636260733378,2.6222446655478966,2.981940808134146,2.735984486394461,3.095092023497871,3.2819749190726357,3.0388110067902816,2.756608075061798,2.9825637715790916,2.864480842985089,2.7762506404313116,2.8074366045370875,2.743346392238495,3.0963220619612986,3.078242606096205,3.3481834766825282,2.6398983503630227,2.556742120181581,2.947507799303309,2.840201464833421,2.6236085116608994,2.8039449364051867,3.6761394571243855,3.3203793902597445,3.1262820648308023,3.5200198272444374,2.9767882372817733,2.8596510291477135,3.452662041800233
Nov 2008,3.0109190586908188,2.6718966818164467,2.7250106374694223,2.759926584116566,2.9743016825059874,3.038645193318554,2.6143530923660983,2.6348591402980284,2.9215593130659143,2.6735419811156755,3.0116908900581967,3.2130261706359833,2.9377719799905626,2.7007218705144664,2.9502922444986632,2.8032232329368725,2.7299921759650987,2.728654780076788,2.661887118604836,3.023378527732119,3.0277978663096783,3.2607940398583217,2.62925146454753,2.504748631673316,2.9164470140715353,2.879258529975587,2.6979332562257157,2.7623125255535133,3.6580013135639176,3.292576442284501,3.0597948988378048,3.4435881380066657,2.942427829265612,2.8235032886884306,3.436002586477053
Dec 2008,2.964609460991207,2.615044350699683,2.6744358563679227,2.7187891493306746,2.916330668883109,2.9954874354825956,2.49363289213992,2.5796417420602986,2.863209829912137,2.673838375581655,2.9731686526729075,3.160811602533736,2.8596211716267854,2.7586118178427137,2.87453436999945,2.791361362713634,2.6791171807656937,2.692259982410314,2.6889890886904517,2.9854231762790295,2.9887625250954217,3.261862998918487,2.6138044679661427,2.4695082092551246,2.8577883675852815,2.7187125941571852,2.5324471246007,2.7594118140898667,3.594996549548697,3.265456424157945,3.0094868663149326,3.448416710508464,2.90261043594735,2.78002813205864,3.384778111414685
Jan 2009,2.894806747584498,2.5503374327423116,2.658443337072564,2.7262165378704832,2.8640009444294234,2.950072104201127,2.5096193054233398,2.5877566118027944,2.8084579789311346,2.5814610010851595,2.937202326543382,3.1112056256841103,2.902712661733036,2.6227218767639764,2.8477062707531875,2.7482429991509583,2.61203333568085,2.6616634303280824,2.5664642605225065,2.9279723326691025,2.8962940201624656,3.1776710643555712,2.5639357071292066,2.4703969872235847,2.8324728309788907,2.711851644371476,2.488765821291757,2.6970075338014063,3.5224968174589097,3.183670496199102,2.938778794638222,3.373684176316446,2.853131398909674,2.7383496677874626,3.3143023131316784
Feb 2009,2.8942791776011325,2.572073991887776,2.5967625066663738,2.6460678869961227,2.8387685617363743,2.9058442051121656,2.459072261219061,2.5030804351491613,2.802548764245056,2.5357457898672404,2.905420325482203,3.0442249552107232,2.874523735886194,2.6403154924247696,2.800873864629058,2.647559876481314,2.601732208554955,2.627608559821671,2.6064873954639878,2.924618499634137,2.8632136427052024,3.135057011545953,2.5084963562391955,2.4575673659128867,2.7753777541118407,2.6806856192527375,2.4753203923980283,2.6292600177789796,3.51175967010339,3.15291215333022,2.9207953302503546,3.3283332221109663,2.7931910447806616,2.6934256005350994,3.2831182105138166
Mar 2009,2.842794551287949,2.5131656220585685,2.6391728836295023,2.617647870999201,2.8284261502851393,2.866479957278962,2.4731111108256663,2.5148509489735256,2.7885564405015515,2.5362665050649755,2.8827346554320332,3.0182938286131855,2.903251984076856,2.611866663506672,2.7970477894187997,2.6944966615284236,2.62981642232338,2.628934100067112,2.5396992333744586,2.8820952989769606,2.8242984438029914,3.0970875854584543,2.516879717516562,2.4107460862216588,2.756588682691701,2.673143433790367,2.4153150966275305,2.635725926009941,3.4867545530438733,3.134220973062538,2.9117640616341856,3.370533209931994,2.8061415150078317,2.672747018161188,3.298270138119015
Apr 2009,2.846845055647095,2.5294820804123828,2.6081300162984995,2.6166705680937534,2.8332099063697744,2.8828291750887196,2.4768295706057004,2.4869230174665202,2.7787884902815936,2.557390905900789,2.8820249215768343,2.989757855022478,2.883531132365804,2.6176799842282743,2.793106943725471,2.651246445258342,2.6298318999196275,2.581067208575267,2.532328281902387,2.9050534978479345,2.8280980781709206,3.077286075208467,2.527045608307871,2.3995761968306675,2.8032937039166383,2.6588370155798215,2.4622640971999594,2.671078158611282,3.4885903267636036,3.1082184703490743,2.940338422957488,3.3672437430899476,2.7998871528134592,2.674489112622997,3.3162511804845813
May 2009,2.90455861626198,2.5032979331228034,2.6428982348907213,2.6541472221493065,2.8482611355588916,2.92417282495637,2.4875862535678777,2.513050971574598,2.812774324617674,2.559398357742485,2.909343603278078,3.0142021064574447,2.8592403152682966,2.6826715409056057,2.835371202542317,2.6931679101735355,2.6160584802996176,2.65123753529081,2.51485229473557,2.915557402087209,2.882388904708817,3.125605927799846,2.5195335921216686,2.4149161451959418,2.8257626136118206,2.6095384257906655,2.481750765613346,2.6790990420034575,3.521885139625792,3.101311756768058,2.964591505142779,3.321744552565992,2.8473873284887556,2.6899869653913755,3.371616866865956
Jun 2009,2.896354683585454,2.516133748466552,2.6494727531018665,2.639657952775127,2.8820393408326535,2.959050876655994,2.467574264861044,2.5231942773522,2.8258667740473222,2.546896763452804,2.947324884184807,3.0572540945725972,2.892864793604355,2.601611110722958,2.837372735544754,2.6989246882610636,2.669149849397143,2.669787857274589,2.5336805094237045,2.914670628116505,2.895111704557904,3.110742704324004,2.5559138137973734,2.4597186015145147,2.788825237367783,2.5897314108577936,2.4666892818413397,2.6861227075506973,3.591602975825974,3.168512429005896,2.987070608409826,3.3874217212993476,2.8684178518480015,2.7213521380351993,3.408774974797446
Jul 2009,2.9301549382157095,2.5490655239746003,2.703348814543087,2.657405806000748,2.9057109255867517,2.9846744280228834,2.499891382526237,2.5304379341603274,2.8722231619219847,2.5598005280881804,2.9764445676199895,3.0907275916234345,2.9053655419707987,2.6313141854110857,2.874363271351705,2.7436714576464407,2.6687648058290656,2.6476752711476768,2.5572849868529204,2.9593420427985437,2.9065366051750967,3.146292245501981,2.580699698010387,2.3519481065770096,2.8284798303471974,2.6422182628403923,2.477528124613863,2.7265312045549046,3.623186038241743,3.231661249133033,3.030917358316002,3.4051030599248175,2.8918191066533536,2.736682442397967,3.4822354381184732
Aug 2009,2.9634145364953737,2.5593666853865678,2.6940811397151734,2.659394813449852,2.9645752498002453,3.0080645081725534,2.4847395515233424,2.518503335879315,2.897726041024156,2.5878464832554933,3.014337256418385,3.1240771883022838,2.9082596493868635,2.6455190934112953,2.9122715987488057,2.7385639635727137,2.6914455173958873,2.6632423069051256,2.5616092206462966,3.003331724528596,2.954311048646116,3.181406902497947,2.5873081985644335,2.412450963074136,2.8734443969976886,2.644719450980892,2.4649121940317893,2.732398645013651,3.6336398225758155,3.2612500393638824,3.045534545348993,3.440473506372282,2.9359636646427694,2.7664056476167787,3.5040287791605293
Sep 2009,3.008126563070702,2.5938760665955813,2.6918528525105248,2.6724417068629984,2.9787290169261524,3.045341548664885,2.5099450558752054,2.5540391409586247,2.940868509181668,2.6116590033043785,3.0736672214796,3.1699217130158717,2.8918716108479168,2.6690851947743264,2.923668877040434,2.7485067208660285,2.6871648943475157,2.665805342668897,2.5753147665804423,3.0046355124442727,3.003323034224074,3.2376685690470066,2.5942806079201444,2.437334985737456,2.886940896839269,2.6642482579162547,2.4836244441619595,2.723183778926603,3.6884183136601396,3.2885396445785626,3.0655901995968016,3.4743627428447073,2.9445979273316976,2.794722431386772,3.566414141945649
Oct 2009,3.0329675058925116,2.572234186807298,2.727655601672504,2.6892570672014164,3.0061420250830992,3.081665229698555,2.5568665942714355,2.552398456313468,2.9571101268562243,2.6102383328071856,3.083290186720392,3.2245585263243086,2.9556065551332322,2.6407875415516235,2.9360663516065344,2.7837731035847035,2.6748548934873706,2.7108205761562703,2.563611045844876,3.0402571063094173,3.0048241534237237,3.2701964829588377,2.618691891058924,2.445865719007066,2.890940369443944,2.693560663639517,2.508917094949568,2.70979576137078,3.7259035096934725,3.352513038302783,3.0964425923318135,3.445850536824645,2.978093737848041,2.812202273103408,3.615304489624018
Nov 2009,3.0748346305162175,2.5905674953719493,2.7594121691868088,2.697280936909708,3.0261826800533114,3.096511534635689,2.5546112642377437,2.5699863446719293,2.994791307607894,2.6302172113883757,3.114955744027961,3.263257570687525,2.985964010527314,2.676028409422478,2.9735264550958074,2.786193927812487,2.720935848238852,2.7581071425291355,2.562728455838595,3.056176417363488,3.018982882053906,3.249604532264141,2.613501155207,2.4871074050804682,2.9196946252630496,2.6946528445041156,2.487331820080687,2.746789746079523,3.7481243161270466,3.360530396057431,3.118440687016189,3.5116358113120185,3.0170359158326407,2.8124915492063662,3.689231675641953
Dec 2009,3.0891905039122673,2.6170251401209264,2.7720162675073374,2.714685038162671,3.0400098738482817,3.1211435951268744,2.533075888300746,2.585729796560007,3.0086715679227707,2.653993777158005,3.1478745632715817,3.29501445109045,2.9814450906167855,2.704788930201845,2.9785272142724057,2.7908420873982394,2.7259021669981687,2.7472489843224235,2.603617319245117,3.092294429762217,3.0435810514385735,3.3199691812762135,2.6545371722645923,2.4521961324787993,2.9559241274418806,2.7181172432120375,2.5170008273007247,2.7726864958091504,3.767921539012877,3.4422459911978636,3.1300139763896415,3.5212399910242556,3.032348229127422,2.8514184997254652,3.7033808718865036
Jan 2010,3.098789086993361,2.6267675157969372,2.811785924781199,2.715377613876351,3.070743763395634,3.151939533000909,2.5174877502801207,2.595088839594377,3.0518250494151857,2.6040416848646655,3.1784534550706605,3.3208481399836898,2.98985210138719,2.664339567350109,2.979434304062518,2.769060321958238,2.689796245872328,2.789951796846646,2.561522086917103,3.1178032053350444,3.0387950029882136,3.4271708584240446,2.632376011068586,2.4541204466683544,2.888919213033795,2.682903304056064,2.5129269821499287,2.7465927542540873,3.818003067305177,3.432830887327596,3.145663183453248,3.453850043644218,3.0563407586113183,2.868236454217414,3.7619880133889003
Feb 2010,3.121253982988519,2.6633499115060935,2.7552123899143584,2.7296959836165176,3.0713506668597432,3.1332555235919455,2.5258085416509544,2.5898940252146105,3.022822939098244,2.628332348183823,3.1951654479004077,3.343762499226034,3.003259254773994,2.671209028832353,3.0116123289347354,2.7891981165195654,2.6873126984771214,2.7180627685918775,2.602328916099762,3.1049565642362893,3.074603353226147,3.325658161058112,2.6560025175217987,2.4093936083393057,2.963981949404071,2.6943951193380435,2.5297929993831483,2.7598497002502085,3.856331149798963,3.46065159057611,3.152380503346374,3.515534233323411,3.0393070697451936,2.861559490905708,3.748462393921461
Mar 2010,3.1227581885738993,2.636843677965964,2.7873663668868103,2.73038883723153,3.082487751050464,3.154756875193082,2.557152154198521,2.5901648235690753,3.0577939896771005,2.638511732712092,3.19037797400156,3.3552544969739952,2.969524410118933,2.6572695321113993,3.0425657579529246,2.827745462782313,2.7085162164769545,2.6995412749644463,2.602802296395341,3.1255342422314367,3.07563110631617,3.348254946380072,2.6530292177890096,2.465081434432699,2.9416555956015045,2.6987882457189394,2.505929824550849,2.753351423970546,3.8591706603710105,3.4776970336245,3.1686126127252505,3.5550835649723602,3.068874132027994,2.8532533352178957,3.8046856287519013
Apr 2010,3.184403684404971,2.6623923608400206,2.815240862887303,2.746152087113173,3.0932728605116155,3.1788442432321973,2.5238316227551234,2.594457343626753,3.0560941845623493,2.6471072328086356,3.205990361928104,3.3644237765026586,2.9876151143247287,2.710850764797683,3.0420816253562784,2.829025288107953,2.71286960669968,2.7752532396789857,2.600375513805954,3.1629911032534874,3.083934572179732,3.3375262261973377,2.6755196344070415,2.4931954806278904,2.9616155443261905,2.7048835796964363,2.5398277819298327,2.8031681636725914,3.8947068218474286,3.493045476130143,3.208078009544282,3.551055678623542,3.082242232913778,2.8767711065766335,3.863384964342371
May 2010,3.181877573311611,2.6436450238096403,2.806254308858474,2.7567906720044935,3.1269707935300946,3.1694635113131913,2.5422995330923177,2.588401640776086,3.0689207055104863,2.6674519957410934,3.2548141883850006,3.372691629783249,3.070489288097145,2.6620791866579037,3.03609165942647,2.8152133544055427,2.734889915796475,2.7538922835555235,2.5844219680191745,3.1526774393993735,3.114817534294268,3.414533263325515,2.655578748061593,2.412673832205871,2.96573325289454,2.7104868026243154,2.528626259220437,2.79732932832164,3.9167106198077275,3.5184529485853315,3.19082847578195,3.5526407468667003,3.1275529485127866,2.8745998679178832,3.841886738979129
Jun 2010,3.204073771514827,2.653521852276022,2.822815425805546,2.761059872354795,3.1340723902805427,3.1871090285841746,2.581960255272529,2.5967850249449778,3.0904017412190603,2.6721570435683706,3.270193450565954,3.40470894333457,3.0034160427417507,2.728797472714811,3.0850733860883417,2.8421961183893947,2.758142745174657,2.7622171960918855,2.6122198534641887,3.1746940117688007,3.124533798071364,3.422893859546146,2.7100403793210712,2.4546052489193673,2.9970587385367855,2.7447280508893206,2.5455892167433376,2.81200630954071,3.9768501926930715,3.5581972156772266,3.2009079153397186,3.5648303951667937,3.1277965128448955,2.9000419415244902,3.8242015963096185
Jul 2010,3.2157921334171795,2.6641066859273397,2.8128238133482135,2.743601774568964,3.1432868261227274,3.2179051329664072,2.55135386459493,2.603550596271017,3.102053308825545,2.638677035919419,3.25980801463396,3.4136301794504855,2.970528924152054,2.707569409040994,3.0840447041589827,2.86463454648751,2.7484218925310384,2.770396810569602,2.630115199793123,3.194671447961531,3.1455833304596106,3.4549397974447507,2.685300250475616,2.463378075796194,3.003073094015013,2.7187614405364746,2.589092151040075,2.7889927122024134,3.965331543087131,3.599467143311502,3.216812682922889,3.599861819934945,3.14515088310177,2.916933613756123,3.912200589076782
Aug 2010,3.2198248384359727,2.677568262321642,2.8309940337632704,2.758920332171105,3.1457302985995415,3.2042649834909587,2.56388583604393,2.6200974265145844,3.095861564839036,2.6704145228528797,3.282899596821001,3.4141424451223905,2.9966226210005695,2.693253336622041,3.0725126081429837,2.855386731509804,2.7450299592992033,2.7896741905796376,2.6322933900276735,3.191734441271011,3.1432411797204733,3.4471656980722982,2.694250882064186,2.4717979649911053,2.990028229983095,2.6837131093393323,2.5551675629734927,2.795238297374332,3.9715705380770703,3.61001640986071,3.2089170676594123,3.5916672060443764,3.1546767894265915,2.904136345138212,3.96281964787831
Sep 2010,3.2174836699368043,2.688479336679315,2.842352499856666,2.760018893350231,3.154512360144929,3.199846074307237,2.5536944635838204,2.611553642718114,3.1054280194696893,2.671767269078372,3.279214873249115,3.43795602132376,2.998267443549835,2.7101504066535993,3.075810816528095,2.875610036626491,2.7322258127845678,2.7483297748644415,2.58651480563047,3.193362159716638,3.1486871738001985,3.429109774250541,2.6757555222450193,2.4645334819368006,2.9819643150342157,2.7469584877067255,2.548604223829413,2.787203715271383,3.982817063435433,3.6095490724496733,3.2206504982002726,3.622086973693476,3.1566149367698775,2.9138533550409496,3.9171509761597063
Oct 2010,3.227383668375942,2.6579596909381578,2.825225415639764,2.725393593608106,3.1327583462211956,3.1625825635709086,2.5185866923953624,2.584889795228187,3.079746019693225,2.6514436947132545,3.26348250706262,3.42760851628995,3.02212178467913,2.6638888721940144,3.0982399492790687,2.832533977954693,2.742908764972029,2.7578460311869226,2.628646440033897,3.1927430919729622,3.123719947092399,3.447917083224395,2.6471492747823677,2.422759703619803,2.9480768959944266,2.6956643049403435,2.5210530468386825,2.7653565998446843,3.974030911587593,3.5809897482028106,3.1916691425177195,3.5512431820627426,3.129353431777204,2.897934456635945,3.8984758883879556
Nov 2010,3.2030857803577177,2.661117923734297,2.791554088049277,2.721457779513469,3.096556929539714,3.1759888455440635,2.5283317514495383,2.5697704599169033,3.0728826446986095,2.6648564518182702,3.243214592562589,3.394619490890918,3.0076213721300475,2.644991608077022,3.055365715417844,2.7635334166290604,2.677242532878524,2.792271915390653,2.55888993693014,3.1546665140315353,3.0916812208875992,3.4055426282405077,2.630088094851356,2.4492912003753364,3.007917854998099,2.683327148836404,2.5480059577174266,2.7975268375830997,3.9719025888973376,3.593960627098711,3.1786166649050305,3.5711907658330917,3.112742622202242,2.8862543311437774,3.9010884564851342
Dec 2010,3.1721359068172927,2.6511089430399273,2.802526623918491,2.718077038339817,3.07574080529307,3.1645893161084206,2.5114677516052524,2.5510587624458747,3.0696634203809197,2.6274936687106023,3.234522620538159,3.3802059101658104,2.9567454382527876,2.6774249537188894,3.0255815383151945,2.7999993877263014,2.6983193609998235,2.7520058386001796,2.608361395274002,3.142674847111085,3.0958623496710005,3.388243189531141,2.6375559902432992,2.4315756025853696,2.9756900633439387,2.6611930466448843,2.521093306468667,2.7358826260920033,3.9583537901328083,3.5891586076527466,3.159900841926313,3.512360549503112,3.1075484437287546,2.8802255897870657,3.894094886430634
Jan 2011,3.196897849486609,2.609576923107757,2.803926113946684,2.7138112275090696,3.061024169032036,3.1326300380479157,2.4580098218793496,2.54541638184628,3.0196944893777298,2.62994310881166,3.1970979130268393,3.3921678114795415,2.9296637056344434,2.650446474096293,3.0112000801100955,2.785672420672337,2.7033683535150224,2.6885432803690144,2.5432969571320108,3.145619186571591,3.0739966688932556,3.435780800682861,2.6264236953428,2.379932369029892,2.898414490940374,2.649263332163169,2.4881079584889427,2.7666081021500575,3.9945544436886116,3.5532612754495063,3.130500954330032,3.540915797971978,3.0642460673235634,2.862730445316186,3.8707470084655826
Feb 2011,3.153335955799833,2.595936630740214,2.768108760369695,2.7097051624315385,3.042908130626903,3.0922713095421224,2.4578944292903033,2.548417996231616,3.042775923113039,2.577721669739384,3.1936592184573938,3.3196861176240353,2.9774704625811976,2.609474673633571,2.9999425473417167,2.781078751809857,2.6662135416383923,2.7143256653697803,2.5924022125418307,3.1328723352769265,3.0609206961577438,3.3807000801286002,2.620579958150492,2.3409884761625417,2.957802394159928,2.6412805370384724,2.469553623739059,2.6854078826610053,4.021855233051989,3.547175615938625,3.1198931127218645,3.522543056025008,3.113350381074987,2.8465149552924234,3.9078701890305934
Mar 2011,3.162824118853943,2.597436209957217,2.7546022938012977,2.667831259284842,3.040030422112344,3.108811754786864,2.4952124095433605,2.4882405566568786,3.055872726903428,2.6001219732362073,3.199966780563305,3.3297486563788596,2.982903767791914,2.621238082535479,3.017121866110148,2.776650072560361,2.6673047967945944,2.7369422063671203,2.5170649399145963,3.1277159501631493,3.041356192708885,3.3676031663650163,2.597183014081762,2.4178742280591625,2.8781807504244727,2.6308452965704165,2.4634502963521925,2.744573435215695,3.9361756871580167,3.552994900053183,3.1201012719549186,3.4872270280561213,3.0589421866687716,2.850096114346867,3.9558271680501247
Apr 2011,3.161807688285424,2.5931593314573305,2.7623307328002658,2.696482892159223,3.067035839300701,3.1432699525613104,2.4834237922793343,2.528341084972176,3.047125626655315,2.621896807285647,3.21293551770943,3.3719438408613365,2.960784797345925,2.6359357780886947,3.0065968711177176,2.809538430587264,2.6672748238849016,2.6993734653762678,2.5417141214069097,3.121626065449062,3.037712042254277,3.4059737527735536,2.643624591109653,2.3922947409739552,2.9389589932787734,2.644756030015741,2.5053168736161693,2.7390640352442834,4.001918835595917,3.5840021821065844,3.1472410489274627,3.523161353262089,3.0966501783227303,2.8421653310348187,4.016691959085183
May 2011,3.170133353599825,2.5718245835725417,2.773138235148553,2.6954943643836318,3.057394284942219,3.1375113580053853,2.4909940616150155,2.5513798271927945,3.04092812119885,2.59829879018331,3.223878501565315,3.3990619391684453,2.9569929363573912,2.627184383130673,3.013642318410039,2.77355381646994,2.677452436009501,2.721091750936276,2.5186962529171155,3.1245207140309175,3.0752556009023824,3.397819705712659,2.626142586993912,2.380165524386775,2.895409421073205,2.6945349035998776,2.500973671981799,2.7498481912097623,4.001154444717913,3.586397638350336,3.13523612043188,3.515967657737116,3.086932239940885,2.885118072140291,3.994428032587503
Jun 2011,3.202159518466503,2.61812988822064,2.794432216607214,2.6944744230102002,3.0887585685436867,3.1215678727267613,2.4622047369039075,2.5425703520635254,3.0741725561844686,2.586815745391436,3.2429599650559,3.3552950603364193,3.0361333679820657,2.6416560372861113,3.040927794432596,2.7704474450758894,2.6841198124879764,2.7219198721571263,2.5518745514105774,3.159374282437527,3.0990087872816696,3.404684868391534,2.626163685625915,2.3736503252405403,2.9443445609470933,2.6285711184771112,2.4698042687750945,2.7371266325704378,4.044210335350672,3.597041031201767,3.152159524022164,3.5154897104565768,3.1058146507510074,2.8496028758362257,4.045328209238171
Jul 2011,3.185240711149144,2.6143274624642014,2.7835329980933246,2.700236568532143,3.1020578275502633,3.1512630208517165,2.458339827879702,2.522902101907109,3.072199122038184,2.5914747830618508,3.253570063158777,3.4277413180565253,2.966379457755385,2.596707140843103,3.0386736473297695,2.802175924733543,2.657383876140878,2.748421349436717,2.5401803241779537,3.150339687711504,3.074183430258365,3.438318346157336,2.6205068186677254,2.356298821244682,2.936532220936625,2.6279360267241643,2.4726890042677896,2.7485591776268494,4.074006757653839,3.6519652380106162,3.1721501713088216,3.569015134352477,3.1298958369962806,2.838780591553137,4.109768085927973
Aug 2011,3.205692168791953,2.6005741983841286,2.7864237327649994,2.681258379434236,3.0915404366584704,3.129751478541874,2.445414982802088,2.548492218161092,3.069840900714371,2.591273387579224,3.250862156277333,3.4597495112646524,2.9517600077226986,2.6401778239364733,3.0492598224584984,2.78310354070966,2.6717940573693126,2.700854739333703,2.544979936944277,3.159324109106683,3.074213801879589,3.4431352243025906,2.6315695660802274,2.3618670661798027,2.9443284155925595,2.6407910546637323,2.47491935697486,2.7734676632100803,4.11890979408449,3.6601527971621484,3.14245139474311,3.5197599944794278,3.1151437620508404,2.867227454758533,4.070390123438766
Sep 2011,3.1802764367447103,2.580320719811935,2.8099560738007043,2.7092444987376414,3.070156376558597,3.1188802409812912,2.4714966358068673,2.5221693027027485,3.0561141076159366,2.5846586458993785,3.2609873639627303,3.437665087637566,2.9600858665492313,2.6124066828866823,3.033834909001902,2.8138943816893107,2.6561411702778956,2.7448337773577025,2.5047148145345157,3.146896011400708,3.05100069557143,3.4588940063957163,2.623815056233409,2.3425014101944885,2.936756440707445,2.660194504518517,2.464337321150209,2.7302259153865163,4.086524750460136,3.640870477449878,3.151730442929344,3.537390181056966,3.118258294398984,2.864384249399116,4.142468919108932
Oct 2011,3.1755062261362377,2.5744414738665764,2.798156646903803,2.6830541851188707,3.0729400315459894,3.134422753283562,2.4497232272248834,2.4996789624057265,3.0609417464235893,2.583126215660407,3.243747372906689,3.4439765615343414,2.927700037465481,2.5750833342603276,3.0404430159230666,2.7827179644719564,2.6442509612668044,2.6981063990760763,2.5237908495531385,3.164818284065135,3.0568255156406043,3.430081725918162,2.6139773526784182,2.356775129186146,2.926229244270027,2.62116071047273,2.4800712842849575,2.73595630274462,4.074354249796813,3.6547139349693762,3.153808233317235,3.5125197961020684,3.1292394165706066,2.8626848634908355,4.088375851010325
Nov 2011,3.186737813049455,2.6089895991217147,2.8016761905217966,2.695295433419904,3.0879067126835276,3.1409502704634242,2.4472425982544177,2.4961344188054713,3.0673109038371904,2.5843954768961916,3.248103589440535,3.4433172507088416,2.902371290238781,2.6113743063560375,3.0460485579582763,2.7892016021400305,2.623711375884338,2.7214000768842945,2.5270345533741936,3.1426927573044727,3.052564690828511,3.43450819674248,2.6088169353661628,2.3231546801700937,2.9301359720177502,2.6442160808403696,2.46371693804978,2.733578670328597,4.0939490013678075,3.654615933070958,3.131033903451204,3.497930339808326,3.1220847489611745,2.861133977043211,4.111886121956177
Dec 2011,3.208422284172249,2.5984487096767848,2.7806551709359684,2.6839629452252933,3.07482599232516,3.1388321506040793,2.467821304409956,2.5047913058919358,3.059887312651658,2.5800581984409097,3.25676307636285,3.4824653231266822,2.9488216726009244,2.6212104863824326,3.037643230638462,2.774741983870008,2.651376099700906,2.7152849940115447,2.542660503694256,3.1441273111450534,3.0616912308486834,3.419015335738086,2.620485566116162,2.3741709171966288,2.8666745949045294,2.6408165627342024,2.4396056961015664,2.737148376865096,4.149655050456561,3.683167121388742,3.1026840258898796,3.5364899361558644,3.1182306066652994,2.8393417663807448,4.11843663622802
Jan 2012,3.207674886423315,2.572798327720248,2.7750189860387464,2.6731213391095827,3.073238100935432,3.109074482926756,2.4301736042131403,2.4806974094359595,3.0519455232805335,2.557671138268534,3.2369056667140517,3.429086982853764,2.9057413488460453,2.5588667868332013,3.0279287177527494,2.7967239636599905,2.5976388288288264,2.689228793837642,2.485488147272327,3.1507359849664036,3.0491205541478834,3.4197165170155204,2.5729488976644665,2.3020996026179867,2.942257123821911,2.576262897375197,2.4920338616235926,2.7258503015133715,4.132797854765098,3.6566874900206585,3.1242399932940277,3.4745867277915634,3.11398597923342,2.8549490873009145,4.183306187313011
Feb 2012,3.1986218041770957,2.5673917443393277,2.780201811800252,2.65463004172144,3.072402791052045,3.11427384883791,2.4074783487282017,2.4762626035515503,3.0475118578335234,2.5596097310604256,3.2560125856167472,3.427646345584129,2.9204945234135233,2.543741268200322,3.0206350990993998,2.741064579880453,2.608219683674273,2.6767708940634725,2.5107510801753756,3.139073021403888,3.038287884175677,3.450750428356403,2.590513484258416,2.3059156389417717,2.910405985603123,2.625980343404309,2.443670336016655,2.7009138850533043,4.155991751107683,3.7049417062161774,3.1140112514820846,3.49630882856916,3.129366980071216,2.8072801273636947,4.131260413996793
Mar 2012,3.1875633981981313,2.5801279143355833,2.7987385151860402,2.6782039748611473,3.076632550409235,3.109030237724031,2.405880103555597,2.49070021493413,3.067765326812908,2.5806777700006918,3.231106613863437,3.4301374079536373,2.942178566182587,2.592722734950133,3.0301010789580367,2.778434366165049,2.6054324764255012,2.7438156777327243,2.5060764068333974,3.1186601005309607,3.065628448462967,3.4213080425462183,2.5912726873734635,2.3193332493886145,2.8962889531902083,2.62764675791783,2.423644756750977,2.7457913718066727,4.121586475858951,3.658316342234011,3.1216204911539416,3.4891198079605847,3.1111358847990456,2.862907837714744,4.1668829859905365
Apr 2012,3.246992521986133,2.5668419538206027,2.8228463694474493,2.659158142346861,3.0883864162813146,3.135198402672497,2.434741912837259,2.48236108436765,3.088562582151687,2.5882782014124124,3.2790768910793555,3.5452550595130203,2.9266528407353882,2.6405160356318325,3.0525929892601114,2.781196274150471,2.6620537855211652,2.7070228880642317,2.514177681297452,3.1796620909853353,3.084097090173456,3.4867620224142093,2.6011085737203374,2.3151814650142386,2.9364432984270796,2.6017707217456283,2.435120311211517,2.7182531925110713,4.226349738613353,3.7249229944466924,3.134592271448442,3.575788464592817,3.155189354237582,2.8505869935299772,4.309928788286013
May 2012,3.243522511897575,2.6188401206442378,2.7996686530812798,2.6756889848705345,3.115444705822654,3.1665154566912865,2.397875428700077,2.5068630232197027,3.0871556375553673,2.5767981431562808,3.303258796286348,3.5556936763630795,2.9038883684794556,2.6029770853855316,3.0497524957052717,2.7889920636565693,2.6473393664322815,2.69948525528786,2.485724313522848,3.167800659063225,3.086532014866518,3.532333849098767,2.6389536907715234,2.351970380975576,2.924379876697251,2.616862923668062,2.4456886262169246,2.7183395705106093,4.3112675218264584,3.758355033693982,3.1636488304070576,3.532478629032158,3.1636818604399517,2.8741944153402685,4.364400331320036
Jun 2012,3.2252902452855947,2.6349848932168274,2.8215904061548094,2.709495915073465,3.1423508306403116,3.1550813128434663,2.473652911622244,2.5153071086619994,3.1007781229867173,2.611383100755296,3.3307374944322445,3.5405037896224694,2.893931741079785,2.6036436458915424,3.0819873093278667,2.784952874740292,2.658628391695655,2.687411885638465,2.5124463844402207,3.215119635657206,3.1018905591499544,3.519835924806649,2.627632110254764,2.3640924874993963,2.960988738277097,2.6233420687469264,2.5063044712929705,2.735021577988896,4.320292202361369,3.815576950304555,3.1550509193830085,3.5501136785968384,3.1890303774936,2.90401961577756,4.421824632929507
Jul 2012,3.2639411593939984,2.5948168289007247,2.8228402027212294,2.7014647284671964,3.107456663229945,3.1656360998447535,2.433475188015425,2.4913583581487435,3.090785200700596,2.57895969076099,3.330066120871892,3.5618449942936614,2.92769447398817,2.587840545724701,3.0712585543608597,2.8004255495412647,2.650338639694615,2.7181393753747534,2.470533249588957,3.188648806794943,3.120955663270035,3.5274489933280493,2.636007977206201,2.327082423075336,2.914894361248298,2.618538377280105,2.462531409379333,2.7464467688540046,4.315319313269554,3.807287220589405,3.154603324134827,3.5439306830359394,3.188940718396941,2.8964515852056127,4.434102293618518
Aug 2012,3.2622751069924876,2.5917088017706296,2.8143348555676697,2.6834749328822944,3.1471921869113433,3.1546693012380227,2.4025956359624265,2.4861363873074116,3.1088445426620726,2.602701427757245,3.335878715250349,3.5918330315843936,2.923997500168209,2.5875442627074854,3.0946541437470465,2.7637278050210163,2.6495054332437755,2.7402673631714456,2.5108700215453283,3.216473751836525,3.1435290119492016,3.5451900889725296,2.640727142161138,2.3356318660811937,2.9307050917871833,2.6082238876019246,2.458052176061245,2.761849918873033,4.383341839244156,3.8297457066152236,3.1664462034293166,3.4903558250232707,3.202028937467077,2.877433281448481,4.453701915356375
Sep 2012,3.275319483285233,2.6158025154565805,2.824854958428268,2.6910007744923097,3.1318946184984338,3.1457230816033186,2.416747220026179,2.483862089458192,3.101991949369109,2.564994656418599,3.346559117759109,3.570018450865007,2.9240739829087095,2.5924399038250208,3.094406363527974,2.8317247535701293,2.6341829603406617,2.7153110281540456,2.4626999605856574,3.204343408368754,3.103428623815359,3.5226717063549025,2.650280195819983,2.3134142174079297,2.917383864024147,2.6062279214127875,2.457549981660631,2.7314514754673582,4.3869591302985524,3.8081728621085023,3.17741480884676,3.518419554765301,3.2131966861905763,2.8907928812177213,4.45520189228243
Oct 2012,3.2535276557584045,2.6049128696230306,2.8145298736712476,2.679669247872759,3.1197610746670508,3.136273878193255,2.409923552165995,2.467449454023467,3.101534044818166,2.6000949907888096,3.3303982522706086,3.568333665754061,2.861720192275201,2.5684451572588105,3.076716174481109,2.8114411112912068,2.632555051585976,2.7203585654998794,2.4563468874329315,3.2179606532867404,3.1105752102660085,3.550051684802593,2.6401234102979623,2.2875727033980757,2.9365510452064707,2.6556747779078447,2.409714110138598,2.742178024515441,4.385973849281863,3.846382822898676,3.174537842482619,3.516651344760779,3.1897849302946635,2.8740192123713557,4.414804417180458
Nov 2012,3.2552480134878055,2.5823086950888987,2.8251182444265472,2.6772362687881284,3.1400102775727277,3.1514389016368902,2.411775469094051,2.4755898592620116,3.1114183595861884,2.565990875072058,3.329817661971738,3.5728119674921417,2.89611685273169,2.564850709300253,3.079252879643959,2.7674879773693752,2.6239060648423784,2.7117303384592812,2.5049212957016143,3.199684753595769,3.1206518990122274,3.536157618282344,2.625058561210101,2.293836145225455,2.9105083395660243,2.6250961637612846,2.436389679524973,2.7275900137543587,4.404318400847952,3.8320300920500627,3.1583229308818215,3.5345914414318105,3.2167765351943323,2.885408374813411,4.417114234671429
Dec 2012,3.262550038934193,2.5959738906476293,2.82849225871724,2.67990316872718,3.1367983108958084,3.1474916809500146,2.395114678659047,2.4827992040844413,3.1023328953787206,2.5820161968268516,3.3455649785291683,3.622272159289617,2.8992559898507784,2.5782852857735783,3.079016573053691,2.816484369282028,2.6278819538879277,2.7192766242145883,2.4634491502812375,3.1815934284382523,3.129479016295034,3.5434020682276,2.633780647866745,2.306683995590632,2.920992689929324,2.599217243836805,2.4519250910530466,2.7728703992528856,4.421766330995043,3.8631851269617,3.167323896418253,3.512757403305695,3.2128178728537518,2.8929674548242277,4.549905108023813
Jan 2013,3.2517263540647137,2.6043316220984845,2.8184228826076643,2.6718267159909512,3.1222228368627385,3.1444877206962363,2.372929633876403,2.432962889929622,3.0864243506285605,2.5336604893948134,3.342981553810566,3.59248577573475,2.8559119882346633,2.538497548370914,3.061763904502913,2.795301117150144,2.6194108245289556,2.6859888522685003,2.483691229051129,3.2133314181737673,3.1247727528249603,3.542691348296283,2.61507551719504,2.280129139181451,2.9253083409634923,2.615090016802119,2.4006924500066673,2.731264324200652,4.368055181618262,3.8754500356298647,3.1434954705573257,3.514414974021612,3.1992844342765414,2.8479215617080658,4.5089518258298495
Feb 2013,3.262786465329793,2.586228528219771,2.834649662490953,2.68211073724754,3.1326808196083022,3.130639294029405,2.406608360647386,2.451299751180168,3.0708840974500022,2.5916363043347035,3.360207767137702,3.612218279189622,2.879454201436406,2.5472283971546505,3.090599463069858,2.7631204887255905,2.6634742063641466,2.686173139545384,2.4468114249578523,3.1674950229279486,3.1200598297498976,3.5643832791489483,2.6150187395019127,2.282320311561232,2.8848324435799753,2.6164917744408496,2.4388545231483203,2.7230402984157807,4.416240728636737,3.8457901074357332,3.1333800907574316,3.498979401614884,3.180448995725191,2.8698175175175247,4.54529038500395
Mar 2013,3.282366804526489,2.5914486030118162,2.812375321759035,2.685663208764027,3.143584868006867,3.1591932165995407,2.3772669745089727,2.474024454597793,3.088144266492713,2.555384623794875,3.340195629191243,3.695446440105964,2.883342290254511,2.549128135450335,3.0823360118708703,2.783766510047728,2.6081063235834208,2.7221239529048726,2.475045643771711,3.2068152439649067,3.124439008860739,3.586662589109617,2.639133527142424,2.282098034450138,2.9161561094765234,2.5793245088914176,2.487829736052303,2.7465333623666544,4.4119453380341005,3.9282535482205367,3.154840564835722,3.4926727968855236,3.206277040513021,2.892263840217555,4.576114145457957
Apr 2013,3.2906133403857813,2.5978003110398267,2.848713603222202,2.6916310557020937,3.1615832887737096,3.1641102714398825,2.444188450969513,2.474097602680753,3.1069458684531357,2.6029431350992263,3.3773368034265023,3.6753840912736675,2.8951977463285252,2.5792419508604896,3.1170362995495315,2.787081344603212,2.6305723355699855,2.6904207810237475,2.4294740589355763,3.2187228102248087,3.1590455724826727,3.5653100822357833,2.6435921179710506,2.308593369658081,2.9276038088293115,2.5938226692876762,2.456134797128435,2.744342600199461,4.548996981050951,3.908142219389894,3.176392100772722,3.502160592611372,3.245916574816261,2.8970421979450647,4.688261496284229
May 2013,3.319869256851163,2.6277889012661646,2.860537346195528,2.701368267393489,3.1678138857469693,3.1971120777371134,2.4187979118701235,2.4734433781446437,3.123497734512813,2.608232173447674,3.368128569103865,3.7074076791204096,2.9265860211675996,2.5629739420103363,3.116375019376977,2.8125163392899597,2.6242473973639173,2.752668135834128,2.4690993498631313,3.244384344454847,3.1643513365632474,3.652509736336157,2.642417527855959,2.3315468972607514,2.9461787552117573,2.6446945038424023,2.4611760250023553,2.8015135065128343,4.577072084067658,3.9472063180722663,3.1648779963327125,3.5346101928643954,3.2463731371966826,2.929382059344814,4.672034029365421
Jun 2013,3.3752422215426017,2.660243718002801,2.881120093172286,2.729282406554261,3.1869653675133067,3.181664579708887,2.426851395970051,2.493377798583716,3.153939078477079,2.604219051470495,3.434833195307325,3.726680422299417,2.8966877774810715,2.6174680879435934,3.140893219530916,2.8288717859040964,2.6587710698052494,2.764520640189508,2.4937955863338406,3.257892679351406,3.2044601492815508,3.662633349030561,2.663084966869519,2.353190816899494,2.948743469340256,2.641107129070696,2.4649912770850193,2.7728239313603074,4.637350668144505,3.999057454951034,3.2079713472449702,3.6025075285051473,3.2990690705659405,2.9429244716015934,4.768716987036053
Jul 2013,3.362133130824273,2.640082484529606,2.8760921742887096,2.7425575225986245,3.198917546340327,3.205112389984893,2.4238523732349115,2.4771978641346326,3.164445315411564,2.595710479476231,3.429438672978792,3.778691125086458,2.9016079460083635,2.6350492577444786,3.1639093484540783,2.8445192546771003,2.6221875037323614,2.7486586527329218,2.472875312450217,3.267367867294894,3.199520633968891,3.6802571541040807,2.677755633872546,2.3525634295287183,2.980944683036898,2.6407317708573363,2.443767095100831,2.785359204679648,4.682353608282697,4.049322600360757,3.204874957846809,3.54189208866948,3.2938115504043886,2.9240015153500565,4.852272522301222
Aug 2013,3.3872362223959827,2.6396260214251437,2.9030767465518927,2.746865840745296,3.2119793355332145,3.2169047079900777,2.4318303561665937,2.484726879756247,3.1873167745422846,2.6174699389638882,3.4574158893654237,3.834113477775132,2.913269540749226,2.6338920819928986,3.1662616000319694,2.8445137080747527,2.6421304039649463,2.7307039387106626,2.5193593937611842,3.2983824079677198,3.2350271325811333,3.7494535982439934,2.687921762226352,2.324609443072725,2.9908676358910413,2.667939683548158,2.440667408488265,2.7717658768799343,4.7581666828927345,4.077629181459682,3.2198330743534913,3.5638679927829444,3.3154700915533133,2.954772016235804,4.890584004312057
Sep 2013,3.3866527466379894,2.652812865372316,2.9133036985276997,2.718249126104071,3.232861520864448,3.240066151114139,2.448890559702766,2.5173142270460787,3.191276430010551,2.6387987547718628,3.4958140569097105,3.852580703939374,2.901902152417577,2.6185755345259185,3.1942981194645452,2.848651776036633,2.6474560687235136,2.7580892346753036,2.526242338270695,3.321046767017012,3.2554000218183687,3.790794452931978,2.6878038666522257,2.339529225069697,3.0133881727157945,2.7020115341759015,2.499032909125409,2.816209270755316,4.805612000213671,4.071135810877102,3.2245976543526087,3.547893158998548,3.337449720308956,2.956981419706075,4.9739203386721
Oct 2013,3.4315967421366667,2.6645062864741544,2.887916805797815,2.7391233638012213,3.25340347567559,3.246576920390692,2.4082609514574322,2.5062869280431883,3.2087004462200373,2.6440127639286284,3.5054473223376457,3.877528402450037,2.9700530146229576,2.6060650258053077,3.2093932866427064,2.8561315069800024,2.6703538858023106,2.754813208687289,2.492635020997393,3.3397011106896484,3.249898225104184,3.810718140797361,2.7022998591985563,2.2940678546489073,3.008570687148975,2.648726376351244,2.4870321076037607,2.820502679179115,4.870246122432334,4.149654567814659,3.2324927511177353,3.5661668079223534,3.3678529192675795,2.981878345002933,4.939792429799375
Nov 2013,3.4265221788024505,2.680782639110431,2.9348909103282472,2.769416650202221,3.265646399932387,3.250172901284489,2.451912967873604,2.547387085654026,3.228329847286738,2.653111192693464,3.5233555154541394,3.9319042236717476,2.9414273901158348,2.6395077755439207,3.196803250551031,2.8580294077767054,2.678419713209531,2.7664882598036273,2.521375862654804,3.3356429226151034,3.2826828871874745,3.87339740229287,2.7261539647963575,2.322910008402381,2.966987232919218,2.657697225880223,2.4734738725823977,2.837675013623744,4.894121186771376,4.155528265914173,3.2330081914397355,3.594370610818856,3.355508353300437,2.988324249437639,5.037627674489493
Dec 2013,3.4734862543667258,2.679691958348298,2.92659333049688,2.7872990229893353,3.274979552153147,3.270783041748521,2.454233198657251,2.542929354613322,3.2411438365601466,2.667835797311929,3.5444557383440403,3.978036055339211,2.980175302372492,2.654762271649856,3.2689421495382662,2.885446622251537,2.6839379481000565,2.811750281439894,2.543403381682395,3.3682723462324984,3.304668380959355,3.886801640848607,2.75364599780153,2.356599543403787,3.0273830038293488,2.6856142538867145,2.507146025073233,2.864403994009948,5.0232880900111,4.209673645166289,3.2748323889691795,3.630831885504826,3.4163254695282896,3.024848270235525,5.148928427160545
Jan 2014,3.490041620351084,2.663359875500085,2.933303777493595,2.7713896519110803,3.2794791734465383,3.268982802481963,2.4579320094547907,2.5236433547125756,3.2704009522014936,2.643513062162818,3.5842116311360788,4.017186506184258,2.903335462483433,2.607491091618043,3.237678048742095,2.8959028028978415,2.6809927432079066,2.827091623469458,2.521912180086159,3.3779790528128397,3.3197086816835517,3.9151218512587342,2.743662395576796,2.3204594753607974,3.0329938805580667,2.690739397727414,2.486275831679159,2.879281920544451,5.056834836012677,4.265981751744781,3.2580011315595505,3.575955013733905,3.426018436024283,3.032368343582447,5.253717282059409
Feb 2014,3.499840482064641,2.6859315531419257,2.944337399767988,2.785271801930201,3.309107835744929,3.273627172190369,2.4655715749424623,2.5270370215065396,3.276381086930476,2.6719040389965287,3.59520806431072,4.0985155182149455,2.93292253757336,2.655946318098134,3.2697401072790706,2.8599147489223418,2.72484160735123,2.8154946131581213,2.555256503626959,3.3967103688415143,3.343918323749851,3.968778482260032,2.7366808058118726,2.31859635036037,3.0502533605371625,2.6855213379917435,2.5107854636533706,2.8942547302921477,5.144290913904387,4.265975125485829,3.276384428398305,3.6002852380990547,3.431005714432341,3.038949311347775,5.237815708877224
Mar 2014,3.548939825959252,2.7232987530441384,2.993700990240694,2.8044818090497707,3.331915566562278,3.3105713458262005,2.469293077234933,2.535885042362621,3.2973099705768285,2.689091418601254,3.606502201709225,4.130081396724918,2.975447846256345,2.6483134952167644,3.286328213038723,2.90619107417228,2.6787430879686216,2.8216823203089634,2.5656029163813114,3.409482939875972,3.366688899689399,3.982381202031736,2.7626736323799546,2.348586372228423,3.061084263468019,2.714376577065881,2.5057201207135718,2.90974836106853,5.235171940026018,4.343792935539122,3.29295965759762,3.6112899279643003,3.4547045933025644,3.0748239225481684,5.382329050487425
Apr 2014,3.6145492637144727,2.748973331259644,3.005099337351487,2.8088622190604475,3.369795748018846,3.3543805430767692,2.481064397829672,2.582742381295771,3.3273544670346684,2.7043804811980343,3.65517809558529,4.240524415586524,2.97841308002862,2.651461925732059,3.3317970058339723,2.906539457962104,2.722700421036722,2.8436098861511248,2.5486133785567997,3.4761270694915076,3.4325149673797606,4.095081040498267,2.7857629110520956,2.3841179093925673,3.0779735531962555,2.7164729175924647,2.5580403983818902,2.933508734878061,5.421993883112857,4.415565807286067,3.290960543186017,3.599056445492294,3.523903337481036,3.1019097961051822,5.481293273822399
May 2014,3.6608159706282177,2.743304412366395,3.0065659461142054,2.807379888841514,3.4247076908051177,3.3595244749913316,2.4787083156798317,2.5884526864735355,3.3523838647789317,2.7305990915122,3.7232701248693982,4.32496192384822,2.9621523351771937,2.7027058711932757,3.373112902739259,2.939761549243916,2.7479502561283145,2.855042186131232,2.589456525923316,3.50239961417197,3.466793983425484,4.215591532144881,2.81691428854027,2.375227214181371,3.072154022505627,2.7405546391843862,2.5529889204610514,2.933092224911897,5.512066723200023,4.524423257462247,3.336087385098016,3.6691427794401448,3.5595892474785042,3.1325056762300996,5.641648408052264
Jun 2014,3.710730182580758,2.786210412898313,3.0674555064492344,2.8450429884373585,3.447350003870472,3.3988092586376686,2.51754550010783,2.6252643851323207,3.3990508401109323,2.7347536538800554,3.7720248099319154,4.397085763275194,3.0014264009789153,2.7016972989213093,3.3972979825089014,2.9580550884201386,2.752612339519182,2.899202796394159,2.602711431888366,3.538529071497908,3.4784962112352695,4.256205504778779,2.829286811029568,2.3843052941639056,3.126736180522283,2.7579759032307023,2.5446848888128377,2.9637158341249794,5.570931494723539,4.653702585460268,3.3605806823359816,3.6557609165953826,3.624601144769119,3.1537813988809877,5.763101187477814
Jul 2014,3.762366786425143,2.7890606243647436,3.073912247663219,2.858995356053494,3.460313940112546,3.41119624747974,2.503891869143927,2.6161439537645133,3.416734513370732,2.752163639925965,3.815294041365859,4.492036741710658,2.9716342133186666,2.7045834700637634,3.4108119973038424,2.981760526779865,2.755609062988035,2.902652791562481,2.6044078603493497,3.606103322866281,3.547177340523624,4.320833336597581,2.8237397704637694,2.3818126542182223,3.1332171136029587,2.7494657222904944,2.5742825912753586,2.995722182032053,5.694168186449317,4.732861207049795,3.36737295655665,3.6894417136488604,3.6747638625275947,3.155540813698394,5.7895084221218855
Aug 2014,3.7927746017483646,2.798624063622214,3.0871692997031985,2.8664227977327212,3.4988782369449805,3.4226064875834474,2.5152086203010398,2.6274608117576785,3.4740664157780854,2.7770861364442103,3.867386554757055,4.6109042305584405,3.019572182618862,2.739430902052502,3.461665207757793,2.97025920339105,2.769605256222797,2.9107611974259213,2.631642746663702,3.6225346432017456,3.593499710269086,4.430590142807153,2.861989693906515,2.3786013782947464,3.152755781567988,2.7810151388558393,2.6016934456718346,2.9876063259673526,5.768786960251385,4.793688671214117,3.392061083500427,3.7122402249658535,3.7079569095695644,3.193333221764377,5.848047330670891
Sep 2014,3.8118014050437443,2.7974695273665473,3.0817734030190578,2.8964284738034016,3.506549540868372,3.4482649128488303,2.508161740289142,2.631771750280287,3.477948728152732,2.761990338948558,3.883214459941951,4.60653273177545,3.016643739472768,2.7222703805548787,3.4749222633216634,3.0081877953271126,2.7741962903273163,2.927568454605632,2.6519744883895924,3.6630271209686143,3.610132607047755,4.421353243275843,2.8483549984067205,2.367884446565616,3.165651798447869,2.7640786399212653,2.58784514410824,3.0009595188329072,5.785868338806888,4.801461858706864,3.392648184669522,3.7449722768413345,3.7333998516223637,3.1921048991061927,5.769049012683565
Oct 2014,3.8456609216730637,2.814857915818784,3.102387162358983,2.866114229591886,3.534364750186563,3.4249829800635716,2.526838878706518,2.639566173025121,3.4739864932958384,2.769750182900229,3.9081568604355614,4.603359970349659,2.9812730862971186,2.6956394047554015,3.487371471108812,3.0162686835500403,2.77039606321092,2.9052651410713253,2.634661353896305,3.682318768416092,3.627793831475345,4.433285392506254,2.8677565332069883,2.3562874796437945,3.1448455566086255,2.777006427629034,2.577436588757516,2.9803428095355065,5.750632501061069,4.779368323174795,3.3822845316358467,3.7296856674741665,3.755060701931525,3.210413549376753,5.769298129339284
Nov 2014,3.8633311845547764,2.8334356412094333,3.0865538395363292,2.888319279545844,3.5401220580092665,3.4356846740388214,2.5101168483287175,2.6281832456638807,3.4968432145707897,2.7843611366746464,3.9061149034072047,4.5773962215790664,3.0360172176547575,2.7340155615027086,3.4898444430185362,3.0058456244007035,2.7935058921379783,2.932144163644967,2.5946868063504978,3.6839566786576246,3.6605474288090294,4.440012526811059,2.8620046206709615,2.36006950058517,3.1518594944669727,2.7942094303529807,2.594077104022797,3.008667852729981,5.778542743974631,4.790170877152714,3.3997427701034524,3.7278114318417703,3.7672109547916333,3.22575699526724,5.69500178918302
Dec 2014,3.8906071415133416,2.8332242678898973,3.1284465437913056,2.8939912389494045,3.542707629249999,3.4353794497245786,2.5076745768822852,2.6488994249936284,3.5138413323617996,2.8064490892922995,3.91531013690362,4.529681172506273,2.999510885664945,2.7130254095555704,3.516401283471964,2.984165031928182,2.766373548944622,2.943154249197001,2.6030648613477276,3.7284688605450182,3.6672720828474,4.490937660385497,2.883307884320258,2.37709294310418,3.158693490217373,2.8076334272891104,2.622939483551817,3.0102291256591354,5.77463720941602,4.803075748689624,3.4027397463582347,3.7360120587462102,3.77278065672022,3.2438747429342474,5.822385206345569
Jan 2015,3.910391558421343,2.823235987994123,3.1095538838465218,2.8858064667957284,3.5504629576648017,3.447558200295709,2.485756311859962,2.6067791106484117,3.515306954575662,2.7948872788037074,3.908106942395806,4.573689720205551,2.9735098416508783,2.7141916211018864,3.501185048704345,2.9934333641179887,2.770979657580551,2.9389109341944626,2.5965524859704474,3.7167802866089286,3.662864536223681,4.492159936183729,2.8718983434193417,2.3521842461667486,3.1274316287193704,2.796995178152263,2.5781193177292767,3.018493683487014,5.732180393874358,4.841043902173935,3.3961538689901354,3.7388106751019565,3.781371404434745,3.219186227167912,5.721381217174947
Feb 2015,3.9112805428139636,2.8462830974933317,3.107311118160965,2.897406291936888,3.5548694409080768,3.429046859344787,2.492664347315282,2.6416812229301283,3.5341023726957355,2.783215496169042,3.9322528912435684,4.629304402282337,3.001124196193053,2.7409108051413145,3.5140007621721168,3.019709170160574,2.7727254948095768,2.939072568939698,2.6251051946105797,3.7400530652938255,3.662623402821178,4.476245250885328,2.8749522599671926,2.358936487730215,3.174104160159523,2.793641600791352,2.579611943646819,3.0286360206474545,5.774523170521889,4.806088051215945,3.41649923800893,3.6782846224320567,3.790237055048012,3.2241476936341456,5.588875023196544
Mar 2015,3.9237548403128133,2.8592881397189824,3.1383699005418477,2.8689456686570938,3.574747307065085,3.4523756335576308,2.5095722466693853,2.64101365645047,3.5334709011038696,2.7953100569510605,3.944332346015622,4.600052378006726,2.9695662005135453,2.723283678317067,3.524836974007314,3.0084751736023216,2.7602506960804503,2.934316123017257,2.575300179493038,3.7474487576826707,3.7063844066672633,4.557737376031286,2.8841494492906774,2.3588040066555904,3.1605877943537823,2.7728809865243256,2.618607099869027,3.0472820194793484,5.81706906480876,4.8265760933192,3.445984405524863,3.73879285222924,3.8215196450941455,3.25224898269516,5.774757211879933
Apr 2015,3.9916501116969614,2.8554308584099,3.1493554109504602,2.9217765913256732,3.6172219434095085,3.495770360584178,2.541269227006454,2.674907816176533,3.5754219973583106,2.8224597482982183,3.998749796534878,4.650391192204527,2.9922296735771354,2.7312186740758513,3.545508665691818,3.0040027067445356,2.783512905903163,2.9621768120856737,2.6637936501083743,3.7925069223092898,3.7073104293614185,4.6109041388061724,2.9049247341120634,2.380446003171721,3.223867291067612,2.8229658600559113,2.6127680416919437,3.0755346581850103,5.87293268273692,4.910256857695244,3.412372905421211,3.802888633611816,3.8702117234034064,3.275553703751156,5.789436175001817
May 2015,4.021138629997512,2.8694908186940746,3.158429943605016,2.92400204230169,3.6264434136093806,3.515935565938832,2.567464173442195,2.6740751170243495,3.6066274691133353,2.8504129053955785,4.014508367574702,4.750522738142549,2.971165998502992,2.7468573564753305,3.6015061152759134,3.0436219119231325,2.7815120801502844,2.962417421957482,2.6438035547710155,3.832170823714339,3.7617793536180204,4.620088605841867,2.912167371448478,2.3731796901645366,3.197981184491768,2.8190562774587264,2.6280210671716606,3.0711393821009447,5.982028009135744,4.973012007376558,3.433276914046363,3.78524187096223,3.9123491653208426,3.2919971153335115,5.774704485229192
Jun 2015,4.089541473982454,2.8812681103219586,3.175101705587908,2.941041051538559,3.6672930215096216,3.5243514582694844,2.561638879583736,2.6908004669615275,3.644045418584764,2.8463454691060512,4.0482831531105345,4.754057531098275,3.048948601310821,2.760347537843812,3.617625526208888,3.0653034852643097,2.8193373274084643,3.0063699358197065,2.664752783911347,3.8439267355780524,3.78917727611575,4.695722817316381,2.9333174295119053,2.416601282881466,3.24149723204904,2.8219907300500795,2.637537982433743,3.100823324891254,5.988047195817552,5.009323332208106,3.4576027913759804,3.7857159934227282,3.9528003901162605,3.334012599072604,5.918089534433531
Jul 2015,4.141730126178281,2.8955371102948075,3.191110487599667,2.9613416946751157,3.680369519670429,3.5487301838688006,2.5443787896461942,2.6898731782440626,3.645965303194727,2.8823812565232934,4.108283610555016,4.870891811032502,3.0763834005437154,2.7590654004799036,3.647751020027236,3.057126425707919,2.793442299658611,3.009824769169394,2.657256479792412,3.9074497189035466,3.822788721081596,4.788948500450376,2.9624345296721257,2.415879419117252,3.247119023101034,2.846867908751869,2.64728314093524,3.0933385002615994,6.1203308136022745,5.071162217025738,3.4540893655271403,3.8607056091765295,3.987465299730937,3.3234215592562624,5.92149681194928
Aug 2015,4.19086801950853,2.9385706281732396,3.2385934669183385,2.9800923372832173,3.7356974157655474,3.5636193096427307,2.5604151401968025,2.7107900469314368,3.6869872316933368,2.8903250522002657,4.149836140736631,4.943095995577606,3.0779898986103253,2.7865441053284767,3.6633178391212096,3.091310904360181,2.8095759713546467,3.003900754912439,2.6897285514387756,3.9312392676663594,3.871940061137752,4.827420385822671,2.9624271065612358,2.3990652823747944,3.2856014085475933,2.8530774174591005,2.657170327382587,3.119272176849517,6.183169562261399,5.152092681934062,3.5084503566742296,3.8232836464694193,4.021037028552487,3.360280573176508,5.9605160154942025
Sep 2015,4.216017978046916,2.947930258003885,3.2207988329557744,2.989125085658304,3.7489032221399836,3.5898739884982644,2.5572877578762285,2.716797634648509,3.7180631524435257,2.8945808714649037,4.175798046227396,4.978700338790388,3.067157514902521,2.7640493944215865,3.6677323076487895,3.079996083043048,2.817396726098227,3.0523461108126666,2.740538326142071,3.9565141031580837,3.8980893090989004,4.92005493473903,2.9695141496278943,2.400929734920512,3.304785690894495,2.892079087379097,2.689817950721866,3.1133956192097565,6.1832488682021705,5.176414077987547,3.5081963039881914,3.881962747044952,4.058742982023433,3.3496949567133525,6.031320363924452
Oct 2015,4.256661101083278,2.947433618644983,3.2257972326404896,2.990979277662763,3.781483915154924,3.600716900934812,2.560864537996797,2.72796673103393,3.726829896217793,2.9192988922716525,4.201236339780396,5.030682036590529,3.0716432831122513,2.7706832258745315,3.702903786606691,3.123725500420099,2.81922315706822,3.0115463354248893,2.6826771657428647,4.018460730765753,3.9345792855765334,4.9532455394183,2.9861865403981374,2.397461349954832,3.2790024142172873,2.852344993365042,2.6768004954862237,3.1543436821998294,6.240961685456894,5.270329471499268,3.5132015023228975,3.83784253677616,4.096968175519996,3.3860812943759613,6.0426796359830295
Nov 2015,4.2988370847347515,2.9760923448632033,3.235465537535551,2.981640562746175,3.809410473970757,3.602940676785704,2.5792970405182953,2.7358816779772535,3.7589195906912654,2.920013256654296,4.239872617713102,5.054973516326031,3.044673164211133,2.7921403821523016,3.720384164706681,3.101311504872832,2.8567655822152154,3.0159136688798567,2.7203133856836366,4.0479858573199285,3.945533541091138,5.0296051260580485,2.983282396922998,2.4248098438507575,3.3004506089144794,2.8804430332287723,2.692449131091908,3.149725381616335,6.3399410696496705,5.253197206075052,3.4855127512332578,3.8744370360053737,4.107179906129218,3.4177718083310396,5.993588801605787
Dec 2015,4.337506498891493,2.971328878007107,3.265685567854431,3.0213692746327925,3.8250444925010325,3.63243809538029,2.591179663145293,2.7506730979351968,3.782930090251335,2.936449444198834,4.2559552181109765,5.068796808855216,3.1407817002104035,2.808033568431245,3.7388114635327074,3.099261397557751,2.843945923421224,3.030750854497077,2.7130000257232276,4.089789426921492,3.9845414414896125,5.097513795374027,3.0139898051501577,2.410350373694969,3.2994064829966843,2.885413931528903,2.6734489090279974,3.153893394626351,6.3826579960907575,5.30792960619197,3.505177729727592,3.841728462433929,4.170822287773455,3.4151942451126613,6.118366502029625
Jan 2016,4.386512769968897,2.995587655041273,3.256084796527146,2.992582414517903,3.8492000111791613,3.636226181031563,2.5493981855050336,2.7125437730971638,3.784545938524673,2.9193789036675963,4.2902440526059324,5.139712867545327,3.075497593357499,2.764816232312218,3.7482055815483086,3.1301009650699703,2.8400586611181513,3.034406394263966,2.708739413152755,4.108884712102747,4.011033294540407,5.07820668317332,3.0138325533339247,2.404076561881911,3.298666771951191,2.8964246251787746,2.647472183503349,3.1747652247030413,6.450826873716397,5.419571712447671,3.536727547178036,3.839823019655045,4.181264651854957,3.4240821809629187,6.10981285071808
Feb 2016,4.4130560241516195,2.9864128780382253,3.2777253612840997,2.9960757803764633,3.8795166794324145,3.673634581016326,2.568197285395379,2.750604352669095,3.8132755619956016,2.9308753584275418,4.313777642027968,5.185096553502995,3.1095468497757563,2.7571122072987047,3.7656721118860004,3.1296213959642807,2.866168956283496,3.0542822492499684,2.7008768699992984,4.139819123068612,4.061600904802083,5.211566466219662,3.018429235946738,2.402496831712533,3.3322750574350253,2.9005636972309676,2.6645171141608572,3.197664803252947,6.482000265824155,5.41287512904565,3.519681588369008,3.8812986891073087,4.242836462159948,3.4720138530710503,6.151114592685258
Mar 2016,4.475954254702122,3.007349388846741,3.284627040912102,3.004149334734933,3.897698074839535,3.659214061551111,2.5938797707890426,2.7434021017990533,3.8173295879458076,2.96335128101522,4.350407820242877,5.2746807130915645,3.1243282050971235,2.7808118056191655,3.8055637771742155,3.1170448093221403,2.8738898022227835,3.046717284625884,2.6980771522588953,4.194315477082036,4.1089655421357,5.27538415317553,3.0317709578704815,2.390111417973543,3.307721156820673,2.8797653519322624,2.7236589921802214,3.1909288760810255,6.521677333487361,5.419508098863067,3.542889037670902,3.9287361723886614,4.2765723008952765,3.4544064675606334,6.1565091534014
Apr 2016,4.517378421163489,3.0368067641614247,3.31646773025011,3.0466897976539955,3.964390836891428,3.6536699426369963,2.576171485491106,2.766694232565584,3.8724202758014337,3.0039671625933893,4.412739977797131,5.30640708622446,3.061876382810976,2.8023764976897247,3.8469140919162177,3.1426628510283554,2.8901753743859824,3.1026420591324007,2.7278096002946253,4.27137610840819,4.165018849192771,5.315304469122347,3.0513379188527376,2.42127251675359,3.314572229679358,2.9191228429770497,2.727733248996362,3.2520210910668426,6.618153549215432,5.508320933943229,3.540087731165037,3.9099761315689574,4.324304471864252,3.5291938420448083,6.2759727253607895
May 2016,4.606315934132041,3.0677800050804183,3.3243400084796573,3.067266883158106,3.9856486080613407,3.702241487481997,2.584206519474907,2.790997927877413,3.922253125436081,3.0233349510307423,4.419198102881766,5.356884680594989,3.1443407268854116,2.8229641620340087,3.8879635963843913,3.1718602674830048,2.878957090121991,3.1391474876819183,2.7560300229604757,4.334508994601534,4.205891497418614,5.4421899407657595,3.088672393932313,2.4235811568369736,3.3342405786388856,2.934408837146721,2.7303893471096385,3.2227398587591702,6.647929687954835,5.5748041331250056,3.6005409880027086,3.863000402318937,4.3742231723518765,3.5625736607509473,6.175420762770781
Jun 2016,4.649315968579619,3.111922848224804,3.3595582927212075,3.0713169842720722,4.014726144938731,3.7449892296077607,2.6175102111467936,2.798151695833122,3.9284671387759613,3.036614954662687,4.469953591105759,5.435838841797227,3.1160033651344285,2.8663142552627647,3.922010483791649,3.178351812980327,2.9116609614497695,3.1462897719023095,2.752235414339495,4.356248335025987,4.248873527787257,5.459810569313673,3.097544510367559,2.4255625776158016,3.4007489373288777,2.944117077422865,2.7532196929324453,3.241951809547869,6.6945637614869495,5.539036276402106,3.60553692697687,3.957583565778338,4.424512050506652,3.5728307258019263,6.14736776251917
Jul 2016,4.689528568541572,3.1132749983984,3.4105451994135825,3.090896063799758,4.056230177110916,3.744858826737195,2.621282685384329,2.822691353011651,3.971699597284149,3.078768957051493,4.511152934721023,5.4957992020569995,3.1034405376529226,2.8012889942187083,3.946535920443609,3.234687736912691,2.8960127746089213,3.1232853345852902,2.7763855701834417,4.41731002560471,4.284676631164041,5.5144012017781385,3.108762848318826,2.4423752319956598,3.3981066771274744,2.985985133599692,2.7581245126356184,3.256278902140072,6.727638004483711,5.6540213065825435,3.6228774158247345,3.903753315333004,4.441854083900773,3.5953067947834585,6.196227890106443
Aug 2016,4.720353251949402,3.140352761610199,3.3944663018661223,3.1035496906835585,4.065182675079058,3.7660893045308512,2.644194146902778,2.801825513847022,3.966988691095112,3.070473468000125,4.512945544532763,5.497526857612222,3.1108538812243065,2.82979974639551,3.955418933948477,3.2069651183785757,2.910938178442127,3.127975616572428,2.783195517877386,4.436692819140383,4.299379915017655,5.535511648322503,3.121188283709149,2.4487953378317804,3.3938044563460155,2.9823607346986223,2.7518528647401688,3.2795047948118237,6.752685891898326,5.643148974873961,3.62018605786446,3.9492238055275593,4.480295888243253,3.6212229229479,6.184470082815091
Sep 2016,4.7383290556414694,3.1305059435542764,3.3698414857407855,3.1027809191442484,4.091859955224432,3.7811884430383005,2.6206579801126604,2.826038010761355,3.997200456014643,3.0969664330629727,4.49875774196162,5.444469585260109,3.13432855198032,2.828238227466393,3.9782178563010935,3.1795907088914337,2.94653580090885,3.1614883269692937,2.7931314678884145,4.4483641529592015,4.3254769117458824,5.573838335819357,3.1068948655598065,2.412167035168247,3.3864542833787312,2.9582706616556753,2.750334378670807,3.260057542701663,6.766295786717883,5.596413692274588,3.6506890361703,3.992991056489952,4.46138754828154,3.643376207820183,6.132539255605762
Oct 2016,4.735568367750217,3.130521177236932,3.377260815486282,3.083677498008194,4.070634462731588,3.7969549366623245,2.6212814433431326,2.831119704972532,3.994751221816296,3.0596305047621164,4.535090331753299,5.470511303665793,3.088032114366261,2.824669022814548,3.9750113307911543,3.19728538235362,2.937043679490156,3.123548500324243,2.7700621193160844,4.48308889406296,4.329086468693736,5.536850132048286,3.1134901474712215,2.4313214283694737,3.371312831223545,2.97722637359742,2.778987156703244,3.2754719721268715,6.685184320486512,5.619234997586611,3.6158405956784594,3.9841434628487535,4.441863198050836,3.6339064760721245,6.116436741387498
Nov 2016,4.738052526362466,3.1515066348098157,3.410894413680951,3.1013971941149023,4.088608788661824,3.787843684974456,2.602754862022422,2.8315540863037985,4.00840773345254,3.1128071338619048,4.497726855440422,5.4250681930994675,3.1579493485712633,2.8204205696828906,4.002011305253887,3.2220058282429154,2.9224124439046344,3.1489218232866993,2.805414787005886,4.508969865064568,4.319780819688502,5.498448121697574,3.1364783724414975,2.412854870216207,3.403102648443892,2.9394109465776275,2.761113748668028,3.2879572175755425,6.727081649789942,5.560670506972933,3.6567063246319362,3.9846317247738985,4.449551411473631,3.6427226617130777,6.135399464142126
Dec 2016,4.78683303975594,3.155499284871971,3.43135402187924,3.1262315895517534,4.120385610169121,3.805420918065875,2.6170133197330703,2.837277717618026,4.023876076575329,3.1071314337034415,4.54664803892681,5.478109275740598,3.137246642693575,2.826907982503903,4.007730905103965,3.2508186395213885,2.956722862399291,3.1858730506097537,2.824982448783334,4.541285738931336,4.325741632663051,5.550413555178733,3.1650310954938625,2.417071613562134,3.3967974445170337,2.9641214691881115,2.753804831325226,3.2898112690492463,6.7002047874127735,5.5814168503344685,3.6565092349066446,4.026551737223977,4.477526309490102,3.6922822399288235,6.105822387555394
Jan 2017,4.826357806089465,3.1927978704699944,3.4331738125432394,3.130348451710558,4.096473252602932,3.8631252978913184,2.630276137753468,2.8149409769480225,4.021423737419737,3.092011556601178,4.558633933775395,5.452024588462605,3.1825397021966495,2.8175327479099406,4.013049026241383,3.249272612672716,2.904627979193879,3.1378083659767935,2.818373593714203,4.546840527577101,4.36753518980015,5.5571701999969525,3.1466370565929602,2.424950166964267,3.399118255742511,2.9263051493876744,2.760118000653732,3.316896757155848,6.712713418141147,5.559636005189637,3.6493145161598664,3.9686137547833695,4.481178924635412,3.6739538973441737,6.109197060615347
Feb 2017,4.780189690625221,3.1922902683946752,3.415662591020753,3.1165295447810912,4.12802746339385,3.8228119848390887,2.606727218479065,2.8361007488459467,4.042561328367558,3.101862983822271,4.538526657528305,5.535752743916031,3.1055176277079117,2.799988829757719,4.050735101047912,3.2315441620946905,2.930322672230803,3.17804809695987,2.816529602796295,4.5436833894292645,4.37787214649083,5.5588798201256155,3.1387198973423587,2.4050701412824593,3.4057859563552473,2.9792044538636433,2.797558995720579,3.3413670968873643,6.739452210684807,5.592387601796744,3.6740874050128327,4.013743490905365,4.497470689240587,3.694688916367141,6.133208195877211
Mar 2017,4.823758375055532,3.205330433532094,3.4510973013060866,3.1339743124331445,4.134729693548466,3.837800037023907,2.6316439648098386,2.827291478487943,4.044725270674049,3.127938814194194,4.5516605056629915,5.504489827064811,3.132001740716612,2.835259812815499,4.0426801339186405,3.247095268394997,2.9364674296192024,3.19603823622746,2.8248208392518883,4.554617088136338,4.386559598038912,5.547868736606461,3.1619216248138193,2.381765693813733,3.4224641465931045,2.957691556242113,2.77471283780386,3.3574634735877984,6.716619466944589,5.6619512899490685,3.6462294053917876,4.030505565794631,4.485117161310691,3.7259995821607537,6.0731578326971905
Apr 2017,4.84054076352848,3.213337674980779,3.487750507859216,3.19140792603542,4.167518172511164,3.857126282442254,2.6616957273501423,2.8418043554214596,4.07431277450269,3.1610190815323262,4.58048112031307,5.517385020617119,3.182854419841225,2.868478329306217,4.08951520590724,3.267467693051662,2.956633451830145,3.206128343764028,2.8197837284923186,4.612353630850791,4.431904872993599,5.669172929644385,3.1891051007234115,2.416495123555814,3.4227903058570934,3.003404084001815,2.8386794370721278,3.3524304701515284,6.7144882027176225,5.676903361165525,3.6815040761454845,4.019733275355143,4.498850002984771,3.771289117898731,6.122482260486728
May 2017,4.876287972016985,3.2487316732632503,3.5084205641848767,3.174313740679148,4.211695736336766,3.886898806062916,2.6668265626880405,2.894468264849378,4.10056090089134,3.183905548859385,4.610517096380197,5.58539584911634,3.19603899191928,2.8614197129381407,4.121228394644364,3.273342222924708,2.9572891042874176,3.2130697114211335,2.811906772499121,4.627188657659517,4.446928112409477,5.684665116656513,3.2147378670592786,2.4623215100651668,3.410224241784948,2.991123584304428,2.820905704583651,3.3791184780885155,6.854891474658661,5.711974274422072,3.727726873036829,4.061423359990978,4.5347382481298135,3.7777240538444543,6.09246408587225
Jun 2017,4.888323856388113,3.28766744075141,3.524652299183761,3.1803231928330247,4.249390066600884,3.887932633217087,2.6837402884379618,2.911456200225078,4.116635622220653,3.2125236864686935,4.6297706276399815,5.5557755152827335,3.2038608788806213,2.868536671838303,4.136023609997999,3.2914148287657463,2.972644098195058,3.254491699384306,2.8601545141146576,4.665670062010982,4.519520710455354,5.669335731166088,3.24040823783014,2.453123583565962,3.4817261787455545,3.045615433385935,2.8500847974473897,3.398868566020682,6.813101394670106,5.728643683539064,3.7530799296153003,4.098835347124953,4.561255680244663,3.804108140736573,6.110505078788915
Jul 2017,4.919481690607216,3.2938659885734363,3.5455602604476852,3.1856019992265203,4.268804317007138,3.929775234364269,2.689508207959408,2.9088977053005642,4.155225567168847,3.2205686145889634,4.637381847427594,5.618898457825038,3.2053536092070782,2.8789039555532128,4.1607180855383294,3.3638967410714,3.013530627017858,3.2569987216666934,2.889878325230779,4.702202594723699,4.529899991787678,5.734363091064595,3.245878094302833,2.4624035828857695,3.501962333593091,3.0384167362249808,2.843062395508886,3.4251673239686,6.810404412141103,5.705165588636531,3.7533385133677255,4.055851432142452,4.564330781140772,3.829856856190603,6.109586029544429
Aug 2017,4.920845790149194,3.327222966477351,3.5571588576745024,3.225315533717375,4.3140654604401,3.9726394430784233,2.71589973569735,2.915726349016568,4.155254543141663,3.2530247703738504,4.67268687654684,5.6304212084300485,3.225709925575139,2.8683531792734622,4.175913225120859,3.3227496130406737,3.0198742751197165,3.2903907598983264,2.9085663388982628,4.726955185232115,4.547817656396235,5.788421029852826,3.2585890604398844,2.4238426717085955,3.578184559834787,3.0590253716773868,2.8382939260095585,3.4585456723193584,6.9231114381794034,5.729623541738407,3.7944054024472424,4.141879088981712,4.587668810002484,3.8594948175253037,6.138621824372469
Sep 2017,4.934692531902551,3.3381609778287356,3.558449061546154,3.199049938203522,4.2950950202772535,3.9619021487092843,2.7015721591685393,2.9191358404128636,4.148018668370683,3.252261750947727,4.6603642391332585,5.641134705640564,3.2129477512126865,2.893081508365517,4.215877950676776,3.3474638186926464,3.058686905916477,3.2782599879506726,2.887705797583595,4.74538262538041,4.5612276566467616,5.75843595963221,3.277528489720149,2.453442109171216,3.494929433242686,3.0894373981372416,2.8825525908886855,3.464249406588001,6.877732299430622,5.743531431823369,3.7850972130710434,4.119413271883126,4.565298051677972,3.8797142900087946,6.105576151555803
Oct 2017,4.945348578904622,3.3369691145526947,3.5722511431273887,3.2496973044075896,4.30041463904222,3.9699808159650316,2.6824244139569786,2.9291620450458393,4.177919835307129,3.26509262180469,4.658436634335723,5.51516927593218,3.178528392011074,2.8908829515923267,4.224874211469219,3.368854251909694,3.0420311272957212,3.262250102341164,2.9027535221047365,4.747412787111498,4.582778209664013,5.752281247373328,3.2715529986874645,2.4586097911246076,3.51171534083975,3.0899768157519514,2.8639300459138535,3.4894169663463983,6.8297233484348325,5.714686116425877,3.76710507739917,4.114999156020781,4.57414928914636,3.8716655876682737,6.058439944834543
Nov 2017,4.934178131886271,3.356150296162247,3.605506389051474,3.2404507368979023,4.315786274313038,3.983740422928915,2.714283479845701,2.955204418261628,4.173340422422654,3.270078031934632,4.67699958381019,5.555010909006555,3.205502044980947,2.8645639646542143,4.215469513538845,3.357497790581667,3.038729911013156,3.317852735904093,2.897165238777344,4.728780906070354,4.565909712662162,5.725103075099239,3.2954539007967014,2.454381067935475,3.5096302225209906,3.075315118758077,2.88937963749434,3.489267377338215,6.800428326215401,5.6202049151477045,3.792753859251249,4.13670015517959,4.570648476653535,3.901997249335245,6.01398557036
Dec 2017,4.9651909586192255,3.3818104529585176,3.595743225711329,3.253026641064075,4.318611528087591,3.9818607714860805,2.703738493514697,2.953740141499069,4.182688615982849,3.2836537154210146,4.658472353495907,5.609760922759694,3.259422061740331,2.925121325788949,4.22764846237523,3.391910172953087,3.0628336667283356,3.304429723064462,2.9140117775487426,4.734050089109971,4.585106737298119,5.708701817817148,3.3219162956232258,2.4723054367813266,3.53155601643162,3.105674143352962,2.8926260457765283,3.501070757077551,6.780639140740702,5.700002431184504,3.814057866216312,4.20260423756445,4.563047148090233,3.911536140377693,5.988757871018841
Jan 2018,4.929356480273496,3.3707467198926597,3.572647179178829,3.250734835980842,4.336007165260778,4.0107488120156525,2.6960003930961562,2.933105420079316,4.15812966679758,3.283072839411208,4.645677270483548,5.556553611089868,3.1966139225524883,2.872277236278078,4.224822496649105,3.3812541774100033,3.0686887955291184,3.2827932310802743,2.929320844394969,4.740213826835982,4.5959590595709,5.753697031936651,3.284721245541709,2.4168450080307586,3.518485123805385,3.108380614754902,2.8815975326146384,3.4863947582761314,6.690317710322421,5.632192911624608,3.7970419871227166,4.203013980367436,4.565523227101499,3.9025448003494447,5.92859143721312
Feb 2018,4.965114526843838,3.3726607106123905,3.6035989390152916,3.248097887006296,4.306294503902171,3.977413580880647,2.7175082160390165,2.9512902152730103,4.1788727665086105,3.2978333251191394,4.654007801112836,5.42789625504956,3.2138994066615894,2.8963764156674343,4.236457210782915,3.4016873169456616,3.063438471894658,3.276375398258442,2.9024926722101028,4.7231964266878945,4.61825139189825,5.7255962128721825,3.333615198987785,2.436359215173329,3.5478568576419116,3.1211997098849262,2.84962292592087,3.491815660686038,6.7492298487921705,5.650208912609624,3.8034852345336176,4.138776389618583,4.557148673367315,3.9354920671522806,5.99907397975771
Mar 2018,4.930884068121545,3.375537212713977,3.6224468024031573,3.2693881788216195,4.31453328542604,4.02760980296578,2.714982647170929,2.946042858614551,4.190055407037607,3.3013142246775926,4.653673626734246,5.513974309081637,3.271786936215991,2.8698114290971533,4.260375943536509,3.4409068827401117,3.0566213835690497,3.3114655683750445,2.900717120641054,4.743133626172431,4.563181327607371,5.736168722727352,3.3231078711280775,2.4326957226473462,3.542617962928452,3.0856809162611216,2.884690900641903,3.5387344104627485,6.7476563560079486,5.632649069502323,3.8157350382641257,4.22846928445843,4.568145607934884,3.9285733510618654,6.023814892345248
Apr 2018,4.963824594176903,3.4102524867105224,3.627836605665601,3.267936345954227,4.355385229327427,4.015583922443021,2.7521246734619798,2.966215264058561,4.199701496221281,3.31180386141183,4.67972905773,5.519728890529249,3.2432275537673663,2.904079557045901,4.255619402274144,3.4015181980924436,3.079955480272356,3.3265723643634093,2.9512585773066866,4.769249465478807,4.62108338210303,5.695175642726125,3.344087371676617,2.4779721549238203,3.559337699537614,3.0998168423930865,2.930252649799317,3.505547113298352,6.781666391062776,5.559407627059521,3.8071675201652195,4.2400163983351105,4.555650708228596,3.951585424715101,5.90698961545678
May 2018,4.966550957118212,3.4167938295194813,3.6629057767631643,3.262767450282747,4.35396516771504,4.039187251515965,2.7241751699104064,2.975563057435532,4.211324956305374,3.3295258428679064,4.699839962326227,5.590544435974988,3.2035273027140914,2.899336414707698,4.273350584775791,3.440194607587846,3.10027200458287,3.319311351809888,2.9700315192563074,4.764229083274009,4.664456922001196,5.8313216295982935,3.374239022437733,2.497265736262407,3.6009665837345026,3.091628781061763,2.93035436339986,3.530457331768624,6.8143747432450805,5.643273087793559,3.866342395272714,4.211603790056823,4.550808664660058,3.9404671326540566,5.9140791647721835
Jun 2018,4.965131836332643,3.4621478979047424,3.6808079792624504,3.3250968528207427,4.396264107034722,4.069471997598796,2.7484830219661815,2.9884779102218455,4.220799637543425,3.370787940471568,4.712858781151994,5.546880830283827,3.2185627646259154,2.9159573530422693,4.306665921194494,3.459602125598787,3.1508134416129265,3.370910159230543,2.967157786473695,4.789693457443363,4.649219048824841,5.775169309854132,3.388869490222317,2.4780402869940787,3.5740679459419686,3.1614453924603767,2.9343677270252106,3.5405639599234817,6.767794596922257,5.629625500506868,3.8781942026819514,4.248838087883123,4.596663099083935,4.024022136301524,6.030942081546521
Jul 2018,4.991339494720346,3.4961742835407614,3.695677155608053,3.328971971615358,4.401980460536981,4.1073694164908465,2.7646184527511117,3.0075808817064273,4.223660514305043,3.394801457914211,4.72268207474194,5.557919508515474,3.2516430634835007,2.9239046146263536,4.321217434949003,3.5009924708103823,3.152682534110571,3.379855825594827,2.9648299929670294,4.8159908846885155,4.661479688917983,5.802556490207602,3.387511937575542,2.444848687474797,3.5767507091648776,3.161756853465343,2.9353980897581744,3.58254344704843,6.808837461123645,5.640955809593634,3.883255001213677,4.2973285855652215,4.592150747350241,3.9973206534686145,5.980900648997081
Aug 2018,4.992576202022145,3.5097764498642423,3.6932225243675765,3.353650812663248,4.409677405591171,4.08006787303017,2.765785237383363,3.0323991074299124,4.233050702640918,3.4285350460536974,4.740438068171231,5.570147193605522,3.3158228876477556,2.947155848874716,4.33878735367558,3.5091889274026706,3.1602832431928904,3.3692207368532237,2.999199252446991,4.8321383417728825,4.691791985882979,5.771285519429841,3.4066768479784444,2.4659179233838904,3.6211789420851574,3.2020115209909688,2.9752582267171306,3.585847353972034,6.7393932376373975,5.667850802459766,3.8976022894988587,4.282205836069574,4.586137970062752,4.0374501102631966,6.059704699720261
Sep 2018,4.974404455856827,3.516876306783371,3.71266459946929,3.3305473076427146,4.418442715128413,4.082575218596253,2.77010997857323,3.020893202528063,4.23709101518088,3.443370712399232,4.738673609251419,5.572954798035603,3.258552075831335,2.9449556695739534,4.34348440546002,3.539566234956521,3.179313286241113,3.3746425633714114,3.0057979180514725,4.794882627951502,4.676085453942061,5.799558775187586,3.435817368487631,2.451455048176767,3.615668430800182,3.1820019080314093,2.955329961296807,3.636865850205801,6.73081357497196,5.6039121981234965,3.9310185263028052,4.268647646788004,4.58866162181209,4.0457325411440275,5.957646963607216
Oct 2018,4.953718998700247,3.507335450454559,3.7049190541442045,3.3451067403071275,4.395886424354282,4.103163741864508,2.7589586594994597,3.0341132638538735,4.211731390074677,3.4073452642796043,4.693666648320893,5.520863691427962,3.2622502468803565,2.944496456253331,4.325365348036988,3.54205473066282,3.175940992042311,3.371125829055197,3.012095203870924,4.853939021117283,4.658747918683855,5.76996748704906,3.445755037713292,2.47871050260486,3.6101119132864925,3.158082555826832,2.9272070953621,3.577016732053262,6.730197829693674,5.58648438083003,3.90411692948331,4.323946046239577,4.569782862431675,4.0230146686368835,5.8277601139803785
Nov 2018,4.9201008119299035,3.529961839496634,3.724654731296883,3.375795529278614,4.423722346153024,4.094785168029313,2.75562004964267,3.021261484566874,4.2341278132618605,3.4236111740074473,4.702719645845136,5.506703871845888,3.2691437130667853,2.934352573797354,4.321807334769413,3.551808934168714,3.193029132598274,3.394909476965936,3.025509051466829,4.832093240374689,4.67747933692322,5.7341175836872456,3.4658909686651427,2.471850123053848,3.6072759213329055,3.2216368123359005,2.9829377575389544,3.609012310655392,6.647461941367892,5.600944776987857,3.91218487487357,4.32195285116452,4.55533574739586,4.052668493933547,5.922298461858864
Dec 2018,4.949552413227322,3.5442868873463316,3.743714200661714,3.35201199393194,4.408357013596242,4.114409555556566,2.7814520777050236,3.048904926619503,4.2318399752336635,3.445688418274632,4.688973500632605,5.399350187068034,3.2593257686992434,2.9397420674154584,4.33852121366577,3.493237014179182,3.1870155442826964,3.3653640637774274,3.004942346289978,4.838979296998883,4.645535565894279,5.743717502918612,3.4494437992794835,2.476525925153909,3.585242855634333,3.2127437478815426,2.960587244327038,3.6193454131648153,6.643677991611818,5.542399484060642,3.8966340646929982,4.309611506988719,4.522796357491829,4.039915036994647,5.842079223818095
Jan 2019,4.925675689642272,3.5142493465657756,3.6986159467069792,3.349877180789901,4.396612658591127,4.04777634778796,2.7761177282149436,3.010102331683441,4.2102726206517715,3.438776018009126,4.67794227413911,5.430525434615055,3.319335277617079,2.9093296009792913,4.327901331609806,3.5494689426282875,3.1828424539157516,3.394781140657205,3.0031740168645906,4.814617497151033,4.654256217523666,5.718063043694682,3.4392485691964043,2.4492957435328706,3.6117048501428317,3.1808773162141173,2.988417790527927,3.6232948524194057,6.631370756399053,5.47343870305449,3.9076529774015305,4.377857993652352,4.480108418817738,4.029319790384908,5.8192190450761
Feb 2019,4.886339631945585,3.5280106099405284,3.705411979913714,3.361777797074026,4.387609026129653,4.0841341539504015,2.7745248182401197,3.0141440426167176,4.175865317894747,3.4566393450603403,4.632125375471332,5.487231709466057,3.252855488616766,2.9028245584857855,4.319508468719246,3.5193622798230906,3.200979937272519,3.3747569232592913,3.028870553117714,4.8016290448121515,4.625424464239621,5.725830958078838,3.4547557888888427,2.4408550656515966,3.5963838579595593,3.2216025391770535,2.9664756828794476,3.605929000833096,6.601618191254734,5.548202110374746,3.879649185054264,4.310490900763643,4.488968897385872,3.9930666473429084,5.754276582942871
Mar 2019,4.939674224230562,3.506234213261493,3.7225080475606735,3.3690614454522683,4.385693613452148,4.066954069975527,2.759008103933838,3.0506229013225106,4.174498013193385,3.456259435214301,4.642978895380837,5.431168370502932,3.286549179603947,2.8670349069780983,4.294909593024334,3.508947694398995,3.222979150660446,3.3567595645034607,3.0254896918249217,4.745129285373076,4.657843646349945,5.704959392679798,3.457771138224764,2.4423403377279076,3.6187567630147996,3.187173270257988,2.982596573070795,3.6292543114614455,6.545169645273881,5.4693854342334145,3.892488102448897,4.2765473210310185,4.508741794794805,4.047441769442092,5.726805812102542
Apr 2019,4.887322355736819,3.5606264656240847,3.689523990551288,3.366972163661734,4.39267367978797,4.070664427945823,2.770109808013641,3.0578671390265018,4.188077047733327,3.468668983367656,4.649006975549904,5.3995676593881194,3.32107636751207,2.9403029871577093,4.3065747685669065,3.550706282217053,3.239132805254809,3.413816493786112,2.9909375632589845,4.805819626059495,4.654405581159652,5.726454838706022,3.4873129800787597,2.5016506385592,3.6525565830930655,3.206624823272318,2.976777615916513,3.629583052756063,6.604763753206886,5.53861292706369,3.908855403562247,4.316031461622476,4.47846403899307,4.0564993242569,5.764355194127582
May 2019,4.887759017841729,3.552672648725746,3.731668000077661,3.401368353085035,4.425713997254463,4.097526623975221,2.821192226348598,3.0919070797149533,4.203831805106225,3.5029405141720504,4.648178091069164,5.480622574022049,3.286756643020422,2.9412048173839533,4.350427010338147,3.5689963106702938,3.241373881312165,3.459845972195798,3.045761222800157,4.805314647723471,4.648889815972136,5.6840206849526576,3.4673102466242716,2.4944444539463024,3.6341909723186867,3.228324359246577,3.0130255521559093,3.6370742137134164,6.577254648158479,5.499266038704638,3.89023211150538,4.317445050768362,4.4793915097442225,4.075261027118209,5.753106159718338
Jun 2019,4.91809110608561,3.576709050238777,3.7665186664026997,3.402542660810379,4.425908170998174,4.0933322168732325,2.8010983407534336,3.0704531607019905,4.237780123202059,3.543208668019027,4.666970932728262,5.403228570450137,3.288923457511268,3.0019850785057947,4.344745040907642,3.593687662624628,3.2658030222126393,3.4538802351995352,3.032831562973329,4.829227040830251,4.676491862329433,5.742846225340026,3.5244842677135573,2.522312235103638,3.6589044672813085,3.2556227091893,3.035647554767434,3.6616757054006714,6.623496007339968,5.498695371092584,3.933149239092913,4.353752240402855,4.47525869132567,4.075528376529041,5.795863488630777
Jul 2019,4.929699857895698,3.5808827018899843,3.7423066838306838,3.3912670195738532,4.430747167652727,4.141290970405853,2.847100721470591,3.1012845272861007,4.222857498283177,3.528868691017014,4.689512797389653,5.517824604428556,3.333391762899533,2.9609668845369805,4.361738211236791,3.5995141396318786,3.264052517616479,3.4740946989084582,3.097458673682781,4.849270027606788,4.700014783289336,5.7727452127832075,3.50380704619938,2.4973570449008253,3.706331103897749,3.2827406062891535,3.0394268602887142,3.6696037747956907,6.685338419585958,5.530379346916816,3.9489693258575613,4.342741528395048,4.512335538922643,4.091844621170185,5.969701965699094
Aug 2019,4.921411708722554,3.6071001371008333,3.7800688091503902,3.432098688466031,4.4400484044932496,4.134784876715173,2.837910844870481,3.1423124175830845,4.275073178931444,3.55189891986536,4.710185613191661,5.51078124636788,3.316589596248079,2.9869561376883844,4.3851652813035384,3.666018785223667,3.3267167400792097,3.483725345745753,3.1022689881699894,4.845503494973102,4.707555338571981,5.730399860223612,3.5401418899382695,2.5042568549386597,3.694264675761944,3.2747554031624055,3.0304391533872743,3.6787726128894525,6.7730391126315554,5.591673356558735,3.9498540226335503,4.400247158422071,4.531018595405785,4.10124179241157,6.021218396059768
Sep 2019,4.936420333733258,3.635842870376755,3.761123210078859,3.4100443012027357,4.452945174965985,4.129262348849,2.8492711620475615,3.120641395817595,4.234724698781946,3.546956237488332,4.708747887593923,5.496745794479429,3.3854329753122503,2.9917866851774044,4.384048305078048,3.599403067913339,3.2964897391101164,3.470745335570383,3.097039386365147,4.849647092580906,4.726720463009589,5.7817031403766705,3.5259522410072988,2.516235329632859,3.6829419194118858,3.321791159954246,3.0328144005198885,3.678968813308133,6.7653361523583255,5.632958343974799,3.9627181647534657,4.470245090808443,4.499808505284199,4.135712482842331,5.927664567455462
Oct 2019,4.914964469311096,3.6441850384228043,3.803090604842281,3.4483210622678664,4.4763731193827425,4.1773332283689015,2.824953897678429,3.117777525499569,4.263103552537931,3.577782359964597,4.701024984024786,5.47298061967602,3.35453228180963,2.9582695828341845,4.381491302012856,3.6382752022874447,3.3125041476834967,3.4655294481351575,3.149189906249162,4.84992483641094,4.698772553596127,5.762715674933571,3.544265809736917,2.5135984154817415,3.7221245366507647,3.3159446922851843,3.0313150641187905,3.700037124433901,6.721951077464933,5.59897297853035,3.9644143731161767,4.448830621275923,4.495906827899168,4.11170055987186,5.997397668460544
Nov 2019,4.919874682886409,3.642219144422358,3.7745000934552637,3.46081799564808,4.4752214375961685,4.163748600203391,2.840172971142774,3.123446125947637,4.259294096438503,3.5744374731712156,4.713315386660826,5.52611673769904,3.3126369615616635,2.97468433155336,4.392105297294496,3.6616693908469795,3.3534714945672603,3.4701458105513154,3.08320474290865,4.8540373101335765,4.739409330605859,5.774572599635945,3.5692990307807997,2.4952817052495666,3.6744409820123645,3.28982169378845,3.0678364848611133,3.6846889973934904,6.790367188181993,5.492947560526234,3.988432686403786,4.402940707569082,4.500736583759607,4.137321099638412,5.962616081779331
Dec 2019,4.912167277385835,3.625443816451906,3.7674325474744506,3.4372108464150264,4.45417391818952,4.162159609485328,2.8145811845941093,3.127416345450117,4.253079811815302,3.5830077649921517,4.701995516159888,5.578248728138095,3.3537418190841204,2.9491933457271142,4.3765654020631555,3.642061167234808,3.349861908970574,3.4889985654772264,3.157873042876452,4.840504306495488,4.705873589951383,5.7439901532530335,3.577135364533969,2.4970758448890815,3.6814667273771513,3.3127705508329552,3.059370276893976,3.693123345349207,6.834429695842308,5.5516967866386295,3.9811368763507207,4.422384530236153,4.476245570634493,4.117259338266321,6.034438563372558
Jan 2020,4.923551832475393,3.647728932799687,3.75920803386398,3.466754114335072,4.471180848406244,4.165396286857512,2.849765272602422,3.112427570943743,4.235836228978196,3.590753494388803,4.702202029527961,5.491551026382611,3.369468943204091,2.9816809698879045,4.374524353512044,3.6848674935180963,3.3325495496318362,3.4893300561646767,3.101955170249867,4.825113270349307,4.741429019441561,5.774813248630932,3.572335874735732,2.5273776666460646,3.704886130937662,3.2744221707556784,3.047013114296422,3.664625544023718,6.730215256146436,5.567215476923328,3.9768206824580266,4.43169325937538,4.498233578420008,4.114565893476602,5.929701450188025
Feb 2020,4.936978671577617,3.6293518051942923,3.786721385952093,3.4450741111638172,4.441932369178195,4.1577448507533985,2.844731363949405,3.142823386226759,4.238353980942036,3.5834608072642102,4.716026382176982,5.541215742495515,3.3041610728356416,2.9532080087467953,4.392147451116808,3.667718559079226,3.368139227236124,3.5143126137586567,3.138734508849555,4.8466695327468035,4.7251289542195956,5.762932696260946,3.5822588500845396,2.510210978460961,3.7309760744825007,3.332386134992871,3.061641081492252,3.7066238423480975,6.7564071223658555,5.586758693062849,3.9956074039878264,4.4170877538893025,4.488837909939603,4.117620467573321,5.984856254173861
Mar 2020,4.916245295876725,3.64731751314545,3.8081028479752175,3.465524343392879,4.489110547177456,4.1926240215016914,2.8533444680742353,3.140500664002846,4.254354316996781,3.633210130771644,4.70976303193404,5.535773851439025,3.3788881395313273,2.9894342974364387,4.385425314446576,3.6637531875748546,3.4128706191559477,3.5030798098081264,3.11054678312436,4.874585977042787,4.690663219322666,5.853881350675009,3.626457268989678,2.541017707272243,3.7151051868354967,3.3226781324871246,3.0596403020505862,3.716995809397608,6.7165747515268945,5.626976610592608,4.013868401767108,4.444045800397954,4.503827554661848,4.167935516107762,6.02654956958784
Apr 2020,4.890968671941626,3.621525914333586,3.7973207566695946,3.4306009833914657,4.46517709586108,4.161914416282476,2.838084485629737,3.109518571487287,4.22439608114484,3.5656392133801673,4.741380230405794,5.531378913007632,3.2389644817487957,2.982634294469486,4.384226320902395,3.721995948649922,3.376055524627817,3.516758579905938,3.080425988188957,4.845299617317877,4.700867256488144,5.868321468217223,3.580153502809954,2.4827331055125885,3.6538839102477554,3.282321772321409,3.0286683091843085,3.6982109227147557,6.766288638811485,5.615284728960571,3.944979742086662,4.396886360340816,4.474776980712878,4.170933517468857,6.092314982125739
May 2020,4.928782249301119,3.698410669820996,3.7727712430506704,3.473222734898238,4.512661446604365,4.196815637138938,2.853029166330393,3.2020845199139747,4.245861754587956,3.6418196563331673,4.758958317751234,5.514009667218642,3.3677042181694463,2.999382966892453,4.443363474196294,3.652071667970481,3.3539424736111045,3.5296025529325536,3.147826768211596,4.899289021522746,4.758810462997593,5.879923407208868,3.6345914900950436,2.5538687212495907,3.746471247927783,3.3699944882237327,3.1191650626215606,3.721642464931149,6.881371633761396,5.482453406456407,4.0209193859804975,4.445733462382928,4.487102126434056,4.169241969452311,5.913316323417018
Jun 2020,4.992274387702549,3.679982898930138,3.8430126817774553,3.504509119896888,4.549799412958548,4.215884118937479,2.867211213595879,3.178709917608942,4.305622967386499,3.67105091911663,4.735698435551475,5.648287433322935,3.3958178492128788,3.0499364251253165,4.432536554815449,3.718133758074616,3.420662360452837,3.527636563339136,3.1667753484078593,4.907580750265892,4.752872288721384,5.815104849793061,3.657616833818527,2.5066672211507783,3.803557455780755,3.356239226108394,3.102557684499583,3.7524601188586812,6.864984853967023,5.661721609149517,3.9958206187175347,4.453858051081188,4.553794634863523,4.161210068582648,5.932169945027099
Jul 2020,4.996486903108815,3.72876928099724,3.8611904163257322,3.5366273297235233,4.568007059816567,4.205398997972214,2.896139866883254,3.1921029637202176,4.308363989865481,3.7144755915632253,4.771578087672548,5.632649118297453,3.380477428574982,3.0380631932252053,4.451029596912346,3.739207064614146,3.389800708646552,3.5331071384366868,3.2091179487018646,4.906946796840164,4.789719422800919,5.900773417606315,3.6866595927291512,2.5521430847137294,3.770901023936231,3.395499533402081,3.091949093760184,3.785049895279596,6.926806660443468,5.721454495585397,4.027444936016293,4.555277174494299,4.550400565915665,4.1895946100125885,6.147786041306285
Aug 2020,5.003480481593775,3.6928758468503964,3.8759351152502757,3.5610221709685765,4.589320951319172,4.234561122288242,2.909742663109283,3.2304193967368016,4.348284821431855,3.744037011360921,4.808731175816016,5.641497867532439,3.4319049122181324,3.0325940475041953,4.443090721102424,3.725628401995744,3.4322750945055844,3.6374649036108484,3.2429835208876288,4.887008927980247,4.8283452346805245,5.904183259701392,3.6839149644495595,2.5720300608829127,3.8040122723942695,3.4094756542199076,3.136934169294652,3.763551314761186,6.978926973447883,5.7551005950952066,4.083543640669679,4.64241224935024,4.57260739462437,4.231161401888019,6.23015255705934
Sep 2020,5.019905525062934,3.750009737089763,3.8979740306718966,3.5697039749472848,4.605719183548158,4.280074726798918,2.9157920922394047,3.2642845955971533,4.3553112098910365,3.781192986240728,4.84492727643912,5.684315843093629,3.441275973111197,3.104674711315061,4.5091245585128386,3.7414760699350342,3.4533642007399035,3.609791640923606,3.2514574595016454,4.943891277993359,4.811712835119364,6.003985259403207,3.690225311925668,2.583661779727644,3.827454900912919,3.4389028007713813,3.1273581427453276,3.8295719279031806,7.019709157248709,5.776356085442493,4.122440344050463,4.630266794079668,4.607788986295937,4.227178412589982,6.1455411270562115
Oct 2020,5.06995499102347,3.8089114570920732,3.9325715543438733,3.61848394269271,4.651625781212426,4.296273051285081,2.9694281545987877,3.297619881106336,4.379488159989146,3.8224366133208827,4.862308741259884,5.750019520711934,3.4877742657624484,3.1234603106523786,4.533735232261797,3.8061267351404804,3.4902360486262727,3.6271380858753033,3.2668323582558334,5.001244981489373,4.873079578525014,5.9875185347331215,3.743929936908509,2.6109348554663936,3.837321548048546,3.4875287712456613,3.171006162516148,3.8193696248661544,6.9999916022915585,5.777457176587069,4.137549614495252,4.694337104183339,4.618461139027974,4.245674714522411,6.182378842909007
Nov 2020,5.107028118027722,3.7971112903056836,3.9525289662782983,3.6283719024001697,4.692837080675019,4.337785341899858,2.969092568808785,3.3371403832728115,4.428339531460979,3.842767111198877,4.922834704685671,5.794003046151569,3.5144130261421176,3.098221932517867,4.56328391280079,3.845574640191965,3.555726205279478,3.649201521220556,3.32018271528381,5.039732347964411,4.921033778129804,6.03886434845958,3.8022592177925194,2.601028945870769,3.879762445736462,3.5187473806400926,3.241203051136864,3.8683410381575256,7.089032304609476,5.777367975248723,4.180314559211428,4.7071524401404945,4.654840262938112,4.338407776921738,6.205017332719288
Dec 2020,5.135452495711526,3.8311745794799514,3.9639267950066017,3.6444819650226012,4.6924493707064965,4.395477457898885,2.9811205148669537,3.343650420247098,4.432421878657991,3.8609986166020245,4.936976000225396,5.78959214355751,3.5534904796207942,3.14921050835089,4.581474613181147,3.8522211630067025,3.5950889936090364,3.737187529851512,3.3356202832339874,5.051282323987662,4.937274676025107,6.1290918426721115,3.7928616353019664,2.6394515961511233,3.8970159843580867,3.552342876336033,3.2014706966139594,3.8861639841555857,7.109568930541388,5.864512127785174,4.210853653588594,4.761353683212411,4.683092545118701,4.336536199811451,6.179690038963793
Jan 2021,5.133219408923559,3.8386103993065217,3.9676785669319803,3.6553422695479783,4.720133979553168,4.4006887392257825,3.0189806288945076,3.370726454678046,4.476260322640355,3.8868436525335324,4.966138675385624,5.780738764472094,3.478276945160939,3.1545613639484835,4.615150601807658,3.871950547743109,3.5834498090705966,3.7026806910922643,3.372087544091992,5.081641201043289,4.95582090926778,6.153341137959535,3.805394189725383,2.6528509000493936,3.955065388080625,3.5861625809791997,3.220368031005255,3.9136490302453613,7.09662955245798,5.792691877835156,4.213406199009982,4.811184496738182,4.702771855450464,4.382721056861264,6.158101455735614
Feb 2021,5.159433319758343,3.8578108945017373,3.9966348065335584,3.685633816136289,4.716622346834594,4.408942501200006,3.027516493631009,3.364988934224189,4.488202470660032,3.9091027364029545,4.9771426915596555,5.79478372246633,3.550932137383581,3.1356106468623537,4.632399848558363,3.909100226765527,3.598386506980686,3.7294665173198145,3.428818107710312,5.103003984932218,5.005652232002671,6.1750115939598045,3.8109242902250267,2.6405279774997363,3.9236859556137045,3.6028658844184376,3.214866272529404,3.965410565790093,7.045843238717556,5.844280286910612,4.266974140972996,4.848048357479985,4.716544314874562,4.382250866398436,6.0657811939436055
Mar 2021,5.196708031699957,3.9026770763168965,4.0116819514173185,3.709162586715497,4.753970137181292,4.43122202501306,3.041149938464417,3.3930184127576823,4.511679735436859,3.9581328899474455,5.012088488266532,5.849402551656006,3.554649369918948,3.1796884278787885,4.652202640749662,3.914910521885919,3.6392938798512007,3.761145606049601,3.4015914655635497,5.09330008593786,5.016177354780443,6.161068933629356,3.8427531818454055,2.666210635328213,3.9679819543042485,3.623029054321319,3.233809278450363,3.9154857000246324,6.971061708526302,5.840473904517527,4.294300970084685,4.831090980656947,4.726161370284747,4.393754344253336,6.089844745976603
Apr 2021,5.196773702356224,3.885167034566157,3.9881027812250722,3.698007451788399,4.721425623979377,4.403943586215305,3.0412012535694823,3.3611328803707545,4.478362797648444,3.9034319533444815,4.9961012471623985,5.768739828327519,3.5163603720191046,3.174042657658841,4.647093252362619,3.9035122724151012,3.669632094412102,3.7316340847612803,3.39646450514492,5.107872713848575,5.034557644567891,6.049792413688601,3.844901321114075,2.657940891187313,3.945186767350979,3.5677132085845598,3.2335302893755666,3.956389643159466,6.960804670961314,5.848370848425696,4.237503812820539,4.855742524005995,4.707786382033589,4.406309020345081,6.1155096758662895
May 2021,5.214698482709056,3.8742435790679135,4.025138107403291,3.711615161690856,4.7739402346344395,4.408016567955644,3.0507204277134434,3.408742417510061,4.485037666384874,3.973051852190776,5.003093250131749,5.787150120330817,3.6225621032300555,3.1714452591265467,4.657824493055144,3.9652790815973784,3.7122952082911973,3.746556807722065,3.4410955599840167,5.124147122689384,5.035934547079941,6.052310083605246,3.8797499423499757,2.7075007119120236,3.9536658870782384,3.601693104454919,3.262366279039682,3.970005835187044,6.872853607204104,5.768756026841828,4.274670365505363,4.96369526688209,4.732770873403677,4.422016281743749,6.00315262652589
Jun 2021,5.323933262612104,3.9911143513140286,4.150058869868525,3.8361935367771505,4.877633199586085,4.602376858559183,3.162889337010261,3.5295088807897668,4.650155308728872,4.0804359147189055,5.136448423994558,5.92739914629067,3.6660881484271823,3.261632156645877,4.801752983208796,4.054670469788425,3.78154504085319,3.8929577371284414,3.5554232055124007,5.268443909021901,5.131601018815848,6.266126408107335,3.986293746562239,2.759853137366819,4.10706456269831,3.7448252267877784,3.370657001705146,4.117112097511222,7.021067201017885,5.959001590607217,4.460084123091835,5.142174581021922,4.828166316116954,4.5196337246814995,6.148762269231982
Jul 2021,5.186860888098355,3.942370020488035,4.0324838790916155,3.7878127773572174,4.781543066138598,4.4339968488291674,3.1064874593671767,3.435791288023618,4.524104621985268,4.023657235423161,4.986914071021305,5.7851114808006425,3.6586679594400437,3.2056578121204415,4.68317766346486,4.009882034890611,3.8304298653752005,3.808317078313948,3.4562780915335067,5.17942670935076,5.108180587028706,6.028545628519058,3.9375369409659173,2.725339954583613,3.9755723990943257,3.6684166431195506,3.321548960484275,4.041904802857404,6.952003753453888,5.7038960895660775,4.339655508515036,4.937155533872176,4.708067792389394,4.5423573243836195,6.115541973754665
Aug 2021,5.3647008101133284,3.9894703829271716,4.162756669714731,3.8600498511667745,4.883459243191574,4.557300996115064,3.1772839518966403,3.5184808016020215,4.596609550335436,4.091999921989189,5.157115901015891,5.954764277163819,3.662354767965351,3.271078681575853,4.807995700710574,4.071080810155695,3.8799876498266617,3.891698083073319,3.517655740067324,5.30126205329776,5.186639112361428,6.251142352530657,4.0048065667604975,2.7904788294755436,4.085514643026526,3.7309926556783846,3.407443621513036,4.078042275991648,7.091660088419276,5.847758115484161,4.447118942157801,5.158467977390198,4.801398857085312,4.609774490987456,6.227904483968947
Sep 2021,5.386274946511848,4.077710289563886,4.2355571452360286,3.8961129487331267,5.001928567015525,4.674914105099777,3.250327068333456,3.619922090470591,4.728177926511358,4.191107404275249,5.2438217985118465,5.959887276051805,3.762092160417435,3.3494789090819714,4.9258841898793895,4.1549123768237815,3.9307040324297122,3.9867402971356225,3.6392861624786668,5.354618628323253,5.3031761189985085,6.317101738955956,4.085698330137226,2.825457513052594,4.174611075314267,3.8053310920242946,3.443032434823129,4.176477619484016,7.119683682659971,5.945977927188696,4.591609196056982,5.292691651928201,4.893791978135641,4.6803209357765665,6.129659158435615
Oct 2021,5.395086832604398,4.01639883456035,4.213474687945657,3.916765197767044,4.973024390428444,4.6392359956293845,3.2212743046078653,3.534275531209747,4.620002561450577,4.141183733449401,5.1573371879276655,5.944831948020564,3.674803428878778,3.273882347363648,4.9297429559734045,4.180615495918379,3.9879212479453225,3.8808174963123356,3.5475252793975587,5.326964312728221,5.233584981364019,6.242480296907357,4.0734288379172785,2.799239014807801,4.13435728211933,3.738475213509369,3.4078723511506244,4.132952240062988,7.006478475985801,5.938619686756734,4.539569788139586,5.189491591134875,4.873275953816083,4.677064855536606,6.138899550601109
Nov 2021,5.441009270716239,4.061430568670534,4.2234205966300635,3.9629100636753627,5.000041979794231,4.6853591720607355,3.269612941472634,3.560430317264955,4.690160983259923,4.196515210573857,5.219251372489707,6.019052077783013,3.816575354185256,3.32047417841413,4.944219090106659,4.242189627659527,3.9766481937476237,3.9583097061574897,3.6374709567901204,5.380257469850278,5.291423245373707,6.225735861025809,4.112529341042834,2.7989050722325244,4.184267427640313,3.887215467036227,3.450467284864534,4.204596534889492,7.034367437509548,5.95955889911658,4.647423178102782,5.3390645362410245,4.917176998809152,4.700859750080679,6.069236837405039
Dec 2021,5.4268421983969555,4.087739194139377,4.256794315495783,3.981279165182594,5.030791783059289,4.72245541299616,3.269994198787812,3.603469335849016,4.77507807036488,4.24339422853397,5.292969399856977,6.016710008842664,3.7731666664496455,3.322027827616511,5.000648491732829,4.242893439121013,4.02887325486995,3.9812648391814527,3.6429112533916594,5.444393554142283,5.345198320045845,6.335489902954077,4.142794940611645,2.873250958939419,4.2024599642716725,3.8494584953593938,3.5179093010062847,4.287264643766955,7.1122214653910545,5.941644337654131,4.6281815356923355,5.349785362614059,4.934663369811587,4.741018025347563,6.18712427308463
Jan 2022,5.489652032557225,4.140209830162128,4.316120806675804,4.031752873441532,5.108118030875149,4.800761189946123,3.332140104184056,3.657675807736228,4.747492704421906,4.302226782409836,5.325876761622136,6.064270800698825,3.772700253483526,3.3708716902604343,5.009427514036389,4.2381933115627355,4.111371927433079,4.0387145809517255,3.6783138436369387,5.45410399712885,5.44591962945157,6.3804111624934325,4.18393383024092,2.8397379592270813,4.302300530601675,3.97712946420014,3.533590856720835,4.30028372049885,7.1385481807515285,5.9211991354874085,4.732893043322847,5.3358016765148895,4.958352623129761,4.797517119432718,6.273149913705414
Feb 2022,5.501526153124259,4.175691294568863,4.294865635682492,4.021395554477873,5.09609592164277,4.821689713207817,3.3021528304738688,3.7010007765020743,4.838745896067393,4.269385266388366,5.353066363589182,6.01544109195301,3.8780081075964397,3.395653374862621,5.029810126404025,4.336761892743706,4.089285105342203,4.077267918518118,3.652193209051576,5.5022084762388355,5.435981825912274,6.383480766769383,4.189498241614289,2.880355493998691,4.319484626324554,3.897523333265621,3.569539876660254,4.322086531606452,7.13946753742735,5.992396187961307,4.764505163403333,5.429336713926542,4.998443832294836,4.8151277202918585,6.149303816964496
Mar 2022,5.526760030474718,4.200399896691302,4.319515062068181,4.049575462615819,5.173470833838012,4.8365612628198935,3.3294613939023945,3.6688575730145554,4.832286753760404,4.325605128118033,5.322780081768155,6.050041492637907,3.804920882781277,3.364764803933801,5.100554966714915,4.29265306100038,4.104346149819312,4.025054189462858,3.714239958263984,5.519598557647563,5.472113917679157,6.394847137058819,4.235816883405619,2.8726011805082416,4.260243303472533,3.915342834026607,3.5731588244534547,4.303812774923069,7.112859013880126,5.932031997216472,4.705632344689455,5.5086032383482095,5.048758263925979,4.872659153381816,6.266994227428879
Apr 2022,5.559116560663131,4.22029962167154,4.38853829642926,4.102057035714658,5.184305451908395,4.90326831232576,3.3343642527871125,3.680206776448559,4.874289790590615,4.3446690082823425,5.397656897326454,6.0884557674406565,3.9081032870634833,3.407756097666045,5.147179045198962,4.343585586595173,4.112617514579166,4.1574930137581285,3.762269403609152,5.555878384443372,5.539939625521548,6.395246442172093,4.317677219250446,2.8826352967330244,4.372648200868181,3.9580706003410056,3.516607009640837,4.414461554100416,7.189606708242742,6.002591232467472,4.799448478736017,5.5017782740911505,5.06704889918401,4.869854762445703,6.261898839788027
May 2022,5.586925175010874,4.251071713334544,4.448703868133959,4.138982342186593,5.25640269570022,4.940182537413132,3.378368880134675,3.743192807160242,4.889568490192849,4.3956098964087476,5.449298112270794,6.102386951905802,3.9465085298826597,3.4314214182233993,5.205975442720022,4.425698194843683,4.243073997161236,4.161895312169221,3.7728348167874737,5.573700173294383,5.542352225376802,6.463896218473974,4.360631669533166,2.9761725856491204,4.385448397935679,4.01490158586387,3.6027248856893324,4.4225992298470125,7.216103634875523,6.1352288666655905,4.863803361764709,5.6871040704963765,5.125085375911842,4.933548363003918,6.208586075797791
Jun 2022,5.70499433385523,4.292837664157948,4.445259194478704,4.1894181489641165,5.30990774280931,5.025370452433366,3.4136406354881945,3.7800274533789966,4.963943666611425,4.472408883382988,5.5023341649929005,6.189054788848226,3.9680554204439304,3.533834679823585,5.240904200091181,4.4249681018587825,4.258189825383105,4.226800584999494,3.868313726785976,5.618832426498581,5.604176605889887,6.582199379168868,4.3825807941627515,2.9762511965772998,4.416484632067785,4.106961035772702,3.6397333075024436,4.451264430691327,7.267376088477348,6.135049018664201,4.901577953926778,5.541795368152993,5.162206107366667,4.9889272430514024,6.202247852695678
Jul 2022,5.707830087534388,4.330263110845002,4.550282155220532,4.243864784737919,5.406348774785891,5.054553435304874,3.4710309347956634,3.8431444106849124,5.065903691262445,4.516535764030426,5.593040798488709,6.285530274523719,3.956515797525835,3.5201853001039582,5.314753997938092,4.507395842646075,4.29740035998686,4.242165196211321,3.9259437412364147,5.75086336264009,5.6950011318734015,6.638035798971316,4.417042054582515,3.0280997756542134,4.533696282139825,4.081015110532845,3.6901724887475176,4.546464957096727,7.280883926540005,6.1611053562588385,5.036472452396968,5.633414750981233,5.223963493612639,5.02865264296192,6.378483828296501
Aug 2022,5.792814977025934,4.373202431415374,4.577196058268841,4.255023957195225,5.480855674213533,5.09787829124307,3.4890841424640255,3.8721170106502525,5.096381257858197,4.554088520976049,5.644528179702963,6.281744473995009,3.998554201319359,3.554727874374097,5.333619355813701,4.5185100640020215,4.298410589763242,4.308265599352477,3.9092054932020908,5.751380371487388,5.7023703273786195,6.611219944525024,4.494963027523958,3.054807316722619,4.536620736461658,4.158712671074167,3.716579408664336,4.570314190947272,7.450861189864582,6.218558567217355,5.05776949204191,5.795752297430835,5.268277945219048,5.113069460815147,6.45524862675165
Sep 2022,5.81089785650623,4.4085452668857865,4.590506516937472,4.31332050072584,5.521824720162674,5.1568661229177355,3.5400990644325234,3.9020439473771367,5.1102236915811305,4.600577420355731,5.657812116351744,6.344173078069231,4.0669585170542595,3.559691730446575,5.405590613346976,4.551830630644339,4.375731103743018,4.353927290074792,3.8901886877469254,5.808972305434446,5.764362280508341,6.65679790038501,4.481308670278911,3.0537494283335884,4.575705418955055,4.187088098359062,3.7375705264255243,4.640291781384266,7.3718364990136065,6.278361882915838,5.06299679108162,5.860732108283548,5.289200343197818,5.156846134118435,6.4425896911695535
Oct 2022,5.861152354083624,4.480593749726282,4.621475797509274,4.304740806052909,5.547033710651006,5.136478124649072,3.5379867761400656,3.9270586771234153,5.129320017184876,4.641759592961845,5.679015254357813,6.3421972390770955,4.103823766258103,3.627659294295582,5.390584745693585,4.639769006811374,4.4047556200479585,4.362436138520502,3.9354443274690976,5.806819339813166,5.76391651177746,6.737560444459962,4.517996760154912,3.076211253509198,4.569467253700927,4.2226777051441555,3.752060359865108,4.636399864598049,7.348281353815559,6.2884181707651425,5.138218957837032,5.838153406741923,5.278837032768806,5.175198636789716,6.373719432355664
Nov 2022,5.795585798575353,4.489313147225372,4.656126758057108,4.3390906530962905,5.524883524982208,5.159599853689937,3.5160976634179963,3.926019414356224,5.138692524590065,4.579631137590283,5.693309512727801,6.384179542695368,4.043673510198561,3.573537962694168,5.400603022664809,4.624296708707504,4.364317527322021,4.354614187226154,3.9898019364031887,5.843771114655631,5.7694865895573715,6.697024381737258,4.517343182139322,3.073308205693498,4.579782358601226,4.243376357096879,3.7270868304986142,4.662339504009403,7.3245997899519235,6.205445503375077,5.093412473046787,5.813530584487203,5.279294172076798,5.173249188942054,6.410082695416198
Dec 2022,5.77318321415567,4.4424967320689905,4.613548078910229,4.334322442290389,5.517018940996844,5.156370459296993,3.45134536018924,3.9105910602091725,5.127764142697247,4.641744425490001,5.673645146528784,6.312093257149031,4.010285470372056,3.5650934324304044,5.39554659899478,4.60354472466882,4.373460903820107,4.358092032267229,3.972910948885882,5.793715189472761,5.764917710387919,6.660391382219333,4.5389676813080015,3.0599291837777423,4.542703184362797,4.213586735658636,3.7018479895919314,4.584582828946756,7.408635242279604,6.182454691251261,5.0382316442338455,5.765287825431003,5.310119337710706,5.185817260494289,6.3594627339760255
Jan 2023,5.7879683557603014,4.378379106283051,4.635005264123636,4.318002446038762,5.504060627645258,5.122301986731653,3.454835800603601,3.840576999196144,5.075302614152699,4.545100824437483,5.602153750743033,6.265718730317822,4.013210961339938,3.5768394341066663,5.338496460654375,4.54142234632407,4.340702182600895,4.339537711055513,3.9271252802293533,5.717357348474615,5.739413189747886,6.653468477153284,4.5149865896314285,3.0704230548009877,4.500329868065239,4.205496740407838,3.7047128540886476,4.6191196906003045,7.219746177862309,6.2658181470326975,5.0472392995484165,5.709425580774172,5.297169679033966,5.148696044253144,6.214585662848497
Feb 2023,5.726677489803656,4.428565872848749,4.563062322283783,4.264970535040147,5.436821694953641,5.056495644363012,3.4818649321863964,3.8569351666176415,5.053510333918522,4.599602579041137,5.534273996930372,6.210155374368566,3.969083047583699,3.583778133162024,5.28374541323736,4.554887481077367,4.254775621686722,4.303280859099293,3.947785237826878,5.73499476232084,5.6977787355161995,6.602209774613716,4.480666498195774,3.0171461216278606,4.520841171353214,4.137570422891017,3.6612194725320273,4.5440546027112205,7.282377493909291,5.987204799860384,4.963886642453855,5.677999447655341,5.249554222704617,5.115428311956704,6.236705597762127
Mar 2023,5.645482217406224,4.389882097440587,4.5530750838118355,4.226772650551325,5.380674801257999,4.973575515719678,3.4791041008456256,3.7668660950345214,4.992192302490994,4.507212758901238,5.5570556218111715,6.205540057500806,3.980336944418659,3.459847447656322,5.2985257517421,4.555060158302361,4.296123606202024,4.257124980122285,3.939225325360197,5.631686205288848,5.583143756623589,6.534009829247501,4.424986755415085,2.9636665458082057,4.433557361065516,4.0723481437337385,3.6881681401003505,4.484182041854984,7.188089030989445,6.0090238222330505,4.921760816361607,5.69022483901508,5.20548202663964,5.045569073100039,6.096339761893768
Apr 2023,5.6515392923088745,4.325782564376791,4.497253580270422,4.257527326842351,5.3803694599080565,5.040685489600653,3.4453018228083003,3.8642231500391584,5.014034431279361,4.535343664956761,5.481936769812821,6.201923428391632,4.007079665553716,3.5466015655395107,5.23487784849248,4.454648113322095,4.239880671991907,4.287654230531769,3.935212243032832,5.57633062022072,5.589969198552869,6.557794644034077,4.466499187689174,3.0007450449795545,4.5205568138341725,4.157573591213653,3.6931501050156115,4.500656856273995,7.177213220415509,6.041868251496891,4.898588606033653,5.593160065694728,5.205528541192975,5.107140269405576,6.07679232190657
May 2023,5.675114427638837,4.423342602270797,4.495537946845168,4.26093856396792,5.404351528165407,5.00146036583382,3.524164799778308,3.8569300321885596,5.022661177696109,4.557755570227299,5.4971781243170135,6.146266340681621,3.9952100256881318,3.604503820286716,5.232522904399318,4.604324094061918,4.275805009493449,4.312397741821237,3.890644380760199,5.577318475692411,5.622825428101674,6.469767819978602,4.473859307969613,2.997489769093859,4.407939587782433,4.083099308675431,3.6597040487459678,4.523566147787443,7.1316403887399735,6.0722911982097765,4.89863474334979,5.665392982384485,5.160709557487714,5.042050416150697,6.3100631491071555
Jun 2023,5.693891431733412,4.408400028596426,4.503568128552205,4.297055228639074,5.378259789702531,5.046060487327821,3.4989921266836967,3.876480720125655,5.047217669262894,4.606347478365105,5.5131455585204545,6.218839887510253,4.058330769867718,3.5704146453080057,5.266028503639884,4.560053837991648,4.326189880744306,4.318822531447318,3.9768194395213623,5.619354508601712,5.650586418600018,6.553489389515047,4.502971213434157,3.079513745479342,4.504954265510819,4.123409324527572,3.6965517633707363,4.480166337565548,7.15472822364317,6.166316139587886,4.971193793243434,5.764828405258096,5.228876268156673,5.063983529121078,6.121321525988276
Jul 2023,5.754081469783846,4.479704868305611,4.5906195156121665,4.301349914217313,5.43357081273139,5.092564602475539,3.512851462690036,3.910109392851727,5.096011274631201,4.586928483364789,5.529004267951452,6.280455744108899,4.023279192325731,3.600398055774122,5.2729258135140045,4.55620500065522,4.348987768027676,4.346319142771219,3.973500108555024,5.68823270902852,5.658198447069913,6.5874745225304645,4.515595545801211,3.0061270889807137,4.543822127175387,4.218310086304918,3.7441365236920263,4.5400679458934885,7.245536131818867,6.11303668148258,5.0198253011893215,5.754771191439096,5.207836739232912,5.01426072012692,6.253004575961843
Aug 2023,5.6888519724785365,4.449561569569242,4.6123296053506095,4.312962671405069,5.445414638075884,5.08416638507272,3.5236776054275465,3.9397611908553993,5.014862510599557,4.668524897943281,5.562862894535498,6.253324389031747,4.078643035108015,3.617354331696712,5.285486042008916,4.5609736278897275,4.356154318666972,4.350085151140825,3.931914936816495,5.645900774849675,5.624148386835212,6.614937418029489,4.502572592351009,3.0949251447681108,4.602778412525487,4.222357468916326,3.7316893357114114,4.568029873293012,7.254848226060542,6.228623993004251,4.983134113474935,5.858686199032053,5.242609584654882,5.026476435639971,6.2943723298235215
Sep 2023,5.719165975913589,4.440819159209809,4.547388005820315,4.3557118579459,5.480919389387208,5.091161148537145,3.542215967904048,3.93624536762999,5.032810655093768,4.618282780659245,5.524800301773432,6.231914830736422,4.030260204270466,3.613527977781274,5.249635247459312,4.6168620384811385,4.403883501589895,4.379863918225564,4.022940254779875,5.686352887188394,5.665341719968297,6.6003784756636685,4.503065181014769,3.0519716457400814,4.519845574965034,4.17464669787371,3.6973745817462014,4.5793365784562745,7.240460143146045,6.120143317940884,4.968069659420704,5.745027870346298,5.204962832003503,5.085346135496994,6.202379459395395
Oct 2023,5.687799086211924,4.4372340697207315,4.578812749884478,4.310732389353558,5.452385506844104,5.04905648367234,3.5013526517708478,3.9222690490589907,5.041501946297372,4.619349408885425,5.549393157876196,6.1786039074591885,4.049094883781875,3.6139522933455,5.258777881508862,4.6004722211574745,4.35253110731348,4.329850464180604,3.9407580226651553,5.623917768938194,5.628809230456136,6.496389285000066,4.528317269328645,3.073035899479382,4.546321636742287,4.2147131582247654,3.6926274547853994,4.406270587303878,7.227425616393552,6.159661667527409,5.033839906456317,5.83763002256512,5.216043068490572,4.997186862656492,6.245992264808597
Nov 2023,5.63881494447914,4.396244203458605,4.542161830736384,4.334468505753194,5.4355456289578905,4.97681970816833,3.532904562781042,3.955695848723659,5.010893242288541,4.644838765425377,5.46307317208314,6.097293074543772,4.0390559433412845,3.6453086616237806,5.209069494926078,4.546910421716899,4.315746123738515,4.283822878619305,3.9447746146644773,5.591948193170445,5.583699803808439,6.515556045740477,4.495971363049103,3.0259554082717868,4.483592941418422,4.18692400965738,3.6883101048679565,4.4977714594598135,7.250399059104519,6.041396027114646,4.987039033456191,5.706776706049151,5.155340655852572,4.977234580730901,6.30794655207843
Dec 2023,5.563329283904077,4.390585520252493,4.541136527185006,4.246939491334778,5.3905649170596766,4.909616783263128,3.559228980272262,3.9097359796687554,4.947212534673294,4.58706082076448,5.411839271216781,6.0720403104226355,4.113039921295625,3.5640317896457194,5.155131190261434,4.650552146135049,4.359104216541788,4.367449551999977,3.935537538421234,5.595717686728894,5.505305000113237,6.473050749063705,4.524043402537988,3.1165206530139886,4.493682689981588,4.175643424777437,3.6410004276053844,4.436873430364091,7.12735346032295,6.09181158347718,4.875082210298366,5.658917584828564,5.093839720450146,4.955176472261639,6.097978523651006
Jan 2024,5.634300134371409,4.3446476226423725,4.517672495925763,4.270265057182894,5.424463749131058,4.968607792883459,3.4816566161084497,3.8891180841354713,4.872119045498345,4.632572158073225,5.4267175150185984,6.190963430951624,4.1328066303989965,3.5527398475554626,5.157731383928384,4.466712587297447,4.292562625483651,4.308779267330226,3.9388193749186144,5.550839409955612,5.46867055002755,6.516612167409912,4.44430308861045,2.994108990294178,4.523538451128943,4.192230568917479,3.6450031202913804,4.421953619907525,7.197479739189981,6.11360274740878,4.8921424679919365,5.653454630395452,5.113130785661388,4.908032809492301,6.254434992096061
Feb 2024,5.569855344992676,4.450869723643614,4.5726581072461014,4.293676126838951,5.34311439480862,4.962289767310884,3.4807211959542403,3.906811182491614,4.881536532328159,4.685211334257113,5.397919268529722,6.137603328316156,3.959161195413093,3.5733199298886684,5.16893913438626,4.546637090593541,4.326891700975791,4.2615819611247066,3.9867368341172775,5.506611186790431,5.528524415953049,6.4698095860191875,4.497532360397322,3.0472052932435796,4.5028237482157705,4.232304949893755,3.7091833337589444,4.464377555420935,7.1204339960572804,6.030278106000914,4.91410683823069,5.6590111780220695,5.120036188307637,4.948929507795904,6.201681501492201
Mar 2024,5.618941640267477,4.3994666804801295,4.532001922188649,4.31263780886183,5.322362379675738,4.890158780777195,3.521385928337772,3.909460744822231,4.949635584634876,4.644916994834183,5.40634997948213,6.061345222860205,4.09312691092434,3.5655168883951855,5.192053984467143,4.5347173801634835,4.348679090816613,4.333033242250132,4.005826854569256,5.574302594106136,5.516224057641823,6.367681978991297,4.493879457966935,3.0328780576670806,4.4421581006116115,4.231121745649602,3.667159574543665,4.563517668955066,7.138094289324727,6.030513120811446,4.8105924172368475,5.720327697820494,5.1486220644905885,5.000008627657466,6.1434446921987735
Apr 2024,5.640759415110207,4.39253734195517,4.491939487156334,4.278969905972259,5.348153059194789,4.912198093189954,3.555162051544006,3.890093566560349,4.952333530169098,4.679215849586726,5.391669734797239,6.127714672395499,3.9978584008408973,3.582035178835366,5.154786000691817,4.5546151518400215,4.369415339109588,4.3294429858938415,3.9426194422912264,5.560977532087628,5.497719761646041,6.5459658140784756,4.465333208327336,2.999015416987213,4.489403539473751,4.218133378090048,3.6623880666000193,4.4723086387204845,7.220135131018297,6.026881855636992,4.90958614891604,5.688308615711027,5.17485246965671,4.958477618977839,6.173639461797273
May 2024,5.637067587815112,4.4371265101991,4.653291495296566,4.329448094855999,5.435138832935408,4.990906556900611,3.5573802946476643,3.998402810941906,4.995317474950171,4.703634876369671,5.469415795142456,6.1634400936085,4.107365695522185,3.6043197240212868,5.194048340449866,4.584527871849442,4.410996374154829,4.37224027502649,3.9937062711567344,5.596369297364187,5.519253908979708,6.536450043456476,4.549240455998126,3.0840965543176235,4.564523502665648,4.289077721693986,3.72215253467346,4.544979656279164,7.216575319031454,6.219739874990848,4.9378594120932835,5.74760091575802,5.226880103233811,5.049652490387719,6.33237237036264
Jun 2024,5.669065353836535,4.4938285907607955,4.618428100048646,4.360940196914523,5.445772779701894,5.021487770693552,3.6218243391729144,4.023409315210968,5.0610247310740375,4.752800985825029,5.51645809740176,6.198240329631275,4.134222125090253,3.6428795108516012,5.210367755331626,4.642384173984694,4.4112750049155665,4.429664113261508,4.012747341695383,5.603970934078017,5.616322144641912,6.625906959068485,4.573650732288723,3.0834432896638604,4.58280062369226,4.216655603403851,3.716735163779383,4.506038918057482,7.327131383068725,6.134716611686502,4.938875777267562,5.727964805623097,5.242761847433849,5.0271606756829845,6.345114982391526
Jul 2024,5.673050999743964,4.501729463940877,4.611255404770378,4.388077381994518,5.513815333345912,5.07008932743468,3.5777271720703396,4.010434908569394,5.058287945545324,4.783500968179087,5.519110757349946,6.2543417870834626,4.141028818389222,3.7267605956980483,5.2481169776322965,4.6432994271546715,4.454537295096414,4.463385458080749,4.064773338128405,5.617270882447354,5.589327452155272,6.649444778068785,4.5593811217973705,3.0534777029421387,4.605475829270707,4.311149436270916,3.6634671787255133,4.521961220080839,7.356067011253487,6.245445220643383,4.995453575904753,5.730748968454826,5.267989816846533,5.031319088637655,6.316267449122277
Aug 2024,5.797298872315492,4.547961226571661,4.611352858529932,4.4234473979049325,5.494381475334118,5.1159320723232415,3.650203921815114,4.076205861752976,5.060905231003148,4.788191169759052,5.566225156103186,6.345279611749448,4.104275229387908,3.7141706592382064,5.243912145370501,4.713565964476976,4.4661955590426015,4.468079349079246,4.107197474656373,5.673268360684766,5.622104662622432,6.679650224575672,4.5989489188584205,3.127458872500739,4.607674095727215,4.38551120337554,3.7738252434580084,4.568452386320276,7.433080657670669,6.218611748157552,4.96786421673198,5.69428479796346,5.332092891321678,5.057296007624855,6.40197310555383
Sep 2024,5.738760314296064,4.481322512770805,4.658702706863354,4.40310428709972,5.5308651247860166,5.026786354401168,3.6640034113187987,4.100763964001278,5.037047652352901,4.751266933228145,5.563314547805561,6.3335934344766125,4.162528287729383,3.7699652268147026,5.239473086174856,4.660511703777649,4.522627791340865,4.461487768479518,4.092459625268708,5.707297912209502,5.6201562227310875,6.682173025028371,4.619862184327432,3.189026683083161,4.606589455309789,4.358303290242587,3.7475198557592475,4.542474121479108,7.438440387694827,6.26918055597665,4.986864239941487,5.703105088769627,5.289120304418761,5.083652740279719,6.455498455349326
Oct 2024,5.744514174246966,4.545047005963134,4.639076644873313,4.444326960403836,5.509704181200139,5.05309727595926,3.620164890952896,4.087256387569478,5.003557663629188,4.803378338347915,5.552161616222363,6.292585984548193,4.213066388626958,3.670290409548783,5.226677743969105,4.693611938519615,4.473808681032547,4.449380853007182,4.120514226493797,5.6635743142220365,5.617977312274115,6.726603707288599,4.636584179636736,3.089198551136341,4.638197922081687,4.366944916935914,3.7704294595721746,4.5338969904269995,7.302139745240109,6.220831680083135,5.026820583795428,5.746157198694372,5.2950771687132185,5.086060704796729,6.268398443809103
Nov 2024,5.731029498762958,4.537447464458619,4.632579226788011,4.456571127283377,5.5100648416681395,5.03785762868403,3.617706740451262,4.077356809704217,5.0523484718588785,4.845505445303422,5.526016880320901,6.215964917301228,4.153801006303834,3.709173699135661,5.258576106031694,4.655672042148398,4.5135125524896695,4.516183511566596,4.108906686236295,5.6790997002883215,5.652135808181397,6.728491304793675,4.638582349175084,3.140105423201347,4.614405891106543,4.358098715934946,3.766145739135562,4.562904083579782,7.465498687446526,6.247226858570526,5.000445020256167,5.8265901202956405,5.270177338202224,5.116794168610333,6.444587607469492
Dec 2024,5.744058743566051,4.571112118214207,4.658000433124986,4.4426117807838965,5.526130955869817,5.0183897582711205,3.6448052244570026,4.092227463151888,5.069841543416195,4.8528874389480015,5.518793295832837,6.3349702251646685,4.20144997855538,3.7306400614836184,5.266311943581021,4.657100243040766,4.480586613468133,4.445538618957835,4.089723791781725,5.714562918485241,5.630740658373321,6.671658044745344,4.632631740603724,3.208037304127456,4.628702192249205,4.324364764723453,3.7221386023561815,4.532870382911304,7.413204234715457,6.199250364001409,5.01178183650364,5.689689582316088,5.300076878467441,5.096943897933597,6.35672683040369
Jan 2025,5.754863523928999,4.575092604064234,4.6281941489101035,4.469890259501387,5.481509973252085,5.011017281125295,3.6272101451549297,4.041324922327936,5.0422868518787904,4.832039729897766,5.58197630214747,6.3229592384444295,4.100087766701858,3.7858911070240637,5.293254207717499,4.650562392665925,4.476912121361129,4.527701526469058,4.141652182473004,5.692163591755332,5.656931051701167,6.697241331729422,4.63045567460739,3.155844889915939,4.596785870595904,4.350996420495937,3.762212037595733,4.579801760097605,7.3895427219557375,6.201720826995852,4.989182013442431,5.772524466416689,5.303401187186257,5.063314390463033,6.407360381039415
Feb 2025,5.7894671217837175,4.573809785567449,4.659288723784766,4.485707780784434,5.579287742203541,5.036006865452079,3.6384142315245716,4.139788110660134,5.037946786883186,4.828957259658219,5.564114803540736,6.287720960381709,4.220646736838417,3.7008923983254864,5.264554385088515,4.677288758051284,4.506212784054367,4.471326241307093,4.150692783896098,5.728472903882903,5.630659819674868,6.7198469861678065,4.665698284490738,3.1601651938078996,4.62050497763223,4.348843127173911,3.708511771578181,4.546261208142926,7.381849557401832,6.149962411167151,4.99745020712658,5.72110942748619,5.329961946889572,5.053892950047368,6.263046931768579
Mar 2025,5.789847488642391,4.626957296073269,4.7178677605862065,4.475349300823862,5.554719950921995,5.054632347117805,3.694077944335353,4.178161544980964,5.075518645725739,4.892983958947505,5.553469935176913,6.354600579352714,4.2696098570397965,3.8090631225673137,5.273793042144698,4.701661068226521,4.510330971137594,4.537900674330886,4.226741516828998,5.704362869473333,5.6361219213829505,6.772891149727832,4.647909327130476,3.2495937819368232,4.65551860865599,4.430990170669487,3.8035769848090437,4.58685475709292,7.30997216071496,6.136785962037111,5.030757009326764,5.809415260164802,5.322757032233068,5.13841586935689,6.215173346746835
Apr 2025,5.712470013235133,4.430504082885424,4.647343899135011,4.417761507668874,5.365759919242968,4.8811280293190515,3.6419429934991756,4.071314069907813,4.996374268035317,4.733301925359658,5.513156662602193,6.180769590759875,4.13242386128059,3.6708025745255632,5.200916552812086,4.703667387536797,4.509146791430917,4.443478828404829,4.120765766056749,5.622486943473896,5.495941382880547,6.557858147251199,4.591530015927972,3.1004198410005976,4.507421648393213,4.279860497588872,3.6729557490610776,4.5319288300293215,7.559650453752656,5.893729098785375,4.786523098602643,5.413094247837752,5.180852723044161,5.020669385039393,6.317993188822066
May 2025,5.696057638443564,4.560288648540797,4.696117991210668,4.437968166033136,5.499786681937076,5.0242470821091265,3.6613776039658994,4.150228016442723,5.034734312189844,4.83947552238377,5.488821400841053,6.272755899440801,4.2075572544650095,3.745675734414059,5.222959137136034,4.732243858109186,4.522039555640742,4.473252341495477,4.1956605964721305,5.710274753024096,5.57028899205654,6.633302186800244,4.693649562171587,3.138741820728296,4.580515498320716,4.3627769227895525,3.725192219313341,4.538147886324284,7.283171295070887,6.073614109158153,4.86200983441499,5.436563467628439,5.32646696284341,5.063046982681597,6.240878404511354
Jun 2025,5.776772845610115,4.55649891626165,4.707728831641187,4.481058261000004,5.498459619028938,4.995584136290477,3.696866940261198,4.146038405106662,5.0676319025926,4.918964736478156,5.543939064750023,6.351185525988845,4.212552189858879,3.8079959126607843,5.2500500729362605,4.734230825682468,4.47934348191886,4.592811110774523,4.191725341241486,5.689500283205227,5.633594093212857,6.680346918449901,4.620381460511756,3.1963642971353234,4.68432032045806,4.429553623402493,3.7767090034036723,4.559802208754356,7.355180810108509,6.163851551198236,4.9781180639930955,5.469681651553659,5.285659292821315,5.103497614015752,6.385702138975135
Jul 2025,5.82777257836538,4.578635225711767,4.734169919589046,4.538560657157283,5.615216497108507,5.051731057653615,3.7298120754242072,4.188954410122593,5.0920807518099425,4.91684144477619,5.529356867097463,6.353912284950525,4.311352942341376,3.80878734495411,5.23294636410193,4.77711941194265,4.509106217169207,4.603938080108478,4.284369505183046,5.752823949702421,5.663354232001402,6.772831962107999,4.6712757144734685,3.1719569027101677,4.68778248069316,4.407552900739891,3.795985058611363,4.529774644842057,7.418403544488894,6.232999496277579,4.951693057098695,5.638156629847549,5.354177491902361,5.171994465031472,6.418357778300639
Aug 2025,5.902147156733563,4.560615103718826,4.710363490407841,4.541136303347612,5.612095869541599,5.079301895544808,3.6907999349870244,4.167482169198926,5.164798016554914,4.927844939948309,5.617784187650621,6.332449877484135,4.259750823764588,3.8383323715282964,5.286320033717619,4.816449705358083,4.582140284230713,4.571536644799734,4.169596133156135,5.766655775571076,5.641538622259911,6.815492599502958,4.710424094595531,3.1666629596597815,4.735720662698149,4.32903149443777,3.7817363232307635,4.612449156826262,7.406396062182879,6.2842646837231095,4.976339455682768,5.834988033013426,5.39059914369396,5.113168352808955,6.229459785203568
