Date,Hertfordshire,Birmingham,Worcestershire,Dudley,Sandwell,Walsall,Staffordshire CC,Warwickshire,Solihull,"Bath and North East Somerset, North Somerset and South Gloucestershire",Somerset,East Lancashire,Blackburn with Darwen,Mid Lancashire,Calderdale and Kirklees,Bradford,Bournemouth and Poole,Dorset CC,Central Hampshire,Greater Manchester North East,Greater Manchester North West,Brighton and Hove,East Sussex CC,West Sussex (South West),Bromley,"Bristol, City of",East Cumbria,West Cumbria,Northumberland,Cambridgeshire CC,Cardiff and Vale of Glamorgan,Bridgend and Neath Port Talbot,Central Valleys,Cheshire West and Chester,Wirral,Flintshire and Wrexham,Heart of Essex,Essex Thames Gateway,West Essex,Essex Haven Gateway,Suffolk,Croydon,East Surrey,East Kent,Coventry,Cheshire East,Kent Thames Gateway,Bexley and Greenwich,Derby,South and West Derbyshire,Durham CC,Darlington,North Yorkshire CC,"Barnsley, Doncaster and Rotherham",East Riding of Yorkshire,North and North East Lincolnshire,Lincolnshire,Redbridge and Waltham Forest,Tower Hamlets,Hackney and Newham,Enfield,Barnet,Devon CC,Cornwall and Isles of Scilly,Blackpool,Lancaster and Wyre,Gloucestershire,West Surrey,North Hampshire,Berkshire,Brent,Harrow and Hillingdon,Buckinghamshire CC,"Herefordshire, County of","Kingston upon Hull, City of",Breckland and South Norfolk,"Merton, Kingston upon Thames and Sutton",Hounslow and Richmond upon Thames,Liverpool,Sefton,East Merseyside,Chorley and West Lancashire,Powys,Leicestershire CC and Rutland,Leicester,Conwy and Denbighshire,Gwynedd,Leeds,Luton,Greater Manchester South East,Medway,Mid Kent,West Kent,Milton Keynes,Bedford,Haringey and Islington,Camden and City of London,Tyneside,Sunderland,South Nottinghamshire,North Nottinghamshire,East Derbyshire,Nottingham,West Northamptonshire,North Northamptonshire,Oxfordshire,Gwent Valleys,Monmouthshire and Newport,North and West Norfolk,Norwich and East Norfolk,Westminster,Ealing,Peterborough,Plymouth,South Hampshire,Portsmouth,Isle of Wight,West Sussex (North East),Thurrock,Barking & Dagenham and Havering,Sheffield,Swansea,South West Wales,Lewisham and Southwark,Central Bedfordshire,Wiltshire,Southampton,Southend-on-Sea,Stoke-on-Trent,Wandsworth,Lambeth,Kensington & Chelsea and Hammersmith & Fulham,Shropshire CC,Telford and Wrekin,Torbay,South Teesside,Hartlepool and Stockton-on-Tees,Warrington,Wakefield,Wolverhampton,York,Swindon,Isle of Anglesey,...144
Feb 1995,1.0282530212500791,1.0156541020012957,1.0025545105946032,0.9957354389188361,0.9672476777447316,1.006607382329809,1.008164177499768,1.0194117068830935,0.9910051735243792,1.020345086827967,1.0161641420553942,0.99989157935132,1.0031186812145831,0.9748625609362278,0.989320694117271,1.0145025231075777,1.0206312828310027,0.9942039346947222,0.9948096589519255,1.0069209685094889,1.0177174914347233,0.9865932360971493,0.9893645102235049,0.988409195887516,1.0026004567806401,0.9984034679602983,1.026585102339677,1.0650141005206872,0.9856396928197355,1.0122315978462968,1.0041561575692532,0.989573779834712,0.9913433656022522,1.0511605605411318,0.9916509939028815,1.02432433520061,0.9933692573098274,0.9842519497513263,1.0343696161325437,1.046630231795728,1.0155437954247115,0.9968451191274627,0.9929497595426023,0.9964705801238054,1.0479409198369019,0.9925381603642365,1.0286344775003864,0.9982012886718086,0.9624738816033075,0.9948272161456595,0.9966406075321692,1.0825031272397525,1.0003779360679836,1.008358541137813,1.0284767926812297,1.0204815796509352,1.0012286249414284,1.0000701593341628,1.0132241975003415,1.0374236254564544,1.0415786386994288,1.007713065633731,0.9948379897896158,1.0299400488294703,1.0670022997066964,1.0193827116175722,1.0209200369283484,0.9943332986629637,1.0127492106196176,0.9997673621071961,1.012216675907631,0.9862623151344505,0.9996800509968669,0.980690768892625,0.9929041337949747,1.0115719582221094,1.0084449938990094,0.9967150216021469,1.0949008953534975,0.9928997107312109,1.0027066654475134,1.0373259782159254,0.9832110039153257,1.006894573267026,1.0202514302049932,0.9856107748043711,1.0118038269197085,1.0145399593493218,0.9695159149753313,0.9883561070247763,0.9978166916328042,1.003547906614292,1.0156185028110751,1.015168499384866,1.019985550318585,1.0315106810908663,0.9916058802878518,1.010319152269197,0.9868333981171938,0.969099469267894,0.9865383864927649,0.9837741527993931,0.9633915847159819,0.9766459412564277,1.008709221031484,1.051035716593008,1.0234022073199212,0.9367744061549438,1.016786512280314,1.000397281577643,1.03834659341522,1.046626071863932,1.035128692293436,1.029195086807814,0.9852071291409347,1.012377402707826,1.0007730654059916,1.0033738430491357,1.0069703851009097,0.9903179826151015,1.001462744868333,0.9950673828376059,1.0063426194367835,0.9670371586287564,0.9672721540318725,0.9983413749720654,1.0298567178643285,0.9812140585089716,1.0585038301008647,1.0470356277219197,0.9840015343732614,1.0218789200952059,1.006270800770044,1.032290756276552,0.9961715883847557,0.997731037486224,0.9469598498997511,0.992404514332805,1.0381246637656465,1.0220026114909146,0.9736318746768957,1.0195413100454587,0.9955057939678854,1.2161087142875981
Mar 1995,1.0147977674286655,1.0287408797698205,1.0082662779013938,0.985439152221293,0.9916211141237213,0.987766675347702,1.01645980964836,1.0041626158060595,0.9928342226986379,1.036060960737182,1.0171052283165187,1.0000694737376128,0.9924686898837429,0.9879099620843305,1.0022936565863632,0.9984066552448946,1.0240233467103956,1.0023310489834591,0.9987507921177112,1.0299390599231606,1.0335315603281197,1.0246282079072841,0.9879790076653995,1.0015113596681804,1.0090577804931398,1.048835254510609,1.039052298376067,1.0555161015437116,1.0253384994380126,1.0189990658181487,0.9998838938089575,0.99611689882435706,0.9801776825637589,1.0357142436516207,0.9667084945713101,1.0165605325974354,1.025866080380102,1.0242391167746225,1.03681433221412,1.0389813621304735,1.0134136191599519,0.986884999457577,1.0120097678133277,1.0074983930924284,1.016948559204604,0.9743396406596306,1.0228161803584843,1.0169925915954232,1.0216144543079102,0.98627398131915,1.0052393571541738,1.0584894644127119,1.0119125171811127,1.0120640523785063,0.9964815245180724,0.9900530099373228,1.0005681150460703,1.0095137609471405,1.0398906502819518,1.062804581969956,1.0488856872994305,0.9878649928770298,0.9901128802914476,1.0075045702411929,1.0694000415161093,0.993099252592151,1.0043772615461704,0.9900868217775611,1.0114194356176296,1.005645458410429,0.9977170509400788,1.009303909192222,1.015353649383595,0.9607630545480145,1.0203019141588991,1.008213295292279,1.0167771957830174,1.0162357847536336,1.076194178268038,0.9826323381984714,1.0137257026301876,1.024060066158136,0.9745318256994788,0.9987000690742392,1.0022413070564171,1.003220901881829,1.0109261220566,1.0271940032483868,0.9911277185073497,0.9833418396542484,0.99354314281574,1.0044538822921545,0.9969173137093329,1.0248813990240078,0.9989505004730957,1.0137539168915224,1.0486628295410692,1.0322680235223558,0.9971515652258865,0.9987045509165859,0.9878843239824885,0.9975712061617165,0.9846109420214574,0.9978277084611497,1.0011103846963203,1.0270723617877968,1.0197832397269455,0.9702935293867435,0.9850516986648561,0.9792188102124261,1.0567277846709797,1.0364410853221824,1.0036262734635508,1.0401490668433422,0.9828404600503655,1.0150671895128731,0.9908671530298201,0.9900285030402298,1.0081758997358206,0.9805071696286364,1.002793213207335,0.9934004950811088,1.0091911461938088,0.9676136463913793,0.9907439018431369,1.0046315274793516,1.0290650408573527,0.9665292706109072,1.019176156352577,1.0331232252460303,1.0113333508697522,1.028482972946829,1.0212846152317552,0.9931632894412583,0.9880016587816686,0.9854719083323467,0.9662584017015785,0.9779714431690713,1.048595794963578,1.0133699612283433,1.0043893479970947,1.0368505904152723,0.99445628784482,1.091857713070996
Apr 1995,1.0246462326255494,0.9900343093835648,1.0059287730246034,1.0066740044379878,0.9972773927329297,0.9700037396161827,1.0006471916674244,0.9975954014315068,0.9705354867798606,1.028044978385289,1.0144919017893843,0.9835622152698518,1.0212236474643162,1.0086450303213492,0.9803697665223549,0.9941648483069973,1.0154000595260573,1.004456150861627,0.9912300555469096,1.0077874324427551,1.0193938842458996,0.9968401277605641,1.0107456926130665,0.9981615006156073,1.024343339393495,1.0249178374436387,1.034524096549111,1.0505070572263433,1.0224290127664428,1.0214546732650034,0.9751679779029049,0.9976855950675659,0.9833870352428424,1.0673018166608315,0.9800184724489143,1.0153587754565945,1.0041613158597944,1.010774731985624,1.048324103223007,1.0232346820487515,1.0142644881385672,0.9938524935955159,1.0011552725270976,0.9921453922204286,0.9954596948748751,0.9708494854227904,1.0414881887826641,1.0209114718941885,0.976860444712837,1.00640912494963,0.9999703255228733,1.0849825849250676,1.0219732661847918,0.9962553795188805,1.0281602678121378,0.9908895852702029,0.9987359023841366,1.0057701117541384,1.0705587219984833,1.0242164666706564,1.0527497630992688,0.9997822522298154,0.9990293956643351,1.02041570498351,1.0616840331954516,1.0124095064130962,1.0038205867066703,1.0074794672440939,1.0284797598872435,1.0021695331261393,1.0219408948856925,1.0194022465783363,1.008741265766401,0.964828896843335,1.0636354762002092,0.9845148541462908,1.0057952258231797,1.0050951407626951,1.0540860568194714,0.9918043049208447,0.9951361452412174,1.0391368133640373,0.9293683402071081,1.0093666267014174,1.007707146303744,1.0062204231689005,1.0472741136647898,1.021616735476424,0.9815719034785774,1.008099710859901,0.9644994288318809,0.9784507474376825,0.9956162494109874,1.0186079072785585,0.9857575035445357,1.0187839133346979,1.0082847010932643,1.0386870863210853,1.009199904286374,0.9811867784526572,0.9817070585351112,0.9714746546202853,0.9805137800495308,1.0212419118881486,1.0144722430880857,1.0346056377165003,1.012564062845689,0.9495325976873181,1.0023664357164006,0.9819450585798621,1.0172652660259272,1.0598301319473127,1.0153862084287233,1.0374917304779605,0.9735625956407182,1.0164021802101537,0.9991124244885922,1.0130710485219754,1.0132440230946933,0.9787152742751373,1.0002945455118326,0.9801839367030325,0.9933767088879959,0.9796600076225186,0.9876037250533367,1.005551727039745,1.02713076165319,0.9970171585260661,1.011611471134787,1.0233882018500007,1.035833149337101,1.002953166033655,0.999349480277433,1.0222254756201254,0.9709378485873709,0.9956158207332086,0.9841761708803801,1.0047545962016367,1.0216756137468004,1.054180497839236,0.9655392606774923,1.0426167182071624,0.9935937403854797,1.1180029734428865
May 1995,1.0267666551988046,1.0096626181583401,0.9982827112573439,0.9845432857628028,0.9981172433073741,0.9831441195114843,1.0128632806993487,1.011377364876463,0.9775659826394479,1.0304050170314452,1.022671775912035,0.9569309077989634,1.0025025935176197,1.0078171888948428,0.9852770644407524,1.0098654190059735,1.003380652230634,1.006790093747743,1.0024326547626725,1.0117846995341149,1.050053399020034,1.008462642142497,0.9990370298235237,1.0123661579524885,0.9994830432363759,0.9937271405642385,1.051069855328188,1.0166090123233966,1.0129874035004025,1.0191692321334171,0.9933628284217648,1.006990056457947,1.0456131921737364,1.0521301586448413,0.947378984617512,1.0143572134576033,1.0177791107080767,0.9901988816868404,1.033381361065397,1.0531189614719199,1.019299809379061,0.9943197103194391,1.001611896689985,0.9910212984686827,1.0113856197736106,0.9977853742880336,1.039570491007603,1.0342872491291346,0.9856572784979527,1.0181728685882172,1.0267731394173385,1.0654512842512192,1.0065772040076362,1.0174439642379651,1.00773347278615,1.0030723856167618,1.0006057058774518,0.9921243198427769,1.0858975613505442,1.087296922903466,1.0418919048680764,1.0077358318910195,0.9843239763434322,1.0232312819140095,1.0717240206182175,1.0240583450901655,1.022410546916652,0.9997238388805083,1.03148871240744,0.9982836975989218,1.0404337291764625,1.0003483578777093,1.0066833869958705,0.9838328699035659,0.9882395064418419,1.0209142410712808,1.023947328030621,1.0531876319780737,1.0748285965018645,1.0170791256408727,0.9877784965077355,1.0585023999207575,1.0109469619044058,1.009295109012905,0.9907367425509893,0.9701991061865223,1.0394651463207174,1.0094170506514692,0.9842241363085367,0.9686463668445139,1.017148072849655,0.9857089657851282,1.0095700579649536,1.014203259473753,1.0064420196024586,0.9910670603276168,1.0609595461262717,1.0419485103248924,0.9860644956080338,1.0134707533988927,0.984343439523931,0.964811614499692,0.9608620730653701,0.9951799845445228,1.0133960502935728,1.056854544159926,1.018849728221442,0.97021978037914125,0.9862023006586715,1.0083161512053123,1.0360651131952257,1.002867467588387,1.0283146546103918,1.0384130620931777,0.967649419338598,1.0164250245039648,0.987432171205895,0.9950201976115508,1.0107289969699735,0.9938051711976725,0.994184101067613,0.9931109554106119,1.0873917840377987,0.9606201148013912,0.9713839674187211,1.0141469704056627,1.0303061736443808,0.9882831616923936,1.021286251821138,1.0466251602198076,1.0299065617188397,1.0098021314109944,1.0030635888295631,1.0073409769157697,1.0063514914924074,0.9731183731546547,0.9843731480653368,0.9802143575036228,1.0256185993253335,1.009656137603326,0.9679704266368542,1.0284867233167705,1.0035838099783814,1.209347208636934
Jun 1995,1.0291109259372508,1.0124783849362993,1.0162522651108903,1.0264211654008057,1.0049582997201454,0.9866977328235984,1.0151770989054651,1.0177683545330047,0.9993720286760848,1.0395503299291904,1.0279574835708534,0.9848028910395887,0.9723991709440192,0.9756285445703897,0.9821912458987698,1.006656009632362,1.0178513448380588,1.0047971247739595,1.0012870378144407,1.0466239691168975,1.0321801684873237,1.0376179595978536,1.002206409907033,1.0185304946460896,1.00772306953785,1.0188553464485475,1.0559897703181274,1.027949154685714,0.997132690289775,1.0211145798177748,0.9929493031524153,1.0297010277416365,0.9930749628469819,1.070210291157203,0.9730711378668102,1.0074064886683178,1.01102332958377,1.0185800273722336,1.0361818948315076,1.0431605062211742,1.020018354951279,0.9947792942860224,1.0093124626542145,0.9972661904845745,1.0155936668824475,0.995858140782912,1.0520083005674778,1.043960470540772,1.012844655332768,1.00326612457766,1.0027758819981458,1.0440776758612322,1.0105239360450182,1.0141006610917296,1.0021248776354394,1.0088221720323272,0.9933694358753484,1.0111667541905915,1.0674777840241927,1.032956593618748,1.065021313398665,1.0069319845439186,1.0057121103469988,1.0333830112062898,1.0408646743433754,0.993613552934242,1.0264996590019753,1.0170850396501028,1.0227709534282108,1.0100417402214241,1.0404001874674533,0.9948216754730782,1.0141619165376674,0.9835396003773735,1.0246236488713376,1.0138983258768457,1.045844147756603,1.041400401472186,1.0574713362731853,0.9427419720058523,1.0192637671562692,1.0311030594520096,0.9808370370255091,1.0271541660944654,1.020033025305456,1.0106141178775314,1.0185917854962963,1.0179467754627987,0.9786558437501051,0.9902078364450349,0.987582008642882,0.984954526434775,1.010148080366301,1.010080493580209,1.0122271105692382,0.9795051617658497,1.066343971675102,1.069857620356087,1.00025158033357,0.9858933183343049,0.998725565274368,0.9905644810868184,0.9971895902945958,0.9849642871757639,1.0218864887114432,1.0660349223619559,1.0386451902806013,0.9868292829818786,1.0170924158755665,0.9749631487567245,1.0374457382405256,1.001513647282675,1.0479870316031046,1.0162565489766426,0.9734579368824445,1.0308324927725907,0.984985664084394,1.0104382375879044,1.0196182385952033,0.9658879003200956,1.0113850528191066,0.9786823155283475,0.9952170363214937,0.9895750362569345,1.0353094740134425,1.0021296698509348,1.0313106641949448,0.9740429568199721,0.999051129587732,1.0155441194519859,1.0232633711133001,1.0339273847424568,1.0053595299933993,0.9971454338909895,1.0191538013730281,1.0015850344683261,0.9770582707914388,0.9908345327551866,1.0274570889649053,1.023383847487482,0.9886372495447016,1.028951877660334,1.026012909324131,1.1211377892236394
Jul 1995,1.0221738760161654,1.0164326302089357,1.0116261299898734,0.9853640940412005,0.9921706501656058,0.9414418746239174,1.0105442139061753,1.0208164157860582,0.9742659949266333,1.0081820535142072,0.9950073475210194,0.986812201909646,1.0141485776722514,0.9910337171972562,1.0027858943812562,1.0084407981336783,1.0221493380315236,1.0058961758664051,1.0024259042921089,1.0198999269962092,1.0299799216064403,1.0165193190907884,1.0022411600140195,1.026004905543971,1.0086040390748239,1.0136537407733797,1.032292542205664,1.0074383850068076,1.034126007427132,1.0308893016779594,0.9724678255557293,1.0065456253049887,0.9875284117669075,1.051688261471512,0.9749273377047113,1.0138016432131118,1.0192464684531588,1.0162987189484538,1.0472698979386168,1.0395310178968102,1.003505964792805,1.004034642049502,1.0037688922522148,0.9879910388867745,1.003403628968564,0.9883997229779713,1.0334221164158122,1.0331529215912547,1.006231825060636,0.9978203076184952,1.0084702384984434,1.0639593769410771,1.0031513020460774,1.006523577313957,0.9855569056562659,0.9888765011867906,0.9953205792861294,1.0070781900560433,1.0751616013412562,1.0181903124431813,1.0244319895539535,1.0195640081688504,0.9908016963749732,1.0141646565073514,1.0364857259494304,0.988980245199807,1.0135476112168285,1.0061831438804656,1.0214165733516807,1.003916564555913,1.0524867797286337,1.0036184896462101,1.0119850548738396,0.9640803591105002,1.0048297273562143,1.013215766676657,1.0168248039578678,1.0450488210525433,1.0497029341488753,0.9839037407149411,0.9817620008605386,0.987929308643443,1.0354564760418081,1.0034141436588893,1.0257023983020088,0.9497329004030568,1.014913626608714,1.0076158633405425,0.9870046075194037,0.9779794495705438,0.9785180987888538,0.9840141178832313,1.010386922371887,1.017938013569809,0.9961605100476468,1.0054759356697445,1.041470011913714,1.0134917816086204,0.9831964279432268,0.9802685197644343,0.9821043783059408,0.99282337122781,0.9815773032991572,0.9654859394048697,1.0115372957999627,1.0376948484257116,1.0107803384793477,0.963970283720229,1.0083699415740204,1.0181034931786046,1.0078624098831437,1.057604324603135,1.0474783140718429,1.02372542527413,0.9709266810143373,1.0125680185775703,0.98170968132023,1.031861929063188,0.9923522430319631,0.9399331485172499,0.9811028508761503,0.9741930958300755,0.9962464354605436,0.9949019658175946,1.0018874594017744,0.9978656712698677,1.0355660323657474,0.9871444358047774,1.0094350321872052,1.0157930237862294,1.0465110632472667,1.0431828936405865,1.0272002159399647,1.0239404509197152,0.9824753696195384,0.9861517756156177,0.9685542383117474,0.9812388922730624,1.0104635614224127,1.024796135977837,0.973558235479851,1.0232358715531138,0.9927877985994826,1.257269832981897
Aug 1995,1.0260326611352815,0.9980050127036366,1.0067084509591593,0.9965634416936764,0.9946752268728041,0.966317359557204,0.9933981538382125,0.9999278738147196,1.002291329412735,1.0230547491579391,1.0011295395878501,0.9676532967631153,0.9659504886752484,0.9993067101513092,0.9733014470522459,0.9928716662412612,1.030453336368793,0.9876968058147432,0.9970926135246182,1.0070280194311287,1.0179055964098886,1.040817719633906,1.0134330066253527,1.0060196715726002,1.0144367364605216,0.9953716474354839,0.989882565101085,1.0438270733487536,1.0082601221919303,1.019138267883143,0.9823216268188892,0.9812768402698268,1.0000917452382108,1.0587247241985316,0.970753153107928,1.0171002269356682,1.013715554532242,1.0031993192597457,1.0236397378253457,1.0386122436552243,1.0131423373484998,0.979313237796572,1.0164398028458388,0.9975923816884549,1.001299981308045,0.9755870880382655,1.0430452841559448,1.000157691849178,0.9734865263841679,0.9955616011293241,1.008355325502533,1.0757362171893377,1.0071539141619663,1.001675108075161,1.0034013365632206,0.9904142417658748,0.9871141924335672,1.0113144445054727,1.0335479616537442,1.0806433368519197,1.0357423841082503,1.0068153409767353,0.9954186002859766,1.010539966839281,1.062800244364212,0.9971784279148553,1.0156687623271194,0.9952570413947811,1.0211313031957185,0.9985928323228264,1.0627560900127173,0.9930389400774428,1.0120898120663868,0.9565987569763299,1.0124375728217982,1.0077899046032928,1.0268772687936032,1.0337544867417359,1.05594903616895,0.9793932702719561,0.9889391602058025,1.018465962012997,0.9793375905538768,1.0025848881752975,1.008374593238931,0.9422517282878118,1.0865432369688028,0.9968325113028833,0.9755822342700966,0.9848775530797081,0.9939032226209268,0.9879109433240172,1.0063016190725709,1.007291043667673,1.0098145704271002,0.999660634159866,1.0425882742358294,1.0761253394311936,0.9743713087628454,1.006397833929117,0.9864283874652987,0.9749951101099753,0.970129115437338,0.9910401853849767,1.0087165966458522,1.0222506761527754,1.0300840764337684,1.008079961591979,0.9960255041926107,0.9869190179479946,1.0442514286601454,1.0367129359755234,1.041228734489649,0.9993368630273588,0.9882550820048931,1.0199115601943902,0.9841290771090117,1.0342439878566638,1.0120401728182014,0.9717930923142531,1.01610670442398,0.9769992060836117,1.0116747146229184,0.9813236708114036,0.9969839223967143,0.9962268880502502,1.0337918294940809,0.9830037140987438,0.9959106521967958,1.055052839452914,1.038562732779423,1.0573259476786578,1.035219906008253,0.9920806901330151,0.9841222753579933,1.00065044775818,0.9544208059481097,0.954241424205894,1.0484088040232626,1.025960356197937,0.9315134350667259,1.0068332928760015,1.0169603163636558,1.2783832928231535
Sep 1995,1.0200065430172331,1.0109300963814831,1.0135589944676553,0.9752801270683104,1.0099643488525605,0.9884950284455705,1.0066462846709843,0.9882690768874789,0.9766338445172716,1.0298733383445469,1.0253469665982724,0.9868717903025686,1.0361721077609212,0.9967703702050252,0.980658638319405,0.9939735973437077,1.0133823861900906,0.9847610266804916,1.0011490333290738,1.0146421966587864,1.019391810367442,1.0080275211541208,1.001248221534335,1.0102722014522063,0.9938447744973704,1.018039261931265,1.00664064104638,1.0433310162243719,1.0076205729819658,1.0275861365424634,0.9764326178129921,1.0297217768353708,0.9869241090233467,1.0681116674894182,0.9402539780427698,1.0540417512125468,1.0084907902020475,1.0200203106287626,1.0342007575323617,1.0344438007382666,1.0110041217059074,1.0074104608646977,1.0025117562508268,0.992998166102348,0.977713890931027,0.9886953248356942,1.023611644470661,1.007481622094525,0.9904807247880837,1.0023047399655824,0.9967093197433641,1.058174224327503,1.003801978630767,1.012356206691056,1.008763019029953,0.9702743016501523,1.0010211947202659,1.0085526714310389,1.0463404649347565,1.0921166864643734,1.0220884904374823,1.0196785523059835,0.9892606118038257,1.0158428890600504,1.0373740657326147,0.9802528849904057,1.0245537343621005,1.0048587196081284,1.0214663870936496,1.0044535195269093,1.0747605428844256,1.0045604688027834,1.015205063712444,0.9756802034641188,0.9970081231943423,0.9990132137778628,1.0321895540560821,1.0626666775403193,1.0601125616325247,0.9973223242202116,0.9998803705710468,0.9995779453922833,0.951960016027718,1.0198195774305323,1.006098983551399,0.9728400822514227,1.0512541105896414,1.0163376112126377,0.9832056782810777,0.9821514024043994,1.0068258253245084,0.983245487827995,1.0056239819223927,1.0349830123017105,1.0132486248925119,1.0361896620837538,1.0552444868184785,1.0660736427518978,0.9865710137846013,1.0037802208263953,0.9873508079486751,0.998923612752019,0.97245824068221,0.9924384985810838,1.0245110507659887,1.0328648203472033,1.0275285931357625,0.9922433121193021,0.9844382671097363,0.9978781443087306,1.0286958463864637,0.9883487268413319,1.0271672207918436,1.0047604703076374,0.9653544248219421,1.022585890303733,0.9857112035835649,1.0123862230730907,0.9995218288382496,0.964848801921629,0.9910504745921819,1.0030851574194053,0.9646061262798943,1.0177353807227942,0.9868983701504569,0.9881642437733864,1.027763381181782,0.9957437338457346,1.0136304332492314,0.9839297049001026,1.0358085764459029,1.0511517854522356,1.035726365811043,1.0017868810745338,0.9754057637139641,0.9862574193880618,0.9579600462882064,0.96994500272729,1.0359445732907044,1.0224566024134722,0.9980069811779663,1.0219734312759816,1.012020340761717,1.2401955722039493
Oct 1995,1.0193177452067073,1.041893434964712,1.0156620341333704,0.9871065196646405,0.9599488297340666,0.9950519270966073,1.0096366027495658,0.9964213936020615,0.9656872699296641,1.0131169741545711,0.9848992844951016,0.9583295688279984,0.9712101874789503,0.9965839510354744,0.9911375478043218,0.9913768349970976,1.036656862376609,1.0002868490112256,1.0098326478800812,0.9875804372756586,1.0114430962877734,1.0250126753076771,0.9987663719441352,1.0003012382790397,1.0108536814984945,1.0014982113731161,1.0147241609340742,1.0365491713784685,0.98803277870984,1.0131605788921692,0.975954128199197,0.9872751605286123,0.980851531603159,1.0437501906165902,0.9467983195677463,1.0062920080117133,1.017048595374119,0.9966687037180971,1.0231517117520383,1.0249975248087915,1.0053813768701771,0.9849063862281888,1.0053011036519879,1.0006253337786037,1.011482649377482,0.9941131684781168,1.0324020644498908,1.0218790742238923,0.9929264132235618,0.9913040964951885,1.0216057224971222,1.04811879903481,1.0201195311791333,0.9974857313258836,1.0021185607020724,0.9835270899256078,0.9852873340056473,0.9980568215928594,1.0766232911552476,1.0535762619753886,1.044935380008138,0.9935185750038873,0.9948707100961743,1.0220078070653675,1.0114494877739795,0.9618275352777299,1.0096616667435987,1.0090755413563888,1.0174813280004267,1.0049468665636343,1.065859344368819,1.0147833076786659,1.0162601447888215,0.9543491198282923,0.9825896709352268,1.01130873207997,1.0262086590216046,1.0730203530042648,1.0266847364125635,0.9558430332117352,0.973578427547232,0.9984877005042004,0.9638446018659578,1.0093325041053067,1.0369809579021103,0.9444984221410259,1.0416796121235194,1.02008944396787,0.963820521752352,0.9903229716536911,0.9939419224939484,0.98116648878283,1.0080353710071106,1.0136055716623398,1.0014609869954265,1.005081344737124,1.1003671852064478,1.0714396178652839,0.9775136987213309,1.026970233530726,0.9999349669569634,0.9797506045381209,0.9762098337444315,0.9659236937131543,1.001528698572383,1.0042559501996304,1.031844212859318,0.9929322712612033,0.979568181318639,0.9996115739717817,1.0334421834870275,1.1181000987924188,1.0334343623775117,0.9832350158248067,0.9597227708659313,1.016352620299242,0.9900872551023748,1.0153739588600348,1.00289251668333,0.9386384423829983,0.9797498154602605,0.9683426913190738,0.9514112456878692,0.9700445414015623,1.0186871827988906,0.9869751014691863,1.025314221869063,0.986321272869617,0.9929014315850438,1.0210317960491344,1.0486267568170484,1.0414574269309742,1.0356153059531623,1.0121544910109492,0.9831220349424481,0.9839832004219501,0.9701760489726626,0.9528824641958886,1.0374044023246503,1.016332061929709,0.9759192723142444,1.0309727484705016,0.9974807981271029,1.2372192670779076
Nov 1995,1.037612846032006,1.0186288708830704,1.0181049165067422,0.9982939248849696,0.9881101409440054,0.9625299769409612,1.0110433939618504,1.0059569443515082,0.9683107111951789,1.0162746698539085,0.9856640812941683,0.9894515397333363,0.9952318967940651,0.9909488071458232,0.9926673995763884,1.0035392147251794,1.041806538411035,1.0087126405559923,1.0081136006886258,1.0152216604881275,1.0355684215305974,1.0449974511523241,0.9848675604580021,1.0037399664193132,1.0250232190306843,1.0060329008124549,1.014611296592352,1.0151689774396662,1.0236249725402005,1.0340563885254843,0.9781371297786635,1.0312641411262864,0.9776865320507453,1.0559316413858484,0.9377730402788483,0.998876617885022,1.0200196847634548,1.0230176851523736,1.0386723290379682,1.0355275832904596,1.0031644990621458,0.9889746725903529,1.020601499652289,1.0141246452251376,1.0148144889986535,0.9661722495618955,1.0254804865158442,1.0134584556024162,0.9696825194668762,0.9998468694261325,1.0033379964679365,1.102635163585265,1.0192923914814798,1.0138146306876752,1.0028554561838048,0.9710441074364464,1.0016129556518103,1.000720810040338,0.9714792206588361,1.0805299412385003,1.0398063174591399,1.0050670869847111,0.9838653609603197,1.0185293703675222,1.046539971653479,1.0015168044610059,1.018011459229257,1.0152324126840286,1.0248279586182543,1.0128336719544138,1.064555855852162,0.9873683467252777,1.0193463269035632,0.9720925412117384,1.0103742280757662,0.9942937448307348,1.0294668347024074,1.0577843570118945,1.0204781460438679,0.9918046654405608,0.9807246020574758,1.0262437173090704,1.0256766980655707,1.017995917265998,1.013958060728987,0.9875544984686598,1.082322946441718,1.013508599624396,0.9791295075554579,0.9635347181841218,1.0041930216405597,0.9956462908605168,0.9958183622689946,1.0134919458204215,0.9967070461746662,1.0157812764933267,1.0654692871626146,1.0490139374143135,0.9895970548648227,1.001427615984894,0.9771545170902426,0.9859917659992211,0.9669401974650074,0.9934175699823193,1.0100537288106837,1.0127187937930096,1.0225841822993758,0.9939425029380583,1.008521363378141,0.9909943353905731,1.0579217907317011,1.0954225060453755,1.027987884312617,1.0242208656230614,0.9340508862065875,1.0243971989831222,1.0097794620585958,1.0230553473099295,1.0074825257232858,0.9629493615648612,0.9823493884560976,0.9858168915138316,1.0067188352472394,0.9953698213107052,1.0151756020799056,1.0127034776373,1.0337090921073508,0.9999288440114892,1.0210642934542258,1.002913287116152,1.002785424251118,1.0541657361456434,1.0577432990508084,1.0199325261557188,1.0021080737150472,0.9743055589209101,0.971011803298647,0.9466309560464046,1.0332947860196997,1.0076509043980515,0.9507424950536945,1.0267993477400248,0.9994433515616806,1.2359466544382598
Dec 1995,1.0390653804446055,1.0337418067123036,1.0217217773120943,0.9983879186381134,0.9998074124135,1.0006100091020564,1.004195149679258,1.0276235895147805,0.9953770587795779,1.0406242936806116,0.9854108212873354,0.9999908258853485,0.9631579387329838,0.9768337807424732,0.9747815596921638,1.0097857208599887,1.0225986528336486,0.9995944660164104,1.0099732246313822,1.0292690095048704,1.008745996253993,1.0413434222843285,1.0092125985187337,1.0179293241904388,1.0286731100492248,1.0606853151774922,1.0543251851288908,1.0034817745110591,0.9887982694206792,1.0270285865846247,0.97708069582102,1.0049111173242706,0.9907810821328465,1.0626403717343933,0.9333439502589723,1.0046294065107888,1.0070373603517981,1.0455621763205774,1.0433434958639891,1.0462961617778976,1.0118273076566004,0.9974906382248421,1.0030520122444877,1.0123394663994318,1.010621798628628,0.9860386496846423,1.0310458334704198,1.0301342862381075,1.0018035715485063,0.99983980828775465,1.0420697467006472,1.0821814043365443,1.0177218692534877,1.0203822824070385,1.004563578841555,0.9753536634521799,0.9960484053199131,1.0092289284806994,1.0694522611864723,1.0686058692224374,1.065549226991133,1.013337203738206,0.993034048674281,1.03106179775512,1.017232303437584,1.0132879951839142,1.0174696789838993,1.0138944929102172,1.0253428032434313,1.0223662238989264,1.1254278692775583,1.007760566004239,1.0292657252546562,0.997654484936404,0.993276451319043,0.9790870462975615,1.0577120642015845,1.0484944621936227,1.0456441062371273,1.0336114748788559,0.9929852607821862,1.0141414566645752,0.9966753237316585,1.0236591931624786,1.017673962643259,0.9631491772740179,1.1070665667850739,1.0105436218942563,0.9861336181907561,0.9811460832716372,0.9863303117174751,0.9702568298698755,1.0222750979400668,1.0154044325882081,1.0226111418534198,1.005420748260615,1.0941056271380811,1.042838115739014,0.9934340372194501,1.0010793691189497,0.9879255775606347,0.9985113511902872,0.9702580477471734,0.9725768840193688,1.0074000006769066,1.0553755395836566,1.0276997905903131,0.9801495291452555,1.0031415042019522,0.9613130947150499,1.045090698413357,1.0790978351469875,1.0725534574788005,1.0352669981263163,0.964704776872788,1.0405017745893264,0.999486430061415,1.0143081477102178,1.0130031540716253,0.9714648105739988,0.9982831377526643,0.9879610381181062,1.000262685876307,0.9988563430032831,1.0249119954432824,1.0227764029580344,1.0284004525963653,1.0128515205802362,1.0192005518722667,1.056722505246774,1.0634425238823813,1.0513521179467757,1.0347848702762579,1.0156569517272074,0.9763920694012762,1.0093544654359126,0.9680730808909934,0.9590967346678456,1.0326854895357422,0.9989500833705479,0.9461638038804387,1.0380386032407085,1.0241481256618592,1.3483063843981493
Jan 1996,1.0328111056710445,1.0078790334380847,1.004647283111533,1.0075743657233007,0.9652353370996333,0.962428279233119,0.9934165856176761,1.0093646317186589,0.99712122393356994,1.0329178228562959,0.9964129310834599,0.9932138954351531,1.0022470621502555,0.9479370049091678,0.9562925647635461,1.0018622391213399,1.0331564803754445,1.001772116821786,1.0110649383024854,1.0221163211310367,1.0071827677029195,1.0187814257825347,1.0113092909101733,1.0191892039204244,1.0254115326592539,1.0283981832730906,1.0066532659946046,1.0086064900685874,0.9782281335335927,1.0108103738214649,0.9527813537769124,1.0002247554019665,1.0142535564292614,1.0616815091946685,0.9313631882575276,0.9922091025329167,0.9986860548039925,1.0011566671881806,1.0457265086208736,1.0201701787347404,0.9849570807727258,1.0033428081662445,1.0042282339849997,1.0162827057759307,0.9668818727493705,0.9837551784327644,1.028194729309656,1.0235145291026826,0.97189193873145,0.9855962784935526,1.0364902187422014,1.0426105789637157,0.9931228745217416,0.9907401149753574,0.980821451256743,0.9859131433512435,0.9970267206969039,1.0124347393887372,1.0333307494369348,1.0772480746065796,1.0355586204089628,1.0133915085882441,0.9955666535630382,1.0155437912720517,0.9864015185747721,0.9898018934168329,0.9976431488505044,1.0149114034351923,1.0124691321105004,1.014704156668816,1.0888312213668134,1.01616182064817,1.011040880102341,0.9781631482657451,0.9883957835339402,0.9771895446270884,1.0299340850323135,1.0587379226278804,1.0036326927161143,1.029918557143881,0.9487281540815923,0.9951062232352001,1.0405325740041145,1.0170156973802431,0.9985293617671744,1.0358512114918776,1.0653673724213621,1.0031918792773746,1.0131030555968343,0.9726353354349853,0.9692157801024716,0.9802387480415278,1.0054304989669862,1.0127775231161715,1.0041299656267035,1.0210453348537762,1.07189286136346,1.0555133960664838,0.9678185511637504,0.9998233038872331,1.0000295451064274,0.9507467658143616,0.990159453388757,0.9735482923953566,1.0167168221093759,1.015489033207733,1.0227861027920242,0.9564333811337917,1.0022373236900997,0.9737025165967357,0.9916930661553924,1.097447288677151,1.0591580115785901,1.0219330278717538,0.9496424238292782,1.0266771249143138,1.0022159972122562,1.0353862381943566,1.0061428601261757,0.9540257825430913,0.9905338239125285,0.9796989879968595,0.9868031116441348,1.015115984511412,1.0502097397794583,1.0047926929582818,1.022107477493948,0.9867613674476965,1.0201287364975116,1.0388564872103019,1.0290836754949069,1.087635169823619,1.0681240023401055,0.9856636746596847,1.0140841875522528,1.0076557036466085,0.9516561626723232,0.9811885243363248,1.0342083705340093,1.0038844493109367,0.9601325986513106,1.007273492358666,0.9962072516238502,1.3153731572891456
Feb 1996,1.032563201334396,1.0165849408768992,1.030322246253745,0.9727944074476509,0.9900702683690334,0.985887544598979,1.003863024160833,1.0101497901475367,0.9793455247945846,1.0320286170043502,1.0087229211679987,0.9940424611736569,0.969331665925082,0.9891781477832617,0.9658587024876273,0.9766609192408431,1.0354301135100166,1.0026677996260591,1.015807377619691,1.045110231703681,1.0355905035039643,1.0482125384099685,1.0211090750654053,1.0127595978227364,1.029050495063368,1.053493207302835,1.034286467170608,1.0240284534448525,1.0067196638717182,1.0090413785349766,1.0031641730523122,1.020842608200813,1.0134624637810827,1.0602278421008544,0.9815821534763303,1.048109263083016,1.0058050620464647,0.9869255157661279,1.013156931443432,1.0422014076768074,1.0051780621389435,1.006214230624321,1.0038819445385754,1.0114376732502979,1.024503255087866,0.9722971082195252,1.0252884523262804,1.016794404620014,0.9645269723815099,1.0098436063553795,0.983545999560999,1.1112957861442243,1.0008679725563627,1.0093022835749774,0.9866561555018055,1.0003277811862477,0.9794807822081335,1.0374749249107467,1.1204358145951607,1.0970366607740247,1.0016278349063308,1.0391390735539707,0.9884887129005979,1.0413359807587967,1.0048183125226646,0.9868685309715047,1.0265439001971395,1.0173754872148013,1.015865415266828,1.0186705203529818,1.099085847159914,1.0240122030758951,1.0199476321020695,0.9809040376741445,1.013657324670614,0.9654509373802731,1.0501727743517162,1.0747257556608247,1.0589352973868127,0.9851688756529539,0.9893477772124156,1.0112047401272615,1.0107939731011797,1.0042028517352888,1.016508527224083,0.9929554006497228,1.0900114738508726,1.010527257047057,1.0229184662522874,1.0194297919366393,0.9707978141067919,0.9822668872649478,1.0101367448084655,1.0107586541199447,1.018106268551918,1.0097529294713887,1.1252504136136359,1.1052607097975797,0.9743122641122048,0.9921442970079594,0.9815401472269333,0.9719393134422095,0.9555132022833381,0.9532195737672531,1.0127186243272444,1.0582691969728641,1.0434052746183493,0.951896760900702,0.9638739898870544,0.9797228501947799,1.0230983667262508,1.0589811825148128,1.0776486775667293,1.0143416610514013,0.9294891083041845,1.024241718406287,0.9962571600731156,1.0264270490559253,0.9991937150350868,0.9538467346817203,1.0065464821838426,0.9861811437052507,0.9694793873765541,0.9593542066263552,1.0266296290165262,0.9906057303409648,1.02712192000344,1.0272331451885903,0.9954690194120575,1.024392780519891,1.0698257308475116,1.0415613675520032,1.0282151828808639,0.991736015199948,0.9582719888928474,0.9907172294825856,0.9084528590319023,0.9882182101589765,1.014900691821885,1.0120622456120114,0.9885238111027365,0.9959963783805936,1.0063427877462916,1.354922959751341
Mar 1996,1.0318771319684725,1.0015085799109278,1.0225017292445653,0.9867790413793052,1.022743399199992,0.9766137475296294,1.0232485898535943,0.9960011733781018,0.9767786069124522,1.0316593758963868,0.9942100654860538,0.9601368571505248,1.020759092493368,0.9815413820473123,0.9777344351220533,0.986235735891933,1.0245752075674448,1.0059196140523268,1.0314778316118511,1.04036521979873,1.0327499534210212,1.0523741860023903,1.0103235137721265,1.0296241420787158,1.0207795301159763,1.0276152872401585,1.0213198077808756,1.0305171360421832,0.9978941947427293,1.0282063431004587,0.9783226554515754,0.9916441139967148,0.9787010913929245,1.0743158288957895,0.9286593780167045,1.0106567424167645,1.0324079473984533,1.0043899768545268,1.025892343750141,1.037628575568067,1.0070846299088032,1.0142666532866613,1.0194579136453512,1.017564717295259,0.9762300250950737,0.9826479279111019,1.0188645736226514,1.0333422051665613,0.9778610202434723,0.9950360252766589,0.9958958272823332,1.0763242884341186,1.0040303075177577,1.0063636048256235,0.996968830573859,0.9824221351760134,0.9995547768296081,1.01443097736038,1.0902073226608284,1.0845640774582246,1.0810315076139045,1.04296505740072,1.0036538361298608,1.0168317554482833,1.0209252987219102,0.9870459654245939,1.039578088860949,1.0256396400622292,1.035945561833483,1.019794520295368,1.1155332356399617,1.0091641061679473,1.0304469442244024,0.9746694404174835,0.9852344572434936,0.9977508662278977,1.041565897254903,1.0429494033160733,1.0633240029295064,0.9837783507876702,0.9933531200222813,0.9961374922372638,1.0359612507452853,1.0193859601781599,1.0135409715014672,0.9486316039365817,1.064017656631455,0.9944361471065666,0.9667663591492272,0.9896660927727268,0.9744056150248468,0.9832101072707764,1.0152411065292128,1.034710818612622,1.0321578342333386,1.0027506624790001,1.1136175595312097,1.07046269445575,0.9838483587386553,1.0243663057901287,0.9926159894213843,0.9993539907487622,0.9674785059320956,0.9903229167767872,1.026163349868515,1.0253852947981392,1.0408787119755716,0.9829824128671654,0.9990633482543824,0.9778713786094096,1.0323660918058688,1.0114870451210147,1.0891045726576076,1.0057236297121557,0.936814087403537,1.0431932158771349,1.0188453185733537,1.0168654239559483,1.0330152639257986,0.9635997161136032,1.0042453158911724,0.9878212373183521,1.0212113551544606,0.9994618376484472,1.0518802016289086,1.0051223672684533,1.0308022344601777,1.005703997645032,1.012717091900462,1.014032629850208,1.0545020289283933,1.0273814300705584,1.0692719135440272,1.023003576209787,0.9599154694104518,0.9895898560031067,0.9388810858173448,0.9638455054135137,1.0203026160148108,1.031476109767233,0.9588689952746721,1.029052084462429,1.0139926621107553,1.3519998486505969
Apr 1996,1.0349530145768895,1.023335373602907,1.016094332603145,1.015670628015438,1.007408528193896,0.9671013728162767,1.0116705818320415,1.0105829255587393,0.9957019624399154,1.0317867601610948,1.0211829453022039,0.9980249074539396,0.9467695382754722,0.9740741268494337,0.9859873434209462,0.9905831900937492,1.0181197328157354,1.0278163949359007,1.0328466795205653,0.9774974513325689,1.0163369029249385,1.062076203797945,1.0107973422531673,1.0316969108586258,1.0408373682271677,1.037847422034516,1.0439145736768842,0.988660941945389,0.9965669291846584,1.0262582128842737,0.9805137784332926,1.0150904585706415,0.9809738825383826,1.0476743838595912,0.9376226448598504,1.026734924832158,1.0151772131093757,1.020870018402394,1.0218201342055986,1.034952666517391,1.0163249806153305,1.0510844841190712,1.0338242458436941,1.0146707893620415,1.0056851142507515,0.9775109271842378,1.0525367884681405,1.027465759848443,0.9965128948915907,0.9977153924907491,1.0132809620047438,1.0702118410250292,1.0040901564695657,1.003211986282564,1.0075183111787258,0.9811605553535804,0.9906046286757878,1.0320924920438008,1.072813820672086,1.0924446170163877,1.0724772531112567,1.13956851757481,0.9987050817669417,1.0130476396477244,1.0030219982416597,0.9634247873289519,1.029745566215839,1.0306229940475453,1.0309568079713891,1.0175280702068266,1.1234653587734291,1.0416703451722564,1.0253079201515545,0.9512662457765284,0.9925980907417201,0.9892698583446743,1.0428268700025547,1.0699540599133397,1.0443043600433122,1.0000737142417868,0.985345754252472,0.9869259868047416,0.9569976946852006,1.0230725337799627,0.9807277175135056,1.0027912703508417,1.0465902780056255,0.9967766383505235,0.9709761011133672,0.9741729400068078,0.9805102851994881,0.9698208860036297,1.0130224035979374,1.0386582858148534,1.018137945382872,1.0171135784150647,1.0634043067174228,1.0757122983536445,0.9803164727237155,1.007983972757164,0.9696450434182179,0.9614615365427224,0.9650646514646503,0.9574211799424046,1.0292591064181846,1.037663764548456,1.0371719491170508,0.9551810070735786,0.9880373347364688,0.9703574980934326,1.0323438331943944,1.0534728721392324,1.0399177135440374,1.0080246853825605,0.9400819745367808,1.027025253891326,1.0117596262158057,1.0251619064300717,1.0052735807509918,0.9713304260328398,1.0064106031724736,0.9832987610212831,0.9818693274658261,1.0083790531439452,1.0256070787606515,1.010057277640451,1.052787362677387,1.0036336771861845,1.0238553250237257,0.9875579827566577,1.0756968262839586,1.1092831671685375,1.0585910297095458,1.0101319532857709,0.9958594019037786,1.0144984893811682,0.9754761778666432,0.9817152377514125,1.0436330554987536,1.025091775281872,0.9586941311131509,1.0203365598964924,0.9993687221732781,1.3453696889195101
May 1996,1.048746958200008,1.0181079897286676,1.0442493946772944,0.9698037971488008,1.0064271130040738,0.9787650878347116,1.0104295220798476,1.0220576376676667,0.985392398046864,1.0372327399963555,1.0183446203683186,0.9690162743254273,0.9763428054821713,0.9731380387842055,0.9826298988971492,0.9885784474465397,1.039171619621798,1.0105778308963507,1.0298628108062686,1.0198768162582703,1.029309519975645,1.0543202327122079,1.016029207937058,1.029301921044728,1.033811327775687,1.0410060973307531,1.0306531171063091,1.0141763872296565,1.0214598572488014,1.0315111701001733,1.0036838549196834,1.0161776590139815,0.9903699307629502,1.0575077528610066,0.968516301804113,1.0175365136816814,1.024229629035413,1.0281135610492464,1.0431673865252125,1.0449426322256032,1.0172585526761844,1.0286237287779387,1.014062948451623,1.03041600964203,0.9829143796110663,0.982440797404291,1.0244649159997725,1.0472933861089335,0.9934546316572046,1.0090472524122358,1.024545785177233,1.0530659086175285,1.0026012912905122,0.9932918824871256,1.0104688361527843,0.9775125315514701,0.999276447911327,1.0287520312545904,1.0699436702761311,1.1094174370079999,1.0686764334352026,1.0272669139726995,1.0204752981482974,1.0411760834778832,1.0223413804080839,0.9945559056645052,1.0433024080359121,1.0311849545688243,1.036129911804059,1.033595948105203,1.0667572123610247,1.0217015739263025,1.0346533609417277,0.9866781076929715,1.0007696858476973,1.0024601753010485,1.0629394138057362,1.0659773112083422,1.0670954461158955,0.9709869492449116,0.9870479743230033,1.013112733925393,1.048707231826851,1.02024527819318,0.9877449545046664,0.9544259990731729,1.147500523160884,1.00536893797541,0.9976165498594802,0.9754774371647927,0.991177596134134,0.9805900635857319,1.0155195982084924,1.022298644622931,1.0263742669969813,1.0014555595064893,1.1212302769549791,1.1512141427831062,0.9980662211722595,0.9967875981152573,0.9940890439498394,0.9856153206458044,0.9703941622778941,1.0057090567304745,1.0247085562710645,1.028095131581217,1.041951815291745,0.9862042156697247,0.9995978031244431,0.9714802076088905,1.012083331330627,1.049387383590265,1.077624279346901,0.9891179999570614,0.9591271248512083,1.0343570677344447,1.0135077871345137,1.015469155200108,1.0296319234580882,0.9561463991686612,1.0072924930637355,0.9786556978922385,1.0132729093494617,0.9961353339600763,1.041146967460319,1.0105298374628384,1.0413232712603218,1.0103969374075792,1.0090217475935017,1.0196195203409757,1.0683760387837604,1.1208255720565483,1.0455242294753262,1.0219370293073056,0.9916070342821417,1.0161632685980748,0.9381427425794673,0.9582476249979381,1.0274258229633826,1.0192387400912588,0.9440484545015823,1.0285521890003704,1.018867390999996,1.330636466910455
Jun 1996,1.0516809398833027,1.016875305147545,1.0355325999139091,0.9977609480584869,0.9776711205731473,1.0211215277932442,1.0251894693432206,1.0396467420539701,1.0105657243735882,1.0607253502087968,1.011878180312689,0.9938441107095443,1.0110521812486442,0.9989323147392936,0.9890222798248466,1.0046051340753366,1.0375185821907538,1.0343267405080105,1.034580774879351,1.0113871502654992,1.0231118062832563,1.083307821822424,1.0164282311836446,1.0378387606818293,1.0711658085621516,1.0466596405355315,1.0566605654773065,1.0483143615850563,1.026775044001757,1.0442469318519254,1.0048798301583766,0.9935322140439085,0.9752481867725797,1.0669357046762011,0.9600863033335592,1.0369108569360175,1.0356585816782231,1.0550725676130783,1.049589212320378,1.0463754586452132,1.0236987262186945,1.0285228921171672,1.0313332931343393,1.0429913339068122,1.0112772624018938,1.0049316978569438,1.0385481058465096,1.053503830160797,1.0013779971909649,1.019872881916617,1.0313519898665715,1.042950342295771,1.0064149215975098,0.9960791307695319,1.0135078592660132,0.9847606718632403,1.0069073583640549,1.04899940919457,1.1156554970926036,1.0982271441700648,1.102144397608565,1.0500818862445873,1.0090571620480329,1.053101452689241,1.0081455771404755,0.999822330940444,1.0459717320891122,1.039043364595029,1.0538285841214514,1.0428207390469415,1.1132027495372627,1.042221056228499,1.036440828948678,0.996533630544385,0.9891544933437123,0.9962651024569993,1.0616832179817284,1.0867615901892238,1.076978227471513,0.9765391185306129,0.9826005750707096,1.04483428731306,1.046940118644874,1.0314198112966988,1.0070358899654879,0.9863515328802975,1.0982891231093512,1.018865622244914,1.023568060739791,1.0087892329374748,1.01609311964522,1.0036021553152181,1.0224793649233408,1.0273431808650144,1.0498205627107382,1.0145699738884206,1.1199072162897064,1.2310966921298336,1.007338698014255,1.0051698280926054,0.9959244469474527,0.9768760932355912,1.0068093057502305,0.9955105857207887,1.0463141776564162,1.044441589714965,1.0581519903216976,1.000257901592419,1.02791378130965,0.9817035500207931,1.0416404228806304,1.073278508786667,1.0749318118609812,1.0289903620989864,0.954841170668506,1.0462454127521115,1.0089984750531718,1.0506411787651322,1.041546141076356,0.9795038529333358,1.0130536577710736,0.9945278757242764,0.9880753048002747,1.0026703695180512,1.0515330220642969,1.0351870189004362,1.051713035609939,1.0053778490305711,1.0233343983564414,0.9889025599732991,1.0957925218200768,1.1340578842430997,1.0747181533700139,1.0241363293343786,0.9720851966345873,1.0073455669702525,0.9992546031589555,0.9732114542375551,1.0218920036460497,1.037803519273619,0.9860152290619957,1.041925737688933,1.0454046783175757,1.4790868841973877
Jul 1996,1.056780076459504,1.0151783351749892,1.0118607138632998,0.9799737706490492,1.0154327082504109,0.978529189864859,1.0155254163029486,1.0287741379533488,0.986201283486984,1.0422788537511016,1.0257649595935951,0.9811372840857997,0.9665091634883126,0.9702880433851475,0.984808502113468,0.962617403965948,1.0611713259733966,1.0219984459666234,1.0411260679130518,1.0004529889039329,1.0393284412788473,1.0551435740983643,1.034629888320086,1.0536061113411745,1.0343919561339414,1.050500675509298,1.0137331397458362,1.0021020000403946,1.0024873556635785,1.0320605984630695,0.9880021798943529,1.0402286337669546,0.9808201715192026,1.055709046850542,0.935958500491501,1.009842172220078,1.0310704992628983,1.0277738902139708,1.0456812525875456,1.0444646452743078,1.0146207361773036,1.044314676278749,1.0298611340094272,1.0373915212662252,1.0134626495042591,0.99201899329268906,1.0586477820940676,1.058999705957377,0.9997837359600606,1.0108968991723524,1.008773077599239,1.0529838038735957,1.0078999912062214,1.0133565296390186,1.004320841387497,0.9635682993837061,1.0098821628198351,1.042555714114379,1.1206860371758365,1.0755710828259908,1.0843923900254757,1.056195249883756,1.0111240697826764,1.0571784176018237,1.0235664503970283,0.9763109058818767,1.0408560227828099,1.0489626589074406,1.0515864888640212,1.0467608663120684,1.1031359282666382,1.043419643294038,1.0545117346722568,0.9867068996228353,0.9538300602757713,1.0113314928983375,1.0546933530583837,1.0956419891015006,1.0659203134289088,0.9769101107050956,0.9751781488593632,1.0241372923545573,1.0052516978254182,1.0206919441586946,1.006230682777962,0.9960244032310943,1.0230207622284135,1.0057124138212041,0.9929831487253743,0.9820007565308192,1.0059055842465385,0.9890067694222567,1.0215284966188019,1.0551898884514537,1.0388755980712343,1.020740002027787,1.1169182799923192,1.2011641832543813,0.9886259836682466,0.9925904658145751,0.9648925274349298,0.9790421440760622,0.9644059940569937,0.9711760986118899,1.0407360084177188,1.0300700062142067,1.0544565501889303,1.0108592294465077,0.9924118210498961,1.0006069925344596,1.0483904638083574,1.0220609484807777,1.1050090022517973,1.0098788437654305,0.9504152809841361,1.036665260887746,1.0174098496013155,1.035760373140319,1.0356081116166822,0.9787278798600445,1.024644720138862,0.9942751828779653,1.0162254745023858,1.0137573898577679,1.0187562359550888,1.015797088519015,1.0472984623062793,1.0220853797320066,1.0437586322364207,1.0337377085636839,1.094027824913905,1.1586227135549945,1.1037964012746908,1.0316948501299503,0.9983389165773938,0.986352437496506,0.9704516066047314,0.9708847992511962,1.0282130755153631,1.0255578939127141,0.9802932042185635,1.0313881007622312,1.0237909419933502,1.5309828146044036
Aug 1996,1.0764681090485322,1.0194191612663195,1.0392076842161968,1.0040330273570974,1.0197535000747113,0.9921696305321784,1.021098183588961,1.0335193489063323,1.0043072541245444,1.0465772661742307,1.0358490348966725,0.9712460640405189,0.9656582563794529,0.9704741329749633,0.9693739977539017,0.9832530778573393,1.0709131172496282,1.0443271897583803,1.0375384761039175,1.0178372098416715,1.0330340895786578,1.0700716698659707,1.0231223392902857,1.0475828176358226,1.060203926016467,1.0766658974909593,1.0341535029566258,0.9805718171919409,1.0157445065060142,1.0431976797040106,1.0031860162741786,1.0290901387692115,0.9919480128350935,1.0482931251036791,0.9359346430719063,1.0268138143081287,1.0586618767890292,1.0382661105066984,1.0568408228087878,1.041419730177749,1.0241701126199232,1.057127792657643,1.0503299165103852,1.0312630048935236,1.00021499050091,0.9926640452561541,1.0405446148489124,1.0417147701792784,0.9912841752605844,1.0171258149228382,1.0147781903547826,1.0701968958236008,1.0046840920510425,0.9898777291069106,0.9956440273693082,0.9951651296102982,1.0184550807608705,1.0656868914483597,1.1112636653401653,1.066626321089031,1.0678094104692164,1.0590819047475342,1.011011208170609,1.0527920657230463,1.0351845869825955,1.0112819577726535,1.048684991677814,1.0525043759725163,1.0592332585932207,1.050600232830521,1.1217483717757093,1.0372394150369788,1.0561671529152614,0.9923704716178032,0.9848785940607304,0.9935530284008426,1.0753402763330162,1.0921437701676027,1.0744186120018342,0.9918610069916849,0.9664780978763973,1.049023808514405,1.0540339741328806,1.0267999278133888,1.0238193015528192,0.9601893867288408,1.0675599942348766,1.0127522373713294,1.0160796448913805,1.0095504637105932,0.9913944712150666,1.0135707491110273,1.0217343783717256,1.0685902006354702,1.0416565194257383,1.0407902821688975,1.1299140810624078,1.1696263859937779,0.9937751944156318,0.9961224301551321,0.9964850596737485,0.9920965074473287,0.9580732838403426,1.021971168733095,1.0439448894106491,1.0625721073858956,1.0602002228785317,1.0059070387609974,1.0217495916992572,0.9888791898100873,1.0262453453888392,1.0836666080605595,1.1215416026455167,1.0337084048816902,0.9569322969681904,1.0512131585713456,1.0449606287097382,1.0525030090937486,1.0378430036895963,0.9790182718928451,1.0454290205274122,0.9747605586471784,1.0143710010642215,1.0014631245537513,1.0373615447614002,1.0330294721752002,1.0612864344971755,1.0113467130972258,1.0583080024403884,0.9989767408907493,1.1162066911535806,1.1219261406884178,1.1285411118371647,1.0357728257308048,0.9821546866766716,0.9848902678794015,0.9619226576499763,0.9711712941415059,1.0177814048756533,1.0229571073053056,0.9689398719811072,1.0156375841085612,1.0307519808880428,1.3695470913560617
Sep 1996,1.0748159464231597,1.0212608932569363,1.0479183114287192,1.0052720614924637,1.014071252751069,0.9872510165463848,1.0190178605389013,1.053715551858605,1.0253416494772425,1.0679228486710026,1.0341290790297228,0.9700534763481247,1.0291685255455945,0.98322255731079,0.9952301837921836,0.9802228176796293,1.076371567641557,1.0512349123067475,1.0557500808378069,1.0542082468960745,1.0176844931186388,1.0930905361796013,1.0387892216876686,1.056579848489023,1.0578869709474854,1.052149644489735,1.0537395509416414,1.0230727938143458,0.9992136338131807,1.0409276515650232,1.0107965633432874,1.0229680917373138,0.9993894518039215,1.0699493725215294,0.9691134412534853,1.058115512889667,1.0727896935489756,1.0347314693040024,1.060454191984612,1.062640562475617,1.0354589582817493,1.041927479640582,1.0747845021236577,1.0414311108277619,1.0307905963605792,0.9942461239925133,1.0498753886588323,1.05836194019187,1.0042287025094592,1.0155485290204855,1.0292284331124217,1.0885414316723712,1.0316580702796283,1.0075723477693879,0.996636489625949,0.9992652546069084,1.0040881611487713,1.068701911472601,1.1600838333984145,1.1077641957119828,1.093724910548086,1.0541713584942038,1.0225959226758317,1.048365835354752,1.0080015955422545,0.9915198829220097,1.0507387889482367,1.0650597525003935,1.0735735905366033,1.059998182837181,1.1859252464253909,1.0568810840200462,1.0748078820239069,0.9949871320065954,0.9780069186521667,1.0188050624534253,1.0888379721075598,1.1087863224465233,1.0792296669529373,0.9736156174556913,0.980399643506612,1.033018636162347,1.0703089062049447,1.041120764677913,1.0223472021515665,0.9728022118807039,1.1052081695335556,1.004048071951558,1.0200458656058038,0.9841336016395849,1.0167915683359765,1.0044249575235393,1.0357304230001225,1.0571706617323828,1.044330957205755,1.0225174873025291,1.110332928027245,1.1854398015516903,1.0023078223737385,1.0101895393679017,1.0174816282858365,1.001934524229458,0.9691898516929268,1.020368516346109,1.0495038874773264,1.0603484337928226,1.0773144428850356,1.0034955738876272,1.0297178229051882,0.9923213751600055,1.0296199800613155,1.0944517246736658,1.108518359997806,1.0148105604556683,0.9663274158205968,1.0619453500069447,1.0300515633152403,1.0611076695868638,1.04726092312963,0.9867224307475757,1.0468115975887629,1.0171654984151348,1.007161801254152,1.023272335085423,1.0717137139989381,1.0355866071622795,1.0646778689693381,1.037297695006872,1.0588394731986872,1.0582813315390958,1.1375931364847536,1.1724964624601606,1.1630513776993217,1.0388957754942427,0.9835001456383577,1.003866273974407,0.9456955466767532,0.9402896048120518,1.0560744126634747,1.0206086777239534,1.0039119288623273,1.0118394815784997,1.0341649924738539,1.4352206162724706
Oct 1996,1.0732316387195802,1.0452475132282264,1.0438830834847619,0.993720227011535,0.9951652897446024,0.994749066436164,1.0277613403322017,1.0476411026119732,1.013409083770013,1.0723398728241385,1.0402665529076802,0.9605286553805598,1.0025791672675806,0.9969977755312416,0.9725993487385834,1.0151753458430002,1.0622736614852624,1.0452800245992373,1.0701623718851154,1.0251325326300051,1.0458117829233604,1.078103106552899,1.0559275241347548,1.0853243290151098,1.095143744526051,1.0769352127551945,1.066771260608531,1.0166058868608532,1.006869344127993,1.0489979063854147,1.0164440545148696,1.0303853662665055,0.9972129374959279,1.061913258789439,0.9462487725038663,1.0393690984279362,1.0697109814583616,1.0412625127420743,1.0628947984006236,1.04603094941804,1.0432789228889587,1.062717271811864,1.068780640473976,1.0446980624335913,1.0316294726393387,0.9948529477845367,1.0727383851823062,1.074213457811364,1.014377402091251,1.0023098036430431,1.026673706818475,1.0738861604134515,1.0351052710635544,1.002278171487129,0.9986680565032467,1.004054225018833,1.021555583406958,1.0697944875038266,1.1416411013485885,1.1275589483842687,1.0850897878549652,1.1000943864778379,1.0295687331680523,1.0589225674617315,1.0093653761444743,1.0020427475721854,1.0601725698135407,1.0710395988785872,1.0783708884219794,1.0690559148199636,1.1588825958874491,1.0598425145296433,1.0785151621231597,1.0105217606759054,0.9413269866273639,1.0107386853764366,1.0975849353314449,1.107873921184419,1.037669210781131,0.976973394926664,0.9938438275783315,1.0291975536609277,1.0577603961392625,1.0446776239308186,1.0417687591973015,1.0070138299514002,1.1201581592639693,1.0257851283235466,1.0102173131634904,1.0169745849058358,1.015645479382868,1.0218659088269986,1.0338959762266449,1.0685440669147575,1.0325496713258848,1.0479271348067967,1.1181848913480152,1.1536636913392928,1.0124582057111218,1.0223886760878842,1.0127327312218326,0.9928509737512115,0.9767505722660464,1.0032583589889972,1.064584128648567,1.0622102154308721,1.0827043535971128,0.9715479849341,1.0267149224690537,0.991748462408181,1.0363589765146681,1.0781699534542428,1.1134759722338605,1.0032944317485601,0.9581446000758537,1.0656717039086172,1.0346003270716857,1.0666325738616536,1.0579008980115534,0.9684128597518764,1.0294925329153355,1.011573002115355,1.0165776195451222,1.0178746374133587,1.0531244804293736,1.042912779625323,1.067096162881533,1.0201415310689705,1.0387911295672416,1.052865098187162,1.136312023455504,1.1235484252954062,1.1380908981212003,1.0538287987864121,0.9857977842070248,1.0519924913324394,0.9666195882669986,0.9442676313216973,1.0332479438097104,1.0495993056190762,0.9988366970062903,1.0389407166539764,1.0465868426810654,1.4178156861277713
Nov 1996,1.0984133563783944,1.0374092399781598,1.0459324992114283,1.003338983852997,1.0352052672521042,1.0137237230746954,1.039347387521455,1.0639813051231526,1.0254319051472727,1.0847398738848004,1.0407200752429144,0.9700763434425951,0.9834449775848843,0.993495632477414,0.990586630457817,1.0074299497143535,1.0837026623583985,1.0545776419294832,1.0744843809885096,1.0288813122231515,1.0294625337306869,1.091603848222964,1.0549275993427347,1.0947857369575131,1.0866460326020655,1.0757347909751476,1.0360931629568377,1.04367381254555,1.0147952700719007,1.0669595785910684,1.0156559513120376,1.0308196751597012,0.9944634789519216,1.0721429583721747,0.9775113518000754,1.027917326103166,1.0814582505607524,1.0602419623962966,1.070578729746446,1.0784566780273204,1.0427506967072093,1.079776083486983,1.0770611584553886,1.0496772038495936,1.0294118202898395,1.0094391629238488,1.058313776014029,1.0806179939105718,1.0064472625478218,1.0184396940011584,1.032860882472056,1.047035655353243,1.021726600811517,0.9990473932244491,1.0038811458276646,0.9984283953294351,1.0188664900202433,1.086210302047607,1.153492025508241,1.1636421174430422,1.118771284485477,1.0931168904517945,1.0430561599542534,1.07123601534482,1.0431682488029728,0.9966332235783366,1.0643837686590474,1.0728432434362494,1.0852588762600637,1.0750181904534015,1.1521373978116949,1.073133915056955,1.0834147193086354,1.0316504936153403,0.9705515773027036,1.0151909282410765,1.0861739049499541,1.1376051418013338,1.0289936428594593,0.9861828691896098,1.010519960325221,1.0525812547883273,1.0472945786780954,1.0435956028782658,1.0158826616535883,0.9943485366244429,1.12067364669527,1.0296484670762074,1.0367554602901652,1.011619690887406,1.004385884813476,1.0092584875648816,1.0370056820010156,1.0885935064812549,1.048147197576445,1.0486100007257624,1.169734715830913,1.215218618093725,1.0039224600886603,0.9988988400789004,1.0105003513084265,1.0018662462525618,0.9877221342432224,1.0200809771415291,1.0656939461379542,1.0792847301726285,1.091590055122175,1.0038378322600876,1.009088050783105,1.0148426923436038,1.064272445132561,1.0547621915465524,1.1321358297252178,1.0517699700946908,0.9608282616052882,1.0793092955765027,1.0482038105870994,1.0785733611161266,1.071990233892587,1.0159490730442382,1.0536916539996846,1.0219473433190271,1.059361342598518,0.9964755463325824,1.0785086349488817,1.0535337184420668,1.0765007281252936,1.0296002421993442,1.0732850921823869,1.0410800277794645,1.1568253943327869,1.1665230815614844,1.1662519511992382,1.0687605454520692,0.9990593180269922,1.0238668756348417,0.9659535013048149,0.9632380222050861,1.0398433109055378,1.0278298316213481,0.9748400908667992,1.0193719987647096,1.0445287525831286,1.4996954831458866
Dec 1996,1.1088434378794116,1.0592653418903555,1.0590071166337451,1.0169676273644985,1.0271728845617065,1.018687267222482,1.0299586255333608,1.0697897224365778,1.0390063626657695,1.0891231279752585,1.046837427714176,0.9984270964121741,0.9970298087566892,0.9942169257022077,0.9981111116207402,1.0121934758626796,1.101168582993557,1.0594149844497474,1.0849314352195651,1.0313668678657364,1.0432176406870721,1.1150433889873972,1.063349652363284,1.0891592920527946,1.0819943389949487,1.0962355086242321,1.0535874429410683,1.0421749366036515,1.0115927803889075,1.0705662504031186,1.0053385265619204,1.0536053962155911,0.9942950420219607,1.0768364418066148,0.9896623418454732,1.047244118626086,1.0914770044031346,1.083133571757435,1.0875759619109042,1.084117489485505,1.0500779287634594,1.0844630985296029,1.096136338990248,1.0728194320154834,1.0315127826514572,1.005697684972276,1.0740310027414035,1.116282982774513,1.034300916701,1.0273688729525567,1.0235167673587033,1.0362809195859384,1.0501068740885284,1.0295348303592846,1.0219335881330536,0.9810970623699213,1.0200915744166346,1.0995638781258394,1.2039614978796256,1.1445056613866504,1.1464808904117336,1.1176601104235049,1.0452354797216437,1.077204355691579,1.0179284944964038,1.008168661104046,1.0749103818300267,1.0935433659639249,1.091708834165458,1.0948431361207567,1.1249521168915662,1.0754879596588096,1.100282574961601,1.0046781120868662,0.972589876605169,1.0476495459132846,1.1046285141785261,1.1319789344115587,1.0771184755503307,0.9781153602548669,1.016269049882684,1.0611964428033307,1.0863890936928569,1.0577464050191796,1.0177305965653332,0.9962802177250122,1.0861068549750994,1.0262919573051488,1.0363298190157633,1.025481122797877,1.0094806496003288,1.021764909356827,1.0531701992008837,1.093402779606503,1.0623869871151648,1.0726052466247948,1.2007393602189373,1.1709944697996184,1.023545007099141,1.017127615259669,1.017828371486022,1.0250664655336994,0.9962332028721118,1.0003157631161292,1.08889963022695,1.077186995321385,1.104225205409609,1.0028830197603127,1.0329580582538327,1.019612303326024,1.047768011199489,1.1222766092434822,1.1387196989875727,1.0273660622595309,0.9750357256001861,1.0906805151021346,1.0535902356553646,1.0657469266990454,1.0841906846168965,1.018257357885724,1.056929906391025,0.999642085783679,1.053833023216485,1.0116743679804459,1.0598107579709317,1.0628102554292116,1.0861690414789131,1.050589829584419,1.0831574151757075,1.030035135302051,1.1701362453743118,1.1878905682074412,1.1784603681573242,1.0507484991336065,1.0011579122180265,1.0109824774633673,0.9561342289004359,0.9691280325242094,1.059306216154087,1.0398105546214607,0.9762373757174391,1.0622889025685116,1.0610946037029598,1.4337034016565717
Jan 1997,1.1203339147519433,1.038745442350447,1.0614892847046022,1.0119698938013002,1.016569219478807,1.0142071521013796,1.0383846976754048,1.0657837880798637,1.0437839915012215,1.0876049374997878,1.0554256836960547,0.9648368023084463,1.042740946664839,0.9844365518576493,0.9883732857824793,0.9996586638833846,1.0981890290157514,1.0674737064306359,1.088475629255007,1.0390070796198974,1.0421607984360064,1.1039214340428276,1.0714804347676066,1.1152961488491506,1.1157844982314595,1.0816084813664597,1.0329460376402402,1.0180677642663378,1.0191701575752226,1.0722308573017245,1.0307886387755336,1.0118655659625753,1.0041782081747506,1.0560740480777835,0.9464170531020586,1.0453065562127235,1.092772582377777,1.0798014104349853,1.0814989878856902,1.0798977678820483,1.044987238678633,1.0882743838076514,1.1014328796123012,1.0788882928396701,1.0326533044494428,1.01695249153191,1.0847531284832885,1.1034953495237376,1.010345238485993,1.016450268511813,1.0133838854451602,1.0726704106975222,1.0185779875808296,1.0231990836877152,0.9821128179482345,0.9777429552493968,1.0246516023401961,1.0907618768660559,1.2041047145996826,1.1371875650649796,1.1170967925808255,1.1134793779997643,1.0417218431351274,1.0937189212636316,1.045489991411922,0.9926547341291705,1.076056269166853,1.0951354150201544,1.1036806709782914,1.1118674004554312,1.2054472519892707,1.094002353542442,1.0922779053443328,1.0242531580936294,0.9417943146051151,1.0311159044398763,1.1121169087868572,1.1473751252399063,1.067664936271882,0.9900789523698074,0.9822123213876448,1.0270855913617523,1.10095883477589,1.051924067994577,1.0145435489091539,1.00452152216532,1.1106781750180295,1.0218270791888497,1.0564617550238151,0.9985282293942107,1.003605005570104,1.02388870779766,1.0516320276146973,1.1014155480416112,1.0631438177570418,1.0550613635082255,1.1827454694864274,1.210728719698492,1.0010861375729425,0.992199825129448,1.0059413494428537,1.014542157097586,0.9784549318896445,1.001370671603536,1.1072751609628197,1.0883561498169227,1.1152879822548083,1.0156103417678688,1.054457200799496,1.0315052033588652,1.0593096668564301,1.110091347768588,1.1456850915235202,1.034318745845224,0.9978177318736366,1.094841922263295,1.049333541907068,1.0940488532241472,1.0855527839121917,0.9985519160051501,1.065759635134954,0.9972430165553039,0.9904461064696709,0.9847227627984972,1.0796772700626458,1.0740024476907049,1.0735801531638962,1.0446898545341208,1.062299834264003,1.0366110008488707,1.1730461499832379,1.2576014162519162,1.2175225087931083,1.065313224270159,1.0151580877757411,1.047940254212118,0.9453995260833657,0.9694480255221025,1.0481739340007474,1.0650284962795487,1.0335069613066428,1.0363478046418757,1.0326220705369933,1.526271554140241
Feb 1997,1.1202147671327862,1.0483914259378322,1.067479382284523,0.9904747025979558,1.0078605624765165,1.0030582143025746,1.042705027071654,1.0753014121966036,1.0415442347962376,1.0980933237340218,1.0684330986201989,0.9908574730547473,0.9711675067114638,1.0143167129055495,0.9961821936128508,0.9733157370864651,1.1315298796189075,1.100872734068285,1.1077359000449332,1.0364829001924314,1.043006669748624,1.1275399044431236,1.0748019043414276,1.108562110263142,1.1120178042998539,1.1196798387779103,1.0431187056630857,1.060966535314786,1.055364863688408,1.061706834647546,1.0204798801015045,1.0515963126118362,1.0124569381817277,1.0650683534856977,0.9683997813879301,1.0453513864911292,1.093441391052952,1.0771020782006893,1.1119264578135541,1.0810923502506258,1.0470542465174142,1.101330615187568,1.1225372427859406,1.0745999783544482,1.0354529756413813,1.027010427094862,1.0863840419659374,1.1052036068797106,0.9848027145405508,1.0291147374069827,1.0089951550590825,1.1014751525093944,1.0353986990713768,1.0233461080302415,0.9946442537871615,0.9951511648087178,1.0346890001939586,1.1001556187710093,1.224333979470487,1.132461189518076,1.1274133245139408,1.0876749699256802,1.0494671725468048,1.0801904544932956,1.072136236953838,1.0238918545513964,1.0926522542362542,1.1015344255823962,1.1133461089754162,1.102671243572209,1.1604726615073957,1.0998572071775115,1.1163337523358767,1.007801176004561,0.9697371111043237,1.038187690987305,1.1297158540512164,1.132769704015557,1.0593046732394926,0.987990921320985,0.9937792350662982,1.0701985436364463,1.0594466251220491,1.0567611304721862,1.026044106766039,0.9844790216056065,1.1744555740159615,1.046831360124147,1.0493018730862513,1.021783338990841,1.0165207300320798,1.0480221093176143,1.080886800527093,1.1288760285790376,1.0796197149389317,1.077023315406974,1.2055599990021295,1.2995808319951658,1.0058560138884296,0.988486739587279,1.0200085157278203,1.0086705726041738,1.0031138497536685,1.048361620591929,1.092268709776697,1.0787288069648162,1.1258557495103565,1.0236432272531484,1.0512404427001247,1.007025268743848,1.0805529793885877,1.1812681057995347,1.1846837592334596,1.0619105169035403,0.9588445537420114,1.090814299316912,1.0703737487065985,1.0864543887675684,1.0877498593944317,1.0156437894605126,1.0676213405894588,1.0070646666111183,1.0169144786500521,1.023325553745218,1.1088372562731135,1.0664597708939638,1.0909044435122486,1.065522035868574,1.0926534247217539,1.0279161800046313,1.1911333842469602,1.19588074234532,1.219876138731987,1.0717950959164657,0.9982480101996533,1.0448689234178257,0.9208084197679226,0.9808569088713576,1.0348184654549766,1.020952666981934,0.9978676075967926,1.0335438866092952,1.0646330584219232,1.5969241964299743
Mar 1997,1.1440922768631485,1.0673525462753373,1.0753872770434205,1.0305842212046237,1.0348234569408095,1.0180719406130034,1.0561565452960096,1.0873351807048954,1.0570547887503354,1.0975925998709855,1.0676763106639375,0.9640151537953549,0.9832508681233948,1.0175438284270522,0.9965704226779345,1.0193688683288307,1.1220134761774225,1.0851862091725815,1.1088627308115504,1.0628803529474224,1.0621189700829539,1.1526823906383905,1.0813323668179093,1.1171773988872762,1.1076694637932345,1.1202435408644509,1.0357249507779882,1.079125181907349,1.0235902535741364,1.0864397165384072,1.0417391304337849,1.051523233254656,1.00871746578757,1.1173980031358617,0.9944740125607443,1.0561468324209562,1.1103489233432475,1.094386235004218,1.115758675915174,1.1170539724663808,1.0611948724642537,1.1088715082509832,1.1241903358939063,1.0857713472203303,1.054683810223269,1.0377707498492945,1.1020715181918002,1.1274325840475368,1.0166631760517257,1.0605177230626466,1.0404635227920034,1.0694399010402995,1.037244272076674,1.0215537344055163,1.0150884809733336,1.0117141234833764,1.0360947542154937,1.112620424944596,1.2147869513224707,1.1905091136285222,1.172206350196651,1.1732532009164978,1.063154690611613,1.0990417363099863,1.0461857652666855,0.9986084457548488,1.107507498514979,1.129396618615447,1.128371135990833,1.1301189512685845,1.2244084395457089,1.0979084351303499,1.131370222949875,1.0094058723044552,0.973781703542251,1.0215428065674226,1.1517471668914923,1.1791213256455848,1.0970419929946773,0.9889610151848064,1.003830775194193,1.0391268452308098,1.0906590740750175,1.0844121588020317,1.0544852158032982,1.0105872227285786,1.1626869095307588,1.0371761039394616,1.0758604062279475,1.0195145059495658,1.018138985593723,1.0544656030495683,1.0848542358492068,1.1375536598224374,1.0871611489020205,1.059306398650685,1.2424308695832422,1.3017052653771137,1.0131354227986429,1.0469580094930506,1.0397449358397814,1.01050787916999,1.0039218316886866,1.010087845784118,1.1012754829386326,1.0734003998536004,1.1402317540548155,1.0256512273115743,1.0533960203054147,1.037898441327052,1.0588794883937358,1.1928935642575724,1.1894029968850495,1.0417323061683752,0.9811772502388106,1.1038031444414715,1.101300677614097,1.098693615710975,1.1252520928296084,1.0369819863643874,1.0916035012375087,1.0184316820456294,1.04413459884735,1.0098239732553362,1.1086582187937823,1.0858532004611237,1.1088921529992959,1.0614289309770495,1.1071662211106879,1.0451778826671896,1.231537693781504,1.2513212781907201,1.2109392518268136,1.083100774450159,1.0237455028865123,1.0578864592878545,0.9298764355184194,0.9914139978833336,1.072314812998798,1.0535280660347315,1.0403936541073606,1.0623100240809578,1.0626456970392388,1.472196340733987
Apr 1997,1.1532362529646276,1.0690960241292673,1.0834053633442895,1.0304642804827846,1.0163648856261305,1.0221472450274562,1.0596255190292025,1.0845931089704226,1.047283452146988,1.1167856185384832,1.07431868025207,0.9835966901529473,1.024092003770102,0.9982340408420654,0.9992321402011359,0.988790526172891,1.1382197032035115,1.1044234694650394,1.117760082779053,1.036745474334331,1.0587593040312022,1.1766081418280112,1.0849360381788242,1.129762068427073,1.1354575949260497,1.116596776013714,1.0840369842342346,1.0502018862468887,1.0391658078011183,1.0998775328839108,1.0523706542351388,1.0315755344415722,1.0209400666630468,1.1049343005043815,0.9720453267503456,1.0449657810508663,1.1241226702472364,1.0819764282115083,1.131104940849869,1.1125995038692327,1.0723923447254546,1.1285310864093503,1.142328934592857,1.0916797776090164,1.047636680618853,1.0338316502557585,1.111186510142375,1.1208100776957564,1.0167272516649568,1.0288247375207151,1.0259497361725207,1.1001500857286415,1.04797102809848,1.018668108680997,1.0062682680800583,1.0119084837032604,1.0365653646282231,1.1180120872101813,1.2253929491654527,1.166765187618484,1.211502443379004,1.1588073905842708,1.06155598281032,1.105588840470079,1.083395288899702,1.014835531603692,1.110530900209344,1.1486546751147964,1.1482011630439581,1.146608409297698,1.2051764658560655,1.1282821350064463,1.1527869837264177,1.0416116113502552,0.9831851812099117,1.0553256940125622,1.161472189700093,1.195754026916255,1.0613187754511846,1.0348919200035105,1.0123863744027801,1.0591502830329687,1.1061921815173883,1.0868606447568583,1.0408967271249425,1.0262037659332495,1.1274310531252196,1.0411285100891046,1.0800800991105348,1.0452194673344637,1.0179939621257792,1.0529666593143896,1.0836010100184572,1.1247486115536205,1.084670557590786,1.0743484449013316,1.247424574205951,1.2448431203199326,1.0254601549077058,1.0118399254018728,1.043950894332986,1.0274682056002002,1.011904141593091,1.0229728920960488,1.1285610700062334,1.1106043012711695,1.1445890293788565,1.040392231437251,1.030928576909662,1.0348263664575106,1.0732193998488493,1.2162749666267578,1.2085753889636928,1.039109083274718,0.9892427543696071,1.1137827513391376,1.08336964625337,1.1252755938183054,1.1072037641103114,1.0272874312766687,1.097317336843675,1.011704456797247,1.0297634538424072,1.0418013668676662,1.1223841794489162,1.1122077626863451,1.1235556758308307,1.0877429349538523,1.1415645805473023,1.0546665294688848,1.2675712812179036,1.2322135035082085,1.245901735450982,1.0834798371310845,1.0059210776161258,1.0407565385095001,0.9770009298641221,0.9895309550209266,1.0563112034910325,1.0364425199595382,1.0065149896213152,1.0629013202497337,1.063095171743025,1.4820254912381592
May 1997,1.1690756743153383,1.0656382487486933,1.088361801498754,1.0325639108584392,1.0499748483092408,1.0309262344017747,1.070576866639081,1.1131287440887658,1.0700837725673356,1.1244675549252947,1.0862442735537798,0.9950151572413083,1.035627052604298,1.0155617488958466,0.9957171149822036,0.9890776662031893,1.1574379939078534,1.1181909885745642,1.137252374256706,1.054500530386948,1.0486167554169397,1.183117881391537,1.1043832321461342,1.1587435866223605,1.1495473123413404,1.1368343739582818,1.0736841874773357,1.064346117366653,1.0423573314012218,1.101255136206545,1.0438900140633598,1.0536513569588297,0.9985521924947159,1.0970127888373638,0.9997722630298171,1.0610905701675961,1.1309661589533493,1.1145994138224073,1.1404638794059665,1.1132627460257096,1.0838476183929302,1.1327586592909147,1.1622701574124399,1.103958953671842,1.0556063559791384,1.0377674731014346,1.1288423699324812,1.1556875288509474,1.0334025877524509,1.0510718426595789,1.0330331333132337,1.1060975786228386,1.0579683707640926,1.0177000826439266,1.0039209879630282,1.00319300193681,1.0583870081895097,1.1321293568516642,1.220078935925561,1.1685291070626378,1.1923800000760356,1.1771041314039012,1.0782345529659059,1.1205330092631933,1.0795451201754207,1.037670510820062,1.1104821596231926,1.1616677489713836,1.1625742171089202,1.1675442458199583,1.2483505823103087,1.1688258052712697,1.159248600465138,1.0413138358963916,0.960909231456457,1.0589297114854117,1.1751986313425897,1.225763671179702,1.1027487614080005,1.0042610475842466,0.9909353699060718,1.0393167571150599,1.0905410789460697,1.0846855615845015,1.0373941345766613,1.0291154387109716,1.2139315089935683,1.0477553899055543,1.0648311570489364,1.0437268909840993,1.0327732374068213,1.070585324296372,1.1022740722562243,1.1628529079333805,1.095809022446237,1.1027177272721105,1.2799482375494153,1.2905897478651647,1.0373325632959123,1.0288654299807307,1.0524010007729916,1.0276128276157719,0.9981270840676157,1.020210917714118,1.1382080297076946,1.1103364619915816,1.1589905665471556,1.0212986573957041,1.0636984828539553,1.0358156578110054,1.0968952451837222,1.2343740156505916,1.2410091241182384,1.0592796927732562,1.0007233493962826,1.132293514329298,1.102646507872369,1.1283786191074148,1.1275680301812037,1.0381551143491698,1.1085328655892164,1.0384093400910035,1.0630251237086132,1.0524135814554476,1.1684431294676514,1.1275116252866786,1.134676439879581,1.0929371650481141,1.1376511503321405,1.0956904753442125,1.2795347100468546,1.2522350048701014,1.3077855130177982,1.0766133282350696,1.0312532009748008,1.059177683238562,0.9722232511978213,0.9889812172496673,1.0761666550686786,1.0512076207316274,1.013942361024417,1.0832805914311556,1.084329184049037,1.5348678160755629
Jun 1997,1.1920375507160332,1.0769044764322737,1.1116878054336454,1.0441668557451624,1.036340739128292,1.0512673023331753,1.079987692502189,1.1257305500427701,1.072048893251943,1.1465133258088063,1.0901566987749578,0.9951821522096658,1.0252383227792343,1.0144011767489536,0.9982883838792989,1.0022009202571802,1.1635385492643031,1.1352416503586742,1.1461858618352192,1.0395316082978692,1.0542940013667939,1.1956183780416287,1.1120424991308744,1.1650483353079675,1.176370547274927,1.1475740390858835,1.0894454305325953,1.0509244172012155,1.061151219352519,1.1270373190870648,1.069969550880785,1.0431880393059003,0.9881613395109187,1.1190305532887301,1.00247123395373,1.0433468323729886,1.175656870411381,1.1053286904248727,1.1542625730396239,1.1397863714828822,1.0942134344276149,1.1566510084787587,1.1753935328637477,1.124678688779328,1.091276737539797,1.0460344342515981,1.1461713085327674,1.1691678984335365,1.0260485494617295,1.074425561891148,1.047146555623308,1.0813165845538493,1.0523619021091102,1.023822058776613,1.0297023044219007,1.0086519457562693,1.0679985060791757,1.1558695278576814,1.2713745193992763,1.2198129419001418,1.2209590424520624,1.1874252729712331,1.0866941877123135,1.1338895446458497,1.064750147307422,1.0273799997569817,1.1300858196904926,1.191638083376773,1.194397695914294,1.179689832750182,1.2792563932973542,1.1730363417933425,1.1800335865281837,1.0512460765605558,0.9635118276335929,1.0616128972220997,1.2089684120927262,1.2642651166506704,1.0740754066587637,1.0449075605179026,1.0226460479494452,1.0742709954328054,1.0712370629887114,1.0947750269679783,1.0684764918201186,1.0245812828521101,1.1436185172944695,1.0490286234536923,1.0811081193793697,1.0566496118901294,1.040337379215001,1.077933059169184,1.1160726406803954,1.1721407363907477,1.129061031408632,1.129596563935044,1.3298830690569936,1.3035275863403488,1.030610523129993,1.0221646924573766,1.0633663143912346,1.0340003963681246,1.0210342715400003,1.053912074508816,1.1406828536511775,1.1252268372139453,1.1770290464101136,1.0627740343935224,1.0772575138756195,1.0375327657200342,1.1043386447509016,1.2593173278175236,1.2446468364086027,1.0647892401302126,1.0187348727569778,1.1395503189242209,1.1195765792587886,1.14800506978784,1.147536823191092,1.0702543925895756,1.1174405401218417,1.0350684800937595,1.0943787815325912,1.0558086306893673,1.1634332078302034,1.1252148925786005,1.1442875171968907,1.1087401371758445,1.1557172102907274,1.0732888069342095,1.2885815315917828,1.2855283908920798,1.2888990406913485,1.0771462289166813,1.0515255038546922,1.062318753474415,0.9652331929014174,0.9787424224831048,1.063656101926708,1.0595947246203785,1.0363232721072608,1.0876940362315244,1.0935944754086198,1.5640533001881243
Jul 1997,1.2001001206453679,1.0839038554446683,1.1143595299180613,1.0673320104976194,1.016506366168287,1.0483508810846913,1.0770157978581403,1.1187534437512943,1.0710448656116363,1.138623080159208,1.100964013883475,0.9847606400745674,1.0089683292456024,1.0283977881671234,1.0059798801499744,1.0126086487951012,1.1838093485477124,1.1355887558365076,1.1549401071270353,1.0636435744430395,1.055044994652411,1.2127956161910733,1.1300184241594315,1.178548500961969,1.1942451492232768,1.145849178935546,1.0644724739812903,1.0860326612899622,1.054979664560952,1.1318303206840459,1.0522935778100504,1.0609482397662917,1.0142585894879381,1.1127017187184205,1.0076766237007873,1.0685081911394256,1.1797170069116563,1.1504291516080534,1.166746679113441,1.1273510650150618,1.1094665218388964,1.1822543157884935,1.1907599436785061,1.1218102680664297,1.07760710356351,1.0413522056149462,1.1328089002623998,1.1667489407314078,1.037560235337011,1.0512749642093078,1.0528202003984668,1.1019796208887032,1.0660134844729416,1.033455771447003,1.0092280075753897,0.9924527931062849,1.0656119975115814,1.1758195036084786,1.2764268919808965,1.2382581732456812,1.19767501452045,1.216406592428607,1.095087337139218,1.1278701821877892,1.060069097372935,1.019101180590878,1.1456638272698207,1.1964182366215423,1.2065308323097914,1.202621808967351,1.269097777682807,1.203290837550634,1.2118330724790627,1.0647550186437704,0.9333699112643304,1.0838233363148937,1.2171036583957364,1.2662675946405222,1.0882431334071587,1.0037121333089554,0.9802565453580013,1.0766745654880452,1.1122987893231289,1.0956994657317636,1.0676177002699323,1.0389628113841567,1.1662912618778323,1.050041326743055,1.0881679789230776,1.041694283265925,1.0431948463108471,1.0724914316390584,1.1302635846089952,1.1851969579636583,1.1390154680497566,1.114993332481084,1.3290783237936732,1.3052327583130778,1.0275246660136799,1.0212319205378375,1.0613066821762553,1.022236842869893,1.0083970789612686,1.0449342319515855,1.154139905435213,1.097721510596112,1.2006931456086898,1.017001037717462,1.0897200960996272,1.05020347613966,1.0987126716991835,1.2756916548127892,1.3027368804025439,1.0708913278645886,1.0250367915215235,1.144052860798883,1.141679641052778,1.1605021090877619,1.1587307117657901,1.0496973067532913,1.1462813983013787,1.019623520313481,1.040957150207937,1.0455237969371634,1.1916144147752312,1.1426649771697863,1.1519190392277368,1.1048703270406537,1.1450406452777233,1.0546500674662127,1.3435978284397803,1.3250401645560965,1.3256045930790399,1.1052369216597726,1.014205829333392,1.1106586832182483,0.962361726259433,0.981424202097321,1.0663704948642982,1.0435546074615927,1.0345435794572377,1.0842793405662956,1.1010576835937766,1.6749042296018197
Aug 1997,1.2273344630307848,1.1000378044844499,1.1267992186858673,1.0454526411476475,1.0385525785336236,1.0505965918084543,1.085818752542342,1.1522004390767244,1.103339048385494,1.1443387950968162,1.1104226735271772,0.999363630789238,1.0447999708594253,1.0284859977559295,1.0174755432530371,1.0042695441389273,1.2011596695255446,1.1732969600976955,1.1833704419749267,1.0327999177620617,1.0445509680340699,1.211451857519149,1.135805744636835,1.2069338388026354,1.2125807000539741,1.176841279147087,1.0730229871306596,1.0705373629565322,1.0653013660074195,1.1496146124391435,1.0811641197776647,1.069304871159658,1.0256038774993614,1.1199829089163387,1.025144079776216,1.082384686442707,1.176424035404812,1.1467614230382115,1.1653545309764262,1.1552760896802021,1.107974789145075,1.2032794686101638,1.2186877871516568,1.130042250998038,1.087567542398323,1.0782201449848388,1.1493033764616691,1.1733620865762773,1.0304939917204579,1.0698437264196299,1.0375063083097613,1.1536479604698948,1.067947379573191,1.0213904737386013,1.0146406948446876,1.0159253556874381,1.0656741089818482,1.1853491839643753,1.280939852446403,1.2770550887117775,1.233809588192002,1.2379730648350735,1.1110305366288882,1.1482253493444754,1.056521919104697,1.0397564839449065,1.14742168166338,1.2195797609159966,1.2298220512775955,1.223348480369392,1.2848376193208237,1.1958332993345204,1.227522307972038,1.0690367361776578,0.92225680146743,1.0779053734289135,1.2391142191123372,1.2942177101823023,1.0495409090100136,1.0256556937056696,1.0039194711191892,1.0829349209868946,1.1110154319293384,1.1083382110462696,1.0392603731392547,1.033766322043265,1.1792671269216974,1.0602674048435852,1.0991867573952576,1.0268714514706923,1.0449509472213494,1.1117158250787194,1.1490893936055446,1.2122436492738915,1.1420292096338858,1.1374597610750323,1.3265369614635307,1.3253119549351848,1.0498746769317628,1.0545731252640835,1.0905459518223923,1.046364893616928,0.9976887425073124,1.0719924650746828,1.1682590421303316,1.1111244152031603,1.2181841254960932,1.027389369221905,1.0813710280683488,1.0631649762101854,1.0962820966876197,1.2613658964570984,1.2934045849864593,1.075701060653775,1.010387888832774,1.1718207571901842,1.1572737748525284,1.167154441382299,1.1770141491340962,1.075100583106492,1.1398538479109017,1.0391883698869067,1.0576410932761713,1.0398880220528384,1.1900180745152262,1.1542124400504,1.1749971973585294,1.152968299343671,1.1763228863462294,1.0611198518133906,1.3421477886178066,1.272582880990156,1.3248542535491423,1.095022758082536,1.0353065530070868,1.1014015422907184,0.9591417801127493,0.9756153085597125,1.0960018391398383,1.0626413926661165,1.0378701291650545,1.0778053308802074,1.108647787793283,1.7659087601351409
Sep 1997,1.2380001538401164,1.1080877315440627,1.1455113165751556,1.0489840853691852,1.0582561351849753,1.0369844851300183,1.0943094014760126,1.151347361499078,1.1017890059502897,1.1660995229288842,1.1155467020433787,0.9921764531118612,1.0117517537793943,1.0240762236227507,1.0119507714599796,1.0153051740069476,1.2207864787263603,1.1699877936976923,1.1853939113473138,1.06207064634844,1.068619603629202,1.2253495127380116,1.1539901883780272,1.2231501914521514,1.2476760546683927,1.1813202013542012,1.0898872522892196,1.0991444465608926,1.0734311899531805,1.1632159440434056,1.0885521478600804,1.0613809522393851,1.0027969618021926,1.1372273431043725,1.0026497406387305,1.09355325870348,1.2032064588532392,1.1550297283410735,1.1888855306454413,1.1423971859069473,1.132550804418063,1.1951285257165096,1.2327763978481012,1.1355585722406956,1.090108618349227,1.0702588859032867,1.1690117026421272,1.1882056180895897,1.0458884424462795,1.0768739743681894,1.0475587646519418,1.1295274857717115,1.077878415884693,1.0235780183574308,1.0149103358325986,1.0120786743993109,1.0689844640064528,1.1871604473492319,1.3030123275486838,1.3081019583703284,1.237378742814407,1.2674030996735102,1.1124285342084945,1.1592092990279481,1.0786179241596097,1.0484148633623878,1.1568097603290148,1.2386181445059454,1.2337203559661016,1.2443817676960989,1.3149715886439521,1.237726532026136,1.2314344669009605,1.0782736121889014,0.9884696656627814,1.07664714844357,1.2435397851666727,1.3171444654111377,1.0815126947752667,1.0174288807415102,1.0269082714907893,1.064505193364329,1.1156611640378618,1.119467460916099,1.0609602629255501,1.0508028301606125,1.153400440063814,1.064257185281958,1.124125776369978,1.0643571422656384,1.0556712925513856,1.1230289563348923,1.1418798105887609,1.2374982544320945,1.1558405728434924,1.1298438023182618,1.3280302630061598,1.2995338502927885,1.0464046760105785,1.0318904353639857,1.080030357211634,1.0290246984206926,1.0045641976226647,1.0806240007763355,1.1799258087351099,1.14258671290845,1.2355591655318239,1.058661590365558,1.0947548958647932,1.0598003818539679,1.1251573772926111,1.3163214283506237,1.2965236995757203,1.069192114631217,1.0196110377849203,1.1770851067319754,1.1351928945075893,1.1687442309423437,1.205062365309045,1.0711685362341299,1.1483845259246135,1.0492412717357331,1.07627570341288,1.0605587776067777,1.2179458249123893,1.1565838138516868,1.169698497798778,1.1331158628790667,1.177510075964404,1.0875065950028757,1.3718900379970778,1.3166218068846827,1.3545482651246161,1.1130169588787318,1.038532804969444,1.1036140769877327,0.9655299017873314,1.0049503180427077,1.100310445944506,1.0793653681136455,1.0471420223802252,1.091145002370716,1.106485846396245,1.5634077158008464
Oct 1997,1.2549181569668182,1.1224752694894806,1.1386673465246955,1.0644738160136766,1.0610912048216052,1.0489061359944112,1.0947459923313922,1.1575659139922996,1.1355433096575465,1.1687919776328592,1.1274254127196062,0.984766473595563,1.0211462654730254,1.0262503269869199,1.0421445269861227,1.0320304941970389,1.2389749566657917,1.1959765028158569,1.204700197126185,1.0586757049550017,1.058074283092454,1.253912985632147,1.173177343370069,1.2332351125038983,1.2443503540758731,1.2043547659188776,1.083341795313601,1.0532158266606884,1.074271819290309,1.172009844610682,1.0956279748433557,1.080780785042526,1.011309565443029,1.1174532073508534,1.0109458126146253,1.099108293111778,1.2136156060840924,1.161798950306206,1.195879820427816,1.1585028802389927,1.1284651565644659,1.2194803504750453,1.2547541109378304,1.163061973247319,1.0999887592214421,1.0699342663012144,1.1831863379935303,1.2128547443548297,1.0538657624235956,1.081120736395006,1.0352257842110872,1.1049209231385464,1.0802681047437575,1.029366920560761,1.0311826808284195,1.0332834576322678,1.0690907565183672,1.227620336213361,1.3320204184396007,1.2700317395021612,1.2515412964727524,1.2523638458225732,1.1238044968137286,1.1535816926462077,1.0881533565756412,1.0609694191947825,1.156806734161801,1.2528630727311507,1.2653845418220089,1.2543468601682932,1.3439323794215567,1.2545367059387857,1.2527641715406552,1.0685749126078519,0.941307591039034,1.095892424466877,1.2711896724997425,1.3101762201625493,1.068641046877103,1.0455672487658292,1.0039518512586412,1.078434309997193,1.1084825909338643,1.1141908692030134,1.0864747801012693,1.0398338459361558,1.2013276650257076,1.0679921604682745,1.1194597347790738,1.0792895771063014,1.0543813392182688,1.130737124932287,1.164437368002964,1.246053910380429,1.1599492557268594,1.1628358526081377,1.3568548934749354,1.3700425958850424,1.049351328578967,1.0223892574855327,1.0861163476039153,1.0317587580524616,1.0196632350472377,1.0638284993008011,1.18173124133341,1.1324074790637177,1.234857406658744,1.0436723386897484,1.0746557537757613,1.0727761670877385,1.1280693672149218,1.3233440013248636,1.311946903171221,1.084219596610162,1.0272022132061371,1.188623090086244,1.170092581974213,1.1853177784495423,1.2180423792172326,1.1018546810697143,1.1564654973979374,1.0500443956011256,1.0648925304209933,1.0669404789736998,1.2185380818365303,1.1911926045568775,1.1761727914674325,1.1628511173335743,1.1775571110409528,1.0560878684107775,1.3901061946470956,1.3014319579914815,1.3475117123831128,1.1064403887429315,1.0441467277495529,1.105222884820543,1.0137806936155027,0.9936525059418931,1.0878146739305592,1.075520846487983,1.038019760734574,1.1014301550966126,1.1357746399555637,1.7412180698254558
Nov 1997,1.2633561092023105,1.1120260542944633,1.1640898866945182,1.0754314794433193,1.0443115631270876,1.0652909831106077,1.097709721292092,1.1744366711151322,1.1250155618345277,1.1844620092338094,1.136582246795004,0.9841069626549257,1.014209171554631,1.0277577055830058,1.0400637402509096,1.028399677436606,1.2327504350715321,1.1848379623999565,1.21110040782185,1.0545846316068608,1.0521558123321688,1.257274632615634,1.184023173874678,1.2456779919417558,1.2383563918213858,1.2292802477525742,1.0850142333764932,1.079963843660938,1.089732293934569,1.173934013991691,1.1006056615821886,1.04216082435195,1.0301926354493312,1.138446776023199,1.0352937403241627,1.0880522036503297,1.229896889174872,1.1664628833692767,1.2000852638702404,1.1628691147964114,1.139370821073386,1.2308750488609213,1.2672805780190435,1.1517649257434588,1.1274674994715201,1.0749992217699569,1.1709569958613197,1.2268721262887463,1.041544693488987,1.0926082848959653,1.0749784337444468,1.116652108474081,1.099511334441205,1.038035094253497,1.0353095993649952,1.0364036920519388,1.091359341945843,1.2490077600345724,1.3554136853434193,1.2926992852293218,1.2598004985130433,1.2692499369784245,1.1285086922753467,1.179239397514761,1.0867422887705167,1.0348822519240377,1.1733833129415652,1.2726899414264232,1.2669507967000377,1.263346366219401,1.3202061595090764,1.2598108644979111,1.2705004714639652,1.0810521003810314,0.9539866008842743,1.0976587591059352,1.2960976852493689,1.3428431452805223,1.1094694347621334,1.0293150988344413,1.0278618488316147,1.1065390885860578,1.1214183070195678,1.120361556468244,1.0877534708102108,1.0464645218935877,1.198674714262639,1.0706267358960175,1.1523247738474636,1.064898450942276,1.0528442029788223,1.1364384577144362,1.1756595046066103,1.2292419641098786,1.179409994165005,1.1406371775939697,1.3450114431655689,1.3812414252319223,1.053818835457677,1.045135972214192,1.094980541679827,1.0703622780957376,1.043500801648458,1.05021335687186,1.2108799525708749,1.1525969118258972,1.2475556567446817,1.048799630261176,1.1031877229103333,1.090029485689186,1.136471409993643,1.2881539538361368,1.3403359961863925,1.107111462837641,1.0406272428185799,1.201367198414885,1.162151596560261,1.177399457745974,1.2335309327303932,1.077810581147831,1.1631652805043184,1.0638865616381303,1.0371542288003766,1.067321282649158,1.2300890972896468,1.1952471670777338,1.2027090404015546,1.158320867016405,1.220037938815824,1.0815730211865955,1.391100361432535,1.3502514656447933,1.3657653566795123,1.119724785216916,1.0487354957956543,1.111276674479179,0.9546276059994694,0.9886264711503466,1.0852186052746315,1.073913706795381,1.0554486599931276,1.1026287262190757,1.1537696234476638,1.7899342869984523
Dec 1997,1.280044906300064,1.1354222831991627,1.1516007556169352,1.07876054430314,1.054076757677464,1.0659186056300256,1.1011555941398101,1.1908146641280875,1.1407770165199738,1.1916757316813795,1.1401686257448183,0.9998352416359453,1.03971577756308,1.0383032569855748,1.0353359093654202,1.0236970909930752,1.2482129984284207,1.2043439151476105,1.2203970101116255,1.053897532331757,1.0550916896075102,1.2592368777646221,1.1913914335725335,1.2505284164417936,1.2660131785883944,1.2165818249071676,1.101086716984293,1.0887684019730723,1.0881028945902416,1.1861111484385483,1.1222882682469055,1.0497657105329259,1.037512148645017,1.1466557479821664,1.0285445033160066,1.1137471662224174,1.2313097106966573,1.1949021376302504,1.216937750866561,1.1882626301958779,1.1524489638049307,1.248982821453461,1.2745362922186654,1.1640194604268235,1.1027466153833543,1.086483373531603,1.1949137315493306,1.2444156462400426,1.0509570214653838,1.0870736311570846,1.0683864539824055,1.102032746867562,1.090465391150216,1.0396642693852942,1.0328256899314543,1.0396791183138867,1.0913185418485511,1.24233671087969,1.4284843558981741,1.3148835319048826,1.306335338677259,1.2980589590036298,1.137330782126082,1.1804532902805351,1.102124925689354,1.0441664987186372,1.1911372466399044,1.2843043691276077,1.2781778746887418,1.2814227582015016,1.3423421362633108,1.2586193635617662,1.272554824491416,1.0888247408372689,0.9679008578584343,1.1017271990864181,1.3059216313176556,1.3348507323137029,1.0952110322354789,1.03310212705598,1.0197089638751755,1.1018921757296998,1.1308765681705333,1.1413149476796842,1.0996500445604267,1.0486045632170056,1.171244216148677,1.0978985146778384,1.1553164918887897,1.0821170099766444,1.0680335378881674,1.1282585193272552,1.196194455416709,1.2826142547146373,1.1927438032197928,1.1895110978046233,1.4114646732116232,1.4516461198937463,1.0711750217366152,1.0501218574414772,1.081189887879235,1.0483219964569208,1.0246456902646275,1.0669883212311455,1.2213992210253755,1.1484673720072485,1.2702189803193462,1.0420843747173245,1.1266062436288806,1.0873705146412045,1.1461210739098164,1.302177604459554,1.3646797506840076,1.1137563475184444,1.0379075477604445,1.2103534193713832,1.1698725309215026,1.2125774472577422,1.2479648705347868,1.1338869389960438,1.1988466265281514,1.069304560874937,1.0769808318338243,1.0546947656087244,1.2870536689041046,1.1930154384648182,1.2028477867443963,1.1792780296183998,1.2146381466482694,1.0758440435127605,1.4063648591226006,1.3576856041825323,1.3698286665891533,1.1275657634387792,1.0459650800776032,1.132578060542171,0.9553536624076726,0.9853648473846335,1.1110771431297926,1.0550822794751988,1.0571851818582658,1.1030060672426842,1.1536324006879508,1.7969049919510423
Jan 1998,1.2798229203169886,1.1200530503102342,1.1453868157260156,1.0548870628727587,1.041783674974298,1.0501654136465668,1.1044035048496341,1.1826980342247213,1.1437523768641942,1.1820946115002964,1.150563684360491,1.005419011981025,1.0231446682309127,1.0397821781739796,1.0152890582496559,1.015438012632266,1.2669624231939256,1.2251595707694964,1.2307057759646587,1.0874632493534977,1.0688687639050691,1.2682266554207593,1.2098937652901642,1.2461471282997614,1.2880004993727365,1.2200886351050544,1.0955162608494522,1.0677831681237555,1.0835146977449788,1.1968596350667853,1.0958787810529502,1.053499982481551,1.0177612727763081,1.1329634190505569,1.0354603155517452,1.1134174729939603,1.2411674698583737,1.179811402665266,1.2247575748710178,1.1992216757344678,1.1447399762964585,1.2475763651544707,1.289980592072499,1.1627325464254357,1.1262034825618454,1.0790011737519047,1.2188703682278224,1.2573923194952912,1.0398921402198884,1.0948204877329464,1.0648940655185168,1.153610950359266,1.106725004680131,1.0383051755085022,1.0341805148081835,1.027800729640855,1.0945257185139328,1.2392083985219884,1.3746318923397356,1.3036235982098812,1.290612975516227,1.302760341091968,1.1452804316242555,1.1694494340209627,1.0841140778287284,1.0670815858880456,1.1829591915279176,1.2919630310594046,1.2780782290047288,1.281087994022191,1.3557596995096537,1.2600421465559726,1.2779872879266345,1.081355171941713,0.9417565012910666,1.1280188882560418,1.2969832942762933,1.3539168212044295,1.1137336617096878,1.0457256277723055,1.0094011999817816,1.1039390951617805,1.1600116510760128,1.1230501420950287,1.0718196932655788,1.0434869696480515,1.1971035173793165,1.075256815217265,1.1211524603064924,1.0818391287818028,1.0746643523465198,1.1570336659806413,1.2011023726868968,1.2760795690091,1.1831150179835876,1.1807785350730189,1.384712054977708,1.369605973870732,1.0578430168818491,1.0422226925453963,1.0946036851112153,1.0638139489289646,1.0515619208905282,1.039281764056161,1.212640323957282,1.135065497024835,1.269389710854608,1.0505487030851273,1.1163370571919746,1.0963258938867912,1.1438512839245203,1.336363693631768,1.3578303919482726,1.1136364734168318,1.0423107420474793,1.2124417757006916,1.1804427214881934,1.1908025626237904,1.2548856756990279,1.1059161542183915,1.1981169214305276,1.0587142358798887,1.0668934790164923,1.0951813858238368,1.2306434137883953,1.2073489914781506,1.2191597561807939,1.1869648947099334,1.2050340994960003,1.0868671559061378,1.4239590174499854,1.4038292603591132,1.3550981541606433,1.1508489302339082,1.0463155334425907,1.1031032271876766,0.9836314160336218,0.9945538440118128,1.1111870952277518,1.0409529900757506,1.0527479711204455,1.101523823356396,1.1498914522436618,1.8784377379381798
Feb 1998,1.292107181039412,1.1365458438551186,1.1611266852674302,1.0823686245717896,1.0684588927991465,1.0839279043018912,1.1149851986687687,1.1982023753117925,1.1732106392137982,1.217146194635195,1.1586198129908245,0.9965533249694045,1.0279152397884606,1.0336701977995684,1.0237388575038222,1.0412072645369008,1.279070277958225,1.205476290879835,1.2433050785687685,1.0799001127760348,1.0719736180167172,1.2701671003570263,1.1888886564817096,1.271690245112326,1.283081234776843,1.187516007959127,1.123972341053455,1.075100104151324,1.12270682720471,1.2043578861809616,1.1001237878065047,1.05605935019294,1.0340700133645615,1.1585537634534973,1.0637028131485495,1.100879990143442,1.2360029216207575,1.1739459680622282,1.2328214192499225,1.2097855732501284,1.152199338450976,1.254572181881026,1.2869163897058349,1.1618981363190897,1.1284592367572568,1.1135422468975325,1.2105535872118394,1.2650268299887635,1.0473499328840683,1.1043757866147121,1.0714680046304323,1.1301636730812608,1.1087886795239916,1.0639832751143627,1.0228939817889244,1.0249684387554776,1.1001667215719706,1.2501738803347817,1.328029161268295,1.302269034752205,1.2930263109650297,1.2958541416500056,1.1555785433790156,1.1811525493282662,1.1025763799799089,1.0491178726528245,1.1944276868621844,1.3040827820759544,1.2810224057582522,1.2911775013283,1.3998087940567128,1.2688488996413283,1.3020864750600805,1.0964748386038983,0.9306052813670983,1.1267720217108343,1.316730449772256,1.3600746041682532,1.1059561461922223,1.0806659620023735,1.0216157130653551,1.1362486935732488,1.157366634061688,1.139980104501062,1.0800830714483247,1.05515233768366,1.1823891713197943,1.0904404881648784,1.198955671129047,1.0870804648527663,1.0633935463309858,1.1657136375853894,1.2041850899207043,1.264453059109546,1.2063904701789294,1.2007845391912761,1.3979949739555735,1.4350351533006198,1.0789977755364188,1.0675206354708102,1.0861615711540846,1.0620086117899665,1.0244648671811496,1.0909276978279139,1.2034767250296847,1.1504049173796889,1.2922591101830088,1.0654143878141202,1.0938575457655333,1.092691965889129,1.1616172745785094,1.3470893665344001,1.3566559973089722,1.089185277479597,1.0306319052891508,1.2293742667536682,1.1787504937586524,1.2046516891786774,1.2646764220802782,1.105258575404299,1.2048831968808134,1.0575960584697033,1.1001880186008683,1.0823869394643895,1.2627119978537227,1.2472671776630122,1.230851141265766,1.175217091525358,1.2257951664839732,1.0570003643925037,1.420215749106507,1.353412267542155,1.3664386918576286,1.1335227072920082,1.0498260966553914,1.1406302626237783,0.9857647506347993,0.987882999650504,1.1089004333213832,1.0717182230002786,1.0474547445976206,1.0873163719769277,1.159678908505948,1.840180335461708
Mar 1998,1.2954770695402966,1.1369009634374962,1.1649738192227885,1.0844970485162675,1.070364596034757,1.0424650062136391,1.1172829329574925,1.2049799422653376,1.138913284129792,1.2104459472814197,1.159270623663197,0.9866816145868356,1.055512914637314,1.034567372785712,1.0309091165113093,1.041383490028109,1.2753908881348215,1.2200241807299692,1.2512498728073145,1.0927509755275617,1.0714932144075635,1.2931775982050155,1.2154490037619379,1.27174014369269,1.2883640466798614,1.234257688441659,1.0914003340536478,1.0930923997650475,1.0980805159148341,1.2089480307870413,1.1285518780184571,1.070273006272444,1.0300322641259434,1.1666573893028547,1.062130482553691,1.111615729299584,1.2550612126606424,1.172037772847816,1.2412572426757176,1.2157376046331478,1.154616513848083,1.2592473708345504,1.2902128483822355,1.1888357727870156,1.1439995250323611,1.1040201772800367,1.2212102131584581,1.281456332203804,1.0594051565674616,1.106168106681623,1.072046810890236,1.121730594484694,1.1016699076746104,1.0438752091972883,1.0324276355801822,1.0581172581608322,1.10077841446825,1.2417740102008432,1.3935517870140233,1.3423406279052854,1.3222152860861445,1.3185788981347568,1.148116780740985,1.2158047858848091,1.1002553798442876,1.071334834063888,1.204310321104398,1.311966044263111,1.2976784604569203,1.3004076264781095,1.4138092771640087,1.2876298489549012,1.3092517519587543,1.090175444285153,0.9629109679350664,1.1267374811600117,1.3323404512630068,1.4165035178001337,1.119568234581475,1.0517479136571641,1.0292565426545142,1.1114693595715368,1.1112396816727346,1.140186238923476,1.1118338626264375,1.0619030657462636,1.1917055982603364,1.1046470468117997,1.1687805367301818,1.09179209016104,1.0645880807460177,1.1586954396090858,1.2112824329935696,1.3187607436097766,1.2124183676181128,1.1920174720690222,1.4295986500985591,1.4786145060041944,1.0867979854192835,1.0373689209526236,1.1028146011817126,1.0584578929188713,1.0313147900623418,1.0742456499983826,1.2298709877825926,1.1708077755218644,1.2936601876554548,1.0723217519836903,1.1492240737595023,1.0891866038540496,1.1313242351063455,1.3351112608920608,1.3561996299992005,1.138220015738561,1.0426054594913337,1.2334589636329838,1.1916586575487147,1.2359931587288369,1.2678526409842206,1.1259344306797134,1.2348844389723133,1.0743693568528077,1.0636404082944266,1.0659117119041257,1.2776072254893862,1.223845829545178,1.236653943918563,1.207289203632131,1.2328484691662598,1.0515137514344464,1.4714548840718353,1.4249178877112751,1.397363619151708,1.14178869381886,1.0623349956298962,1.1356550873473674,0.965270589617994,0.9773134073848443,1.1325237653150275,1.0798684860657066,1.0382101114026696,1.104585188460934,1.1797076493721725,1.7850522850066213
Apr 1998,1.3165428778646873,1.1330594274462285,1.1813969506482622,1.0806206877014821,1.0443155137856683,1.0828631395418375,1.1315246957079264,1.2044186004259156,1.1562648048499458,1.233362171862106,1.1678511058427214,1.0316305654087736,1.010656166145171,1.0464257541328015,1.0428862646646706,1.0298629616882782,1.2856493485627374,1.2430178054686665,1.2721315516792706,1.0945913432277605,1.0752005915388563,1.3108436798848915,1.2218444813809224,1.2833439891279796,1.3306696559674571,1.2637778890608926,1.1161997523921747,1.107596689237686,1.0803476708707238,1.234026964249075,1.1148032195538504,1.0770172494401915,1.0574259989556747,1.1796538435428763,1.0512227394041938,1.1229113348447022,1.267224220578089,1.2115493869833767,1.249576711189629,1.2271739996403614,1.1649305742661267,1.3030211633676723,1.3145878936533695,1.1939196272752168,1.1353388689443284,1.1063102413383785,1.2282828736851557,1.2784370396867168,1.089682535372239,1.104450270741015,1.0893399103561965,1.124681975159276,1.107675866356292,1.0566855244004085,1.0368157336084631,1.0457497493100254,1.1058059214793472,1.2577845756068584,1.4194054927515345,1.3458370626639309,1.3279407286702103,1.3260690564236592,1.1560987842261705,1.2072829537995888,1.0879357947749677,1.0707595074847531,1.2261605560655402,1.3241480779677717,1.322158294231308,1.3167332754169634,1.4394505262821276,1.291055169741815,1.3166338072773096,1.1031607619646207,0.958674877964944,1.128851816504204,1.3353753413248277,1.4038581060014017,1.1020618678738459,1.0448015937036814,1.0314381955049772,1.1267433072899091,1.1161866417053996,1.1557259566598628,1.0889996017657904,1.04495510212133,1.1828132481546887,1.0923390414249747,1.1857503150898712,1.10127198811283,1.0850894934142028,1.1724574112533253,1.22395257756395,1.2987578907192974,1.2267603352098855,1.1892448560201614,1.437453997666741,1.4641516296267605,1.0827823827719045,1.0517881228017534,1.1153662546603937,1.0687512682780842,1.046933110437422,1.0814250466731128,1.2547099821162668,1.1676172005861054,1.3144065535790475,1.0607107340199553,1.1539218628400634,1.1145675009842555,1.1507050348507224,1.3508501141400129,1.3890545032928958,1.1259652310574941,1.0403417832405026,1.2379558799105386,1.2005833309892924,1.2480378468155786,1.2884105378517359,1.1114231120324995,1.2342935829611046,1.065480787500438,1.056123063092777,1.1015339797433954,1.2966107370783604,1.2362297151339339,1.2530004731865352,1.2146233260911135,1.2542871462232787,1.0656907903362067,1.4899685757098573,1.4557049035421568,1.3809323452224664,1.125771378157551,1.0605126706526424,1.1450991846477012,0.9819599852036652,0.9905179336136269,1.1282569668965248,1.0723829483458234,1.0701362563983883,1.1336523269479182,1.1846078757737204,1.8877594236432826
May 1998,1.3362119054705333,1.1527823302081177,1.1866487110496045,1.0976256112602194,1.0779674851991794,1.0983486872558068,1.1382640432087723,1.2103100482180704,1.1740428239236824,1.2279553640505145,1.1822277307270639,1.0159925906179978,1.0240666506343594,1.049552674818749,1.0485868864895973,1.012873080230349,1.3086904772848063,1.256261881944439,1.2807710966883872,1.0732920296428594,1.0796549715860697,1.3248985360781034,1.2289228416703746,1.3028800066988286,1.334109413969762,1.2549286096724988,1.131556535044909,1.1081276609059505,1.081321020305784,1.231265006226141,1.1338368551548428,1.0785712091553465,1.0323435177229658,1.1652808231588212,1.0300926409693227,1.1354891834980183,1.28477677194497,1.2241155536915727,1.260362682661903,1.2402134782122665,1.179616591079413,1.308512945850876,1.324265519662117,1.2077878396161619,1.1541418918238455,1.1334701349318788,1.256188111296852,1.313734651333396,1.0865509597275238,1.111279308030582,1.0821781685007534,1.168415524730561,1.1166357101116386,1.0529824541028756,1.0470906404472609,1.0584134203660698,1.1101763395257325,1.295296345690269,1.425103503729444,1.3927215225184642,1.338666964314131,1.3326170972697673,1.1708327179094369,1.20888031369265,1.070989065617007,1.0523552765363875,1.2307126721916517,1.3416208089161399,1.3286811202634907,1.3451980188304329,1.4473717652549458,1.3164398579905063,1.3341081223771962,1.1248471275236815,0.9677031072848247,1.132627343756757,1.3614832167017121,1.4204293178155107,1.1109842453748393,1.0808808739820581,1.026842363092498,1.1431717757299666,1.1111290208976552,1.1673856891295917,1.1295616379931375,1.0647029758843296,1.1618038080284254,1.1053802463513813,1.1812581604596104,1.109704491258,1.0718712525206182,1.168071445583673,1.230904153121703,1.3090591495344133,1.2365731421896329,1.2255419712129176,1.49543648298849,1.4646721130431488,1.0935201349255539,1.0824692894001893,1.1151137943697749,1.0719724622410451,1.0596111917386255,1.1035764906023429,1.2627776517810922,1.1924436276552668,1.3278019185776557,1.099888753310721,1.1376023701483888,1.1072216806193744,1.1668258776004923,1.385362164684186,1.423906787582326,1.1199683999624501,1.0749434842552894,1.2543533467946062,1.2261938969119897,1.2660172220880836,1.3030140362394036,1.136505325708036,1.2550937243263462,1.074886668335112,1.0807329998816322,1.085173522729551,1.2958082292656132,1.2388397155304975,1.2544661589282715,1.2141429689163887,1.2669272945812673,1.1104511051441437,1.4751642517935297,1.4729514402747828,1.4274480329307346,1.1359107010928937,1.0777550839483125,1.1476313076514302,0.9850235926440997,1.001209942296529,1.1327951877895108,1.0844446333824531,1.091925668725629,1.1390702282164615,1.2012333394524743,1.9914567834357928
Jun 1998,1.347115433781833,1.1569862428805944,1.2024095459220105,1.116774487164669,1.0801384263215577,1.0792727889192768,1.1469249944204014,1.2343021306246598,1.2129840558309541,1.2523432522717657,1.184366235947133,1.0464776749872298,1.0558015734931128,1.0539906247734896,1.03316552848372,1.060543042349687,1.308305450553868,1.259118147512735,1.296527787109156,1.0940725002522698,1.0804644517183906,1.3530107092545547,1.2497335949713424,1.3213420725997858,1.3493644893078802,1.251943114315256,1.1347375056586257,1.1354441954535504,1.111331300865917,1.254280313532067,1.1314394770527227,1.1191913020755035,1.018694317236236,1.1775813647715347,1.064113912914425,1.1168749871042194,1.2953825594459414,1.2464225546080951,1.2789854649840495,1.249555487266276,1.1909580827895028,1.3064615591753292,1.3476507024724433,1.2242558972361572,1.1562007929070244,1.1396277485790658,1.2734277917500818,1.313412599677475,1.086766642602941,1.1112245367414817,1.0760074394421655,1.1327842365285887,1.1214398573351847,1.0637696687413136,1.052923389786872,1.0340742154111995,1.1133842325039593,1.3174501646064911,1.46973619914101,1.3862417708785753,1.3423499305048627,1.3738242709875441,1.1728632276633957,1.2372783438569155,1.141823280959009,1.0829538097883962,1.2534159788893275,1.3568975162615027,1.3407601225794037,1.3523840781097354,1.4681286892501273,1.3233564388190937,1.3416615984634441,1.1243950887630014,0.9913315212755778,1.135231397875202,1.3802179193801793,1.4327898913327528,1.103455442982958,1.0981387191612855,1.030406293356369,1.1039133781257453,1.1490221534664178,1.1601320105434747,1.1170052951112615,1.0759342091654336,1.2148485662359858,1.1113508168517754,1.208039155581261,1.110428271597933,1.0830543108082937,1.1952403380254562,1.2466561556097797,1.3175169392987252,1.255227368062062,1.2572616622276311,1.4965340938221974,1.471193329624775,1.0968483460724794,1.062465176971509,1.1245630618977527,1.0893298264089448,1.0456569180972084,1.0477763503654944,1.271056895480529,1.2000254381233968,1.335596663968991,1.0897032791324508,1.1591819734970874,1.1310767087781775,1.1853973324838292,1.3611163811408344,1.4829783295924754,1.1454615615010797,1.0439758715528678,1.2505887586776565,1.228819831001029,1.2168629082099487,1.3213171607384344,1.1573075786631832,1.2555835189101656,1.0910919623270388,1.0963406347518327,1.1014529210439752,1.3389628498620711,1.2466255192238453,1.2711787486559145,1.2251514957801823,1.2736890871168176,1.0558918799465888,1.494539740879077,1.5057383450219857,1.42766434501264,1.1469980626262375,1.0685984861508369,1.1590888717924237,0.9927498007477474,0.9988851599005338,1.14981064893345,1.077709461917085,1.0835955190569388,1.1308792734404467,1.2114518466709516,1.8457278645349173
Jul 1998,1.363085044650189,1.1660572593615814,1.2040640824650923,1.1101453697951096,1.094014567335836,1.092987716952428,1.142839847988682,1.2277024411904496,1.21304042547416,1.2447759888446925,1.2023604379571113,0.9920114718273687,1.049129110184102,1.0658692803866991,1.0500949548195322,1.0456387828867106,1.3271876077781284,1.2731351303496405,1.2992354328853428,1.0838208323258585,1.0925662323027026,1.3412194304157636,1.2643846373020309,1.316299277904155,1.3482124819872199,1.3029478862746935,1.1368160449130729,1.1012304830303994,1.1216609900162693,1.256894994240441,1.1483539838715915,1.0771549365440856,1.0650478610186926,1.1895218781851888,1.0539536487451653,1.1054643143617267,1.3073149171971088,1.2425289546375142,1.2870349803404606,1.2535297442200886,1.1998910984462026,1.3347599977355025,1.3553078515490804,1.2217273654442815,1.1787003878893638,1.134062182918391,1.2562037706591413,1.3267799220431957,1.0929681765511294,1.1277643498290586,1.0852436644148231,1.1637827564412675,1.131690768173722,1.0630785927347928,1.043048442278031,1.0544286726619085,1.1261668312413664,1.3020766709805671,1.4501399996339763,1.3790477283090175,1.3717329380420717,1.4032448586669861,1.1915429052085047,1.2444869852103395,1.121481675629539,1.0749017676391899,1.2385652418708784,1.3640658852889807,1.3506647015915256,1.3579899971478597,1.5021637941475015,1.3436320377290984,1.351514916565578,1.1160955874031804,0.9503656250652323,1.1598135547381803,1.378926838811299,1.4599626143529922,1.1004175976684738,1.0700333472443664,1.03225980283022,1.123702210679144,1.1851138475230503,1.1799049828763504,1.138674194941975,1.0978506327433777,1.304958899491424,1.1151155846477991,1.1927788270453834,1.1144282069274134,1.095213542381215,1.202686350551253,1.263019939409857,1.3267263816163926,1.258316978573844,1.2472276598578855,1.488740735194521,1.482561508792768,1.093742819707812,1.0409795023385167,1.1351040028411112,1.0620907268693247,1.0722341948753356,1.1009271370847489,1.2635967641599049,1.2005992392100735,1.3550239274675464,1.0749526034838708,1.139270314242799,1.1244111520092772,1.1856203884342025,1.3969255829876295,1.461909440477569,1.1415088462713405,1.0843222838541726,1.2594856478736587,1.2287224489854036,1.287900217275363,1.319024845125441,1.1639784876472081,1.2611124855244114,1.0844392122008482,1.0989755500363707,1.1171029005074726,1.3278962793376887,1.2721084380253715,1.2742538337270575,1.2347778047390778,1.2379104214235828,1.0999128546224037,1.526361645981266,1.4807441719183,1.4729100350531388,1.16683089318705,1.0788595546052109,1.1690619089994143,0.9911990642945253,0.9909328061491682,1.1265878552981266,1.087956200982491,1.0738916843412585,1.1599179192889564,1.2281902907921927,2.132551250709866
Aug 1998,1.3640130636242516,1.1532950810503262,1.2042261443373687,1.1183542926938381,1.0620471425162636,1.1033589027254158,1.1598046360872085,1.2518165891119566,1.207718475545482,1.2777330906274893,1.2087880484799367,1.0098643374500318,1.0301272804099062,1.0582507398319099,1.0509226345173832,1.0486969640304142,1.3427108165765693,1.2727320407608507,1.3070415257328956,1.0839518866325661,1.0782810399136284,1.3650564591464058,1.2714616671976149,1.330876412398116,1.3664016977550009,1.2924770633745617,1.1490935324749738,1.0973769321708564,1.101109716218736,1.2781669230624622,1.1537776715424086,1.0770651539424987,1.0444537399054719,1.1983161700785099,1.0601703111276475,1.1335303291259597,1.3093001595956901,1.2533599197975225,1.2850089679847523,1.2610688405466919,1.210638351153678,1.3434434781566915,1.374909509978012,1.2251541175703076,1.172397961903981,1.1366578668591243,1.288388393480264,1.3379578986553289,1.0970987554037483,1.1274241286952187,1.0686207548667352,1.1494298617612821,1.1332329829812893,1.0640208798533244,1.0470662339138888,1.048774184634317,1.1202900726388396,1.3368862423861976,1.4829567652437132,1.3875611391212168,1.361507521572597,1.386895546289111,1.2015342001170917,1.2572481389429984,1.0706348139684545,1.0671788517563452,1.2601404450668547,1.3735574399279655,1.364105728620581,1.3748213274519379,1.4725604421776382,1.3612531491954412,1.360271750649221,1.1583873840046737,0.9538987515044631,1.1574272975525037,1.398878812752202,1.5012385627734954,1.1049564915021537,1.0823046234876281,1.0275388145124802,1.1390092343834566,1.1854353026216806,1.176009832365015,1.1390063712232745,1.0889557758185369,1.2666783843808223,1.1228757168861558,1.2258745935218371,1.1396256333893147,1.0873643974491756,1.2187297353480573,1.2535766881362922,1.3376752074122875,1.2733057235155387,1.2643856395870363,1.5042051900879903,1.494646874478234,1.0869623035705873,1.0735681655694045,1.1361987152540904,1.0774255402005621,1.0643762567522326,1.0959888441048964,1.2873495289662185,1.2161854074506995,1.3606289085068417,1.071362936564706,1.1332589430016318,1.133657353888142,1.1764180958377244,1.3777465562553026,1.4838125675948188,1.144948244672794,1.0718891674652866,1.2714564228104706,1.2395882145217074,1.2620274430898102,1.3303467180298094,1.161430829571825,1.2749006510543281,1.086334724361916,1.0798269751629137,1.1265016811748365,1.3677171037743385,1.2869727027369877,1.2905906861540413,1.2479284870366936,1.2860674295957737,1.1557030956954983,1.5352784199063958,1.5216773260965584,1.4839785870648377,1.1693544231605553,1.0922275809878617,1.163434341412922,0.9835649135734509,0.9997743737592656,1.158095057824736,1.077554823721139,1.0704669655376062,1.1465109745764899,1.2412772414540865,2.168669046496203
Sep 1998,1.3755458522371034,1.173340126420141,1.2187590299637732,1.1205057176461917,1.0991981699787445,1.0871931598729325,1.147066178942735,1.2550888001202098,1.2250835775748716,1.2667486802564265,1.21999112394124,1.0085813714126846,1.0314566459943895,1.0679131386276346,1.052840028752553,1.0501113546401677,1.3512515731011494,1.2941755223300673,1.3100694398235329,1.1004228845168256,1.081248649928814,1.3688064617959188,1.2723285688441235,1.3280302571223581,1.3818200820804205,1.3007146011724322,1.1394462609595561,1.125457119106945,1.1192080165695373,1.2620742525959003,1.146194816725905,1.091759844184114,1.0596266544865773,1.2100509961836905,1.060953005728199,1.1317649459211365,1.3186388260871227,1.254216025909278,1.310025977015102,1.2823960099534824,1.231291084318363,1.3257817508980507,1.376357160179302,1.2369951203370193,1.1762185315677358,1.145111241062787,1.2992882439915894,1.33703363955268,1.107569514404841,1.1333632898615333,1.0767016384075843,1.1844276360409045,1.1319661603049382,1.07337327928365,1.0512695847036908,1.0502555408154557,1.1263218982675045,1.3312711312385355,1.4723637768625817,1.4200302664886477,1.3785362611581253,1.3749238935249903,1.1931675040319358,1.2658252378109272,1.1094181825724543,1.0683736997142053,1.2587773609266633,1.3999304256785678,1.3721821811777246,1.3732133613213076,1.4667486622997084,1.3739124820620274,1.372026894378786,1.137434645738324,0.9607923727158493,1.1880881743677296,1.4039022216607204,1.482747898951648,1.1394601611441533,1.0576498860216548,1.0274221004026212,1.146976550972324,1.185577702176635,1.1849578279062578,1.1824324421819419,1.0904710460452436,1.2118443241489218,1.1311916399164617,1.2229373743302352,1.096891969281888,1.1141769268536528,1.2158510290433893,1.2800283500384655,1.3489824677121658,1.277223703990425,1.2718727630443718,1.496557508595314,1.5371086281176634,1.105293025699304,1.0776880507696318,1.1534910918620191,1.102483126625892,1.052211407100809,1.116412186840004,1.2923779412489973,1.2112280785260776,1.3527046013694486,1.0916353591185888,1.1541555932286671,1.156044880768984,1.1948244659715526,1.4195960986477998,1.475976416069371,1.1787349023777978,1.0760957442963168,1.2801384463701486,1.2459067603796428,1.2763154869567848,1.3573192295350844,1.2128994278240175,1.279270348928063,1.1305561146626468,1.0863788889698085,1.1251925324961096,1.329598770955449,1.278611544027681,1.2972680696983527,1.217503381712191,1.2791023512810087,1.0597189655346664,1.5597493724875675,1.596970881303359,1.471081632021577,1.1689724915774775,1.0885339768577145,1.1604512181059459,0.9786975186884902,1.025370308168018,1.1409318281359955,1.096571333326708,1.0780435182460963,1.1595162439451545,1.2427118151438774,2.1173402624992343
Oct 1998,1.3755207936856109,1.185426563747207,1.2328606385634235,1.1083851417825163,1.1261066846058996,1.1014319028468142,1.1629035888233525,1.2560506040911845,1.2293688690781026,1.2736151620695257,1.2244613518390277,1.0227162962252243,1.0260980182265655,1.0762340411870028,1.0469998916644814,1.0540725552018642,1.369528617345892,1.2799411484057956,1.3129003850071561,1.1009342033781635,1.0978804434813694,1.3845143317195967,1.2619138029042622,1.3401143656759065,1.3985757584939587,1.307096356979504,1.143945037918212,1.1366984690356274,1.1153617999773744,1.2933034140934052,1.1589815322134003,1.1207869492129234,1.0619379437262948,1.2066997992469717,1.0826679776475316,1.1551724021137992,1.3245330830720785,1.2643639590680524,1.3182684538166816,1.2590452642943555,1.2124582950536045,1.3717408194596912,1.3744874538301515,1.239711669442801,1.1843917793970486,1.1502654537193877,1.2817525324906054,1.3595243602812168,1.1003568649602264,1.1268777282254794,1.0908486441108887,1.1764532308939375,1.1303706733620305,1.059922774745407,1.0477688110056596,1.0628534237641076,1.1410686560483827,1.327413885973921,1.4685708867729048,1.4454955248230832,1.4189064612384041,1.4333160100534847,1.200085567697264,1.2660369250543744,1.1035399798178362,1.0820637760845395,1.2842063263875019,1.383027446326823,1.3830159161511966,1.372929812538599,1.4716329874229837,1.3707814447608626,1.3809805208763346,1.1479991712196849,0.9574711233599393,1.1947573003277936,1.4137355319550988,1.475032217635943,1.1380543338214109,1.122217265539204,1.0380794666914441,1.133721736991884,1.1754060805663034,1.196230443032969,1.1333287574493605,1.0926306900233627,1.2667519931313669,1.1253495026725733,1.2406687725855936,1.129638855597432,1.1092151543318722,1.2313368362866701,1.2829437307236982,1.362538852538497,1.267719519712468,1.2826325316026834,1.5456834243473723,1.511857354053838,1.1190323677613214,1.087310946130875,1.1565992719264286,1.079816633312743,1.069991016504088,1.1070272812955326,1.2977885411920154,1.2419091459885112,1.3642059602295111,1.0700306750603614,1.152273448905902,1.150918512758797,1.1883427757590708,1.422230616785092,1.4586999272971626,1.1627330285883513,1.0832073711496455,1.2871508956263555,1.2437410172810577,1.2959539733349417,1.350090375587394,1.1699791484593398,1.2977904075288595,1.1072614273093264,1.1024862367516861,1.1224728222330542,1.340359036839121,1.2844115838876504,1.3004967917574213,1.2594299012686907,1.2851859937753152,1.0540792776361088,1.5439407609057438,1.5206163282069594,1.4794249409392075,1.1812258308949708,1.067026979101169,1.193669125276644,0.9930961202636621,1.001756311184497,1.1681670480344795,1.108206889895894,1.136704996479079,1.1522618792226085,1.2369244336829521,2.44597053967631
Nov 1998,1.3924242352592409,1.192863506606829,1.2233184280196017,1.1093965877046184,1.0722439962173813,1.105995923948713,1.1642397114441363,1.262048974099178,1.2447697280683796,1.2802909971910617,1.2290920318098013,1.011834092549415,1.0860286390241716,1.0686747752393335,1.0546000487114688,1.058413763764086,1.3379157480643529,1.3132427593919838,1.3231669334859935,1.080912303872038,1.1071390592506687,1.4335106796537818,1.2942111782070433,1.3440908441395696,1.3996933551019113,1.3257355333450696,1.1671816664181014,1.1122605572721573,1.1048784702452683,1.285747971238504,1.1774117283809797,1.1063994980580707,1.0768174284667253,1.2058296735612315,1.0757618845688905,1.1419178450109133,1.3155948022382995,1.2633142447259889,1.3153512568459715,1.2619177934690353,1.233386818739622,1.3684065126091114,1.3884405868064642,1.2544167033315465,1.2016053679315828,1.1568101819057741,1.3001146689781249,1.3493469386984172,1.117711716746101,1.147965524981313,1.095320110436488,1.1400940327023055,1.1500862213025342,1.0574058868789116,1.0517137476605765,1.0574448769917255,1.1450479605150254,1.3450647858360765,1.4554162812595817,1.413335486569057,1.4009206503357583,1.4096917961924187,1.2127646034204913,1.2548903078934641,1.1303590835768156,1.0828489945436257,1.2668161218226777,1.41084434894667,1.3861529637573535,1.3906836639403712,1.5199207675721877,1.3775456015123526,1.3880844934747216,1.1579814438423688,0.9422366035357047,1.1670973721477567,1.4249131668790718,1.4978987876181797,1.1302899869969174,1.1036578650862316,1.053138885172108,1.1565088734005597,1.213283175465808,1.1905442992356492,1.1599878761941367,1.0951772792886811,1.2591246712297994,1.137499284106371,1.2064939666284207,1.163048121456859,1.1184928137241537,1.233763345670569,1.2688894043264718,1.3634184314994207,1.3086391945430422,1.2868499291799735,1.5254303870742165,1.5207621108146687,1.1265158880460355,1.0876843234205795,1.1531285685101975,1.099542322554539,1.0907522487854633,1.108791615165974,1.3104276283194582,1.2309536609955845,1.3742055627259342,1.080633530869543,1.1572902780220489,1.1750796086687076,1.2028961232038562,1.3950623071049675,1.4531926879126147,1.1501785620983804,1.0721308698817469,1.295887339282215,1.254823280485813,1.305893128931732,1.352626079844387,1.1851905377019702,1.3010723927550751,1.1092682559649187,1.0973032254569202,1.1310946840227651,1.3713268176001774,1.29142236148444,1.3213494213170198,1.2605679922614381,1.31232183136301,1.0927873574655411,1.535996688965638,1.5385829206770245,1.46322905463936,1.1857857441294608,1.0804530680145268,1.1714470432108315,1.0056790476702762,1.0083360433606794,1.1684577484093819,1.10719084239492,1.0555940114568068,1.1723144408554447,1.2543818437123715,2.1267980829706694
Dec 1998,1.4032185592689237,1.1833422065275092,1.2275049940370677,1.1317506019158747,1.073040758728905,1.1275645340098412,1.182911184982058,1.2736415594326096,1.280270819493959,1.298952687388266,1.2295782694916082,1.0250049590586616,1.0514905306646591,1.0593220240688013,1.0633496765877166,1.0470809099030067,1.3629696388073345,1.2978069147177527,1.3273501242296366,1.0976313927033177,1.1099967197540197,1.3991162447210417,1.2921737991665223,1.3510587830332614,1.416806324792624,1.3436019970488047,1.1506947833292271,1.1315347229445922,1.1528621833732624,1.2938522241801003,1.170662918777871,1.1185790323367393,1.094308114982065,1.2227217096275558,1.056492040917895,1.125448518068071,1.3604406908750413,1.2732317311521202,1.327653096508808,1.2924133096904369,1.2510577564172773,1.3529394481724577,1.4169038055580674,1.2486020075797604,1.2248572790382317,1.1630112448996948,1.3166808651883184,1.3660996597492125,1.1272094753770456,1.1583994041606558,1.1072196174020894,1.1357551551526888,1.1454087402428486,1.0718113269070568,1.068758031289284,1.0577557957225412,1.1573987541820066,1.361827435356725,1.491282061516068,1.4634331627477983,1.4314728365673184,1.4074607661691796,1.2199716182200668,1.2654658881079366,1.12533486574115,1.0993734373096138,1.2987829266953492,1.4159962794021834,1.3871624461062535,1.400743183002319,1.5387138604533204,1.4082785659678885,1.4011790071887649,1.1751429106028983,0.98018740431842,1.193266311764015,1.4183622006113186,1.5239467099903945,1.1025766674445074,1.105005749504643,1.0707999591016728,1.1456616806964979,1.2203700945547877,1.1966981071163405,1.1474093110338055,1.0876275197828629,1.2537973026338112,1.1448493948407914,1.261733642241708,1.1393394178890162,1.1174375787879613,1.2348208998760637,1.2904331167490544,1.3692923108944874,1.2981385432172023,1.289527873529774,1.5276049254759936,1.5383513129652235,1.1285195245130761,1.054995406908898,1.1482305830278825,1.0975430428522122,1.0842250854888367,1.1272874035259852,1.3210828281885303,1.2387546384683734,1.384062870091901,1.1004890718074112,1.1980451012357523,1.1944464104260688,1.1897948642161744,1.4147612974675245,1.4830380405885186,1.1931920176348247,1.0768535222988755,1.2907080035601377,1.274257566260325,1.3258942076092435,1.375545388228101,1.2199563073758437,1.3033448519705497,1.1062258870582302,1.095678508348028,1.138307309348026,1.3707773627012216,1.3164320013077595,1.3080621367121794,1.273718047729161,1.3301670721179566,1.0949610693495992,1.5388685159995061,1.4951448534154894,1.4860863351600981,1.1875000234359974,1.0972564027544172,1.1919229577673536,1.019287646994484,1.0092033591589407,1.178981863434587,1.1204381761098683,1.0801656292322876,1.1619585035627085,1.2768089880739157,2.4098941217580854
Jan 1999,1.3910016527345528,1.1775460990490567,1.2286066425201643,1.1409961731490224,1.0759484506064934,1.1031987993506418,1.1732197582152364,1.273928615068498,1.241306613445084,1.3035066191484286,1.2180846276924595,1.0291416458928047,1.0372330570963844,1.09434025066137,1.0306032609758518,1.06219471264467,1.364321331891825,1.3133009761672605,1.3319051125068675,1.114276962569227,1.0846361558038315,1.4107495049464047,1.2593426793062468,1.341268416668732,1.4013086811840039,1.3190154308479844,1.1685529332305553,1.1626602106192019,1.107384220606521,1.2928519461640937,1.1741325277014423,1.1168271432257146,1.0924703385393635,1.2165137612175667,1.1016137456086115,1.146855843491778,1.339591882349571,1.2690531433373702,1.3223828818934584,1.2875051007088305,1.2349281605804638,1.361331866547067,1.3885742732322173,1.2624536725887963,1.158440093361213,1.1633919157612165,1.3058782167506116,1.3801173598300094,1.1233816832860526,1.127035198194544,1.0791176583188895,1.1438883514840077,1.1432681604208352,1.0802977792394584,1.0525809857308546,1.0337934632103067,1.1424655951402831,1.3581002757689737,1.4966080625735145,1.4876897624396501,1.3968195738419258,1.3830433287869337,1.215265042077651,1.2819110022173992,1.1047692678332326,1.1036848486247601,1.291025365529061,1.4011850149482106,1.384213814039048,1.393045167217212,1.5262911107840194,1.3684533260368268,1.3863427674749305,1.1574112725707046,0.9420091768819197,1.2045956610291937,1.4181213611433787,1.5092987972478094,1.0898788689211887,1.100001340455586,1.062859249507247,1.131075157722873,1.2724006573764903,1.197798264676412,1.151543994214337,1.1041910330954425,1.2528329682965593,1.1376658497528664,1.2398353728074,1.1584557989127329,1.1404975714308505,1.2426226492707975,1.273075087306737,1.3818465906316928,1.3022168941455066,1.277627411544795,1.525751093675677,1.5076012270057553,1.1234845849934179,1.087678823898119,1.1718485677138035,1.1010974654434746,1.043292862432234,1.1296465179075026,1.3213337987634424,1.2286482696898202,1.394727290723412,1.079821727292378,1.165907524391991,1.1822682579821242,1.2236525086724743,1.4101588411852526,1.4850091354133501,1.1576699614806354,1.078499086777948,1.2994113533338967,1.2446208756302002,1.3220552946987647,1.3641253265636248,1.2087836343183356,1.3010464948908187,1.1066576918087685,1.1196181991378016,1.1223578303344368,1.3716125782463555,1.337114275766145,1.3233324090323066,1.268931512979195,1.30601605256318,1.1129659143672685,1.5509027543139564,1.4927642956805187,1.4295109368280694,1.217540392210664,1.0937096744171892,1.2020482165406048,1.019730415244906,1.0216456880572855,1.1882530598827112,1.1163291946048348,1.1058356986137299,1.1731460949073702,1.2834517390936755,2.5087949319504914
Feb 1999,1.3951192756312651,1.2085085503082331,1.2382370881478872,1.1363628106095307,1.1768542128571222,1.1064641748939061,1.1732389184691152,1.2825697735485628,1.2422443782211963,1.296315618025466,1.2277672430945081,1.0203353643014856,1.0417717297485594,1.073515916393631,1.0523467748002182,1.0487756245327198,1.3546195593920334,1.300513423040618,1.3343806486068726,1.1165565271489362,1.1113481264045384,1.3994121330347353,1.2800742483943781,1.37028986037575,1.4072422362118697,1.3346766845427043,1.1568030108151979,1.1198708822030725,1.1365068588922604,1.3035622734585537,1.1696104138427779,1.1051139394182357,1.0935772167720925,1.2286073679129064,1.0851338182380088,1.1552175028597917,1.3490192055702535,1.2712525201413996,1.3134757657729543,1.2771181946649233,1.2418308573799859,1.3610228935490472,1.399185986893137,1.2840081095152822,1.2018740354717297,1.1794658973830459,1.3085737481348696,1.3668245303490556,1.0874006298719834,1.1543853010960075,1.1137914008340946,1.1681870835751873,1.1464023185205814,1.0730933704170085,1.0558415015418419,1.0666935218008078,1.1439145275571652,1.3526390293250057,1.5558033722417048,1.4209301315538916,1.4120653815235709,1.4142179945792848,1.2243974097257935,1.2885760487266336,1.088231346324086,1.1309751449827303,1.3101642351112255,1.4071832350448459,1.4063612412257707,1.3968665347856517,1.5453446556895112,1.396354796053451,1.388657367826663,1.16452038550025,0.9541911282645601,1.1995516953005136,1.434525929275769,1.5035025785332299,1.1152413943660435,1.1014783065094265,1.066791251287261,1.1621659801258906,1.2352318219303287,1.2022205054521746,1.1513807132748468,1.1125070502957595,1.2911047336666643,1.1388944991907257,1.2449674780484083,1.1624679450063373,1.1390216789314769,1.23340810116826,1.3045297244179095,1.3907293108241054,1.2910424952184558,1.3254794703900508,1.5533231829175844,1.5475019388472941,1.1124261784277123,1.0830576616616303,1.184072856665457,1.1034049843814477,1.0781874887527723,1.124384743325775,1.324546618399621,1.251135384273162,1.415547430093367,1.080080645592054,1.1626995009367,1.1698784510709659,1.218629969644064,1.4576576574369702,1.4951974147560738,1.1551989576854091,1.0999482547054273,1.3049119090215249,1.275435624159817,1.3320935022203593,1.361152022943043,1.2034202038273982,1.3038537868761142,1.110399468585299,1.1342282493581564,1.1105587339442493,1.3827548712936841,1.3084712036792407,1.3156853050243977,1.2780911707528384,1.2846101979411872,1.0849103851327062,1.549314067571467,1.5398079834473328,1.4792788737373366,1.1989397355822187,1.119356880710599,1.176622488328254,0.999599021399308,0.9898073550248688,1.16268260481646,1.09801410626571,1.1163870974940413,1.1460386149485795,1.2614110512443923,2.647389279194056
Mar 1999,1.4085329136504356,1.197424482284229,1.2360719868975691,1.1479812568799106,1.1181775227218669,1.1157091880995302,1.1897025582411955,1.2993634643515277,1.2521844514715874,1.3143314646647766,1.2393464530183251,1.0198183176423286,1.060758856671598,1.0882446222284605,1.0773725703391512,1.0604166491195288,1.377309359000072,1.3254511417021622,1.348340725708094,1.104664472713555,1.1011618034457407,1.4064658160139165,1.3075242984747124,1.3662841861366468,1.4338156051040316,1.3408787172854104,1.161312773395486,1.1492989949952823,1.131656311823826,1.2968116554651261,1.1888005603432907,1.107473838571661,1.0680486763728418,1.2457161670203527,1.1097269104139615,1.1909760202522612,1.3784142384030227,1.2858910488929574,1.35426296406318,1.3134127535933744,1.2496680604587704,1.3709208793338021,1.4091975898676399,1.253624195545927,1.2248036469348125,1.180698489341176,1.310888416538591,1.3975650368423636,1.1397553620354828,1.1691331128661973,1.0896356966342478,1.1336404924458574,1.1580716769086934,1.0762182675819931,1.0784369658541475,1.0574981590488506,1.1492538637751448,1.3556258673023363,1.5407452328966262,1.4690294961166048,1.3891919902343113,1.421585300218911,1.2270246678316623,1.3027827816697861,1.095973880087107,1.119178559626602,1.2991800351170908,1.4241566126669396,1.3936214080937148,1.4235167880188297,1.5340230877325005,1.4209650464242272,1.406134408167343,1.1766440155785634,0.9528159343871397,1.184643759165466,1.4600877001809034,1.5204865523807611,1.1179712165419458,1.0855816667842806,1.0674772351680084,1.1597674423732343,1.2541394999416464,1.2183307645412627,1.1613159743212602,1.1075763897495123,1.3060359705541218,1.1410771158752724,1.271691153245495,1.1534086129039907,1.1456303767796268,1.2575159592773328,1.2968183455153226,1.3632801266389054,1.3144925780165493,1.2670116304296677,1.5428578485366613,1.557071916877318,1.1308207533655372,1.0764779207949216,1.1734374620205865,1.118807507745674,1.0660442510105212,1.1308406051128492,1.3403574793545896,1.2508540189044768,1.4003557235979025,1.102700257137213,1.162542047179489,1.1669206143386046,1.2253383317525934,1.408074950351834,1.561602489755118,1.1768485673012279,1.104427612167479,1.3044875804840521,1.2560155308814966,1.3264490461180978,1.3689742771044051,1.2167035112243545,1.3153649885162921,1.1141345689320918,1.086037480864134,1.1101226701072595,1.3876552029905267,1.3249126189358305,1.3422961302634964,1.3109318391167737,1.3393546154986173,1.1057821641444592,1.5870496169227983,1.5849783996368823,1.498014710531889,1.198502112769191,1.0966580964101218,1.2084054189108238,1.000018094882699,1.0130801394906768,1.1896761606338344,1.1046225586852285,1.1103937773587866,1.1874644542207449,1.2815098009746566,2.5596169722238833
Apr 1999,1.4242115209069335,1.2240682837717227,1.2584240230430783,1.1343541155815013,1.1236501352313373,1.0784134332619932,1.195929821021577,1.3081304626893924,1.268629306679985,1.3291357431714788,1.2585417319849137,1.0229920843444438,1.077530563993901,1.0905551420189816,1.079404044841486,1.0353779467554016,1.3939175196604598,1.336622645039958,1.3637484845278993,1.124327807149306,1.1245109054096136,1.433889308825369,1.3103691053048991,1.3802415353933335,1.4404121878881182,1.3936288129406484,1.152724378169967,1.145573321558125,1.13818282011973,1.3299301464541933,1.2091369644774894,1.113699202491916,1.0718536133066445,1.2668708798778756,1.078241745380345,1.1908406343803914,1.347929616229176,1.3024425504079558,1.3485506952950848,1.3027578230894312,1.261491867669307,1.4050999705079703,1.4305619815843875,1.2839438226309878,1.2377504749866903,1.2041696797872536,1.3385973915326517,1.3949113657916445,1.1286031865047619,1.161118646854529,1.1023897248898031,1.165226557198938,1.1546444891126515,1.0764970943879337,1.0680190685698152,1.077183774722366,1.1564519599636782,1.3734893208767363,1.5321802470569854,1.4808298655169791,1.4535682345667609,1.4461801898621238,1.2404587698532799,1.293478468220324,1.146185690904292,1.1157702953037216,1.3094708832376407,1.440149960657506,1.4232907977232039,1.422787420144274,1.5301801079885995,1.412789499216466,1.4252441550580965,1.2091520857103535,0.9793600834921071,1.2061364760611264,1.4706685720240364,1.5230360972227595,1.1331562614674897,1.1448578712180817,1.055428994772312,1.165895409209059,1.275767238553912,1.2350358603976135,1.1881155627867122,1.1130516155105181,1.2820511341320882,1.1551179812688983,1.313943966172886,1.1643490619485986,1.1474762964374834,1.2901467174867083,1.3109645552742548,1.3853663263518616,1.3258881092398427,1.3056857327341047,1.5965139753548192,1.556079594511725,1.1509586726467775,1.115548524942533,1.1856123761276107,1.1143363453537947,1.0886000214794382,1.1216044677584995,1.3492060460674675,1.267418618100644,1.4287989350446675,1.1209863973064074,1.1696379049060666,1.2070358134832868,1.2154910149964167,1.4477287176395015,1.5515588323142695,1.1895617982268567,1.1052582377368663,1.3310257426731276,1.2734544030475343,1.346682319366378,1.400157354154964,1.1975222378724606,1.3217206023908943,1.1456790258814884,1.1054298528858229,1.1182543318992728,1.4192793677955817,1.3288367286503973,1.3582660238261455,1.3001579569617896,1.3735428340572962,1.0981066147329892,1.5931367073700609,1.5502159112124938,1.5077152962978284,1.2144970205848609,1.1053756066728628,1.2115863830939069,1.01094151167582,1.0175232132562035,1.1860572395473798,1.1041887449788432,1.1001098369052669,1.1886840485138523,1.2906670996688852,2.757999361829694
May 1999,1.4411830294123351,1.2343554959421303,1.2728231669456023,1.1406304415607136,1.1264081972938513,1.1191208727823019,1.2060653806861392,1.315545772039149,1.290560925151788,1.330317154081688,1.2726207284250797,1.033043864164501,1.0705089618887733,1.0934868691473394,1.078427575741741,1.0769986748400213,1.4357393854555414,1.3595680855587395,1.3810562752829147,1.1252038505301942,1.1122476478571541,1.4406138133634834,1.3346868785419121,1.3995362835717402,1.4666908927217432,1.3837136832310426,1.199549740834688,1.1581445184837862,1.1450866147508085,1.338627054121997,1.1898333882735033,1.120961070141796,1.0781000982401667,1.2695179579291125,1.1147425583106825,1.1833243645903169,1.385327460057669,1.3111686723567175,1.3922466659511132,1.3210867808314242,1.2887931798430443,1.4292893117920156,1.4383657370068137,1.2736966673203638,1.224232778359223,1.197889640109887,1.3343788403924812,1.4288590435924815,1.1437701942272533,1.1855997666156475,1.1159529151808372,1.1647554686077548,1.1698773307556694,1.077326339056615,1.0563174313689552,1.0650522937385785,1.174449835923874,1.4007666050822583,1.5758339606611498,1.5005986111291054,1.4704650244597457,1.4612054337514764,1.2508816015961481,1.315639933461761,1.1465977788103021,1.110685670106105,1.3260083801662519,1.4580287106289103,1.436130935376548,1.4536893721562996,1.5498234769996728,1.4551925274670938,1.4503398293153098,1.1877517035412084,0.9541389664282934,1.2092030751958147,1.4753367963059085,1.5639543535484461,1.170268414494836,1.1373748930904048,1.0691760520579732,1.1729130913345494,1.2513320822251717,1.239245609892564,1.1710164087615424,1.1241705140668983,1.3061374900931422,1.1716033315624037,1.3033899867694367,1.1883498047207908,1.1484623552107642,1.2875433723243273,1.3267207188546701,1.4271915387336598,1.3578260642475608,1.3681529110075112,1.619057793611999,1.5803934029591273,1.1541474225703046,1.1108267284792075,1.20163522861653,1.1252366721598872,1.0822284041151093,1.17989487615692,1.3651401732251633,1.2810995609015536,1.438596337018407,1.0941270523181221,1.2045055641173947,1.2020202581492507,1.2316606252042217,1.5130474714919928,1.5957671556987278,1.2156478535244015,1.102667186777512,1.3376737743881604,1.2937215151534096,1.356459971750333,1.4092062108415455,1.215359890138286,1.3304070421919127,1.1272220444634145,1.1509009058719868,1.1519957024262273,1.4149615221790521,1.3414008755178708,1.3753648663227225,1.2975964016087933,1.3405709713671567,1.1081862264056126,1.6345217118027084,1.5830468087223897,1.507497207992714,1.2133334975236834,1.120791075244159,1.2302606648143297,0.9833819544862102,1.012930503998196,1.209041022569466,1.1226818464177404,1.1170652683833209,1.206812546099382,1.3216742518459181,2.711870573855984
Jun 1999,1.4693181011860097,1.2409057981379248,1.2781835812784208,1.1664254256374151,1.1216496010551584,1.143328058648881,1.2002183296840603,1.3380007590217493,1.324873124357115,1.3538374455738136,1.2968248660547057,1.0131151935053002,1.0727907389392355,1.1003839356899099,1.0713268027627434,1.073559712500057,1.4207217108548977,1.3764174326610594,1.4083635206819525,1.1456766713858009,1.1214134148333859,1.5067603226408917,1.343733794578173,1.4186721370670667,1.4929629134737088,1.4144131363796972,1.1853979360083915,1.179704180969163,1.1715494305514282,1.353717173221526,1.2060773343757831,1.100438803802146,1.0904081919417477,1.2814860728078645,1.1069899118616524,1.1879024168140733,1.4051789992610482,1.3231631025426445,1.4024985952280549,1.3245382650593063,1.3044479658748125,1.457099741655712,1.4676262052085087,1.2967910623807855,1.2333076483218206,1.2209933478685977,1.3652033378412318,1.4462983810083736,1.1481455593344085,1.1866921451822634,1.1130607974780398,1.1823547467479802,1.1866384931884306,1.0846362447928217,1.0830269413266842,1.0656305073435213,1.1840754727086988,1.4141920524287661,1.6311872861752112,1.5957388249365596,1.4935464976137638,1.4821611439551001,1.2694178669388,1.3182091515363625,1.129783213337735,1.1100139606442743,1.3557058766750134,1.4885450100226538,1.4509579626555773,1.4833956103374513,1.6060911465235637,1.4838341853149957,1.455329511740246,1.2228564107258986,0.9886073561628961,1.2317549739050955,1.5133544899771167,1.6010997430554654,1.1619160695116433,1.1056417753251042,1.086119032988263,1.1797461825046074,1.306296916278527,1.25987837654697,1.2208496498653592,1.1198416460032776,1.2733780618495163,1.1761950333145093,1.297076046921943,1.2150094528275863,1.1644693631372849,1.3057955834237474,1.339579099261161,1.4478277265603554,1.3538754865043254,1.3765312203677418,1.6274697363192911,1.646806690561722,1.1528466225649603,1.1108655427654872,1.1891048986322388,1.135694885214855,1.1075516595990071,1.1711341252204541,1.3645390502999282,1.2876946654800117,1.4583299449555363,1.1191037737069582,1.207854447715381,1.21582461065283,1.2601358892902579,1.5028508358894306,1.6041772088808195,1.2145558202990105,1.1035147282127864,1.3510863951517011,1.3022252649233543,1.3720062816851903,1.4298860899061288,1.2499653715931829,1.3728202476634424,1.149043693640346,1.1421270338283493,1.1282949035015604,1.4589275522635814,1.3690643608028485,1.3928042162481638,1.3158714872935162,1.3536795342109582,1.1202728816839942,1.6742003634022395,1.614760097520832,1.5744216310861405,1.2410021480314517,1.1205931626338939,1.2471512079708214,1.0048252602462533,1.0202959346159721,1.1942762850261692,1.1291303616042243,1.1103977786348391,1.216109555183234,1.3397219594310477,3.0629287333144686
Jul 1999,1.4844031647532452,1.236002645141863,1.295973584641709,1.1583999233072213,1.1254335325114657,1.146238542546838,1.213765072540311,1.3284082018711614,1.3130638996246469,1.3760743124279544,1.3040253676217752,1.05347860877222,1.0416647765834939,1.1121806725396486,1.0705251276791528,1.0746511293028271,1.4529129637511258,1.3924151313571043,1.406438026814995,1.1347652887092392,1.1269295536161594,1.5283991504425123,1.35188488496683,1.4287995985867201,1.5118428881104171,1.4444391495423843,1.1909079850706317,1.1662345004595251,1.162763415445245,1.3615873380798738,1.2229753905894245,1.1272927688551273,1.0877423349886604,1.2869925235011872,1.129432291036969,1.168352285142704,1.415068746513152,1.3508860163696428,1.3893074871103075,1.335321463973351,1.3156616096275395,1.475606864257261,1.488246498512029,1.3364139293093602,1.271384020194518,1.2301156709710022,1.3841626400892955,1.4479788124779238,1.173051597709856,1.1784186509933474,1.1286847639925688,1.1946747588261892,1.1811653388833931,1.1033951208393955,1.077356167999938,1.0536011015243754,1.2032622534963715,1.4356871841748307,1.6036892318776164,1.619932833082377,1.493785968179523,1.530055473984831,1.2870423129785602,1.3412485889440469,1.150362061254633,1.1321490292516845,1.3589162273219089,1.5068679427872829,1.488486706324554,1.5016836880825686,1.6259930989947025,1.4860693781413976,1.4781015419741448,1.24391933977227,0.9502641289345658,1.242207068124844,1.5366489882359826,1.6024203891997555,1.1390761844999808,1.1302446167431368,1.0772983578795197,1.1846969200356279,1.253563715899972,1.2576282863829094,1.2077210989502756,1.1647753091862396,1.3425681952036752,1.179890526044468,1.33105811793619,1.2000212068460268,1.1709501652199392,1.2964683791795129,1.3537388974419364,1.4524661225456894,1.3786974055832903,1.3424007150725414,1.6768770752486855,1.6014188840432588,1.1487744567493827,1.1118759457780898,1.2161800024422664,1.119848913629738,1.1150326408313764,1.1295326947786908,1.3883918414722216,1.2932114162328914,1.491159671917589,1.1379555968833053,1.195881944742214,1.2190670982729477,1.2615848236447418,1.5381048737273104,1.6202781293758246,1.2419851231736037,1.1480968253394128,1.36442640507247,1.3158765848422393,1.3813998216209247,1.4601565686530855,1.2144521243767328,1.399007975196275,1.1458813479581627,1.1388720758949469,1.1368814628632438,1.503115742984352,1.394009124706062,1.4113468089718046,1.3401356836225409,1.392814464378653,1.1232647032538163,1.720964282026586,1.7042106760845195,1.609980181688309,1.2632184193277027,1.1498440645690948,1.234160689218784,1.0204513862491484,1.016610197044547,1.2293938583796467,1.0987588401187112,1.1270985520062478,1.2017345780609083,1.3497495618812694,3.0927243507733997
Aug 1999,1.505615328459011,1.2623818473146526,1.3263149002540418,1.171174871480307,1.1324985661535028,1.1497133904709564,1.2229209098009157,1.3650437160242337,1.3510026764429077,1.3924403289142766,1.3360200759317762,1.0395370632962024,1.0901160083537014,1.1333660081343042,1.0880180353420128,1.0677584448239668,1.47971996068766,1.4115963174266029,1.4436291743865919,1.1380374415320191,1.1289146213038221,1.5620223445842882,1.3823838452646529,1.453586112448534,1.532342719458334,1.4940251025040154,1.2265227672462993,1.1657827593182644,1.1683347307044232,1.369792812191326,1.243010518576385,1.1443871859131063,1.0963163482223581,1.3144798574532557,1.121470471309861,1.1925853869537268,1.438889769810192,1.3549849971940888,1.4372506662119042,1.3680045177035278,1.3355217003580875,1.4980722794847028,1.5141576893633706,1.3379555575326796,1.2503226024374754,1.2469655727337012,1.390873491395076,1.4775820039575995,1.1903557932076914,1.2111265791450574,1.1171169647047163,1.174495432594378,1.211409536919036,1.1052715211017836,1.0780118586624776,1.0810443314155775,1.1991117115717247,1.4763165319243874,1.6403839917702985,1.6032937421790836,1.5091263274151836,1.5689858424067435,1.299116652370678,1.3472403010600955,1.165880776152118,1.1258609350369944,1.3826989456781944,1.532405844153271,1.5113167827305567,1.5423731983992797,1.6529035748750387,1.5232281220748367,1.496770504472954,1.271726549447897,0.9756124985402637,1.2809433993802555,1.5742270298223795,1.6304108543999827,1.1701845749494586,1.1576599018470886,1.0897319356668262,1.2153221058289112,1.2614938141339924,1.2722601328646685,1.2230425202332367,1.1645418232885056,1.3517909040933582,1.1902217975014107,1.3352311840150346,1.219758711981095,1.1921802020023,1.323722224520785,1.3932619481392845,1.4872129275277535,1.395793418064833,1.3796999883498107,1.7285080295227895,1.6590936444778863,1.1638856483600195,1.1139175252229845,1.2101998047427591,1.1317655265689726,1.1099263819458731,1.1600708257467098,1.3999645130869072,1.302058567696133,1.5137871584744993,1.119777734423786,1.216039084107019,1.2343715853067687,1.2822031027962437,1.5537165435787366,1.6953170601801102,1.245139754118771,1.144071423186261,1.3810787567581342,1.3381056656553,1.4281539208795782,1.4996806842009318,1.2180052966273,1.4000855344342158,1.1715452800430821,1.1588543185901983,1.1648268062151756,1.53325151732018,1.391707278396398,1.450058773949878,1.3604536960254356,1.3801115768785586,1.1174566051878623,1.7664677144733807,1.7256178039949048,1.6435441652839504,1.2596729328919964,1.1464503941052322,1.2302827772043783,1.020051517878312,1.0360058068482003,1.2337543300099227,1.1467592264869806,1.1414242295871038,1.2369599662708775,1.4000129490833069,2.7634991274625555
Sep 1999,1.5418450093573446,1.2602391852467243,1.335372711885825,1.17154293455832,1.132785423598106,1.1558329865674466,1.2276993602996598,1.3600880855382826,1.3596422782636854,1.4168287865588172,1.3489810615779987,1.035131688192875,1.0410666616112423,1.1224665266951817,1.0999649770730442,1.0905714864876508,1.4978518094959046,1.4420523399192096,1.4664386835059573,1.1512589183245052,1.1377132579411204,1.570433488771456,1.3994388347421305,1.4828804903206914,1.5658431648191224,1.5025262751251307,1.2187591800625046,1.19929712011531,1.1669126865659214,1.393475695354391,1.2533170222609888,1.1618224206601855,1.0818785986437944,1.302519341721677,1.1161790421788955,1.212062813331165,1.473825119826856,1.3721727219799025,1.4474560828946939,1.3928054077447412,1.3469366873304485,1.533712860053706,1.5312763203529296,1.3482380249362893,1.264556247942904,1.2492534284607504,1.41342763711972,1.508352693110654,1.1829871395950189,1.2146850891297563,1.1370125519631444,1.2046900077032223,1.2155629641314032,1.1060766792520165,1.0858822015285052,1.0770642912586856,1.2122720389176374,1.4918930653656335,1.6729920855763274,1.6492494799839015,1.551817659754739,1.5816358120931464,1.3040537100428726,1.3786398656679353,1.1731523728677995,1.1200359250568293,1.4086569413710717,1.5681467251907735,1.5400626629701644,1.5545034239734195,1.745244670843549,1.5427502441941041,1.5402253561304413,1.261006353784716,0.9658653875017813,1.2676115184115395,1.5991175701232705,1.6799873872117403,1.1843212016671483,1.162361628234316,1.1009209736351686,1.1776229656838828,1.3538963009458624,1.2764444657956262,1.2073112382164521,1.1608881319648003,1.3128065903347013,1.2042953042221562,1.3868941375098545,1.2309227534890539,1.1932272528635541,1.3384550139809321,1.4102715567195943,1.5068185532243192,1.4202299051910456,1.401297164652245,1.7390464393449219,1.702584929779029,1.1758416274699932,1.1391866145244642,1.239064260387095,1.1424481676060665,1.106458407994959,1.1976431574468849,1.4217728297605832,1.3299116117195724,1.546247244091592,1.1274329615265224,1.2328590608146353,1.2689726234491652,1.2832895153347892,1.5675080283231047,1.7133231878817974,1.243275591679711,1.1362626675119332,1.3929434110426535,1.3811657202772314,1.4274139473441245,1.521098500098465,1.293084614464825,1.3997924073605328,1.174000570064156,1.1596421013569638,1.1611640064034612,1.5582272482054311,1.4453139229299226,1.4641602575232882,1.4011751956846012,1.3881882001842871,1.114319731019682,1.7828495274223226,1.8004243235321624,1.6714639440543666,1.2830588327877297,1.158940297174043,1.2924578065472812,1.013204476879033,1.0406005625201338,1.265823567997869,1.1248894477710785,1.1430512032574625,1.2424527507389613,1.419449190415283,2.981951037487441
Oct 1999,1.5677227060129162,1.2900597303173835,1.3375844642080568,1.1900846826979103,1.131885767817724,1.175743681300784,1.2462819363613558,1.3880115577382957,1.3447790732419445,1.4504379930261457,1.368281572728378,1.0538383986307824,1.085264606751688,1.1307508443317162,1.0992407325108378,1.0800736024412474,1.5355286717781773,1.4734605781569534,1.4945288399294703,1.1506772333448618,1.1581619216809476,1.6432881758440268,1.4341629579936974,1.5092137856901522,1.5897631525118687,1.5160667977747866,1.220980671756675,1.1906942082997818,1.1768810882899245,1.4176450646161398,1.2795899398127746,1.155269364170155,1.09110993701568,1.3152587656316095,1.134862237219798,1.2162315999773665,1.4889663188082518,1.3980175293010353,1.4762670094517065,1.4158433458715314,1.3707716097909008,1.5304788443120763,1.5779852718910743,1.3786194107847554,1.2951070548617956,1.25158534670787,1.4247634852679554,1.513637814024284,1.1923981893580602,1.2137834723505079,1.1293573649797888,1.1984667869182162,1.2242564006575316,1.1190905680639822,1.1004438770654368,1.0820537975212654,1.207200036915037,1.533818530542431,1.6686732969087732,1.6815489068454679,1.5991585075242025,1.6119999467068733,1.3416016449575108,1.391731595653742,1.16220255394775,1.1584585926664568,1.4224010948505856,1.5895160632818772,1.565408245571337,1.5915842452404867,1.7416794011224694,1.5838742769621252,1.5485884737905353,1.2883172904363998,0.9801273017853943,1.3163515374035621,1.6458644060597871,1.7129540686328706,1.1748746855931251,1.179204698211172,1.1057425490178951,1.189097654604937,1.3152820331981465,1.2908292681645692,1.2196773795301128,1.1775581491141915,1.3642261595624123,1.2091264714251893,1.3891776122629218,1.2371432437421417,1.2060620409595721,1.366205758088577,1.4191041063773135,1.5324321962131162,1.4348129981882094,1.4244860264003012,1.7601831840652735,1.7615201638002842,1.1713381650455308,1.1393382952415896,1.2495866066748187,1.1423965600547639,1.094599982394916,1.1737682674766001,1.4486965305509916,1.3239078841577516,1.5741586927856204,1.1374299388921658,1.254649941514058,1.2741760853488902,1.2958414608518816,1.5801535643221678,1.783020382660635,1.2561216223384875,1.1542836569646695,1.4322972628876367,1.3810341571154254,1.445817907231683,1.550453932723361,1.2843025983354064,1.4162517220644562,1.1912614713362644,1.1704665994014076,1.1781123246093679,1.6247584588506816,1.4452732463468747,1.4929523508330151,1.4044112264608193,1.4180168943311438,1.1154543141626487,1.8608625341057248,1.8035501202873376,1.6790760384370376,1.2882223401970039,1.1676065421504673,1.2693147119849186,1.0267440079678691,1.0289602930711375,1.257835857472279,1.152841005526267,1.1810117834948985,1.2569723413903033,1.4597965493397387,3.1474401079442758
Nov 1999,1.5905794845785024,1.3032389140091978,1.3589774508543233,1.2169413421475497,1.146005038044785,1.173384993238887,1.2545857543814147,1.4031556198564108,1.3698850177735735,1.4698409703607342,1.389060026528175,1.0503624641673708,1.0763665457862646,1.134648709940819,1.1056438199110719,1.0956918178934048,1.5479842422794967,1.4881372878605965,1.5096776185307492,1.141621775088515,1.1483569823379847,1.6698769343536348,1.45627978729868,1.5256583301503714,1.6161575234130312,1.5647630124777983,1.2275333848041785,1.2077438217202094,1.1737707791535643,1.4341211481487381,1.2973933170272958,1.136369759883572,1.1175681651498965,1.3505866724112756,1.1523356816741153,1.2265646878088816,1.4926436375344907,1.4019551370785035,1.5124349866270261,1.4187305130705365,1.382729921164987,1.5906877488166484,1.5940958378185852,1.4202608883874914,1.3199574228283626,1.2795493224551455,1.4641185261284713,1.5565432623619837,1.2172529154578724,1.2173927969747318,1.14530891199019,1.2321759932042122,1.22314396933327,1.1274870956662335,1.1002910860473798,1.0890177367414506,1.2266355952034231,1.5465559698389537,1.7021819187361398,1.685899820747596,1.6348874739426853,1.6359432001980998,1.3696019064100604,1.4103511481715119,1.1706343187675932,1.1536678652242345,1.456229807209654,1.634374228634469,1.5969678847690598,1.6291209487567422,1.763200687020814,1.6193975681784831,1.5732740799027993,1.2981359430622528,0.9883452335423749,1.3297184040784273,1.6785239875743376,1.7674857655537444,1.186492121239279,1.171959309994053,1.097389305199491,1.2082239227262357,1.274272459238621,1.3087168119583423,1.2050302882114954,1.162218977703308,1.376376481862071,1.221172140472179,1.4059794005875028,1.2404264740383462,1.208493352335504,1.3726595095840148,1.4509576696248907,1.5583681313715805,1.4631708686956868,1.4447758690838686,1.7856907846663916,1.7906631937356716,1.1964003724295345,1.1348606571415303,1.2437226586292263,1.160849484822424,1.1613128068528888,1.1976170825302,1.4649877884357771,1.361661161797115,1.5890227466728064,1.1462622289378133,1.2820260987745422,1.2874785110431892,1.3458285062631754,1.6364488313076828,1.8102179288166056,1.2857873860123263,1.181636778356947,1.460632324343123,1.424364891565609,1.489986273081001,1.568436855732618,1.32034060495869,1.4445141691534809,1.1764424607554747,1.1758396009630994,1.1624643126306597,1.6274509661910377,1.4828726043163765,1.513538832850523,1.4225986158858774,1.4224145301010171,1.1251141049522377,1.903466907085773,1.8526798252963108,1.7475883633656515,1.2986627122187424,1.1811840304503738,1.2891086974515997,1.0259544473967457,1.0328638292334988,1.2940143496859748,1.1467275532703265,1.1716284136276855,1.25564322063978,1.50293081120021,3.0928034781479186
Dec 1999,1.6187420036325766,1.3174289518612123,1.3888685627139048,1.2140085710917954,1.1635288232505736,1.171442022197025,1.2706452294911765,1.4192857144668496,1.4210898537601473,1.4882212561409078,1.4228695928229185,1.0512024181983717,1.0579115954348568,1.1581067207630165,1.1253822609892836,1.1161010783537835,1.5971444207176577,1.5237638949523482,1.5431505526747689,1.1769351876370915,1.1472746706402412,1.7125417548177155,1.464046082875182,1.5626954168527702,1.6548336827626204,1.5827245552848805,1.239885808552434,1.196102269543077,1.1943448447962113,1.474814827656686,1.307109941518078,1.1570157736401745,1.1292487314380881,1.3503808529736723,1.1924607155923674,1.2258574787638499,1.5332452138923116,1.4287785468799161,1.541755050934774,1.4596341635093353,1.4075259738540156,1.6315841535738795,1.6499752565834738,1.4231974088051975,1.299326385887483,1.3015894560154055,1.474524956776014,1.589758510515068,1.2146324987345403,1.228255132950366,1.1526555903363993,1.2256502414435175,1.257337911528013,1.1240850513646197,1.107977494535326,1.0846463553351213,1.2385376771506524,1.5875100708508765,1.721113528963434,1.7724091682894623,1.6377581296581825,1.6777892907362302,1.376216997756005,1.4229648104275174,1.1871190641583058,1.1488851952572685,1.4609592502751265,1.6534858660661698,1.630266434327252,1.6628946435716512,1.8307373710960662,1.6544089455288358,1.611063165257941,1.2951968062063206,0.9782566039492071,1.3421314262859352,1.7069276962548008,1.7850141451993577,1.1987299197044243,1.1657390977297561,1.1076869101760862,1.2167889727255636,1.2696775616781033,1.3181230555505412,1.2216654372444962,1.180111327428142,1.362281911005702,1.2346697945197767,1.4459420001603496,1.2901779022257815,1.2342723601190895,1.4128746860077392,1.4986425417408826,1.5898573953128687,1.4873724177654557,1.4992807808572275,1.8455317130385027,1.8418042853880214,1.1879483796255303,1.1383748823021682,1.2721891075450564,1.1792372908763877,1.143377696595765,1.227203835368907,1.496634701518729,1.3810841614567857,1.6225229780125472,1.1600132170076711,1.275597213363249,1.3029776044929313,1.3471328370523812,1.6712833829477316,1.8250826610894753,1.2766904266197643,1.1636390953529405,1.4754543921546355,1.4380747294599365,1.4965656654392034,1.6138973512594381,1.3399567496560723,1.4632391384863936,1.2196113476432546,1.165066793897625,1.1656268140594908,1.6573465339611018,1.4884640756444143,1.5296999188545888,1.4598555595771556,1.4682436410959796,1.1603738253608655,1.9487961086687242,1.8753731099761255,1.7400326317578505,1.3064676495173222,1.1722971598704708,1.3186887629393886,1.0525062050821765,1.0362867882291016,1.2782544054110638,1.147278072837228,1.1920226420722142,1.3040049666606475,1.5234126507270425,2.9427879852591587
Jan 2000,1.632123088379251,1.3087231363000535,1.3939526701300327,1.1840559327752924,1.1068084829321125,1.2083312921300458,1.2917495310741869,1.427404863538721,1.4265208883099831,1.5019454534551244,1.4257117056305464,1.0589547121875844,1.0574478957637354,1.132860046320483,1.1094593384441545,1.1127054703181127,1.5876083608978997,1.5243064172239618,1.562713951047232,1.1682066180447825,1.160013198962846,1.7390405207126554,1.4835087033163827,1.5642546298896909,1.6737481649838912,1.5606349021374444,1.2330515339792205,1.204485028391336,1.2012740492144447,1.483235451192597,1.3296796256698502,1.144745352354784,1.1401294961529713,1.3812227976284186,1.1374208658008862,1.3014601386434563,1.5578390213697655,1.448808171579724,1.5403304485001401,1.4578080445938633,1.4344747096651056,1.6658555475543397,1.6222223746791258,1.457275226851179,1.2789883893276344,1.2565279789167985,1.5000721781945339,1.574532455869373,1.2127572272638487,1.2319989580617732,1.1506692933994407,1.229750533480526,1.2628058757937475,1.1289315762535168,1.0938514250153422,1.0820491961201066,1.2286486801658927,1.5859716455950255,1.7539731289899694,1.7425671388581125,1.6589963041485765,1.691021687207489,1.3833643605884693,1.4306589691770244,1.1822595516853727,1.1861943249482199,1.4737616911878808,1.6712009891689505,1.6349654834115501,1.6743169990853624,1.81582419680704,1.6468326890046854,1.6114281516061917,1.3155541011771816,0.977510160481965,1.361612417137604,1.7284823902258115,1.781756906797036,1.2180846474317792,1.1727048639333681,1.0997936577596206,1.2188682572302243,1.3284359360427949,1.3210329216926502,1.2585740954976619,1.1699750332615444,1.4206557795802304,1.2276305554083207,1.4611638871503263,1.2547663025405036,1.2090947982787075,1.415221927811353,1.487004198710929,1.5844246324671407,1.511438000023352,1.4621656605225075,1.830306500130658,1.841416589831717,1.1863053248407094,1.1313283926700364,1.2752419672118458,1.1644290335895187,1.106310408149725,1.2245893556232652,1.504591793199483,1.3631359325810255,1.6429634468138428,1.1644324004301647,1.2377291322478776,1.3094727314602057,1.3653970840860632,1.619125957580367,1.8290551945635989,1.2930083079586152,1.181086222942386,1.4814671394107783,1.4179149338114874,1.5154788399819714,1.6375861523923323,1.3557512756381425,1.5088875657361587,1.2063257624364996,1.2010726979807413,1.1900763378628108,1.7106433047317469,1.5003520644440131,1.5446563087985985,1.4767019248656297,1.4989854323810068,1.1422354689110923,1.95289137642437,1.9348174462901702,1.7766919162060284,1.3416935884250645,1.173369781761818,1.3310996217049633,1.0213939209918468,1.051566883557744,1.3263395447406072,1.1307490506712656,1.1867409705469052,1.3065946840016494,1.5432514029340711,3.314722431529838
Feb 2000,1.6593284530656656,1.3265299815610296,1.400393991433495,1.2158254213744146,1.1891985835356096,1.2124340471239723,1.2913572089186836,1.427186785842385,1.4136990552893025,1.515877908100342,1.4434647271501315,1.0573145818621137,1.1227592227656513,1.1335332151646722,1.1129168516317252,1.1109329267124375,1.6091089794317928,1.5518152412707806,1.5850553431546641,1.1493107843646455,1.1771275115276252,1.7813586411932216,1.5056295271947375,1.5832554797175096,1.6970222483694892,1.5776725762466315,1.2277630069515821,1.2116518485527377,1.1789534482279636,1.483432393198018,1.3159677536932475,1.170769595483079,1.1199523292933216,1.3945477772783041,1.1916675605168139,1.2181767513233055,1.5577021029135556,1.444250271723097,1.5425456447841157,1.4780294323377656,1.4467345242656264,1.7023653987186584,1.6733722541214515,1.4898051263758603,1.3305804434214272,1.3088857596859855,1.4983476323303468,1.6201033804587441,1.236849976367836,1.2543830243693532,1.1510632462494903,1.2070745540358934,1.255812054851908,1.1135240581231673,1.097827359297671,1.0848274601624572,1.2473901120688409,1.606998674229745,1.750171365287872,1.8232260745895559,1.7163103606017636,1.7209974851249852,1.3980049709666447,1.4125694177808252,1.1945428775128941,1.1545425864168366,1.4965669004452344,1.6949371502633521,1.6585176160259367,1.7011778750088657,1.943976326678487,1.6714487394852513,1.649180743731143,1.3394780156228252,0.9895820773943458,1.3763808940342865,1.7361288203092446,1.824019341333731,1.2086660539151326,1.1834936825403268,1.128251981819311,1.25805306663261,1.3478042026059491,1.3512100972461112,1.2433678524703173,1.1860301010968282,1.4017668852130116,1.2408548428262516,1.488084767375265,1.2736843728794132,1.2407574700850204,1.4248455713309272,1.4845086445610938,1.6229437569543954,1.5048922369975621,1.5062695925364562,1.8699558954002944,1.8919359586348559,1.1930935266030023,1.143122846105482,1.2788636693104691,1.173489386644906,1.1540386261221272,1.2241762480234901,1.521161111765213,1.3842250454652776,1.6616029912451133,1.1797522842140624,1.2678955758444903,1.3380315512427876,1.3932825986978508,1.6836558423853083,1.837692630807608,1.2961787160718923,1.1985417587629048,1.5003606102584115,1.4592989966389973,1.538178798034803,1.6195189063205502,1.3467084112809207,1.4961386311705815,1.1889187482375498,1.1559883743982562,1.1688761063890747,1.7137888660486917,1.5107165628501156,1.5597094539143794,1.5161450269631502,1.5309943529242247,1.148297997083574,1.9241441341216121,1.9422764221527273,1.7635112491052876,1.330952233092165,1.1982634440210165,1.345081013044261,1.0095091283586841,1.049634284073071,1.310926776870723,1.1141707516586654,1.191680196091148,1.334046349194102,1.5538200039806875,3.0867867816273376
Mar 2000,1.6864138516541736,1.3344246188164208,1.422028081375707,1.2053223640627087,1.1760638754331796,1.2060440679878082,1.2981437442322163,1.45517901878458,1.4337714582148453,1.548381996847666,1.4587854825500908,1.0648941052213308,1.1088315198690395,1.1433686255577535,1.1210961251462694,1.1275331511645803,1.629147384311478,1.5465438814155277,1.6163562758906558,1.1978458772216838,1.1696165155435236,1.7993009665915032,1.5287652952898467,1.62342747362427,1.7411280371365425,1.6280791885444623,1.2407652791648742,1.2132257881370285,1.198912816850208,1.5199867639939568,1.34816820852965,1.1707872866287845,1.1394206579962745,1.3714642330702518,1.1812283175288616,1.258004070885848,1.5851775690850292,1.4846726220953899,1.5965273497998242,1.4931450298015543,1.466821874310395,1.6833982226430608,1.6999250987786512,1.4732130291937673,1.3385463935753859,1.3255648500992365,1.5385318699246822,1.6323975178518653,1.2473490229814868,1.2570190448159453,1.1671483024006166,1.2422010826877794,1.2797450471563745,1.1419713543114511,1.1127701995139405,1.0959364149903037,1.2776804280888696,1.6534587636868185,1.8006421750101826,1.8759761752767266,1.7354809408978404,1.7311695907632993,1.4325779521935926,1.4789534071267116,1.1680086674764287,1.1599790019210865,1.5300414139943885,1.7159402546669267,1.6926771750519116,1.7247554266250225,1.954285731564495,1.7095692425064821,1.6730240349240064,1.3491241169491568,0.9809722032710841,1.3885140452471478,1.7792929302587814,1.8445450103253334,1.2249508371592825,1.2087293818670097,1.1585476708369944,1.2588294394942463,1.3493981061316882,1.364199829918151,1.2771543398329437,1.1858573217920805,1.3643206526263463,1.2590612037479774,1.5032412275905442,1.3310809083472628,1.2522877091628244,1.4584640802148054,1.543700117164582,1.6566533587671437,1.5767233973565118,1.5187181684496605,1.9000431517694782,1.9214087103826447,1.2058299168002,1.1498602466294903,1.303092776615797,1.1755399904985666,1.1451372482416755,1.2167407605899982,1.5419232396644513,1.4176763385094355,1.6905770336896764,1.1771248548623208,1.2827525895889218,1.3527584634374714,1.4122523601594588,1.6663414729354946,1.8606731483392482,1.3237147484836205,1.2142235598654876,1.5376360993030378,1.479132497246351,1.5357479327051784,1.671104476239933,1.412375754109875,1.5371761720238601,1.2302613459729645,1.1859940981870858,1.2023241217690916,1.7586181247683692,1.54629089095114,1.5938372052462668,1.5492083419359222,1.5196348842139906,1.1443809780515326,2.0364836908980686,1.9996751247864735,1.8249371051910535,1.3719980648848824,1.2169860829919612,1.35886644139754,1.0608095607696362,1.0618542644696924,1.3077089841814724,1.1610383586352353,1.2144333794606756,1.3482919677695187,1.5888621991429297,3.627468557910295
Apr 2000,1.7109156928017084,1.3617504378659313,1.435326104537975,1.2462354925695007,1.1677745352309505,1.2033551638262423,1.2963132312721228,1.4779391511720983,1.4698348908887273,1.5757994360736856,1.475825828974026,1.069921031688121,1.0974151033526682,1.1655406279130078,1.1351485678884183,1.1291663436945674,1.6962214608811466,1.6046798858284888,1.6416351200659263,1.193519094661431,1.175589120394118,1.8468867302286824,1.5650244987350221,1.642741063273041,1.7798373407385943,1.6637961706849793,1.2498429228298689,1.2334256109443857,1.2129933448292118,1.5548145420686543,1.3466864635867521,1.1725765609405752,1.1482133728618067,1.4000799737569987,1.1973500924729656,1.2742334752624631,1.603242615414224,1.5375028159217523,1.5841739617271584,1.5343694415218938,1.4921969496567529,1.717899729420517,1.72721144206499,1.505836427599427,1.3635636142529506,1.3523778994338862,1.5727841316314506,1.6922388182216286,1.2485303547688846,1.286274141832421,1.1649793635608119,1.2276622656234906,1.2822023416301263,1.1464564911250847,1.1341245149333943,1.0985790991784374,1.2783834640826757,1.6748729136833151,1.8499241348753253,1.8382730252044126,1.7641523633338463,1.78426342603957,1.4497500275868542,1.4775848564445149,1.2157792253811404,1.1856122074831066,1.5505662452064837,1.7548849751732831,1.72991101895201,1.7781992300980078,1.9596374982284994,1.746643165310288,1.701609929207273,1.381413130219974,1.018892320167884,1.4250655140558393,1.836861695720321,1.9265865324074969,1.2372726142327832,1.1930798457704437,1.1578283457030496,1.242298797644522,1.3717791706684455,1.3571885420814789,1.2639075535597595,1.1960535301386952,1.3899067191568941,1.2630111006555895,1.5229801451486484,1.303550291583775,1.2623383466147526,1.4857247309603507,1.5466593852539772,1.6764443890059686,1.5652510087594806,1.5651941437317376,1.9784410674009527,1.908598336315829,1.213921580439844,1.1410579240807526,1.3167058535010734,1.1765019724291643,1.1443767435347059,1.2151122488520394,1.577041829188769,1.412335417489644,1.7087209648385167,1.187090690013109,1.2995444118272355,1.3639003625388357,1.4392465915471648,1.7329256723724584,1.9408597960446905,1.3466977040982904,1.2509329235197857,1.5722668066245844,1.4990669245380204,1.6146600388063619,1.7113661031086074,1.4234709012277278,1.5563872861798875,1.2348041938715169,1.2316048543513332,1.2033484205229108,1.7738980220743614,1.5882701352658304,1.619175136489685,1.5754087465090874,1.5476005638466077,1.1239063007753234,2.0841464113295265,2.071890640527188,1.8752648360330246,1.3740871860952488,1.2194302188255814,1.4059902397308492,1.0389823705492924,1.0578025569454894,1.3332987750227836,1.181164745985125,1.1912304576181985,1.3558973686862774,1.640944887544186,3.4654759313151913
May 2000,1.7467716389915415,1.365931895085901,1.4571267713459493,1.2636728972400681,1.2039378861206316,1.2427705979635546,1.297354489832322,1.4835750150607587,1.4803418144342932,1.6089653072967705,1.5117204473326546,1.1113003603944616,1.1120488924171144,1.1616018502447567,1.125023551682984,1.147904621625026,1.6920905529483232,1.5970560163034098,1.6682189138261752,1.2079176012382737,1.174980764868143,1.8805376270961662,1.5890019663824568,1.6834289457280356,1.803258415664246,1.6976575978894601,1.2589008247901732,1.2345401871489072,1.216133541898985,1.5793738718638661,1.3296053673186288,1.1763573040410713,1.1519713785670675,1.4045079182301463,1.2439136090032061,1.3023583981174092,1.6378345239388363,1.5428894274660891,1.6294250207696994,1.556822585651048,1.5257097310884706,1.7696482161790592,1.7666227447036729,1.5200227984513415,1.378925751791449,1.3591001986281621,1.5735084811259614,1.6937989731495147,1.2473443020929071,1.2958786799324853,1.1635343494607997,1.216260425893437,1.296660682724536,1.1358656481578622,1.1399299571331245,1.1301436334681263,1.2918166799781317,1.742630394543899,1.9016833182513873,1.8862021974204726,1.8076399947724102,1.798471949518782,1.4839053453046462,1.513847120784603,1.1757479214890956,1.1826380824618299,1.569666294600896,1.7658703849029682,1.7505085363260349,1.8016331356091648,2.0078004756112455,1.7567096665995465,1.7298421500757677,1.4178161845074835,1.0064299058572348,1.4385443724715694,1.8585946155942679,1.9366651239131194,1.2398363795049474,1.2252004278840467,1.1635050170738466,1.2432886712998845,1.3986588898224854,1.3797041458557489,1.282240294287752,1.216655022958452,1.3467516109234272,1.2784389275972894,1.5582626173795404,1.3187817095424192,1.2789154279703878,1.4972014327284886,1.5844848273321788,1.6938634707685623,1.5855511878846507,1.567758074864311,1.9759885658606475,1.9758881966023312,1.2298042790946275,1.16570590657157,1.3303586644209369,1.2082215841448827,1.1872823009295366,1.217760666883378,1.594512827246709,1.445888655264108,1.7483118253580445,1.192896643807888,1.3333967062312306,1.3693906398994378,1.4697976997258373,1.7794664685648791,1.970471489492646,1.3389654765222845,1.2845746312646138,1.5987341578886036,1.5262734293850342,1.6150148638525705,1.7126922421066157,1.466031789564594,1.5941153524227338,1.2496679668068384,1.2160291122576659,1.2126871427128065,1.790301012503093,1.5933251811997062,1.6573270318573743,1.5955847581701394,1.5925855286484853,1.1314822642585423,2.0889732923756483,2.074397430066014,1.8942231636196,1.3864852520936672,1.2300934099064116,1.4285804237531383,1.0600118869816693,1.0577111845931142,1.343890233291905,1.1621638786441937,1.2370445135604802,1.386685669695471,1.6491490849125128,3.5694287477084203
Jun 2000,1.7680866063565595,1.3958791382996434,1.4914591816726974,1.2599676925060097,1.2027009834251112,1.2680223856475425,1.329108736097322,1.5079266391790218,1.522759275031096,1.630668194727349,1.516006192339441,1.1013493477113232,1.1269864479439222,1.1894635217660177,1.1491942904979793,1.137948282122683,1.7315217262264702,1.645773070244052,1.6937194057151834,1.1955001607410576,1.195407211256942,1.9057862614195185,1.6244714249131054,1.7186366661020267,1.8283724093798845,1.7158645511176331,1.2726842466533623,1.2322884354897368,1.207362452672548,1.586518268936083,1.3849574480046556,1.2034294258670344,1.1600558687348577,1.4267883738085896,1.2342469013659516,1.282614637612085,1.6552913766486026,1.5878151995349103,1.6582317848630945,1.58723027068458,1.5399375794893806,1.8110504445814444,1.7996027851300018,1.5480849382084556,1.395699645719497,1.3606690224744102,1.6299948684557972,1.71901160878302,1.234206884727683,1.304472623013081,1.191050914348895,1.249323202579035,1.312358001663497,1.1594427049239722,1.1387354945029255,1.1170097225922728,1.310063845633851,1.7335880630361238,1.9331790566605063,1.999746075842701,1.8373820503177865,1.847796793524066,1.5015031832386663,1.5248850164973604,1.2315175540026568,1.200098830115565,1.5941319385515247,1.8136762150862165,1.7900863253029367,1.844310679421872,2.063494656095072,1.7985351455264709,1.7691377620290674,1.4106215267443614,0.98848686848327,1.4548140560797356,1.9005087988471798,1.9925391247923265,1.2437105803457689,1.218799819741324,1.1838266642568567,1.2849401402307872,1.432491578656266,1.4034785011919102,1.3148755853929124,1.2440059535990988,1.4870347036124236,1.298118876372316,1.586218861870616,1.3344548499899804,1.297814913516133,1.5536660536049767,1.620960401795496,1.7285711598652471,1.6050978587380054,1.6136409571577215,2.010574767385817,1.9261921022707982,1.2322268357593553,1.165400266822041,1.3492978210014361,1.2021608545781641,1.1957168428597713,1.270503962238792,1.624427545683309,1.4673494342031712,1.777558006176488,1.2030981643489302,1.3288998001171173,1.4042051447453818,1.498793226446627,1.7976172978719596,1.9399652495796744,1.3827917773386977,1.2810769824574175,1.6211449484317986,1.5556050772593786,1.6563212546849297,1.766928597688679,1.4744694147286297,1.637205870384388,1.2640985596988663,1.2410651900361487,1.2281653246655002,1.8503104679518294,1.6244101091650767,1.67715699199722,1.64755772278205,1.6202199293165858,1.153904928800001,2.155839218974497,2.1298844894065034,1.9278628858113465,1.4049846052438375,1.249242898947582,1.4274286755939871,1.0220657208901054,1.057051225481992,1.3898297900687744,1.1979158760354889,1.3025184698753056,1.4225283770332728,1.6846908576702797,3.1243873914594427
Jul 2000,1.7906629961048337,1.3890850140578073,1.4921638311359764,1.2708294449789455,1.236636676413687,1.2296078911039188,1.3343555868764836,1.5224784690472375,1.5105985553403525,1.6382290087523188,1.5414170289734226,1.0998248569577302,1.1295212407947854,1.1848207288845667,1.14438138588913,1.1444967848885421,1.7349428800486517,1.6556373770385169,1.7102390512891277,1.224025377546222,1.2073589719671298,1.9814857038510796,1.6411359481103318,1.7347530748142919,1.8395735547176095,1.731404314281512,1.2961847271396776,1.2561720110494918,1.228688605892402,1.6168078652508584,1.3956625924180008,1.2138277138365146,1.1594321935181948,1.4253144063019894,1.23238129813056,1.3224384877409878,1.7026730131288195,1.5810162021524061,1.678948609480603,1.608709109066603,1.5501264479506762,1.8063913627915449,1.7983275627253132,1.5605064838019331,1.4079737201171316,1.386372239336289,1.6310803074110036,1.7589395038306455,1.3052281065755704,1.311265506575363,1.1792626867970613,1.2661392204516497,1.3401256470425948,1.1606465446679253,1.134325998906823,1.1194882735370626,1.3049626604589695,1.77911974162047,1.9509428328143543,2.0303944882776332,1.8473798623656432,1.845390760161874,1.5117399039873602,1.5665578614125697,1.1909233304196378,1.1887288670106677,1.6165066786339983,1.8141421394185593,1.814479327392237,1.8490020880329803,2.001273794276672,1.818894861405465,1.7729457478099184,1.4027593489972647,1.0022048416115776,1.4875820117269656,1.9026057035197748,1.9757588039730183,1.233327652601173,1.2255409298542757,1.176464949469136,1.2805585936011992,1.375507243748737,1.4229355134127875,1.3328814392160255,1.2183211288873903,1.3905842664831558,1.3186619172854988,1.578249405826128,1.3561950452742055,1.303287234259168,1.5521326098226813,1.6134952374556952,1.7090439804202484,1.655042063254322,1.6180072350225592,2.0145417269198824,2.0215265326256824,1.23022889165741,1.1566695044536122,1.3521580962177986,1.2158251598713836,1.1982846124337336,1.2574518236728807,1.6424149474895486,1.4836451129843462,1.7982950989844098,1.1874018703542097,1.329579895499127,1.4449382764743415,1.5224528453586452,1.816882891666279,1.9464723704529436,1.4251608712474417,1.2717081051386072,1.637164832758783,1.5617924637583074,1.6962311749432608,1.7504386827654932,1.4654536313887288,1.6220042522458504,1.285414511916673,1.2294239270412457,1.227333669351182,1.8604654261270104,1.655657818227487,1.694734747707336,1.635432293180111,1.6317878316853094,1.1529948794430747,2.1264480399030457,2.1420274729944393,1.9402808775466807,1.4263833339001362,1.2426171267459913,1.4410416562231134,1.0422815047385012,1.092416231647788,1.3459035470563996,1.2183574943962983,1.2585838968307523,1.407434363029555,1.687578952414112,3.5187551955973393
Aug 2000,1.8105526148952533,1.4219820112019612,1.5099053513731306,1.2998940769351144,1.2083491977692082,1.2946291522699636,1.3562946016521005,1.5291674645064746,1.5292884118316832,1.6764514815536367,1.5623466460346231,1.0944052239017619,1.1348835379085198,1.192619165084585,1.1817068796775243,1.1586036886921576,1.745491725874048,1.6769959193039177,1.7443090992857513,1.2353191991434258,1.1917682885926513,1.9565768598189452,1.6512091907934545,1.7539866020986592,1.8635247987070767,1.7378027244470673,1.3190698795772577,1.2634582856274401,1.257268469148022,1.6315812878223042,1.3977511011998098,1.1971968780034796,1.1772889528583304,1.445251277411618,1.2333396973588753,1.321372260593409,1.7036944138928527,1.6208961447821528,1.6837091192330582,1.609350518302522,1.5662498977008086,1.824480211596488,1.800592545297858,1.6041117460497967,1.4484445566493365,1.3933066511865,1.6429261732993072,1.779217851323286,1.285166297341237,1.3242791566938836,1.1884707534908736,1.21762890920716,1.3381925616684183,1.1510689450056155,1.1601409418462074,1.11551020040664,1.3458704004061017,1.797184804742641,1.9060643739203218,1.9650877485632405,1.846574286633364,1.8610941744361345,1.5154283787639364,1.595503664842357,1.1881182385664764,1.1966831449640187,1.6360004363829403,1.8362483829422924,1.8115106047858207,1.8589456036956238,1.9986388896510818,1.8075106912394632,1.7939175723015455,1.456271656460667,1.0081812167749757,1.5196749597833783,1.9067463658714345,1.9888778017008688,1.2104164121696603,1.269583163245981,1.173459488658328,1.2979454085852253,1.4906678558012452,1.4344790245937802,1.3276101805700806,1.2756636626755424,1.4143639322145576,1.3551678825905922,1.6240355177334662,1.3634992194462174,1.322106081218166,1.550877960518799,1.6408212129084865,1.777776391781375,1.6597128571335786,1.6113909443056516,2.0551909566434845,2.0525940034124974,1.2651880267743194,1.1633788668432796,1.3569984733334746,1.2235081911208066,1.1957897939487536,1.2856614146999574,1.6447769794237246,1.5113725588429223,1.8276007388240059,1.1886397570596094,1.3502484373946948,1.4309048157340685,1.5308151768619715,1.8343365271319827,2.0109349113633215,1.412615273324987,1.2988419475753863,1.6554261128900505,1.5817591271806772,1.687900668861859,1.7808726657046743,1.4855261749842226,1.6599112423318023,1.2841850964247623,1.2247011436589945,1.244096611361037,1.9143966933161252,1.684315016272978,1.7276841099755003,1.6885774501202262,1.6229415201858475,1.1590993417644961,2.1622501668139567,2.120509967756879,1.951079444547051,1.4317483069701074,1.252456989897878,1.4457241816562343,1.059659911609594,1.077086003291883,1.3898701392645425,1.2034897979629575,1.2525775440482836,1.4660323888307065,1.7010623310248505,3.22721155091797
Sep 2000,1.8073950290811147,1.4231189720391728,1.5031713150002894,1.306751707563492,1.2110552110480457,1.2518778227997258,1.3548805213306476,1.5324644969001358,1.5336502459280084,1.656951813902522,1.5712892018528934,1.1050379735350635,1.1012919103110999,1.2232331406637407,1.1659098979105946,1.1741991127704803,1.7643098941255393,1.6870196469788217,1.7355076132990235,1.2374351867155569,1.2188412016986125,1.9827437096948166,1.6555006954918912,1.749502348259512,1.8669168768411228,1.7381218123631303,1.3214307368725717,1.2807217267500834,1.2396031100028724,1.6477056688137788,1.4095579997828511,1.2102160175374208,1.1612694819728457,1.4382201243488433,1.2554535016301196,1.3406200516203861,1.7265040361157578,1.6199623402982155,1.700758840278526,1.663635371849623,1.5750101640216154,1.8395667187978622,1.8259168278126132,1.606402544758502,1.454289148171319,1.3802322158439968,1.6687512243792086,1.7835149982123937,1.3020146344928618,1.3373786492760629,1.1787404901535674,1.244491733792781,1.349260060332447,1.1718291493332986,1.1910363922134355,1.1389189737835903,1.3355727390923438,1.787444803167391,1.9671134548439466,1.9755160260148796,1.9045407136525534,1.8812956408308639,1.5450319277494553,1.607390683114073,1.209213277002291,1.195067633540995,1.6128093994985098,1.8222527125221821,1.8087103850405835,1.8515925107149915,2.041612114944836,1.810708248795807,1.8033673611996854,1.454095276771783,1.0181461360599462,1.5042858949084508,1.9074321608933016,1.9638702986017698,1.24057304728198,1.2384434054281062,1.1897784026769276,1.289736303827496,1.3833007596046965,1.4596634726907542,1.3617204542981096,1.2650709160574254,1.4423552039882697,1.3174646682395013,1.639398976633726,1.3477395254090039,1.332267586380239,1.5840242497697037,1.6624852268303538,1.798739154482709,1.6781148254345544,1.6235890752415376,2.069795517466195,2.002744763840507,1.245379616922335,1.1955428796829093,1.396800211988515,1.2207465734492258,1.22417615586482,1.325718157643834,1.6741951067984178,1.5267541736900603,1.807846339007001,1.195822417564951,1.3584171612507205,1.4679801696760686,1.5313257447489772,1.8052001915030664,1.9075258636982528,1.3965240605087512,1.3177292922401604,1.688332346729013,1.6078118657050697,1.699306110955008,1.772188650531244,1.525023394282091,1.6610939284431718,1.2971795299707471,1.253915430381753,1.2757889608549597,1.8923443967960634,1.6918779176361491,1.7066233349066082,1.6628591163100046,1.6220957534596105,1.1914853486618229,2.1174420057138903,2.1237323164873847,1.919960683714984,1.432568100506702,1.2484325101631328,1.4719834450940577,1.062700905514851,1.093412000452606,1.4058641694315572,1.2244178667309062,1.25351532957866,1.442543826152856,1.7092819261924035,3.509139249824021
Oct 2000,1.8141214282545572,1.4140086872816393,1.524013693702015,1.309187050625984,1.2227910472825834,1.2934697839183011,1.3760543247090709,1.557218837830528,1.5486777417825668,1.684452831378435,1.5799197765081894,1.1180541270807252,1.1204528009810415,1.2254245250738753,1.170621139126768,1.1580755179604434,1.7618423042012443,1.700747036625218,1.753985983700627,1.2222702997091668,1.2217828584817663,1.9589061787006539,1.652513104689204,1.7652341738349706,1.8580449549544822,1.7272379378068226,1.3279021492744787,1.2646874577580831,1.2352092271326796,1.6603872509449393,1.3973771917158369,1.2118655078359855,1.1589059649179356,1.478146260511502,1.2375790513050404,1.3246527077400538,1.7085638283882938,1.6160669108698151,1.7150055387535676,1.6375410281186502,1.5712299130447465,1.8970694732151143,1.8046529680440397,1.5939840422530704,1.4487002706451848,1.4062057361152216,1.6848041836416114,1.7883575126992741,1.3008803949764474,1.34468441032622,1.1920066918044243,1.2889881268126533,1.3665826817653979,1.177478111872067,1.1743136917429406,1.1252463724151573,1.3528421158233923,1.836662849358519,1.9350497562233402,1.9893118378608752,1.8746212110620555,1.8900319280603985,1.5543813909101272,1.6128087637715187,1.239722106433591,1.2456699947306966,1.6458805952710405,1.8405205354610337,1.8178650663195477,1.8554594862819496,2.07177655189272,1.8116111670054895,1.7927395112859075,1.4623504008758217,1.0270773452558524,1.5326476195115075,1.8903448278802224,1.9462712943150726,1.2719334409596146,1.2709243072567917,1.2240071833138093,1.315196729807332,1.4526509931549916,1.4428430914822348,1.333015167264399,1.2680228437918502,1.4460732787773105,1.3437714936397975,1.613219248480736,1.3742820170205945,1.3566522733200697,1.5540022373371576,1.647553572058714,1.757721466948439,1.7110843491953576,1.6396632492650371,2.032558506014742,2.0332089616444726,1.2615613108371717,1.1815967086280132,1.396176780784513,1.2227984103936616,1.2340163109594533,1.260322958740847,1.654057874558038,1.5522708638094402,1.8229440429257946,1.2075867233908952,1.3565369755710752,1.486789003478428,1.5447775760633542,1.7899917344687537,1.989284239153578,1.4334819630606987,1.3079607586929463,1.6989287079984123,1.6134654591214384,1.733728791698481,1.7941255270165466,1.532489331320598,1.6783610341700126,1.2972154423813864,1.2648182629973257,1.256470904233614,1.9040651259156467,1.6638858576969058,1.7279735510416756,1.676997108344315,1.647386835041099,1.1719631320145139,2.092780270361114,2.1098958542551656,1.9317743415128512,1.4631050130928853,1.297023716079314,1.4449263796295755,1.0674600233639266,1.0809892283068425,1.4257477298460737,1.2116296797237385,1.2896575050948842,1.4892582515320105,1.7161697635331388,3.361861909912109
Nov 2000,1.8254641224314339,1.439321201088888,1.5438461351617243,1.3503150826792316,1.2415711634318343,1.278438767425196,1.3877858667556708,1.5556965948576131,1.5481488378720825,1.6920838443328152,1.5725224164295892,1.0933957578153315,1.0974507664792243,1.2177613902099578,1.174370691312131,1.1594230773027265,1.7616902668836947,1.7101721427189815,1.7343544857654871,1.245010785251785,1.2440569326360367,2.0157619326207317,1.694121663838924,1.7767235036705564,1.8677515875505517,1.7263724675566852,1.332864532101043,1.2519643138380643,1.2686842297371117,1.6495862252796027,1.43200745256608,1.1929792147839366,1.1789842555943983,1.4965305595878629,1.250496716516266,1.3368929854430858,1.722870976286101,1.6404411356124133,1.7082039999696834,1.6337999224210802,1.5755057523726277,1.8475881132573009,1.8100508617011266,1.6194172749997477,1.4366767819185877,1.4230396109994814,1.6793017687341265,1.7843011706330099,1.3215535353052188,1.347273041243286,1.2071613853198306,1.2758541494797369,1.387173051145067,1.1667971911011912,1.187996655183579,1.1256180812197327,1.3542742489612618,1.792027241847644,1.9605404283555736,2.041921240138801,1.8703676348860399,1.9053160372351357,1.555131399927935,1.5866585671890965,1.2338829539587177,1.2249308925946816,1.6598910785280812,1.8365972775171413,1.8206150975121085,1.844926660679593,2.0613139499312596,1.8465710119604022,1.79913051994909,1.4996084563631256,1.001073005543338,1.5510157319747873,1.917471800807687,1.976659205498786,1.307410924607882,1.2739975354903477,1.1956163945719989,1.2961038520225696,1.4685057158397465,1.4666793324859275,1.3433774065469235,1.2644203402081733,1.4743854649958945,1.3450630101505086,1.6477651692563469,1.3589756259444572,1.306306782331459,1.5806455716812098,1.660487828240966,1.7671050370901533,1.6982228910133692,1.6831545053406245,2.036611517036398,1.9939025360735427,1.2650468178556213,1.1835144390604928,1.3982517697291146,1.2203951263363462,1.2247813768670528,1.282161999981296,1.6767689487864466,1.5424524230152783,1.8155137451292553,1.2307672989634373,1.382177489529933,1.4528599096272052,1.5305523474874017,1.7639835417791987,2.013717261941032,1.4292113332242962,1.334234599420887,1.6984143099395086,1.5917494100522287,1.7287466324726566,1.7875339576417286,1.5649958075635222,1.6812384076918154,1.2858066922952238,1.261883429950799,1.2698279205179306,1.883589559559447,1.7133366893238524,1.717004319802111,1.6678387086358288,1.6438543887692918,1.1432808898719644,2.1043367192020406,2.103230959389536,1.9441728489019756,1.4771709240228659,1.2742609512607337,1.506562463758916,1.0591841012858292,1.073191379185614,1.390381421395504,1.2267873356467986,1.2809170733222806,1.4862004803215096,1.7086103208820873,3.2630377142833873
Dec 2000,1.8405972611301185,1.4536757972497558,1.5498747482889819,1.3208726251022247,1.2682157968618055,1.2937345830189662,1.4103932941557746,1.5856183430149404,1.5687445418229236,1.6991961558450044,1.59041731928284,1.1438094724600651,1.1294418233598211,1.2350660124761965,1.1723464631391676,1.1657449200090755,1.7966394624452011,1.7121438426449886,1.7683030079793851,1.250234316583382,1.2440129133223186,1.970699549650108,1.6621285498797704,1.7829620585747197,1.8701125684607975,1.7426475412697886,1.3458993276328992,1.2777386289986639,1.2723657138685942,1.6789368243019351,1.4396613913272445,1.2269878762228272,1.1860695535492782,1.4962042250301846,1.3047819969595054,1.3455225479438389,1.7770614780458927,1.6452088698672935,1.7544516435450002,1.6650202104464957,1.6126147798876822,1.9194334722956712,1.84413187958996,1.6303793726169766,1.4854761262522278,1.42646295835511,1.68331451595438,1.815068242195299,1.3402325136022202,1.3846846863803934,1.195028729511019,1.312900581129461,1.36689861092,1.1825915420030741,1.1940850020557126,1.1396555656707419,1.3763911138071176,1.844395704581597,1.9775651936292065,2.0909543318087502,1.8744681631571536,1.8816468518301557,1.5612622064901704,1.5872994968353997,1.2237058439457156,1.2733086793420494,1.6476899563904344,1.8601515189253444,1.822776803296055,1.8809434601832868,2.1109465629817867,1.8525838082021204,1.8077547177198716,1.4864028302195988,0.9949791009601768,1.5961088242011783,1.922715830553835,1.9687380584208525,1.3072697518657455,1.2763470025414982,1.223223577500702,1.2994642547994424,1.3773105137600858,1.4926254226778939,1.3426776833038447,1.2599661084863072,1.4951587165516103,1.3686117249139633,1.6618769402065787,1.400457800689232,1.366420882497665,1.6172224550095502,1.6749720964007033,1.7895428681509922,1.6971282555266878,1.684253285407563,2.0761663392482292,2.0370185320898293,1.2841334737267545,1.200093918418023,1.4510886350152998,1.2421917470496242,1.240149081966307,1.3717770893991392,1.6976554678078557,1.5329922699314527,1.8316786207741664,1.223770217312602,1.3806113149930084,1.453602721862299,1.551097791142361,1.8204100218127794,2.0217039519714097,1.4557085133994507,1.330666250608589,1.7071087555814244,1.6383860414602942,1.7549172223022007,1.8130518843413035,1.5636480074859234,1.6998198712407897,1.3380554792690165,1.2700441279570283,1.2618376886163962,1.9245586134240622,1.706271338518095,1.7285607935412353,1.68519438293625,1.6840196546317376,1.1792522319267815,2.1358139130225484,2.135777751442594,1.9458599215428478,1.4553278577670172,1.3148257591728676,1.4842098055791229,1.0954863232993306,1.0851315743048868,1.4104685063613465,1.2193012465420348,1.3079622057210587,1.497604766454241,1.7124590638565207,3.4628809120071553
Jan 2001,1.8315799198350278,1.4373533872524626,1.5382478150805505,1.349335090402677,1.2606298011845767,1.3140447656652647,1.375865117282871,1.5626012706463512,1.5696569473277138,1.6875380366220813,1.5703066112615665,1.1156658967156634,1.1106965663567232,1.2397828415752128,1.1930179325474126,1.1699283252690633,1.7713548281847313,1.7241310917328831,1.7648286053436326,1.235433118641295,1.2163959451834476,1.9442886463287359,1.6795921593153356,1.787921274717937,1.897140454208802,1.7830489497536093,1.3341122569472177,1.234287883875706,1.26090409542585,1.666383171518295,1.424045648950196,1.2073517231857716,1.1756083754448465,1.4849397133703766,1.2765444394349004,1.3611031263413103,1.7432589786166,1.654703662719168,1.7379542332705784,1.638410247356637,1.6001461513139772,1.8851195833212777,1.838447429798448,1.609424353917323,1.482642934014611,1.4423276592509182,1.7049619975600117,1.823383766301493,1.3512838428472571,1.3663767338721773,1.184912468929122,1.2740243787038186,1.3661743897402596,1.1777017204623397,1.1707464318044565,1.124942981747416,1.374557003617483,1.8109917105040583,2.0090607574605457,2.0589853072748094,1.8636804797654964,1.8808155627504228,1.586884237093433,1.578757829578274,1.271606982947285,1.2474270180288187,1.6587348510912718,1.8439692430732786,1.8226392010577532,1.8707785681192153,2.054938990368705,1.8553909169482192,1.8054268408569678,1.4498229813114645,1.018823028738864,1.5055129235932505,1.9349526021209116,1.9926486113396105,1.3247627926189647,1.2879765417146094,1.1960041496168508,1.3134688426753698,1.533122242155044,1.4772168484880237,1.3693750090456862,1.2623587525177309,1.5461105422881702,1.3782485456923064,1.6626924130175231,1.3950987130193526,1.3621589250624164,1.5984172999511976,1.6418252618084617,1.8144717845078966,1.692424175159841,1.6411315801469524,2.0595552370891035,2.0634163821497085,1.2718078231273184,1.204585215043035,1.4149042862737369,1.2051326548736851,1.2289432141783059,1.288784651399631,1.6836759399337091,1.5257217375485326,1.8215447015501725,1.1729652920230282,1.3744084730989186,1.502391692479228,1.5373583115876233,1.8216903848412989,2.0263939455021664,1.425593971924198,1.3228774902372358,1.710903553475689,1.6097882623820616,1.7662558843768499,1.8317865208678559,1.562702124200754,1.6660025670636178,1.2762339603927233,1.2963145203877633,1.3217442605591287,1.9470978622512212,1.6852178502349546,1.7384204145824491,1.6584810886305135,1.6611289776677796,1.1607727213848136,2.161608859626726,2.215322888901361,1.9724918561405913,1.4698240816881862,1.2999853423264656,1.516652911848176,1.0563804316987888,1.0568541252119412,1.4411961744770276,1.194198793777965,1.2659543061837824,1.5185912705159859,1.716646011355169,3.4239044951576156
Feb 2001,1.8279958949504678,1.4746079002471502,1.5547347456697869,1.3370064616839452,1.2722067692472518,1.3482253390802257,1.3993010351753759,1.5848824264630363,1.57483621756445,1.7193098553259125,1.5975113641572982,1.1231243701103135,1.1457917421902688,1.2383832763955576,1.169416389988292,1.1558578246718587,1.7639028613765577,1.7398376209859565,1.7668056144363091,1.2413437929739843,1.2073232875657245,1.9983883872962867,1.6996734039876307,1.7849125429548451,1.8601878643580223,1.7867907507134757,1.333260529353639,1.27768050195338,1.266767423962131,1.6883183977958276,1.4400012849941082,1.2115650886065839,1.1432412816670372,1.5174501460440406,1.2603904661585217,1.399097293992945,1.7715856578144864,1.652284847863919,1.714912687762082,1.6655548796476825,1.6047816033056466,1.8699724576695194,1.8259266188877803,1.631916240530622,1.4943871523782208,1.432312459310607,1.7162694888226593,1.8271417652338475,1.3728600619944642,1.3926808485180833,1.1955495380657573,1.281929519402288,1.3848508877194978,1.1534956524725424,1.2027396838450344,1.1443459675156815,1.3823739220225275,1.8437260030177616,1.9880075384757674,2.0596070507953805,1.8852268390203493,1.889627707480631,1.5895085280266352,1.6115204300660275,1.242572715548399,1.2260000503283646,1.6664808740219963,1.8731915686406115,1.8260009135484372,1.8908802196092218,2.0503833699279927,1.8447678519566537,1.8243196774961483,1.4778645227349294,1.0056671402137716,1.5602939187113796,1.9475122656345536,1.9809511102520174,1.2989750887356162,1.3239867416933149,1.2144119123106192,1.3276523888580856,1.5345172006048708,1.4870963074574837,1.3614404246351148,1.2699831589612531,1.4655809492998118,1.3720517916435688,1.6554068314692607,1.4169621955881633,1.3591435995963232,1.6202500490452239,1.6712023247154544,1.8033937541248635,1.7039028842415245,1.6662264138885279,2.07319905358533,2.07827945363433,1.2832171118788023,1.2269794984594926,1.38593385625075,1.221698754385516,1.2341488376129748,1.3051741250537032,1.6698305758166305,1.5777721742870212,1.8415493867258061,1.2392014538217897,1.392364073861482,1.5433381849365608,1.55903310232496,1.8378929642676114,2.029008078760062,1.4615212904176698,1.3396468451744772,1.7236238693100745,1.6430490222264746,1.7529705551967616,1.8224046140369354,1.556408427666132,1.6971445680307828,1.2901140228365515,1.2622815593343295,1.2821137121935398,1.9288945116059917,1.708548408130058,1.7523463489261786,1.7290074611321014,1.6818087836840054,1.1623660862991396,2.1555777244145107,2.138023936242342,1.9677142896012128,1.477035003354672,1.3092779823873444,1.5100890702881642,1.1126843591688458,1.1037665805184989,1.4183567577454357,1.2088540745033811,1.3240243816719366,1.5248749784001683,1.7216804561641685,3.6833542506005776
Mar 2001,1.8570446328166097,1.4854653571636875,1.5779461027821227,1.3616613572432343,1.2462817303052343,1.3222708958290468,1.420701142014733,1.5991426036639371,1.5870963545673094,1.7071994016958858,1.6116976027643046,1.106630563658729,1.1383264387811372,1.270153730175519,1.1950305820785938,1.1691832379114775,1.7806908200312028,1.7609462850555,1.8061339885990293,1.2478340436004012,1.248961147257945,2.0114209441992186,1.7196211595457291,1.805423048672681,1.887529735959159,1.8036180314087495,1.3387890351969773,1.292437524631914,1.277155051781929,1.711764241249336,1.4567012145998568,1.2124130563540467,1.15332853376003,1.547950347417742,1.3011544151479508,1.3446393536110168,1.7797463176471808,1.6885683537466394,1.775561430762404,1.6717323423418775,1.6361100321169124,1.8897137503758017,1.8671837703309835,1.6569384588947207,1.51600141944003,1.4486205077280194,1.6917099618770577,1.8481273951240058,1.3399242534785651,1.3755234677042443,1.2139075116473526,1.309666797880356,1.3922006104707842,1.1743057530000525,1.1901345524199634,1.137588841216238,1.396446894067324,1.8642422094724822,2.065654372938058,2.0891936557303397,1.877082758055657,1.9250254859271794,1.5956446449510713,1.6283031640447385,1.2314039482568067,1.240392635120065,1.6955914463092312,1.8801005127428514,1.8495851161201484,1.889846377480182,2.0822708123900227,1.8994395949673806,1.8252126874509367,1.5031513060190926,1.031215377963178,1.557411086002608,1.9419155595392683,2.0353189860168968,1.2788330930445173,1.285233880210645,1.2272860029094064,1.3286253485070305,1.5740373049478695,1.5074773840777183,1.3977474929598757,1.2555586432259982,1.5117550037336525,1.377840808200655,1.6632469075249345,1.4324538693336957,1.392294122798644,1.6486121067189428,1.7029283075886092,1.7948057075798411,1.7397027795126667,1.6995311550818801,2.1612812641014316,2.0551956087935617,1.3158626594287288,1.2163509352383788,1.441212363717642,1.256187842918029,1.26267289098176,1.3412230427857392,1.7294092748672631,1.5919197493027546,1.8611195704133157,1.2389716886025393,1.3578238358780421,1.4990672549977928,1.5739182548771677,1.8420550163705387,2.0136986995595922,1.4542580484496708,1.367642619773168,1.7510681713230494,1.6491553097473615,1.7545694362327429,1.842068219194189,1.5969420478047651,1.7214680876782524,1.306286262883954,1.2457491392579876,1.2929206593640574,1.9551838149500884,1.7320656414164177,1.77637906788289,1.7013600732072838,1.6957018910439436,1.1576724503875844,2.189678068054033,2.228552225159124,1.997533699739013,1.4937559702239147,1.3214959786945417,1.5476308289502156,1.0875754797102877,1.1055784304626983,1.4680017680288864,1.2225210194017044,1.3183108211619274,1.5565703262627522,1.7219487624824077,3.664855676942489
Apr 2001,1.8708793725529074,1.4976551479278193,1.5866452886974312,1.3767751551872793,1.3030648588217286,1.3495457174547967,1.4214868078727205,1.6075766158343856,1.5804867529991822,1.744361170473571,1.6233071151964422,1.1687287435466365,1.0982309871532518,1.2604997199621786,1.1854008305619783,1.1925473963855675,1.8210702631712163,1.762099400859063,1.8234888310508668,1.2791676514872017,1.2715271048019352,2.0758896381566196,1.7251672766370556,1.836444025918527,1.9297661294632407,1.8198049600560335,1.3654941996643826,1.3041807907655172,1.3059333369792177,1.7280142328647596,1.4757100534786114,1.2088860805239003,1.194634398840503,1.5431461465760314,1.3048691006068864,1.3739478572532648,1.7979020866379545,1.7157776189933949,1.760003802530459,1.7189530451713197,1.6548858655000427,1.881877720997475,1.8984535996748075,1.6753207754589068,1.5476204325824925,1.4770272995798104,1.7513236693616219,1.848964348784581,1.3704111941881427,1.4067553705292097,1.1968931367051232,1.3534758264345619,1.4218692187286754,1.2176644833888615,1.2045834540880391,1.1607185878339141,1.4417771019731012,1.9091226581282488,2.103709821482739,2.118005604954818,1.9660857098083446,1.937040061042564,1.62668594334613,1.662403736571115,1.2237148639800892,1.2443154541056125,1.7094584602367437,1.9027504963818842,1.870004229152007,1.9312843198630099,2.126627430784455,1.865688047532714,1.8677393314974886,1.4818324453666525,1.0082821314401031,1.593115912534625,1.9683246103280168,2.028159634410514,1.3526303087589018,1.3213803934852302,1.2257935839870049,1.3653073532515283,1.5821577498089299,1.5206808748542224,1.4140710084047643,1.2685350946914895,1.602880950007515,1.395398668827522,1.7010656535169633,1.386815319276036,1.3797952240752085,1.6613270066291825,1.7041879840002816,1.814888358185523,1.726287807572415,1.7143246586157281,2.1665145491119553,2.043951510418365,1.2968686835411953,1.2176185680561522,1.4665867976820235,1.2589078270251757,1.2312977038031192,1.381951533327749,1.7383588503000138,1.584301542649042,1.8869762530691947,1.2543517758979144,1.430960454172353,1.5255833267833603,1.6293344444465965,1.8812975282747118,2.073840529392736,1.5229873885261376,1.4094770802863386,1.758699923199069,1.6599748082849848,1.8106941647121797,1.8484266781138243,1.5937744582510018,1.7543859138411348,1.337255234792565,1.2594949677499598,1.2965891591790333,1.9574957128393635,1.7404679967274612,1.7990877493713378,1.7452582049264345,1.7215973716217368,1.218832409517169,2.2178696805109124,2.2903928297461458,2.0320934576537155,1.5032220999118466,1.3346231141059453,1.5767260486618437,1.0696485050086932,1.085340108838104,1.4349549372944193,1.2605975342139757,1.3312259476403494,1.548633781305681,1.764446796208259,3.6494404779928327
May 2001,1.906596300278749,1.5163517852664132,1.6104229928438787,1.3907565936885817,1.3052284853876177,1.3429790699812099,1.4608300236994634,1.6434879878059638,1.622814376910759,1.7665195705852736,1.648768733449683,1.1252872557324105,1.1567573666115893,1.258217428837915,1.1975416767532239,1.205845714604819,1.8487509319682123,1.7868985161478286,1.8369907769453522,1.291535371066377,1.2856347063382105,2.1213234594949677,1.7474807025160555,1.8648826232797748,1.9390375416562085,1.838634075817956,1.361228670418991,1.3537424978683454,1.2735316287092926,1.7465393282913941,1.49200520166905,1.2362182037822105,1.2167672332966235,1.5597457068199254,1.3349759253186073,1.3828927445829224,1.8381602795440364,1.7255150395114314,1.791083590234703,1.7343938192277102,1.6661797348585778,1.9321648998794196,1.912196843518329,1.6927479379571941,1.544169063370273,1.4974521386436312,1.7739575633133084,1.8941317886817373,1.368721790644005,1.4278913575189993,1.2201222213810028,1.308643988672834,1.439404302097554,1.2195642494871994,1.210045387811053,1.1773429420053236,1.4447301607458751,1.9028105435942506,2.1534165798472222,2.159843374079986,1.9660388367070547,1.9423268163786847,1.6619908799164578,1.6913103530406541,1.2518129940151834,1.2667723942330473,1.7382536889122353,1.9416546202316167,1.8905284565204596,1.9462548037934826,2.1426618603203154,1.9324989482442847,1.8850515213831216,1.5464767512357944,1.0480677681785608,1.6116059632435367,2.0013633110922076,2.062299986456789,1.3367129146662171,1.3254591220430756,1.2381155334961638,1.3772009448301403,1.647504675180688,1.5318955244913153,1.418376929410066,1.3380078555128474,1.5687524825688661,1.4190556581961036,1.740109671213369,1.4315643622301883,1.4140987184671336,1.6888524131255416,1.7034778411219524,1.8651163364468004,1.7567798210173287,1.7480318384893798,2.132313949653662,2.151765974579004,1.2953890378988042,1.2774895152528252,1.4924496151634292,1.2650798735883984,1.2597778168503264,1.3730521890251888,1.760589265822253,1.5991656464433288,1.8951875774040112,1.252630926751287,1.4201305315485522,1.5672459425678478,1.6335389363794794,1.9457579313049649,2.1111295886296277,1.5265211704344048,1.4293357876571073,1.7841698252019116,1.674771220002451,1.8265060962377344,1.8903001893914153,1.6163504857095823,1.7941737723155045,1.367462742553333,1.25839820067999,1.3332794150989509,2.029816849575497,1.7697835424683794,1.8102422949478552,1.7495168307521913,1.7382010343016603,1.21785575537591,2.257242720788727,2.2818072502412496,2.0392155839161585,1.5505874334030378,1.3457663393873947,1.5710743208812499,1.097925622175531,1.1432449632678034,1.4798449509133071,1.2638574779569212,1.3755281964494577,1.5857710677004553,1.7848816603755164,3.561518377377707
Jun 2001,1.9304534216004303,1.546023492630244,1.632387691001869,1.4019310166457908,1.319781949107086,1.3297598093116818,1.4442681023193469,1.6571283777576253,1.6643358772621741,1.803324356709899,1.6736807367910593,1.1557479252486125,1.1631953996304212,1.2877571477596987,1.217633023037175,1.2032564747717052,1.8945535780808305,1.8032083867883206,1.8587176522503253,1.2897083629712232,1.286608181798483,2.184359934746385,1.775295314893981,1.8859179824500287,1.9602028699582874,1.8959910793801502,1.4089170743406771,1.3006545019233977,1.338179813371383,1.773318181706786,1.536849393910559,1.2530282956637493,1.2182745919425872,1.5889307273628586,1.3273036850459619,1.4409498427975362,1.8344937309790235,1.7654356683582648,1.8156651353403657,1.7669883170269916,1.7026015362057991,1.9841661424615449,1.95122307725955,1.731633669120938,1.5761060975259829,1.4900101300244455,1.7806520112677247,1.9351540954126296,1.4341425586881327,1.447191054760879,1.232679151978871,1.3495694014653652,1.4544418563431314,1.2385697191810863,1.2336662300634789,1.1870810286064841,1.4494433457139748,1.9579685838969116,2.14624701555458,2.1982778694984093,2.016802707488565,1.9869399484815058,1.6794920983206096,1.7092922884774833,1.288087580584836,1.2969274715480794,1.7587143287280522,1.9614778987918278,1.9372591166438624,1.9797507519656594,2.22001012498196,1.9752595212514947,1.9113708035437122,1.5522178435128602,1.038817141486171,1.6322828167688987,2.0246475805410658,2.0710192613877703,1.3543013899061889,1.3150528041859548,1.2542303400262909,1.3981852947233517,1.6517359717138813,1.57110150485605,1.4457181016764915,1.3064317786052169,1.5452208919691846,1.439126017832701,1.7389885219487593,1.4874491866864834,1.4117623958316319,1.699846832956188,1.7397573714103722,1.8710679652582651,1.7955352653017613,1.7464516683863147,2.206373057153149,2.1488351313915377,1.3443796504891574,1.2571719380027042,1.5243369060150245,1.28523681669348,1.2867271370850517,1.3848135742599033,1.791265629122087,1.633187634258621,1.9284445296692188,1.2633181243668317,1.4393038555655595,1.609985625893273,1.668348578688428,1.958318552388431,2.1672428761809575,1.5605717848475387,1.4477960712015183,1.8316947513256006,1.7136616143711854,1.8859883276837677,1.9348566152915267,1.6535384983648655,1.8108504393294678,1.399157146392324,1.3052204828184684,1.307690613398171,2.064487014222461,1.7879998266472146,1.839146181774582,1.8091706028586003,1.7624867333337364,1.1977683506965155,2.2725113113707507,2.305249496906006,2.0854869909567273,1.549046096788946,1.3777268497746331,1.6257348541212497,1.1197348084877874,1.1206767639287836,1.4945476049933868,1.2565842024540046,1.4051594334730706,1.6005559900919162,1.8102004643452905,3.918266061234217
Jul 2001,1.9449977528529858,1.5641871113988037,1.631888796270914,1.429046940660098,1.3028373193376526,1.3570385183449376,1.4640615377980444,1.658578040273216,1.6416260349656469,1.7944148270393436,1.6907387654688701,1.132949972097187,1.1848546400272542,1.3040174710437866,1.2386477395490543,1.2374202724376795,1.8825908744461735,1.8254580743812026,1.896061849853565,1.3061843774129693,1.2921236412914792,2.213216523765613,1.8220874692446567,1.8958993859213553,1.983246239300401,1.9098280795710036,1.3953453326016978,1.3101266997330552,1.3182203718320191,1.8063989598979278,1.5365621732025423,1.274443376231173,1.2212283792940277,1.6087689959764326,1.330234493109806,1.437632114134489,1.8600241258793604,1.7808833331711078,1.8253778056193506,1.7981037002386142,1.7137552746108728,2.0376185894647687,1.9413361260668223,1.7244070434392405,1.5816866105311345,1.5087491403104787,1.8029273211122712,1.9495104258375453,1.402040081068579,1.4673073233795475,1.236521235886524,1.3573309899813688,1.4689475562976102,1.2295386218252145,1.247764885382775,1.1549114420705222,1.474277901917457,1.9748776465474582,2.1550568840010036,2.222010956994784,2.025559530871351,2.037401167141181,1.7133763128316752,1.7299495522696966,1.2846412695346845,1.2639064191265665,1.7888492877842537,1.9689176016101497,1.9383886495462692,1.9927814324452997,2.173114538978108,1.978745895946951,1.9207998147179315,1.5671262513052469,1.0441455071370476,1.688943232185678,2.0418975225035747,2.1403162094585575,1.3605779608461497,1.360412242200622,1.2511416935030795,1.3773903833985102,1.751464621549978,1.5693541525053205,1.4857033715176093,1.3599318629943618,1.6497509309365066,1.4503129722661587,1.728834735437143,1.4828404968406785,1.4445055121024701,1.699034441317417,1.7671483633690288,1.905916880191417,1.821693153622573,1.7441860025569667,2.243612357102293,2.1888784810234676,1.3774708552643515,1.2747678629311732,1.5029887676358784,1.2821854866230453,1.2701774540058508,1.3925365736626327,1.782513106682064,1.6540705712760684,1.963431227035572,1.2749200130242417,1.4516899164208,1.593309982459245,1.6947117499096036,2.0021904517398768,2.1833992249260774,1.549362766942133,1.496018465618086,1.8342842396612185,1.773644202456452,1.8906275709602605,1.933447953748801,1.650436829417806,1.8467081044355984,1.3832427045862399,1.3106061027944034,1.3448240494587176,2.067130177403401,1.7974543624073536,1.855340420468863,1.8335654451223355,1.8187887531560551,1.1926743804721895,2.3055077221206344,2.3289672163549815,2.104525162439895,1.562629109595747,1.3854788204855575,1.644082482456791,1.0891702303683974,1.1160186566637584,1.523838732213002,1.2857683189769618,1.3630370318730622,1.6516475489537124,1.8363057003767738,3.916133397841887
Aug 2001,1.9684914304383694,1.5840041546477603,1.6771639001105532,1.4281066349625733,1.3598914126453714,1.3529492195382582,1.4866305354523572,1.689988584914383,1.6619560278234828,1.8414911858401264,1.7263494266788608,1.153794507701792,1.1408594517822916,1.2973419702094695,1.2472369460549628,1.2403133056650866,1.9242804849914754,1.8748331915997627,1.9099809754599637,1.3225990987323897,1.3052796037265701,2.2669222413598273,1.8305129402850278,1.9586934505796294,2.0107533261696773,1.9528051280501557,1.418065896643297,1.3352504298546248,1.3326662964980989,1.837405481784726,1.533180014657985,1.262222755241351,1.245431435139829,1.5976374295986102,1.373281605817759,1.4414384026349931,1.8988163215465883,1.8142797477349293,1.8495350467279539,1.8278714288253757,1.7640959431514613,2.0043667004873282,1.959185398654206,1.7777452335995403,1.5792823821375312,1.5314256067597043,1.829470628082305,1.973627159345895,1.4474040169280524,1.4809713946482097,1.2482213830095947,1.3970774286538852,1.4897398101930965,1.2398481685994667,1.2628555450243257,1.200784836764602,1.4952691323004677,2.0121086477037315,2.202377637251743,2.250285539133316,2.0595571602268965,2.0714926121167445,1.7643714854069263,1.770864770399354,1.2855043115588518,1.3313527944989523,1.8003325393030691,2.0011693258725334,1.968689542413551,2.0309323289064847,2.26519753428055,2.0101009296029773,1.9413334842927208,1.558532957939624,1.0382068249855156,1.7257702160971933,2.082644224183706,2.151192414843955,1.3501620418630476,1.3685506767291216,1.259960311449477,1.375835760718796,1.7121635055078812,1.5959078674952487,1.4827776678827722,1.3840938730992303,1.634516926309774,1.4818284719950545,1.7546258987293908,1.5271957656968684,1.4463960874997794,1.7363471511359487,1.760320324128397,1.9452000874160404,1.854691610421842,1.7894955711100529,2.2264183527350996,2.216547534219784,1.364235954431869,1.2629439031751009,1.5619600747109676,1.319111551723922,1.304628671152818,1.4556608106888453,1.8098997284128209,1.6678823976409753,1.9941652148653317,1.2980912034728231,1.4593003664195567,1.6466047267135406,1.7252190080636844,2.00787128802944,2.1913115748417056,1.5968504105384036,1.4992550584476265,1.8486981343574076,1.7919862242353983,1.9673979158759163,1.957164665408644,1.691329146806475,1.8651332647962722,1.42086514341577,1.3302275645073194,1.342255409881245,2.099182824704832,1.822480466446011,1.8764899901275658,1.8541182805587713,1.856830665906493,1.2227726293885044,2.3021599829589565,2.3269803742489876,2.137032965088788,1.6131230901962275,1.3768636117043251,1.673996081781591,1.1282810796114235,1.149470787113365,1.4976486170191612,1.2779681114670638,1.4048084020262157,1.6849235271922165,1.88656631397668,4.044458418324765
Sep 2001,1.9997960390771061,1.5876465056965934,1.6915198512368876,1.4417719719730704,1.4044739365656533,1.3740097606019106,1.4882450876224058,1.698867372133093,1.701838066195597,1.8677923483674963,1.746720748763925,1.1642728241874805,1.1230432158444676,1.3042994357129791,1.2618366220776165,1.2462772784700422,1.971873269020503,1.8636329681787556,1.9349970961832674,1.3090742907907085,1.306611084902637,2.299085310199846,1.837300269598187,1.9622616947011273,2.0428935785927247,2.005034398028587,1.4123392423531027,1.340764980395734,1.335173996176684,1.853693332031442,1.5702593283931108,1.284239568211881,1.2392773439634133,1.5844417518563187,1.3745086643192668,1.4887654680561238,1.9554785657481972,1.839498571944302,1.8924370342214112,1.823584109421489,1.7766792913525202,2.051139175054653,2.0077619165484104,1.7682170556413894,1.6165566102684545,1.540026992362565,1.8826081340930698,2.0308799818033636,1.4572355712929475,1.5012592904169686,1.2915345736551218,1.3461709811862852,1.5168308472822394,1.2407416947167123,1.2796739012701672,1.1996048881828558,1.5025547174970153,2.044821986151317,2.249703889172391,2.2897978410228084,2.101141978392754,2.0823062903997607,1.7898782694371198,1.767920121764537,1.287029320966134,1.29841229931603,1.842920533022744,2.010534217638523,1.9929674194708784,2.0359769271188304,2.309325047262733,2.0204841468678345,1.9565288959947402,1.5902583629013658,1.0377057929444633,1.7289431616688704,2.105451503612592,2.1683639051365216,1.3757538946308858,1.426505702485283,1.2943651843785597,1.4047276983263426,1.6990512978983507,1.617450894420342,1.5067067973804005,1.3478340440286078,1.6768989220594723,1.4725748299171908,1.7649030151363567,1.5434445740975375,1.442652418753249,1.788685037260839,1.7956828126109212,1.9359852817725622,1.8597912094067002,1.8091894145846976,2.2456973272404803,2.290008222980403,1.3589765146593988,1.278101705183115,1.5527202395401762,1.3341404634533796,1.289911187624958,1.5046876210421793,1.8349647825616748,1.6947811967619508,2.021784066233178,1.3264143880228179,1.4990628980535934,1.6953069348926617,1.7779290320100136,2.049495403689832,2.2194526110688897,1.6518001544741048,1.5322450969675276,1.8866738598560981,1.7852846279333676,1.9216502785134237,1.9618242085059072,1.698616354916379,1.927980285705473,1.4624148495285263,1.3177878458499377,1.389010126404883,2.127591445121504,1.8496829361398621,1.8896698836611932,1.8784590838187374,1.8414773995989488,1.2442052492829183,2.3546131355846316,2.4025707057852514,2.134181240821955,1.5964295424337338,1.4178548128843822,1.6719440358230069,1.123281632845559,1.1379920720561625,1.556009614282855,1.3229690936596952,1.3838218199243968,1.6917699933606227,1.8801227873395043,3.936385289870653
Oct 2001,2.0118439605687426,1.6070564958255422,1.6874365702297496,1.467751199110786,1.3408966515016563,1.417996266434598,1.5078387815678307,1.7046829165423825,1.7162296968590538,1.88863448907646,1.755615688879856,1.1650181620908269,1.2108841385868316,1.3358148263742664,1.2885410437270952,1.2497645135715643,1.998089724516697,1.9031319376353737,1.9592112728177327,1.3278484136247524,1.3431430571971932,2.326553235925257,1.8757954984673542,1.9889871136577848,2.0607146771246954,1.9886891341906139,1.4237597203036363,1.356175977436702,1.3668258399523523,1.8689810247963907,1.5711892970286951,1.2768500983195983,1.2281677490044323,1.6252226556196023,1.3638836775730578,1.4926315491946496,1.9351293122009952,1.849643654746965,1.9197658838223761,1.8700821311737512,1.8049885108302137,2.081608035930149,2.0085083270550075,1.8243341286958041,1.6193644731411527,1.566694123670371,1.9115443189362178,1.9979518012423403,1.482003739831841,1.5271984554456977,1.27017790941927,1.3523117183423263,1.5254785390922667,1.2582004775019422,1.3081544935081453,1.2099013215237562,1.518665507468123,2.0694979507718743,2.2238297464570964,2.3143745159387716,2.1078655208913877,2.118515652314121,1.788867579721654,1.8259924522710473,1.294027026494301,1.322410338815215,1.8537160967600388,2.033562198210037,2.004191521332807,2.061003890062182,2.348270158458166,2.039950573753998,1.993093817382005,1.605272159308193,1.0773822635994061,1.7587764931832908,2.124768595545532,2.187140762030044,1.3540166943282,1.4767623785024717,1.2761468927941122,1.420161587083755,1.7443618044831504,1.645823572668495,1.5749759330407087,1.3853992473814862,1.7507403350450819,1.5015046679783353,1.810965989227897,1.5241334616733233,1.477319991730622,1.7728021816786625,1.8098444929985116,1.9843873281091136,1.8687768187192848,1.8183088797219051,2.275395101833547,2.259126487332791,1.385712895731599,1.29657197425691,1.5964817933959,1.332550372009972,1.2986931978130338,1.4498064244711504,1.852932147732082,1.713601246934173,2.026120793370341,1.2784075092285199,1.478802647826296,1.6668122023198062,1.800504770532315,2.0099546080344712,2.2661447215776302,1.6347738952409816,1.5559494888758467,1.915231898789297,1.8072615978665136,1.9357986623220593,2.0029272148543598,1.7524878696048278,1.9086122198535205,1.4515593914059006,1.3246971507489802,1.3998236602897483,2.180164044551622,1.8558532645317816,1.9090016360316613,1.9013675114396105,1.8785450100720291,1.2330889310295363,2.3767003569779663,2.350337422285328,2.1106604617274995,1.6507706026070388,1.4437950176828325,1.674969666331209,1.1347688428072815,1.1236458462882044,1.5671500163812953,1.3229790363310867,1.4556303759071039,1.7358249250801558,1.9184491947898197,4.081883488741238
Nov 2001,2.026048397721293,1.6362604006288226,1.7201028347318086,1.4904999076399121,1.3784878302841128,1.4265667712037504,1.527631729317155,1.7456343028294066,1.6861059221071888,1.8898690924310513,1.78599491580265,1.1852350344965186,1.1584469309891818,1.3515617925529018,1.2664528115163838,1.2501347077013216,2.025563355929413,1.910056392506671,1.9734894551717184,1.3551235996559425,1.357697027383903,2.3247420139820085,1.8819818024939023,1.992183715085972,2.079049092858989,1.979001845038847,1.4102782646783605,1.3473763884793635,1.3660267924402938,1.893299502547175,1.5917059974766063,1.2832387256956321,1.2618507454418266,1.6668916933435902,1.3849245357584334,1.4809755351224805,1.9727980284484192,1.869059293575047,1.9340063548039528,1.8796152048897843,1.832766944829352,2.1076374168931165,2.0328169791625204,1.8277217564400448,1.65637587892854,1.566827775671433,1.8922456193850574,2.0502386292708397,1.4865310067848565,1.5267400910196633,1.2749853020221353,1.39350554416258,1.550194570594714,1.2698245903148502,1.3204866123356591,1.2267255949000215,1.5550599010399107,2.099602350414042,2.246066325332506,2.3639503405601103,2.138464167256983,2.134851138460566,1.806706743854323,1.8376928961498837,1.308570646336364,1.3213818295065833,1.8605780195297972,2.0489463248865505,2.0195902884913064,2.089331147640948,2.2591157877447476,2.0544169753068275,1.9998956211723407,1.6359885546126842,1.0821644213145292,1.7856946860912855,2.1512000442028945,2.2085952077519155,1.4000857214653966,1.4518124160730885,1.2942962198615573,1.4421946986878542,1.8261448688763067,1.6484846728448128,1.5280259494904058,1.3938841566910625,1.8260317923891558,1.5151289111376862,1.8342857338647107,1.522809594947239,1.4826953081473357,1.7962367091464586,1.820315120321041,1.9791040423114703,1.9163346899479263,1.8249723781114557,2.3020553120239247,2.2687689796982067,1.4056061553016128,1.337936874669664,1.6041607662119035,1.3541808512675109,1.3340956747401975,1.4956623354337668,1.856113582827732,1.7463677794573815,2.0447873636602285,1.3277258212421026,1.514399840314008,1.6977953135327757,1.8165859271003082,2.0270641708465447,2.247372545536421,1.6694046547270514,1.5391942345031375,1.9409164424868974,1.8473422877391583,2.0017936523610596,2.029161502639271,1.7846560307444324,1.9353541262986425,1.4301393871726613,1.3393513956297316,1.3946506731047585,2.177780227945209,1.8904163391707418,1.9186443641215876,1.8993953478901333,1.8921007907274714,1.2449369730757072,2.3713351505355003,2.380680194131544,2.1329157165065253,1.6511201097186285,1.437604566774737,1.7093888678388696,1.140960888104735,1.1471573341494565,1.614541614465655,1.3391492955750075,1.4479124316278613,1.770669062081856,1.9209250669634235,3.995719168797448
Dec 2001,2.0763062730725905,1.6526183767783598,1.7109374488329236,1.509007312124769,1.4057591557680742,1.4633264947751314,1.5492857081509517,1.7647654023789219,1.7203423809982596,1.9133068718215394,1.7958976261844826,1.1739605102381434,1.1957138216317165,1.3540014861398924,1.2875883868975375,1.269605459211437,2.030571190351244,1.9361530652306262,1.9790334564013214,1.373821212140141,1.37306355260577,2.321968365565662,1.9200266561736166,2.034205940587028,2.091435802266674,2.028971418852113,1.471048665327683,1.3775787394648005,1.3997790274183475,1.9154839511242676,1.6300218802918343,1.2974741800867933,1.2855944338000918,1.6653736246242639,1.4147591394712276,1.5019134721773304,2.01118271375971,1.9005179936137537,1.9747320243317557,1.9037352084151953,1.846103359149375,2.1149877156625525,2.0834862486057357,1.852433450621958,1.6458816579430224,1.6013535560885672,1.938933822564809,2.0960372623883425,1.5330111658997394,1.550041397115653,1.2961846950864617,1.3909078533538446,1.5809530391377444,1.2885458431918724,1.3475694618200336,1.2723267127054025,1.5625251651986953,2.138963683138176,2.289533928873962,2.45953531624833,2.1844663169447704,2.1717670939819764,1.8382990557457375,1.878034913337839,1.3306180316709495,1.347279348229672,1.8671696445512826,2.070600486116032,2.038388207361832,2.1150294900793045,2.322836810804268,2.1178279476136166,2.009404955718432,1.6291801537911794,1.0886404624782815,1.8237900624555985,2.189760736748481,2.2138310382186757,1.4424565565521899,1.4282981892417208,1.3525624242274052,1.4499281585177288,1.835855528171319,1.6865706271451004,1.6199237613615511,1.3901595018889417,1.786623606990445,1.5381324030514003,1.858881988226989,1.5834927762261153,1.502810730033057,1.8276165617213602,1.877154870753618,1.9848969444829727,1.928206652681405,1.860612367831125,2.2818575068357587,2.296090488741912,1.4272033444784553,1.3548322088182656,1.62871430754714,1.3683587039139675,1.3589775543653972,1.5910988457917,1.8963219846598487,1.772703534322583,2.054930533274837,1.3161336884898196,1.5358273757817902,1.7568415936350659,1.8690220082568787,2.036951165682941,2.265521587217886,1.6936725183061707,1.6052830614514177,1.95716315814813,1.8599545042520984,1.9671551998188888,2.0616225367200833,1.8588861170722806,1.9823489981428275,1.4974866399059064,1.3367913124208965,1.4142942937892415,2.189205240454087,1.925172724574507,1.9419761915980835,1.986554199395941,1.9407027302775133,1.2788225854735251,2.3962274008167683,2.4361947199558465,2.185703676736851,1.6542717260277886,1.486841797189509,1.7221539906329835,1.1456642055981876,1.1669797832841766,1.6055667072940476,1.3542976116986858,1.4679382250457287,1.8086274924995878,1.9471525562498602,3.790982431752101
Jan 2002,2.0385860206875286,1.6318330839146002,1.7245263687885017,1.5531709419042072,1.4053700650271406,1.4376357857609678,1.5307533196726677,1.7488122449484231,1.7234943004026997,1.9257956103894645,1.8017688802388974,1.1910409424467097,1.1791262765126271,1.3582224902567657,1.2776203758210487,1.2653614337800005,2.05395887843648,1.9492742815144102,2.0007936364006085,1.4159116210692109,1.3603228339307663,2.30685795397251,1.9284658765003537,2.0084120183102137,2.122254632162443,2.027326354623823,1.4647128738410697,1.396918458811182,1.3964530999967595,1.9306883941693709,1.624964534763913,1.2939681782682,1.2610381372640425,1.689429718889568,1.4204257779976173,1.5166676444983989,2.014351864803612,1.874483660113716,1.93505567286847,1.9151040786796147,1.8361135546612655,2.1662241383573044,2.053114274073536,1.862602261021451,1.634329500793534,1.5924942675179463,1.9271735585055199,2.0710439994030136,1.480596613427667,1.5377912746322024,1.2757232869715875,1.4218312262926776,1.5741202985584046,1.2954676988671991,1.3503823074473256,1.230127544322892,1.5543517889390004,2.1435975831611276,2.316636243382369,2.3860718955323676,2.1500160740879215,2.1986002674166523,1.8401019170925448,1.877312481152056,1.376749053587046,1.3514728395576923,1.8892419070967195,2.0722260984693235,2.0330306869077774,2.0985317694033885,2.367420687094961,2.0845176550944085,2.0143167667228647,1.6491316958665272,1.1037678042690857,1.8394716638584068,2.1620941925764954,2.207095393449397,1.4004637877042305,1.4378491348358726,1.3097555783186765,1.4300997120615109,1.7974932955258756,1.6754430766556903,1.5947418741386028,1.4679604046769492,1.8767938977484526,1.5431336722964244,1.8534225890162939,1.5632864193785017,1.4874837900140638,1.8276774502997226,1.8306929520639734,2.000625577781939,1.9551149182426215,1.8784873448721897,2.280275815760176,2.314481493346872,1.4251161449837164,1.31216241011633,1.611647951135671,1.363353472523071,1.3558585802652103,1.5056212238156315,1.886588227253933,1.725138620611548,2.0655146163174054,1.303411034182116,1.499924199506636,1.737316750586733,1.8130849191935805,1.9959746891819294,2.2330812160801052,1.714041557200509,1.591063895365912,1.9736302826225978,1.8733747600839996,1.9980069416762276,2.049113680814707,1.8089970248807294,1.9623762601105916,1.4813911060576308,1.3248289034546994,1.4070558069833143,2.1943061498976384,1.9099020167984713,1.955867896285012,1.958375669231576,1.9229352804805364,1.2670389304086427,2.374075573592278,2.398280803284394,2.1152490024151187,1.6555766780487442,1.458128269385127,1.7369069295737016,1.152518317610118,1.1724496028123685,1.5723596504904138,1.3690788110856484,1.473696268560777,1.7662447800855101,1.9070883016247135,3.988372203356017
Feb 2002,2.0673107043468364,1.644410596243559,1.7334113417158767,1.5329067908350515,1.4569407451034655,1.4780094336829197,1.5595968981716244,1.7869510247880098,1.752333668641692,1.9469838363414067,1.823087579622499,1.2064409439996724,1.1825236001769144,1.3781058567871791,1.3092459799559506,1.2758980655081016,2.0468330814504743,2.0098013057034323,1.9989483634864986,1.3775598986956672,1.374059747254232,2.3408724765304965,1.9072083803752102,2.031720323297104,2.0961754285138317,2.041786914856571,1.512416784675741,1.3864094352258451,1.4238596382434983,1.9275100925099415,1.6506431273225481,1.2975641515898597,1.2818933235014085,1.6853333725128048,1.4051987081853792,1.516582389843874,2.045043840180955,1.9116056673030724,1.9594295905754597,1.9383068670235408,1.852379164212631,2.1460336574241894,2.0504764234256454,1.885083718354637,1.6319855538427295,1.6161108722646853,1.9250184302662359,2.1009369367020656,1.5363825820444343,1.5309272913229415,1.2939209480242981,1.4225303406837009,1.5843896073141404,1.2969304556297212,1.3456795414438327,1.2227066576418892,1.5875148541376127,2.1256672854611214,2.3186011877649646,2.403268295995583,2.1714230401256724,2.1671623612003135,1.8565799432398875,1.9037954673885173,1.330982937927825,1.3971679264366705,1.8949642901776438,2.087971623453533,2.062250895273703,2.108961067932523,2.408151722122954,2.110856112342364,2.0238429764627077,1.6336407517935883,1.1043599994912299,1.8106909330530432,2.178119903318112,2.2296177770619425,1.4399940817390053,1.4706256131326445,1.3358790669228537,1.436623419474707,1.8437377128103554,1.6902708745421278,1.621125112534277,1.422605851002484,1.9504327323076363,1.5395484365444014,1.864958189357623,1.5557655705052265,1.4957578742962079,1.8603112296660678,1.8761673115702129,1.9929196915165657,1.9496631529729804,1.9029695856771516,2.3306588104651422,2.321935324536797,1.4410207496743812,1.3610032842693542,1.643946054604809,1.3840800521962389,1.3439880993460147,1.561742032782281,1.9406859555587996,1.7811748487411956,2.068541795799169,1.3246791157898825,1.551544375362813,1.7517376991014562,1.8433029316826677,2.081035875489125,2.245466398676716,1.702221875383399,1.598082624860403,1.987919662308054,1.9018631787669877,2.0826809600565146,2.0532091735126747,1.8462588996254137,2.0075269931829958,1.452880031089711,1.379367042082904,1.395689086868792,2.1931689261910474,1.955649299940067,1.9602779071035688,1.9722006005367727,1.9288480034336517,1.2718079131904272,2.3900607285613082,2.407301611627478,2.1702954913602235,1.6606829022800618,1.4935253780287194,1.7631084827395664,1.1507755796814103,1.2017762411502286,1.620959257814888,1.3600597667799894,1.455988864485762,1.7816124808529772,1.94979423423665,4.282639188422791
Mar 2002,2.1040617818258704,1.6895740602184095,1.7716720951506524,1.530315623242484,1.4372893300949092,1.4892889234819215,1.5686264514095987,1.7900754775469083,1.7832462768960133,1.9877382616787842,1.854625291838449,1.1960290359755903,1.2123563219886448,1.3724039822702705,1.3056995733314596,1.2822229522049007,2.0864148953271444,1.9825394963229588,2.0349377930495676,1.390764635133753,1.379820753911119,2.421594391665174,1.9301606487779177,2.0653178991242753,2.128245152328774,2.1396940028887466,1.5165440623860882,1.3931771796373595,1.4068337452164459,1.9733999725588813,1.6811781065384397,1.2959966866819337,1.2977607447013926,1.6983363053659042,1.4498258217383266,1.5656229476142578,2.075666461526775,1.9406324594450095,1.9842799828210123,1.9636425272376523,1.8883309162351056,2.158554569012655,2.074394485186849,1.8923776234574035,1.705811581138342,1.6247768749558384,1.9670183425201537,2.126214134438605,1.6150092104416773,1.6035248953650698,1.3060327236417764,1.4762152076311306,1.6133157809345584,1.336237562969259,1.3880976175336963,1.2639829592158005,1.6335745419736416,2.174483874923093,2.3339829624454653,2.4973023285153566,2.2366152652329454,2.1925690939457327,1.9080582786796256,1.947747206224046,1.374514860857924,1.3987737830127758,1.9314952931006009,2.1169508513185287,2.073662522595054,2.14655805505758,2.4171916268971865,2.173201711929323,2.065836358472332,1.6746391007875072,1.1085042578947444,1.8673444766687393,2.198906377820171,2.2459742215497487,1.4603065326617533,1.5018642891170946,1.3510880331112496,1.49617688100328,1.9111184100129157,1.7378275457116301,1.6025549089140039,1.4942640845150494,1.8613245161894714,1.5883047047460392,1.9203085193258567,1.6228886889697713,1.536317013276754,1.857139647202351,1.9051092433075805,2.0528660552034874,1.997045465495989,1.944824465349993,2.3804106220431156,2.298251116996717,1.4668503901305185,1.3651046613289335,1.6879959145727907,1.4378378661675946,1.4207095649556025,1.6538930206901639,1.946183954512477,1.790856603836321,2.117382077469195,1.3549797217344761,1.569858280843815,1.7900994771861187,1.893901758550303,2.117855111307687,2.3094862912393777,1.7671399321359453,1.656791553734407,2.018696689935566,1.9296083223878653,2.0936807148841186,2.0905541822241376,1.875122847664368,2.042057229498041,1.5244763102802303,1.3291130814022956,1.4125460158229473,2.2341855235054493,1.9601866829163161,1.9817714233412342,1.9993895434157436,1.9713134418324594,1.2477680516624683,2.3986772019516307,2.412290618345574,2.140055851592985,1.7042860279860945,1.5349008756154447,1.7952735284090147,1.1865723465090112,1.2051293034974129,1.7152820864300662,1.391813365275942,1.475975632528584,1.8312691134084749,1.9847005578964638,4.563966655066805
Apr 2002,2.12772651178754,1.715158344271698,1.8002747745385779,1.600348049879378,1.5137377722970191,1.4998917312102529,1.60293820427511,1.832565685607926,1.795903886740637,2.0099022062618426,1.889228255129962,1.1879736385082595,1.248808372340272,1.4060821158163914,1.328414239301234,1.3073698028023353,2.1344013497486953,2.0216974760126316,2.0894201551279297,1.4230920075882043,1.3884750161316435,2.436161622802789,1.9590845390972849,2.1088451307157903,2.1678872157089284,2.1226958715783137,1.5499920708108998,1.4067639821463693,1.4371423903697187,2.007351694312902,1.6870727909463488,1.3182942732892473,1.293022178585681,1.7415223993386362,1.4607850482661526,1.5927277639911015,2.1011500527506337,2.0057897005624343,2.0354697326388056,2.0015916878327755,1.941053504948608,2.209431506448791,2.116427325679442,1.9303270669144659,1.7159049422135944,1.6323131698793296,2.009953851199322,2.1476107625945127,1.6213121659878742,1.6357354835324631,1.3422182848050321,1.5208608419504357,1.6432326441824603,1.3406062019766696,1.4195682551494841,1.2947276231951106,1.6534973787280516,2.219892304659712,2.3107053534151447,2.4297792008498043,2.2567368647940222,2.224666126177291,1.9271661961807176,1.988509809925368,1.3901949851484838,1.4028949752410373,1.9617162816577656,2.1268491199512063,2.1066858220264857,2.165611778182625,2.4330175095118065,2.177512736152616,2.070663246262466,1.7245914166111302,1.1112233022663431,1.9150455934938884,2.2458306037695572,2.285599609800775,1.439212668926555,1.4543323642723456,1.3659145040805134,1.4933766937788533,1.9182134870541585,1.7681007942771823,1.6744938571854953,1.48979187392008,1.9634070391290166,1.5867128999680622,1.932767214895768,1.6097275232317025,1.579599910836086,1.9069918981840832,1.9420963976438312,2.078863112947018,2.015104220338725,1.985003997202177,2.4156487849618498,2.3855538161936876,1.4938608144753456,1.4042958578301343,1.715420547585338,1.453237834725032,1.390347019694862,1.6447918705335054,1.972790195106768,1.8298682473747192,2.14954723921263,1.353700244441345,1.5698643939415915,1.8471620428959232,1.9744485142235468,2.125728270810244,2.3828843460849574,1.7957796024225972,1.685779823168378,2.0529781591915808,1.9622347369466617,2.0613513319950103,2.131465529095637,1.9036237049707851,2.0635003928774496,1.5487721257592688,1.3903451323609504,1.4344725394518376,2.2741936477593443,1.997799557696848,2.01387964492922,2.036443562807956,2.0046804700731955,1.3099366029195096,2.4944723871609518,2.4924592354143247,2.2198630453357224,1.7363471205882772,1.566527347776002,1.822689330123914,1.1981636666817683,1.2118486417904935,1.6767233268484392,1.4203807241565294,1.548604839037353,1.866438533069308,2.0041182420381403,4.5550504272673855
May 2002,2.177107570700737,1.744161524930411,1.8211427379485703,1.6126127213232142,1.488266796706984,1.5964825773511295,1.6393714627858407,1.8645534715951027,1.8142556425898266,2.0664523481969925,1.9432819360277496,1.2544059639635063,1.2021730516331295,1.4588698649110425,1.3618165607326698,1.3297643362340488,2.1623213456363772,2.0823134018171254,2.106505682055932,1.458885696485422,1.4175732579304,2.509654666105425,2.0355970537622374,2.145354190500984,2.18875589790173,2.1906637235239703,1.5820761613438312,1.4316877609873222,1.498796726676743,2.0367937179788753,1.728813728692274,1.3510781971731098,1.3019735577993994,1.7810685169081892,1.5119377316735836,1.6097016564637523,2.1589708179790192,2.0162141175074777,2.063654787703019,2.0520171018977553,1.9861192053822958,2.253731492665729,2.132536585674497,1.980249990863924,1.7455074920878146,1.6952676957491601,2.0521277773632582,2.2177047147553712,1.6663489877418434,1.6807117577698447,1.3647836742807429,1.4796784394925393,1.7108795892813782,1.3824186392085083,1.48172780967636,1.3486451839556601,1.6894792391737945,2.2665269070902903,2.405665222457636,2.541809536617485,2.2666844129301182,2.2519112863613833,1.9857560030112158,2.060940124637998,1.4043908078686926,1.4740031351656941,2.001227615925014,2.1655175701476637,2.1554649991894164,2.1999740002505357,2.4688275842271565,2.22572086822593,2.12503996697029,1.7482658837688851,1.1759757470300303,1.9215590778852003,2.2725175614354387,2.337979451697839,1.505848249242237,1.5245071303417002,1.4009053406861214,1.5692594818164591,2.0027189317174394,1.8018697523890754,1.72369683106922,1.5525318925890668,1.8910622091615956,1.6373446143351766,1.966462848672878,1.6559471439007147,1.5991280113708626,1.959924517178522,1.9616294225475541,2.1169939482933717,2.0766679797093825,2.0289484892238323,2.4412396739380804,2.405212236504672,1.5630203653048287,1.4409295368102424,1.767499541957809,1.4670418730975376,1.4504042867621791,1.6941787918986453,2.015736252937915,1.8979536799924337,2.1841526032498284,1.3781228856128143,1.6160591815040517,1.9018928702240079,1.9873772308625384,2.134194999187905,2.3988686317929293,1.8049208266052437,1.7640377045455986,2.0958637299174416,2.023706998731057,2.1431892145511355,2.1447950305067516,1.953535264265562,2.114096725764104,1.561397781258326,1.41703912993606,1.4803133134054018,2.310538193704399,2.0594793806999596,2.0475416571372653,2.0908481071635907,2.0610735061492864,1.3038388034127277,2.500781348723621,2.479908972594255,2.2524151457949597,1.7958133225050334,1.5943385037729338,1.866537570320619,1.207738726681695,1.247343843265362,1.728259077544714,1.4695176006889268,1.5651750228280654,1.958273486965773,2.046120953175262,4.747826105422907
Jun 2002,2.228944577452739,1.8035659358711096,1.8886668636469328,1.675328045168729,1.5368903613782734,1.5834042575977283,1.6913516308403667,1.926745003146769,1.8810964180040468,2.1207945110594886,1.9959110054336426,1.261698542871677,1.2767664611524105,1.4657467434662688,1.4248898864037363,1.3449030020483514,2.252433747109168,2.1273772973944545,2.1722367327532224,1.4616898414098298,1.4586717376159661,2.559236548668229,2.0782839187007465,2.2093631847248916,2.2595386442771592,2.2685596819775427,1.5831378964016853,1.4511457855801237,1.5276111647044348,2.0701543469993453,1.819449782146045,1.3507982646579262,1.3729726916219351,1.8275765429483044,1.5457423296467891,1.6466271501313527,2.194953274289187,2.075971190837936,2.1538921535386844,2.089174661762928,2.039949219443097,2.3133412803877387,2.2177948730543067,2.0266100893942416,1.8055928723585135,1.7293982379935968,2.096722934483763,2.2795884987254045,1.6755476857154494,1.7040899998045322,1.4054340846180837,1.5763523115753768,1.749341673854344,1.4213405933085026,1.520355745506116,1.3553875798485184,1.7676044023788204,2.3705723900133853,2.4739494714816255,2.5560872547312794,2.3024472397632727,2.302170895228972,2.051763647188778,2.1675802977175542,1.4744740768328313,1.4989173615461884,2.0669307882665935,2.21101127429809,2.195070998581027,2.2434482811138055,2.5644819680788147,2.2737516693560145,2.1690043662284078,1.778793157258448,1.1872400714335498,2.0077818401600127,2.3250915863424604,2.3618189711603237,1.5233339395169994,1.55782376363231,1.4187111140848072,1.5886639586754376,1.9887526189174862,1.8640815339947183,1.7799535430885762,1.5703428620292263,1.9446147148034323,1.7259679630316913,2.0653706650468044,1.6733396180029274,1.6277874814836053,2.0077308620924823,2.049367802830712,2.158478598619858,2.135586395886472,2.0493366965207165,2.545000287982831,2.479806708596174,1.602976465282604,1.4652219208444612,1.820486492438574,1.555884778885978,1.4936219379708295,1.72819167490838,2.0474322408790946,1.9449367344560728,2.250407289744345,1.425590518631961,1.6531169939004482,1.9532587603207083,2.074671466557595,2.2388788447033545,2.4295656730419415,1.8756676905627896,1.799295725696851,2.1540049968310426,2.0439555924043185,2.2102712858512312,2.194531780702548,2.0240807066713735,2.190356255606398,1.7032045799512048,1.433217697592859,1.5503279168860298,2.3734317111132492,2.09836780063918,2.1013988979846863,2.180131037571277,2.180820470734032,1.3443254156634534,2.5515927712077624,2.584563142191357,2.281235997407372,1.85436621065906,1.6383448839525565,1.9029864250368598,1.247920433208105,1.29425296934997,1.8192625165669492,1.497250582284031,1.6402563678523272,1.9763717832650507,2.117349849570426,4.715296668983049
Jul 2002,2.266193814363489,1.8270747839964978,1.9011910335752082,1.6706415509351988,1.5296370292504358,1.5879535957355606,1.7157495017082294,1.9487177566909866,1.8901270934244503,2.156195780439609,2.035321500555541,1.301820703863112,1.238156816915699,1.5084320275956065,1.438134124186193,1.3771254029702067,2.2925983919136534,2.1663319748418446,2.1951570264384728,1.5004890995555877,1.4743567239734165,2.585707574813306,2.134564795714003,2.2362663384608563,2.274979512244191,2.3120448934469766,1.6287828200634946,1.4993495514202697,1.5666998380726285,2.115625501201994,1.8348102072077825,1.3835099803895394,1.3717706829317429,1.830897816292447,1.5851473653877766,1.6621505343460676,2.2590838111986358,2.1410724375307026,2.170921321483317,2.1698690190953127,2.09026361133586,2.318455593030511,2.2112366536670294,2.0795095222677733,1.8728324440946469,1.7617008075531029,2.1288636035239263,2.287307403488399,1.7387555006043076,1.7483679899278786,1.421127651206103,1.5727089292260108,1.7769820187275194,1.4237257456875358,1.5666873888746082,1.379081159874843,1.7881135440927447,2.383768554233397,2.4564183427074666,2.606082477882693,2.3841401637219506,2.390847117246795,2.0873089090082106,2.1746452624906603,1.4850333512500835,1.5065473057272638,2.11255246868304,2.229441282308011,2.2286108751692533,2.2699027370933815,2.628332120892143,2.3000031424733436,2.2077827943101394,1.8312344835716108,1.2271417548628298,2.0465327828726974,2.3643597610320684,2.396475273796776,1.5649132512446429,1.592167986395002,1.424101872793896,1.6004371696814228,2.111169705815,1.9045626330962617,1.8400693378016435,1.6194352782493187,1.9855746752378534,1.7212440562269729,2.0817279833613913,1.7082416664059414,1.6489209447457023,2.0556661231305258,2.065992195553429,2.2173374167394777,2.174379863945094,2.1266961041099344,2.535764333827016,2.4684889071300975,1.6143083503764781,1.4629556163373132,1.8483788574796918,1.583458316271367,1.5131678293452266,1.774399079460952,2.071433253701936,1.9688589134304084,2.273401308596671,1.4686366125766013,1.6777923701899176,1.9789140980693687,2.1338213661784557,2.218074921915731,2.4784266778483066,1.899685528357444,1.8566831232912013,2.17766039676699,2.1306157143841986,2.2517906766684264,2.2210219211964777,1.9932952417712186,2.2016556015769435,1.66930556164511,1.4751387791411854,1.5814877791945787,2.39141950129132,2.1234446887733234,2.1576754767442594,2.213056100188763,2.2205547317317005,1.3356264493847212,2.598521493177486,2.6058971912950324,2.334138107333022,1.8953438951018657,1.6816656601245583,1.963674326541341,1.2461759434076447,1.2953884144519483,1.788360555525729,1.508197635289469,1.5947500960738548,2.0165616989767674,2.124726976901318,5.660483532956752
Aug 2002,2.3140530270097357,1.8748238817762433,1.9674216693642357,1.7222419947356007,1.5890501306137548,1.6210885313202763,1.7589892994982843,1.9781552156096682,1.978191461243451,2.2228857379346456,2.089355609167256,1.2759635094982988,1.2829101574048862,1.5577330057848433,1.4675011968965221,1.4044561434507428,2.343283265809641,2.230507809100608,2.223763710844718,1.530824517014609,1.4836522343138576,2.6522349721561174,2.1931653973135785,2.32577263299065,2.350166970064277,2.4548265793790778,1.6352077935778635,1.5012651618640545,1.62352268439901,2.1504361134320806,1.9029914430156132,1.3830625559714045,1.3978337005172277,1.8821300065480613,1.6150798653969918,1.7226295031919312,2.2895373722809063,2.1994466104620645,2.226271042583109,2.211168909887397,2.135535640685227,2.405790314834766,2.2523282037054693,2.1168237677284396,1.8667966666644777,1.7874210731882474,2.1892549889895876,2.322234490230161,1.810116356606221,1.8054599585175086,1.4531735636268506,1.640255489311872,1.8289648599006179,1.4703245846732054,1.5842041956243558,1.4539437856777244,1.8784374461250193,2.4676292506961444,2.503423425132625,2.6215032570145285,2.447870422940791,2.4272914264838317,2.1795126304713395,2.2575572321764414,1.5512826060811349,1.5727330726157165,2.1414732210735514,2.27994436034158,2.2585691236599805,2.3003839586443986,2.6667654418075437,2.353925237829236,2.21818286873734,1.864324441978094,1.2148248988437693,2.118531655799996,2.39604335059407,2.4735756277002885,1.5307216169486766,1.5884243887888638,1.4604793988150062,1.6519475091089055,2.100253398838837,1.9443705975864547,1.888709698971307,1.681217487511261,2.165678603425454,1.797727677595711,2.19880067830197,1.768162121337593,1.6823013664541895,2.1212233035405976,2.106114458221287,2.2464460416029866,2.2447156470274816,2.1169753940593448,2.575586950830453,2.4937433184605915,1.6491146293792853,1.5488014279515845,1.8904473450980983,1.6230909855191757,1.5199909055891034,1.8626987415812828,2.1376724741850746,2.0227726485946467,2.3107360298638064,1.4851725865712273,1.7646583245322034,2.027940090913,2.184732849265908,2.325234681565862,2.508546982874349,1.9578468183621707,1.9432705953842544,2.2642337175367664,2.2147092539021545,2.3115959057417435,2.267203225031679,2.058369520636398,2.2593562050101386,1.696050499136401,1.5212580100075759,1.614626869187654,2.451235463159826,2.1747674976827867,2.208722419930057,2.2647921145590733,2.249974124925855,1.395477384502577,2.644660405237386,2.648631423374319,2.374897003431941,1.918769099920402,1.7314325026248771,2.017720168527676,1.241337577600825,1.3329654916110685,1.8769584913112187,1.5736553494045966,1.6940470433646717,2.0563841868919757,2.1704685821156606,5.314856985280694
Sep 2002,2.3633439220030183,1.9167138128424372,2.0109262110989703,1.7817463619846787,1.6402019708369855,1.6750983981688825,1.8104763545087286,2.0177302536856687,1.9611653487998246,2.256207179283796,2.1250661625078067,1.3088917916455,1.2834472619546178,1.559382006723164,1.493430418398948,1.4367506475969927,2.393555428744508,2.260666261714648,2.266261502743387,1.5694427346310917,1.5377275880230425,2.6804435285767507,2.2232902757788735,2.3418284540952823,2.3910390455399506,2.5361226016033114,1.6633170504758106,1.5255069566323123,1.6550767320675612,2.188329205285567,1.9257452840470306,1.3944096044913954,1.4056905378881785,1.9145481419020953,1.603762893095319,1.7307476069824064,2.320039720708579,2.2166474634563214,2.2480217627252035,2.2852136291011864,2.184530043755503,2.416302494773752,2.2840100318030054,2.1616857452691107,1.9273431301680202,1.8155762605896308,2.2575054441499454,2.3876090354066735,1.8740176694162785,1.8417622591174097,1.4374076636586286,1.6463039128949197,1.8663828294447564,1.498448637021378,1.6318809917874209,1.4279438509043827,1.8994348198427549,2.509021336517303,2.559322156084184,2.707710025341319,2.501692312884712,2.423149118559126,2.21898189804451,2.329865289038707,1.544766881304874,1.5721620689941291,2.2124473275376206,2.311498189540402,2.3104510936669986,2.3318146998736244,2.672995869304316,2.3910686071702227,2.2747642960977963,1.8783632562864503,1.2638306134854445,2.1266944043616367,2.4419759647037425,2.463855062919329,1.5945986355635637,1.6642312373645543,1.4785542413647206,1.6533037520376217,2.0185921735400942,1.9900560440765729,1.9817815958936658,1.6484753161025054,2.168953328145107,1.7906567529433892,2.190596321375508,1.800609807186914,1.7152234589070954,2.1647064199942845,2.149483516525096,2.271627263072881,2.26576186404619,2.2007508284546216,2.609221836275974,2.4502832158111767,1.7263228060654556,1.5494387768599214,1.9432536116437216,1.6823900471783022,1.5987790639207728,1.8799844029202828,2.1870151406333944,2.0676131744854485,2.3401257314833037,1.4657707860778748,1.7463406265738228,2.0091063535815894,2.248535245129516,2.2288653095694975,2.5465960414490443,2.00517651242686,1.9411905711059807,2.304957931249531,2.2403050299388156,2.298297641952684,2.283549668901104,2.0845960039019555,2.346990153688725,1.745246003235388,1.5164667176009854,1.6242726846315911,2.4997876748340837,2.240832554534575,2.22829488779652,2.3375460757252395,2.3244890168199874,1.4141529704872686,2.668727983688074,2.678652759978723,2.3584608249141956,1.9220991158630913,1.8055806577741742,2.0833902629730625,1.3116019422567744,1.3593753880329305,1.864127626204485,1.5999417451510638,1.738091027178933,2.1406950302181764,2.2280016826589626,5.128321804148619
Oct 2002,2.407317741530132,1.948548525665223,2.0516737390197157,1.7689441608098424,1.681038471152341,1.7250601516846988,1.812749161357941,2.0536503050462946,2.040301975107705,2.3032489779392935,2.168157859919857,1.3395785275844518,1.311345612901486,1.5896775839109152,1.527065977514407,1.4104468250370634,2.4378911987040865,2.319507340937883,2.319685937251337,1.582270485937652,1.5481560678613897,2.7016422702476635,2.272102119154239,2.401597707496557,2.3887093004432276,2.466837642138051,1.6854731068827118,1.5349697084212177,1.6983983226319537,2.2169988467488055,1.9077893768363339,1.4484695564509784,1.4553446173051336,1.9174308852601463,1.6584448774572305,1.7648909616618358,2.3653917342433894,2.293576566047484,2.3137756137639385,2.3060366526227507,2.189996629153572,2.4649148978523088,2.3393469230021804,2.2198962221390413,1.9382171499990544,1.8591300524555954,2.2858135528569403,2.397343872208801,1.8847263282075593,1.8698830896182932,1.4893343527564904,1.6661334522011502,1.8869637411381741,1.5062363251159472,1.6476573194346125,1.4843461403920581,1.9404525389194724,2.5642287021468295,2.523876420434378,2.7605304642316963,2.5392890633899543,2.4134498709019887,2.2489831837058833,2.3402091921651573,1.5758677155129979,1.6129760082567668,2.22792070239181,2.32429193867441,2.302738015117332,2.353940120868501,2.6852378373485872,2.4338998980216284,2.3159517933855414,1.8868968017231738,1.2520006947429325,2.150579025155218,2.4882116042689737,2.489918755221623,1.6103365444124067,1.6767452679546146,1.489729604296178,1.7103291041804036,2.1205903308454452,2.0152657330902595,1.938530966683801,1.7125807446012715,2.238707844880741,1.8262503785215571,2.2813217671590187,1.7925324342256606,1.7471901382569177,2.1944991576308737,2.188696545359338,2.3010707348664137,2.3107918396217584,2.249828941973435,2.6201066343226205,2.539875203528635,1.724560089795903,1.5598663815249056,2.00134396991396,1.700852746850213,1.6510090708715883,1.8650240485996765,2.2194870081828197,2.099224430199923,2.3694820961773133,1.525291831850737,1.7965214749943486,2.067857516716342,2.2243992341770658,2.3164616562688063,2.5712974681092216,2.0576046405473476,1.9817861680190567,2.3492898717812616,2.2436221115291497,2.3664891052732635,2.3543677578309126,2.1457861095830264,2.4044982103128576,1.7582536594707636,1.565416152986952,1.6292886345643713,2.491712103421449,2.3007066149136293,2.253118460630476,2.3528395678158733,2.3357979502943875,1.460056743563607,2.6968195971779294,2.708224796032732,2.395481967327196,1.9816685371776592,1.800347759977454,2.130688924253949,1.3444553533572627,1.3780174481088285,1.8962345693568392,1.6520655642423303,1.7629302980869443,2.127360005252555,2.2694676941689034,5.711083470725692
Nov 2002,2.4589355435585127,1.9894039033185666,2.082529055595092,1.8390860995368783,1.712195876491674,1.70867586006555,1.8798360310047584,2.090679774555528,2.0792352565118395,2.3517626142182886,2.2210721623202687,1.3575003333071698,1.344068676628478,1.6115905332224247,1.5560358213580376,1.4766349575861952,2.4948302013384387,2.384534182594418,2.357447132161767,1.5831627443768097,1.5786383439017606,2.6881532752542574,2.3115013254064287,2.4373923424785824,2.447397298282212,2.53913451901306,1.7530293057070807,1.5735879984624332,1.701369490426518,2.2232382974420624,1.9614889749894389,1.4606085666957087,1.4666606577344672,1.9538666537118992,1.6792643307118265,1.870089061551833,2.417222729923517,2.3507962432271787,2.3016343544122986,2.3350694794142757,2.2422059210143397,2.508075163978741,2.3804612645077374,2.250172561190739,2.0079491782794796,1.887738664627846,2.302365712041267,2.45177984511218,1.9559932392252022,1.9114894657415005,1.5222924101196709,1.7298231677532279,1.910894080663703,1.5704520475403778,1.698230795739921,1.548447173960093,1.9833754368897054,2.5789041341733454,2.523829305132252,2.7815829028312873,2.5618511745750503,2.5082754414876605,2.296093944901043,2.4376092208657827,1.5904727459234376,1.639427232221905,2.2587294953353547,2.3689944688042845,2.3676004884949577,2.3794977043707117,2.8137941561384308,2.471101669086617,2.3329706171236295,1.9831269858500444,1.3318068230343199,2.1988839892667817,2.526225518415939,2.5189835408479584,1.6141612063443493,1.685224479516079,1.5553976953105175,1.7249428251983117,2.250199030575323,2.0766172078321046,1.9951082823237871,1.7719346453865021,2.224187477515349,1.8717091614443602,2.3261829221900587,1.8362232158362262,1.7374442017901364,2.2015140109737215,2.2421877248091002,2.3355964935727997,2.375065386655759,2.2675905276371937,2.6588658817744344,2.566496240031107,1.7667331796694283,1.6617781668908167,2.046953648775734,1.763548377326618,1.6612014543498625,1.9766478816429944,2.299742107255039,2.1066101252996488,2.421115715318874,1.5808252459191845,1.8569218327277361,2.1304145043493454,2.3024372573348693,2.293548522257584,2.628872124661828,2.0628792058569663,1.997082522937287,2.36176586989693,2.2999227322479823,2.4409289043186777,2.389308261659626,2.208166919551481,2.4284349583851754,1.758886003383639,1.5977693161833544,1.7082504404734251,2.548853021309628,2.303229673215528,2.2979614616821156,2.4007177691891046,2.400783015954524,1.471481286676106,2.700434236028264,2.7062098474058334,2.3754564481578377,2.016925486146098,1.8416940809050972,2.1304187519502076,1.392822796336549,1.4242817499909732,1.951451902799194,1.7250148233891698,1.7678732990494457,2.188738582837959,2.2740566877618926,5.281793462066491
Dec 2002,2.4881492453871275,2.0341473933729612,2.114257859139861,1.8208076305983334,1.7744186206627857,1.7829136690235248,1.9210501750074778,2.1190550069509984,2.1053891159963287,2.3994503744331546,2.2553225461173123,1.3911453937176879,1.421397235732517,1.6807340693653006,1.5772689330261194,1.521312470217292,2.5255336607788847,2.3708455547107627,2.3742070205373835,1.6246028637933607,1.6292434277456223,2.8028128896929405,2.362584832900104,2.4857141752472307,2.4664832596293444,2.560817424067654,1.7452359442302443,1.5963349099080832,1.7843408426400102,2.300080339639559,2.0163577905231014,1.5101608118188998,1.4990691255868942,1.9973160547170088,1.7392898982524863,1.8642631449084288,2.443492835171046,2.3857196928856013,2.365024259286693,2.3856838600705075,2.258412090890989,2.577995256096304,2.392785209418685,2.3008590101938524,2.0142929960806786,1.8904248852134289,2.3178543142439443,2.5190779343569822,1.9980564934793759,1.926547761188551,1.535525664585136,1.705806177262917,1.9496323263959785,1.6091400560665783,1.77119642804524,1.5453481451871454,2.0186321900189257,2.657116602303511,2.5547564928057533,2.8436498939343595,2.6177223514720116,2.443380509272982,2.332666380086426,2.5085345111362414,1.6245655315424765,1.6717898781365963,2.290217350959498,2.4128544430559566,2.3940624591052098,2.4034161612234395,2.849014806505243,2.5066409710398654,2.3748769284531908,1.9461382240963367,1.3721915415808317,2.256522442936383,2.5650467432194857,2.5919261520504935,1.706343034329683,1.8265064065201695,1.623585632026647,1.7903452929495423,2.1927812305345404,2.115259403966582,2.0710181654605018,1.753974200686087,2.227044722754356,1.9251998124418408,2.372208516958258,1.8592735909647917,1.7709302649977294,2.2745649883862242,2.300721639711085,2.3924181015154904,2.422157097277873,2.380759845513787,2.6999975801651495,2.5661928975611388,1.8344532120120933,1.6771934408787654,2.078676308186296,1.8230752419856686,1.7104982186435902,1.9725443792797568,2.304826517728606,2.189617091676199,2.430051036219848,1.5752830279971937,1.8896780053034847,2.1271258456513324,2.3090462902922693,2.263834621600692,2.677535311228212,2.134840935403159,2.044272046960682,2.4197542557198863,2.3312799422294455,2.4426768988510728,2.4338476285869146,2.298339599218522,2.47179088166148,1.7941353497854404,1.6020618752505562,1.7414001554981144,2.6037425299193004,2.3780705201415313,2.335348333032815,2.486083006993346,2.442398611541176,1.55711614216266,2.7146169554276374,2.7601216334173886,2.3762991765367683,2.037700598424094,1.8605719996745516,2.1869913718079763,1.3762483415072575,1.442801345691535,1.98282546973946,1.7620432661967647,1.8875328756080418,2.2524216934156875,2.3228159835626356,NA
Jan 2003,2.515516273713392,2.0552886512419515,2.134580935565167,1.8091019641735135,1.7787143753111876,1.7814361777581182,1.9088179076248808,2.1447582723794594,2.127148291325478,2.40651319483471,2.3011723527142367,1.381792616545337,1.3153996897813383,1.6789667514201354,1.5629479218783047,1.48800425945091,2.549956170197072,2.390313888831957,2.3762677646153305,1.618827430326882,1.6208437792402426,2.8020195558613468,2.395032067465418,2.5371229779351663,2.519184952317428,2.5252712257039933,1.7762513155155955,1.6034614845738342,1.7896597731153765,2.2831062250222756,2.020859667994092,1.5124451015235678,1.5063665315954744,1.9836272648907782,1.6743270858064785,1.8884227505019453,2.486086736355129,2.415145623786302,2.3738673686794742,2.3663244983631957,2.2799339381095476,2.598239205985138,2.400856284625137,2.3197031161830655,2.0565445432628517,1.9219444654115156,2.3814882006764093,2.489577283615265,1.9851176614837933,1.970965885926502,1.5484621901763447,1.7971366217176123,1.9823437038645684,1.638610698862251,1.7625567420829982,1.5796168969212403,2.0396702933668265,2.6469714445417707,2.5031236324218424,2.850415816333548,2.5702648006073505,2.556318675064544,2.339554718005713,2.4750152832703876,1.6043861159207922,1.7142068485592088,2.2991841001719195,2.4108391372957865,2.415814985598643,2.416835021648317,2.8739968170461587,2.5478221534471373,2.3675033099124336,2.0338767795117443,1.3209271751257297,2.1992817191609846,2.5766043271119257,2.553842857485804,1.688432858037319,1.7462291429309544,1.5988810988303006,1.823902907202559,2.1778034378433913,2.135051138120809,2.018275400078212,1.7790077116820855,2.3600384728060906,1.885749456428532,2.454838899677649,1.8286971337965536,1.8054732738680268,2.270778012225579,2.290804685543283,2.376486346522282,2.43016071495727,2.3111077384525247,2.6637601504826525,2.5647779226248293,1.7689031530351098,1.6905392654374833,2.107624703686385,1.7804126361882107,1.722652121496066,1.9811704471871232,2.3316129433933437,2.14878074828024,2.4512575355422617,1.6280404668798163,1.853222782379748,2.170128712818989,2.327932449970539,2.314610795890052,2.6382654137176416,2.1020658311847393,2.035834240658584,2.4052489640676726,2.333862852793669,2.472932294145213,2.439814198569028,2.2717737542086045,2.495161441722096,1.820055809765161,1.5990926944266763,1.7619732994999249,2.620528022687914,2.389750811443981,2.353955664188257,2.50336462393602,2.448468816613417,1.5050265766589033,2.6927447466130445,2.80127613375855,2.4004944705904596,2.070285321199011,1.87260022436854,2.2416186355026766,1.3930995708429215,1.4598900509394521,1.9845011400403616,1.76334215079136,1.8603376217009706,2.176222752676858,2.314461723959956,NA
Feb 2003,2.524051597710454,2.077349645193608,2.174854816474098,1.887375507581005,1.7656177441808645,1.7932579057063225,1.9419968966261665,2.1580854799496807,2.1594618015808833,2.4034695715833436,2.3086732264313765,1.3863103994905084,1.4024288788502708,1.702778091178606,1.5974951665933257,1.5342204383071947,2.575894458550007,2.435266043708102,2.4513252069144595,1.6513094165669238,1.6714734648894152,2.8050052750376846,2.4103223636491755,2.5360125237399207,2.4869042060364674,2.587339314949685,1.859786181987579,1.6169047916711496,1.7782120131217711,2.313155171913499,2.0513499986082424,1.5361283741973049,1.499080194612183,2.0173200710198484,1.7493040704583842,1.9080134905567374,2.5106141019107007,2.427382525718579,2.4319758281860886,2.46265075878266,2.300392092668008,2.6122701788177105,2.401181433982578,2.3468804867914765,2.0865956382948165,1.9909630093085806,2.3924763529633943,2.5424284711936815,2.0542384359931822,2.026507983679203,1.5965384212059648,1.845586909246228,1.998207844486026,1.6391717294954695,1.7763309604799469,1.6322711535898837,2.0812804300178853,2.710454073501849,2.529832201962704,2.831287258181399,2.632820153659706,2.524385092643626,2.4014224353366154,2.481786405471188,1.6650966439634804,1.7192190235175777,2.3222268531029755,2.3947150226479343,2.4263683546783072,2.4361880491608403,2.882708511439273,2.5678950883821465,2.374211063131247,2.0223451418671923,1.366362139190779,2.316758168140179,2.597948737986461,2.597690676477619,1.7097125259474526,1.743281004663797,1.60027495794836,1.8268404985889664,2.28932894720801,2.1733793563716817,2.15825521500928,1.857465833649931,2.374654710744636,1.937311580923663,2.396212913774763,1.8443395640807976,1.8396717385581465,2.3598027979942597,2.311963776000011,2.420483874974203,2.4784398738101743,2.348952824273485,2.69629657324007,2.5803605264861043,1.8117149130004775,1.6534603257247005,2.146423333080261,1.8462683463363991,1.736158429988521,2.0505931978787917,2.302621451721966,2.2002423809817167,2.4707928023321335,1.6817277061319904,1.9252687611775257,2.2123717163138967,2.3543221830521883,2.2873429348018077,2.708425645397093,2.1166027204839906,2.010562710501556,2.4687352413300268,2.4342863908447616,2.557925133162733,2.471035268974397,2.332425649711397,2.540802426681776,1.8727394872325172,1.6117464503916819,1.8008566150889143,2.61388151444181,2.4071663854804717,2.358252536562726,2.475027199957975,2.509178925763268,1.5188428933305766,2.692582263160918,2.75970918608496,2.4044257740056625,2.1140986455192814,1.8886434650103434,2.229205540081558,1.31350799717414,1.4511513045415643,1.977641827580746,1.7573440851681756,1.8198553316446362,2.2293288605076373,2.358062011417257,NA
Mar 2003,2.5349257254795448,2.100160376096004,2.193682145146097,1.9332113551964674,1.8643077596360216,1.8701190144863633,1.9768370691987152,2.1770580081464934,2.1353967535099443,2.4320295206666835,2.3355396007017752,1.3744026984968445,1.373587487834612,1.7275051267650392,1.61555151405058,1.523671689160161,2.5833757201650505,2.4517315123590904,2.45598385157536,1.6593407300692442,1.667144324068884,2.8032875764657095,2.418177862699095,2.5610708580773704,2.5362021990258286,2.629229252499086,1.8577347607700831,1.6705804710266154,1.807607592255902,2.336071857222044,2.090643801194059,1.5293493832878806,1.545948844905813,2.0722500027091897,1.7859163847792403,1.9426434393336804,2.5459206748066276,2.4794550257222143,2.4274047520522757,2.4906666099664143,2.3220163654641786,2.6318251674503323,2.403132469198353,2.346905458157161,2.092547655761058,1.9874029436251868,2.4678794791768484,2.586698836822822,2.102865939959318,2.0471784913497872,1.59923698987829,1.815534548763743,2.0469198820555956,1.6979704601458618,1.7800276907350732,1.6159197422061973,2.0838162634172357,2.6769093059900184,2.600926551081379,2.9467967767604635,2.656238026895988,2.5734459167318544,2.417660470255488,2.5538461815210702,1.714852277301836,1.7780601122285011,2.338142769051707,2.4513880407439053,2.4710740464632885,2.444453225229922,2.819705031491438,2.59787375231078,2.402899245405116,2.0582173630544887,1.3723650545054475,2.2872273791678492,2.625211851503949,2.5885248930372895,1.6794615393152266,1.8257893220246517,1.6239796157544408,1.8435306678457117,2.2925253886574555,2.1910253648349083,2.1429120190869377,1.852746548355156,2.4674481185337425,1.9921313798065439,2.5156851569359495,1.9084491713453153,1.8561754682341818,2.359024349285917,2.3388379839657234,2.39640599609006,2.4669412366625285,2.367125899568224,2.687891548935862,2.5458071235978315,1.9091480278845814,1.713194023319549,2.188400432417103,1.8615783972198463,1.7606478857492462,1.9891066372048185,2.3297196159881675,2.2441940900929915,2.4963273730998456,1.6598027710671692,1.95363693973366,2.2712705384279426,2.3725852900029776,2.263632307865708,2.751177638840664,2.1732950060170957,2.0544825110119262,2.4636137057967726,2.3805336316399397,2.520994132376684,2.494832433518449,2.3878094436990445,2.5484786467265597,1.873359257449971,1.6624861004114149,1.8207099601015413,2.654108398981061,2.4430722028953706,2.384581897666318,2.495362012004867,2.5170859122673828,1.5804847224929082,2.6853429075153885,2.7009233800422052,2.3543518901543603,2.11425814510206,1.9484169416506731,2.2370827071818153,1.4274871505719045,1.5065841783207348,2.0309728021389772,1.8875353189073734,1.8768945038416416,2.287057471194815,2.3332029867421524,NA
Apr 2003,2.549983072566095,2.1460920191835826,2.1961173253069575,1.9550299635781865,1.8510464777019646,1.8466866380940712,2.038310260600654,2.176234772584837,2.20695223576247,2.4482172533558004,2.3315097687111366,1.4407857694325503,1.4409197123393718,1.7449270129806327,1.6683578464333912,1.5780765309066267,2.6310535580810237,2.4817004788880657,2.428193593445755,1.721292517927023,1.6885396304291629,2.827951819395854,2.450618298273568,2.566920661882552,2.535446091105556,2.6503587775072615,1.8785051589004187,1.6760577620010877,1.925887943610394,2.357429494465612,2.11397436688537,1.6126095674299186,1.5506201777679178,2.086368825789802,1.8092066907799005,1.949550911217015,2.560288497627913,2.4906250991038434,2.433112191939037,2.4713034379339485,2.3315229079965416,2.6310761325493974,2.450161421597585,2.3447492440559223,2.095007077646834,1.9973561646182199,2.457895137793535,2.5905918151798715,2.074259150362067,2.1048660581089393,1.6891669953829713,1.94435988828787,2.0555539533971112,1.7341871810969989,1.834371972212985,1.6676457322572438,2.138792427209639,2.740863118965222,2.611123300780311,2.9474636350846346,2.6694861028884755,2.5435385380552087,2.442347325275107,2.572345817647167,1.7590708589197468,1.7935043667078354,2.3638947387451217,2.465468469712078,2.458935532871655,2.4501042862956988,2.9309056931474218,2.586117508674798,2.4367671392293873,2.088172200107158,1.392297702061543,2.2867576954690216,2.6046084995485828,2.5872756476653747,1.8008023308364687,1.8530327682892396,1.6781240152773937,1.8697196502572164,2.331118258116704,2.222028041106419,2.17477319822321,1.9149052283070076,2.437222410283203,2.0315293286048015,2.5044310326107726,1.9482762771427231,1.8766327288194569,2.4234574490675804,2.3833956905130624,2.4232067144792038,2.4557797806816124,2.3993364237594013,2.688149440986542,2.613543427440874,1.947809479764572,1.785157536765573,2.1732605597814656,1.8881092231687069,1.7832082783642755,2.1194969242317176,2.3686094934639828,2.2965393872232034,2.4929454793690318,1.7020229880813194,1.9446644592023983,2.202293879569916,2.3924073832276154,2.35340360274953,2.6752825248320358,2.1714717014093208,2.1439594839310834,2.5740963578200065,2.3899356122356776,2.5308733315238974,2.5257832240046816,2.3681338044757756,2.5694308992299084,1.9689874146878474,1.6753666206218967,1.882832007965674,2.621831728266336,2.4327358665417163,2.4363588410299326,2.5437476879583625,2.5271725923842108,1.5032104053915583,2.68435582738082,2.833769830180782,2.362551073021498,2.1502773580443426,2.0043066062777517,2.22973417754381,1.42744613514592,1.4947712377834432,2.0808861823821103,1.880409450126983,1.9123362281479264,2.2366491657341068,2.3504893570776666,NA
May 2003,2.565225899303089,2.1785675925807544,2.2324073088549863,1.9712419618868813,1.865053465269376,1.9012505837123745,2.041118130187354,2.231427019263882,2.227931591397631,2.4803777931875364,2.3825321121933625,1.4142208513860028,1.461272421382588,1.8080411372047565,1.7127368725149503,1.5989983258375764,2.6409407641616336,2.492967206282046,2.4539651669767375,1.7351196224591041,1.739689482432516,2.863919311220378,2.4730315651633004,2.5802537736130695,2.5905801648266,2.603072576828222,1.930887095889186,1.7516052785500502,1.975236451575514,2.3711012778298,2.1524250983231377,1.6424533520295619,1.605161031701728,2.145303097634849,1.827432535974101,1.996599699369319,2.621212717308149,2.4835615919756115,2.5065106931140706,2.5156952915434867,2.3955599053660137,2.7123982459685236,2.498093031995288,2.4204772754832553,2.112793468602122,2.047781182253602,2.506952752125489,2.616522261100474,2.2039544606736916,2.1142396528342666,1.699786073087028,1.9282303231413063,2.102862797387376,1.7701640434450119,1.855947639003608,1.7262932431394304,2.1938652651063144,2.7445494774845542,2.6514803437981516,3.018024608696822,2.7210414414569604,2.6333648438352886,2.465721771529425,2.6295880719447164,1.7302160425711202,1.811845262030735,2.3742819866310865,2.4603009201927497,2.4682286810157965,2.469872581054215,2.912745128120552,2.5955044360512582,2.455171592485846,2.1205651223457,1.450391373586441,2.3503031531909007,2.628894582809916,2.6120557947578167,1.7696297761293958,1.9148497781778953,1.7090687512467118,1.9290559187413892,2.414643152923826,2.241344579354614,2.2065838375714826,1.9518549741348759,2.593861733990914,2.0656146455694393,2.509811715838333,1.9649619237319187,1.9427967344286594,2.395528267710148,2.390255067522956,2.479434017900606,2.5188827275507073,2.4221272155613,2.734613994712844,2.564464202937722,2.003463309710939,1.7816667878834038,2.2456322945721867,1.9178581727478932,1.8238391702671959,2.1218195114148646,2.4289138177608027,2.313952932258551,2.4980883444839157,1.6871511067475937,2.0154042093748896,2.248387549013498,2.3950233976768907,2.354319073842402,2.689686129542658,2.2084645508680985,2.1278145267065263,2.515766237188559,2.423958388835455,2.582259236956073,2.538518502241003,2.434236124217945,2.5701902362728357,1.96124203501388,1.7037600404743591,1.8904663149886538,2.6536761013950594,2.4629651869423386,2.438784498012984,2.5521642556518374,2.5395437308411584,1.5892878339134888,2.7434755094112324,2.8316369679518036,2.334110376691428,2.161870234526053,2.0212834344454658,2.2455810268510663,1.4673439603888594,1.6179348362181019,2.0671059823776208,1.8954813855247918,1.9965652003113166,2.3452298713390634,2.379609983547496,NA
Jun 2003,2.5855152419904472,2.233523255069362,2.283432752757074,2.007801498615329,1.9415828073957013,1.9065232861516066,2.0803844022379723,2.2645793803506677,2.2641794989577786,2.5071269018423212,2.40881707097063,1.4747659953367687,1.504554722945886,1.7992875232905277,1.7654142806553672,1.672971432897402,2.688705426376685,2.519711509758336,2.50032613471407,1.7799939385490389,1.800189839931809,2.8382950861974083,2.4973938112742933,2.5731279152715847,2.5599027678676656,2.681882995433527,1.9641672884035843,1.7666146194929992,2.043077235099013,2.401750576479265,2.1695959253652033,1.6718241978205788,1.6208425367959067,2.1578374703570273,1.8947130702164663,2.094963418359569,2.620604093567522,2.5355447726357307,2.4810894580691074,2.53981792438358,2.41425792536417,2.665031937952503,2.5191309515451654,2.4854555946978634,2.206071418636416,2.052045091253481,2.5690164772330317,2.6362497885362286,2.150395561804736,2.1315509953112386,1.7430547150076963,2.012786166734791,2.1244652859858433,1.8107330524535972,1.951360905049371,1.7697064699557248,2.2032313187552743,2.7386696335529166,2.5810387364072107,2.9820012842513,2.7060683568739656,2.629690703743039,2.483881427227869,2.6597915991283148,1.8111335413646148,1.892211744320231,2.4357562838820104,2.49637479601354,2.515765541935176,2.4932039532770323,2.982566766865824,2.612378040889463,2.4539358544760463,2.1455450703603014,1.4991764739684537,2.3990231648974025,2.6400556344946247,2.6354453717877444,1.826613008826756,1.8890725297852364,1.7548705730187457,1.936253839340904,2.4236702064875733,2.2945237838459223,2.352578793073286,2.014552902520477,2.5872941777249694,2.0885273562800313,2.5109285732555464,2.047740898517141,1.9665596347232084,2.437818577617272,2.402871903890704,2.441765373857025,2.544212953414352,2.4423124139395207,2.738075282108703,2.6311717407490476,2.0571684017604905,1.8355873866993924,2.262784365915939,1.9749770042405377,1.894433896223248,2.2068715128209733,2.4381927624474757,2.3800453056306434,2.52213644751181,1.7456526130893495,2.0297625063634976,2.2833738540400117,2.448063091555297,2.300301547269535,2.796039929642267,2.224482872286133,2.174134333170729,2.549837357265634,2.427932750088626,2.6247304409027383,2.5662759174843575,2.3821761530157715,2.5719281321079546,1.9892685175829066,1.8147914037332535,1.9006156800308553,2.6475229397060467,2.4812191465542246,2.4618980056859394,2.5778054128873813,2.507030717271611,1.6688836323856986,2.6983004310311185,2.7435160898898405,2.339168774737873,2.2035616194915493,2.0170289790994502,2.343797852810921,1.4581152219374296,1.6233706851173897,2.0945990661682434,1.9669822558935326,1.941365589899723,2.382272683975103,2.3943015742925002,NA
Jul 2003,2.582573373789597,2.225073533014882,2.2636643878144973,2.016261079311852,1.9195263670885543,1.9829907785158651,2.088415719672458,2.288308813548912,2.306970975107722,2.4918886966305407,2.4252836949675496,1.488994619520774,1.491488479772538,1.860281733792907,1.798445867607703,1.6460518452492436,2.703056347593019,2.513089319312676,2.4887752162954566,1.8062974198729511,1.825210115295099,2.909029974948439,2.501410049032661,2.622659369572278,2.599856389761078,2.660529977330423,1.9769535753834377,1.7866463737683014,2.040547907214743,2.39167478674079,2.225421252345604,1.6554781771048628,1.668946675698409,2.2004110726733,1.8999070903094353,2.0847190794875323,2.61679795186952,2.5456973942375276,2.4528141471105793,2.538550689708714,2.4228326129345525,2.679728374999705,2.5031899124091495,2.4572980978110324,2.2069027212031047,2.078901462436202,2.522324335129904,2.5851011701626576,2.2133751536008623,2.1610239359582075,1.777044162232427,2.0134829137930637,2.1687989066945956,1.8320008376062547,1.9195831699652959,1.8153014163478673,2.2481887504001445,2.7382951860139437,2.6007169129708863,2.9609013307237246,2.699707734586079,2.6076049894530944,2.503653947213333,2.6768478637800963,1.7972889513223917,1.8329672433431492,2.4259460006944282,2.467674178835651,2.4661885612863004,2.4813874247079,2.903405686559854,2.6271002147711795,2.482463911997435,2.1522945016664763,1.516804351499816,2.388722927055236,2.6310828127438284,2.617612155968937,1.8188556655244112,1.9215861763876299,1.7534177162757116,1.9806586964630002,2.588779768870877,2.301656714073298,2.3241286376829904,1.9598751952900775,2.496288017228913,2.0889235117501017,2.5207525708083525,2.070311962218252,1.993799265727129,2.4447722597315464,2.425145384347269,2.4743665568077464,2.5378227168671,2.4729190006780435,2.7516618595037055,2.6246223042190913,2.0566853717671862,1.8781880777293725,2.271782065959921,2.031924264988216,1.896040309871966,2.16988252330913,2.4525509587873735,2.3069360250453363,2.5136640083341337,1.7787000997376308,2.0938687928023114,2.31303048607464,2.410187040841368,2.2842573184096,2.7444400307285237,2.234462812359168,2.2060732395904106,2.525746709633733,2.487173864968567,2.6018799498122878,2.5517775893286223,2.4446607941149945,2.662365036451608,2.0211468492528617,1.7869852746495016,1.9826092032749374,2.6676947072398622,2.5076578178127926,2.447107797374014,2.53229996765465,2.5862659760096967,1.6714542651392363,2.714082263722188,2.8034570502025704,2.349262455411137,2.2217771042965877,2.0131716278625227,2.340614835442366,1.5462566745592508,1.623945742227936,2.1654927706119165,1.97274587077649,1.9516859304407,2.3381320224645923,2.3699425926484614,NA
Aug 2003,2.595919995476458,2.2317481898978433,2.313730543621873,2.0697333788053567,1.9789417879283384,1.9918126668578104,2.1247804512546717,2.3198848431897985,2.275842223449943,2.5019289664785993,2.4426628517557893,1.5428335694067756,1.636055949941498,1.9175922257224867,1.8329794354091313,1.7081418680525053,2.696251013364881,2.5425132182522208,2.4960078401933146,1.843364828446096,1.8810613836966221,2.8714695041562783,2.5133995650379757,2.6278300160928234,2.624779597724933,2.6571336793700917,2.069598666465639,1.8195671276527663,2.0702837245324264,2.4053020117828803,2.2112381985328673,1.7348399557552507,1.6925771827080414,2.199823482701528,1.9883899822777453,2.1399890575689584,2.588453357798998,2.561679158998905,2.448091458471471,2.5555806495232334,2.4205854525411126,2.6820315284780136,2.5122157248476222,2.5232271267745396,2.2511929848587617,2.111897756417933,2.573859006385284,2.5923124224007257,2.2674655974735898,2.1999177157858205,1.8076156081033625,2.1349666824053837,2.1976640811255312,1.8541038720514726,1.9474640834829835,1.8477425806977474,2.2675852733478115,2.7588395722050048,2.610617749621252,2.9099035647429052,2.7326190270068476,2.6335869308707354,2.5229104069976382,2.7187103663813827,1.8788274840082297,1.9356465820593864,2.4121904854725034,2.4610919316180664,2.481560058064964,2.4887910235434743,2.941040970385495,2.6619590118562217,2.468053769215749,2.1637734766309906,1.5057298832239687,2.3786024727579504,2.636882907153069,2.6124466937907314,1.8920914574303938,2.00069108929783,1.8183841585454392,2.0546153015425546,2.559931343755676,2.3390851118746454,2.381358655109396,2.0122305895836003,2.4890397505019934,2.1436832886883943,2.593837599395257,2.0559419187674317,1.9849476890215958,2.4065391342104054,2.3909412508531047,2.494353150598083,2.512794020585722,2.4793408111632567,2.723839273598111,2.604195813270945,2.160098168825778,1.9507135914893392,2.272798200829867,2.04783777867384,1.9761075050903134,2.204657644621314,2.4673956025495714,2.4056641123236666,2.530822330250772,1.8157014743102624,2.1135377459296065,2.341577578020348,2.438954094150539,2.297997020270115,2.7343058981703865,2.2662879170305525,2.1878569589911963,2.5390508655158266,2.4893347147408367,2.642766190394964,2.525502536659222,2.430219025831667,2.6183176422786603,2.0523940802788467,1.8466365714510098,2.042107600371287,2.6797933273015864,2.4981610558910905,2.481436252582023,2.6116705966218516,2.590351124623258,1.6924856159594919,2.7044333873290003,2.768135153568877,2.38975386726732,2.2524757467585617,2.0697019695171037,2.4162198522641916,1.5999183951930303,1.6323580941595834,2.1585862574386314,2.005495616741534,2.0084528517758673,2.357933071175349,2.369490478825386,NA
Sep 2003,2.5935677299973676,2.2593187844239395,2.32852368525373,2.011611197570281,2.031417487847277,2.0204809998995654,2.1465139541452962,2.2947878990960184,2.3358173839349954,2.5259695378903175,2.456359437366616,1.5491946409641695,1.5552813093306563,1.9157316743819823,1.845005942967257,1.6902867220871869,2.6917219343964307,2.5476069814641153,2.5113653109560445,1.8274885303624742,1.9331857808055115,2.9062323502001726,2.4991839731449415,2.6142630506790905,2.632213522569252,2.7205609671880637,2.077592478989314,1.8991580120270808,2.0655305940003523,2.4359365478720187,2.1979365683299514,1.7708587649915044,1.7405266288685082,2.2702492635705696,1.9799300607934673,2.1291314147677087,2.5871954936449324,2.550997315383765,2.523992425608895,2.5945675395715657,2.4380620322689808,2.696847792283403,2.5055436979712264,2.49586218784339,2.235476988900754,2.1220931441426427,2.6136508125513505,2.642241398748683,2.2746520487703483,2.218016592339784,1.8451523470468671,2.0985703528208166,2.2179502292752544,1.891454882561415,1.9615641606592351,1.839260511421024,2.2672317626103635,2.7675125367393063,2.6428481861388744,2.9664038938068007,2.712147886766857,2.6591437953755626,2.5274367675786147,2.743960730793592,1.9087126573396616,1.9201203527521742,2.4425527693115985,2.474689734980658,2.4884154542250156,2.475347233443164,2.92514279112051,2.645052847748135,2.496857934294469,2.2386200409120205,1.594578360665914,2.391813710021069,2.6454985523925174,2.612740806077944,1.933880753356229,2.0164974494575914,1.8558617032365812,2.025335611021235,2.5351120891461205,2.349238966871492,2.3871223793315184,2.0685364666760635,2.8675250540086,2.1565387818788957,2.5741852682471893,2.150069041699628,2.062300600865468,2.434061309062489,2.433521736458416,2.5063298435925323,2.573085238669874,2.449688628685547,2.7253501000394493,2.5807133836166876,2.1661501992049286,1.8895664721200014,2.3040556312002813,2.0521401752102797,2.0292689130172183,2.2182943656782568,2.4829607896883843,2.411931892103512,2.551506944363931,1.8264754642066061,2.1354182626398903,2.306421838972425,2.5038254387000096,2.334421020415118,2.788088042023833,2.2845776110526557,2.232858589693002,2.5397230092632457,2.5311985624347138,2.6907024045404118,2.5578744899119807,2.412906650529102,2.663898784546279,2.0350729775300027,1.914297922841507,2.07933688689685,2.6749242129265047,2.5029060260935774,2.49062149682514,2.5295482439894363,2.5993039095987625,1.7300829721212532,2.7241665875382477,2.819891558175856,2.3788051035353313,2.286680363005267,2.1209155333575778,2.3812119622563137,1.5939286512155741,1.6398587815749532,2.192137381481633,2.0136775809700342,2.055753577373528,2.3772748282194374,2.34916398031363,NA
Oct 2003,2.6121770565316837,2.3081322749023125,2.3565991677948537,2.0842046644550862,2.0293156658435727,2.0849577995542705,2.1950381982539793,2.344094548316376,2.331041398863308,2.54890415750032,2.4773483947925423,1.5954621826129314,1.6144708597724344,1.9524097825954938,1.8829876267097878,1.7515545694679933,2.7526410434987825,2.5871172975081933,2.5444060498473746,1.9011663924949422,1.8984023218818569,2.9011550608106123,2.5109248546564262,2.629499456666095,2.632104006192544,2.709833429488118,2.1072034815717244,1.8942682041901802,2.1838547847852428,2.456883366278555,2.225365116743782,1.8172110612542083,1.7541882949670113,2.2564319680951392,2.020417193475347,2.172896400336221,2.6339478841429673,2.5761141420238807,2.4936649121361274,2.566176510000234,2.457018546483817,2.7250226761731886,2.5124809331743587,2.5335757889919477,2.2515126245913817,2.13155867849496,2.5926552659272875,2.6682556828420574,2.296841265985591,2.257510334697854,1.9025836231207398,2.1582894377155473,2.261310646729103,1.9392475007693775,2.0280417675273696,1.8740917584458636,2.3082761900372333,2.8049692275359095,2.613202738937852,2.953599658553969,2.7547101349305954,2.678095883097993,2.549790328180722,2.7854240182758776,1.9339141541754825,1.9820652025876433,2.4741310384234176,2.478125026622847,2.502952359788915,2.4851801524331254,2.9551372624385546,2.700168141056608,2.5050374209924637,2.2096124059962845,1.5514168110017723,2.3804073719785945,2.6743568453461384,2.6345387633653066,1.9698779506375796,2.0125005300585688,1.8747088460442842,2.0802007242112355,2.492737779301101,2.3698407800755,2.3909217104406517,2.0881705140869,3.056975342419708,2.1625161820573005,2.5784392137565244,2.114865060422985,2.079433382946733,2.4781128085340858,2.458677692780579,2.5276106329916943,2.579003535415989,2.47596635331223,2.737614390236298,2.5630411751819966,2.1378712058178415,1.9552257761283154,2.3038973591801852,2.100247980815801,2.0217553037985727,2.2237508916394937,2.4829813660568205,2.414718440450612,2.5818450191556246,1.8531271799755167,2.1598132473888305,2.402613361135369,2.460819188581707,2.353752161589494,2.773939196038831,2.3330312737653496,2.251117291974189,2.570650599131212,2.5352474262609563,2.6546087792585853,2.5892611450411973,2.4423182497339555,2.6877010955519496,2.092227961711985,1.9340883863220626,2.023043875556169,2.6818391398045196,2.512561912358164,2.5050758980715675,2.605402470727789,2.678126968448317,1.7729059530168365,2.727310364741447,2.805440845780912,2.3650292652099703,2.304280886390187,2.1008415583538462,2.378242798678143,1.641818560068743,1.7352702683760908,2.218705514107254,2.0916691111799457,2.0802885892909955,2.414270711091364,2.3799198286722363,NA
Nov 2003,2.634613304764905,2.3164509402241644,2.372701301257344,2.107392569684435,2.0725504342021694,2.0969256410002184,2.218959532839182,2.378614243534962,2.2671556572568567,2.550667057563617,2.502265380818282,1.611301538367528,1.617045690583943,1.988738950022884,1.9263435894730068,1.7975711318771186,2.755034380211515,2.611944741015712,2.556661958731807,1.9381215062846995,1.9555913441984585,2.946134020173604,2.5757864072456407,2.6783331531080563,2.6538464766052905,2.7091816779867695,2.1665109105323426,1.8933106331199663,2.17289475327665,2.497001944967512,2.2852832568689556,1.8167550084251736,1.835262448656496,2.3159085863336073,2.045231929101393,2.2426113269090053,2.6599141920655973,2.6076755808127965,2.5469447023619365,2.6459872958443147,2.4874401817711624,2.7218315836278184,2.566051336345085,2.5781335545070694,2.294655667652537,2.1984116083287986,2.6256752098407263,2.687325544863432,2.324386821254919,2.2639304951444297,1.9138225241326683,2.1892381838795107,2.2818985691888622,2.011605986286026,2.0373997334321534,1.8636487133617745,2.3357713527674244,2.848780634841586,2.683571056032866,3.0333529995427093,2.788794784945253,2.6886750886572184,2.603317722806542,2.8072298203649093,1.9768508538637724,2.0130549569874345,2.489771503308506,2.494858222394513,2.531078036440769,2.5124716658225,2.98793348511579,2.678548766584371,2.5164232585918516,2.249733986947136,1.5951610692620637,2.441096530425931,2.6900148084201803,2.6860939083195947,2.0854163545669913,2.054050927341249,1.9286562868423651,2.130351014805319,2.4928927323601053,2.3870065873515025,2.4454241246651964,2.1259953415917443,2.839115208365003,2.2214259389419126,2.5386619904409424,2.150038384826124,2.1049512786775937,2.517477168134698,2.4676355372638707,2.523177431587673,2.5969866559649475,2.536695311577195,2.7611685428407813,2.59617517677874,2.199971824341921,1.9899847016797245,2.3247594466515884,2.1459944914363995,2.0677206900250225,2.281212596673218,2.5178981623077483,2.4690147456524723,2.587681485308501,1.9555278574364465,2.2024186894967253,2.382838102699742,2.5261366017800935,2.322021947212731,2.790975967003214,2.351802780358977,2.3028348526366993,2.6030345306632685,2.555908150797136,2.7643931949095912,2.5931804655246506,2.541598461657255,2.6952066706529174,2.12312451008374,1.9721558245102695,2.13787004071255,2.7089254687934643,2.5666385086306676,2.548897201275069,2.6085593983435826,2.720031429302864,1.800137728629859,2.742029252635065,2.8461982939299983,2.4374887479332847,2.378165576660961,2.1526613170658546,2.487713891668807,1.6773727270107344,1.7392826497971794,2.2770979658077684,2.0714090661991706,2.120194569411635,2.4349172084368225,2.398006152749458,NA
Dec 2003,2.6584161214873876,2.3884367128579274,2.4252286496744,2.1654161274144825,2.0849760992818887,2.129481996116915,2.2643101315917358,2.4156100553024484,2.348283699030198,2.5854792314724584,2.5456730784370647,1.6628850787159986,1.704674937229479,2.0577856282584293,2.004486179612563,1.8062819941267938,2.826511325130549,2.6479212787156454,2.583827673559345,1.9527110371239667,1.974117756690055,2.9582610826836198,2.5993116937157197,2.6913919412231992,2.6581034644633177,2.744817741607496,2.1946993958165253,1.9698059048201026,2.2002585580236707,2.5200299889674533,2.3150284144829794,1.8914055874074247,1.8357976256714799,2.344973875177913,2.0998277821230515,2.206805660069646,2.7006068553689606,2.6325216418859236,2.540815803813233,2.6433234918597948,2.5167526576696555,2.718105668219135,2.577184368177901,2.6179768947899387,2.363467027285442,2.2174795218144343,2.6634978976525314,2.739463680484674,2.375917296962565,2.3278590425031465,1.9574526880758625,2.2307719299503805,2.3125739367792972,2.042018781945985,2.129996636664229,1.976598984952236,2.3606671297356363,2.8333956540271243,2.720574564287777,2.994382677480928,2.8117816188559503,2.747711142496881,2.6166547801449447,2.8498420923238355,1.972583749294774,2.0648398503542422,2.5197092573179174,2.5263345406581985,2.567884052680476,2.5263384677589475,2.9638852746559317,2.699696351888687,2.5426989754412688,2.322396782692748,1.6132057306511074,2.4784333536665577,2.699514627100995,2.7042037824618057,2.1303131049400603,2.1491496735267757,1.9652024835547053,2.174702059991546,2.64899489705182,2.4337733222426783,2.4497144402774698,2.216068447452399,2.8914022606645555,2.250787278569504,2.624145760873044,2.2351938878820166,2.135103178094621,2.545930618878967,2.540176114859243,2.559368111305085,2.6017492330242775,2.6163080875026905,2.7971840713643794,2.6197322884927945,2.276813274752475,2.0586942461238666,2.385159989300834,2.173647925200389,2.094621471282987,2.236458943931308,2.5514330528304128,2.469019713839796,2.6144307120390513,1.9819361458118245,2.2264366020558373,2.458663369708537,2.547159216744103,2.3543711334693804,2.817029287495942,2.3872153686955992,2.291621675857515,2.6336080139416733,2.5408292320880164,2.805333878286019,2.6202081642882535,2.5778598433689015,2.7162737063720566,2.1720731108720006,2.0898314302498373,2.2149128110541874,2.7278130473093,2.579483130641381,2.594095735988645,2.6390139095347394,2.700013383061985,1.8932805768655065,2.7817261905110553,2.857435155335927,2.40312915660327,2.424041783448282,2.162284224087864,2.476205244494876,1.7627878719452625,1.7609957827464326,2.301767336699487,2.0981990860718964,2.1758313470775583,2.502837011508418,2.4187225357476327,NA
Jan 2004,2.678509382820487,2.358902103144582,2.4007389986951084,2.13117585429005,2.1144749025775638,2.089620216006293,2.2428975824157216,2.365043469832438,2.3261724704253672,2.5854745810062187,2.574929353126107,1.6458151064452573,1.7225147432428545,2.023590976838101,1.995957921118284,1.812083463604858,2.817575761477737,2.6859378257538244,2.604013489640135,1.9678264365495783,1.9683221542878317,3.0254800159558215,2.596319944133089,2.7145889477330116,2.6942711642508126,2.7628002110284346,2.221014462660113,2.0147364566685733,2.2233680397112057,2.4994640716396592,2.3093102624389292,1.9473206573126567,1.903227416871951,2.3686987902268806,2.0973729362931803,2.3003103583850772,2.710018158265534,2.63664984413948,2.555206316330553,2.6117076234531704,2.532332900624544,2.761808589564497,2.5848444099683423,2.6315955100387627,2.3512759884752286,2.2391029026087708,2.6749443558428854,2.6989239988712925,2.3535771474153595,2.300346442657404,1.9376408083017342,2.201860420780791,2.333159630940646,2.053892679102824,2.0958646816657436,1.966229561732575,2.373454478749449,2.908246030064663,2.65050900344641,2.973937828403373,2.7526790747761107,2.7133098665210595,2.6471084898558868,2.919097676848922,2.0530174363465385,2.1215250959711347,2.5182089665904566,2.5175015531980685,2.563549249343445,2.5408789177137536,3.0236277365936615,2.725725807436295,2.535817186909472,2.2964599051743946,1.593948511084463,2.500012682146417,2.710947135973116,2.7006063158690052,2.162684144168159,2.0872755522918753,1.9798830362170674,2.1971348534964994,2.5738425332134107,2.4421048633020424,2.404328940034105,2.2162684100325025,2.9829398526967834,2.2457516418196577,2.6220871225366107,2.234135945243444,2.1393657856296016,2.575256285661234,2.5132644405308047,2.587685344224337,2.6222290487697406,2.575232982302728,2.809701281713887,2.688045542146416,2.2821793017941796,2.040048931092554,2.3476844191950574,2.1288700524069926,2.082476501625612,2.237481286301008,2.565979858897355,2.499211387444309,2.587890355043209,1.9632333141193046,2.285134430785037,2.4664659661617545,2.573722302262075,2.3508858035211517,2.81712603663947,2.3748952112187256,2.2767975539302365,2.63771776199227,2.601967254838175,2.7627002012878608,2.6347557200671674,2.4785186140978097,2.7252750296616726,2.1557813981194323,2.1074479070892145,2.2432897674144328,2.7413902166622064,2.580836478182069,2.562858926331997,2.6310154899311966,2.7120466802288727,1.9117632755627574,2.815653478222238,2.852876445504071,2.4387245015060164,2.388342160921077,2.1640931246530597,2.505035005559689,1.6823719498682623,1.7291623968000316,2.2527412581062904,2.1004578789234603,2.193392974908375,2.495646913958006,2.401865611529048,NA
Feb 2004,2.6647564736771976,2.3391900977194706,2.4640117888760082,2.1302350176171316,2.12846050105192,2.1643813847163074,2.2768863008480245,2.41284101807034,2.44687675433431,2.6334335198489156,2.6119177533433553,1.6308032717048901,1.8054571958185894,2.0643050863411374,2.0188292060137245,1.8537489060798527,2.8597781961752,2.6721616262790158,2.6281751717397106,1.9814212566141856,2.001799829220206,3.0400379857265376,2.639578722796839,2.7388358868151834,2.71169800944586,2.8444305941922576,2.2629861802190345,2.0101747267796064,2.22034025175792,2.538280168487018,2.358479559236888,1.8826976190640403,1.9151258057060265,2.39381208883057,2.192534703399247,2.2648620812000684,2.7437904293522233,2.6529028806984662,2.5620670839363684,2.6514103855532594,2.521850536168748,2.7727047681623307,2.6070810477921103,2.653742614222046,2.3883365026353567,2.2281416145034796,2.704207514302408,2.7321060714181087,2.4170303667984268,2.3148456375138053,1.9585440869356177,2.2678097790270093,2.343342198081458,2.0652410016612297,2.1541867340474585,1.9794840779837857,2.4035738301905742,2.8625737697820717,2.6699330739810994,3.0286220524611016,2.787610534632838,2.724633548384715,2.6537667914908187,2.923740854898566,2.0412465418250716,2.1039760488138786,2.5628143749076533,2.5393437731617294,2.5508762104320746,2.571279040944292,3.067091825582502,2.7448386637700186,2.572114181042155,2.3225876184075154,1.657600709311861,2.500206121788001,2.728601635389991,2.7413699969660157,2.2545306357304566,2.087633594206252,2.036451110574023,2.187083309210625,2.6671178257546115,2.450849172437878,2.4998941517223807,2.175999887232068,2.9033512659543668,2.2522702233705805,2.6734787158149578,2.2189026685766624,2.203231841866862,2.5416725722086597,2.5271255005241593,2.5693094464549264,2.6213762111936743,2.583475172742688,2.8044834762449473,2.6560271560375592,2.2613165934689037,2.023836713442857,2.3845913995233388,2.221837531080084,2.1326604861375897,2.3304048774375645,2.571917592746765,2.4800326272620303,2.638112226374973,2.0450004111574263,2.2984012563931038,2.446531143128354,2.6029122847268007,2.3641274244308454,2.866133898096981,2.4012777048807696,2.2830374708983814,2.6404010508873665,2.6371197890669342,2.8651950917721005,2.6279814800207517,2.563499295898922,2.7239430079530145,2.2544860977280217,2.1509360592599998,2.209593167402609,2.750858858058191,2.6023449956349354,2.6075241486916196,2.6775226470367555,2.7649400083133573,1.946988235431213,2.8163159336481454,2.875273897036502,2.480422313605727,2.4365945116305987,2.226959371531349,2.5394635714900735,1.8083028650406476,1.8252373707401872,2.3509528225686345,2.109883324434142,2.1541399928660954,2.4773210487904334,2.428607775103034,NA
Mar 2004,2.6988459693906184,2.38645609801985,2.492793360512563,2.1671355583514513,2.1353654369262918,2.186673091626782,2.3199510996614854,2.439071734209425,2.440080192285407,2.659373134919295,2.6061799595806168,1.6952845863651764,1.746943109758139,2.1132025164560195,2.0347859495451437,1.854460497684844,2.856324855426632,2.674232055399382,2.6493473846458664,2.0241316903898556,2.006470589216963,3.0364038984515824,2.6320044998374317,2.732251658811968,2.7282921018268906,2.777249591511976,2.352085350825501,2.0341738922058115,2.2589691733804114,2.568379471119369,2.3858322159506784,1.9730108339109718,1.882215218859999,2.4105422782420334,2.19617483235386,2.3037442422958536,2.7409317969128857,2.674787013330044,2.6037448153884295,2.7130797006072256,2.5580504410403315,2.8047209564371443,2.6207573192923324,2.6762785032029,2.3920753152932908,2.253635812182099,2.683052783082085,2.762766335537223,2.3851131110672523,2.3566978912397207,2.0541048663741774,2.3190424350759438,2.3776964392196245,2.1036801045559943,2.207098727802576,2.079674515845318,2.45117802468153,2.899210773687078,2.7094621429853087,3.0774276026566,2.8156260629026018,2.776279068780316,2.6808056655956882,2.923885278433209,2.0917835940860274,2.188498062270482,2.5692106277029376,2.5718494521281428,2.5680159280322044,2.576874839355653,3.057333675530347,2.7432879834080404,2.5703384003815435,2.3860807833565545,1.7785245407349062,2.5468417286046843,2.7473712940931514,2.7700446032540027,2.232077403178024,2.1537602675740652,2.0315879365272314,2.190695465758225,2.5602753464428045,2.480558491626967,2.52850578087161,2.195610858999788,3.1096761557806745,2.3132367750650635,2.6457197335639195,2.2920017286021097,2.2199430419138055,2.5877417711323747,2.578280103816528,2.623409828906224,2.6607402882495,2.604757050231374,2.8688048304046974,2.6642862300265633,2.3178967443003566,2.065240607348877,2.3902781054714692,2.252831937349757,2.220920580760933,2.246918849349977,2.61545738478865,2.5231365234337244,2.641924597560089,2.106299169804933,2.311872204420527,2.487766184519426,2.6431773774856357,2.462616163911177,2.8225192860497246,2.4267377627208093,2.379354025249919,2.672368154613082,2.6460527479660154,2.870150186652143,2.666973323689184,2.5665257224625813,2.730997794429721,2.304927669730357,2.137913829598415,2.253826531069137,2.7414550856733073,2.630823803473442,2.6271905076529105,2.657488279111734,2.7838362586562684,1.9013271634443252,2.848438735525478,2.8838345469375852,2.492347124140118,2.420082883132165,2.237495275267606,2.542825654958661,1.7838362552161677,1.8961425579079774,2.3611878956501635,2.1832743795168534,2.1873672571317395,2.528657643055695,2.4335245093398212,NA
Apr 2004,2.7280622197754005,2.425874088764121,2.4879855937684034,2.216768797154285,2.1843911469062367,2.2274374516211846,2.3315120953092747,2.509744688498713,2.443697747355424,2.711801875750049,2.6472068914957525,1.7843460242859233,1.8525112392180134,2.1786608102763076,2.090450416358574,1.9583601290187913,2.8953262747593413,2.713582484917552,2.6515529013240653,2.1072355013155897,2.152306677475739,3.0443879171492982,2.662778449303505,2.8186023968842058,2.7626296190075568,2.802125849579402,2.408189569209955,2.18667404520339,2.372069494197014,2.600517184817976,2.422000056868628,2.039787273509999,1.9539333452940244,2.457510678354123,2.2673700689186735,2.417212525703155,2.7557932386554085,2.698535791091634,2.6169555463514986,2.724085241995029,2.6014877984318976,2.8242522882910746,2.6246583937108614,2.7338952474134968,2.4964243410928155,2.317809740685411,2.761652509970325,2.762153566039458,2.478609767084608,2.4578092692715603,2.1471863251921506,2.4804264578658173,2.449088428011741,2.20927697538088,2.243323772792918,2.0954085305549004,2.4733272733392946,2.905540314018942,2.728151356636992,3.058995388868448,2.8644146138120123,2.771494121293567,2.755033818706199,3.0004882926730425,2.1191262969229694,2.224256715898527,2.6280853935940174,2.584118994804459,2.6313967474258,2.5949057701494107,3.1174645939679317,2.748620098042055,2.6072741828542547,2.4410021907547637,1.7856643413345292,2.5746844622049068,2.777569989943945,2.7552350465561775,2.3219101026934883,2.2291136533915483,2.1097715911691126,2.302878888374335,2.568696709089484,2.539707202362577,2.5888570219322613,2.337777632607859,2.9723401230371467,2.3253295027431156,2.7016432943750823,2.322063615278906,2.24300274832148,2.6093382073993228,2.5873443507894263,2.6668105355197516,2.721165419475673,2.6001105654477477,2.8703888125039323,2.7063990794301773,2.379701105101554,2.189832622763063,2.4224294177757875,2.277861812412902,2.205465071004455,2.3338063524196433,2.614751509616178,2.5936224733279034,2.6723104206611255,2.1280542447937423,2.3623889082394975,2.500907580491575,2.6677676417609115,2.4591873932433796,2.891316956422216,2.4756382363067684,2.4736801957074412,2.712431504335387,2.658421161139182,2.8818989020646186,2.7265259782585094,2.579052546381942,2.799173878209172,2.3785745945460577,2.266848650950025,2.3999210388056174,2.8159623585051237,2.6163032449027073,2.6530637306659037,2.7245586431207736,2.8806498991031595,2.035369314063929,2.895834270974738,3.006038148494869,2.5104261259946195,2.48360338464322,2.282518929651874,2.626836480788997,1.8405945242091228,1.9238018252338394,2.451225421689511,2.238248045809634,2.1973821774513533,2.6889227316045985,2.4643566860481276,NA
May 2004,2.7773488277226996,2.4716391790428767,2.526672454930462,2.2641788054266003,2.1980483599798917,2.254259627324583,2.408856872656222,2.508603712298336,2.5604196111472577,2.735899524288317,2.7264218936342832,1.8395779272400195,1.970851485264197,2.2746493982138194,2.1572650755159106,1.986915559523398,2.956979446837828,2.814259401211698,2.6574174072616374,2.1403958477269853,2.1905856359171834,3.147238422152868,2.6845349410082924,2.8249060705392033,2.7592852511116917,2.9001760323281522,2.427939006050914,2.259486727217907,2.4303241711492087,2.6295612695653716,2.4701954697821096,2.0914199611891586,1.9987984274716912,2.5427952726115914,2.378718524345037,2.462158240193045,2.795624731209606,2.739906156595084,2.644228311234563,2.7558235523824623,2.654129759472752,2.8522462506051314,2.6632509141950127,2.7320994194718144,2.530678747792393,2.3976387463624063,2.751466435059268,2.817824452678743,2.507331763572486,2.4821168918407452,2.2134019874160282,2.4987662697356816,2.463519600375925,2.27976110901691,2.302766847631186,2.181542239517794,2.5341509250614975,2.9712346129156457,2.788963585772431,3.0709731400244116,2.903641512104173,2.797750059366006,2.815296274113919,3.068551337836224,2.2483652556390634,2.311226747642387,2.6657140221475215,2.5969541963038694,2.6538946326139565,2.6290580223426216,3.107006067580381,2.8089286748894087,2.638110390088081,2.455593368437762,1.8597273322372951,2.596133492991234,2.806153190916278,2.82704804320053,2.4242197645010766,2.247427613440401,2.205309191533287,2.386242175487663,2.634528445551363,2.573734478336783,2.6567669736270356,2.376303385229079,3.0112938087403,2.3916343192480882,2.7406152623007034,2.3429998720674545,2.3207884011377597,2.6537949779400845,2.663638800340704,2.677899076939379,2.7330319806980388,2.6653108466483593,2.9512124796435386,2.7571768108180956,2.43083995281396,2.2123319078842116,2.498421291965635,2.31125489145088,2.266811667653071,2.352984709100482,2.668082348716417,2.617192033424729,2.7095129987882025,2.1634934775772616,2.4087835724006177,2.607081386967481,2.7418024751215793,2.44759884444122,2.9403350240633155,2.526926530957785,2.525208810087358,2.754979985034551,2.71603467736489,2.9542295230684554,2.7544331970455995,2.6314457386174577,2.851751097410818,2.417696135346976,2.3874115791579897,2.454451148284124,2.8644016960095646,2.667871935830137,2.70230364710638,2.791038424892579,2.9195366476906854,2.1147632774069045,2.923622513300327,2.9691616783919095,2.5772955603783294,2.497011528206502,2.307998981179478,2.69947187943339,2.013328164555872,1.9487687434625198,2.4471079295039075,2.2977324406816066,2.233379766707092,2.683996104926321,2.540630316128283,NA
Jun 2004,2.8177370910990445,2.5134610541639724,2.5877524057825156,2.3097392441127895,2.2780284415102647,2.256854937830422,2.475259138325102,2.5825350146156003,2.558548591436596,2.785117471471538,2.7590405736974573,1.8877212406063435,1.9619589592403783,2.29127819503979,2.19223314137735,2.0275032032934526,2.9405448888795127,2.792982907304078,2.7175454088198663,2.2418865110935333,2.259635712705113,3.178681106334826,2.757820225634093,2.8427819404370367,2.815735607626583,2.9329131755997593,2.4699425647646756,2.301170429731598,2.427639224406869,2.660210389114886,2.5375951361623232,2.1424971445731273,2.110405299637901,2.5663508350344912,2.4194815714147513,2.5634555272364383,2.852551619215119,2.7929420945981027,2.662195975590371,2.8544878552605835,2.6910759598376797,2.861010059720047,2.6756648581231213,2.864140653818841,2.5884912658774764,2.434543160020981,2.785559806898385,2.846879338458644,2.5492888791980297,2.521395195084819,2.2842006381304856,2.522624533751593,2.53276398070198,2.3076333136446316,2.3554955451665016,2.222598321065292,2.5454147701756797,2.9816621566606862,2.8221968282628085,3.1598196329824204,2.9117891600392936,2.8924922606383108,2.8288077361184283,3.1207370926449407,2.2639311083757305,2.3533644139293872,2.728358608241982,2.624341539592588,2.6792968805931943,2.654638849458303,3.1354030964934116,2.8627784177235878,2.6601702254955266,2.4728839624178476,1.8960803772169885,2.659548523014967,2.8342821913176275,2.8152530300811223,2.4868619847682107,2.333469286414067,2.2543240332950667,2.4137880429597076,2.653907981239428,2.635930845941452,2.687185950566174,2.4934469457730746,3.0779475000710894,2.432489760741044,2.748844927702062,2.3938566697576533,2.3934630415966662,2.702400491593196,2.694070887248059,2.7473490155436315,2.7716400588433436,2.7221247908147874,2.9637725665952273,2.803049002245482,2.5169790006928334,2.3003697344411846,2.5317771610955346,2.4029760565774527,2.3291020369472006,2.3622789458624127,2.730096891893885,2.7196543192023004,2.7155207718237313,2.2528443409590855,2.4996514812606057,2.5915518249258884,2.729712641547145,2.4325848441574176,2.9554873576230567,2.5664038231036614,2.569073452912037,2.776044428587276,2.724144154403243,3.0034677646726498,2.812842820545564,2.6017665095633946,2.8584903821158694,2.4725657570305524,2.3808484808358577,2.542934781395328,2.864260968407209,2.710737762855314,2.7413913710496502,2.80543900490062,2.951631589600915,2.1682534239510276,2.9785748804624332,3.0467066567550245,2.59459989265657,2.5934003101098613,2.364362324047448,2.700629172568909,2.0065353487181152,1.9957317932019727,2.5323827561183867,2.3011593192772124,2.341718923165786,2.7841395808940512,2.5504673700486142,NA
Jul 2004,2.801768150813483,2.5139218316502396,2.5978408812571994,2.324406717908431,2.3546520576122667,2.3086986376927623,2.4919252531584384,2.5791545297474894,2.5478199495821365,2.814535578086641,2.774367836706934,1.9422148697104038,2.048806045003567,2.330318251549754,2.23653206966289,2.1044593679105326,2.968315712130423,2.83926276298317,2.713998541995193,2.253533082459705,2.273647127285113,3.179147257112255,2.7479731364241142,2.862472969825306,2.7987692349336295,2.9891257758229783,2.5398389946683717,2.3877368782809505,2.5084597335002417,2.7036939637388424,2.558758210298472,2.1914028904105654,2.124660730370572,2.6316050942051996,2.478215694819645,2.5547559435869327,2.8467190820680073,2.8024308560857847,2.709016908737148,2.848975642014327,2.7387862966220804,2.9074014006054063,2.7109962996528023,2.848049463837716,2.6040901379666117,2.4122255760748446,2.837521440481914,2.8371092766685817,2.61258757549312,2.5333012094532767,2.305820423853031,2.5054759690502633,2.5482580106490778,2.332233046570852,2.3836128880236287,2.3078491883903447,2.612251246021886,3.021212281070107,2.8452311076612617,3.1643054023975785,2.9142728179810864,2.8536976636089046,2.868923794937886,3.1836330932348806,2.3657485515266807,2.3471019634761325,2.7256449148317303,2.653438175197386,2.6811404412430115,2.6793834922707522,3.190070729915569,2.8786299914835154,2.6767297932359515,2.5636950851872253,1.9494672330202902,2.6983501137656636,2.8981905368394716,2.867341348226556,2.568577083471413,2.3567687371525228,2.2943681833550165,2.471826753183382,2.6870859436657484,2.6607206358478264,2.7209816294443305,2.450235580930539,2.9024065293242183,2.484608255261796,2.81017223538527,2.4524319462279713,2.3878046330405125,2.7000584479018577,2.695857991140315,2.7256253839383118,2.81572500291218,2.717492461718387,2.9695478343580968,2.770256869670518,2.5153108601372196,2.3363754356716933,2.530899087199344,2.446890146599176,2.396381223358954,2.432260619180478,2.7315177674954154,2.7074831669327692,2.739195312442288,2.3730297862286855,2.4745105869359705,2.664021781350004,2.796706246774574,2.5080730716831012,2.952519010356506,2.6369555185415994,2.6069024488422032,2.7849616856943737,2.7409438373659794,2.996974885290832,2.8173229805308453,2.6784632706816223,2.8959888811656613,2.5251049683441407,2.536128178308193,2.548082767501526,2.883911613670874,2.720744872360103,2.751636767039276,2.799381257004541,2.9419849372520566,2.202962226384142,3.0054558600576997,3.0917804188475535,2.6036044039896686,2.6295016212686013,2.418888807560977,2.7525076181650348,2.0787970605165245,2.1081346024986507,2.6093318054437167,2.374720434851144,2.3336239527097518,2.7626809360752924,2.56731405206188,NA
Aug 2004,2.8537776748250785,2.5668993700838243,2.6353450163417897,2.385684185416969,2.3488974191943304,2.315806816355707,2.516994092580301,2.621219312469702,2.5902838392222565,2.8641358678876876,2.8324354291165914,1.9110923012140366,2.0656630457342575,2.364873818864464,2.2768212852857643,2.1396087913459234,3.0289420467233437,2.8431108642925706,2.7280445106006574,2.307865987090616,2.3888041184348703,3.2456006510682145,2.7876558076522078,2.919137255069321,2.8763183980765903,3.000113997962022,2.533765138955845,2.4476376203457155,2.57094536129606,2.708148627335255,2.6072554135298116,2.2482227846171443,2.2064760128182472,2.641637501056036,2.532462645177417,2.6101728977785235,2.910402847635952,2.8089497326292268,2.767090369917322,2.8682547552114444,2.742669572121833,2.909660449834485,2.7497941545274744,2.903320330377774,2.6726251302760984,2.463395713855182,2.832664609840654,2.8902197193467627,2.6163056406108747,2.5938752594356553,2.305582629227699,2.6014126110377025,2.6273212510288793,2.411321133802932,2.4323834715940915,2.258688408559626,2.6462638913781222,3.0383822003312555,2.9006999688584605,3.1982789397886386,2.995410730907569,2.853320204158353,2.9163127793420434,3.169721034979351,2.484371553129218,2.4436035811797914,2.7494698996773743,2.6798589845380745,2.7044062556135953,2.710951418747675,3.17813792315153,2.887548614895494,2.7075900157706116,2.5574001081917,1.9839952425770961,2.7090884952185217,2.908900780349619,2.8626573939043953,2.502106377120834,2.463690202321617,2.3051958817715676,2.480599025344411,2.7418286969559666,2.697833839487245,2.6976109089103377,2.470164180850915,3.150804053357452,2.4859525753958156,2.823744799207324,2.4914560784796205,2.4585155993322427,2.7675629890409987,2.7043247673418973,2.790696177575293,2.8314933812130563,2.7937824126425546,3.0045556532398083,2.8232138990330244,2.595154061741163,2.3591400849993125,2.6123692639810367,2.461485696277741,2.4371255955550812,2.4728318729003766,2.771807935385959,2.7284226403106544,2.7707787498038243,2.394403157664405,2.5169873722155915,2.704886624435724,2.8265109714615915,2.5388259924090404,3.031461926693402,2.6405549132978585,2.717046619953271,2.82103055232063,2.7731004482573987,3.0782523494927956,2.84659581194346,2.7559935285733266,2.9200302315476656,2.5151521645680677,2.5838791680065865,2.642084567861696,2.9352850703822657,2.768064613909607,2.782637620172076,2.830931335581142,2.950155018419249,2.225283955439267,3.0180584685050826,3.1126142775570904,2.6100734645823778,2.6695051388142113,2.484825749603575,2.8413808540714185,2.1471293413853374,2.179471738502973,2.6342055393921533,2.3689446841439046,2.361840140897556,2.779238634576409,2.5590609357035445,NA
Sep 2004,2.8741498373310885,2.5532971691866084,2.667476249576806,2.4238462803144483,2.3717847099052887,2.3977809053638532,2.52734821975882,2.6424206014731557,2.6115253349665966,2.84827879963951,2.8363294397269803,1.9612603157635164,2.057283549984974,2.3638576937562417,2.2937300865862897,2.136324286514597,3.059549175501845,2.8519711299614414,2.7608057797789898,2.3619236783970248,2.3774217467706973,3.2640919408709297,2.8054231949119126,2.921586775182673,2.891411320049077,3.0307373514653104,2.530798901984213,2.4432663868650195,2.5598843762977905,2.7453178263156595,2.6280695913990573,2.326044285139137,2.1811876783903994,2.658900455963222,2.556321238575756,2.621604373559454,2.8892924836628375,2.8601306589797986,2.7952807158372197,2.934870708935837,2.7897689628766784,2.9648744913376244,2.760969500810801,2.9122032647515983,2.640641031681489,2.453714614434156,2.851189056904546,2.9226613821243235,2.678707054643897,2.6392097490015254,2.295854455058305,2.72951480068192,2.5782979110492414,2.4510269911411866,2.478207579491995,2.302766193597335,2.6389977971954486,3.058270388894274,2.851515841921003,3.2685148576911285,2.987154624515553,2.8597818782272184,2.919607010630544,3.2291513279916235,2.3128812858851897,2.4188578395830573,2.7965208123927194,2.696519888752457,2.7128604283825313,2.703852445213981,3.1491538323780284,2.88331951844706,2.7129752183143747,2.5931416548147563,1.945752245246362,2.775330806411326,2.9326829767721976,2.8686163528394344,2.6393586605887185,2.497453226391288,2.3369748925976825,2.533815425360995,2.7403701092422352,2.713857846283299,2.82976534821105,2.539155558083996,3.195247560753709,2.505510524867941,2.8345950526153763,2.541029716797057,2.443403646042868,2.774898112198864,2.7242142319607963,2.7991974700528583,2.8489231065354135,2.8149367782146952,2.98670367426589,2.8832138700326073,2.571333201170473,2.351905326309115,2.6030856884540223,2.4873648216731112,2.4560691666192667,2.4988454145872514,2.7946582036549144,2.7778651915519337,2.8036654481165324,2.2857530576040705,2.5750989764794245,2.707944002657185,2.8230120551322195,2.5426845695983062,3.0036079492529915,2.6469955158759686,2.7431133607996245,2.8295516627162325,2.822566577494423,3.1062738322573296,2.8445689638712794,2.7757628842538176,2.9475317516536403,2.524480080459421,2.478675090839294,2.6540804088548997,2.9647808429311096,2.7684967732390175,2.797183004882409,2.826833086296404,2.9767959773668418,2.2659470039176766,3.01090933605638,3.1098047974162095,2.6249269291042125,2.670582312779036,2.4639705636889557,2.7610674300931253,2.178720002298307,2.1788838909333417,2.605479761909233,2.4079149387866634,2.3474096491076044,2.768585736461337,2.619593393462884,NA
Oct 2004,2.8757303110776395,2.594362730608939,2.6739659818080814,2.3920916502385423,2.397329304792522,2.419405195719768,2.5434671156846083,2.657260743144856,2.596200611906562,2.8811958501168693,2.8525623358514234,2.024570209604919,2.1377794096349505,2.3874940335098027,2.365720559470567,2.181290557128828,3.014220959465656,2.890596421341638,2.79134874944051,2.352277290220757,2.3710448766756844,3.2747494947027005,2.812581650013841,2.928777834235797,2.869527341354157,3.033633283422375,2.6082794129548734,2.4209248561330656,2.5905940164557757,2.7285475853846313,2.637213864044227,2.3168938063830216,2.2039997186258318,2.682075277661905,2.551767259132915,2.6456234033457076,2.921337162706751,2.9005931875601796,2.7602429098360246,2.9262736240531066,2.77068782878199,2.941081110650977,2.7290641431990026,2.964131515124686,2.7360067637722305,2.489215247995636,2.8573226058963526,2.911851466697479,2.6618787732703955,2.5872572256784574,2.4345558874456654,2.6434880631492086,2.63283940027836,2.4318126738850707,2.450408158797451,2.3087609597659404,2.6721850786134262,3.0666455551605654,2.880240356644452,3.244224303357191,3.007445604289224,2.875455800534839,2.9540873039658737,3.246876807804365,2.4018616447263916,2.4629957335329093,2.78752508132971,2.6865241723746713,2.71615440699252,2.7181196378550037,3.246678185076593,2.8902989268807358,2.724043851582189,2.5931111196195533,1.9659103734209986,2.766240873400207,2.950591382380682,2.8767186013258232,2.56849137299376,2.585202557086863,2.402823169814524,2.538065828954325,2.7308244054724486,2.708802490658409,2.7521930402752606,2.5658762405544127,3.0915205411788214,2.5381039083489423,2.826339617285989,2.5472515269856433,2.4889062614615036,2.7891587392447845,2.766294985832927,2.7975099891755364,2.8816910462836653,2.7620114311699138,3.0301636084829493,2.8269621364214585,2.6274675711181925,2.3626162750196116,2.5839551453092056,2.5041382007822532,2.3642004870078943,2.518645395573533,2.7982292321691835,2.7586356329058406,2.8105929288501077,2.444335022492007,2.554297519538237,2.715616255026275,2.809377335311957,2.4833022421099633,3.0185664019284864,2.623447129062547,2.747130615610246,2.858941849677458,2.801691573654983,3.1539054029710614,2.8688865236242256,2.797884730116376,3.0111310368232567,2.547500585391595,2.4164322609712903,2.7125994183561226,2.938780865809796,2.8123622380597055,2.830443986738248,2.8563621701958226,3.0440334819961103,2.255996092895154,3.0326704445228367,3.1101957853547364,2.607685502445146,2.7179411309722648,2.458666063949087,2.7955353699839227,2.099094955579073,2.167048660912847,2.6520898975701637,2.4629280358691816,2.425216039906167,2.826023651563762,2.6355006237635012,NA
Nov 2004,2.876848218555141,2.59499585817603,2.6857549743177898,2.427109926659484,2.3768702262158588,2.395888749963597,2.5719783904082236,2.687517859001302,2.5951007527260956,2.8863778939240654,2.8541131375123596,2.0745875213862472,2.1595378753039967,2.4340131911511405,2.299644143651482,2.205843836916089,3.041119691946821,2.9019352115494512,2.80553306060598,2.469322474299013,2.434674244797264,3.2589712987797053,2.829192504803337,2.9724456124697314,2.892508779165889,3.0398136880488376,2.570092154173165,2.445230739656625,2.6059567756487336,2.7713730873458338,2.6798035651564356,2.2963360388235943,2.2584256188945004,2.7479251522328334,2.5839503242883572,2.6437012080637396,2.956907085223985,2.8965077255464915,2.799487373229999,2.9496633982768476,2.8105236518736603,2.9505440677034644,2.72582955315033,2.977058783636993,2.6917245273542334,2.5250040862311285,2.8893070521211404,2.924345616372952,2.681088195100757,2.6721591906206195,2.453017562954675,2.644307783477215,2.6371549425813714,2.476775116604104,2.504235220206644,2.3462206311460885,2.682119816456933,3.1115151455161665,2.8704853123686473,3.29452704891497,2.9880009193141883,2.88193370972595,2.925322037069411,3.285060114508372,2.4245574097702836,2.4533343819890567,2.7708839378887036,2.700441640686916,2.713320786337986,2.7322731925410157,3.2761973205160313,2.9011428918636155,2.7152123178042813,2.6210338121109555,1.9622632532194522,2.7712152424178886,2.951767163062743,2.8766093308582867,2.6153682645764262,2.570427619210458,2.4199075038824738,2.6287314773462818,2.6663305059216187,2.7114861019569867,2.8053976787364716,2.5493164669915545,3.1811676120766657,2.567259037809315,2.8217954304251505,2.5535273295408523,2.478690349871962,2.785220277073139,2.746124368917284,2.8003586903013025,2.8571828009966787,2.8136065804540937,3.0783739332415623,2.821794795873462,2.5928265487983158,2.432404683010258,2.5917025771803894,2.5033899028541784,2.5033980021914,2.457572227102057,2.814099604177965,2.8144856498007944,2.8033350741071086,2.4304943082741746,2.632290884255396,2.657052864826936,2.8452855045529377,2.5425912597712363,3.0400680959715465,2.678390473263735,2.706180332542088,2.897713492846034,2.7768759207074614,3.1153056950633156,2.878718167691126,2.825219877067294,2.9885410787990865,2.5637078616680578,2.4175495852477296,2.703294428978515,2.917513783754447,2.795887710200288,2.8384789967452755,2.7877386486120073,3.042542473087274,2.338101698106416,2.992615177483019,3.1404604501177804,2.6319984574749564,2.7000611868110505,2.464784608493817,2.8292677960179686,2.1486722585135087,2.2145565054969443,2.716759302937563,2.4635879627367165,2.4688752537346828,2.815704572515124,2.6278216684191533,NA
Dec 2004,2.9094892796220604,2.635479415989266,2.696605237982266,2.4555221873264665,2.4826143228723994,2.556589593320614,2.6001552231681746,2.699242145078482,2.6744081935018733,2.866533270293188,2.8442510184372827,2.0381608637017727,2.0597963951831,2.400689832555357,2.332760717087796,2.219160769926369,3.051911922749456,2.8525926695400017,2.7594143486656084,2.406667935660071,2.4488031619316786,3.3178647498244542,2.854812567174345,2.9291809740637973,2.8926151926337784,3.06089794042233,2.6303877233744304,2.4291196930899357,2.603535373995586,2.763346785977234,2.678989045406475,2.43967227489234,2.2551015708526347,2.7246139797464624,2.509924760099421,2.6686908972832306,2.9481294948567367,2.9023554733592354,2.778528605062431,2.9349936736172717,2.8089299566945924,2.969318138500104,2.76191725746826,2.9455590630319426,2.726386991749865,2.5316630703716947,2.917330315498683,2.9618532947911773,2.6401248523228777,2.6451428023414283,2.491272777616322,2.749596226942382,2.6732138262442002,2.48384170613245,2.514834426687948,2.337895449593293,2.6918512897299935,3.2036311430728293,2.9401454881016615,3.326365022956172,2.9355255911867375,2.9257288011494174,2.94348167716119,3.1850041691856505,2.4342458414387065,2.4239025709180995,2.814675669220697,2.6970301537914954,2.7564795019768473,2.7231082058008114,3.3024440225149836,2.9361753448887464,2.7571113519544763,2.5969461194457644,2.0203766363390434,2.797365506943048,2.9415596707359435,2.8982462266326765,2.6995779252208565,2.4570196743405814,2.4617113455453903,2.6584596932411997,2.7479351325360604,2.751784967062747,2.8411469664251623,2.6286349408091354,3.1518938529502045,2.594106541339564,2.842000872127058,2.610336655705059,2.4815148764675374,2.7792804295579008,2.797038221365776,2.8073106782088475,2.86431859245856,2.835567464168047,3.0552174865580133,2.8200176835004735,2.669324264834809,2.511199895131456,2.63575804806549,2.5160655917722337,2.4783359405532943,2.5476683023591065,2.8302202446363096,2.827128756830736,2.817663950497582,2.4753083656232437,2.5975827624879306,2.6980095926882695,2.844483447499277,2.492934383726797,2.9960003022262356,2.7279804248493953,2.7221055754622703,2.8820180169189724,2.806507610061977,3.1619941829795115,2.8641980570889523,2.8191663085967895,2.951552501481797,2.5655222815929193,2.398270134044728,2.746641165102744,2.920017145371199,2.8339284058794627,2.8281924721720957,2.8838327140606075,3.008908235314928,2.2749726033367312,3.018782622010674,3.085467286327685,2.5633163496533324,2.7281811636046,2.4920610471648477,2.786917787221073,2.207029349438883,2.238864532126269,2.7353936727312336,2.4691818875128964,2.449632202963809,2.8985256465468647,2.6834543847383814,NA
Jan 2005,2.8625361603292787,2.602512648779326,2.681372988215694,2.4272328579378875,2.3594610692933746,2.3494965968064103,2.5664538033044932,2.6558052160333183,2.589438534224496,2.8937453093858405,2.8341438062429423,2.0280849582019704,2.076202398341339,2.3996889448194,2.3170766571376964,2.192033276674008,2.997422707722585,2.8495149666430954,2.7460908167773517,2.388249400624199,2.4296397722136844,3.2477420468680025,2.8424714151657877,2.9122278597478104,2.8774290928151984,3.034375251638297,2.5971751197421593,2.4452182109590908,2.5193044152767547,2.7016691037903127,2.6993096783679715,2.303292395390315,2.234651984572756,2.6994177914263817,2.5173158402174662,2.634404402361054,2.8821348188414255,2.8418905898207254,2.7749646916044703,2.889153450845535,2.78279094556908,2.982276381288342,2.717808587698647,2.9130480433553574,2.6825014267430776,2.51965756806504,2.887634143507175,2.9350204938607423,2.6880235643636348,2.6251331225402685,2.405268605289057,2.6638721941576615,2.62185199971827,2.509008142163348,2.4474314984523606,2.3476215770548072,2.6696052256607796,3.120296404976939,2.9161650902042227,3.245792314464829,2.9816709610634415,2.8346534920910935,2.9429822961192498,3.2122261553808906,2.3642358489337596,2.452455027827165,2.819933837377081,2.6939000767694,2.6853797797044194,2.7008880530785513,3.3319041514809205,2.905180206101931,2.7082518484869214,2.543160729682318,2.012786964226788,2.7925139886917996,2.9128064630393413,2.845272325838946,2.6112543430465927,2.4878375828530452,2.466666314864344,2.481871488574711,2.734057531241872,2.674840032417774,2.7077749849984647,2.584973090459326,3.1777282221535232,2.548528093131217,2.840992320602564,2.4845348423031357,2.469573214727675,2.779779669891731,2.693292476809119,2.774530093270984,2.881255539955767,2.832352322520225,3.0750714786956213,2.810588494472926,2.5630865886417955,2.4043961287092976,2.544679467845237,2.4670154467138468,2.4631403757453874,2.6007121583064037,2.806741155280951,2.7446607554468927,2.8047156446009143,2.46396425204477,2.6452929591674743,2.7259952905233837,2.8408498306314938,2.514154738582839,2.9741560372508675,2.650894913524094,2.6892709278257203,2.872069924932521,2.779686773971835,3.2145115875258545,2.8813038225489063,2.810004442578978,2.9613980795111132,2.583227220288862,2.396663004987046,2.6601410681654665,2.951188453931086,2.815954460548589,2.8432082442532116,2.8006803696898093,2.9846703986808483,2.2385388622871143,2.959283748266803,3.1164137112363908,2.5388082945411177,2.721017852039723,2.4613003946515475,2.7847680281974814,2.1379492538238964,2.1974486518402445,2.750317559712179,2.4725988682679527,2.5225973870028096,2.7555069742811598,2.5621468904898332,NA
Feb 2005,2.8665532505977325,2.665080202877047,2.6863565350553595,2.418464509280302,2.4223792650281615,2.468035253640179,2.5649630484472103,2.6405059041220027,2.5529553533077523,2.8619370441598764,2.845618426590244,1.9824270846342738,2.009237574100815,2.5486702778206167,2.3231699018008864,2.190641303846675,2.9750739448592993,2.9511333071932837,2.7467644987431252,2.3710127122302125,2.425039277931384,3.2407218485340743,2.8358710386403403,2.9555762775516667,2.907036796680959,3.0077006798625563,2.577881945567185,2.4826433957325156,2.60166253232162,2.7187206926333727,2.6902402857234717,2.2794599556754838,2.27136362707429,2.718818939502542,2.525593683346977,2.695402158867693,2.938137945134893,2.8244065662736073,2.7542394237365837,2.9607444617673786,2.821331203252964,2.9515320747474623,2.728656764100785,3.0079475510208273,2.6206606244926145,2.5124787719080555,2.9244523937582825,2.944294125931214,2.689867278071753,2.6441305863320546,2.4602674533749544,2.6441981312745764,2.636588962314452,2.483910396234586,2.52561999023562,2.29748598602055,2.69299648470294,3.0895923680858806,2.8489372864609006,3.2965046425911653,2.9513848920704486,2.8704610123023477,2.9439502933462043,3.216483357298573,2.4283130397104324,2.4650739588755157,2.8326448888864677,2.6694088376439438,2.6938373944512746,2.7245043780008107,3.3353612189380764,2.8698008263546213,2.728391436143947,2.577994314786674,2.0090435080371343,2.7137907110807955,2.9496918211868204,2.8443107453671947,2.5160376821260315,2.5384809839186255,2.4688993822140652,2.6132171423756576,2.7548769455981934,2.729910528971397,2.7375756645282783,2.5574388158181933,3.099162333750144,2.5616765018720944,2.8905014036197225,2.4839232345943913,2.5197015131009106,2.7569325360470933,2.761710111198227,2.808422394524354,2.8835056406508364,2.8184172850338363,2.9578058454546245,2.7970829297603945,2.6082297534874455,2.3797674674146805,2.5697922846336585,2.4728038726203354,2.467657202848054,2.5590801199203224,2.7833491360829705,2.832762806324738,2.7731039580142642,2.3676275019703232,2.643202801873057,2.702671077052729,2.7782093921657127,2.497571496772373,2.9984967348011633,2.69649718456954,2.6850442758090085,2.8691920046001096,2.7750267294492024,3.1311534014896996,2.861888521094503,2.801243382904506,2.960838306749334,2.5464661400489423,2.4794479642530676,2.668389323423985,2.9754848663478306,2.7753532747061485,2.8185372312035364,2.803437294223756,3.0951376633972454,2.3302217949199493,3.00902317239904,3.1158821191203594,2.561728448730655,2.705624636980107,2.493526470117579,2.8115154153228064,2.138679931421493,2.0492454686349455,2.623120382217435,2.4579976565442663,2.408369302945545,2.7487508111581334,2.5849004920932943,NA
Mar 2005,2.862487414884633,2.6660316157762893,2.7004570841042264,2.4466549458277567,2.4153154404761414,2.4846597981311502,2.611159674092266,2.6773874090901,2.661560656199419,2.8802724884118183,2.855245850484174,2.0766628671502523,2.2183837990915727,2.4767398625124084,2.3951739578930407,2.2595568141411984,3.0186733538671624,2.910167381042111,2.772190407874259,2.379316870382882,2.464463980807057,3.2403440907153187,2.850479273243242,2.952481419133747,2.8647327752564213,3.026677400413267,2.6687752826977573,2.560882389838711,2.623929972491104,2.741843750207342,2.6594773426077243,2.333484367426401,2.3323900065536365,2.7164462762248816,2.4600693704955003,2.6632261076665915,2.9097236222767253,2.872277195796363,2.779033911516044,2.908819385931691,2.7984734439356114,2.954465158300568,2.7399044502581185,2.962014609677618,2.669679775595634,2.5483997145056057,2.8479312047267866,2.9694686176778524,2.699330938955293,2.6460762915987828,2.4535578283625052,2.623946027896331,2.6854259849480417,2.5296668115263286,2.5062660556868197,2.3984880228109278,2.6857371966534047,3.106157102026616,2.9326987579428336,3.3423879865256,3.0102066428737615,2.809036164259582,2.9428474526245525,3.226493665034987,2.407694147362681,2.4056605730134457,2.81147842395089,2.678879899512681,2.687906646834157,2.708656279406453,3.261351606598168,2.8924405470017986,2.750142566730126,2.620800671102373,2.06670135355905,2.7993748449647846,2.916783923029256,2.8959874527183325,2.6645817868641126,2.4985495377649576,2.4340041233310985,2.5607029637882794,2.7928453524524186,2.726896986701077,2.7054723142818835,2.6149460874251758,3.3113307685163056,2.553181248046242,2.896841496965514,2.665557560927818,2.5421013458859103,2.797668896328166,2.798611962988586,2.801552699063127,2.904548278928079,2.8212030183795327,3.00206423312688,2.8074862012913133,2.5775640891016143,2.503544135804054,2.5814925949921523,2.4899533327966368,2.5319958853023983,2.479215536128184,2.832062747943858,2.755858852102255,2.804372223028458,2.470301957156561,2.591630681277545,2.7543095538259483,2.8440714366286466,2.4899860234194118,2.996056731170259,2.6723803721069532,2.7152019691749354,2.8515171347415516,2.7933487840502944,3.2088763547144565,2.8255625693093127,2.8243721401794066,2.9709799074068375,2.572856472607795,2.4952795693097207,2.6915389526108204,2.926794613656617,2.7796234264530946,2.8186952220094033,2.829124572785587,3.0449677968702575,2.303745574624007,2.9824139468393263,3.083980545023098,2.594401411235482,2.7223626253692177,2.4956290641218275,2.846108284686448,2.1853104071721243,2.101730842319887,2.7462335686568564,2.4657956733821926,2.3886923373439504,2.870124771008318,2.574792010777898,NA
Apr 2005,2.8771628886101177,2.623759105036872,2.70070949809925,2.469416775676434,2.4906229869751315,2.4341975390028523,2.637933900508158,2.7156462085735487,2.6631517366251902,2.8954758020277085,2.8587169464856146,2.11945472534044,2.3203456945905687,2.4283421305379336,2.3933812538697286,2.2688021775366867,3.0550667697121674,2.9390915370681645,2.794260340481566,2.4036491370741477,2.4521647268694102,3.2760763979490948,2.823170090089448,2.937268456317093,2.8642308469398374,3.0727665467420935,2.673514898388404,2.5285217459668328,2.621790017460986,2.760859152400116,2.686825102839631,2.379012162804076,2.3142205371570137,2.70808363427151,2.56757908267125,2.702922102249482,2.9456526703785135,2.897735024479718,2.7584769118096197,2.919492388737107,2.819192052420697,2.956813955032772,2.791427995017254,2.9858931085308624,2.6966851127096914,2.5504964484103274,2.91423873466862,3.009399637851928,2.7072403787273767,2.6878149444880775,2.44598851197657,2.676904616977207,2.703324084255245,2.5690980972022666,2.490681563439502,2.3382333386859226,2.6917477654455775,3.0888871828607973,2.8991837365849227,3.2976534067626937,3.0245590743686317,2.8685225598713266,2.9754179491791386,3.247687080698559,2.418525724462562,2.4410328396622933,2.839951656715219,2.6699277316665517,2.6928669869208703,2.7214013217276265,3.2597878720286837,2.9234241116403092,2.7274719761384842,2.6304684124645377,1.9988324078476645,2.82016603252117,2.935979146909474,2.839559396379188,2.7192665608026605,2.618173794908895,2.442278762829026,2.563084900519357,2.7244671117464394,2.770204054350044,2.7721971949967408,2.5609723969441665,3.264029489842725,2.5780633148893726,2.866199416096653,2.6117931354096533,2.5458888998237827,2.80653953249849,2.7997190486164625,2.801807367379515,2.887389845364839,2.8527691037003757,2.9826308364856,2.8499349268628813,2.641614255294762,2.4914014365250297,2.60990072565221,2.5134604488966685,2.5259606479925445,2.43028487305674,2.8369164785636833,2.817490570352057,2.8244782936619512,2.4786123098672292,2.6506203432177897,2.7567206388326397,2.87414896745862,2.5187675205870645,3.0009740469356947,2.6841629414640575,2.710208902883145,2.866869597925556,2.8281560609319842,3.2418165291641463,2.866430454003821,2.7840950822113877,2.9801904786505893,2.5853777725443243,2.435756323311279,2.6931792441101776,2.9554262941259593,2.8465766415830394,2.864899627356556,2.850386504456739,3.0886297880621068,2.353332691249486,3.0584852080151763,3.1030323637741106,2.6075429084612325,2.7209561344067312,2.4983070137616883,2.8159378507538526,2.217911441990533,2.2763083553254244,2.757550238680511,2.5548451824872225,2.50707424732997,2.833074476029091,2.5889000942407776,NA
May 2005,2.8873754549807855,2.624961632820466,2.751851966698801,2.4585244983343846,2.3809280150747907,2.522986502673092,2.6218333637470335,2.719894513016892,2.6826008426823456,2.896754473313363,2.8879616187263886,2.117939713525163,2.2551686944573035,2.507036212488522,2.4249004761347934,2.2836610262434456,3.038938824717227,2.9421548962308774,2.8170361346230033,2.459849093827895,2.4787649952123836,3.2820695119011747,2.842522470059814,2.962700619586833,2.9033143138589694,3.0735780620948305,2.704237690023521,2.504056602336067,2.597344227244548,2.778826978771834,2.6994241565760677,2.3855325922318977,2.325200271785388,2.7634136017951043,2.601687662844613,2.71428557929131,2.9726417157964153,2.935998274758048,2.7930251129930443,2.961507127041295,2.8482366697757544,2.9777914836300043,2.7661655437425665,3.0121093148187548,2.756444458501229,2.5604446708775344,2.8875038242367292,3.000775545260504,2.7104755747846694,2.6470793010154585,2.4760504697613053,2.689007274586034,2.749452953630132,2.5633944213744058,2.519512023150782,2.4106294584610195,2.7308970997024193,3.0973324411079433,2.921718182578095,3.3094185853969833,3.002571125195526,2.899873495852244,2.986655381764271,3.248826144436457,2.5010159521411497,2.5172442492234257,2.8514655335871897,2.704120367695655,2.709443597828858,2.741346519430841,3.2610103465115077,2.8896575086537726,2.7325601832186615,2.6745160236694328,2.1127994375103945,2.816133342310108,2.9200699273938286,2.8958632549661636,2.7773701291850834,2.5518916824454805,2.4560430234917967,2.62855070573862,2.7732277115152906,2.7730646886241748,2.8225186174159878,2.61301972212737,3.2222954885306594,2.6195931635828753,2.906687048888844,2.638410166335173,2.578699826471483,2.80218440543059,2.7792114831736865,2.8508188461525443,2.8632401968267636,2.8428978655376773,3.017142919454854,2.8591606131296237,2.6674258945951714,2.4783923377535455,2.6458810542234064,2.528925735526355,2.5730126068716372,2.5402604304409695,2.82554426179625,2.843745157715618,2.8558913323071797,2.5181698491106603,2.678206905670188,2.7625168849022086,2.8464364506355344,2.5508813778343224,3.100284441175082,2.7413975516785665,2.7736190853274656,2.9056243885260633,2.8236713154262394,3.2917426644238073,2.8477803391869547,2.8510187094238773,2.968038852798064,2.6365924501314146,2.529156508517178,2.7103105079372627,2.989242818514753,2.8598058324993363,2.8607171047583178,2.8537792092596623,3.0172774823677884,2.3898739932334325,3.0684370130632286,3.108259026935162,2.6432979600746798,2.764371409286458,2.50986725959535,2.8366955765874398,2.249845501940511,2.219183358151999,2.7202182200666494,2.5270672205646703,2.490992825997124,2.946059982295693,2.6054221856081474,NA
Jun 2005,2.917360907222605,2.661475348854775,2.740988602572019,2.4659842102357707,2.5247816519255415,2.5150956197199514,2.65556849745419,2.7576628865689212,2.670604751395851,2.903473015323679,2.895012258135706,2.169355882028474,2.298845733686647,2.518905957906724,2.470289969419545,2.3395388182879837,3.0688285550014514,2.959791211811322,2.820553346531023,2.536420372208966,2.4863048979562965,3.31127009955387,2.878842951245661,2.9605506575264804,2.9149883736968287,3.0888767757123747,2.680799479083808,2.575872327136887,2.6508036879830823,2.815790284810918,2.7160046935720485,2.4347328643531423,2.3091587383769867,2.748480118126943,2.5446079349068342,2.755151086916202,2.975106139951948,2.9106613152614056,2.8301057096263307,2.955633640275625,2.8469219195585236,3.0037688249950825,2.7817512149951784,3.00552485950568,2.7355190526987188,2.626597610376529,2.9101746615539104,2.9999246003887032,2.758221936026312,2.7143825764634437,2.5310466857517797,2.646093536040355,2.741728746525406,2.620085337261858,2.5645021868859534,2.3828887842929167,2.7310785160348483,3.1426811998098736,2.8541228068775064,3.320028680027692,3.015484802027046,2.9105414655669626,2.9937999544687792,3.3381637184930097,2.481831034036095,2.521638587929611,2.872072426975579,2.7348229387449683,2.7417007205688515,2.745272471274248,3.2352215213893127,2.9334486331456193,2.76825110879686,2.665472912915804,2.1166464256065236,2.8770966230974513,2.970836601611258,2.9044895640961013,2.705726800155325,2.6399659395012436,2.5007741824939553,2.683349241906468,2.8981202525188623,2.7872007871040414,2.765067096783727,2.663660833008157,3.167930982106824,2.61896857353449,2.88686852502151,2.6581989659012906,2.631399260732695,2.8200694674412667,2.86445799664855,2.8213784756808185,2.879554671553863,2.931913009255033,3.0273424688654007,2.87569135112459,2.679706984781872,2.529875088072606,2.609917697290254,2.5252514639822694,2.5742896318693225,2.509333707050597,2.859699999222832,2.8931885280198606,2.8637606553553834,2.474112045443838,2.7039554425376364,2.8043350000978924,2.9174960493255444,2.608021183835907,3.0566165192519135,2.7439011912460574,2.7986166047815817,2.9142958747215975,2.840322753034298,3.2025525849978123,2.856208018920882,2.9059179358449323,2.9956436858609656,2.6870998022336035,2.468072527221922,2.7583986235261473,2.986091983184175,2.845345218684952,2.842125733328341,2.898992233386802,3.114298132263701,2.430759406346475,3.068667805014321,3.180251238922478,2.661557193244452,2.7614764432591796,2.550563199722432,2.8791689472933086,2.2556222374207513,2.284361909595913,2.7065143227179065,2.5869547140503286,2.5331995260256313,2.948048111226124,2.635120709330327,NA
Jul 2005,2.8864827924303387,2.6702700269837796,2.735388030046478,2.4901504909066707,2.480199327832055,2.542419478937074,2.6642181491470707,2.7157205875930734,2.6601236333888503,2.9194859463922,2.9073733974890286,2.172268655174756,2.207649457361756,2.4705962277283207,2.4392629340568863,2.284319577644846,3.069364727163072,2.994362866545813,2.8067591991270513,2.5073296598553587,2.536858103319245,3.361922636982021,2.884213922832758,2.9960642970628255,2.8796563758118676,3.0549507463196766,2.6899033022736187,2.6148204524447425,2.663636500296016,2.7784322417392286,2.726227214628649,2.429594838993414,2.339703359179825,2.7757709381429603,2.593013828556119,2.8105703131885678,2.977524753623607,2.9535815282353233,2.8545609286136173,2.9441822693875204,2.8692459165097257,3.002027343261367,2.805926274444349,3.027685778030117,2.7458638925582224,2.609278016249344,2.9366816019892816,2.987246146778654,2.713300389128477,2.7318361235057758,2.4975292296858416,2.632731715049479,2.765510416586355,2.5727135170442255,2.5370537534545554,2.4304427970246714,2.708146200624543,3.14582791655139,2.911359903464878,3.338276698771417,3.076427389102554,2.870873918329328,3.0147771862137893,3.288818756804673,2.4628771807788548,2.5122914482750662,2.8724479210462364,2.7074081353351565,2.7064793850175115,2.715193968207888,3.352720139738542,2.918098296481602,2.7715359071167938,2.718732505651466,2.1419265486963837,2.8374361859207924,2.9601680876504366,2.883705022402643,2.6775582172403602,2.609267088389788,2.5121309019527853,2.6108005810797477,2.930698582840263,2.7531217422577754,2.860670105288732,2.6704019271133106,3.3562579007265234,2.61171232471218,2.8950055100950487,2.5910895168513277,2.5742200018869155,2.860618037418683,2.82929736571251,2.8194797909360227,2.9030357541561123,2.8922781603813785,3.0978198147666594,2.8916024296637506,2.69378317275981,2.535160145738075,2.6659828894714424,2.548471671252688,2.5540405985205137,2.495147939448855,2.859857953613354,2.818808157731756,2.8344858239257453,2.518169089239344,2.6922012379329048,2.8335820454235288,2.910484895242141,2.567232884684187,3.052631040089063,2.7476859858294396,2.8118302227876466,2.8734701890347965,2.872050498846648,3.2678241094714733,2.89215727759889,2.8351837021307187,3.019124048626568,2.661539657230344,2.6114403607735985,2.787302961674429,3.007672025771511,2.8439603827745414,2.8641891479149018,2.8783812562587423,3.080760780973565,2.4026921353972797,3.063275064472924,3.1658333439157302,2.666736099728781,2.765745198740426,2.5379750585320777,2.8672851108185777,2.3083596835821583,2.3041321595147446,2.6675446029657763,2.5797759639373825,2.4947708835023508,2.8541604221226105,2.5992943757551004,NA
Aug 2005,2.8987976107225286,2.687133866602957,2.7413985903105895,2.5014777211270967,2.508191539481931,2.5429989004385445,2.6643202665914845,2.7523176972569616,2.7216083907534525,2.940860297600214,2.899302476742063,2.2192586131166645,2.2029092047713124,2.50677396136315,2.4458542977859965,2.352053431931978,3.0673034045488934,3.002929199797967,2.8217051216436357,2.5048722173339835,2.4884456490132645,3.374940653057226,2.8709045588122777,3.0031972057991503,2.924574386578352,3.091338271466121,2.723951513653839,2.621057869143566,2.6861441129950747,2.7810347210161717,2.6982913677206373,2.418429874815162,2.3614801054077232,2.7673843041199357,2.623204830896115,2.82399728077464,3.002268050469316,2.9264321174111485,2.8186622552616263,2.976990840156891,2.8427671813616047,2.984990776055494,2.803915441887166,2.9939120168120277,2.792681926801832,2.6026120366154415,2.9970741738901276,2.9557841872054804,2.764550097893957,2.71008666891277,2.4912534169874547,2.7298467819769883,2.774671936147412,2.628127118633743,2.5596070519144445,2.4087839091946717,2.7347557677463796,3.115132942414245,2.8558759268079283,3.323944506569856,3.0474774093119845,2.8995345356155235,3.0053401964921864,3.2869336990524607,2.6003386283972545,2.4838121327679983,2.879226111406533,2.723093178199965,2.7030138294552253,2.7274335040869233,3.238297399769946,2.9080568569946874,2.8039688447683613,2.6899221426733866,2.1504221408598476,2.8858469669307234,2.9225587017153725,2.9201261155975633,2.725757686228825,2.6465139391765087,2.4802199281572697,2.63828041154182,2.8548026305504393,2.7724763572216737,2.796708794217718,2.717884483895978,3.3437941787829106,2.6309364284723467,2.9185027049025614,2.6998976754277755,2.6371830451513625,2.868480123245366,2.834278999512746,2.8230891249123182,2.8957952007939785,2.891685752796571,3.0497213613281797,2.911568616281303,2.6717653475214025,2.681689809339455,2.6556123760090817,2.558499954972589,2.5486830629977892,2.5117837898688404,2.871011879736925,2.8459670309416154,2.8565033557306343,2.497198415697303,2.7034781724113874,2.792535563382057,2.935224791636,2.5725292657740124,3.0339177556117543,2.704894580644351,2.7944076103868856,2.8464542186451416,2.85373751000022,3.2287599619348377,2.86831029591971,2.868382419384486,2.987478075022583,2.6742568053194065,2.540617951452926,2.799762141477076,2.994115694023229,2.8570764511870865,2.8702032897488388,2.926819098195325,3.068525765953782,2.4671965381568612,3.059168002525794,3.1725038136429258,2.673596481512884,2.81325503843871,2.5540735077396413,2.8501606285876884,2.240889142216484,2.280467826355204,2.6770976480514013,2.5540122694607295,2.5842673863276233,2.8602900897053507,2.6130881077504933,NA
Sep 2005,2.907157856035718,2.6765213043789893,2.758450145564599,2.5550934856515997,2.4190590298472143,2.531775373696864,2.6786584574426673,2.7638248454033643,2.677607945442234,2.9486492327709986,2.9048069633856275,2.2278806241394347,2.223753455173631,2.4925603045850866,2.5111173849369353,2.36491203229228,3.0841027625035538,2.9877695481258804,2.815850027581537,2.5075327304920543,2.571114301882838,3.355264516409162,2.8904586878359138,2.9970963802218527,2.89003653269603,3.130703341932589,2.681276354297636,2.634292393052036,2.7036139199241975,2.7884266341061146,2.694681134826339,2.462926030307838,2.3747938468377967,2.752844291944656,2.620265116835124,2.788887964071795,3.0105156897341865,2.9065347499045338,2.8228161182354867,3.000725686158611,2.867603610903072,2.993309598401484,2.7735421016512,2.982792408103987,2.8110693971867695,2.5938213862520128,2.9561600273578623,3.000343468798682,2.739284331882395,2.7036704786588537,2.5228139899434856,2.640632823582736,2.746650497957839,2.612531736499585,2.541904775437271,2.421973032992988,2.73136979982891,3.177289481079001,2.949695601520829,3.347703835654881,3.00319380444212,2.87994573765564,2.980359492210566,3.32784331548699,2.498320125136803,2.511362419792875,2.882607255522889,2.7104960907152127,2.7229784695358026,2.720865374492107,3.339788913409868,2.960010709403856,2.7694168791322995,2.7005834955204686,2.1947044118006405,2.8262123148214737,2.9300239838175264,2.9199795574370726,2.7001221519967515,2.5811300336078395,2.5171407466152513,2.6233380324639546,2.9000455223609287,2.7838364113693226,2.8161455950133054,2.751333499352129,3.3755451982344313,2.6314055826317437,2.949469959189678,2.6725154781231595,2.6591164192186683,2.86236780775224,2.854175409149997,2.841381838526122,2.916693008812216,2.923392010574081,3.079210693790675,2.874164029588227,2.6720597337070826,2.5432517258554634,2.653028247797283,2.526423566630526,2.622601237761381,2.5650327411384035,2.870928735169297,2.87808068200616,2.8451746839892755,2.5760790132706597,2.66081390494716,2.8137371447369732,2.9177042257072032,2.5826864505633176,3.0360579473828873,2.739029852815426,2.787007259940625,2.8823142617954822,2.837105022839791,3.243114381247393,2.8647953479291184,2.8691911971441586,3.027444156709394,2.632710174337882,2.5837887341178165,2.792298859026365,3.0478406225137027,2.8705366337116978,2.8928987159821173,2.8581383998118057,3.1128875091169608,2.4587076530568632,3.102574991271583,3.196301614740919,2.6650247463534344,2.7777449147885673,2.5766483167457013,2.902910168413644,2.2553901551017397,2.2734800343722825,2.7601011983096657,2.5763874111946943,2.536264054750963,2.8712554847707286,2.607601817062346,NA
Oct 2005,2.9078023411529497,2.683428324214765,2.7474444572675787,2.5390946259909106,2.5086389505656776,2.489253195698545,2.6698628818812713,2.72911084381365,2.7432059571909146,2.9483735389530032,2.9162482296352064,2.2115121917025093,2.2830505929901674,2.5035368980850645,2.45744808427643,2.3757604998078397,3.0825203270547017,2.987129518639461,2.80342421124784,2.5531035780257945,2.5231016475996415,3.3705447535931343,2.8894609700938387,3.0256485391247314,2.9183159063345476,3.1466742752554904,2.72341647451801,2.6441795851590224,2.7460508620862707,2.8041363383532816,2.6999627614959723,2.4654497303211884,2.34510916590959,2.778026520029533,2.6350412540121098,2.7542747985540905,3.002952061173844,2.9555955225217385,2.8454834258246375,3.0085307539421917,2.8678270103943215,3.0430394404067753,2.8311691272258046,2.9966456975227675,2.809549315368919,2.618875673314907,2.9441182899696727,2.9961480066505173,2.809429351431025,2.7189098292246,2.5540826085323975,2.68477861696742,2.7555373076644014,2.615036539546711,2.562604545831331,2.4157327542175318,2.739200521430815,3.18703420615741,3.0064848211900572,3.395796821159485,3.0674868285347356,2.9239904553976097,3.0309994639571736,3.284813361651088,2.520695589707968,2.5405874048468284,2.905043348964934,2.7183760628699307,2.706124371917857,2.7533712824153023,3.2655482685776693,2.9503550606530173,2.776252598863512,2.678386960750335,2.174713226255113,2.8546134306396453,2.947924643287883,2.948670735574879,2.701490104440427,2.6375277955737144,2.487605670201497,2.646098413559344,2.862566351739774,2.793982557563126,2.7792182221769917,2.6394950317200774,3.3018994860475606,2.665790453809561,2.9255600330411253,2.668262255387849,2.614921718756127,2.8606148886471874,2.821141879447109,2.8262877211823154,2.912542612855814,2.8546301319422946,3.1284871376695778,2.9551664650387477,2.653942865556601,2.5589655094176855,2.6406130427968497,2.5393646277647823,2.6017493281603827,2.657087279867801,2.875883877543408,2.8715421542808546,2.8620939006865918,2.5960271911063777,2.655968710480828,2.8286014730142073,2.9249012584007987,2.576705103912809,3.1092868827796942,2.740016193203779,2.7791742361612264,2.8587857495486397,2.8323860736073523,3.3111812584630567,2.884163927636063,2.86078059383524,3.0273167719491023,2.686190895263294,2.5792173216262557,2.840073765151667,3.0656701635015726,2.8312256548510533,2.8921689072435033,2.8522479294619165,3.11078944700851,2.4017040845358752,3.0833758581759496,3.183583202229959,2.66855582394276,2.817353451977958,2.5510655953780668,2.922375814008709,2.2981466972131845,2.3409187192682954,2.800864415677829,2.590635753931067,2.5714512555109184,2.8695362657172594,2.5838746839132027,NA
Nov 2005,2.9145528707635857,2.677125737242245,2.7509634187437415,2.504084920217771,2.5401854742384584,2.5251620568918534,2.6949867586371097,2.7675351697865596,2.7181067803191468,2.983005943334297,2.92975773509516,2.243710000335746,2.252653916939097,2.5294945362836114,2.466586629210046,2.3975309975845085,3.07537773770254,3.023190328493953,2.836217389568029,2.5265643455166127,2.5602187802743654,3.3690358527437145,2.913519552459188,3.0054072704128174,2.89534222394067,3.149511001707289,2.719433791433896,2.624636107775609,2.7042912324540818,2.793702558220197,2.728643965590851,2.4001067327942764,2.413901765958246,2.79070683349636,2.6967905081951495,2.8137275776394914,3.017080938404379,2.9501227923460216,2.8230017911822984,3.0230604853514618,2.8775009315862263,2.986771082042218,2.8000785730124074,3.044509352137504,2.7755474150223676,2.6575530619377066,2.9632578177425763,3.000112793717481,2.8077781574945995,2.7676823669232538,2.5523888352798845,2.714070134365454,2.775548365327705,2.6273426270118434,2.570158944818239,2.442883490088147,2.731786760361736,3.1796511452626675,2.8898497594584818,3.396736269515144,3.0178095832715397,2.910096640190152,3.024459893414119,3.3427804994257126,2.544975693857602,2.569229775791661,2.914254241375609,2.7179285272510803,2.707368866538518,2.7595223393503048,3.251931552716565,2.931040754186283,2.7797693761700173,2.7179007220067013,2.1472784730876056,2.8476032584357944,2.969946717473004,2.966427250665682,2.776537805703036,2.561626202777577,2.509256216219703,2.6289623185315394,2.938916150207089,2.8052309822576036,2.8083322768075187,2.6807457847522373,3.3316856685501617,2.6471326308486685,2.9636855088961416,2.642146279535714,2.6617989868708802,2.8542038694248695,2.8367238570375526,2.9061765552542207,2.915451216889918,2.8899738784159488,3.145914646160406,2.926538515180352,2.6922494890951687,2.4990911666751177,2.61775704207085,2.5595658719602348,2.629197512376573,2.508528260472859,2.8997453802493225,2.8701703078941234,2.8826696764851496,2.572002581607425,2.6630567751758893,2.8747166141145133,2.9281204434154957,2.599067639031409,3.094660512359005,2.792503872535579,2.8237847847778226,2.86099581041375,2.863560203519816,3.263543832996129,2.8885647320802437,2.8328306732450974,2.998930885695295,2.6717418557343136,2.615062784401846,2.8039334010776824,3.0675089267296927,2.867053465871987,2.915728663584783,2.860351643955827,3.1444050447748952,2.4619156961240036,3.127479411697538,3.193935074355842,2.6818338509591917,2.8275736144022474,2.588112585041108,2.9156748003612396,2.338359654874062,2.2935394166159164,2.80436581197498,2.5818197290332363,2.5380939909543487,2.886493898866854,2.5887505214927073,NA
Dec 2005,2.942859447914515,2.7203177028261005,2.7810649746845675,2.547808141402785,2.6023829833137704,2.4967103298681113,2.6774478356384517,2.790438428925503,2.764041909999824,2.965365053053474,2.930691345745345,2.271372999987039,2.379253991668509,2.553187353648188,2.52245863398452,2.4067803863625072,3.0984639011353567,2.993407807396132,2.8382141430152714,2.593106271447657,2.5898712158463573,3.4002103581947627,2.9391340112139748,3.0133888677766025,2.9138518087984777,3.1872988541795477,2.698984280134063,2.7204838262385715,2.7090454229358056,2.890609124861557,2.7193910254653373,2.4202758099964545,2.426174771357695,2.78846257803405,2.6805538142823515,2.8295167501745837,2.995420997763162,2.99112481314997,2.871076951818816,3.054620835582572,2.90067966656662,3.027982880223718,2.839425411750407,3.0334289068424507,2.827029963261683,2.6593495735591954,2.9720783028507154,3.008164152829593,2.7329429608088383,2.736486823947603,2.6034671341378495,2.6122458449678825,2.8033473606714403,2.665727596050512,2.572888574232764,2.4316516812260933,2.772733911439108,3.2063608558996597,3.015395568707929,3.495396027508693,3.077274340957448,2.884539673955654,3.0615155537597762,3.3535452524758442,2.5463195343325293,2.57806563756846,2.925443636713937,2.760215672971011,2.7403147757423656,2.7552756921569173,3.3850260986117933,2.944156040573903,2.7875352308582455,2.7069720088259,2.175393023438404,2.870206748030487,2.971167818058562,2.9421817293455295,2.7722293606321116,2.6753751230955136,2.5615801196964307,2.657657591360336,2.912693716674455,2.7714529746133443,2.825951901100711,2.689499685090993,3.349558707580575,2.658656708436474,2.9331774511801867,2.718440993111447,2.725195089096903,2.8690714637466863,2.88815248673451,2.9032167900127277,2.941817395339704,2.95349681019757,3.144452533942705,2.944921416134097,2.71851805634661,2.5343922102943814,2.682722902083854,2.593012342375826,2.655025285492144,2.5322221268481653,2.91509085114921,2.9067053730088497,2.91831328352518,2.541452498067445,2.781278457239826,2.838876537858205,2.9647333293470424,2.5885472862050434,3.071745173540058,2.8187462606419427,2.8211329051615195,2.882441823322726,2.8852711016374357,3.303772430497681,2.9210143219551865,2.872116907342971,3.0265947487365024,2.717089991918493,2.5520953386848055,2.794702273889604,3.089348392767084,2.892881753767893,2.9001740656744324,2.9023252101609973,3.17728207661296,2.499151621383002,3.1303621348318154,3.182503981042208,2.697754752346637,2.812283178103114,2.6012157624241365,2.903667700926374,2.401790032368661,2.327820100317362,2.7846595313419833,2.618953791794627,2.616001188212713,2.9736815976356157,2.6971847893780403,NA
Jan 2006,2.9149290156706464,2.699342771100111,2.7810959908735784,2.527526619050804,2.4860231694109993,2.519376495528263,2.695069411812947,2.766632717315492,2.7595810687719666,2.9505775268336345,2.944067344377192,2.2660714405059936,2.296453652689237,2.4916460532494393,2.479228861097819,2.371841835826818,3.090651976157686,2.9924340438133545,2.8157956455108826,2.5484088072311772,2.5683639379491514,3.3852211467057773,2.915877043685417,3.0103366730597965,2.8934004656406884,3.158078302581973,2.8066213663975463,2.662365554066831,2.7079747995624732,2.8345777295653836,2.71767108938879,2.4698595075349723,2.44977090233693,2.8505662797566256,2.689691225039564,2.8047599431824595,2.994377489678886,2.9404041873719264,2.825388549816973,3.017227159964465,2.858105981106389,3.0439583208120484,2.7843872524691555,3.063127262027764,2.7620485899514904,2.578172335364669,2.9917092041382904,3.1000264766322108,2.824919619079095,2.748843433264456,2.5497236645254677,2.82613827011947,2.801184347272286,2.65427243999283,2.558581245579694,2.392264746775236,2.746773946585612,3.212712028035263,3.0077886778306824,3.398261001047231,3.0473289761843674,2.9132698325035045,3.0469099266535693,3.2953952728768,2.5947608414413676,2.5522208254553007,2.9443642232554392,2.733065403635408,2.729824288037887,2.7739774842808265,3.323680277343437,2.936654589091304,2.7883974758297665,2.7450805055524126,2.157596073086517,2.8729404953432596,2.9596333826652135,2.915852507071534,2.7047896903446063,2.5506438016782216,2.537391944088647,2.672320390951601,2.865453830579467,2.7640738683009314,2.87351820384538,2.6740708956555546,3.42668454308878,2.7062077244368306,2.9212693503853595,2.6693421483921314,2.689436697042309,2.890716391353357,2.8492726104043786,2.859274332519392,2.9301005748415214,2.90045425554585,3.162003894960438,3.026361954018123,2.6910199700124187,2.5612339763674266,2.6532249217168022,2.6163227280960277,2.647901356612822,2.6065657610265744,2.901243491213148,2.869912577366845,2.8845515227667633,2.5909350423831916,2.7433528508617044,2.8925786540093403,2.918544081920775,2.590205690480844,3.072276052749192,2.7718404882913767,2.822184685448553,2.8850017133530925,2.8949608531516673,3.357570651617218,2.872677680029374,2.8457567688038323,2.9963827739163444,2.673795469775569,2.5984735271059436,2.850808296176779,3.0730548004559544,2.882908932884339,2.902449060328938,2.839629903862666,3.138618368206553,2.443808221724669,3.1085034247736636,3.2282918409827723,2.7117028361827527,2.813193377266823,2.5688991538571044,2.9250455405317015,2.300203937069304,2.2738290541470243,2.770669055087876,2.609184307702709,2.561339733918716,2.894010481080361,2.5964445368198517,NA
Feb 2006,2.9629508111234513,2.7353758046065764,2.809679100459971,2.513610109004975,2.485330458629571,2.478867547172214,2.7194071051884747,2.789800167619092,2.758420987481172,2.9932931981626227,2.9572541180544896,2.3403360513614873,2.3446655675138905,2.5588332441616464,2.4784345619440997,2.4308896575617687,3.1177574431673416,3.0427582505910866,2.8293692990884423,2.580766219797902,2.5106491998653313,3.4340347630287784,2.9014174932063947,3.011834706350559,2.912522413131021,3.1269766058429855,2.7993537310633423,2.7167697810347153,2.7284021261378824,2.8728703786636403,2.698214834284438,2.4784423452955306,2.322033930041959,2.8150317056366085,2.6330415781335073,2.8098397898540113,3.0259914355229,3.0021188710533027,2.839335028469823,3.027001197974527,2.898141259852387,3.03834384765676,2.809989774919636,3.0866507309462126,2.8132859818562292,2.6247763065211753,3.0012507747970694,3.0289025395256304,2.8204426184072133,2.7248965359295894,2.6113955810165943,2.67355459117747,2.8244509407615643,2.671110668113243,2.5710379388291593,2.4419618293338305,2.7516893190800173,3.2060715380319054,3.0427809080111685,3.472539806032561,3.0566967578203172,2.954168721616029,3.0632227198792976,3.3430778944101807,2.6571453086185985,2.6273056676339337,2.9520368434637105,2.769886285145358,2.7632572275356084,2.7996218821211625,3.3772883480263993,2.9641125522328,2.825694757191835,2.7713627315548814,2.2031277965739893,2.8763250723960905,2.9858125740242896,2.929537506281461,2.759966927383433,2.5847036220067823,2.5176725412732353,2.6815250529330017,2.9644144595449267,2.807501883664295,2.9191557145384746,2.656819812114162,3.469299449126632,2.6879381615179527,2.963508910299924,2.7413249247877967,2.6797623600633167,2.855655936504258,2.8466524483795976,2.883111723053511,2.9403750045402206,2.945205282349827,3.158689600518156,2.9443388767857255,2.6914291254947953,2.546192850268918,2.6784570862872967,2.612371963011885,2.6535983049849885,2.5936952422161736,2.902676258027644,2.872864937168922,2.9177879105815725,2.540045460963741,2.6816549231256714,2.8492762658136126,2.9526580547729218,2.6320441002728563,3.0852942566981816,2.8340877639813815,2.8847370438108157,2.8819299503780953,2.86240754512686,3.2947498416626186,2.8845850608899926,2.868156974250784,3.0317197886931764,2.7361211890915027,2.6151161028830234,2.9048240412341264,3.075530344407006,2.8735805502628717,2.90466637634163,2.8477247343740246,3.162193721434504,2.4127354097750335,3.1704195916995723,3.246561722814533,2.737767025528594,2.8326203029752093,2.612841340603581,2.9105173963281485,2.3061487664154647,2.294138400330697,2.813951033232317,2.641674205866346,2.584375398353416,2.882955254626377,2.603142404236561,NA
Mar 2006,2.9571987560328945,2.7338312217890284,2.798333740986509,2.581675227917833,2.4921504757935087,2.5339720769624865,2.731593484309224,2.799974060261779,2.7707307228527327,3.0173841856266037,2.9837610042615985,2.3321705581138312,2.302849476031203,2.5839526516718245,2.5723581234042654,2.4253919141994214,3.141627351178835,3.021644824418157,2.8666486170804553,2.5899897825786877,2.5693439154023734,3.4487277138607753,2.920077473277639,3.0373762327703377,2.962538949742324,3.166528567754813,2.784685248710388,2.674254171551374,2.739179929112799,2.9125467349276337,2.7720463657833627,2.4960005821048887,2.385413528217408,2.859817772589236,2.709741144566973,2.847986670491082,3.047179490339188,3.0008516706179087,2.8863955642143067,3.040438446560637,2.9269968791136294,3.0316079198863743,2.8351329027147285,3.069331531415701,2.8492720438599384,2.6360847655438877,2.9933317616098387,3.0657025928248096,2.7900825171608226,2.7784821592963067,2.5845777024867593,2.7308834113204874,2.8427935867602967,2.691778730779099,2.627438449807351,2.4504398784557377,2.809520926202704,3.2302962071339594,3.0561220363594224,3.4858883648179115,3.069988428737303,2.93904425838688,3.064493210824434,3.4279621431138843,2.579341506773627,2.5698379373367595,2.9481434599109226,2.780884885331528,2.7817645102556665,2.804659507198901,3.338538078170312,2.956319043004386,2.8125187668622256,2.759651416165344,2.2237430588952334,2.936795618552306,3.025731871495375,2.963702777901342,2.7349551706083792,2.643479677315246,2.501439850229563,2.680791189284004,3.0105385274107728,2.8348083775169597,2.861299786865506,2.7248078459235896,3.481208482617295,2.7327512156229044,2.9717751756390114,2.7148636132150483,2.742584913558654,2.896550560302292,2.90021761135839,2.934307851085302,2.970828184540503,2.9783971583525624,3.2296596168330063,3.0139318481403525,2.738927996882685,2.5992951078496844,2.6607688494561073,2.600800589642462,2.6745234291969147,2.5720724327409292,2.911625845886619,2.9489790936471287,2.9360215369890414,2.5968500114474002,2.7747354236028725,2.8513964002001537,2.9778333736051117,2.664815513641097,3.1042531649647738,2.8006020910022844,2.874601673434422,2.93248992141797,2.9402400363999552,3.367694533528552,2.923139664871641,2.8656530755005725,3.0345088521701857,2.7560167832582385,2.592894226789638,2.8908220100687014,3.11055912789174,2.884777907177186,2.9030182782294873,2.8708948666097163,3.144480111057031,2.4725571782304714,3.187241180014836,3.255270683827546,2.771090505228449,2.877261685645977,2.6365584692154456,2.9129378457137634,2.3389441316700994,2.3563952508312784,2.783778950134983,2.62032341274042,2.613301735099938,2.9142020970663354,2.6666930022781887,NA
Apr 2006,2.9664874147134634,2.745994863751434,2.8125322165846938,2.622705690332982,2.6005705333553797,2.553880673486493,2.7505094333474167,2.8169097043184093,2.7418095970561063,3.0496284461856686,3.001369137450834,2.3165807184493064,2.431158717667431,2.5885010540244777,2.5264536810465557,2.485084947330107,3.145280825192264,3.0611518915106046,2.883278770473915,2.608294443095455,2.612826387296356,3.483763917172416,2.960943157576743,3.0314584327511955,2.986364940335154,3.2692555240240937,2.865135247120763,2.769300352015752,2.798312066038793,2.8939454188522284,2.7665975896779105,2.4928253299463172,2.4288910764693465,2.850927601216266,2.6724294503002537,2.818783630614201,3.049340419992482,2.9974583063646247,2.880357041336087,3.0761409095905385,2.946655741592059,3.0549488254617487,2.8384492525507516,3.1125383528954456,2.796566991490354,2.6486327171336717,3.05475038010513,3.0646910702364956,2.868423436261273,2.8103769595105743,2.5901693229906515,2.7061705774264544,2.8558183726510458,2.7188175971212987,2.639608632699479,2.5050647848203975,2.8243552697963947,3.232232846503425,3.0805690819659652,3.523407295589193,3.0779556378647444,3.003028013718172,3.1097890454333057,3.3887544951593234,2.5994932358070337,2.604001923153968,2.9937753316193962,2.805076978568705,2.77162810281189,2.804874832966186,3.37371029040511,2.9916123666587686,2.839594158866457,2.759936699544164,2.2383596908945003,2.960382312689976,3.0133238194291554,2.981171014337981,2.7462423234195796,2.646674121608988,2.531689305131039,2.7347758069238832,2.9819386014158904,2.853622261811854,2.875272619878303,2.790212500532326,3.3581580263274664,2.7522583731606876,2.99361954345798,2.769933420610256,2.7154861570157514,2.9154228670938664,2.880389000212929,2.969804815738444,3.000613513598145,2.971477315349041,3.2410226075686093,3.0234993481773165,2.7778706956876893,2.5705349386712504,2.7147416944535205,2.6338674960599127,2.689397178171507,2.602446443708998,2.946028482898765,2.9142196380183445,2.960099777822655,2.6519855358413267,2.776916792265895,2.9312252754033987,3.011312636350715,2.711038533921314,3.114849259269225,2.8621580408706886,2.9213257475760406,2.9452621108960515,2.892413253639033,3.355954597909728,2.9440753750953457,2.841424268763865,3.0834968663446096,2.7616387536591214,2.674588271730481,2.9066186537181093,3.105612192252713,2.9228125042628355,2.9471704465793036,2.949123079300192,3.2012705798801284,2.4806467795478673,3.2182670300771163,3.2930184804239007,2.80897262036648,2.876551725629713,2.624552376229375,2.958984257828648,2.378782941798154,2.35392288392068,2.800862653456557,2.625506034861021,2.6069784350918206,2.9422106563939403,2.686121708452876,NA
May 2006,2.9936502751047707,2.74497410868752,2.8272924983728447,2.642182320584858,2.5651781868987653,2.6016129467923146,2.7648819183267466,2.8209237828501843,2.8043109720515993,3.046012852208639,3.0303951725157408,2.3884860688620386,2.4441214232823025,2.5771069876680266,2.5827185461119453,2.492530846695032,3.137376904683448,3.1019218557465305,2.906552241347791,2.66382804718044,2.617874797766686,3.5286876242285015,2.963468744860771,3.092341751631073,2.9855470377575264,3.277898008586343,2.8316609140683315,2.7644925235894617,2.7364368736926643,2.95348027098905,2.7777889526624304,2.4915921826406255,2.4680880989046092,2.8645593390463393,2.7805233157842317,2.8702491062916295,3.09445016626645,2.990230121750283,2.9303129293926493,3.0892888477081573,2.9738241745095775,3.0590532207434555,2.883238234050528,3.148167246027936,2.931844891096173,2.6717723737147177,3.0434695970179226,3.1004385263838965,2.883469771530739,2.8422201373436593,2.5951646644579194,2.793370231216776,2.90882296763204,2.6980940547550483,2.620183179252889,2.496534398168565,2.8434099230096264,3.2383828084583155,3.0651758051730553,3.5676226555873036,3.141317687313322,2.9700867376655604,3.128392433594494,3.410957385880105,2.602879078609649,2.6091564802438887,3.027217797792207,2.844593914426618,2.8138813396588227,2.8413604825814307,3.4262720809552505,2.987252329945071,2.8684324152054317,2.839753898742607,2.2889399854016896,2.917417855968245,3.070851455611995,3.046661354166987,2.8075586987981094,2.6913804745549053,2.55950483943709,2.7890198995479833,2.9567473384860272,2.8739425653881483,2.9131270515580647,2.7915756759514774,3.5197288971959386,2.7591651814564426,3.035769272770457,2.7395941019051637,2.7388590015969463,2.9328407630416935,2.900492458096678,2.951491858806646,3.050676166611711,3.0466046549916164,3.2627416938087053,3.079858626213937,2.7625418047848957,2.6100236115238773,2.725296898243705,2.6563019497735065,2.7087290652821006,2.582154180186077,2.9354294488066994,2.972278808952656,2.979016927557589,2.6254256870179473,2.794688550048511,2.9325343424974033,3.068890450649025,2.7693093815437644,3.1466065571081465,2.8985951808414336,2.9120530004400704,2.9567782937513867,2.956274964588462,3.4486713355267535,2.95547706031209,2.9454473986346823,3.060034536278291,2.768282690806459,2.594783043749208,2.938936667886973,3.1810479450364704,2.9615035345877163,3.0010996202013005,2.9031702004934075,3.2886325611555938,2.537908441045923,3.2901328315044442,3.3710608557969715,2.8657972510312226,2.915564276969671,2.6945991912459317,2.982430525462438,2.3624538615782837,2.4380718681640996,2.7870104913398444,2.663868137011422,2.7095559656115045,2.9847964783223073,2.694587677326179,NA
Jun 2006,3.0321430734300834,2.8084588755355937,2.8592559793778407,2.612761580429657,2.632680273966012,2.59187597023557,2.8150201881656716,2.8559438082505486,2.768266843570699,3.1133733868681936,3.065182005206606,2.4390907616589566,2.3884850734064402,2.6197324950014,2.646873518513496,2.508674697188984,3.215645155043734,3.1051123556541063,2.927572310260212,2.6606607952167045,2.702610472182052,3.5298084969817816,3.0076260719022185,3.1337614039880957,3.0282940927435718,3.356817889994508,2.848892023399229,2.829777118232195,2.82395318990981,2.9750568096218912,2.826621748203153,2.5814050876193186,2.4643364632666565,2.8688723484956133,2.75537589186696,2.9094779773955617,3.132493538959629,3.0779967303693083,2.944275953581243,3.1000375859304796,3.009028593730549,3.1073951910576993,2.950333037520755,3.1535696348095823,2.9032697794816955,2.7173236387774127,3.122011612622632,3.1009812896578186,2.903072629302212,2.860998428463136,2.6360033268752425,2.8175182354069683,2.9082695788223725,2.7316017650816247,2.696129017713991,2.516881606026509,2.8589875272443037,3.312420066592429,3.096226087248668,3.556800239002075,3.1467030701156076,3.004618317435248,3.1609522945120614,3.485846183091277,2.66865692231275,2.671785269942989,3.0731893501145815,2.8937144700127044,2.878818197916608,2.86517441718006,3.43211033734318,3.0304903035182287,2.916005054855251,2.8056222004509963,2.2650708198942704,2.987420947360352,3.1132473275365857,3.0943633500644294,2.8844893167193453,2.7469515848264026,2.5968619872693295,2.793443803587997,3.0824014371933264,2.9088051447184196,2.9693780270415258,2.8223304467211032,3.553021414135857,2.7797285235739664,3.014533354722958,2.775726618786603,2.7668176475069166,2.985828676587184,2.940955941167456,2.9778111787656587,3.0772840373052124,2.999177618254939,3.307543352996199,3.1071900848340785,2.784720663841531,2.680215504211321,2.755998918478435,2.673648343017467,2.679293323089668,2.5972377844832826,2.9777087479093045,2.9740930943287514,3.0182587400278464,2.7375522441379743,2.7950647181686,2.9540581737160005,3.0991892965458963,2.7835695870053705,3.2050153729481785,2.9523138367025332,2.946142473025034,2.9964240316301995,2.964565954715907,3.39407527284048,2.9770093774190958,2.9707079439811737,3.098342320983799,2.837248000534306,2.6771858103903163,2.949738858518368,3.252161301485066,2.9914022287086754,3.028996384836834,2.9010750428821006,3.277515614175166,2.550881625473007,3.311541151633092,3.40782107491746,2.917817984163955,2.930445379600631,2.7180119486901315,3.0114761932236656,2.4324282635715675,2.373274852161697,2.799494804766237,2.6536970809642946,2.628275622019687,3.0057228988548896,2.7646142440596164,NA
Jul 2006,3.0546040899810323,2.7726438550090355,2.864421774380481,2.652432105069627,2.618969590615725,2.594162630783532,2.80253348955029,2.854517482199733,2.771496867979324,3.119388465730808,3.077678372528595,2.3637188973051684,2.5082076327011777,2.6549192277891462,2.5864705809262234,2.5390221553483747,3.189956397832714,3.1495889406355824,2.9557813000850626,2.6632662128445674,2.657346103882962,3.610984637122283,3.020506986730907,3.1413930130489436,3.0194907622195073,3.327346135083896,2.87326181795825,2.7746632704018794,2.8147486223961153,2.9814858767739856,2.8182747721380887,2.502788215736489,2.469043982070676,2.914566732824312,2.77738623881199,2.970437335362139,3.115271873549311,3.07537295080644,2.9369118637138465,3.1227405946709816,3.024504070296935,3.1538894257137313,2.9291923246189717,3.160103158895313,2.915860518085067,2.7053748183516775,3.079686841559673,3.1273028053972673,2.867079584026332,2.8300268655574365,2.6168635098084208,2.79143244241317,2.9092657184625126,2.7537319022053586,2.670618712930965,2.53724668630242,2.8720999172285953,3.320873171740784,3.150192235423117,3.631551437843239,3.1086733713645445,3.0705561296212003,3.1798806667404755,3.4780268094071842,2.69771751253696,2.65216967499407,3.067605745161349,2.865625752998381,2.876485786616868,2.8685474077663917,3.4826196089426937,3.037251560663745,2.91684606627598,2.867692335219303,2.3172434262715997,3.00665450339314,3.101519155095525,3.108009072061658,2.8247930380805744,2.694320377248202,2.592674783565707,2.763986200983876,3.0423403766397605,2.884525559466919,2.9687108335711896,2.8162694831689032,3.522231821587162,2.7928400345295072,3.0744981634010298,2.795095870104161,2.7544153959996542,2.9710387189086065,2.9590103221653132,3.0245621717481384,3.0992934702840684,2.9826238543223433,3.351189857363339,3.1335313613309954,2.814089278345874,2.717790016348956,2.7486016535447244,2.670620373247084,2.7104958403660167,2.636111421874093,3.0297477735626868,3.028383350037629,3.0033153796086527,2.6836121903680294,2.817007272493716,2.9669893141579657,3.1376917929691768,2.8515583371042816,3.214947263496488,2.908860530274705,2.9820357487880953,2.9769709906233475,2.9684180271942893,3.392039700483746,2.9932367763797605,2.9538397145179682,3.1282085502648656,2.8973398184436587,2.692869875106029,2.911363812841768,3.284964914727804,2.974867561795861,3.0249308513705557,2.9763924472038927,3.3268997024919766,2.5866396693003937,3.3912044858116728,3.476418229696853,2.938975209023802,2.9651599151356796,2.7058475060057345,3.043828784099661,2.4471511873929117,2.448761036336711,2.792634325887027,2.71726969399309,2.670907537210848,3.017374354617778,2.7106382893671377,NA
Aug 2006,3.07128454338501,2.8017165816750307,2.8775547268179973,2.666994376237909,2.63725462150211,2.6127926694921806,2.8013375090847417,2.88541105363517,2.779094286093029,3.1430340653800592,3.1114191613699966,2.477200061598693,2.458785100484546,2.6477346883959405,2.630560249075995,2.5319857097149794,3.2495733731344196,3.1416586051478843,2.9533619456157267,2.6808175860064742,2.6971887092078743,3.6436478109506543,3.0544133102094344,3.1818497616975425,3.0713695649908015,3.3422207630349208,2.9202988545268602,2.859273643053963,2.8292567040939685,2.9871487641896195,2.853054635784271,2.5709305087534644,2.5116448985697812,2.9051850824887833,2.764696316536421,2.956473124451451,3.1391288190784703,3.1097204686174917,2.9672300344936353,3.111848393452748,3.036573190417292,3.144778934105221,2.953990593206313,3.190855841947963,2.8986087841184185,2.744048561033561,3.0931640821592854,3.2079927653221603,2.9059198318521506,2.8860226824892456,2.6379371173179322,2.7988562833474933,2.932279677228072,2.7195411447575104,2.7148508271904928,2.553053240817723,2.886395576621397,3.342665621948024,3.164629303408626,3.560481629216742,3.198271743694676,3.0667753348470996,3.1861968332780912,3.5315840021433216,2.6525964685279324,2.698245946001276,3.0829320797962305,2.8869989723241156,2.9169025133620696,2.8890282233730478,3.486272775146206,3.0676225724305395,2.934516961541722,2.881772358651612,2.296209384743288,3.0141820289976553,3.1656451629140885,3.1327902897028688,2.8689416919903588,2.7447642200300915,2.58646265019307,2.807023758516013,3.087492149528477,2.925235056977846,3.012506859795609,2.77501222754347,3.493610844389207,2.7665772933471957,3.0944600689912938,2.7925590301924146,2.7600805415879286,3.0197966914705208,2.9724277289138903,3.0148188110469754,3.0770767543834303,3.015668935626235,3.395710950194943,3.2054385188959973,2.7921778028453454,2.6577932098989367,2.7833077200135903,2.6510629549114455,2.7637910820872356,2.562322794098681,3.030553376867252,2.988210871545855,3.025964701300874,2.7166098061290347,2.8445638856492894,2.9646304300114936,3.1583120175299797,2.8552331964784963,3.2403045022380406,2.9767560806687037,2.9532632077073924,3.0103857925145907,2.9982711932758703,3.4205223498256787,3.0377680882390816,2.9147256117385463,3.119877250846214,2.879088070344038,2.7553407765539535,2.9749960254060666,3.3039305533005474,3.015832349638699,3.014987145077426,2.9677748777528894,3.296229688049589,2.5512697232668313,3.420618001410423,3.4966278924419147,2.974399973436412,2.98694500847128,2.7186007905293925,3.0223873452050998,2.3840466305114933,2.3761683776684626,2.865979925575065,2.7385387749580254,2.7068536671162553,3.0467758332102863,2.726495030632505,NA
Sep 2006,3.0831919059162223,2.8377655246232423,2.9168514545429223,2.6566934903654746,2.6770846009253635,2.629804460853015,2.839459090394535,2.8705436901434727,2.8063085184549585,3.188683506933895,3.107456533211337,2.484907188170128,2.4418456831652966,2.656441444654758,2.6473312873241204,2.5651801139415285,3.205472090707447,3.1759285768268337,2.9910707797821603,2.6858149006800924,2.73497194970655,3.7182769581457418,3.085911621696496,3.1926233100664443,3.1165529465286568,3.402628279787327,2.9083745711926743,2.8994103738954715,2.8548352742166814,3.038274881007356,2.849519575115125,2.6040743395858823,2.5702993003559773,2.934650991863264,2.7698976733430154,2.9871412875905174,3.177454704346308,3.1021258560988123,2.9731986446529928,3.139519522654419,3.0731520570944957,3.175668077823844,2.9551616875080504,3.205852950523958,2.9583358821271624,2.7543073474183974,3.0954843284984577,3.196464107038894,2.9118840795738423,2.8746622347952897,2.6629732744817707,2.7255553040813236,2.961379308781037,2.7541132633647827,2.709111190095336,2.6030745632858148,2.9061985112044364,3.3886482999868446,3.2354733233456394,3.676815917969544,3.1884068906861565,3.098257900974134,3.2198838239828884,3.5227155229624176,2.669515633168855,2.730108971283377,3.106012180794892,2.9195788002036798,2.927456724709839,2.9170868766121743,3.502735513066562,3.081039284893595,2.9550131752908735,2.8940883513269613,2.285308819195239,3.0797683172150405,3.1759481724862693,3.1955603731137106,2.825217160588097,2.7653545008666396,2.6302394115106895,2.770554272708162,3.137642012631783,2.92813788975897,3.0151236208520094,2.8705174191607288,3.5253080106776844,2.8297882843548656,3.1159080983253067,2.7840468305851362,2.765254051392395,3.0254869630162147,3.0049977676346646,3.026989524467122,3.149027668876863,3.0410854139770835,3.475975593502411,3.2165463808336274,2.817629956457559,2.672200921826103,2.7293906652639355,2.6899818958750585,2.7748418366818726,2.6454987839300332,3.0517204164163347,3.0527171484039997,3.0557645703095555,2.6945848481632373,2.87271784850292,3.0576215002811558,3.1741504994364043,2.900199328962171,3.347886388107036,2.965482353308583,3.0129954036465456,3.0283618965350168,2.9879834630193143,3.4631346822155544,3.027301425724418,2.9387513920510018,3.1576616251261704,2.882857943608641,2.7438007784903324,3.0050195497213514,3.312657814033452,3.030916647431397,3.0491902162046003,3.0031958434277213,3.373967697732352,2.5918859193096857,3.4739657920365397,3.5429024934598146,3.0602083280416967,3.012937272443826,2.7174800858713115,3.0365428852848466,2.4101271932461374,2.4291034848188175,2.846246489684604,2.7257746456039933,2.6769773845458564,3.04483369613998,2.767644344679223,NA
Oct 2006,3.099481227789582,2.8381016847505833,2.9368055124188466,2.627316789924424,2.595058130314107,2.6689242517096283,2.82583643553785,2.899655984449914,2.8604533126375657,3.21701352103526,3.129948540309936,2.5098721345803714,2.489987762850655,2.6815478787842966,2.7111858423150506,2.5891098595101667,3.2511337093547548,3.187897336584107,3.0191270217599837,2.6767521045296028,2.7171156714984894,3.7274135604967906,3.078565245318559,3.2219625774282967,3.127180030397606,3.4638729606696126,2.9061412041868167,2.845730109360953,2.873932929089076,3.052801083223108,2.8947588593751776,2.5499659990398613,2.519872648652081,2.9426643232182412,2.8546548730065013,2.9441509120567697,3.2097471496992176,3.114079518157722,3.018233058377765,3.1757926381553303,3.08918665910323,3.2002835354788877,2.989026329039367,3.197964807697365,2.928252453933632,2.7487744283394138,3.1246321114454134,3.164410949805368,2.955584648389669,2.8772745410422083,2.6636491792568293,2.808813397084589,2.9806398260579754,2.7711100895608864,2.7125898112780367,2.5880980992854306,2.910362376857079,3.38624860714074,3.231898460044352,3.751123052637177,3.190377435105188,3.1468241903679943,3.2209821926639712,3.5446831700705084,2.7442089703466617,2.711633057957363,3.123196836476854,2.9262808370918303,2.9455530954680635,2.931350882920231,3.637599135732776,3.1105515461642552,2.969694507334424,2.914595900645787,2.3493378121620228,3.094806573513236,3.2137775420249053,3.1893852530467988,2.8922898733998,2.710647292658996,2.650216059142113,2.8047701604561497,3.1185929349289334,2.960430103612232,3.004686682408053,2.8274345996118733,3.7431816146466432,2.8154342925330127,3.1288729706352134,2.8160417087943745,2.804743873649114,3.0307900716667358,2.983051110162808,3.0222515531748275,3.13398412880931,3.090035739860677,3.4616041646223907,3.279452772129641,2.8218904331477974,2.6864157742965693,2.767204362442598,2.717676644111345,2.7713591218705944,2.586629695049934,3.0758714187742595,3.075286508941484,3.081168516848576,2.716755143868347,2.9136357274244706,3.0451958300144404,3.191068538613737,2.8518914349554976,3.358664865582271,2.9719637133941186,3.001969285907034,3.0629031201985004,3.0179931561048163,3.468942397479746,3.0314705656013357,2.9682436455256096,3.2073547400228746,2.8991622661351886,2.7431154157691537,3.0142938249819844,3.3697335677029767,3.0435552152329075,3.070562148526516,2.9897176143402886,3.355358010442878,2.6089798933705635,3.508425966464431,3.568170849797471,3.0967449363836157,2.979025181111444,2.7296892935509907,3.095858214225971,2.406452187553659,2.462385896178455,2.862830176315121,2.785144812971434,2.689767625085399,3.078166566635222,2.7445538671865344,NA
Nov 2006,3.1263226876999055,2.827559928629116,2.954447913357122,2.669380702443868,2.683655048179637,2.68685376655008,2.833443389401495,2.907689470205212,2.8357255140390634,3.2554511213446817,3.161101014712221,2.492512221896353,2.524889004100687,2.6972913400977134,2.679773832656979,2.594248297269696,3.299287981505236,3.245461908634443,3.022438125635199,2.770979212868075,2.7599464693416245,3.7507202175245404,3.1228952949712356,3.256158087361144,3.13871581357118,3.498750787284953,2.928109852699816,2.9092627473577077,2.877758481613195,3.0755297438576523,2.909116592220486,2.594278546170007,2.541440349579442,2.9575875438617505,2.8030580302742583,3.009420753849875,3.2017719222690775,3.1634958355986953,3.0248175612533323,3.1960492805247847,3.1370659948721844,3.175586925217684,3.019626980683385,3.224020006102518,2.9621927594046036,2.816514976404664,3.1741649403162597,3.2045303261226357,2.946179945554239,2.9131346487353187,2.667706670289947,2.8612693129420066,2.9846581261504594,2.787834977145935,2.748376026753356,2.6095269362091424,2.9395111554653663,3.4111653267252833,3.2644591132426015,3.738615928488245,3.262446215824889,3.1365545468107245,3.2635829369096174,3.59112424982493,2.6526398716028847,2.7370537967836017,3.1410305994476397,2.9645042572792657,2.97038981324618,2.960263529460307,3.5640337353654723,3.1513521601412813,3.0061967753549905,2.9412794606115082,2.4292213649730683,3.093653039066528,3.2313535369428172,3.1959748168750806,2.87338152657303,2.810785335587881,2.688948802707677,2.803460761835826,2.948126604603439,2.964162614850743,3.0255924115736166,2.8957819603622594,3.5565470946786713,2.857995586789387,3.172311139651076,2.860215835301809,2.8217042051354984,3.038638645401527,3.0255013390665955,3.0612287059745737,3.1761744077405036,3.0976511502277657,3.5177692340441573,3.263949332203918,2.8549801259271614,2.6722972309236868,2.7594136784145182,2.7326238312457676,2.793744914345803,2.639544081161231,3.0750454945373313,3.0562272156117576,3.111077612229717,2.7228392750987642,2.915027441678961,3.046635821270839,3.191328163085581,2.9315167526567385,3.4268187800938312,2.978180067453217,3.072672969150089,3.074824989974552,3.060985560394359,3.488379770108245,3.0830906124832835,3.0053966341300153,3.2378588581800005,2.9398127157672076,2.701976835309491,3.057845920990871,3.380571010665301,3.088676027263408,3.074093164026264,3.043922358326735,3.385636861315742,2.598927873673835,3.548139334493516,3.6463127500803876,3.071688943404134,3.0187556478688267,2.7503721076443126,3.0709567857342606,2.4779111570239345,2.4455926871595373,2.8781032987380737,2.7549937230762294,2.7193070399834407,3.0883587950197646,2.8286830230738578,NA
Dec 2006,3.1587034631381714,2.8785728815269938,2.956371845993558,2.7179516290548276,2.7018128791119502,2.6833169516374187,2.867932218182305,2.954030099491926,2.831149258244632,3.2806931448544514,3.1633143122339074,2.553649800782082,2.49655561513634,2.734107734289147,2.7089574099803535,2.6376518365243733,3.330945452224841,3.2380523889851287,3.051043338303434,2.7636939771293227,2.7782543818487313,3.834431867399034,3.1505051141722338,3.2847920870003064,3.1975140067986176,3.516436106020408,2.9676181530525536,2.961497382826616,2.92192008832087,3.12232940135386,2.901567015741392,2.6575337197643236,2.6528428048528006,2.9959866379022926,2.829187728302732,3.0570816148221507,3.254776154481084,3.209080220896651,3.037307380977495,3.244164665277322,3.162036062831089,3.231404559568767,3.046463496797085,3.3349255370002604,3.0176120427293855,2.8184184155078476,3.2241431964577285,3.241132092037336,3.011153610073647,2.9816851595513585,2.744046183497855,2.7461738536097577,3.0280363284961735,2.8253807543031644,2.790047037079842,2.614252293369595,2.974503045692192,3.4596437452456597,3.3587381662526057,3.7370900110346987,3.247781579626351,3.177978975465993,3.2758571209487766,3.613826153401146,2.7504472050362403,2.77822270284813,3.1857616999045137,2.9946143592640713,3.0000964087338122,2.9983409910060663,3.6480558050470004,3.1737688266213837,3.0592305609788117,2.985629056646154,2.451065255450384,3.1392391106581172,3.284421255000823,3.244363660638496,2.9061831301028485,2.8212843288766782,2.650798549748444,2.8678617926736503,2.8605615948105965,3.011812986951813,3.0300073832220455,2.896748054889862,3.544339646514428,2.9009211751425443,3.1713382866968898,2.8811941648683703,2.870276903447326,3.0769469229047623,3.0589947705010148,3.0601471175691652,3.2217563023059617,3.1507733985972957,3.6209251955987543,3.33607050633485,2.86391934564869,2.7348628853892682,2.807741282853513,2.7402324534116875,2.8289066387121893,2.664336361949057,3.1078678315259824,3.1273912306132887,3.1383576417554577,2.823398551309671,2.943563175451482,3.104772354114898,3.2459250941497837,3.0188708421788615,3.498891431520441,3.036906861733183,3.09309356620934,3.0878650793888536,3.1067853944844424,3.4797037706925127,3.131622671881698,2.9908070985139337,3.2371345267270066,2.9506777170859033,2.729159128596386,3.100291836976265,3.4289210883447705,3.128205382057871,3.1196947574033307,3.02865278520997,3.35186901412196,2.6459441618886643,3.5965441675083305,3.6896290364564974,3.161027331771394,3.0478766461497924,2.785730481502798,3.157554980354145,2.6120926765050805,2.530319584225484,2.9545766824423283,2.8177336899907184,2.8470122293485622,3.1080157693375634,2.8628499764489796,NA
Jan 2007,3.1759105572609925,2.854386940026474,2.96314674348593,2.6997962274485885,2.66883652007074,2.6898562959953654,2.8550769538859084,2.9341225499074803,2.865884049859936,3.2790944938928015,3.1873627115771863,2.5128772105686896,2.5794017668554283,2.694291496180321,2.732989647208188,2.631894301675828,3.317280438992676,3.2836851892541556,3.063890917626482,2.7484317696725182,2.765377404974125,3.830056770350859,3.1318643383749167,3.311376447437405,3.1989237937058728,3.5788300649504605,2.9758008254548742,2.9392339366669917,2.8985375385975094,3.1405645118216476,2.8613264850765603,2.6075068190918924,2.6472859076927135,3.0187018876122256,2.8066710386222407,2.9865497067258975,3.2421556645894354,3.160858026519727,3.041089108308907,3.2288540452885517,3.133765703074104,3.2451375320696956,3.0869342546833134,3.302519738230159,2.965428759630528,2.807856024905055,3.172278238940891,3.2781742353619454,2.9770904957286173,2.916914836209836,2.7436685748060565,2.8172268673606515,3.0236696784490427,2.7587163297150727,2.780797112511055,2.651807057971341,2.954418525967037,3.544458060777268,3.3852999905156933,3.755730332183269,3.287105526523081,3.182271048186314,3.2929594844143946,3.637336925460593,2.742178503121908,2.7726878494575002,3.1862962317361934,3.0015903502702823,2.956284189319683,3.009436994648001,3.598649326451293,3.1889377749884735,3.0719623318887344,2.8955137524216457,2.450523452838534,3.1396014553959244,3.3338545017325347,3.2936572889324935,2.973694211457725,2.8502079175582504,2.6738265071830862,2.863616740218137,2.9951303153354347,2.9848462914434335,3.090826794679563,2.9248725067839336,3.59631464595529,2.8780340955837667,3.1841795419338137,2.882512920725187,2.836169510703355,3.0899297823836984,3.0543754770541605,3.101004658871953,3.1840947005301516,3.087381320952472,3.6341220819845432,3.350129685435113,2.88814145891587,2.700981857209664,2.8083541903511224,2.729415088346894,2.782495800510588,2.6191807743000193,3.12668919847965,3.0751928851792916,3.143939566483163,2.8022905265196627,2.9169160126508773,3.0638163983966415,3.2489147512643424,2.9916593823254476,3.4517055267558154,3.006757355527389,3.0644653070846264,3.0754724433239833,3.0453352014968083,3.519501036715113,3.107488496494821,3.0038893231933557,3.2664472366480286,2.9370728190830375,2.7693606039820113,3.102998898770962,3.4130188811616833,3.092982324089114,3.130763384023712,3.040465321201064,3.3632666939137827,2.6776001892301258,3.6078669230289697,3.7216307478493436,3.2207079651674224,3.0063831862265578,2.8046122916792977,3.1043360405685476,2.5183361745830815,2.443410522131033,2.863434175999557,2.776706272038314,2.7190385325819952,3.1424865732996294,2.826408877241097,NA
Feb 2007,3.1995323719368547,2.873072832991914,2.9477390705666524,2.6941680326732853,2.6393603889829387,2.648371756203106,2.8702159011013992,2.9543030964037644,2.8831646579400365,3.309231259187157,3.2215811343907976,2.5317580038486343,2.5546794198525884,2.7294395981581467,2.723639888585968,2.631216364619625,3.3520425478417692,3.3186664989828425,3.059565046384067,2.722271542081333,2.7938982886142605,3.8833397386104003,3.1911059732888316,3.3121220269260854,3.279035764767617,3.547968787714456,2.970354484887891,2.972376691716056,2.892776038303651,3.096726111430387,2.8968432054805184,2.586190358222948,2.6655202484602434,2.9943762465022292,2.908780287421313,2.9818813138321407,3.317535960629195,3.1984936727175945,3.086277028687986,3.218362952255517,3.1714552913133414,3.2218624573209853,3.074860083408784,3.297179432610754,3.037947317036639,2.8414991116544313,3.161757270435365,3.2858221654206123,2.973383246125974,2.9841788551169417,2.702456836498201,2.8830932095104562,3.0176566494737282,2.7581107943294927,2.8039690334556644,2.6635813132022688,2.947985189678753,3.5458236262472553,3.472087789674162,3.8160224943545495,3.2704909392625625,3.250096471221936,3.304598048227079,3.6172578576916066,2.740617446753009,2.7101120153039973,3.217407451510748,3.0038356207998413,3.0434764007979096,3.0442468375951806,3.686502997386739,3.200779014623721,3.0641063308069847,2.9711492756204563,2.4051781106535204,3.1165669692250235,3.336405761214378,3.3361633042539,2.9155378350134797,2.804596634571066,2.675472985281028,2.8753688149846135,2.9084602990907484,2.99712086043302,3.067757949426537,2.962811653950949,3.677272392888209,2.889045796954264,3.2229991182261926,2.843094898485371,2.8867848424543747,3.0744818617084397,3.0918968123111386,3.1230787178581525,3.2570645656058854,3.1635812383080517,3.6628575467658897,3.4556206456863596,2.8476598041598784,2.6583941283479935,2.7699626535540425,2.7363252996719405,2.799268124782759,2.6580032949482253,3.1275133845827474,3.148419420554391,3.196025133820797,2.8432361142677096,2.9283533897133314,3.0568012181870787,3.279542499483553,3.0314009512432265,3.4656895535536645,3.0259704879939906,3.119969045836688,3.1438345313573315,3.132109236722022,3.615570226918691,3.139670468923253,3.0048437294212555,3.262756886816731,2.9975170335376804,2.8248311105851536,3.0871424961219094,3.485774777134221,3.1228742002142127,3.139983802027516,3.0539634188734617,3.378624619324313,2.6702252468586503,3.7026803239591857,3.748933496172107,3.2494889441177173,3.0667368608034504,2.8483358879316656,3.1546200421023878,2.5495164787512477,2.5109335006362707,2.901521845867384,2.8285139017778453,2.8133743089367376,3.137715578778103,2.8055528854546163,NA
Mar 2007,3.2056078655620976,2.892733656253773,2.998583949605328,2.7483004517754925,2.7045573493263477,2.687584457906462,2.900567114549928,2.977768103316738,2.928051853517373,3.3574603522515005,3.234820808208979,2.601745067315861,2.525480854877235,2.7719802780013776,2.7583295068847584,2.68529766572431,3.3886461321876813,3.2805824864459763,3.1375833013321413,2.784847796113598,2.821038399266108,3.932337545189194,3.169268057345689,3.347552525592201,3.254878506031028,3.6061233560141623,2.946776740001985,2.9947254005072277,2.919136913087294,3.1894990406958463,2.9111759961015435,2.642771694004164,2.6409965026453723,3.0097217918281385,2.847481985669541,3.040170382313445,3.306624094738163,3.2116391216447417,3.0945006325844617,3.2475097724412745,3.199089703871464,3.2735698506081317,3.077173893851845,3.352272054605934,3.0295405434775136,2.8138546828282505,3.254272564247219,3.300849490853878,3.048714286910841,2.9857405019554095,2.758193885866786,2.875103801590501,3.0619119513790434,2.832729371140111,2.8071467047592273,2.6425895615738826,2.989441741505397,3.582433415752679,3.4814622680235088,3.8855760299917232,3.3328399892793925,3.2296562817095507,3.3310637223694735,3.663398468562669,2.797552491748491,2.794320546571217,3.2218945728275368,3.055640497714816,3.0535225396598404,3.0801107380592665,3.8220894178433316,3.2151846253194813,3.1095856323820597,2.994443316570248,2.411310297298136,3.212421303975138,3.391279618979473,3.386707172909253,2.972143120192387,2.850178905938936,2.645683486883354,2.8992525441815267,2.9864822875707966,3.0236689099655805,3.0570963566600278,2.896559379919871,3.6526174429718363,2.9397688651236433,3.2063019287567607,2.9492551929525006,2.898252202234258,3.133800951459208,3.1275319855490764,3.1658486158765524,3.2296420630208647,3.1944036112701926,3.709647882103847,3.524621125714173,2.8947733589430786,2.748135335887763,2.7960890662665983,2.7588906061249783,2.893098973352192,2.631174143614013,3.1236535612438865,3.1478237041348023,3.196470259620007,2.7950805636100733,2.9441417399054797,3.150612374548128,3.3123198084445575,3.093702759005283,3.5029568274306064,3.1036572748274156,3.1622116843406434,3.13926476053822,3.1425998767766377,3.527338157042364,3.1469585046283277,3.020060470356572,3.3389019796498465,2.9853712980363727,2.8211441622091806,3.1712186364406705,3.4951345410794388,3.1493827235876815,3.1377127398464544,3.1127690471042126,3.4739355218369914,2.629181258888341,3.7840506392485946,3.780682645547391,3.3174558981303472,3.0929065883372235,2.8379489697338594,3.137676615853131,2.5189886549669738,2.535211317089035,2.9975848916709604,2.8587204486762983,2.7625960622012045,3.198439508886765,2.886613143173422,NA
Apr 2007,3.2492272859564446,2.87081713614659,3.0030312751318635,2.7544798146929397,2.6931862121293877,2.693625055541512,2.9106336934728874,2.9878939388654984,2.8930828042324417,3.3636339706733955,3.2739747358322795,2.621397775673823,2.641444853514847,2.7766832024184884,2.7445901112700613,2.6941640074968642,3.375131573478907,3.323775787067185,3.114248968374647,2.7948645756247616,2.8273747384481998,3.9456556504086793,3.2096145556771716,3.3998838157726077,3.271929210690128,3.6198900485898267,3.0252968797256434,3.0293045602501794,2.9773635428653953,3.1928535979046186,2.9530159955611524,2.60420393343013,2.644022858056551,2.983228807983343,2.955830945764228,3.096766803660586,3.321831520270484,3.244492555475165,3.115722259394745,3.2758367180932146,3.2227214186992548,3.3993768160239366,3.0980468892070623,3.3716327494015883,3.045468015594433,2.8242935427414464,3.260678044785842,3.3153087639559016,3.0492155889262347,2.972268062444774,2.741065818161825,2.9100958415492055,3.083672855865544,2.8699122590320227,2.815010458289927,2.6840476163952864,3.004485532921835,3.5669287699911085,3.571474768543641,3.8553183925139973,3.3371967279861385,3.300352089463474,3.339993668036612,3.67293155709226,2.7686103590649753,2.8006928531644606,3.2623270170181504,3.0936660601444,3.088469588594094,3.0951823685475155,3.778597811332493,3.287747402032667,3.157965093545496,3.0174356520737367,2.4404641109657517,3.215181436079059,3.4193364659807317,3.4077733837224735,2.8842544934444936,2.8699946535852305,2.7297685660182034,2.940092658650803,2.784093816241987,3.055030542810725,3.088355476133118,2.936980648724303,3.5805856360017496,2.960071465849357,3.284926461716019,2.9423575828018445,2.9292811326907926,3.1270148461575964,3.072897876015297,3.1669543863472756,3.2500354308687163,3.2196001061216353,3.8705013208661687,3.595402670743883,2.9395792140547936,2.7656051723452886,2.825398733918573,2.7659613417918316,2.8759045983657727,2.6441030533365293,3.155961458249513,3.1663614609627433,3.2451409312520108,2.8361482292333244,2.9188919638023507,3.1557923852556233,3.3719649543238965,3.204685011839961,3.5722199024384307,3.11038748624688,3.1704166988956803,3.206483092562919,3.1772753158102747,3.6129290491418993,3.182252064859064,3.01865622479538,3.3394746717602213,3.0635403048340315,2.826492776222947,3.1257397322763696,3.6154222153994793,3.196778806229535,3.1653409242672224,3.1723540553968865,3.500608188781479,2.6898654632787,3.8786665968310765,3.878044406861189,3.435195457462588,3.149844124668848,2.8688535504216004,3.181062924830896,2.5327211839401103,2.47937992053365,2.942027378966492,2.8867487655583384,2.8052476336755197,3.2008923011330976,2.871443902104495,NA
May 2007,3.296396477908029,2.9441127384114707,3.021671690667842,2.7569992955588187,2.718749305093012,2.7853812701833705,2.950379622796134,2.9944967691198183,2.8969614716356404,3.429334706976115,3.2628338867462103,2.615948253745549,2.587829105604254,2.813255055921446,2.7612213527927962,2.6902209109849604,3.4189269933805657,3.364656240648038,3.1700583954539328,2.821836194410158,2.844242363810974,4.018460558497272,3.2702047241222787,3.432908322308558,3.2929457652492657,3.694713436481143,3.051576351439454,2.988277169591264,2.9964482532537,3.2345995058448884,2.9516712094412823,2.6706195477045647,2.6586616997245645,3.059474425112044,2.8548700652836176,3.0603538850598855,3.3434963775007116,3.279280182753062,3.187975946866345,3.2959542293388684,3.2394402390940433,3.368737196181213,3.152007469782392,3.367999674819425,3.1017842467474313,2.8564661653000747,3.2753406583202493,3.3655839497555218,3.0447975672418828,2.9795294789027627,2.7652556374731203,2.9234571398653384,3.077871993559582,2.8393977382163684,2.821830990322961,2.6984458623082417,3.0259788309426203,3.6156519810695276,3.60721090914058,3.948211158375082,3.41291883048479,3.3768136791439467,3.3740319427670524,3.7108396742707686,2.794469663086522,2.8689668501689463,3.278939854933253,3.135235562956561,3.09187082350203,3.130949488931345,3.8197747548035537,3.288952887383119,3.169334058053248,3.052900868642792,2.5117824865545257,3.2584102132887236,3.514931407335772,3.490800014872923,3.0407988841391638,2.859271386302177,2.737771616532601,2.931089969404933,2.7209006274650123,3.0651039888605704,3.124682963507544,2.9758454073877396,3.4424782004204832,2.983327592995395,3.306693221693371,2.938348218470117,2.9243684743222387,3.175658070675268,3.1273591481904064,3.205714970077243,3.2943759081221775,3.2259842521723363,3.8363315273340604,3.659204031970493,2.9438786766501406,2.8300781903239622,2.794083938040079,2.790935179397939,2.863778882125154,2.690848042800107,3.1804434044920478,3.203610066329734,3.3029965091575826,2.84557608018314,2.9875909504159046,3.1564871856470944,3.3835676135285673,3.302525523725408,3.5720215167935456,3.0798519927492776,3.2125194417126575,3.207581577109023,3.1646597386625706,3.6458228187163813,3.250297559193279,3.080489139002388,3.416919619462797,3.103874070570651,2.873679905080135,3.1250728412457636,3.625074234753064,3.153388688804293,3.171319148044004,3.1425716753406356,3.5426927560509256,2.747013540053211,3.8891391444990577,3.964426962999767,3.4820397418699693,3.1131772379688014,2.8488491346137885,3.2164335948552747,2.565880408864716,2.5622119958237173,2.953310578238146,2.868827561410269,2.8162011482128153,3.252872614288312,2.8967347108006134,NA
Jun 2007,3.3331703261953005,2.960490207626681,3.0603138978904276,2.790928755137752,2.761532631368081,2.779952147501957,2.9745601006190947,3.0260600717985686,2.942823137298628,3.4377110483982767,3.2958297258603064,2.6211394062651774,2.7174782442390324,2.8068642739275833,2.7633893971826535,2.7746905699463067,3.4457926055072265,3.387795023478455,3.2207524037795316,2.8343862905916932,2.9351472474985916,4.085901100702055,3.2741715995904825,3.474180997647242,3.356537485969792,3.6904044700910346,3.0717636550068046,3.1036470524012936,3.021706284481652,3.239668287753459,2.9831738421542573,2.6941950853101035,2.721775964847847,3.0924449628717063,2.971409688131147,3.1407601911007936,3.417851995014731,3.2964099905468807,3.2209955760246367,3.348786427751762,3.27335703152812,3.4061980790333464,3.231957815180969,3.4187818839266866,3.09192568775409,2.892734636556465,3.3171499895456553,3.4611147144176946,3.088480865027609,3.0319278273093793,2.789417586870628,2.9104731202002534,3.159604758989128,2.879152998868886,2.8548296673233415,2.719983166332379,3.0298601525119486,3.647776324541143,3.581586093758163,4.058229848384104,3.456661274564118,3.4094758373470326,3.4300486951922746,3.7985576331907214,2.766051297991255,2.8726159833614315,3.344229677747509,3.178321558829552,3.1399466388714865,3.182505799600303,3.922992201554262,3.322249202794758,3.2172776972464123,3.0629571676524323,2.5232523724638827,3.2846744018527705,3.522676270991753,3.6299262851633105,3.001184767129118,2.837429605163288,2.7575347218674633,2.9837298536079837,2.7971991334229998,3.08095533974241,3.1303507714702516,2.9441001664103537,3.5777115639269197,2.985448667479707,3.322663359674469,2.9574421178294905,2.957353793112077,3.2071426579132334,3.1459585287519913,3.287700582794178,3.3667351628565245,3.2692792999988436,3.978488367056222,3.782903943534782,2.988388999323295,2.842044739441775,2.880573978652825,2.790494319327412,2.931049968407463,2.7048573273389303,3.2263573514230974,3.240543872814457,3.3137459587109515,2.887824810744207,2.97859716028146,3.2544562967999413,3.4192598991585657,3.34177028738089,3.6500310324330094,3.1463136130623104,3.18281182789227,3.2438157426091636,3.1754991428633725,3.7013554181176143,3.2956304526752316,3.1259847909341687,3.505716774553983,3.074016693299823,2.886482390210099,3.1569438428296057,3.723857593838012,3.2474055841507337,3.23123361202867,3.133286091970711,3.5338294613583563,2.7213964091155893,3.974844435312347,4.002865261512315,3.5979354172350493,3.180955983982152,2.9364603909473748,3.1797281830137996,2.5426021011499453,2.5782325547807488,3.054643216305003,2.906777105152766,2.848389790111204,3.2511277959055627,2.9709085279725316,NA
Jul 2007,3.3358295449033366,2.9304962931277085,3.0726768426758557,2.8017031913972734,2.7228286439249434,2.7501251406545344,2.925281962432021,3.0371449876779653,2.9196173351470915,3.4580897955159386,3.334875263274647,2.6400534889560436,2.6984203576858614,2.8577635104238803,2.783883843221861,2.756886595872562,3.499047809472041,3.402221549383591,3.241220179610729,2.867630481549151,2.917901820550687,4.092062312871033,3.329258314831705,3.4973790002658327,3.4126751104502513,3.743978958760554,3.121768705841244,3.064592104895786,2.9552856195028454,3.278807165285532,3.0207296449634757,2.6978989714366333,2.6629042221239403,3.097443589782376,2.916012381370319,3.138382024004232,3.3842017950735768,3.3210670312890103,3.239300361834537,3.3530067514456565,3.2781743114189323,3.4411713536987696,3.234141324714594,3.4123756970122185,3.076535698273416,2.9059384302102247,3.369471095386789,3.4283389624353173,3.119482797588338,3.055238290022229,2.819765340405754,2.9276256562454113,3.105843854229975,2.8642515911929842,2.8714205084336,2.762199379776288,3.066621753794452,3.7410870337480153,3.72733308618332,4.021569543019199,3.5421268530271792,3.447314992026259,3.440708491209963,3.772591585446555,2.8293859205950724,2.8396280887503105,3.302205174900594,3.207363407743269,3.1699376384011475,3.19389463353177,3.9747509807646284,3.352380368919788,3.1978083513885376,3.0873422676595244,2.4962820722101733,3.299503341519776,3.6069841904240723,3.5874395549567932,3.0258868063166138,2.862626770131439,2.755709256624328,2.936372663601695,2.845796340379295,3.1087843091742826,3.1608505763189454,3.0184259392123622,3.464228296273812,3.009426780923784,3.327646111736519,2.9633166027225886,2.923253591726618,3.2246064625030972,3.150277943703845,3.256205334174855,3.3421650073689686,3.2667869721754217,4.028729273725019,3.818923903950279,2.95272829288669,2.8233837409499234,2.8558948345418793,2.815319410381134,2.9185066706067055,2.6630366149326044,3.220518196728285,3.280687725673009,3.318287516752585,2.8623778249323726,2.995242374582463,3.192501216543408,3.435198674623658,3.4178959532216906,3.7055881437888076,3.108178684329996,3.1939443964346848,3.255814615909993,3.3042061851985585,3.581917297508906,3.3249626035367865,3.1545131729185383,3.456036875117474,3.111152349436144,2.9268064635542452,3.1993635041899617,3.7980936395416176,3.2195741059970713,3.2463703591316664,3.1713713393920777,3.5479718251347303,2.718649423144833,4.063311705320912,4.130723407645221,3.636849613875254,3.1664850236611963,2.941651496714808,3.2424685602841747,2.531073078116658,2.5918634557689564,3.003343212403043,2.9478465500725464,2.81837429595207,3.2733930303841845,2.927540186757464,NA
Aug 2007,3.378769089810308,2.9205176656382656,3.071719905031338,2.815913601134236,2.729428190492549,2.7896435095105643,2.9596992357386815,3.0367870911113872,2.944822418447855,3.4489545117392004,3.356173057532011,2.6785239105831926,2.710558311719824,2.7993648528023924,2.8347114823329447,2.751604062725669,3.4831869419148394,3.4223311199843613,3.238162781944696,2.8389532670206883,2.930782585837064,4.195438853702267,3.340033679921448,3.5276707789868245,3.4417877381481854,3.741962327870327,3.126568070074538,3.159890311733437,2.96892731688855,3.3003989481864573,2.979151511432993,2.7194377267944216,2.7311913942312973,3.070276304328503,2.9838053098125483,3.158431585074074,3.435610119648037,3.3795493766550457,3.253425381206878,3.383461635772771,3.3141963176066644,3.5017938871605194,3.284694520512638,3.4454824606122414,3.1447825383837977,2.888262561350046,3.3844660330573246,3.4587880418145405,3.1192653434393955,3.0307558183120777,2.8074747878965036,2.9377015711006447,3.1294015457296256,2.8742769791003635,2.841760374825944,2.7764185236327323,3.052523356416332,3.753539430087495,3.7003602592166445,4.096527049696641,3.5508601155668016,3.4473387527091193,3.4419322155608816,3.7704512353141273,2.836616856590498,2.8863133857486503,3.3110499500696684,3.2394317274567874,3.197470892791274,3.226246399451387,4.0079554310026735,3.3752093893746973,3.2711824642090788,3.105614681234775,2.487042262584507,3.343119479963056,3.6620413013430135,3.6276994559445015,3.0890848975106246,2.8975274106808246,2.749803116658611,2.9758042706061,2.798660907590862,3.116927283831453,3.1821732139131655,3.053281801168522,3.3737861037250716,3.011542317100493,3.3469833821642343,2.9850858347832694,2.982071208979187,3.2324941951637927,3.2227227833855876,3.2577393902910114,3.361097028589916,3.2824186723731725,4.089586667287544,3.913400455187972,2.974731746514662,2.8035115462528437,2.8338920972737944,2.805002099882446,2.902502212243731,2.650128296114117,3.2236747502567895,3.2459818499056374,3.3603307089772,2.876083402085257,3.021837647324323,3.2552855952354656,3.4649288132280756,3.4840527995713257,3.7359949375527983,3.104803852857292,3.2213857703104765,3.265470761616328,3.191436847538197,3.692166967096864,3.3594904498515366,3.1942629546015104,3.4897885233100667,3.137866083937386,2.8745476434218986,3.1907802304914856,3.8186711969683165,3.2746341916334254,3.253026282929064,3.1920900100262197,3.561461653872881,2.7466142624202603,4.141892859379926,4.170618852644738,3.699239342764921,3.152760416877259,2.9299482706196325,3.2674027027204717,2.5798774400964564,2.6168946843974843,3.0158082825539116,2.8958117389798494,2.8568298164380366,3.283335131967162,2.9757150475917937,NA
Sep 2007,3.394073294544015,2.9289434342443244,3.0864430070965163,2.7867774977983637,2.764282258424595,2.776339705295229,2.979518378377089,3.016097934715785,2.9760870456733377,3.5182010478827284,3.347468829148089,2.7103745259642813,2.719098441992956,2.8459154305002317,2.789063755751391,2.722633537569865,3.5054599198744394,3.4317359962561667,3.26629728374689,2.87768982959466,2.9012410848336874,4.129089205991034,3.3598677758173014,3.5369866231688802,3.4836353304961203,3.8007418565180497,3.10919620673392,3.148378363865543,3.0467135761837443,3.300808894384429,3.0113268887717064,2.738840911234406,2.7262903462050816,3.077273440528133,2.9344580871054147,3.194721717609444,3.46660881625447,3.3806586641902583,3.3177713019916557,3.37212090291259,3.3370575398706968,3.519157772385795,3.2946841714070016,3.4251617634397973,3.157181162511697,2.943883123164439,3.387309255584769,3.494486661900209,3.08579614850355,3.049665619652295,2.829847406578105,3.0629340413810096,3.179627596298664,2.923877227973124,2.8702340513324924,2.7751180084284326,3.098866856513737,3.8004491232230895,3.7680402762488585,4.104025292478201,3.5531202519126297,3.4645165309831008,3.4577698998866158,3.8075449602823044,2.824630300189397,2.8864530527343106,3.3660478614822202,3.263541449565954,3.196064460761763,3.221830122259442,4.101088919423968,3.434862682815992,3.263438675064908,3.116890201972295,2.5332177961326767,3.3034237408447216,3.691860095096996,3.638145461888031,2.979873810288438,2.928260402923494,2.8112315923556577,2.98302590143155,2.900748458456458,3.134132812869743,3.1485981583489147,3.0752722307146647,3.3727424613942403,3.029139724879269,3.425135534829078,3.032869944597406,2.9919746574212733,3.251702599604034,3.199614030731216,3.277064571131773,3.4401011219539983,3.3350025206205105,4.066563869456884,3.956897984876877,3.0050279476722754,2.820423307572257,2.867039833065326,2.846811308481852,2.9209809088717043,2.669085493275897,3.241608805442789,3.2725689594420535,3.359606983908839,2.9695023411735515,3.0043542678653217,3.2296032968864403,3.4724110087433333,3.4814235081670764,3.80732636253947,3.155715664316277,3.2620157460866386,3.307109424271684,3.189822152424134,3.7283758117380645,3.3520556528001393,3.226084439714142,3.5260282819750697,3.1273465874765636,2.925997824785445,3.159397139313234,3.8515305351119706,3.273006486318306,3.2547137073300823,3.1782259907760024,3.6245166476080763,2.8397842604007972,4.0882859910648035,4.141707541057863,3.731620475218619,3.1995290667748812,2.986937862385214,3.2915862475483033,2.54755714521431,2.6067945172831393,3.059286614755801,2.935942800064348,2.901063967170139,3.280423485981315,2.9716505921525354,NA
Oct 2007,3.4051404839569694,2.923988142916534,3.05048651373769,2.822479782682884,2.7781354793272652,2.809866657848103,2.991417629167036,3.051811055257977,2.948576881516687,3.4948124904299878,3.391237893056129,2.681265563166202,2.5730656887324663,2.851266143894136,2.7982993896232853,2.7700985598518564,3.542899225657964,3.4291680815300274,3.270027326469154,2.90416610081313,2.946697491938619,4.188080641619187,3.35897679576854,3.549304393786254,3.476402849102889,3.7917821893697887,3.135025630209803,3.183999983139061,3.027630354058108,3.319030818785552,2.984296538626817,2.7423982540535867,2.773465061785562,3.110417974791518,2.945321305005408,3.15664576089257,3.470295750147257,3.398086787079571,3.337952804087256,3.3886890167154804,3.343088009538533,3.566682317792518,3.3119966277849797,3.461253065952488,3.113104804657009,2.9520934121277183,3.3643545678104774,3.520796187497827,3.0980570629291875,3.0023812154049914,2.8185403986301636,2.988968152518872,3.1698217182029325,2.883338715387906,2.8938468590017785,2.7993057942014654,3.0596104007723857,3.7587592820825004,3.69831258896567,4.207691722092335,3.6110895044724995,3.519798166965373,3.459375952482708,3.824668794069014,2.836528193086016,2.8920240811409523,3.318029303854432,3.2651240394916363,3.2160443228368156,3.2392985122140043,4.018074086132796,3.451670448036603,3.240630151357744,3.069548330514195,2.5045051371651206,3.286274795084644,3.685547163747587,3.638607904158853,2.925062024971135,2.8444783287487185,2.815395977882525,2.984353663573544,2.925389111054816,3.1052404816756383,3.143739623359296,2.9685785669127798,3.330206279197733,3.0316187019706633,3.349135901375935,3.0282118915281124,2.9968472427860604,3.276343809336234,3.202694568342854,3.336011086873773,3.431194616651692,3.3543333598621494,4.163783436304672,3.896264499715255,2.9869163821921836,2.7878304890748327,2.8596632890940312,2.860215738211633,2.9192360693432735,2.721282982842633,3.2228876984623467,3.244943964778537,3.3387585100080925,2.9234312545397967,3.0449122383431226,3.2609668975136596,3.422252049654038,3.5071402302226855,3.792497121862955,3.1662862980393913,3.3147092804542786,3.258533401844334,3.2449761365586123,3.7076694844807134,3.3758171382696913,3.1698052942369137,3.54535941981244,3.1143330768616324,2.948448844201894,3.255867409018809,3.8920157595478013,3.3080709404995168,3.263343626660932,3.1872387287346986,3.648309832004306,2.7702892657342906,4.1124458426182855,4.156131338464494,3.7548454883700013,3.173173461776451,2.93919293358936,3.249058079626628,2.5812499693490936,2.6619650414761993,3.042863410689471,2.9773573557267823,2.944326097627388,3.2606112501796303,2.966870203562179,NA
Nov 2007,3.402662862333959,2.9519614935522247,3.1010138578320863,2.8458709022114568,2.8250408365905875,2.7895473143092757,3.003306142041185,3.0565229607772855,2.9812603011362424,3.480761077913279,3.372950239714333,2.7162224342291625,2.803605719502365,2.85962669265547,2.804186812180684,2.756153896069556,3.506299242999582,3.4949621678423,3.3020701829233827,2.913486867724499,2.911906910274782,4.183272526214024,3.4066335850504306,3.5760849782482564,3.520855576373302,3.7707875291460407,3.114933419780934,3.1542432734937482,3.0587152929946075,3.3220477740670247,3.0784691301686493,2.732168964195538,2.738862933845106,3.1146954039178842,2.958227692850473,3.117738008120186,3.457606694569638,3.3988183689797316,3.313474804960452,3.392879374149296,3.3427841734472636,3.5467119863871153,3.2898534795500076,3.5093502217660064,3.1381474688490796,2.8930503256724216,3.404833567512893,3.5253000130523695,3.0952060242850794,3.0151097052676317,2.8653916628726908,2.904009997082778,3.1458973853082095,2.9263270296965853,2.880679017319271,2.7558848786285424,3.0873354507253357,3.8295798504280643,3.770711878228028,4.164738229414919,3.5892749547970677,3.5838002107700753,3.45462060759413,3.8318807967372757,2.841273411747825,2.9336802364762216,3.337457602841253,3.278857192507906,3.2415035170570823,3.2526108971570222,4.072078827534422,3.473578037440854,3.2716424283100056,3.1106351667493173,2.539486104802338,3.3543277836589915,3.6652476314808573,3.703197165260836,2.9814435317638357,2.9247104760279914,2.742153054646983,3.0025327054538984,2.779861771546096,3.1108060528212924,3.1375656907674307,2.9931217118780293,3.3540013769273727,3.03879681466778,3.3563062045115797,2.991259937721331,2.989127253638599,3.2678538604323744,3.2651761798060366,3.3140817412538994,3.3654964460047094,3.279739736755749,4.0960944434716,3.9624196070266433,2.988512413820274,2.7981851817976757,2.9249036384353477,2.8200272617429487,2.920273620218096,2.6993937902155807,3.2242360108377617,3.2836726072535924,3.3706553199605005,2.902120452297558,3.027912023856137,3.240580025963598,3.4734577192369342,3.5643936947729125,3.7594061973078174,3.147061920125215,3.2320078215266443,3.2544054645264517,3.2523286781078906,3.7095859461647187,3.3855425601266997,3.232237454223587,3.5362283710652034,3.1125842584492758,2.9302492229681976,3.207747253881615,3.908820732980437,3.3147438981346347,3.273136293912061,3.1924232159293067,3.663361632819209,2.757383455149873,4.117950000833147,4.273171034324562,3.7758924425276628,3.170147678019239,2.9119229261257957,3.3026593498631276,2.6130028501351834,2.5780918327109235,3.014205569006245,2.9355374030069656,2.8849770041356066,3.2647077953141124,2.955847271405235,NA
Dec 2007,3.417883446019742,2.9615436388032075,3.089441386990151,2.824716038610988,2.848008944188421,2.7179903993290715,2.967595695337094,3.064327258675652,2.9423515566751153,3.477052699571946,3.3604332505820502,2.6545294810439035,2.6364911144566263,2.8786638042608605,2.8736857049506623,2.7810333224822825,3.5217387110818144,3.5115482019843047,3.296680966996148,2.9013111733938906,2.967286713634733,4.139528754229895,3.429983899796397,3.5612398482861956,3.5078094951346306,3.791979883989076,3.1178220205251765,3.1859845931010824,3.071304213633998,3.2860159990761453,3.075541965922369,2.7922493406841764,2.7741786639058565,3.09122009952476,2.9099133038706593,3.2077058623333707,3.480801906692894,3.469681609120997,3.3253507481659184,3.411850569251732,3.3264934668234125,3.588151711597695,3.372109513610523,3.5425939251795597,3.194140920540562,2.873000177730463,3.468841847969634,3.56071104663328,3.1948894770018477,3.0068474484015253,2.850532727586295,2.9489835759158525,3.2155844558054554,2.9134100187500747,2.9021352328270362,2.7728410136309183,3.056515346022053,3.8644490064452057,3.8804590251934545,4.195028516648179,3.584686667134618,3.4988325033828955,3.451593478353004,3.774461431674658,2.845013862425655,2.8709205892839798,3.342185803640255,3.271361691516819,3.243751498529982,3.257001861302526,4.124895038256367,3.4827951724617505,3.305938088305738,3.0549821591558204,2.6011948332609767,3.377466000343946,3.6999852803223474,3.640451798343769,3.0720576201079877,2.884475372535607,2.837746610530635,2.9966878899650515,2.89930810674767,3.1100505956461304,3.183463254406536,2.994166800438823,3.295333474306295,3.073608474996278,3.41444789065119,3.0165370547933694,2.9783570443691336,3.2941525748675047,3.236007358135551,3.3458266843858206,3.424400631589927,3.341260903993616,4.093907612032797,3.8624571402660623,3.030444140111243,2.8135651512097555,2.9101912781033383,2.8521294344182824,2.912774673605759,2.611955345065537,3.252368266001818,3.3075645284844697,3.364195011933061,2.913380984095785,3.0658190681155957,3.285604503619515,3.4640629077484895,3.607695959592685,3.794606155641445,3.1470087759763716,3.2142735113492793,3.2805089101692566,3.160260651051489,3.7000392715564856,3.404047855399245,3.3100448464481476,3.5460262613475106,3.1738814822919306,2.927542827720329,3.1946894290861874,3.9220344651215573,3.273251660326452,3.2944051243140295,3.214018048177303,3.6226040221414735,2.7693313107831607,4.088073193149184,4.148580415717326,3.7439194467899237,3.1694440830860358,2.9507668817454253,3.235702495493238,2.6917777648570267,2.6387129647428798,3.0516123587112984,2.969690369365648,2.869321871121318,3.292077258217479,2.9738526226992326,NA
Jan 2008,3.421331776154333,2.985965279269013,3.0365996122948853,2.773084716092006,2.74254291374001,2.8212167141870315,2.949748305162036,3.0039304371046516,2.948776296880349,3.4373353658288637,3.312556281580228,2.6489895859403587,2.6225105721684043,2.7718813277736456,2.7930794707247233,2.764016056212636,3.500635708041754,3.397081567961185,3.270987523659313,2.870330196009538,2.916737854200352,4.125868313311939,3.378061517834467,3.548021566216777,3.530830047323458,3.766629367996265,3.114399401329563,3.1331892895105296,2.9839381812787122,3.249639436026948,2.9817125083924223,2.7370334586390896,2.6614364705131,3.1298915139431367,2.922185115952121,3.1801485146952686,3.5040541127013296,3.4473991592886937,3.258438552137546,3.357348570131934,3.3180145222407242,3.561202915157861,3.332353054967757,3.4797715963671827,3.1081186093296895,2.8622505913325225,3.3835316712759727,3.5291461583705326,3.048718896114873,2.9677044150054925,2.8301052148738908,2.970333072466748,3.1195353602141225,2.9191833997048784,2.865481984252648,2.815519868535343,3.059336317480807,3.8480073985983707,3.7845656593465757,4.267674001210637,3.6694126240701186,3.5311812249009686,3.461247983547619,3.7538765316519247,2.7502444422104873,2.8595971081851403,3.309256601885118,3.280003043507501,3.1733757240822964,3.2395407644030745,4.042864173381274,3.4956067434353804,3.2494940138149886,3.0384817860218107,2.5743249852349277,3.2759708044599734,3.657913913166238,3.652691825928278,3.045175795197246,2.928075239588067,2.7307386611515256,3.0265332609603064,2.8852300313692036,3.061061615728629,3.1186621227926103,2.9187830516028495,3.424998686328881,2.984731122366193,3.368307050385205,3.0041889483154343,2.9853424705585043,3.2430245075093214,3.2512333059958336,3.2864912128564816,3.4201848103647,3.2842711487648253,4.079962054777233,3.864659702388284,2.9244413842684067,2.8104801202741285,2.8136982834819624,2.778532133149125,2.8383698870162903,2.619837662092684,3.1734806524858894,3.220934792576838,3.3423368492819545,2.9053187598737646,3.036253295547401,3.257564365031386,3.3140124699259936,3.5767581919919,3.78831435710634,3.1560233131387787,3.2355226804559947,3.274430037684021,3.2772932712531784,3.732007477641294,3.371298428429463,3.2635627183378513,3.576439578311854,3.1278721856317078,2.841861599624774,3.160094884293559,3.848489776242535,3.244719921546475,3.2374476468916638,3.154594686278752,3.6799951735895737,2.732191518471874,4.035252354073387,4.216171531608693,3.693118520171407,3.10531144107407,2.9313905780806038,3.153623524678941,2.5863778666979265,2.5520100693711836,2.895869925000656,2.976094689108192,2.884054916117828,3.176969451723391,2.916215988953284,NA
Feb 2008,3.388784603469466,2.9323619993597028,3.04988897804687,2.8047775021168717,2.7460029060228868,2.8056618307735293,2.931238593890738,3.009605938891121,2.8943382277351373,3.4209835497781067,3.3255940047799633,2.6485915981325863,2.6102531540890537,2.8399579109564064,2.812616708314153,2.7469377605102228,3.483327469430122,3.4656888887955355,3.2807457974951797,2.871957282408672,2.845136448685004,4.233006931460999,3.380956827260983,3.5792766517873402,3.495135092904707,3.6760000128317953,3.063281643996893,3.136493427690449,3.004462850172416,3.228102677500854,2.959020516792946,2.754470924401626,2.6832686006645567,2.9979944705148727,2.924577655503284,3.1331651560762794,3.419292969774673,3.4364496720054647,3.325567126477199,3.3918842491837227,3.312311225263862,3.5948983349662744,3.3176086480377553,3.50068036802296,3.1986416906765145,2.856811917742214,3.3854153825633677,3.5209091214384385,3.0502399992812865,2.9751287405468836,2.7630997507990607,2.8869518646837764,3.146722876421278,2.901174318571561,2.850927541607474,2.7594140765637722,3.019985180416626,3.792222638388807,3.7067282043970953,4.257340690371468,3.6612786560115693,3.556994066287707,3.448687899213383,3.7847902299514153,2.780829469869398,2.8416568493170873,3.3108961120559304,3.257737488691647,3.1482104804865276,3.2128830467724225,4.127179189293343,3.4543783718528913,3.278970217964405,3.0864546221489895,2.5164015353238653,3.2875228141013872,3.646034146231224,3.6659903993317453,2.9657005459114423,2.898446555366169,2.72048753156716,2.9916588580858234,2.857950646002824,3.044218826548406,3.128876245205186,2.978302809028113,3.4219835581948574,2.9919524607612575,3.3678757066366223,2.937559423734678,3.010683267326578,3.234689707695422,3.1883136938403167,3.2965478866966627,3.3891544671141696,3.2394079872557437,4.113225749543827,4.069034613081906,2.941623688784113,2.9038192273521077,2.8068514457190434,2.81286895171891,2.95857799651804,2.609770604450212,3.181702444609867,3.213661004035831,3.3340517000094865,2.8429645547293054,3.0818616467592177,3.264327693979074,3.4595119968849795,3.5550552423345216,3.8010693351180964,3.0984091424016587,3.2431663692129753,3.250691451999748,3.1740722613781465,3.699582539042981,3.3949957591088813,3.2311628376484345,3.5438053001829997,3.11772710372894,2.836288171291592,3.2251443632960997,3.8717668973974853,3.2089017029390696,3.2566655326504526,3.1460304083822868,3.6329695490476106,2.8307589512736153,4.066778793800069,4.1307217461288035,3.7018700030822704,3.102715917998389,2.9193840471702748,3.2599712916870596,2.6086387732511627,2.5605134680398733,2.971992090702631,2.8781808943225355,2.854312281239698,3.2609949622894443,2.9035372035232183,NA
Mar 2008,3.376355307173935,2.878370761938178,3.017830260870481,2.708271594954947,2.737206799179826,2.7791041110562507,2.9548898208605094,2.9975576803179718,2.8516144931898517,3.4183085188459272,3.317156790883791,2.6815341031542212,2.7070135043391383,2.7893072483613097,2.7502247926876082,2.735469986434721,3.439177931667781,3.3955266973543305,3.21224509373195,2.856837224696134,2.8384614272102278,4.113900623679159,3.396432732605599,3.5131899336115744,3.434171357108624,3.693290000828814,3.088873097531319,3.1615326568505093,3.030873876926104,3.243971859861491,2.9409522157246117,2.6921765149186836,2.669642700243147,3.0969637826517284,2.873252004158642,3.1152591826346896,3.445954279392277,3.4394805058036484,3.3115302639407354,3.355552129729206,3.2759413962449018,3.553060779122076,3.3165198014589343,3.414079838710093,3.030767628711404,2.8773701115859804,3.3765368965641733,3.548988155097024,3.004468110289576,3.022603617341736,2.8295106340751404,2.888358402637515,3.072714065149229,2.900599999280521,2.8708671049032914,2.7794765328080224,3.0024268430836702,3.768504373261452,3.8478066199667174,4.29090813370456,3.626500993916397,3.414929466973106,3.4250511016571648,3.707704049824749,2.78906995281763,2.8810331645106118,3.289485389142343,3.2741927900681778,3.152938027180305,3.2217289423146256,4.125010059507606,3.4167825174530027,3.2517745471123964,2.9799857182245457,2.562488920449722,3.3377028328413147,3.634961842114902,3.6019473504799087,3.0514995905899838,2.949527865764139,2.7593058909073496,2.9624084646550872,2.918586943084991,3.0740046189182046,3.125802812373947,2.976540723324783,3.4226596558457283,2.983283711859988,3.337743017363899,2.9255468137191896,2.9273701815133175,3.2212390482025364,3.2036397519445976,3.2985773624252404,3.329333740225524,3.235031303523849,4.088305161673616,3.7657732393446226,2.9229175310952775,2.788316153743138,2.8029903745100277,2.7215944054683376,2.8897317418546735,2.6525696580465903,3.14067305168111,3.2248263862471527,3.3051571878214485,2.860904031092167,3.094024059085535,3.2004240351674644,3.363570607448243,3.461687830880879,3.8255025718881566,3.0988099213622315,3.1558822631020713,3.2564089035980497,3.1695071630266605,3.6257798691735346,3.339650921882745,3.1961956695448044,3.547178801400002,3.1018878345629015,2.8211435880440234,3.193889379582809,3.8710680663687165,3.2334723821808815,3.2160943335862036,3.1565476323094894,3.6463937585146207,2.830349507863547,4.159132378426176,4.114084375126099,3.598021530586711,3.0690184973852506,2.8985728325434508,3.227990247337302,2.5835061178643453,2.5943587559520904,3.032559370701901,2.885985744065889,2.832764038092039,3.1876113963118344,2.9181403955492833,NA
Apr 2008,3.3581804750548354,2.868509970641559,2.999903570693364,2.8304901302608414,2.763698656706218,2.7230223258947346,2.946690666157267,2.991403517276161,2.8743348432277114,3.392557942322419,3.3036785949897185,2.7242413322263754,2.744526898889986,2.8294489747777307,2.771892909792788,2.7158183122286665,3.481328044022982,3.434259035965524,3.242142586385629,2.8873065229925365,2.8942236552596743,4.071785407126322,3.3513500914555414,3.5194241805021385,3.4811006447404202,3.6750840702167684,3.1239046339109273,3.1233433124416154,3.0586532803920723,3.200571197814103,2.9636253658249867,2.7577202749502203,2.664818950740718,3.042048048088618,2.966602864247043,3.110499731626488,3.475063618671461,3.372435308877671,3.3136543032401167,3.371333908076939,3.2517510137185375,3.533226707693752,3.2819164667777296,3.4558553163323342,3.0187601135019757,2.9018258736615796,3.343057968228987,3.5117476736648996,3.0473495067782412,2.9368820583607294,2.8816380155364816,2.8730162128752914,3.09255297752715,2.9179813218073045,2.894541836848926,2.787265613776838,3.0467754502939246,3.778063015206575,3.8348487768968287,4.350973417084065,3.631971956055807,3.517723858458042,3.4279405174882585,3.7937740078685516,2.7346323887032007,2.86897444703161,3.2291219326455227,3.239330597396731,3.159709969501097,3.19661449710593,4.090342981408991,3.4770189068279063,3.274149633056865,3.057265079246798,2.583562285381005,3.3312514383381404,3.643528883454718,3.634916615805825,3.0113548749781387,2.9163310822930835,2.746589765138629,2.9569376683530075,2.935249532770964,3.071414509044818,3.1441282201129934,3.007936961202575,3.269446053683207,2.973058745234384,3.382726896396346,2.9908279697755114,2.9658278390358594,3.2713508335137775,3.245422264996596,3.3756726841328133,3.384112730220879,3.2435536293318865,4.046876223985412,3.805177738312424,2.934062814215865,2.8522626146139727,2.8187714065006793,2.7773976238775218,2.90558094065998,2.631201444694415,3.1458516731640875,3.1966364246791974,3.2882015522138075,2.838078048281004,3.017617018925466,3.220102011301346,3.371813842319332,3.6310094814149787,3.779011497907791,3.083276946698637,3.188607183911832,3.199765629252046,3.086020410742736,3.729766429186117,3.3117003989805402,3.2079520033989195,3.5675040412812185,3.110100783116812,2.820768873047125,3.156906978242921,3.896276807885703,3.241626671447462,3.2549808319885343,3.1351154651040662,3.5928675742072262,2.7900911874548004,4.025150158236363,4.063303925530814,3.6605100051517114,3.040788473777428,2.9666798039085007,3.250908898659821,2.653314316423234,2.6190872856772343,2.9968370524772086,2.91856877848096,2.835057839475817,3.243526452127786,2.916272180619872,NA
May 2008,3.383570245360957,2.917801956393787,3.0141561907134973,2.8266276911935884,2.745185206639096,2.7344668518915816,2.963273476960493,2.9740325196093194,2.8557153159217736,3.358697170249517,3.326336580157294,2.6747714374895537,2.6448834209770626,2.878124541210957,2.7847018110323964,2.7630535639774623,3.445587299619557,3.365280574658771,3.2053975086879865,2.857911336122886,2.8601964252371084,4.065669308316899,3.352223610284775,3.542603202508869,3.4581443439960267,3.6677422611726587,3.09258133405805,3.1881343451869584,3.0133889222174624,3.215597858802697,2.9158392468732104,2.6632820525064353,2.6521298102600133,3.0792126891422402,2.903630649561394,3.1790384474807527,3.4538492036430157,3.4615394830770634,3.330132505126361,3.3406328301935653,3.2444879271562685,3.5638636922160343,3.2955758278063434,3.5041866234703565,3.152518146621926,2.8940836259041727,3.409486175716489,3.5383342391542163,3.0241311299961926,3.0069745353844763,2.8500225855316033,2.963266343409773,3.1590833029008993,2.8901988436013557,2.8854322194441027,2.8175422013324467,3.0395437286424145,3.774498846660337,3.8561120578733874,4.386135064733535,3.6338456937106085,3.5387995518162705,3.459652383511296,3.7903731165958208,2.7840208306546677,2.8596833031123827,3.258606870161693,3.251589655104652,3.1671224232738124,3.198543064091117,4.026584748857014,3.434719155540425,3.2304067867500303,3.004820657020545,2.541757446556091,3.2686794484245905,3.6524173925745234,3.631204894157828,2.945749345898688,2.8854061386840213,2.6953089573557665,2.9823904842664732,2.903955356225403,3.0576077196959894,3.171232912066583,2.975450377877601,3.4072013038877,2.969689879651109,3.449005586889014,2.9055666856958036,2.906320307710304,3.2491739695990907,3.2303685671159785,3.259438732378022,3.3720028464265646,3.290640985791718,4.094763888642202,4.029705996967925,2.9227707905751896,2.815500039722435,2.7569479407852904,2.7810820968027246,2.9465403128856233,2.6645420780415194,3.138612347555744,3.202280306709533,3.266570050066575,2.8301211991161117,2.9743570944625985,3.239871489220287,3.427889632052971,3.637858393486845,3.71861229163708,3.1281739726063478,3.236906888825259,3.196708664210905,3.167894792732289,3.6124056035422627,3.345217526668712,3.2309318441905623,3.458959402660153,3.1275564978853234,2.8793944414380164,3.228597473922453,3.8590154939852184,3.2309199533942947,3.194138992641156,3.1777379883092687,3.6269864573337682,2.7856827545483904,4.016320416240711,4.161248622501946,3.7345524631673848,3.1153212014798024,2.873156617161373,3.2225035211247084,2.5705142213920573,2.62247826144917,3.0235349263769438,2.863705129646379,2.894764479053582,3.2154406769708177,2.8781656510574245,NA
Jun 2008,3.369501343969494,2.92382582936513,3.006408489456924,2.753539690591655,2.738370568689814,2.7145957432674064,2.9620900608591327,2.943031867500427,2.9132406223105405,3.3771064816612664,3.277572143730342,2.6677612009154292,2.7536620715789932,2.818631443717411,2.7634502876875313,2.7221674613582523,3.3617029512664565,3.3769022461743967,3.199637544652424,2.914995667956824,2.840674589576953,4.128790866927922,3.258092216829437,3.4156042939734474,3.459533409136511,3.687303592614039,3.065905965846762,3.135953195494163,2.9936990400640293,3.1832200506224058,2.9043261440629315,2.7157803838237444,2.666198753272893,3.006229112859402,2.936869873274404,3.0821720832708697,3.438153487115498,3.396980097915891,3.248140694849612,3.3029044698292576,3.168715484072627,3.503399287034341,3.2876898652807065,3.4335885333185567,3.114982588988219,2.871590398131519,3.4041734362710767,3.5176796464046047,3.0292576839247216,2.9570417937508786,2.764319463357755,2.8613269908591175,3.117019313624753,2.889066766718205,2.855794385466711,2.75103880484761,3.0367775600177906,3.7430753857759207,3.770584435550534,4.235349005667313,3.5319413311125527,3.506361899497505,3.3679806436562716,3.699202851549533,2.7273274412074713,2.8507055049787913,3.2368429314117675,3.2102900820050637,3.1551944220774173,3.1877696563995,4.078806144676203,3.4980156321427374,3.2601674943078933,2.9940615304836897,2.5248015729225903,3.2668139611239395,3.6274878501108554,3.681837843169801,2.9660389243239025,2.900440749979397,2.7148233029325164,2.9435535876926164,2.8602331126407803,3.020698233073877,3.121405791101974,2.984093188538478,3.4216054229234576,2.938879475001624,3.3418715454250787,2.895755681020047,2.9316468588299314,3.220766920758031,3.1456530377761367,3.3089900178247844,3.3622750341180296,3.2134599623556768,4.024788985406408,3.926515080589371,2.9546612178843534,2.8055014828631917,2.809933205215224,2.770341608552563,2.892324822702206,2.573118667228695,3.1118312000544033,3.1801979981002098,3.285443082669712,2.8984370600480593,2.9346350094144635,3.2225554151749485,3.2851640000840887,3.4750375349027673,3.7283476316151862,2.956860421453958,3.1723598562117163,3.215001912465775,3.1295043024477067,3.609111662138985,3.3213130931214043,3.1587345863058705,3.4878047592428,3.1016209896048097,2.866593225558411,3.1855307137856426,3.932285173385986,3.187303918795031,3.184018444477048,3.120002158747287,3.548387271748011,2.899509749666071,4.00511372938354,4.109680413529482,3.7135345458660116,3.0608674616671423,2.9051905561048343,3.1217950836745936,2.5658756864574466,2.6352996586661557,3.0155500591425417,2.9706523840283965,2.777238066162748,3.219627102131506,2.8737058851881687,NA
Jul 2008,3.3353549566731533,2.815787105276342,2.944328816056142,2.68093538187899,2.678252574515019,2.7371808689678323,2.877792553740533,2.933605176950817,2.8383686636771155,3.278623591738078,3.223307906571507,2.6054792485563243,2.681497810919406,2.8012006299642636,2.725475712761207,2.750641484503045,3.372329623574222,3.325934360550278,3.1325024399347,2.8501857835774254,2.767643119905206,3.9467383294733382,3.2572091381594714,3.413259669234464,3.446352057230863,3.5595613353714306,3.0233735369520898,3.0941985005503656,2.8937765548398646,3.1110492789590802,2.884167574955515,2.692811670888524,2.650318403404287,2.9699798470515186,2.7553103009789353,2.984063560430226,3.3498756780865366,3.3600532397988165,3.2049648550660494,3.245187079737003,3.1876967706243082,3.484521365684376,3.205513425146782,3.380733218750896,2.997025931680167,2.81955623219272,3.3008820403648165,3.4192940982560276,2.984083051326915,2.875681856061348,2.760123681450201,2.6900333942113885,3.041144444654112,2.833244709339929,2.8434735932038553,2.740368399815148,2.968752168233797,3.680420403532025,3.6983961688112355,4.2011976986002715,3.550309977096039,3.4995478169772514,3.3287242225825144,3.6669495363310336,2.617585897391635,2.787336708084606,3.1704228297030586,3.1748040420163735,3.1271444748049393,3.1408849789708686,4.185012226604621,3.4202250433605226,3.1473966511894536,2.9109913344450575,2.518036383339298,3.139781372963024,3.543668217666491,3.5388931211510153,2.9749908115925043,2.882958292456936,2.6348628402945207,2.8140568304260047,2.8060524714259425,2.9960959810276098,3.0780036115655998,2.88255764625772,3.419558514764399,2.891795586352692,3.351052274201463,2.833757842055987,2.7916078150637382,3.2210541244257946,3.0616451770286486,3.1997307843849905,3.2455404907404493,3.160511559562617,3.9233885791560077,3.8608615770631647,2.853482941748501,2.74073938793129,2.7286100473830297,2.737022478252121,2.881096808177055,2.6055566138065656,3.0581159027339697,3.150844029622765,3.301715335588635,2.8126575270510723,2.8560315268253036,3.23797057830796,3.2042839728200883,3.646851046348935,3.7784493430883175,3.1023231503391733,3.0415459424441917,3.1344199359066875,3.038618748026028,3.650908542868424,3.241221298601959,3.1734195776055727,3.43856055478648,3.102669396117922,2.8198062793717398,3.067484435456818,3.7774359514211544,3.184249290044261,3.165359645307247,3.0540985661714575,3.528400923969046,2.6881521655950307,3.949386978888086,3.954991490724722,3.6080132694816442,2.9981500307357725,2.863272350979731,3.146877578768229,2.5324651295800105,2.5458325178563745,2.963502625595842,2.849951213166626,2.8760643986936163,3.083706563883014,2.780392140041347,NA
Aug 2008,3.2505592211819394,2.7886896470172857,2.944055403498424,2.729273033364764,2.5853983279772073,2.6088661723905644,2.90127312964628,2.9110944149455498,2.8307733057540094,3.235686448722515,3.1544202789556746,2.6464121390875337,2.523476290255599,2.7749844128278323,2.7350651338764256,2.6716264383942128,3.276186050229007,3.2527961893832202,3.097739626745281,2.7951836915017054,2.796759932525938,3.899670251179224,3.2085417445437368,3.375374385570785,3.2803555616924096,3.5479997139000212,3.061143508407278,3.1104060732273906,2.89525057387226,3.0786473110777295,2.8514465154250392,2.6621649172633086,2.6100663434505167,2.9229924032384584,2.8509984004480633,2.9707345113741295,3.310833282131811,3.2531977702811825,3.1905641650892766,3.1585216742180964,3.1517422883949666,3.41281057363699,3.2128509103829406,3.362093042741173,2.9463350547781206,2.825697168326006,3.240591081511373,3.385503729888702,2.938500986959565,2.863102384967601,2.6765407803960324,2.544776784849621,3.016516697433289,2.760652040267434,2.8407502140297853,2.6823295083388565,2.9607673397613272,3.5836669550341447,3.6819285043531282,3.9894878551895627,3.429006098313678,3.34520153066928,3.30864700043441,3.584876794149633,2.7504709437874357,2.790009248360883,3.075413216192951,3.105402729845348,2.993968212764379,3.0487859192655664,3.8632813069434433,3.3493806810264455,3.080523302543879,2.9250346598362227,2.553335800663868,3.085501001299437,3.4579641198439273,3.4462857222744403,2.8766595080340265,2.7507870350016024,2.673929566850276,2.8772184784640116,2.834221382876162,2.910489165450871,2.910207586347177,2.8854827061686126,3.4329756110122958,2.859139401637343,3.1175002553327054,2.8434104312083766,2.8875242221501964,3.109712372085351,3.0467857798460365,3.180882856954066,3.162362737698388,3.1749820389123116,4.015682777217834,3.7883111270264527,2.835110960429002,2.6104285061668704,2.696599647081846,2.733408453117501,2.7983594214769134,2.4709105707195866,2.9590166103827755,3.0355818823468868,3.2133455524233043,2.7268976384979635,2.8404071406248623,3.1679472393784995,3.140217452484375,3.5875882031715576,3.5950365427844644,2.965468081314858,2.998446186586338,3.1309591225015,3.030261641238222,3.5017415732877035,3.2939215201811107,3.134565642467695,3.3618005125768344,3.0011274945389865,2.8297117075199103,3.0074841958572214,3.757464417914857,3.1035078043910738,3.074353692896836,3.090993474191616,3.3834400597324183,2.642609416310791,3.7776471062896513,3.9491468696373166,3.514175601002032,3.0158474755827105,2.7456595746230734,3.079278032052701,2.454228482149547,2.5693841402216706,2.8794995641020584,2.8919400407634397,2.8351002077575047,3.104560969624705,2.6788469817266014,NA
Sep 2008,3.157431480840692,2.7667015334057226,2.8860726916988915,2.6248530052358126,2.6214017543845376,2.6095278929993295,2.8466694278661167,2.835713460234598,2.6733735003081684,3.171608963433297,3.063940657631154,2.577113865976482,2.4372542093008747,2.7448159776140577,2.672554912777223,2.6650209515448195,3.2398754575910065,3.124027918559592,3.0103457077755986,2.7919539812099154,2.7531586308647027,3.7788649813912563,3.1332191278824744,3.2423713421790463,3.219634347013272,3.4352987641630564,2.9481194443082384,3.0669503797850015,2.8082574660627815,2.9934819598825015,2.8164976298754096,2.5614383861029557,2.490204849994133,2.939914898806701,2.8509780820784334,2.927254698969585,3.2751037459078347,3.182604136180967,3.0414287915471925,3.072710400093184,3.0655228917018342,3.2686993475984996,3.1157736133159255,3.2661974407443157,2.8848855563959974,2.8121305298129933,3.2601765482773337,3.4606961601555604,2.874720299102392,2.822447987356767,2.6566587592443915,2.5347516437154622,2.952717196125428,2.7770128826755456,2.7626298764233774,2.6653392487938135,2.875623816554484,3.49167070032545,3.581672634325783,4.076658059107303,3.4039481597488237,3.294841803644353,3.2531897571981627,3.6017594187904654,2.606366761157599,2.7410491450315106,3.0407868143184533,3.0164141260615227,2.9109444519844807,2.97445512349804,3.836597300805001,3.3064659765354043,3.055331655069624,2.9709355008916707,2.3992071569396116,3.1076027039521157,3.4623855904413263,3.402049964901003,2.9551433623365204,2.7481918191831145,2.6308528059619967,2.7878609854788676,2.817278674077986,2.9014830880177014,2.966918082996398,2.7950453237354056,3.6100013346414435,2.8088926296659054,3.2401141358410244,2.9004394073575663,2.805548019649576,3.0172444278508865,2.9508734495004907,3.1211476019425946,3.1347545560235166,3.0188242426075607,3.7690463730960087,3.7057997527677373,2.8442544195562305,2.7298471308724057,2.643563606105639,2.6635050638490947,2.7895041147926154,2.4736001143989017,2.8842488980516348,3.0130651196720333,3.107946655410511,2.6518920929211434,2.848729437981397,3.1021364986949913,3.0810512741172977,3.405585341260513,3.5496670043581204,2.9213106081965,3.035423444876091,3.0249915259624354,2.922224972922717,3.5650044273787636,3.148630025210805,2.7450571583958197,3.340230361803924,2.9388187058957764,2.725911785383553,3.05777667585695,3.7080919397173857,3.053842828425604,3.0080321312026923,3.061395520288926,3.281254968495797,2.7398045316229096,3.7679355442907827,3.8542227038832912,3.5672091397895627,2.9516155722988313,2.7320813301961286,3.1007269726508224,2.454719741294682,2.4917493736323584,2.7885142351702767,2.741295833665801,2.762235120451337,3.0460821864055654,2.7040974263012405,NA
Oct 2008,3.1297463147796027,2.6926086044664546,2.788171075910321,2.6357905259141345,2.5752426266648354,2.6221973566078796,2.731916397515968,2.728105018589134,2.6864278358117737,3.065241387833146,3.067245598983395,2.579449914102376,2.4041817124297924,2.6120906472340577,2.5772120281817514,2.582597162341532,3.1282514578380005,3.050511869872512,3.0037885654999386,2.731012577499353,2.727246734330332,3.719851382029636,3.054702911909609,3.272904164942336,3.218017699680106,3.352796801165616,2.990800582070423,3.076520033616251,2.836081165109928,2.91724790889797,2.809447390990611,2.5981254500075646,2.497485721050171,2.9433373512251486,2.639635343939076,2.9527038220833983,3.1816276329060083,3.134175699638164,2.98470676584427,3.042918131963608,3.0090031645090636,3.252627179108134,3.0500044632097323,3.2423222696974503,2.8995916197449034,2.7301877632336478,3.1128507910676273,3.2761105666670454,2.7827681788683494,2.7590215154926065,2.700945975680211,2.613703299455253,2.929576549335368,2.79862058976127,2.7044611758482824,2.7053688636975615,2.8035560684269405,3.4169136843983803,3.4764359377592284,3.9646104316002058,3.3288056304733287,3.201925642996573,3.2241344794644093,3.5248263050766746,2.611940310755199,2.6915483597380985,2.9877661486951514,2.939273743443981,2.8570238841277122,2.885188588133723,3.8801908558307523,3.23930707605449,2.954579432836359,2.811260539777105,2.399789563090242,3.0358688266775933,3.345477242051233,3.2667879338903125,2.9066569510467204,2.8001789970215962,2.6551206619919845,2.8455516052920515,2.9208037418948005,2.840302377754056,2.8959740369894056,2.8139807082083994,3.4182219816124753,2.719550018557545,3.0858182210161336,2.7947425939545405,2.7875188706243,2.912395496750239,2.897948372342283,3.0601447033684823,3.0297876813557076,2.8860855125285356,3.72339795974853,3.693886810097736,2.74721388341556,2.6687593001462875,2.550043283356094,2.583644516380025,2.723905197296659,2.4233410036585226,2.838422521755278,2.9311778673817193,3.127546544249167,2.7289604316481735,2.8321578473425517,3.0025196074501004,3.045171294504858,3.331657824709003,3.3302476435188533,2.9124548869855693,2.9418290179092303,2.9816268898131364,2.978330311104157,3.436467278686965,3.04258365865623,2.774934837213067,3.353954456116881,2.939112778111816,2.688374657708368,3.071872201162297,3.608328314122741,2.9155237607480182,2.9525979083162532,2.9158110570422546,3.371534035504998,2.735588505817879,3.6390286954969797,3.7238455540998046,3.3439092334751233,2.923175289207434,2.776334556659144,2.9100949355798824,2.5000262034549783,2.397002086222266,2.7556587527087597,2.65271176508445,2.6617368974337143,3.0459802395478706,2.660266965772951,NA
Nov 2008,3.063960461310573,2.7067031610655676,2.7414261786368517,2.633867765438091,2.519856789263824,2.545611284188924,2.781262675568947,2.7078777660337527,2.692120176233761,3.0383613683816155,3.00760167565725,2.5539007544741015,2.4251331795831863,2.6193592490716284,2.623690589007493,2.5251944850857435,3.0961835592941775,3.0368213339088315,2.9018307581127365,2.729716653060486,2.644710653032577,3.608688658134579,3.010525577916101,3.1022423981072267,3.1411565628177436,3.2453920013866098,2.9069546095824275,2.9812229023647747,2.7210822541213364,2.9215625529653866,2.768541302487814,2.515461347429765,2.5062289581619175,2.7932741446291427,2.7899884034640023,2.8120810248167123,3.0571509880116947,3.05258308425223,2.9737885973925784,2.946091910576347,2.9611612691790614,3.2162260211097387,2.923082965630303,3.1171063729866537,2.8659251266537193,2.712786072381866,3.0294336831452204,3.1951135556665835,2.799569163253289,2.649753427291578,2.5492823183721334,2.6438034599491047,2.889506014463573,2.8696216804544314,2.7810528173220366,2.7996100594915427,2.7602598663696427,3.457850672903295,3.511516701443956,3.9432783470886172,3.1750410042282975,3.195286332923857,3.1251918513292027,3.4473003751521523,2.668708443579021,2.7412247738531366,2.9610682554141214,2.8730966534429543,2.8109322824767933,2.8672696556517527,3.791402698025734,3.1649277114846486,2.9565018445868096,2.7850842695807,2.431660645230109,2.9457696193696408,3.266597437611924,3.239718239362293,2.6934400733599198,2.699837472497115,2.5285630323782886,2.724047260561199,2.7262588522173545,2.822859278511726,2.888953200701284,2.773886737109805,3.409066656585988,2.732637655894415,2.6997018485575124,2.6290529200662167,2.686973207202101,2.818746586742259,2.9677925975391846,3.1110447692512513,3.0597387910323266,2.7998833824545786,3.776090683869969,3.4546666489170503,2.729947354821194,2.5603038151674,2.7141458750730854,2.567507674037666,2.708744848059632,2.3250948614198834,2.804514993239014,2.845013202234091,3.0213764336511546,2.6435646941232753,2.7109181355931447,3.086897920489729,3.0118841880446583,3.2735648224633094,3.401430837097692,2.7828825667562582,2.9507355538968234,2.934437177649196,2.823842073046268,3.441758223032646,2.974324695254536,2.7285489123905577,3.15868454237727,2.947488253038679,2.6656252007777637,2.9969264782484952,3.5346378587424048,2.9906931688189644,2.9467684112359667,2.879687805581963,3.272878035884284,2.5921653708374732,3.644097260415398,3.6640175466938185,3.466265033542012,2.8359614438911533,2.577370428459587,2.8647398905374892,2.446735910896419,2.4236474169419258,2.679967125373859,2.697403832632334,2.592599394869563,3.025666907302552,2.5647655993784504,NA
Dec 2008,3.0280766473571705,2.625325167859989,2.674505019388735,2.636070272537364,2.478621943163805,2.508955435112271,2.7153172487948867,2.6914098801338207,2.6424872364766974,2.9379149224217365,2.9455969480485487,2.342493169885342,2.3486809413252927,2.554212285236488,2.5023954801472503,2.5023750083488623,3.0561155717200936,3.010736408894486,2.848390013865242,2.6690678607725253,2.6450691482215345,3.577425664395135,2.988889835134239,3.0468037831057413,3.1254742454755498,3.217910161407677,2.89850444442861,2.8214518196442957,2.8746384917351304,2.8769434122287416,2.7106761530566876,2.4584379407465136,2.479997131395426,2.821183461378267,2.645751361373368,2.8960802809968285,3.100347532987431,3.040259816274256,2.9918568513846355,2.834301715182364,2.88179786454589,3.111886036777112,2.968161513978492,3.087991442593116,2.730861757003416,2.6441823711924135,3.0500793477744197,3.2392447849227426,2.7073727395489096,2.681871810378587,2.572756755379314,2.68387669577944,2.819536956585059,2.7109171033723607,2.6326931740010053,2.5953696150907777,2.7570343948190796,3.380706112514384,3.3602569925862573,3.8267508259974763,3.2610083542017643,3.1891194940709386,3.0948274918171026,3.4513555115121766,2.4080271383156635,2.5695241358861214,2.913277822617741,2.8392144995359323,2.733175265680749,2.835892180159753,3.545252656694347,3.078564190001448,2.899679436888835,2.700242568914112,2.327215457057453,2.9191240052066996,3.2017616472696973,3.2263738980269143,2.8641589175459536,2.7438930629298,2.5276233536650725,2.7566428558838423,2.7695644469229217,2.736544607047727,2.8540530818759873,2.7169807272701063,3.351367848551981,2.6326716210312746,2.80059534207797,2.746410264136543,2.6796392130304802,2.893289797341621,2.8317896651727064,2.979822852434301,3.0380280746050796,2.842249873297129,3.654906111189546,3.4956303326215226,2.7365691782906665,2.599921826891839,2.6000280803557043,2.6086386942401396,2.641724660296131,2.3438405503537973,2.7888576025190446,2.827381628609676,2.9640326796896703,2.617375888025962,2.709895822648137,2.835808300247341,2.9241971478561313,3.305703397523742,3.4436181433479933,2.7925433673391464,2.835074088130818,2.8766903282710983,2.9046061957247478,3.417236168122434,2.896494800955817,2.7806568127735747,3.180291861255469,2.7437139753319295,2.6229206740259103,2.9881070621362027,3.5651995767005507,2.827974579254018,2.907008470773702,2.8486775031947222,3.244787031548804,2.5305414734447975,3.636312590899961,3.6432576069888674,3.1968656589969333,2.893958971986934,2.508495633927152,2.829421798775343,2.4030278603827173,2.3243502780251366,2.63224816243773,2.758596395077194,2.640598586910247,2.9997606469740212,2.5069426524334175,NA
Jan 2009,2.9269165185288557,2.594178436622041,2.6633284875681134,2.523577880774461,2.4285343326133506,2.403801507010443,2.708899149155856,2.6184876640422865,2.613451765096337,2.933466501266186,2.8710881549056055,2.3793124816230478,2.436381648684817,2.525587008915737,2.5933980515500714,2.4614878916942846,3.1162254078032983,2.9139613570791294,2.852025533244139,2.619379745829349,2.514147772043206,3.574718768298135,2.9606754147522674,2.988960209153054,3.092490816743327,3.23516170238674,2.8828957241611417,2.9563076270961837,2.717143789991164,2.820769566329559,2.722762446560013,2.326574474427939,2.4285517332755284,2.7574621086815516,2.604376648377968,2.733384870003037,2.973222180570305,3.0392706534620024,2.827641682264038,2.8473264386410686,2.894387160106607,3.0312630313554645,2.8229207183834037,3.0309948883622146,2.706245552379212,2.6136109659551425,2.927947244942883,3.1228710943555233,2.65743705599422,2.696474325946925,2.6123235385489934,2.6164968773356345,2.850664671474707,2.70561944737244,2.6586549235737706,2.5166443806916057,2.6962982376443247,3.263748353988959,3.4408069231927905,4.032438592631936,3.2364358324229183,3.1957901259991695,3.0037335883015785,3.3772820255648517,2.464941653047627,2.6068902440205446,2.806816968328109,2.825741056390302,2.7051382629119867,2.799301855594364,3.540146811769282,3.028139054344661,2.804960038261638,2.7112971070494765,2.2104385666581052,2.7379430668736333,3.154128394053538,3.1412827868261433,2.6474578832673075,2.566430285140388,2.4644417535197203,2.68742649841352,2.7171429300336882,2.6732012257808826,2.797880717796839,2.6320979990616427,3.4618177053833246,2.6893464697351797,2.784105404100607,2.614625323138477,2.5568113843630416,2.748475479737772,2.7590914314176955,2.8549888987934886,2.9220747926266957,2.7479183718834594,3.5524978891731043,3.4631633453332227,2.600601701012513,2.5216477237751533,2.471281136596161,2.580187588842892,2.688820667706808,2.215712525855516,2.733397732362522,2.8524654717780398,2.935599075378451,2.438705480136158,2.5860274746726417,2.9738539715401413,2.88522561832181,3.0718724246693077,3.1567002881813493,2.5873709590277763,2.813247247690771,2.760904007583501,2.7011981048991776,3.19645944319762,2.832382121772889,2.837193280057452,3.1827588886792575,2.7205243621435917,2.558273603505536,2.9008793688508967,3.316896721234217,2.843677501354004,2.8325271708947883,2.7477702943083617,3.1968385719273082,2.5537440833867118,3.4911158905359847,3.569068174096421,3.2750665730857187,2.9195026961805888,2.591373797049187,2.811006330587349,2.3909500749788473,2.2054010508972723,2.60787569466382,2.661076076086243,2.5388889844624125,2.8573460662605035,2.4494580666409176,NA
Feb 2009,2.9363154519693815,2.650170010719907,2.6375569991574146,2.5371232276028115,2.3723612848444597,2.378590816560186,2.6288134163060133,2.5731753152324144,2.508017565594764,2.8776958005978877,2.8765042858539087,2.3535685634847554,2.5453463067354103,2.503526189887223,2.468104944521901,2.3630543352994593,2.9028797897993885,2.938790639482408,2.8118772506649483,2.521914956726614,2.5452211636737907,3.575365096081064,2.8320231633169923,2.9301188908169236,3.036624259895332,3.1327339347997794,2.891499791625799,2.870215200939923,2.703880238989474,2.765986338139927,2.6015839387933695,2.4269638455588707,2.485783355229999,2.7051170669097915,2.650128872089823,2.642119328170126,3.041156320254092,3.026434552747361,2.7572097792993255,2.8343238837339175,2.7987488015069197,3.0658927865799495,2.910321087708957,2.9507317258643764,2.6281764674957357,2.564133734229289,2.898116518855632,3.1149338652619263,2.5138596022949127,2.590301262659892,2.5192284307994037,2.6986652720698743,2.785435523426842,2.620913434666761,2.6027851052215594,2.48403438620908,2.627029673033221,3.166937826854249,3.3629269703059603,3.7996046612257497,3.0116352403849995,3.1134443796804048,2.9882100324962027,3.3313029657538804,2.374876931587829,2.5418952598601097,2.800179141598158,2.8367833772589712,2.6978796916587138,2.7229778005875365,3.6006244677794426,3.048164323693457,2.7813171992697416,2.591561067015456,2.2597069851972313,2.827690781254031,3.046663419889191,3.096999264326179,2.821886023401066,2.500779601013311,2.353992412522053,2.7313977233093176,2.842554817676702,2.6390436871238148,2.7925600732065594,2.6895402300527205,3.4409377683809343,2.602993274296739,2.803272310450142,2.559810862447006,2.612945317399849,2.795676350749073,2.727637440276706,2.8849601590128136,2.877844864767204,2.747113393828128,3.643163733414287,3.4782325970893773,2.6107761187805854,2.6026121547173933,2.433889591357176,2.522633866884312,2.5788674030344585,2.2751664687238633,2.674390439564792,2.7433320308932556,2.8849531567445976,2.5624380245561866,2.6225501157472357,2.9708537184680237,2.8599665913699917,3.2364496231895226,3.275821678663429,2.5764205206930044,2.740176044228873,2.810314100782084,2.7518094273506843,3.2476772163434275,2.7262631489518836,2.831357227846702,3.013476069907765,2.7973254937882084,2.586137925740039,2.794270571606444,3.3332457333249623,2.754010944886769,2.84356809155715,2.731865011036115,3.097441839086189,2.481814011795896,3.5167218174277934,3.5360454938237926,3.136390084596895,2.8320557148093672,2.6125081815834044,2.8727103760061885,2.357688528568424,2.441368399255901,2.631491681813775,2.6287047646371438,2.537427583809389,2.888822556396641,2.4899789307583524,NA
Mar 2009,2.906455802022371,2.550068784008168,2.6737733616727626,2.4375978129933396,2.353254208677808,2.474873513620781,2.6119878508294208,2.6121068600444812,2.5564246289748582,2.8495114623312134,2.8406645476278265,2.4105367101911437,2.4024101891375995,2.4818829733871937,2.415262090135285,2.4192932969849292,2.930070327188065,2.859389483599655,2.7975841824285714,2.5240277095798453,2.555382307432168,3.4599267824627096,2.8533995207084613,2.9338636959963833,2.972872283340781,3.113235650193195,2.8221568293383763,3.0231167555567757,2.786272410876404,2.8146866297424635,2.670879203273056,2.339676753142161,2.4584786294014114,2.7401958958031685,2.4667499650374443,2.6801113021286715,2.920752140059556,2.9859086920748634,2.8409427639925977,2.7802253208908625,2.794672135092157,3.036306506135708,2.887310213779917,2.8858123192920857,2.648161123219909,2.5560278634703177,2.8822916155989766,3.0305278155230067,2.6330208314364723,2.6068223523157137,2.4898875293068543,2.7273891464352613,2.7146480153066057,2.670627070168897,2.532207990439262,2.4682194384093523,2.6373213424054396,3.2928939831823887,3.379614172288256,3.854823654512701,3.1175187773881605,3.075445760547871,3.007470914345458,3.384885680569619,2.469390309089877,2.5533036584757567,2.8216307503012734,2.7793131107927427,2.7071092031980366,2.7186961766576916,3.591475930556353,3.050909523416384,2.796480872693614,2.638945598664971,2.1867785056979643,2.8102648920479485,3.0394203746283988,2.99336364359491,2.677764519152475,2.518479497083977,2.43180917591139,2.620869533616933,2.865274229917653,2.658975462022059,2.7053978477219895,2.6017708542667255,3.3905099418877023,2.637155515371324,2.8580312824420098,2.5447131161047385,2.554310621283133,2.6464908156138427,2.711576812240744,2.90595648153236,2.9677098666519974,2.7684527022069405,3.6384569574157393,3.5121216560379933,2.590004373357315,2.4619548568107303,2.52759739007879,2.493380144337074,2.5693849233772004,2.2816217056683614,2.6747818353928587,2.6707703774873437,2.8601917225132123,2.6410730085219365,2.6360758990716895,2.856408573771894,2.839232160245368,3.1318739285365553,3.24382581188702,2.6361161300245457,2.6932428098908496,2.78143936796712,2.706331319191363,3.259905700353799,2.7864684153613415,2.878622898689259,3.013965162494995,2.7079399558595174,2.5604465931060627,2.8756169140921815,3.2524761474444888,2.758719448724185,2.802389996296368,2.753338385657191,3.163746284701871,2.4481755296504333,3.4834770471903544,3.5807306501987943,3.2237556193588555,2.7594503828391406,2.6024091752599454,2.843565725141583,2.3396380996811614,2.2902361399130906,2.659410240798369,2.6242374372185195,2.5920315648881505,2.9295540389606756,2.474633988821321,NA
Apr 2009,2.9055225781989993,2.4966620575957275,2.6013506653809433,2.5503483607839144,2.387704170058359,2.4253420770833123,2.6095694797060993,2.589073488980485,2.4821557990069434,2.870451234408511,2.854365058900483,2.401080220920297,2.4495390431263178,2.499079146033577,2.4403661564134675,2.42335706824267,2.9248044989371857,2.9058426924198315,2.783581197114526,2.5469307866269,2.5450014433347166,3.4761706485920163,2.8627183256804023,2.9503922780902143,2.9235809849830656,3.1937265770995875,2.821501471514102,2.959750855327337,2.688541502886358,2.7835011196342934,2.573616015410238,2.373906823082583,2.300935921378161,2.6709892040490915,2.5499340486742135,2.726512569770198,3.013393802512176,2.9231636252455675,2.9306996622187502,2.7828268093284203,2.796848961182421,2.9481073954743326,2.8168457609757196,2.9034654624456255,2.745141995245123,2.50249219889759,2.866190386607296,2.979555266248575,2.6347653420966086,2.6417271668350533,2.4973816788798966,2.6354877945535344,2.774002225716185,2.634466277199564,2.576156610616171,2.537896030157015,2.6691290007344093,3.193178317168933,3.3634192680270214,3.6019836490921078,3.116229943317186,3.05671790797825,3.009170123307333,3.370403032661998,2.3934572097318534,2.5713836120807643,2.8216541066144623,2.752569626551371,2.717851766475029,2.7509428631836514,3.7875896692896367,2.9299887010775287,2.7741129118476033,2.7168372016894886,2.1969324523234435,2.8172452355274404,3.055605248716546,3.103134984202022,2.6238506457981865,2.589019861316272,2.4555762450686807,2.734111738042853,2.8260911524144836,2.661352414935949,2.728113111113241,2.6980992380820843,3.323725004557257,2.5898854094715444,2.8844487092310462,2.6224881443795787,2.564829608484503,2.616499764562962,2.712748483047207,2.925191933928097,2.8325828911535322,2.856867934689982,3.593998282488709,3.4630839629226355,2.6228233636641782,2.4930998132137407,2.5028545905749158,2.496349787383874,2.4881678975379966,2.285004871510547,2.6526204362094234,2.7000786493528017,2.887174739964054,2.5480936946946753,2.6619710622619395,2.8972452915931424,2.809048826692597,3.289391848993026,3.1293532165610407,2.6314273068867142,2.7653277723993432,2.7298744703067004,2.8133600151793243,3.2155445088420693,2.824031671044224,2.8997295140112667,3.0078855159078404,2.7147050404153914,2.589130188182197,2.9497008305194266,3.3965538536363042,2.792004669849141,2.8012300368141188,2.7863723691193107,3.0344738842509167,2.452621128757373,3.4302721415652835,3.508202286274335,3.2688624205816357,2.7678380391082507,2.5197898529271665,2.8952929987998814,2.340342402593254,2.2189980716799687,2.6424680138147565,2.5535810109132626,2.366143608795289,2.8594464881079573,2.4075798076251647,NA
May 2009,2.9594144548124524,2.505530946052592,2.642611491659584,2.484192455343472,2.3935020057024046,2.4314391981008177,2.6580640613487185,2.633524914499851,2.5161869097163643,2.9343973133132764,2.8723227940178475,2.3643821550297264,2.483076219483244,2.547225538510573,2.448425000140237,2.41547207265418,2.965454013997482,2.957404198132392,2.8158386304514615,2.5599004771906118,2.4747603121808566,3.5467419164300784,2.8732562975283127,2.953521389048132,2.9691113822049293,3.140435903216815,2.814078471552151,2.91318137165376,2.76540145519566,2.8312945716518834,2.5879613450459655,2.4646478427656,2.3929000170692363,2.7373899770412784,2.68842178115059,2.804851389298317,3.0364517273326883,2.9853606965650106,2.84956109872227,2.8370805588000017,2.8268681792994546,2.9074602835540944,2.8751525026198723,2.9932586476738785,2.67794047891226,2.586664737854128,2.879061421865414,3.029181672217976,2.786826679152854,2.6363207140388347,2.4973664551727377,2.6511261904846775,2.824777678081919,2.6038684209827005,2.5382716257449687,2.560314771260169,2.6787313955400625,3.3038156183638496,3.6226043854759236,3.653352200916715,3.103021637603249,3.130026256468481,3.0531292138498807,3.3235630650380665,2.4998618424934635,2.6089256137494305,2.7998731835229167,2.7853309767782433,2.7187706272991847,2.7995112642774975,3.7739964458410515,2.9230215865116045,2.8067243529944528,2.680831858418748,2.3440206413903923,2.8012612361861056,3.085026399392583,3.134377739652548,2.5566588210214065,2.6315125732790072,2.3220269907865227,2.767273482481348,2.927899536786288,2.6676886906508677,2.7398300514196574,2.6945870303656796,3.414017842581622,2.6402662951926503,2.9514583547915683,2.641352092085891,2.58426845332096,2.748708257337202,2.7267477868104377,2.9589295480298516,2.8144267227303987,2.782315757432592,3.577023273601601,3.5995724889300464,2.596860406418319,2.808322739577086,2.4789497453202554,2.475629089411529,2.549497811732716,2.313448172970679,2.7096179967307954,2.675572858934046,2.9742635640959287,2.5972232092689893,2.632947353248366,2.908446082260542,2.9290953947975553,3.3257755824238293,3.3011116592888254,2.6692860864336803,2.753658518179304,2.795060616892741,2.7548362563709623,3.260766447597992,2.870056118998474,2.899181230601621,3.0104228916278144,2.680770295331667,2.522098091978907,2.916426830595835,3.350928812576566,2.8113482240512537,2.816463883292708,2.748688219652829,3.0670613920940912,2.471233155022882,3.5198280174557364,3.6670107284199758,3.2888557742114,2.831970741408271,2.6051310133792707,2.824931371850199,2.2747706847261524,2.287046358899515,2.6075575120522623,2.606589743193112,2.5205857038356108,2.9073688605354815,2.4682321379828593,NA
Jun 2009,2.9429916979413226,2.536552495125949,2.6726968778741527,2.5355801950050996,2.426755016474529,2.33693838893611,2.6353734248587353,2.623112240239675,2.619578626452492,2.968370644236447,2.9326383844589747,2.3000215267372766,2.4413720362468103,2.532265673129361,2.4247793591814273,2.4054814737368,2.9669188887805698,2.9834018653644767,2.852563344105424,2.521427395543223,2.527521015870966,3.579345790236779,2.943544965487165,3.0050603489020453,3.0669111335959856,3.1941451636915326,2.8676622523697457,2.9370562139934036,2.710045548141425,2.8329098259881222,2.6440097007372074,2.4156826436125223,2.430709235093271,2.7509540368536065,2.533136434060634,2.8012149089064793,3.006428519065491,2.961026350507672,2.9003956789303778,2.8474416314055935,2.8344579894693873,3.0303596118319924,2.8286146040833864,3.0022596671274826,2.7113943885446816,2.6193438912640845,2.903423467314035,3.0290641602126764,2.755035453069224,2.6640500362836703,2.545537727488542,2.5136271217418,2.772656280520187,2.5303963252982085,2.5718869799594484,2.4780848436898077,2.6849129970065753,3.281870128073288,3.552712384560798,3.6853256176042963,3.2027621652824783,3.1193910588139273,3.0567813376277115,3.381718469238675,2.4538119626270554,2.584117402931127,2.8400359055463054,2.8295203007856142,2.791641600363399,2.8050890676213274,3.917142658168871,2.9725409989386873,2.876558519260417,2.7223948190565506,2.29773972004012,2.836345722701714,3.06065688213416,3.1881068087195166,2.661437765746958,2.642886960055012,2.3579929725938333,2.667654840801771,2.735252604324879,2.6960345265924324,2.773075835904192,2.724945900517251,3.2325274024227184,2.6764402693350977,2.910772316422123,2.6569288527509625,2.526070178333123,2.753016323701687,2.793662922493519,2.9225707217093677,2.851677032925522,2.8370068574658425,3.6660568144706933,3.68924577358883,2.590553475150586,2.518248742267292,2.498784124349326,2.4883790613621777,2.5785987669748867,2.281377278131857,2.744639117836084,2.7130961296216127,2.9767777327167897,2.4830920990340446,2.726426424620543,2.8904656004094877,2.9130335143902295,3.3791007898112704,3.3400720166770874,2.7270244657532055,2.8132090194795025,2.7858326427708353,2.8108542480499383,3.192269530488387,2.9052014081242428,2.8866771221751613,2.986657032653869,2.699965735460909,2.690209770698213,2.9827210180409733,3.424918159368081,2.793021813030924,2.852399009247232,2.7530127323765523,3.2042097178333626,2.4445822070479,3.5635866695109457,3.6656233314434106,3.3525605439663453,2.826759193146656,2.556014814125552,2.805965624812718,2.3381333878892496,2.34656888817166,2.671246339087317,2.627542311955221,2.582642454060667,2.960842663151356,2.4836820038151006,NA
Jul 2009,2.9897782919102656,2.5998820085245575,2.705064211139555,2.4876424235892824,2.4298112964754295,2.4582705547296926,2.6675146354452814,2.684887826409545,2.6144516299576415,2.9818518315407907,2.959302346731682,2.4140261846060707,2.502930702394175,2.569372573321164,2.486569910712631,2.454091186921545,3.012327730579491,2.9923726596290905,2.912352567284428,2.573593723103949,2.5302148092682515,3.670605555661025,2.9270375714825154,3.051461057372277,3.0526369825699415,3.2814629823336414,2.8901320114537437,2.9397575443842427,2.7532164052339523,2.8498032109125777,2.6747832880381814,2.4915857249099727,2.422730421525732,2.7372660664501827,2.605383755631285,2.8222791895904225,3.0550481689290265,2.980686644146317,2.938395516501371,2.8826845409884845,2.891735848618828,2.998731280828167,2.8958849312540056,3.0416286866900126,2.7529283643425684,2.592916571995211,2.9181760959112246,3.0597884179262747,2.770214143035677,2.6545219473378068,2.401537934960592,2.606421326302185,2.7970168476710033,2.596460301152223,2.572015763147239,2.5216326394117026,2.7259379271561377,3.282857663599173,3.5701122899289115,3.7704026851836736,3.2236707689402304,3.2542425815088976,3.1196886184924217,3.410644312731554,2.450301232995093,2.5850147215403867,2.8205022841814276,2.8822305721470607,2.7727483058598645,2.829296282248923,3.9035570184642916,3.0375060167800654,2.863797351511808,2.7453744058161544,2.3001221268134513,2.869714770440412,3.1544068835962515,3.235888857992981,2.649086460167629,2.6075608241350086,2.378642360590585,2.750592903335195,2.820174138712182,2.733252963569568,2.693360669514327,2.8154609221843057,3.4338063863909256,2.667211145904346,2.9861454573845045,2.5898567132591537,2.597269264504433,2.7569480694521795,2.742836246682094,2.9580437677540834,2.8989268478651975,2.86113481233116,3.6907046283986604,3.682567837385043,2.629633716499649,2.4731169961389297,2.5443936819079456,2.518906130583556,2.594850087005744,2.413935948664055,2.766308943162934,2.7308383986546274,3.0059025275338813,2.576812081425708,2.6877604480768618,2.9751543023227782,2.924423475152733,3.424114205211031,3.3886873322548454,2.7167982253910727,2.881208978263436,2.836509260995658,2.8590192165506254,3.3221687646271585,2.904318025856391,2.9125001803335913,3.0370149385495675,2.75459731401694,2.6120720660770465,2.922616889861472,3.488087939654727,2.844405144705384,2.8761874826863143,2.8028810040783,3.123823437422664,2.4959587909486456,3.6452853645882364,3.7359448578932883,3.4144273309461317,2.7808835815542885,2.5988945376700214,2.8841174499242967,2.310044564666798,2.224254402382138,2.681926774463492,2.5061435963999457,2.6473681388705965,3.0265060717059145,2.4801362484094764,NA
Aug 2009,3.028094954606703,2.5622678260732026,2.6836357190121545,2.567961227230978,2.459094376038643,2.483038760022194,2.6665785112089244,2.6702917941670217,2.6433302737551934,3.026207482573424,2.9409363661405945,2.308268928069478,2.438438246624798,2.5858366881613852,2.48308713508001,2.454854979936197,3.056156531609083,3.051391331079691,2.912039615003772,2.5717158006424823,2.5264592064376616,3.727250020095453,2.9422532948578763,3.055302281288077,3.0622912603382724,3.330735752430131,2.835575496721017,2.983751010586891,2.8028882122012484,2.930836044060191,2.6871827203548673,2.482825782492919,2.475842897517091,2.7616516656975962,2.5642825630976183,2.78262705899495,3.1304954723557374,3.0148574450334062,2.9644190151272136,2.952825043552482,2.8988746950692494,3.028626453868348,2.9556897927578976,3.0766996996675324,2.7263551041367244,2.594036288124913,2.945282249876023,3.1362921247015203,2.793987264567561,2.6804804941031724,2.5022011484751148,2.535170170046853,2.8279953055501825,2.6048438613398135,2.6246804106610853,2.4896238719897537,2.7336302864742175,3.361584519472081,3.5811065063153014,3.740150175807131,3.256005977388923,3.2149599117058294,3.1340107018742613,3.4427583324071245,2.4721693697279115,2.6222957673161074,2.9171161198887243,2.9105114321100274,2.8082405751685884,2.8736073253124457,3.849230983232607,3.1027261497240515,2.903475740824592,2.7944402594961657,2.1889844521457444,2.9077963137897074,3.209918520168288,3.27499553478649,2.649057443484514,2.554068182745632,2.4226321079472757,2.8009052839617232,2.7044487252712095,2.7448202549833836,2.7951070320619227,2.7071485542960096,3.2310194831299155,2.6092241763482393,3.0243973172034884,2.7572389745295487,2.5454460929279494,2.789557374288091,2.82957114400085,2.9976795138711663,2.948276714029194,2.912503268996023,3.7270027008240842,3.751161727607262,2.646377605868272,2.4646523074784943,2.5363049185949595,2.534367153527664,2.5754476021985173,2.413435278702608,2.7899031733603845,2.7599156267107707,3.0547148211348496,2.575791797462553,2.708303024159844,2.971574627837218,2.9752827136819544,3.4350392889452617,3.438782680123845,2.7469031222942912,2.910807626754471,2.8929847509311553,2.893097313033778,3.3090968372794154,2.992862800021725,2.9754957840181135,2.9801978088977514,2.744651477181599,2.631646612464088,2.9671359245312505,3.49584533052261,2.8469507335206474,2.9172063669580477,2.8711958835558686,3.2051512722524365,2.529384384948876,3.645593830818358,3.784769953745377,3.48417706684078,2.7889630368778797,2.690087327556093,2.9373918113937703,2.313286170404407,2.261122410567863,2.7302127191331373,2.6260258557066227,2.5900069226773565,3.0386403518980827,2.5272192597864307,NA
Sep 2009,3.072280298177792,2.5951466742768816,2.7066617547838643,2.554698628797136,2.3658219027277734,2.414980186008861,2.6813952305393967,2.669204227557232,2.6501311770217986,3.0666788278413746,2.9976746456596866,2.4206267902697247,2.417053451801931,2.581612955348853,2.5212879812942397,2.4926580694261418,3.100184997376997,3.079417962942894,2.9594946370477455,2.592466314669359,2.594121165571148,3.802717317018898,3.0148471854997965,3.1498653240484944,3.11105729636154,3.336852920248937,2.858510760338531,2.9710698609119572,2.7956193019661626,2.91419922341888,2.710166178108919,2.496444848689768,2.43949366641829,2.7885233807054983,2.622160440002081,2.733582250189933,3.1392254633418566,3.0436612920299226,2.9507664895065715,2.9472025272828803,2.911255885784927,3.025791515417007,2.974281941949729,3.158716157843299,2.788965141636275,2.5807791221170118,3.0018769593617662,3.148345157961562,2.8098610341161723,2.701246997274965,2.5134662426238186,2.597665124579238,2.8532198882947775,2.5878685501862115,2.586771169200402,2.512020791703657,2.7215038870559756,3.4281052573689745,3.5626544548077157,3.868580103379567,3.289286082774941,3.261268295776745,3.157526213557511,3.478416119028506,2.4815428328008595,2.5415133931223544,2.9200854621038523,2.9683200766006475,2.894631536851873,2.8969927300074656,4.117189544499017,3.101344249417506,2.8947631904042885,2.757533353806032,2.3147470060894793,2.9320595458830194,3.2647212771255107,3.297768404133162,2.6740047365259527,2.635765148787441,2.423116794482963,2.7414607168119036,2.768274633200362,2.7778164424586733,2.7889682766721724,2.8057914436321347,3.391021878754781,2.652010894499797,3.0392043920705842,2.6888486928519946,2.63105377064669,2.849511676787416,2.8540287772376596,3.0291824833028316,2.9602162871501956,2.923909448207437,3.773693235493325,3.7668006377642524,2.6701905514092372,2.485579898339808,2.558451807481978,2.5662527875632315,2.5913218675436682,2.3367905034626775,2.8038308588236096,2.7959173655339,3.0668599794417153,2.56626819822819,2.7001483096651495,2.98843260102412,3.0209555349907813,3.4602710605457663,3.448937391622258,2.8017831628976024,2.8871785301762296,2.910550592200243,2.900380342481763,3.3068587410838637,3.0040356549124043,2.9403089056544642,3.112333492522586,2.818438562181779,2.6328493702093754,2.924267783971615,3.5465585984397365,2.8923748906018107,2.933521013657594,2.88282887551046,3.2090985580692877,2.521260306417152,3.770173935330193,3.874127150743828,3.4926822233693904,2.836137061848453,2.626676621602615,2.930008739048686,2.3459673826737673,2.362200311618773,2.7139097555624017,2.619352396071819,2.6286771092523717,2.996212880797007,2.5637136425415794,NA
Oct 2009,3.0889080392044983,2.5849407527630386,2.7177025161347927,2.586857068393282,2.494179760114721,2.4523056573809523,2.700162671048669,2.713369186987316,2.6299011680754054,3.0856783849441722,3.014091149774862,2.4547584400780926,2.512859764158033,2.597091226948896,2.524604442738605,2.4156676436276294,3.1099576035418526,3.128834641305402,2.989995250004012,2.610589657742321,2.5381659761155158,3.8430085079758882,3.0052715946846886,3.1510150160219093,3.1995574292131486,3.381180695446575,2.907293771875382,3.0175415091518043,2.7884770395299943,2.9353581081777866,2.7293229919173925,2.493303598493763,2.544528434698365,2.873572805453875,2.5867905332855434,2.898755324537717,3.139422459411482,3.0573839058703753,3.0590872693624402,2.969027814963011,2.9278235916528534,3.1482220059066575,2.9925501497387157,3.1146368118627223,2.74798975259831,2.5943592488872915,2.960638030852707,3.1934214770552005,2.8031946762869597,2.7270323898125928,2.4826604544428457,2.5660961992195555,2.865089407100198,2.6635345380761986,2.6310267112077215,2.5657626596359338,2.710109991722422,3.4748739957800305,3.6395013616294016,3.9207031384475437,3.3093042323794544,3.2895851422427334,3.1752664970206377,3.44839214727291,2.468980326102166,2.7146475674778845,2.928652295024867,2.995174631700916,2.8630777145066917,2.9272382111493953,3.9559689859764178,3.168971513718468,2.9658417786992137,2.8514813401754076,2.252695960736303,2.894404234124402,3.2731631431645023,3.386546465437987,2.6805120675007017,2.6370124550319916,2.459668282559526,2.761991206291562,2.7884580612301257,2.7618038613910216,2.842798227245987,2.756078811019975,3.306810317165526,2.669657369749769,3.0508696857297695,2.6732563586588443,2.6163597616869385,2.893566964403795,2.900426996890614,3.028863896161208,3.022742863302731,2.9613506889772556,3.8092285178263343,3.8750130986238176,2.6276858156436256,2.4849974938178034,2.609907290728406,2.5266823423987166,2.667092727131738,2.3471330003508983,2.8442896835393494,2.840370310819883,3.0724586311983875,2.6185581272082823,2.7293368331798504,2.996376201758148,3.0257417264198576,3.545013261754048,3.5065706092358204,2.7908242090397004,2.9417695809805533,2.947543120037396,2.9882998118153847,3.3313535009519057,3.0174341447498065,3.0064195119244106,3.1118201454165084,2.7916307743803004,2.575885839117084,2.923323165598183,3.5827783512527307,2.919355230063654,2.981225183655367,2.9317505193824154,3.287430863316417,2.4799504805419468,3.7921466579537624,3.888583237337121,3.562659397832799,2.862072493498256,2.7347414222087516,2.9166554799830426,2.393046772809441,2.3569576792171536,2.737491634272774,2.625419148160144,2.523081624377019,3.0762406047988615,2.593639404301156,NA
Nov 2009,3.1489673392177484,2.6010275530431106,2.7664609541946814,2.587371691132141,2.5476177704868253,2.5142424867477673,2.6933852605066506,2.757429540581303,2.6876774126215808,3.078685583916534,3.023411132187085,2.3955184591759506,2.5414947091040556,2.669866559687565,2.549234239292171,2.4705448069848988,3.126537163735626,3.164621160444554,3.0302509392025847,2.647721077062915,2.579859574823702,3.889778875250134,3.033021787928253,3.1885059462182945,3.257591588794316,3.407933589667701,2.95485557042143,3.0420087245135554,2.763368183441418,2.9711789900706536,2.7292006215159366,2.612307549452459,2.446128990998907,2.8447480928991116,2.656509574196457,2.80104276975294,3.1637681451092194,3.0831920193022966,3.016576108057396,2.9717996657056482,2.9745373408893654,3.1280749645520136,3.0103467775367774,3.1353876163148198,2.7629296658416096,2.7210588640675097,3.0053989498155533,3.1878462943717674,2.8116955130173276,2.742823821405602,2.5336333449669852,2.5772054326239813,2.876122429660398,2.652791869380606,2.634316381743012,2.512828716958481,2.746740351824018,3.416891316403415,3.6239202400621755,3.88510250774662,3.3456272652916224,3.309387067786429,3.2059080685988532,3.5137419826148104,2.5287462390401334,2.6594968970946526,2.9948997476048866,3.021265062382914,2.91363085658231,2.9407292881245772,3.9239152304293397,3.1606329364090673,2.9918988415680854,2.773466911388804,2.231969699266042,2.970551381128572,3.32429868077881,3.3958450064160672,2.589295472542884,2.620538354759041,2.4071875488257475,2.777471674360537,2.834562704159644,2.7698423958983915,2.872457556959498,2.779410735006212,3.3628298173733504,2.639753915038412,3.053293073831765,2.6546791573399027,2.6871372696227787,2.8935160516902982,2.88758472719684,3.065217793089165,3.0377474774611968,3.00195844956077,3.8431670752425484,3.940712270681235,2.6826399223689723,2.5339088180006444,2.6240870678776607,2.4958366240620546,2.6170345864781317,2.37308629951939,2.845125027538988,2.827460979943412,3.147078021233987,2.59721392668256,2.704663619768145,2.9667367890925633,3.0662568441104643,3.6260807457718682,3.5920891947864275,2.663511326265094,2.9539750830128737,2.9671205490961494,2.9894760931512,3.3500925570218465,3.058183450828417,2.9713740284508616,3.0842422097843594,2.806536068150254,2.6639067804810077,3.002180065860059,3.596005832238695,2.954885019882358,2.97369684667281,2.925457110443254,3.306037203992271,2.501310474782214,3.8636039257434773,3.927212925367918,3.631620116486738,2.912727218160093,2.63781863788154,2.956756079677679,2.4841194712274466,2.323615793980363,2.6844348256455084,2.706303103946566,2.532828614803235,3.0738400325223787,2.6232928293379514,NA
Dec 2009,3.161490653746667,2.6320664483506855,2.7846437529639796,2.5631985172646283,2.5724490165917944,2.4437916653681393,2.7070946622916656,2.753765437925203,2.736466403810248,3.101721495264663,3.0343240215972074,2.4237046273663396,2.450424346702888,2.5705115576674986,2.5471986500529162,2.456267868226332,3.156509056880724,3.191076423687352,3.0217230252407288,2.665490253542123,2.6024627951909993,3.9540082910868852,3.083680692945176,3.1700657065473257,3.2137692106934592,3.427584055711416,2.9484188953312978,3.0448774086917663,2.852070350985476,2.9802094955494196,2.733595729905669,2.3872033209648307,2.3878473003918455,2.8436285818943428,2.656037744605877,2.804573701696491,3.22131204511374,3.0977205120509868,3.0632855373886274,3.0275936742284464,2.994959056255924,3.2237860158129177,3.066367176873701,3.1370977154183617,2.8104467751698574,2.6890383017857546,3.025429937453885,3.2275057097585327,2.7761738132127607,2.7873399754652626,2.538904583226305,2.559646555344077,2.9319551043922925,2.6813183854386597,2.6157499881605224,2.560453144037394,2.772226080008687,3.528969619251507,3.57040922758731,3.9285274454310346,3.3345890463243095,3.3719670646274102,3.2250461088044635,3.524990496753727,2.4171612860502165,2.6616615246806337,2.9987141918643925,3.0485071256135194,2.939072830401244,2.9677075754874247,4.052200789306421,3.2397214050001693,2.9977068641919473,2.8175583353047577,2.3509307815812255,2.963871096261542,3.375496352620265,3.4666731334182934,2.6500591705068,2.616826778704151,2.482187342460977,2.771160282901594,2.8727755009382236,2.7978559096373927,2.9408166764073846,2.792230724607603,3.270491603955599,2.708281133119102,3.0565006547057196,2.7234024090939983,2.6883323826438614,2.907524415478911,2.9443292602228834,3.09043958901374,3.0705521587961075,2.9856866253410557,3.8832965948045426,3.956509995193551,2.7132556707341426,2.451560743657964,2.6332594477616933,2.6036285634699845,2.632025795429286,2.3741105106872236,2.9012304964382465,2.8421505374235245,3.1499947298406354,2.58534555988652,2.599681073876817,2.9494291219363062,3.0559689319245624,3.617228237369972,3.5493099593846034,2.842463491968912,2.9719553106860497,2.997491312729217,2.9136261912732264,3.361283512837012,3.0876270676408857,2.9154158110310675,3.1929733587333935,2.8259978240335,2.703965863347966,2.9570910690217858,3.6222648120652843,2.9276567587214664,2.9861820437217106,2.938675930748808,3.367525247304702,2.5312875765797216,3.8608108582067047,3.981949341497554,3.644971108964776,2.9339358612274897,2.705438373399965,2.9251353078379863,2.3609903712411713,2.3321548645437233,2.749338206052449,2.681139633990642,2.589354154121488,3.0468207778093572,2.6320694238117186,NA
Jan 2010,3.1662659872614625,2.6610278798245113,2.8205448369728545,2.565112433945833,2.5732743253233594,2.520054871539723,2.698118305102154,2.8041544825340137,2.770821667604315,3.166376868790014,3.074412843984815,2.355137983869048,2.5124231952656557,2.6101352815054057,2.597994382568537,2.4817830004151347,3.2092086710970666,3.1995653220237803,3.079842240454394,2.544358001917614,2.5723212805013977,4.013024291491472,3.0579901071732145,3.223928599160352,3.174944573317165,3.4962348187650076,3.0244453377760263,2.9404120142613253,2.742100558035335,3.0440358960874234,2.7850068893712923,2.4636579961466993,2.512358334506084,2.9173978931988227,2.699400768057219,2.7776050395034386,3.2960327397635774,3.0790524853687846,3.09839227427287,3.027702503387972,2.9782426207436865,3.2553164995828716,3.1015199258848902,3.1516213422983674,2.7698899397180607,2.7116232747297686,3.0462622818236835,3.266700585715307,2.7831994104654787,2.74925974906454,2.5385954676044817,2.4961641230927145,2.846184795436865,2.6228950996010347,2.6541168807382296,2.5082638599749725,2.745224986947418,3.8170783165284354,3.6338151409307553,3.9309837869252795,3.380291730722269,3.3747458463148865,3.229452574686739,3.457058350565298,2.448940375304042,2.6361051990830764,2.949353933936134,3.095342368805401,2.98073592794343,3.0014416207606964,4.228853773701069,3.219044895297031,3.036126062681645,2.852373361284364,2.3157873056419547,2.9609942174187376,3.437910055282735,3.47463703763639,2.548219349347767,2.632596366690839,2.4497802037235656,2.7837263148572844,2.9208056619196054,2.8235805036941306,2.8772127340298885,2.7442174317448473,3.3127712990185003,2.6954379557839556,3.0929299771296086,2.6891506071996614,2.605313439205755,2.8694577593779105,2.9293433916418303,3.0806070126694607,3.073796335647981,2.946479848286238,3.943521107828835,4.042003862588247,2.6603398340503213,2.5380479421998197,2.6146980706623713,2.5789665913348916,2.590824571828892,2.361044392544407,2.922904828404251,2.8484919328168457,3.1657764600375975,2.6075516815178466,2.8087845045241235,2.9873743110400417,3.0145988387790443,3.639870817442133,3.611680754231401,2.836595063158936,3.016192288403696,3.022999410171139,2.9403177156662843,3.4516135629750058,3.1161824839971315,2.8621481533593407,3.184498502531819,2.835599417107273,2.634608938342284,3.0455365454158216,3.6855234080914117,2.920520526547837,3.005713957957076,3.0000868389931523,3.3642324310144556,2.5944272087783484,3.893047763505396,4.013778997986313,3.7584800417256967,2.8870425675884652,2.6948055520158563,2.9823427356919048,2.293224987751328,2.3491071547241407,2.798258420602608,2.642135602782735,2.6505662444678237,3.1428451937626405,2.7183981359381653,NA
Feb 2010,3.2116417028611823,2.696662097778266,2.7235465353473254,2.569125442726457,2.508790197775642,2.5046926634400997,2.7141490238305193,2.7697424697092927,2.735899578314271,3.1717430516399454,3.0622174914454603,2.3378571048223824,2.4202138153251997,2.59245444390845,2.542475134698883,2.574821631310721,3.2181188748199103,3.148404104166905,3.006819268882206,2.6453346180838,2.5394106617424272,4.016551646585428,3.0773558245596484,3.2627396026175233,3.271355907247868,3.4801109866992,2.9497870878238674,3.0577628857047876,2.7510180709330094,3.0093077593422817,2.739819582823094,2.5277223538398115,2.4750779920990094,2.8360711304885653,2.679322733080856,2.8166215884131707,3.2592416116881466,3.122457313505772,3.0906309271541326,2.99975822075076,3.023092573455985,3.270229742275312,3.1273790486282445,3.246664577886822,2.891265350731562,2.6585120805549742,3.0180261580437304,3.2389742381433355,2.8084555878864093,2.727771273319958,2.441855993132065,2.4226960478884583,2.91341053842424,2.625764103118634,2.6102458686774885,2.6308670577509377,2.761133017693572,3.530048703915902,3.709699423081605,3.9954425061882857,3.394672832931382,3.4104149982681955,3.2240341442978635,3.5227466981908306,2.5126248764452472,2.6764478709377113,2.9801366307658,3.0895470473115068,2.9636840164159333,2.9981508909425507,4.07135880138854,3.272145257012072,3.0117883670405647,2.836825125326357,2.2788350333345306,2.973756018035585,3.423913847682957,3.4822778923417768,2.6782741323290042,2.5657120563232554,2.4394978565616086,2.753041132900361,2.874638830926104,2.8241542082253366,2.798765588311768,2.6815989784884735,3.387741593201973,2.6683245273999727,2.995301994436438,2.7616783172723633,2.6328228410161456,2.877171849677677,2.93338433358439,3.1378220561675776,3.0630903693860607,3.060051406710118,3.957434008815155,4.040053962287648,2.69034004306841,2.515702538621715,2.6843422389091987,2.5456576576608225,2.725368156717723,2.449542821529938,2.921584089648507,2.8737170120394406,3.1346792686500367,2.5806045101198993,2.807843929109344,3.005327833314793,3.126093234423681,3.6161813434516783,3.606682930936337,2.827254937239291,3.052681991827914,3.070611674763322,2.9928281280975133,3.393603554968211,3.162806600572939,2.954005882516653,3.1617629374586698,2.8312144732411455,2.657292396458107,3.0235711228257003,3.716664414948435,2.9012810671660523,3.002110086407104,2.9898417429114663,3.3297649608515543,2.549518572885697,3.903216599799308,3.985704679093943,3.699148463961906,2.9420541689789137,2.605397862044973,2.9882427932583995,2.282637731250134,2.3491241675101824,2.7479615113666487,2.696229964192812,2.5692162438105477,3.1288801373142,2.6630646571215286,NA
Mar 2010,3.191557778275797,2.650238116522632,2.7429459697727863,2.5771370906652953,2.534954814265048,2.4649941894665757,2.724506838903393,2.8117853969729443,2.7848183718742985,3.16273803146136,3.089193024746298,2.404466593024076,2.412793008886606,2.6186023455930143,2.527490597879322,2.487000366246269,3.21500005893933,3.1814621151918208,3.0821528041026998,2.5954512526879987,2.5614522079691104,4.008257375052638,3.0712622701924563,3.2680127006807993,3.2973485167507928,3.5050666274383784,2.9488317153661727,2.992292442396247,2.7847932731465157,3.0563396145458865,2.76432804194441,2.6056299558172547,2.4968983609267514,2.8392910393555804,2.6844159306230564,2.8450613441056225,3.244408846613156,3.1621811691617285,3.0994170994232455,3.0648030748849004,3.039336013718748,3.213827722300383,3.137579669259433,3.15659853593129,2.8668468180140483,2.5880823319930375,3.072147292207871,3.2856141952569295,2.8796833033996787,2.7335438177137092,2.527650807607814,2.436595470610078,2.895430111069076,2.645261910934979,2.634997678388158,2.552051649155789,2.7495785015850247,3.530222484757252,3.655370127643029,4.055325188344921,3.3671092701235583,3.403123837832298,3.252526342496666,3.5631211136602703,2.479858230102768,2.7078757932924193,3.0172478798080142,3.0907257318353256,3.002774440543127,3.005794345195065,4.099751181462782,3.254013577317192,3.064190028330024,2.8784169101617603,2.370361311282864,3.039285276756244,3.452676092081997,3.4705570930602816,2.612947608536285,2.627975351373515,2.5089223202021516,2.8390311555976426,2.833253509898271,2.8285495844337945,2.8951471616267916,2.7989158120565514,3.3488049685448047,2.700818835775458,3.0535024888833666,2.7423157931562336,2.6611835931386114,2.9836985534169695,2.94055285701246,3.1350858439896596,3.099491119827615,3.08974938584767,4.013977980201355,4.025671543110633,2.6777920314314683,2.418364812900187,2.66585668437067,2.5680554507682345,2.666273534838612,2.438911993473483,2.8835327828012476,2.8234227630984905,3.1751838644365904,2.5809027145245715,2.7579863500146864,3.05919559039609,3.1220872320355038,3.735076359532136,3.591466329079394,2.918668011396238,3.0174335005898345,3.0537369444006552,2.960685576122842,3.4473863575578383,3.127530216430545,2.8943549672830695,3.1804880351636133,2.8150376300009143,2.7229708392009098,2.972603645347156,3.6814107974253663,2.99985798559285,2.9968062604378907,3.003901893231978,3.3210996441030547,2.470774019342716,3.968466744639125,4.023449563867224,3.7087605996278943,2.9505673288396914,2.6772425589504985,2.927309739155471,2.3863724686167505,2.366394303308564,2.7761414946726823,2.648493273050663,2.5214900133561637,3.1685739444777385,2.694347296092522,NA
Apr 2010,3.2439876302555537,2.659657723569719,2.853156892066986,2.617631159112897,2.556866071690318,2.5210236718764953,2.7495984776466784,2.806240340380185,2.745059409840936,3.201524480437727,3.1081898945597928,2.386446242272622,2.435643582288731,2.5814319413432645,2.526898610476969,2.491594153718836,3.2461579258498543,3.2104070864403753,3.1054995457153423,2.6662493814259145,2.4858112893104374,4.091410482462706,3.0819991585088324,3.241887334516392,3.2924612598226695,3.5048546212434535,2.9590825229237323,3.032663549730004,2.7704225732478376,3.0403836420510797,2.79126489379847,2.488647436917788,2.556399826086222,2.8777956198044743,2.638859625013457,2.8006407996856546,3.288486720214337,3.2131136926917243,3.188345332389577,3.071969312312477,3.060374024271695,3.2393629575366827,3.107969762650136,3.2101866364825766,2.8938295025146568,2.7010134585603,2.9986839945464054,3.2877524303916195,2.7648310351468752,2.779479253330762,2.57593406589343,2.5882177312438204,2.905059912272548,2.635284948364373,2.651565039699812,2.5554066728877904,2.80138900141146,3.4658831138267305,3.6605490493959736,4.095368062932956,3.451390638331057,3.4278822716021122,3.309701848067597,3.5519634294469995,2.3366949544300386,2.6311278560656417,3.0295638961517644,3.126648520101269,2.99505959819239,3.014720615915419,4.069056396933073,3.289718962788195,3.076327973801991,2.7667275115720336,2.337724148693044,3.0401034146200505,3.4594219986630503,3.53151791450566,2.6431952517004498,2.661271993582348,2.5201151485986273,2.7710271895507677,2.816142185869887,2.8228154709554096,2.961114093427857,2.6814732833983466,3.3383322609120025,2.7323883813833305,3.101670810072423,2.7361227770369867,2.6467049610457054,2.9542756888064763,2.9883816486698143,3.1368868025022807,3.130815502780072,3.054739993799257,4.006902576562472,4.011595125384531,2.7195391368697748,2.5669282554579542,2.6697212190553774,2.583975466955926,2.6701673615093537,2.388245386518815,2.909136848994403,2.8884279982900574,3.171148736713385,2.6377523408213643,2.76381691957631,3.041259680327237,3.1103075428698546,3.764140164877842,3.6350424598596405,2.7768485567541883,3.019429209494842,3.0137423672052055,3.0005018772782703,3.374753550596174,3.1728635060800716,2.8317957626468697,3.230471374104501,2.8386820482471853,2.6347405444973595,2.9732356938223212,3.7700136922526832,3.070637664877543,2.9987576861570195,3.0275180205812844,3.373688095850933,2.5105487547641596,4.0183887948572465,4.0479231525917685,3.834133910173658,2.958667563703625,2.6798153727776195,2.9316102785918448,2.343616317001426,2.388973232816866,2.7125650636122907,2.636251911110723,2.597099994798481,3.135697467568473,2.6782948032945124,NA
May 2010,3.252076471419553,2.6606157277824942,2.7706052020658314,2.571075736437936,2.4693582737853683,2.39939191325681,2.7789533726936106,2.830926120050517,2.733600209452393,3.196400967204825,3.0793350199537524,2.3852423001974277,2.4231069549342434,2.5912368969121617,2.5170631236946144,2.555616248521595,3.2194574264244453,3.2427846375991916,3.150811351740384,2.6623219080704392,2.600570769354851,4.088897810946453,3.1719483857836797,3.2973379911379666,3.2947864324638014,3.539840576816176,3.0169629987890123,3.114608733556934,2.795083674534496,3.046729712177442,2.7635738377267223,2.5584152046417548,2.5662325340273604,2.8478659152723322,2.6333890022035726,2.87409997746773,3.2682078280892535,3.1614832771287777,3.1520573140560124,3.093719238408895,3.048284692329886,3.206926434669262,3.1451629726062462,3.230461690724666,2.8557460760661675,2.696987023342877,3.0562238859725395,3.329596128963375,2.8733596326011446,2.7674562490619046,2.4383164047448362,2.6022892653856404,2.9233184691856735,2.6510924254475428,2.6492085860490358,2.5401828942767746,2.7986546301745423,3.6255946000334855,3.660077749687106,4.153741569127357,3.466825103166669,3.447750449103717,3.291619961560213,3.553248074949748,2.4204333574718926,2.7058752731106495,3.085323903425256,3.1613842320213785,2.9760252251829007,3.0580873336842025,4.04609461863996,3.309170659412654,3.0606288756865454,2.883713632512817,2.288187727127816,2.967611486705949,3.502993964629258,3.585486968837791,2.6867162830764846,2.668960255287843,2.4711115110415185,2.7878323714321156,2.8456534496469583,2.8421979630704652,2.9309127936081683,2.828687472598285,3.3406184780242327,2.7192395594791496,3.0073944241705357,2.740665306267376,2.695054720487493,3.012927907624972,2.97373835273172,3.1913929249969573,3.153569777280031,3.0096449058757915,4.087064484690183,4.17895614845524,2.6416849038048644,2.5298346829095903,2.653648568511216,2.570599095155973,2.674041733147303,2.42791885366258,2.905477829504653,2.8730575918167376,3.2665621466662076,2.603440257226952,2.8439546269143077,3.037426755412492,3.118152681760549,3.688120466593577,3.667927839564647,2.803253717320002,3.0226256878383486,3.0460173237475403,3.0405508154975642,3.3700251473898013,3.1881271061572667,2.890978333446963,3.2446872318957642,2.8217711496039315,2.698690517500212,3.0024640649321563,3.7363988123596963,3.0398791018356404,3.0758704290675785,3.042722958710041,3.372502987878334,2.45667926049151,3.989463511731622,4.128725429259097,3.874807972389333,2.954766286405964,2.594513464123711,3.0025600866721853,2.3029381264063864,2.3605337764348824,2.7603495653368646,2.580784792134051,2.6304004587392047,3.1415274083939373,2.6586958477351095,NA
Jun 2010,3.2850879476486483,2.692656000656223,2.819358303381759,2.673286340620625,2.452782305410127,2.4920747393942007,2.7603692454328685,2.8202732919754023,2.797085412947615,3.219847764707799,3.0846095519960914,2.4617174140200815,2.362563429113984,2.6592020998557446,2.582356238102002,2.4266045586676728,3.251399189208305,3.2468266043909373,3.112379414173942,2.6581631089324755,2.6300327957985443,4.1425459798423105,3.15462530478767,3.302973177496022,3.3403432717198527,3.5527235005517923,2.9830316297533503,3.0576876525107965,2.8885017879319697,3.1114020680979024,2.7957710593879073,2.491158910879671,2.53427426642211,2.9062380977160864,2.68322705153402,2.8204416911885324,3.2882387450835693,3.207806111972972,3.131959456528294,3.109926279606971,3.0912451431081203,3.247051923963408,3.2021256279899863,3.222885793862853,2.8732472499405604,2.647870796935776,3.0935056663119593,3.3384090096977213,2.826006854044879,2.8120116934136625,2.5083742256326014,2.6059545432341054,2.9598314926896245,2.675763043482092,2.67679589741455,2.59309711809618,2.810743232532469,3.616749265771012,3.6578781717928304,4.2087908311296305,3.4962502199594216,3.487746984733311,3.311958072593422,3.567982829439557,2.437992443621187,2.708557412523354,3.082977624965946,3.1819539063116187,3.025431608907006,3.043797426330253,4.061935132670445,3.349537042367519,3.098979700469368,2.872038857634448,2.4646599270281366,3.0959474011146226,3.517614626313161,3.5816652986490283,2.6978555484403475,2.5947920551803114,2.456449623148256,2.773835586278343,2.8662313040714067,2.8525021090254454,2.9622897901186875,2.7665948407524343,3.4530195442452265,2.7524216358677007,2.92806281449052,2.7442145884803795,2.7003580695074256,3.0292986468810916,3.0167612592780704,3.163964061654426,3.161295372024451,3.0434844829439003,4.133513779816093,4.277963721249311,2.71182930785089,2.579522326545287,2.7615100113824167,2.5984108737992675,2.7286271869001872,2.4289430119175943,2.945888538094411,2.9014942576415907,3.272407375569962,2.6423212767523525,2.7917616703933774,3.0746903340970486,3.1795474211301142,3.6922188924869546,3.7040823379569083,2.782192376065136,2.9887008357827956,3.0813192418940845,2.9182659254671575,3.4502958477345156,3.179614945213257,2.8968508883420565,3.251429116396477,2.870338428814737,2.690995363559715,3.032973073974072,3.837144799205646,3.045559300331932,3.053438804788868,3.022729758420684,3.4001147410720556,2.547165566292941,3.9592177477496557,4.133957039246329,3.815007539899765,2.9690683421668616,2.5661643791089035,2.937947530350225,2.3694413123888203,2.373461470498624,2.810235600996134,2.5938086345514395,2.6299262191226385,3.1811111768522116,2.6996662025782987,NA
Jul 2010,3.3042711198826886,2.6964464038099307,2.8004050311753663,2.599540737829072,2.4889232722948593,2.4536332930623366,2.7438065766266297,2.8299486230829394,2.8276467834402377,3.238202690103418,3.124037377163507,2.384423734159469,2.3866505877553355,2.681621740319855,2.5762319724194866,2.515129767700678,3.2938944500586214,3.2699784045614213,3.1455914708107757,2.615935198384635,2.5921449486543864,4.070827916555955,3.1457274124712242,3.330786178573056,3.3360102468596384,3.555305299397117,2.9393626863781157,3.010735035525675,2.8545167489599423,3.116036631143812,2.8320536741239204,2.5468347461835257,2.4978989171218324,2.8812374031255286,2.6622507252203156,2.909511251609325,3.3394778902600715,3.2089336405572504,3.18760591524556,3.104207286182043,3.0876013464787064,3.292871114021266,3.1887917776832024,3.2496021692100165,2.9357943940188025,2.718941517862157,3.129521390219824,3.3714849822332633,2.8742572241625606,2.799707262104055,2.5375738522054627,2.526245051278991,2.9549703762587765,2.6630711475180076,2.694945071046521,2.5838674839516274,2.7889287320351013,3.6655810622409417,3.6797818704077856,4.118643428676296,3.4489647818367333,3.5226856718072064,3.313461112020114,3.6060146567606126,2.3794260801831246,2.637921520207101,3.095296491763403,3.1779613557790025,3.0430380531673356,3.075259310252453,3.9350329350839006,3.3646092428575987,3.1623414445652576,2.8494489852542237,2.350307661742118,3.0552251887441035,3.5224677864933076,3.610587913093437,2.760221788495956,2.7250869252049172,2.454193099837159,2.7310895046471346,2.8539994461450378,2.876647101431671,2.987235843295828,2.8411541011382866,3.513986139100669,2.7181398731085644,3.062501431091245,2.722685201490455,2.7085683292118143,2.9802960569009382,3.0442946455425868,3.1942687686312587,3.117615529360348,3.001127840492467,4.1377341020029546,4.10731464528139,2.6958883785566874,2.546324838388042,2.6825668991920595,2.589954092764815,2.7100084295186884,2.4355211920977426,2.949105479164795,2.9110169038189517,3.250609319817936,2.6046567429724834,2.7877277646556435,3.084260428182418,3.185130219604588,3.714907798208423,3.7278005216331263,2.8359725917079697,3.0315911021328428,3.1134950508893904,2.9999240447616873,3.3857710151981344,3.1972093397287145,2.9815715063968002,3.2749821766563127,2.8463566971140697,2.7668380283463443,3.014925940674727,3.8383295080638393,3.0451099756592344,3.069872696867694,2.984751521306576,3.344796305476435,2.496660381120277,4.074409334534517,4.14984235704785,3.895551696927414,2.9415595960974716,2.674957203703579,3.026646355961721,2.335599554007615,2.3622650755038035,2.7132705165363933,2.6161112540305744,2.57295926502363,3.179968335449379,2.684767704892951,NA
Aug 2010,3.30821192456068,2.714182687263939,2.837552501689294,2.674093177729268,2.506800143246658,2.4972626700080784,2.7553521067107662,2.815944080261956,2.8113367392388815,3.2383225295557754,3.097604040655347,2.3769694418215246,2.4739463111220266,2.6596487371517017,2.578868244851064,2.513139828407113,3.279234626879464,3.267018910094194,3.169011932851844,2.6914196529966024,2.595060940833436,4.134874386719789,3.126909195890031,3.3332234416042392,3.325084457095616,3.576671171101811,2.9791879876504495,3.0223816701514723,2.8205370398723097,3.100427327017125,2.792517441763657,2.516631668717612,2.521613818888382,2.8746660332423875,2.7089529286770637,2.9147531456253453,3.3367459666250823,3.2327459979632587,3.2003690148660917,3.085550131972619,3.0974374459044842,3.299105876615491,3.2484672690442555,3.2776685633440468,2.8275364799670117,2.7497046790673974,3.095131155272214,3.3785779475637048,2.819898637878659,2.824760307069773,2.543318435790106,2.5851328574901546,2.93868493265836,2.6396390490448423,2.6493599520912854,2.608789154722115,2.7922024089842257,3.638471058767058,3.7023615505033844,4.18760788016321,3.422452351438901,3.519956343946059,3.3314495122411305,3.5948856766822743,2.319079818271032,2.7241777431142005,3.08590852893564,3.1946928345357346,3.011987084412242,3.094216590683529,4.118790828339578,3.3808383045235115,3.124436419751546,2.88778268780395,2.3266755185190786,3.0408746669888966,3.5363280550063827,3.676899228955244,2.7045348087265197,2.574164165402365,2.48131381924942,2.7355294329526787,2.8748139439618936,2.8556425983008507,2.963482322170731,2.6723238142335446,3.342102031428019,2.7653421678202967,2.9016532634878422,2.776971537320113,2.706521374209127,2.9130681657767883,3.0318157585702195,3.221105170987662,3.142531536766999,3.0932732427713616,4.144157905636877,4.207850499266002,2.6955273864367957,2.4944152256836247,2.68983073140564,2.609339477470124,2.68649429488071,2.4221941972179932,2.952615517174224,2.8939351050218343,3.2749962824678516,2.6421515603905776,2.8568717082167185,3.0844129746939632,3.130523568754255,3.8300861360164666,3.6767855761422075,2.791338800444026,2.9723892212061154,3.095183615512891,2.9359667594753067,3.4970267725639714,3.209426855752518,2.8438278150902576,3.2866826387468127,2.8057332990302837,2.7484735365662294,3.0541727683139963,3.832454729637308,3.0655795685364415,3.0588944352012093,3.013383819828157,3.343139431259809,2.518039508882272,4.127008403036891,4.153915072411182,3.9062287061094043,2.95842097768263,2.5477610185038193,2.8717782411926023,2.3581583840046396,2.3676835241673637,2.7779229328434796,2.6096422850806777,2.581166803384247,3.1719142889925993,2.645296260862775,NA
Sep 2010,3.318045077183133,2.739754089937733,2.8253275242550475,2.6045125086925123,2.485802897327038,2.432183403765347,2.7635881930213926,2.868122427891928,2.7654974039261493,3.232808442693886,3.1151553607986826,2.3988965484540867,2.338043075308753,2.6124287397634225,2.530573654005586,2.538441858332455,3.257386906419256,3.2627041452219325,3.141087393790426,2.6168062067430715,2.608940990356877,4.111807147184148,3.1745339165398625,3.351860235292061,3.3493505006065694,3.548670853208566,2.994923562302914,3.011764375907685,2.8214028775909954,3.1001154436472906,2.8146270461665592,2.540316388540334,2.56581144941311,2.886548286776783,2.5711895496313137,2.90940419778702,3.315444998712674,3.241118529492164,3.2155095281331567,3.092125442450209,3.1001920367546694,3.3449091169392537,3.179107625869377,3.2657487801008833,2.8834797205737113,2.6394690567845016,3.074391851749744,3.35184028393613,2.8017954022991307,2.784948572097965,2.5230849710967322,2.556390958017298,2.935154695908007,2.6745722133922896,2.6690372496442634,2.598603405345112,2.785899671316662,3.637432933744007,3.650012711982134,4.139890028370298,3.5146006008848643,3.5581559678209307,3.319972362554828,3.6256288349293033,2.3294661567737434,2.7386181917549623,3.098755735351982,3.1828148951909987,3.0420441752362035,3.0604374743003993,4.041002118182815,3.4345329054183984,3.1266207509409356,2.856260985458541,2.3866132103448994,3.0145020501050133,3.5347490157883503,3.6257898471526753,2.7761111866373063,2.674491966238854,2.4190155907060737,2.7485435178954103,2.971565256783306,2.8602775730948595,3.034625316976163,2.7329438811816535,3.4003909527580523,2.769302310656297,3.0253358442833918,2.7925476668179634,2.7248995019018047,3.013034686784362,3.0272867177056106,3.229379177608008,3.1764942041394115,3.00622232763663,4.174324664401579,4.08654768928954,2.7332469768336174,2.4608388018828884,2.7401123725725895,2.6143859954306876,2.6540100163671467,2.3631797245052018,2.979056792232375,2.872513309396203,3.307049727102505,2.654527080409234,2.7266160418043497,3.043476486137388,3.1766801564733758,3.8193785145095993,3.6977003137717666,2.8414768031351993,3.0430190347642183,3.13594973478218,2.954030125274492,3.5044808935757232,3.21928851043901,2.9266137849667198,3.2822484835988486,2.9018535719106,2.6993449620350414,3.003404705881717,3.8762658523726463,3.0189141390258225,3.0834032580005997,2.959132718031828,3.388807889073354,2.5632246517639032,4.0492298213007505,4.12543718788721,3.92449371046678,2.943203103589693,2.5811571620535534,2.8764123848033294,2.3715849313787247,2.3857100955769446,2.745392148085324,2.606082115765119,2.5137324091655846,3.0783434971358017,2.685548474182299,NA
Oct 2010,3.3071854216559586,2.6950698674753553,2.8175766265358235,2.6291673940981406,2.531486964792986,2.507523500213138,2.748797528029926,2.8340108122590366,2.755326664190342,3.227832732019696,3.0824984087183074,2.367262755378582,2.3779904535424814,2.6307473603076277,2.52918679721699,2.489009583236727,3.2268896967124183,3.200991170880893,3.1443181504980497,2.6577631853016483,2.5751367518739294,4.0720762444534575,3.171091679319255,3.326217822419992,3.3903359411666427,3.570154193937063,2.9717767200930116,3.0955455305467807,2.8101001445730214,3.1076092587419217,2.7612785901993067,2.467141000605164,2.4854805771510518,2.8788540896564134,2.6522345412791615,2.9092069795523674,3.351940507532102,3.205856536823718,3.173789612522944,3.0780673478220595,3.1208589522869294,3.268330641275187,3.196468852771989,3.2596259143683644,2.866918048237917,2.7083676511131927,3.082835727245236,3.358717980921216,2.7271826651160334,2.7356280083747966,2.4674274537234173,2.6044891375833292,2.9203506685745495,2.604583702628482,2.6443883348644044,2.5093340481458277,2.7646626616761387,3.5870420552276796,3.7085652710633026,4.116212206173577,3.5317136163727825,3.567427932991205,3.312367126868713,3.546522008800507,2.310986163544164,2.632051204091282,3.065734098240522,3.1601781420182733,2.9851454251418907,3.0794274703515527,4.174392374796957,3.3739420135670573,3.1034073432618206,2.833666826177071,2.3532311115001945,3.0681819592346997,3.5349472971011395,3.5696052344956657,2.724536735540166,2.5365988873739598,2.458283286086071,2.8368943157509654,2.936962110106915,2.8452343527480926,2.98217594778291,2.7857683771062254,3.4207602572786957,2.7223870518351188,3.0079164701158194,2.7696362145833686,2.647528675929609,2.961425207391687,2.989850907506504,3.1707981912327123,3.119313487653323,3.0207139614939154,4.205576457850916,4.187566048905584,2.6428374564668005,2.5301373596058574,2.686722733163349,2.561984452460674,2.6791263887869827,2.3796164698410287,2.901114615633632,2.9214528803341087,3.2443821310095577,2.623058873562997,2.6789142246793456,3.1158753344195023,3.1744790377795615,3.815152807464913,3.78692316013283,2.8152211421390705,2.9670982938008437,3.0696119810187437,2.8821714899041018,3.4124863135617183,3.1929966056108037,2.9271640598276707,3.3320183582652185,2.863943108209574,2.6455151792132665,3.0255458570632916,3.8321342804159277,3.0521857209697125,3.0587065247424436,3.073539346297772,3.290863672831606,2.4953287102887276,4.034527539172857,4.065339195702364,3.829945617513095,2.8761492063139724,2.66662584346056,2.8535101602084376,2.326990654526393,2.3538518617773687,2.672647728546874,2.6011630596797173,2.518478156682052,3.1635115627659967,2.6392991972500544,NA
Nov 2010,3.29857417554799,2.6878873802274557,2.771199902252354,2.6367818838306,2.427666741835185,2.477063643337208,2.7509649601495707,2.812781511721595,2.7645361486209317,3.193137106974092,3.0722440631948023,2.407738911730473,2.3643039590965573,2.5851856248420897,2.5118274217029577,2.4404374677232514,3.2626302579827064,3.2154033674857563,3.1507869043811505,2.650999760256575,2.599880599869147,4.071750778560281,3.150315390747822,3.2718553609907293,3.358173008859181,3.4795344050751655,3.0267408490287964,2.9912718160239224,2.72221520802759,3.078545102418674,2.7283234365659608,2.4982036441543816,2.485936714267454,2.9192607433179396,2.6659457342510082,2.792573480375996,3.29700384744068,3.189733266882959,3.135976232061891,3.0812062962097513,3.0697186627646955,3.216294240285702,3.1732169207189713,3.1888421974468435,2.838965291678659,2.7129058516345532,3.051282390167129,3.292544642522092,2.8437869027374383,2.769718757643099,2.5068542848378796,2.5672969984972185,2.963409169560769,2.615958810987098,2.6750042166771535,2.548656710604807,2.7954990371783848,3.5755374190217943,3.72074178555761,4.14693354876925,3.3863001159014248,3.5415262516789183,3.3098436810453937,3.578046717687895,2.1988777459872306,2.686857885582615,2.9972076433410333,3.154495378155074,3.021705529987511,3.037530995572523,4.078584190784241,3.3832056255780967,3.126113278554044,2.8301397857537323,2.279218395949849,2.998820224785982,3.5026926417690474,3.600927907277503,2.6774202693842493,2.553844783940887,2.339695949365932,2.6754950028765343,2.94837056256208,2.847744824066551,3.0403069369425717,2.7991823589328435,3.382084010313082,2.7062499047967314,3.032378068196229,2.738637074031931,2.6890410615608906,2.9165869498768915,2.959575797588003,3.1919516684312694,3.128741000176297,2.9558315390528236,4.1766873453879105,4.130276632551341,2.6607973845460955,2.4904114077775015,2.6592284078056596,2.530736319266893,2.5952678982218673,2.388925667408132,2.8999123280807706,2.830203138818856,3.2228909979206217,2.5670882577849925,2.7533749940342114,3.0787194714908215,3.1117070315325837,3.7846908609822276,3.642280413031037,2.7420678975794144,2.9354932123408966,3.0433783340630858,2.8919422269408184,3.4157906687243433,3.1714611201878404,2.8904882061429467,3.269937961288694,2.8060354215079975,2.591769101269139,2.909415665314376,3.8030691157568848,3.0475511226829077,3.05008200490365,2.956468888158391,3.3558953644032554,2.4887927583885414,4.072139285673444,4.089092237718167,3.8892093434698185,2.8559961168640706,2.5820662003518993,2.9012623114356293,2.2845520218501467,2.392977109598031,2.6343519657911796,2.618136635893873,2.5841483852282963,3.1580884993370675,2.6812354333787405,NA
Dec 2010,3.2663755903492673,2.7154946266774953,2.7854584059248886,2.5996481443443957,2.432729322432487,2.438836530392225,2.741055262146704,2.8316917734963174,2.7080984885199735,3.1969203516935174,3.0871220739464578,2.40404363975654,2.291564094414163,2.5728041130860015,2.48710181474202,2.4152089505800975,3.206233945620554,3.220130952035636,3.154177351114267,2.6577379596913526,2.5528093998535604,4.016754120208658,3.1375631439121685,3.2842153645997496,3.3320356893264806,3.4513240342411646,2.9113722210213706,3.0227269837312845,2.7372942246525858,3.0462568152726415,2.7393211212110065,2.5188758899525587,2.4873315941474923,2.8353302158729954,2.6335291902648432,2.8221955833254366,3.2652875174471765,3.185810652827815,3.1645081144930116,3.0365336329369206,3.0434143549812727,3.251291397880928,3.142114566069419,3.1788602188678206,2.8219277377087604,2.7069358719293697,3.060677258103807,3.267287572351094,2.866161630847742,2.7375935314575,2.48582925793386,2.511324665124568,2.9219733733793354,2.5875529843237524,2.6566702573490963,2.5449603780207135,2.7358625792405866,3.599971669405735,3.651875467217964,4.144413529079941,3.4582541108884177,3.550374012725444,3.2862154505036245,3.5141027997262855,2.28387375359506,2.612737706212648,3.03018094251045,3.1522894189700192,2.9536736239996024,3.04176116379519,4.113806733732887,3.3472340414194535,3.111605182492986,2.7919443176468692,2.335727040321391,2.971257819504153,3.468528822178913,3.660805419326722,2.760378645536303,2.587469972824332,2.415401981715981,2.7708154189688345,2.9315421977517664,2.845315312960047,3.051426088311348,2.7194948284124663,3.348398442260488,2.701714797829257,2.9252689802405714,2.7114585097483026,2.683658126064323,2.9356787656119776,3.021978254568799,3.186486514132258,3.125838624076282,3.025533461491276,4.178121206623485,4.059465108987804,2.703415379802313,2.512078875211638,2.6798868651371732,2.5223018215833126,2.6281059124157977,2.3704341376624356,2.902015541739861,2.831375064412642,3.210441474770967,2.615753387267244,2.7484522094905195,3.000322245125871,3.1140373330589974,3.8287744049439416,3.668623221835588,2.6584621758358917,2.927526955698459,3.099705466818012,2.895236791373619,3.4168153659689757,3.1890207156053463,2.953698518727956,3.2745724426815968,2.798452487597746,2.6256436550305113,3.0179486117840075,3.7972912473879252,3.0020853510894754,3.010939801343472,2.9740058011481247,3.331035928542452,2.4673125598571777,4.003004238389781,4.140203270202113,3.8723983625863903,2.896600174383542,2.7261398015338107,2.838091984692543,2.3393156328079643,2.3538164309462393,2.6875374897007376,2.6104474366265147,2.509469277325222,3.1515137084498153,2.6001536556013605,NA
Jan 2011,3.3068468023425344,2.664709229672098,2.8004737209875827,2.5928087734873393,2.356298692704445,2.3338510688901364,2.735299472549308,2.7978766173704215,2.6301200459464362,3.1565970310851523,3.051147615298896,2.261765602459694,2.270359470236865,2.503778196109078,2.507095449578216,2.4371670778754924,3.1755972157517345,3.1931185120824366,3.1123391767722364,2.591898141931506,2.5476906738416116,4.01554746625063,3.0856598569197433,3.1784343714119467,3.3276505236476774,3.4494712165884764,2.9002590448517376,2.9993472079585795,2.8140782554503194,3.0287211724543663,2.710323205580096,2.3627986976166757,2.444629216701164,2.7540567377876237,2.625325647149683,2.860260159037789,3.3321119192666395,3.1825474224621395,3.1207039011526825,3.0411938230837223,3.0137707509138174,3.2164216545576156,3.133461252041297,3.181788414237359,2.800769409186799,2.649099849062263,3.016504633805661,3.3402825295955823,2.7929434324484594,2.74291565042708,2.3944417216097285,2.510320192213079,2.828947432481431,2.6069678443182505,2.6281644254919367,2.4344288188792227,2.760106396809768,3.668858608878165,3.6955900284885845,4.184657035337543,3.474362024851603,3.490762604858548,3.2240204897486975,3.542624474352725,2.357770410562123,2.5680694208238664,2.9800284798896075,3.151094687632366,2.9165837819677503,3.000106488282756,4.2559321073750755,3.3289933897077044,3.055202101732617,2.889311580488251,2.1907393680876543,3.0361308527113637,3.5154906335803084,3.613149814959175,2.6195438895175736,2.6170305282947104,2.4024466658585024,2.79092773359384,2.8557184508633986,2.8124001574703867,2.8699436736265205,2.7412184515758238,3.5160256113903943,2.6769100197605233,3.0043399104097035,2.730550787862406,2.6552728244004222,2.928278561706432,2.9689489959389297,3.172263834338385,3.0698523971502776,3.002998147877028,4.199596330917661,4.110222021496731,2.643561678006875,2.4234870045579195,2.6704055625886047,2.47689469069301,2.6260450556325807,2.375386886297867,2.8801586043011094,2.9348167326079584,3.174928574565045,2.6499986969658087,2.6961211371056293,3.0316684503839295,3.0802527412947733,3.8018731369645073,3.728317817228196,2.70130871705016,2.981847596341686,2.9834604267034153,2.9073258038502403,3.34564154018279,3.1384894002053065,2.8586357782494365,3.2514090129180784,2.7701136300253557,2.601937777650609,2.94199484772679,3.82771194139745,2.9875323183844076,3.030755940912003,2.950767903822206,3.375586949744877,2.4537835038822235,3.982916900694347,4.1326371942223075,3.8278866580459416,2.934829240362458,2.570016363790309,2.8587926195128754,2.3391115737666253,2.287518316575914,2.756781351926612,2.5604532367400963,2.622480207998866,3.049343149299938,2.581776098516863,NA
Feb 2011,3.2621022498138386,2.679631798765371,2.7594486955087305,2.5670941576811828,2.4855444308166748,2.4077225572770677,2.747806494582262,2.7765341470194036,2.694117983110493,3.129639900877788,2.9954350809053105,2.362354116867157,2.395713466505961,2.495668959715386,2.497125719938574,2.485894379756399,3.169565722550928,3.146544370399089,3.141460297141588,2.5092344947094274,2.5071504206675868,3.9990621277124005,3.106662945090533,3.2239151393855705,3.2607020150644894,3.455050586239077,2.9366923385511234,3.0218127733044726,2.7337879875768594,3.0363416151439973,2.7462519265891183,2.519012265204615,2.4719085982486755,2.8840912351019163,2.657222911842457,2.8317402240437186,3.295500646782458,3.1472714799140835,3.1165998951307423,3.048706054927571,3.015783120400091,3.185064146408945,3.112581307683916,3.1563871296092283,2.8042051753742703,2.6282243879163194,2.9570061353842196,3.3143176984788894,2.760266397168795,2.758475598092782,2.4184897450528386,2.5597165766396968,2.93883612316745,2.6123300302329495,2.6269882926153545,2.4895074013053318,2.6827333992143556,3.56260013974564,3.7780724253198956,4.143938727593498,3.3631857329706643,3.4759952918031556,3.2403591792186717,3.52544734149652,2.2968864234595165,2.56269588262675,2.9886192616424685,3.1400204549334076,2.9345707858365406,3.0287402398863597,4.263283042245973,3.319882094720736,3.1308469795584015,2.7805790249294318,2.2927944958299613,2.95845675380938,3.428357372910308,3.5511540604201244,2.705852016656149,2.482683218606785,2.4490989120701396,2.7491368503789335,2.8968037262986526,2.8297557288270605,2.9514230786758655,2.759213721868029,3.3158902227616913,2.6586548845588163,2.934097533658601,2.6511338909857716,2.631144631655125,2.901175949094716,2.909003211511934,3.2229579598593325,3.1432942144682454,2.9813852200420516,4.259854121247545,4.276423377784978,2.6110141614799205,2.4309254019103474,2.593603464088312,2.5220270494581016,2.6966068973184867,2.3222311971462792,2.8583577350682443,2.791758284873516,3.220632113448734,2.621695770529817,2.713161441811347,3.019132986154144,3.0952191115441807,3.8815196706085753,3.633476777069416,2.6645738039333278,2.887942357752448,3.030684744668192,2.9105865689860932,3.3179968518711567,3.056757710948456,2.905489927663297,3.1794269982759586,2.7446747945870955,2.6141464948374376,2.9680987011767392,3.8868257139082103,2.8720080336012077,3.0121803610506284,2.953956054901978,3.2568869611473015,2.428778927650223,3.9949524030230124,4.02085919898287,3.888802477881864,2.875226846332139,2.6112660277897004,2.7900893344066438,2.17599797059467,2.274709335049199,2.771447475677807,2.5500048924670664,2.4285982862192323,3.1460310015757105,2.543490369945471,NA
Mar 2011,3.246511280378497,2.6297893707051534,2.744317278804574,2.5382139977858573,2.4382387362318507,2.405420304476893,2.670667548611718,2.7599226664871686,2.7402735983517617,3.1392927445366436,2.975310485093303,2.34472157796297,2.3364150755475763,2.528742532457247,2.4378043967901153,2.373859817667959,3.1788461784342843,3.1971796593088384,3.140169534176857,2.554687481001336,2.5335612685358093,3.97429600080618,3.062368952047838,3.2841437807823506,3.2634473130651838,3.457393094108837,2.954189563164487,3.0068711785939986,2.7241047615545875,3.0303854935787458,2.7478288130685935,2.47886850989579,2.4991571213932016,2.843115463182554,2.620413592270855,2.8384590122911444,3.2276135175705383,3.1781561260649145,3.1389318824612165,3.0372846879326634,3.068345147644474,3.1538404746345368,3.1571955603683635,3.125431220978761,2.7800141199190844,2.6897869392239198,3.0132741383837485,3.2869893686959335,2.7827700831454947,2.7552120084821503,2.503274937262999,2.687238113767949,2.803542924970275,2.573690573248152,2.580061931518635,2.471528673231777,2.7430992402675827,3.6067836543497336,3.6758305745233737,4.11870546222455,3.4538928744819906,3.48355721781915,3.244539893329972,3.49713370920422,2.2230913751084733,2.550112420087261,2.943731810932665,3.1310219957442023,2.984082998951796,2.9994813559113425,4.031386386199494,3.308141936303145,3.033928439699614,2.81928416986715,2.3191897648273474,2.9996960054931807,3.468023031922349,3.6201549473267898,2.514513016715454,2.5489674749502447,2.385090975057053,2.84922620673931,2.94249318741713,2.8193679236189007,2.9514064403905147,2.732493893719752,3.375998108795449,2.621286106407795,2.932551939636468,2.713021022619727,2.66917171183439,2.8787554306366467,2.9285069014390497,3.1635720041863173,3.0537773925612663,2.990680303624222,4.171177998519991,4.173970878130976,2.6067876440087554,2.4784219456975,2.5740407824620286,2.5073414281561583,2.5837831385679686,2.334479933808447,2.8820779339837346,2.81856828388179,3.1906078695077826,2.574261267992723,2.7181929545962547,3.033113280113493,3.0335540128781773,3.8237214040925744,3.726877975817973,2.69388677870609,2.8871278715260287,3.0595016923975646,2.952246613281627,3.278382077221008,3.0776850762646957,2.940640063242441,3.188651219621919,2.7322585312955256,2.5470282585555775,2.904996225587819,3.746136109621104,2.998914922992428,3.0057959905587106,2.9627000531145615,3.3138395679214727,2.4167064688340147,4.081783897831756,4.169820967915587,3.961317250950685,2.8756971362509858,2.6074264330376615,2.9508326708709065,2.2927697589782405,2.338868904218771,2.753000353351614,2.5043396685155694,2.514457034855855,3.1081995547760166,2.581195690499195,NA
Apr 2011,3.2587199574049373,2.6240816620751715,2.73550307592424,2.518865857074465,2.3977100890357534,2.3886514796119296,2.715647516621943,2.785613875252899,2.7138436573422466,3.15584509884137,3.070172121811429,2.3817621225732544,2.371330523777617,2.5445851843292187,2.5164175508928617,2.3164663892176938,3.2290313240932647,3.150879891722826,3.1154247295287885,2.543385045668144,2.534230720031173,4.037229392668336,3.1281038229498686,3.248840958684684,3.3129031762651233,3.439207027701756,2.93555610851939,3.0120582926957904,2.7035635529685926,3.0388469244429053,2.756901901724267,2.497863456243202,2.455782417171882,2.7967564698287593,2.6259200139414816,2.8762618391123387,3.3070837486661846,3.0901457980270504,3.114180903911493,3.027709160235312,3.046387260294801,3.181590743374767,3.184268062829183,3.129660139718135,2.7374895787789324,2.6114846268483314,3.034638029295657,3.3327102442731826,2.802540323541355,2.7620437518752854,2.4226250317397486,2.579473550055805,2.9000091079538666,2.6041650764497217,2.654380982912172,2.4805029232182334,2.739035069992004,3.560738977122687,3.69624104161451,4.1921350603451435,3.451613384039033,3.513255804859091,3.2656878430358867,3.526614718921462,2.239344995822055,2.583764832574844,2.998718405355079,3.1216099442115226,2.973020475659087,3.028753563718102,4.181591309466882,3.3706174700359717,3.1120500777381306,2.7923792302147694,2.2647317773486346,2.981627995288618,3.502435192145042,3.5790900764166453,2.5979104852118295,2.5001908898499257,2.372440366607829,2.7332661057378553,2.903991730204128,2.8188466294076453,2.922390235322268,2.6569076054458156,3.445750163569914,2.702385094465104,2.985481707266944,2.72514966947234,2.6144158589130875,2.843142830442695,2.92091648515515,3.1325162156977258,3.084644769597767,3.042824340764358,4.202364477935161,4.210626651956066,2.6465535719440525,2.49600998974616,2.6439516243819545,2.550935233033928,2.641233603069327,2.3720947850846965,2.880942432407637,2.7825145832393376,3.213559008056718,2.5708304137257216,2.6809595195192877,2.9930150098253216,3.0625602109202044,3.967087878411514,3.758716617751246,2.7256396512955265,2.9279315952730602,3.0466183982118156,2.9640593038317973,3.3868859712038475,3.133787425966835,2.903928386664654,3.2445132131014107,2.7530054177598298,2.554632359080866,2.9752218973124998,3.8711353585194734,2.943835946848891,3.0330665644680184,2.9404934814007277,3.280739654328138,2.434565311187906,4.0726179878770585,4.135647072511675,4.021108116587809,2.835638267819956,2.66189263853501,2.947072479241604,2.3188139217598627,2.3351417588389647,2.7520555706192527,2.533737525020394,2.5507029688001057,3.095661784449026,2.585988037787179,NA
May 2011,3.291269709472917,2.595984633511205,2.7339953660759595,2.5392090347551868,2.452405080201223,2.519840398476771,2.720205669091305,2.797739775448778,2.7590510715311547,3.1619564017233923,3.037047776995909,2.3597947623481645,2.2777600544627665,2.5614964859471425,2.447232120216269,2.5200006488486335,3.16053574899123,3.2245426934916623,3.117529076509288,2.5461474370178236,2.5818464639317766,4.01094828271279,3.1367095225509005,3.26355496634684,3.3275938645241503,3.451937136850066,2.961930929503784,2.9524170261060836,2.7328465503083406,3.045641139406201,2.7249355528356607,2.5007332623733163,2.4628425897851014,2.79921754599321,2.6204417663137054,2.84566001850682,3.3063968434823385,3.147749517551536,3.1394988887083883,3.0183533211103803,3.0214930866228884,3.2676390780789135,3.119484979601435,3.1671178894462266,2.796443710299473,2.643061330496858,3.113494082658664,3.3142812479334864,2.778755228398251,2.765404011170233,2.4113304922371506,2.64345669428008,2.838544978707093,2.605527350042359,2.6583040425112,2.5034391652893464,2.7494128819443158,3.5712661470654714,3.697596044906224,4.227246521761202,3.433286281003631,3.500359241616162,3.262615410224109,3.514487967309826,2.274276383120825,2.641407351049214,2.9966751148982063,3.150602117293675,2.953812249238201,3.0196607940507105,4.200109322305704,3.406804488410261,3.0820093586704673,2.8533862768963516,2.214570259045731,2.9987748396951153,3.5019502834113245,3.5850278235686757,2.5866400910463834,2.569277762786427,2.3913339944373053,2.7251033100796302,2.977714637906171,2.8516980924972826,2.948518919721033,2.73017151476044,3.5477286834432546,2.693974665371886,2.975505674119306,2.6965516923685056,2.645217058085272,2.908590993098032,2.8965099582207205,3.1694607062850606,3.0625872725794263,3.0370734376470945,4.155539807396064,4.311091948156753,2.65925643865818,2.391698831409282,2.7002793655143016,2.5059784627289003,2.5931077175927792,2.3129748024766656,2.9169225779190064,2.870614235280769,3.2329476799103016,2.5605516650958045,2.7478429243810716,2.9933233284924308,3.115295875596449,3.8907245651125595,3.626299458642912,2.748594218508586,2.9426050226481903,3.028151911930094,2.936183400666731,3.3357373439047793,3.1515278021966426,2.9661162960175624,3.2548010518277684,2.843538420741074,2.6933849178771307,2.942646895411254,3.879832524031959,2.9263902730087548,3.0033685223582323,2.9530694350237674,3.3632297220232807,2.427602214690421,4.1326014723528885,4.149746614961086,4.004024413139105,2.90191779528189,2.5068574415583327,2.893886096715029,2.314964009709259,2.302279433424329,2.676718342733452,2.540327679724546,2.5157683904753623,3.158275539753173,2.5755892849051376,NA
Jun 2011,3.305189295304207,2.6235476829693156,2.7910681340476575,2.570888416551438,2.4731756424215026,2.442544144842804,2.7165862715711717,2.797609500362373,2.7194110731341903,3.1686270256110047,3.0263835740508895,2.26551581217258,2.2588009523328023,2.5486254140641518,2.538781164372107,2.43081834969403,3.1746791065781785,3.182363944176054,3.1473548600601147,2.566641013069693,2.4949519881023265,4.0428420706323,3.1301348866303806,3.25747894660131,3.303691412197183,3.5191382471942854,2.976992406202166,3.11424065301405,2.731904118548414,3.0719920787024932,2.7141507657459383,2.379657583965346,2.4335285751699662,2.838952076569823,2.6679652565945364,2.7574343258203746,3.270464184566551,3.1748902793509917,3.1645361799242897,3.075889350693059,3.0567328382819485,3.173103298906755,3.1819484767150636,3.194722608359658,2.788544679201208,2.631001442379892,3.101185877044239,3.3180037684626758,2.760582121892324,2.7123983190768772,2.4084951502404572,2.6322602529441546,2.89288149894411,2.554432490956411,2.6332760844094167,2.479356157133253,2.7382685369196826,3.613602532987279,3.7752480217737157,4.231735173138465,3.522346067257548,3.573964320195825,3.2544176489568013,3.5186946875945853,2.2976615204966495,2.562699528694325,3.014416456983101,3.1613289610225457,3.0266776518120206,3.054755499462833,4.260919112613939,3.3514725011096806,3.0937367088862056,2.8260155809730967,2.2633525322569774,3.035409009359783,3.469110952911078,3.6590744674432822,2.6011532465818115,2.5410652719735354,2.413404699358571,2.73432133980942,2.969662953387492,2.8129530868711194,2.924663818303543,2.7072839292598188,3.5946216862695457,2.656086757552522,2.98997438230696,2.705010025811062,2.620958299281517,2.8626316656519193,2.984092075192104,3.200467961798296,3.0576546130736557,2.9827751749952074,4.2742941069359865,4.338167342978641,2.6553092455225884,2.4597763256291016,2.670976382894415,2.5292408465974776,2.646407769339076,2.3526577551587127,2.8962083123967926,2.8000099497053905,3.222035300130906,2.5634672763753565,2.7013345070882298,3.0652501099866973,3.095418389973013,3.953430047895974,3.7852509135605734,2.716041877769067,2.9569713044193384,3.0530168412606513,2.9670818093308324,3.3385032474484597,3.2122880408796224,3.000808142747757,3.2556077931560217,2.7645136284945737,2.6705256275993343,2.926800122297503,3.879787545457227,2.9880508429103454,3.039575925163695,3.0033276592155413,3.285541358187916,2.4124752705352845,4.157761223083291,4.29804652204807,4.087491084961878,2.9000886158813124,2.580488178832313,2.864310057231746,2.2401512539644513,2.3344766737524494,2.8178694477017316,2.5376492466503127,2.5281748196085125,3.09246697913363,2.610969449217645,NA
Jul 2011,3.2938823928287038,2.6303569207096866,2.7488875067408576,2.5227015102074155,2.4451345411634255,2.4584506506689165,2.7051119883376717,2.8177155767723745,2.7016267998918186,3.2117605730466923,3.060326441716427,2.3139769717859013,2.3901036115288723,2.526415650895762,2.4706115819201644,2.431779880221107,3.2208214719523913,3.18961934902939,3.1601345033414843,2.541733992704351,2.5184249772931837,4.105588400297118,3.136073334509913,3.288009419467965,3.389728840592206,3.4898102264840056,2.9126041338714157,3.063943722087991,2.684570721843327,3.0787351416951343,2.7646576701499086,2.4205393959425177,2.491522557501731,2.830389577890646,2.6173133148358745,2.8682993363691796,3.2656721069730086,3.1894877827254193,3.1673851638581194,3.0665148976360617,3.0714048169136126,3.175263667264307,3.1726799300646698,3.1376119481354516,2.8881285965496555,2.6888234513582017,3.0313710277682793,3.362758542266892,2.756119450054775,2.7676705589925357,2.440886858090604,2.5848164814302237,2.9087614543907234,2.55936255142582,2.5782417206217043,2.5184416668018614,2.7486898582662094,3.643160433531803,3.734606517074931,4.280179828361472,3.519355747624263,3.565926343227965,3.2883254482713884,3.5737893970008776,2.2856728998357383,2.568489678312612,3.0398932031441737,3.178738670368352,2.9992354338941385,3.0761199859891994,4.393890264475036,3.4302067855370355,3.148840325521303,2.8051117241089223,2.268490532259859,3.0386363433697223,3.5534140202828266,3.6688504924897223,2.6092093140579906,2.5472817788597584,2.4320401794641033,2.678470709318108,2.9554278218347885,2.7822698431583857,2.8985688036545754,2.700155982539693,3.473429170220777,2.650575445867259,3.0541738225762884,2.6928063043136663,2.623296854909321,2.9096013319026754,2.9555385936102336,3.218510259212067,3.0695458376792595,2.9065448991955862,4.296257463886464,4.367858447115702,2.612726002723002,2.4170822877835922,2.630507498372327,2.463588961177587,2.672940207632537,2.421168755122473,2.8902310086830996,2.8566706344335606,3.2295399249138805,2.62036615940362,2.7048924157193794,2.977994072886175,3.074620251699484,4.084943589640922,3.7207778542415295,2.7060587358891466,2.9319842451726372,3.0656097218039307,2.967391309176586,3.3699448716127276,3.1878896570115605,2.946325553343157,3.2539924589180957,2.769463388056762,2.6343942400170617,2.891532030923903,3.8725028808208597,2.980100350695919,3.0563470163373543,2.9915183218215677,3.3179132523640003,2.4846179046561265,4.230997721226585,4.284929419307818,4.1077249415261665,2.877526652512096,2.550496800925804,2.93114441515755,2.182105414997582,2.2967802549643093,2.6685696051076553,2.5685156294424427,2.5064770573781487,3.128205026632741,2.6090499200708854,NA
Aug 2011,3.3041229244788357,2.661220840158695,2.7645881560597534,2.465759512426517,2.3800746090333376,2.3663067607124524,2.728797616963029,2.81905822885156,2.6652185190782114,3.183425946175089,3.0485512023885235,2.323429853696454,2.2541301799692746,2.5098727215566408,2.53252162784446,2.4523875766811187,3.1889830579142555,3.1702647736903504,3.1639696156660277,2.5556226215895546,2.4917913379949894,4.108452747236723,3.094813344744411,3.2682494231222177,3.3888395135775524,3.4713808593137654,2.9036392385223984,3.0335152756223387,2.7516854683937777,3.0718351020265344,2.758997885823003,2.433717432533283,2.564540969384083,2.7559897603179704,2.647738949630956,2.7989871095969847,3.297805388156063,3.135991433287797,3.1817350718591406,3.0824410969731058,3.0859314509010085,3.231535203058506,3.1972231474041584,3.1695902530339906,2.806086018553711,2.6732917158960863,3.03694019124146,3.346675348284561,2.8127423758971872,2.725984819519733,2.380392121704988,2.7230826826548387,2.894020075915839,2.571299629538612,2.6086013455158885,2.4867006241822387,2.774196042233441,3.655811959962059,3.7991616347210933,4.366660812014864,3.538960975357555,3.62694578953731,3.2550686590253464,3.5228357704410476,2.2031386536266253,2.5923854725772104,3.0287530744995332,3.208479490450473,2.9877204351681104,3.043724352015358,4.223141825791324,3.4299077363869888,3.0978727617702853,2.787713989399896,2.221617674514125,3.043898813374171,3.6024826299779287,3.6924918264333266,2.6091680644699746,2.4597518119423736,2.379376059243399,2.7148265931443487,2.977079219021777,2.8422456797073212,2.8793221110631806,2.7647891986990953,3.297676554935792,2.654755324193881,2.975734028566596,2.693352727083869,2.620028576473683,2.856717925496204,2.96691570505578,3.19567961824315,3.058002281266885,2.9992018556597775,4.336298871802062,4.314541470322792,2.6515660043920586,2.4536948722255896,2.6843641107290153,2.5356332037306624,2.6307486841404755,2.4138956814476273,2.9044894657797835,2.831661792939749,3.271234000089073,2.5689546155579763,2.725201888852282,3.016808800714167,3.1124989936735505,4.005335156839629,3.762795645783056,2.708811613610481,2.9382077265063975,3.032853581197074,2.924344785429776,3.3542296422318345,3.1551946253194485,2.9349142964270696,3.2461149007020818,2.7874744964138847,2.5621869346093527,2.969637002228254,3.9389442533427417,3.015689991684747,3.0565523646995807,2.992654886619208,3.3965611039892574,2.4027167316342344,4.192268006133158,4.24876016906587,4.067582852999493,2.8013780202044445,2.628078995551564,2.8526639600438397,2.3069695292018118,2.2758513437381755,2.6937850684493405,2.627377666306254,2.5513746554877565,3.1311961629720746,2.6003760151290622,NA
Sep 2011,3.292246036668942,2.656998734961316,2.7968027715367674,2.440740779458878,2.414926476686723,2.394213858476909,2.7141271871192307,2.8316405636410344,2.760309562560389,3.1603899232076302,3.019144547089417,2.3064088378676417,2.4447916133578116,2.5686527506301986,2.4878909547980945,2.4403862093560615,3.181130177693468,3.1874221292327145,3.1495936999379173,2.560304528938642,2.5041983621139163,4.104176373942558,3.1167438740505062,3.3112117500352527,3.3899701128393445,3.4641251795883994,2.9295914259055778,3.0145436879872207,2.7371962188261056,3.076382262094429,2.769831529356834,2.461788728625957,2.3712852381123875,2.785885321878772,2.5923757684866917,2.8741570058927635,3.2698517032658434,3.1599193488296256,3.140197192552427,3.0868312640930924,3.0385589722806396,3.2140678857349965,3.208771733338681,3.163864828465619,2.8451727631647956,2.68712548452961,3.0232674200294922,3.370764132825725,2.7732351326607283,2.743307448640837,2.397430304775801,2.680245262523542,2.8870178249094356,2.610531626882237,2.626391651228186,2.4551566858378018,2.730107645248521,3.6823335522910994,3.7522310185159546,4.2426760294219585,3.507541470600078,3.664969308720972,3.27154449473149,3.5412837394003716,2.1270805460747035,2.6150847062209213,3.018854159895806,3.169746449972546,2.97427151060072,3.0526368818995873,4.23421778314801,3.3384482220033957,3.092782398134964,2.8619602157765507,2.261216893473577,3.022476352234194,3.5693325012429775,3.726080717090503,2.553170816330038,2.561852916614118,2.353842761048581,2.765038032056102,2.97094277938638,2.8200911468459844,2.93390097472848,2.6866264832878355,3.4003854505469406,2.646585970568952,2.940927958805466,2.7134373076543663,2.591184153908875,2.8843282152824523,2.8856125599175133,3.1762484481604463,3.11367739290849,2.984458965716063,4.34079609233151,4.425003806204435,2.617483796089032,2.4172664014791874,2.640075301540871,2.513603125050408,2.6617201506707078,2.356218050089489,2.912388249407591,2.829414132169745,3.2415539919847998,2.5420573855611193,2.6487759461823512,3.0383449832153238,3.116583423817705,4.222741348013648,3.8493397572295485,2.6815318089143645,2.960079283917168,3.0525884110409756,2.9432211199733866,3.324322760539502,3.1813561976193783,2.9938471713217387,3.2678402187429954,2.7820555906781324,2.5856992305278337,2.8923671302472216,3.9233026856134017,2.967988710256423,3.0181012927010906,2.935171775886146,3.3426803614117464,2.439715974091144,4.207635723466586,4.325864956136459,4.163969763236604,2.8749942761665035,2.5552034412084477,2.8772028910296044,2.203138162656093,2.3024629488211392,2.672355680154042,2.516897854107809,2.61319457499866,3.1455356426009424,2.6026485697897552,NA
Oct 2011,3.298070644444804,2.587795421008713,2.771214316497032,2.5161927514039366,2.4789231303535235,2.4226596665572067,2.6803895884795783,2.8110464164590856,2.748038075333864,3.1431512501267593,3.0313941043016106,2.3442789544359672,2.3252816606376645,2.54010735708443,2.43703734292591,2.391704234515576,3.1930823369804546,3.214207701361094,3.128756760181985,2.521805918907845,2.5316621262583223,4.0865408629605495,3.0976917281155094,3.3133228438788214,3.3931515073769893,3.5029571886031508,2.862843141942885,3.00008021638771,2.6645694374757554,3.0928497485962825,2.7644172561068125,2.4513020570206363,2.415946135315185,2.8208824853250993,2.582665555620375,2.803043837594329,3.325969892733049,3.189207364326343,3.1776947524530343,3.0587269099477714,3.0494633823485944,3.252771739481075,3.162804302382808,3.1075621890017233,2.777622109306552,2.6242212720277736,3.0533165733167738,3.3079588890017675,2.725592674998167,2.7284735157606876,2.3875526019658366,2.6105937251659825,2.857605466932938,2.5323613546925925,2.6058399364368032,2.510571883070503,2.734965949687268,3.652183868533322,3.7935642873340365,4.131727111529427,3.47114109735088,3.6233012868519743,3.2672835992436022,3.516994031754754,2.2425960395903206,2.523625857913468,3.004330194485363,3.1768082114833276,3.02433101416541,3.0661024686571685,4.2173500442377,3.426065074175177,3.1242514626155296,2.854988597145934,2.2767573814779842,3.0010259484525594,3.575474762592755,3.6383526690804318,2.591284446440319,2.4439976678002453,2.3944127349131854,2.6631095349984335,2.9892108517889087,2.821040036975977,2.9151412329786877,2.7266155246142385,3.4195958944816573,2.6598321642162235,3.036283778925846,2.6884338547660156,2.6100857623880356,2.9049566191367715,2.9890846411584095,3.141514128847456,3.1135045783729383,3.0077100674879884,4.3135862315540985,4.379989461157145,2.590483815819769,2.3918566642965176,2.637217946888298,2.50127548703517,2.649887379529727,2.354741598389955,2.8838054976263723,2.8617534831476834,3.238430966997115,2.5760879129979966,2.730222702347555,2.997644301304879,3.123173031538916,4.006261428677749,3.8208116776977827,2.709487291437651,2.938606354074681,3.0327371182929044,2.9375677266310407,3.3917722222922024,3.1523039630339524,2.9722767226974134,3.262028981089381,2.780159441213034,2.5629055387055386,2.825227820062403,3.90368033517928,2.97265926858997,3.038075079487412,2.9207192267764848,3.2406429795757226,2.4260905828160957,4.179774191364832,4.306855330185735,4.1571235879786395,2.914429750654726,2.5864498963692806,2.8911272513489514,2.292601435957545,2.2841390121841134,2.68095669232687,2.505522566199186,2.4783940902606,3.1155520573967577,2.590453457588094,NA
Nov 2011,3.2993494461627058,2.632876700781135,2.7546427560173825,2.5326352497058875,2.4741990762032566,2.446522009853806,2.7232575282140146,2.85685107806049,2.688214289648151,3.2016484514263075,3.0181908102767627,2.2304528154644467,2.3951440499593937,2.576053279143911,2.4612656218817777,2.4314657434663,3.2473917215427175,3.1943098754647723,3.1275842473688003,2.519570394079358,2.5313127899755523,4.10865178879194,3.101762142804422,3.31956338164608,3.3927515209392034,3.52443064786915,2.845968531047454,2.989952338925815,2.73716004250107,3.113210307081715,2.770781554779748,2.4815044197973295,2.5132950961849048,2.7963645020773265,2.6013033397474525,2.73549593385205,3.304015624097346,3.1605523084472447,3.1481815098755614,3.063650219200431,3.0514963961973285,3.2712096850964696,3.208402971036686,3.137021637456789,2.8467146121085665,2.6757022091496494,3.038369516664775,3.3150464786230476,2.77167291930837,2.7027614773070603,2.3629646899133694,2.537956641559635,2.8804864082642068,2.5809615936732793,2.604722926420605,2.4563871722714135,2.7336874938440587,3.6892045700678646,3.752721045943059,4.322344531326958,3.469540367965555,3.5620783317864744,3.253567952435638,3.4980385797180262,2.270981058409803,2.55139006304727,3.042849880777859,3.1622001483794087,2.998179450539736,3.05092609268379,4.246757419638106,3.415404752717542,3.0980284939773797,2.8435309837164278,2.2831035930716586,3.0215594659411895,3.552881773058578,3.6862242083236025,2.6593045275696126,2.464567194630964,2.397168857698199,2.677786463376208,2.966471675513785,2.82554571912362,2.92608327720336,2.632841852588194,3.400054637430782,2.613342590942964,2.973998009192501,2.673812369375124,2.624577642531492,2.8612634569064888,2.8959621320168405,3.1950289512388657,3.0800055195605567,2.935079215573409,4.293606494649878,4.406568698092875,2.609239131490956,2.461910970977037,2.6563607606859314,2.5161797698553596,2.5856082555562554,2.4180517035519262,2.9297142977830113,2.819005712317237,3.275253638386129,2.5654791476242043,2.693471892021498,3.0296016912825103,3.1065376778448806,4.052286958038034,3.839484475279843,2.67597414004889,2.907206571364525,3.072870046022264,2.924985065027796,3.393311906093711,3.168529808370208,2.9326279202387844,3.262707942635421,2.7792069691974284,2.604287363579632,2.899624262298435,3.901575824891791,2.97052351234572,3.013083705397041,2.9742918947276697,3.34875267887453,2.4666418168945654,4.182689432661546,4.311514824739314,4.100023859813906,2.8295356666518927,2.5508804851375544,2.8031306348248455,2.2048077103706185,2.2536930022860875,2.644751564782312,2.4976068514545346,2.4722702592254837,3.0635484394768056,2.590647378538163,NA
Dec 2011,3.306375878721035,2.6255413612424094,2.748199869475292,2.52381299233337,2.3139710190982354,2.3592066073407265,2.7019370395370603,2.825826075705317,2.7154453460247385,3.159802211543789,3.0318546026499895,2.270341595168576,2.3209881427580563,2.546072041830856,2.4426121036455872,2.4150583858130057,3.1963708965323208,3.2054311872124766,3.133972277799891,2.547297881420961,2.525262088118965,4.155487486315371,3.1424150029834736,3.276785628960738,3.4351093930541627,3.4761563880641315,2.8917808595250003,3.035611492434389,2.7234397603984197,3.0661135280517224,2.7782569591417547,2.4032419427994447,2.397355179149568,2.833189106340439,2.595351941195916,2.749807900309399,3.2931809273140438,3.1553592361034912,3.1945979142244836,3.0271263705969735,3.0415914829571635,3.31813595299268,3.1767814961565395,3.1192773634159847,2.7722035232641766,2.649295659636205,3.065577354544621,3.3166321713288522,2.811839364524625,2.732884777779508,2.402079344952084,2.5820821631013433,2.8098575217920634,2.575288443890542,2.5616040020904953,2.4184289901949065,2.7397216356810707,3.661601428073847,3.8630251137199485,4.307474994168846,3.501131102626769,3.6742450572307463,3.2176983560460313,3.540493779039348,2.202095674532776,2.628598170109927,3.0353656102928155,3.181591787676805,3.0261438405875905,3.0559404829782606,4.453910809607196,3.409720712828959,3.0938559545975366,2.779593617876204,2.3228515021471536,3.043202462464057,3.592215404001441,3.7083165094514245,2.6547808460994777,2.5238136218520353,2.373492941625597,2.646188014761067,3.0143111725084295,2.8048340490383827,2.8920004217527313,2.6460076662396466,3.5259488159017196,2.634884469399746,3.0274175736566713,2.655216574295812,2.602713012125707,2.8991236672572196,2.958344697779367,3.1653428572892164,3.1466193533179894,3.0693009863750556,4.371794316981164,4.360373941227101,2.6242685670097563,2.4561786072273684,2.6477156434298004,2.5284273585078574,2.644702954001062,2.3286072539718643,2.8797562580857674,2.814764228526743,3.250545490228949,2.5743137181172817,2.7154730446673496,3.008388909190818,3.1595340936067213,4.205352235076854,3.8962115758902653,2.6935103852836724,2.885617305486373,3.044159290164076,2.9732895289205046,3.3943925595410636,3.168729681012657,2.974291991749729,3.228156768465977,2.761726328874434,2.5577409493708823,2.8638528833002086,3.9825108247178123,3.054045602902502,3.0181641637589207,2.9148740455693494,3.3949104337702596,2.4162967652756677,4.199477065001724,4.225270681058898,4.1086682861673465,2.8609265394938737,2.596031650535193,2.846749542945327,2.277979419206953,2.3283502251031303,2.7409021951876364,2.5281634402197892,2.535569907600975,3.143234616545091,2.6191411715871253,NA
Jan 2012,3.3171712651163947,2.6047128013172736,2.754009718580622,2.5796914895146723,2.421927405087806,2.3416931301653214,2.6726036857041935,2.8165188788881688,2.7561002937523877,3.192602362797947,3.003053960061894,2.2451509665754585,2.4472576023840893,2.540913123836131,2.4675404069296407,2.310236343500513,3.228238944922098,3.1427839232466495,3.1387134011620197,2.4901434903732595,2.4616722956905877,4.1084967135985355,3.08851935079728,3.2906932171174628,3.351715916478276,3.4668159641338643,2.83809935858259,2.9974301340971543,2.61904254611037,3.0704289094460733,2.732912406545159,2.432193073220293,2.408111062093848,2.8803245493367573,2.6217745869960885,2.8652767736454816,3.2747947174912238,3.2082183492085345,3.1314413715530387,3.041916703870002,3.056471287628499,3.2683124555298333,3.1714953087812154,3.135271015607803,2.7901759187084996,2.5806192076840113,3.0357295036411,3.3406589696470594,2.781819931743319,2.698182148672644,2.311442259485377,2.641241884227312,2.879111314679916,2.5136264926038794,2.620626516120736,2.463688317344255,2.7217212256325136,3.5914006711075848,3.8797319098546694,4.313820848972613,3.4628440839854746,3.561278725465593,3.2237574550790193,3.4782563871418444,2.1104531259815262,2.5816810622714104,3.0280301587558904,3.165612964134633,2.985668957125191,3.0757843839140917,4.3784738949320126,3.4174378587502243,3.0606162723841255,2.7591490448698557,2.251770423247136,3.018107581478154,3.547135261631259,3.613903175525885,2.457707477645656,2.470423582379394,2.401253414448427,2.651777512069913,2.9807128723618144,2.8029966805320714,2.870602790490893,2.6464215004180067,3.519074560684032,2.6480918255018646,2.980393070367567,2.6517941792527355,2.594904562350807,2.9141112561596123,2.9263263033757734,3.151590878693737,3.1218659525122905,3.0475266617440187,4.365390676693903,4.51413704941739,2.5744960146551215,2.423416582462939,2.654010981194393,2.4033595281070017,2.5510021904644686,2.3377255001639847,2.9291486438072982,2.821570795669012,3.220760463269713,2.4970967142120104,2.6071624212039612,2.9783590104977664,3.124071282167687,4.128974948189594,3.818138873505892,2.7259412113928883,2.941657359885749,3.022878920374891,2.9771948355942404,3.31575320806324,3.15849752035876,2.928740635033376,3.2447342969798743,2.7051711262435787,2.489327139968654,2.825858394984073,3.983844804183533,3.0050936488121396,3.0090361025223293,2.937378798077586,3.2938252879443395,2.453657048561636,4.246425717718271,4.330381758805474,4.246230013807603,2.845596317791271,2.5697208533798657,2.9278729659174125,2.2729977063466547,2.238728417249087,2.659521022134819,2.4889371241615126,2.4545985211810115,3.1100905710290014,2.5788249816286792,NA
Feb 2012,3.3135037950698853,2.613413478907807,2.747360440036175,2.4704999446796125,2.3717712403917024,2.4920043515167416,2.6941278589702167,2.825032870553275,2.7218643964845475,3.2012365309907933,2.9991710740637862,2.18991208430553,2.408609245873805,2.5162474325109865,2.4247839661773876,2.4150517436539127,3.2334497419097556,3.1515816718139296,3.1192228016143067,2.559450566694087,2.4122719297764106,4.137922120133137,3.1203448117264982,3.3221475349385328,3.3692946644888595,3.4958720787063036,2.9288506557910416,2.925731923891013,2.64216927127078,3.0746557053735475,2.751691463842865,2.4065633657636436,2.439360819589567,2.7865147702585964,2.6261367181008812,2.7279159829717967,3.303185306327949,3.186079648788275,3.217490747351652,3.0081823448529788,3.0471378128912954,3.268104503842218,3.185388566986481,3.0901269420397037,2.777079537578305,2.613739632846672,3.0353755366950312,3.4078531697599703,2.74858791199561,2.702054876237457,2.345800231149865,2.492336380324268,2.846179237846668,2.5364218415192803,2.5748282142087757,2.4399526113920476,2.700449734840025,3.6490983640897325,3.798670428002495,4.3342454055699164,3.4671857694571955,3.7472883201189746,3.2430270447806664,3.50402289345466,2.188499055502829,2.54739270213423,2.983772234127107,3.165066666581008,2.9629068231625495,3.0530664944500736,4.467294717754032,3.454914035576499,3.1036164694673896,2.7692658151582585,2.232439706917548,2.962412156386399,3.544641805316054,3.689726654668007,2.615495301528538,2.51131771670901,2.359179745984205,2.699444002595936,3.032784267498955,2.761810102610524,2.8302652724121873,2.69738336162381,3.4896103320375915,2.5943158756330873,3.0094752139650356,2.658895660113854,2.6109932944490266,2.869901491247924,2.907209995239651,3.187444300597083,3.1033975690077615,3.0025540211268815,4.398243062866929,4.534489834767507,2.5486294319550624,2.414420997627966,2.6423309433375586,2.4425431828578223,2.5497496163623072,2.43069098125221,2.843227930172471,2.8334375633474873,3.2662772428034925,2.497817602897628,2.7142879568148173,2.962315550705448,3.1240110957606846,4.008832190965401,3.772954849462928,2.753129411097615,2.8933866698476365,3.080717482785786,2.9828672213201464,3.27936980454484,3.1699617383932592,2.916548401512504,3.237105048792218,2.793300847619155,2.592240134878694,2.8612070936151452,4.0050525030966835,2.970621306265543,3.0229296539521213,2.89447214372085,3.28964948684906,2.405984609095967,4.235187846757272,4.346522106648361,4.201314996338045,2.801757402342146,2.6200027375045725,2.9719847122688816,2.20996987457316,2.254559410068379,2.7052284808011757,2.4274566066290397,2.5666404621677357,3.0816100221144933,2.558967398269951,NA
Mar 2012,3.290304287407944,2.6078881553652056,2.771237065419493,2.505272422645022,2.405141838183995,2.365311617356521,2.6923192361665986,2.8426543643886872,2.732309256363604,3.162236582785534,2.9938257188034862,2.209750240118075,2.3835711652677185,2.501157259626489,2.4294738747153612,2.384015414647984,3.205349696142431,3.162245524019011,3.1289857596279846,2.563766434769048,2.5075475586696223,4.156522941349525,3.062600369713861,3.241104838987475,3.357354611290173,3.53196936585518,2.8545667454254624,3.047369162518064,2.7199974873577877,3.1039316838786064,2.7684534920035184,2.412690527251669,2.4804156814866123,2.8091082907620417,2.5795360458284544,2.77818945315607,3.246346829960027,3.166198655385177,3.146135368562809,3.0063407605272583,3.0250337079478284,3.2803262710208063,3.189603237305716,3.137711722835035,2.7922515837316855,2.700534769672584,3.0512728926427313,3.364362349605311,2.733998169932148,2.727449385690544,2.3227359692414304,2.6682956412029317,2.8406735552956155,2.520176262745191,2.591408187294657,2.3763270804283065,2.7467497736683053,3.6193094275830173,3.8132836703595836,4.384252339372197,3.502288999095696,3.6664998032218423,3.233088069230053,3.4924065807848703,2.2520084213967553,2.5733431914993457,3.012802750924999,3.1801264888366374,3.0256546010104306,3.053750646138282,4.423642456404497,3.3679101293431564,3.0359075206479273,2.7816460799065785,2.2923669959329636,2.9989550315817053,3.550510341284693,3.6933473492783944,2.5610771189443895,2.5524374622875055,2.376103743007701,2.727036141006239,3.014629532759855,2.8235551419662945,2.9074364306362392,2.632999454826068,3.4695021892414952,2.631955748163626,3.084619959458417,2.6736367006345,2.6244442376053483,2.8581267643216597,2.965976207885538,3.212740228604108,3.1381391678266453,3.016583480379646,4.306227996422212,4.599314438314249,2.610651343530344,2.3293065276736664,2.606649009809577,2.489932663030111,2.573752708561805,2.366789420699006,2.8850487881847884,2.8562786143358245,3.2661388624212857,2.5542006938784194,2.636871007813399,2.972222746746416,3.144499538369954,4.11066959503622,3.912013917143763,2.661706518489717,2.9528053080689287,3.061210685391461,2.9612705373521377,3.318386151997595,3.139124244505997,2.9882078739922218,3.2228361188653225,2.826211570159214,2.637839967904065,2.731792900675458,3.940361666854952,2.976052436663305,3.0168183001635414,2.940469759730172,3.4262475280890796,2.406298231303481,4.265745012516414,4.4179672598614514,4.1922289997034285,2.878922894069661,2.522993416916163,2.8984679185179045,2.265747032461833,2.259983849612342,2.65255214877899,2.5426930756579593,2.5493893905503677,3.153409002833405,2.5904509255669548,NA
Apr 2012,3.386260170912877,2.6198441827050263,2.78395246980588,2.4841498929407546,2.4628962996126482,2.434417624304841,2.6837768679511043,2.8612767383897806,2.781090109186884,3.1969732613723827,3.0108893161573085,2.3065294945266057,2.342605990688667,2.5350845892713156,2.432732552145646,2.375554973102715,3.241994846786368,3.204962265672644,3.1525589558352283,2.491659002171585,2.4742203653714783,4.152227901573417,3.1072101682565565,3.28235257767082,3.4411148883477516,3.537112327152859,2.8819048296550007,2.9839189588172546,2.7012704188759673,3.09664538736059,2.7812094201494078,2.428096176883315,2.422149292280004,2.7434099239682395,2.569369228902991,2.809722602255899,3.2973671114420355,3.2061306476436906,3.229917554079493,3.043295863873444,3.0837441746174914,3.3270454237853495,3.237702644593299,3.1938226391193685,2.785056995800014,2.697636678284416,3.070820303455996,3.407909889285455,2.8084131323394166,2.718240279536197,2.285111281020327,2.653042582238779,2.8659990076538606,2.524698651147064,2.5735166292339677,2.391666401734562,2.71731570377695,3.7376460437204875,3.8450876468660113,4.4246231502066244,3.5545668472380716,3.643747430514323,3.2384500080787872,3.5796173487119063,2.1834051963702765,2.50583489389441,2.997194655605475,3.255302039518207,3.0614542642517013,3.09850334436723,4.444671472784358,3.46270195310667,3.1579234618354257,2.831847042541334,2.2412664322016496,3.033528793068848,3.702664614090605,3.7763907369240477,2.6512382715112794,2.475217438381195,2.357103054054944,2.6902589931292624,3.0284657376000044,2.8205807166105297,2.796040142196756,2.7025259521274814,3.4484055888503504,2.6253695443901703,3.0466084177131707,2.7061835918015436,2.667168138772223,2.886320681686352,2.9432725922241727,3.190294684938517,3.0612130503646164,3.064030182014749,4.527365438673876,4.699102660116857,2.6581919939181815,2.4564917442481575,2.6219902607013634,2.458063164573276,2.6536398975316513,2.407672737944598,2.9149133700368046,2.8335159572398116,3.276741887780255,2.615213495906951,2.674885478905306,2.9943473101792857,3.1181556606358147,4.260992350698041,3.893156155235518,2.732412640363647,2.941889874023015,3.05800450012004,3.0169080923946354,3.3882603148489485,3.1741873383522194,2.940489120096305,3.249792272164656,2.744159212043804,2.553535072592458,2.9288188117916514,4.025607923605587,2.9820380615176676,3.0077856571143533,2.975865258540553,3.352602846855429,2.423281242261906,4.390300670942367,4.480126828652236,4.344242327260505,2.82433891121467,2.5584912868667717,2.932530963823395,2.2864284497857317,2.2657258376012295,2.703635029996676,2.4893100507889208,2.5626672943577655,3.1686683468766557,2.643731388875165,NA
May 2012,3.3614722769971563,2.6422669584610405,2.7648269425718226,2.5183311467059557,2.4650585575501363,2.4609196945275023,2.7117093801648617,2.8463304172504325,2.791618769860612,3.226849638345152,3.035137815728547,2.1718924414803973,2.3751228994478115,2.5389227946722603,2.4608909178028915,2.3661602721082207,3.2882795255065114,3.221613848884159,3.176075632047727,2.523720508371355,2.4299773229730928,4.266745892448587,3.1547256469116274,3.31905167688592,3.4959089663329777,3.539266920550551,2.8477826564340303,3.0024776218657294,2.734031598413231,3.1068108761220126,2.8040053055106555,2.4040552815803578,2.5083135834801453,2.747479837644495,2.620763007622993,2.7306721952565387,3.306025749739415,3.211234480218894,3.2223729275352007,3.0487160664639186,3.0819743763049634,3.3261543095250024,3.220589149422775,3.151954204458904,2.840325650643481,2.669841625438918,3.0841171983042965,3.4295555329106997,2.8217831667394297,2.7931692714220127,2.361949369670523,2.6643601826934993,2.855627569003088,2.5141226380036885,2.6202929134535244,2.3918146897038466,2.7195765245309453,3.7968498167392,3.843158756401476,4.483241595964391,3.5456130915138098,3.6925247618978654,3.2651679591909057,3.535414755657853,2.2170100447588075,2.5144221382828613,3.081541075550632,3.255563405778569,3.049774043930206,3.10577339030479,4.390807535284159,3.443155451673368,3.1236576641351776,2.7940511501119505,2.3045261377540682,2.988998483046654,3.7240642822200614,3.843102309575432,2.538483390020537,2.5175166072569595,2.2986213338939243,2.7087904737505317,3.11428891485722,2.8336059515351306,2.9547193108398897,2.7490266409091495,3.5493937994928766,2.655794567298767,3.032022267771689,2.724273687020815,2.6458038079486026,2.911196696611582,2.9500088508435964,3.235505380534787,3.1365853470954876,3.050193891259663,4.602019050485987,4.6100489397227165,2.6017437232059795,2.433163795884654,2.6434573776061367,2.4986013615345697,2.637056169873638,2.3808897956673643,2.9021409975453523,2.8857088079399524,3.315039572275053,2.511871002606338,2.723905420434278,3.0157725021634154,3.134094288991794,4.348194231301841,3.9684825196219693,2.6948033917078438,2.961696123821866,3.053415335221268,2.955437014094157,3.342712127225699,3.1945699591595695,2.9898392778367437,3.335910455440096,2.788671217825507,2.5857381440565828,2.9520237782045378,4.162771028478497,3.0254228320667216,3.0297901868109585,3.0028829866565263,3.401873784183326,2.4085095916763133,4.413541062848236,4.557360839834296,4.459588313972979,2.830084249564907,2.6318256970411,2.938370573101765,2.25640482696475,2.335411432656777,2.7193289703686494,2.5033779555721773,2.526926608750466,3.2088490922531787,2.5712992325146993,NA
Jun 2012,3.343226275390194,2.6728869106423363,2.782479462768134,2.5197832546929075,2.4104138642523796,2.4105863076830594,2.746774534353052,2.8679348884795637,2.7349392592463966,3.253414614420577,3.061963492751734,2.3239417372070275,2.417751818744395,2.570878798335299,2.5001916564105335,2.360185175163872,3.2535324090781512,3.177406681042312,3.1735766575765485,2.527164796889707,2.559751433139266,4.252637046729821,3.182700755132893,3.357342862983646,3.502895597677633,3.5733443618401224,2.8383222227849316,2.979390794852951,2.706809383098642,3.1490226475761904,2.735738761684173,2.452932352856469,2.4938989207743227,2.806072159268223,2.6165745085750984,2.789175570490861,3.3565554911072994,3.1971375030209757,3.3126326774763597,3.084755196463912,3.083560564370911,3.3236460769434446,3.281009405985219,3.1566946150338264,2.880187299288234,2.6354687215223604,3.043906090951233,3.489731042693222,2.7955111890916324,2.724142592703229,2.3681307121030852,2.5725241854396943,2.8859634038992685,2.512798944977167,2.6387021695648762,2.5020445231529127,2.7388898351288886,3.750273894434537,3.8943498148772813,4.533663601301411,3.4816498945070844,3.7583435570897095,3.2603833626545344,3.554363412836126,2.2589012223751395,2.5969562387330365,3.0794706913561503,3.256400708073389,3.0473420573560666,3.12189838788268,4.457943433517487,3.490690434822426,3.161077425532571,2.830079451314733,2.2464106674415802,3.0668015350171305,3.662908371607464,3.8790700016103514,2.614605689470217,2.5481153058892705,2.3083954000002653,2.652407405050041,3.1127684131482,2.8556212059202903,2.9848087008106465,2.694496125180422,3.4950394389619603,2.6613674301428567,3.0715193032798207,2.7105012558615513,2.6725105577882857,2.927865848479049,3.0080327489705505,3.273449889827829,3.187285022596376,2.9725645953570417,4.5560797405158056,4.722595099678827,2.6218850090484636,2.379108954223522,2.692046222461046,2.512893244428272,2.5955527091232367,2.3630402139354745,2.942939606078995,2.9088583862851607,3.328621141528187,2.5778616163495505,2.7078557492308537,3.061376831857822,3.165647802762217,4.647353243853704,4.004395848604579,2.7568379986271125,2.967431648308775,3.104203725871043,2.981518860638355,3.3995322795822602,3.2638976377113624,2.99457208418704,3.225894892723822,2.822949063540589,2.6100676749144736,2.8666156507392437,4.1565926742459585,3.025138308359038,3.0850091674734554,2.9532193802424764,3.3353652388204784,2.3693541318303413,4.430962690953087,4.583486510794395,4.489792983944536,2.882349360497511,2.5587553416125037,2.8496975600590755,2.282139591386049,2.3296782735841073,2.7194534626705695,2.520252811610586,2.54212702560074,3.1242009689327146,2.6015727752915274,NA
Jul 2012,3.3861155337894933,2.6155507394406086,2.79070350183208,2.5499171907452793,2.383834257083198,2.4243888417454036,2.7347413005378227,2.8734081739368587,2.763259867997212,3.208548067957339,3.045910428647505,2.284400358538833,2.3596070628993937,2.526932736696989,2.4301946997352237,2.3903831869898724,3.2838086635804644,3.213430844972278,3.1700991334535558,2.4757590320845284,2.581014183249903,4.233408687791968,3.133351735825336,3.3341042426444703,3.5136496690776546,3.5258804866393145,2.9048802366115445,2.9635746630797715,2.633555162634655,3.1319206046323327,2.8140169035348976,2.4531756042590116,2.4961377774315903,2.7881690295787394,2.570799197054786,2.754890293960632,3.303272295853667,3.227780472426835,3.2460958835462392,3.0754098127431435,3.0882396573647974,3.303759993835141,3.293323085734167,3.181701769865515,2.8296631950235778,2.6664297170165074,3.086854178708799,3.4483583617633338,2.808503441015616,2.733425141251802,2.3197248183067285,2.5967602703372927,2.8588050120883004,2.5333870383719232,2.6311194205003092,2.4144791501882277,2.7455842819950473,3.7899788518200705,3.925169503218841,4.47374312491627,3.5371556072825223,3.6979402509557464,3.2591088702619917,3.545183241058347,2.3587201418181682,2.571083809514788,3.051469128224573,3.318372680047181,3.061034970228763,3.127827415316716,4.392670210313331,3.4803728785050434,3.1380320021822294,2.800482276010888,2.248048523597036,3.0435240758008537,3.7122787844233542,3.9008466677629148,2.534028881966022,2.3931705642884267,2.3289554892405637,2.614612347613569,3.0455883872825034,2.846111685692981,2.9737649852138857,2.6861311582863747,3.658374611539668,2.6686547316659284,3.1048307317192267,2.6953586987099376,2.675708704559479,2.9614624305801542,2.9606674464093414,3.3165375137517277,3.1729425505834965,2.9678099991971765,4.536920654964945,4.815010318284324,2.620230723961535,2.4214015610956734,2.7041556117072814,2.504108395359723,2.647871159958918,2.4030301554926226,2.9711005162013344,2.8664797471891643,3.340591250498354,2.508891393218077,2.7041072636621952,3.0343254546349834,3.14668063867245,4.474471216239743,4.01370221362626,2.708602404869714,2.975217816600683,3.0427013331496906,2.9883248137596534,3.3958511095664967,3.245822788784678,3.065396497301422,3.3333584930859055,2.78006594390184,2.5613309312151005,2.9291844982874022,4.1294061093841785,3.003199056621883,3.0475496302444687,3.0184171244841704,3.456309823329826,2.4051200829459347,4.540638812056932,4.61349777892693,4.46252006207302,2.8957564868276,2.6449290104803618,2.917200409628556,2.2597477851709495,2.31888332213246,2.6760754946698597,2.4356314986353103,2.575009016074345,3.1685796615758024,2.5664746791420208,NA
Aug 2012,3.3875561449931846,2.6083007970599112,2.7797250034025724,2.5365925801773304,2.3736156794305883,2.4108946178542587,2.7024222255899186,2.868673111752378,2.764623095185464,3.247850996367244,3.0420136239057354,2.2422986822101643,2.28767779991705,2.4989284512003107,2.460617855425062,2.3679026730369475,3.224940626578709,3.230484096385875,3.191501002532067,2.5601728660719214,2.51018231444405,4.271045403415474,3.166689400203023,3.3524104440716433,3.508927522664028,3.6179111782099937,2.890059277830662,2.98608370342137,2.6515121491825564,3.142167162647714,2.7529500107276648,2.4269583008823155,2.45520433275419,2.824289460471951,2.6229868986076497,2.7651755253514883,3.3639572524620527,3.2614253224011422,3.238563535605643,3.096335058954405,3.086214175802855,3.3666241451347187,3.2755394022355344,3.180664209744125,2.826180877223899,2.6955201585875983,3.104512534703711,3.4660271925564325,2.7488782125731577,2.7773389512836926,2.338341778028366,2.5926401911723365,2.8672712755727123,2.5072735498186622,2.639483139707768,2.4100866938454377,2.760388982321388,3.7729107244571396,3.9528351762009244,4.658214695783569,3.51313413748743,3.752927352740833,3.2695856076428793,3.4938558050354986,2.1876358234406,2.5345400583910576,3.082958943590495,3.2950334251647986,3.061746833072508,3.1541121047095597,4.452882833627888,3.5358503535213566,3.1555966942212827,2.7918729275611396,2.286798602576674,3.035756353617629,3.746499062275234,3.8715056889672725,2.59936611033529,2.4547137036065316,2.3242239296803247,2.695842566275906,3.0341209196734535,2.8321436754378526,2.950984217919816,2.6184081087953026,3.4805439734026264,2.627453049253689,2.996592614754021,2.7253624922139608,2.6287386326488686,2.9766410715417284,3.003548168178271,3.32601636660364,3.1134606404161285,3.100686974616267,4.680757530236018,4.748558669891389,2.6143607300979075,2.3837943825540395,2.6650364847719388,2.513005108737831,2.67667354427436,2.346828721226796,2.920396583777807,2.895306250538955,3.3575019030088935,2.5580830117449698,2.70389029824474,3.0928022986523676,3.2181061303857024,4.46145073058424,3.991219669913492,2.704716911191534,2.9697200525519998,3.100763801201608,2.961076309933572,3.325026479843833,3.2243745122799146,3.0600285448959674,3.3711719148155797,2.789413277941168,2.5962718710994657,2.9204420892882514,4.136515489485273,3.015759114686599,3.0709297879726454,3.0080775899793926,3.414883337615398,2.452809850802891,4.5916528173742925,4.626551435391782,4.462002589742259,2.8678652327467464,2.603443057800173,2.8896591553093907,2.278773585293226,2.289022414048381,2.702728919079081,2.469812304320848,2.4858202405675662,3.1589578375162857,2.5937525162106674,NA
Sep 2012,3.402011253336584,2.649465697006616,2.807047227469912,2.5536273645254095,2.404891346216146,2.3821889052868306,2.724023668307004,2.8467760080506457,2.768692100773688,3.2486619613799994,3.0211510358471725,2.242353003376271,2.3436822924185803,2.4892007448284827,2.4545396763542935,2.3814930096945277,3.228770680056939,3.2203878177841343,3.187305774214596,2.5074012444622444,2.4816229191322354,4.346330452107705,3.14486576877859,3.383480450949974,3.473535389611723,3.5996034883264643,2.8706707200270722,3.025746335711944,2.6335801034118034,3.1617582523863814,2.8090042186262703,2.371821318217803,2.5000552257995627,2.7996252731573534,2.564302221064306,2.8612680891293683,3.3791481813359012,3.2763505163996305,3.2192837524368927,3.0613084529989236,3.0980057497240914,3.3033626663865645,3.321483376560561,3.176218093373462,2.90431136846482,2.661329105628161,3.0770943597771088,3.4468879209632055,2.7688506391116348,2.7359720661774554,2.370356781456066,2.6303083645203835,2.855089058279762,2.5012288056855296,2.5930998393226283,2.415890864304025,2.732150192779088,3.735587733160938,3.903739784059915,4.629283258640149,3.5205671991636005,3.755886233119192,3.3176041692025415,3.521385016679397,2.2686688378657784,2.571930765156477,3.0491775965421595,3.2851939886749184,3.0525638759462788,3.146109652345974,4.510490368148563,3.5123910167772006,3.1836201814373126,2.8593305870061863,2.2473196524358476,3.065339200586061,3.7447134176463064,3.8539558685039004,2.465858228094974,2.510979620959157,2.333593558674679,2.64053048513671,3.1113288007200963,2.852641875742262,2.968358945610899,2.6139453373237105,3.60867239829113,2.618166245585478,3.0270473056614553,2.7308000978490603,2.605058250876206,2.9397931436117712,2.997307754909787,3.2400763983680143,3.17101567424258,3.080892364874509,4.71731232757255,4.737479927532937,2.628491096217488,2.414665067329387,2.6723693785545954,2.551972791330319,2.73016071200253,2.405518874286348,2.915146376421635,2.874580861569888,3.3583524977383314,2.6371124443523897,2.710347236540069,3.091969059397006,3.188712566575146,4.536430933383568,4.050516376992343,2.765012758755915,2.91500383869371,3.072668109667316,2.953010679793739,3.390656319187116,3.22795759980199,3.0356554262200444,3.3673419600358394,2.8083913879185545,2.607057671728751,2.829777691240219,4.1972528349060125,3.0442066423793492,3.0504955755478007,3.0077719818878617,3.4178667748045117,2.4482147333208486,4.506145816171075,4.615404922608737,4.4223196543286925,2.854387018879356,2.647079164897471,2.8616608822403866,2.2144902091257888,2.235531706031004,2.70397552645254,2.5070956892635112,2.585253896247767,3.2367422424849592,2.6002652105179793,NA
Oct 2012,3.374471103821339,2.6261460236026988,2.774501336216548,2.535241348094954,2.359595681556659,2.45747223365439,2.6989004103326892,2.8673539737822598,2.7329871074349463,3.231230165070372,3.0166701635990307,2.238742815484764,2.413633818461583,2.506885663899204,2.4575784623642747,2.320625501997673,3.2350039021089256,3.199740828581183,3.1898766034835098,2.553570229013321,2.5345660890495303,4.266917832331608,3.1599030549210427,3.3244658143330623,3.4716945780610056,3.546047546640192,2.852705684471484,2.893478875211978,2.702448106401092,3.1306522094157394,2.8027795761214787,2.449112071896657,2.472510881605912,2.8090698435552763,2.590601461498215,2.8172819175179087,3.4020148495585407,3.2470527749552236,3.2594031934556216,3.0730544417248074,3.091535296039458,3.340080585487515,3.284979422627095,3.1681948171257748,2.899350196455679,2.678365739790506,3.0984691819366135,3.4492643956992475,2.768568907956004,2.7437636719425025,2.352534088877185,2.6456770309693844,2.852641122671298,2.5578282558361005,2.5391773724192177,2.3979620861524427,2.741421135988753,3.814145431302854,3.9575488169796746,4.620836947717448,3.5608018172312224,3.7968598457491125,3.2857627787902866,3.518861600326171,2.3100020532018313,2.582865253142558,3.052010759145392,3.279570453785605,3.09517412244935,3.162251649410845,4.4809526238533985,3.5307202503015596,3.1300519072707687,2.797071591867559,2.2928123594929906,2.9849253841306593,3.7358731916227685,3.904272416638817,2.528283393356437,2.4222151131880674,2.3219158021652153,2.6269295976632567,3.120352906262853,2.826724985654965,2.949999451467607,2.6426394025184647,3.6595684096615093,2.5924504603000322,3.1251642742389008,2.7192002210559765,2.617078560340574,2.9544053670417934,2.9502833855999495,3.2780761558770943,3.153921382111539,3.047740637881022,4.685053492724011,4.771916618391385,2.5580046234947154,2.3970096225711703,2.681305142311474,2.5421536767228674,2.648698573162704,2.3811789556764045,2.929615091475776,2.861151099218171,3.3205336710009283,2.5171242900414073,2.634836589409629,3.1175672589322323,3.1734339392756414,4.383570531808596,4.076406704118249,2.791983170538473,2.98079985141882,3.055643926713954,3.0244279987312357,3.2865113526175054,3.25161163529163,3.11559691515136,3.3638023054268147,2.8369394789582323,2.579794739521996,2.8862044114994503,4.188163650051734,3.025939050207856,3.0637535512026277,3.005319943650943,3.398934957149086,2.415564301378372,4.50266417633671,4.694483281928122,4.477118446749183,2.838918699104376,2.6186653422439337,2.8221680999904684,2.1759843908385896,2.21941358080607,2.7080262544252482,2.4929873241053824,2.53113313911898,3.1431731918901744,2.5934471193454502,NA
Nov 2012,3.368193652073887,2.602916290846355,2.7966784177281694,2.52211682102089,2.399449242696056,2.503960969224131,2.700255359044995,2.8672410066593343,2.7832665052085077,3.2447098379214703,3.0296778220167897,2.281719858325895,2.3585702527813375,2.4794446394612635,2.4393639185768574,2.3404475689881825,3.2577888149485132,3.212868383750323,3.1988656201049324,2.5045704494197643,2.4350014454792883,4.317386348065537,3.1451605308852613,3.3734207030617025,3.4696919656896994,3.632542534461181,2.895080001431813,2.9229621511021167,2.59747499067304,3.1272510127033017,2.777840751470966,2.4021954806233636,2.4864311487621014,2.772787392368888,2.629769074257963,2.722745057772413,3.3679377789500813,3.2599793661606222,3.2148691029690037,3.0507428909329843,3.0765620886229583,3.384663837485535,3.2849533664736836,3.2173296145949024,2.8175224633971587,2.6708769892331317,3.064412719539624,3.448644804208417,2.7779860549110658,2.710681946208493,2.310056997322988,2.582511128978163,2.8451652582827367,2.534515600446167,2.551059865844851,2.41889414229075,2.7283601865768365,3.770011374060179,3.945544646380248,4.624702947509874,3.566196410411887,3.693501526775923,3.271523078824439,3.5381671483663797,2.2894197535163605,2.506806818380028,3.0584487759774595,3.259097934036658,3.086327183214075,3.1412009147906312,4.573423971739238,3.529264852902416,3.161091374539098,2.8064094066162366,2.265857934441037,3.047191686396657,3.72628036507429,3.8987342356922006,2.5179686020659955,2.44125578219444,2.4003214718669468,2.6799070441757267,3.0547800874761055,2.8290391463817772,2.985173131155425,2.657462698860629,3.637517997335527,2.595801279092051,3.0513516019173212,2.690982937508371,2.647664019143255,2.9622349205322833,2.9950876515539426,3.2384001053848275,3.1931403945131334,2.981789909539596,4.689134520978448,4.896075584249555,2.603294050220309,2.384977547499291,2.665728811795655,2.5260231469557746,2.653286086467321,2.379194106931849,2.9542536455160455,2.8548081533806804,3.3883626475717215,2.5353375552587627,2.6716753584543733,3.1035000868473213,3.179076517946854,4.461749268509831,4.04641428725935,2.6550923726287095,2.9643674316705644,3.070487650584407,2.997787704505294,3.4193807435561823,3.2504934155367917,3.031575673573702,3.3211115965292186,2.7977254874198487,2.595430008909978,2.8244752432431737,4.20850943118034,3.0172151471060613,3.065672936106203,3.0185073730403817,3.402206889646251,2.393584160608407,4.5284961476239936,4.594093353193997,4.441702543708056,2.881561177508146,2.558590026906231,2.8527326058741393,2.2605813237566204,2.254074497367764,2.6491693791756825,2.5234641939427482,2.5908071695148682,3.1718342267180795,2.6312429888408437,NA
Dec 2012,3.3839163794085887,2.6066195146519346,2.8184583117434032,2.4352768677213326,2.327133829263305,2.5662371687297547,2.692884459028878,2.8594325180874467,2.708435811395608,3.2165833581098813,3.0336905475254823,2.1523927531497917,2.3964588472674975,2.513444761401335,2.458029770006955,2.331749127649906,3.236124421455127,3.19711523158297,3.187178123321266,2.4976087979854125,2.500266347734736,4.27605770095452,3.161999770243889,3.332087345272285,3.5335011354226467,3.611727339223182,2.876677405875412,2.9525151791963262,2.6749939486994925,3.1581749726256563,2.797910414566078,2.399319594329189,2.426069298548887,2.7765066363507565,2.5604231976636553,2.803020454714017,3.32613867492359,3.223578832495691,3.1938198404184175,3.0524113766294643,3.077731615654307,3.351377356027585,3.292858444429573,3.1719690716892237,2.871248081652593,2.690042451620404,3.0965012993616776,3.4534615412909293,2.7750379666235485,2.752989601349125,2.3304348612161307,2.7006308677819826,2.848903477556689,2.501670559992913,2.6137187473223937,2.3991370978861237,2.773161533837135,3.8081727387438935,3.9571603541920384,4.683574506633446,3.6039668739696458,3.7508451113535015,3.2836347709600253,3.517575819555731,2.264374939482741,2.633868188833379,3.062418502265734,3.2884177585118994,3.0911030296641564,3.1516814867146614,4.629890941982238,3.5540627766333808,3.1573277799632375,2.7920009875181075,2.2160739191961336,3.0421911201408243,3.806711084868611,3.9378638606763507,2.531913216045516,2.479481236348663,2.2898519237893664,2.748299078877163,3.1492756337151495,2.8376826989524364,2.959906240174164,2.6692872557922973,3.5056208089949443,2.6071553492638277,3.0759461075619448,2.6976553987431973,2.6716847462550777,2.981034606150929,3.0094954483313976,3.2992455392032762,3.241186468296196,3.023337508303292,4.732827411723719,4.7802649124549585,2.6117096956135564,2.296382606688326,2.69826938087107,2.4940066505951592,2.6476620356225724,2.3784875002305106,2.9562715762171505,2.878794105355203,3.370805172691574,2.5559280444711083,2.6985350531785994,3.0568920883140014,3.138159552121847,4.537496132969487,4.1223030093937005,2.7059462925236417,2.98997430567969,3.0928186978666297,2.9464445077917603,3.362747049181926,3.298219882083588,3.0128976709488575,3.3124923450521337,2.7906078933030023,2.636861189700827,2.8283313733344233,4.2533487955646025,3.018122088902964,3.0805618652709295,2.877975372965665,3.420203687785117,2.3940127626631305,4.647132749568763,4.645352726946285,4.617096733517489,2.8807862112887612,2.626990425993473,2.871013949191316,2.2069763632521457,2.2748132211924212,2.6802665893680944,2.5486072470284205,2.496824886244565,3.186176525694012,2.6052528831842197,NA
Jan 2013,3.370185115902748,2.6772236687251167,2.778256643084876,2.5227906516338345,2.3532064920149627,2.4939100560946628,2.70467656667238,2.874289950698743,2.7564836973162654,3.199510620994469,3.0235788200459277,2.244325196488583,2.4614572687536795,2.438535267750746,2.397123493612805,2.300131305826625,3.2450823649471556,3.214728798322885,3.1711504846969008,2.3819477303659258,2.422671644321009,4.292443811776445,3.155207049806986,3.338640431817494,3.5388836639949384,3.5648701303574093,2.854210327024576,2.8646202580981437,2.57234336488109,3.1354687876323104,2.8118462606339407,2.4832879644949934,2.4521158936346725,2.767310916387111,2.6241277107637955,2.7468738639489736,3.357264224488044,3.2342134153482878,3.2803709382137605,3.077851752396339,3.078389464856708,3.4061480397716144,3.2905754362766584,3.1561594624624614,2.7770177444114026,2.624971070106025,3.122012692701674,3.468175898148995,2.8474543075206094,2.7465645669318928,2.3334072674111273,2.6699014888482098,2.8365832682200653,2.492196010274089,2.527455595436422,2.3945216578211603,2.732449377462049,3.76369252141811,3.992550274282119,4.573558771807435,3.5884798639159174,3.8569362020460987,3.2744696017235455,3.521501004060621,2.34531733713065,2.492892261960961,3.083128685925676,3.3050611132903276,3.0724762454366017,3.1196495312837755,4.758443839224112,3.5830341110375312,3.224224923615944,2.84386267364342,2.286679848756783,3.0534431088390575,3.717473682057196,3.8689868092350035,2.5278070897216596,2.4366867691286997,2.336325651953082,2.703221407057426,3.0651760367425926,2.773122973297122,2.827211193461192,2.7009535393052877,3.631863964612992,2.570410974599417,3.080448158379872,2.6905168948024483,2.64108298357501,3.0021405637045566,2.991516336522799,3.2513786577485297,3.169162972285219,3.123806396072982,4.59756696040289,4.858774557773929,2.564466810348143,2.399171367150959,2.6362583438249176,2.5136995654707928,2.5623310831952986,2.3711443357936735,2.967223748403454,2.856259012609532,3.3224099041595303,2.4963161727465253,2.618632294486023,3.0049371689152604,3.148489998484276,4.3787151147052,4.025125947071244,2.697878945459407,2.9465774641468085,3.0507698512830292,2.968805142113864,3.2880585736960564,3.227280095418611,3.1560891289239668,3.3331899927476027,2.8521563913833488,2.5175995440116896,2.877013763572322,4.1973097626801295,3.020198880509347,3.0297231802139786,2.9409778693314013,3.350506169383924,2.44309067830155,4.612779007877485,4.76789997187359,4.570310339218318,2.8245000253909294,2.6864197591627517,2.9354546202094958,2.149615873495709,2.2122688071583805,2.658740387052854,2.489889109355468,2.45880981274266,3.1540825723180195,2.6435777480259692,NA
Feb 2013,3.3802559311969835,2.6296431606965167,2.794965363954135,2.4551882276316626,2.4240072404828683,2.441532611411591,2.7050574450390013,2.9070947633765236,2.7066092841117366,3.2430834798475203,3.028802264586601,2.2232531957207673,2.383098642831429,2.5279053198261994,2.395670818628485,2.3440500318345454,3.1963862306232023,3.194331367623856,3.129555515032329,2.494051799672268,2.4851092734461644,4.338231281895722,3.1868884433109654,3.367242501714881,3.552690107151829,3.5611278136872686,2.787847316482763,2.9998363777509227,2.6256673502177876,3.166092736365752,2.7613013534872546,2.399862862571345,2.411189779238824,2.8098734855789647,2.611121930987672,2.742901304300147,3.3727699318109123,3.1759225324671134,3.229605201610651,3.009591734798029,3.112571022552982,3.4060139550064563,3.3042180818000295,3.1584924384464976,2.759824019931359,2.616783210676917,3.1464769922802125,3.553141515488532,2.7768172593610867,2.736190616777422,2.2978910251782723,2.651122356256962,2.804592914741557,2.5211867255313676,2.53496624948939,2.4515022218925826,2.722240464065731,3.764089869420463,3.984203054823856,4.549170461007114,3.583539703580342,3.8458869493588295,3.2352829370531095,3.5027463343645753,2.307737581588492,2.5070966312049068,3.0841027526491076,3.3069996076262806,3.063601048371988,3.143706879886169,4.911641560496072,3.512887237987069,3.0725033337687364,2.7600567515511387,2.3537704694034804,3.0088205517427675,3.767158361433727,3.8960027663968004,2.412389946969686,2.4056228117105967,2.344641919313112,2.6192741905259815,3.0908283202317626,2.7952077041501315,2.9293453395536337,2.6411330066021192,3.6604832912231986,2.6269081130669636,3.075850609968671,2.7560757158214866,2.609199627026584,2.9678824391429672,3.0211137592437596,3.249037659760226,3.134647359046698,3.053873113955567,4.717477789837569,4.982129082820987,2.5860411655562845,2.291450998037329,2.6529902544913053,2.478387958767803,2.621565893340562,2.391744145233413,2.9667150113068845,2.8795927256566927,3.347175794874137,2.556621932873448,2.725035567085744,3.037213543013745,3.2049456411123094,4.495648901679889,4.091784220526975,2.736344290381961,2.9778520024742354,3.056225101831364,3.0027281869295335,3.3706650792909283,3.268420992835019,3.1262032490252905,3.326718855528822,2.7969247081159767,2.5242174969127382,2.9333266239526155,4.205530192646055,3.0424683896707894,3.0442112424035424,2.899189144817726,3.36373040284964,2.5006541092988797,4.6721513361459435,4.6561107340774806,4.5470709039219805,2.8363596124522363,2.6847843211571014,2.8909313683403335,2.1754765876225184,2.2061319781268516,2.733509527816458,2.363837192352593,2.5077643354706347,3.2094618392521657,2.61759288694452,NA
Mar 2013,3.4108426081455065,2.610503828257713,2.7958491396806306,2.4994718944687198,2.394973205814041,2.369518794443307,2.6980692156679003,2.855985659216012,2.756463291263489,3.22836446852634,3.059931435986838,2.173760292363906,2.4133448734309004,2.4761172104660774,2.432131961498858,2.4088644036021596,3.279124893434021,3.181611908400957,3.1707519107128697,2.42688996286423,2.488890379707345,4.329579146106184,3.142973703045377,3.3548818212802316,3.5874181255444606,3.6577989785648435,2.869185889003722,2.9122293880663634,2.562517357091089,3.166303764499316,2.773269907900221,2.4268738400429686,2.414816364380025,2.847161290266584,2.5943069415196707,2.7532294495856613,3.3932664939132353,3.243234471351737,3.2308836459729235,3.073510956560302,3.079122162489096,3.4467727287507244,3.291095790086997,3.239303876673317,2.891304459730488,2.658292977630001,3.0886379233129664,3.4871459399294005,2.7841560030042656,2.7224006628737736,2.3091400224192866,2.668631657972812,2.8314882173614055,2.4842561704047705,2.6038584472952158,2.454819261225603,2.7465477640559888,3.8495000661001413,3.9763128535934813,4.584064028341754,3.57586008922166,3.8628369423591318,3.2834328427059636,3.495545985100854,2.3057008566393664,2.554719582371545,3.0690040382694974,3.306411962154007,3.063120038190364,3.1529313969530115,4.717972861538305,3.57868201864862,3.158912997975484,2.7864388366684043,2.225024700437496,3.04055972255937,3.886363379770609,4.0415039244791835,2.5025619802968353,2.488308679471674,2.3542648934073815,2.662855810579342,3.1634656643004853,2.825540315401142,2.925491499796594,2.69304267038708,3.606425415047774,2.59938929103173,3.143434474693589,2.697393171463263,2.5920855836288546,2.933059529201052,2.9943526709236936,3.2525748870166837,3.2051897573261847,3.094122402930567,4.738885249780733,5.001726357688714,2.5873155059918256,2.380376225703562,2.7024919430679457,2.5213884625264966,2.6225803746336167,2.422442077162952,2.9643911309956272,2.894334618413411,3.3385997975001294,2.4698510479407045,2.6865184916597324,3.0548494326413764,3.1778243223747342,4.573350216443726,4.08387799053374,2.7633999985833717,2.9276337375497876,3.116455146903751,3.013303636015161,3.3352942891426154,3.2280173570828765,3.2419601176963,3.4116731713996686,2.752356787012308,2.5140659550096265,2.8830041505713955,4.216290395480589,3.0806594921435333,3.051586988620259,2.887414998993962,3.472415438845695,2.3996628925353787,4.689470682345943,4.900066580566699,4.576078360640735,2.8856640946718177,2.6280453992001003,2.9147551027686704,2.210989361810164,2.1936383355860105,2.7536666240709557,2.4621232665214965,2.6577906783749117,3.158765225414366,2.647653110593716,NA
Apr 2013,3.4208766610828305,2.650964156469893,2.7879718072664956,2.514272813157965,2.3570841440820427,2.5281465857638357,2.7376172670274546,2.932758310846133,2.710498010966408,3.2862683698197577,3.0377189498477213,2.2785226717070257,2.2901927882832562,2.5276911716747024,2.453991681094998,2.3789370047913456,3.316858078403144,3.1986420602052776,3.171782963138478,2.5060922694896255,2.4816457260737135,4.301583499376011,3.189835785838107,3.408109921371643,3.536686254976937,3.59518696891138,2.852145363920878,2.953621492596451,2.6330839927124896,3.2115867054682075,2.7894254159527865,2.4429615080949065,2.4067351071419325,2.7575854564217237,2.520431033959716,2.840989893869792,3.3464932919319987,3.2411673290096235,3.3053141343022556,3.0689700335459094,3.10624372264224,3.4412749216249514,3.342469077124146,3.2134934965623363,2.8801502669119796,2.6576310425773926,3.118885447324061,3.4956048437075307,2.8076993232716423,2.7716660254414403,2.2985475852635235,2.5898453259390215,2.8697474843383213,2.4957488348796533,2.6258999554443037,2.4318007704762388,2.7443058838751995,3.8187597313566988,4.08066287018564,4.705016528391261,3.6449822508123737,3.8198153074208774,3.294153251481343,3.508515984954157,2.2808523752962966,2.628359395790173,3.1004561357315152,3.3247993251527714,3.0832957377617136,3.1808515627132126,4.830798356191076,3.5403926448630036,3.236045444586346,2.8396036121786437,2.286987702475045,3.067296766260483,3.8805682293099113,4.067964610621495,2.480450496001113,2.453951893862964,2.3014566910394234,2.636301756315912,3.1729104313993246,2.8394122099012975,2.93026888859172,2.669626613234341,3.7049359497129677,2.6126857747709398,3.1303766348965114,2.752210317349307,2.683787370060647,3.015770123808941,3.013061280502743,3.317092472048112,3.1731062393053815,3.1680481136980774,4.85957529171315,5.017600423807354,2.6226829858766014,2.344648005747824,2.6768723261220435,2.517648315219737,2.6253575100655455,2.407337874557889,2.9364230580065516,2.940900415475046,3.391655395144239,2.5632464039556213,2.6626495583116387,3.1117871236100556,3.231586906072284,4.6360078219293674,4.203153129523541,2.769290466481322,2.9534300991422127,3.093670774384723,2.976464945863061,3.364490844411051,3.2653429658895923,3.2656388895648094,3.349222894353646,2.7795187596750393,2.5381651327807986,2.853469408887981,4.37945143087695,3.036847517152646,3.0785967143862583,2.981707542006653,3.453052127808849,2.4199766053051333,4.784753609280522,4.9471373994349985,4.731620355489632,2.8406519920599225,2.6661589617203347,2.956377326657141,2.233112347912865,2.2627773524228534,2.70818486317305,2.44756016002211,2.5268690621642733,3.1856561349518073,2.6478296344346752,NA
May 2013,3.441521261918486,2.690563052266962,2.7999409467611582,2.5580491736720172,2.4557058952433066,2.5120261855066643,2.7237192397608023,2.941029223432151,2.7866058105332345,3.2619400597908803,3.061294019427013,2.2784439019843035,2.3763372881113396,2.498635114003856,2.430412310194806,2.395612686931418,3.3032656213982583,3.2727174316324987,3.211022167549737,2.5180248985258444,2.5350662192961635,4.280899998649337,3.1588389165820026,3.411869179999814,3.641518305351626,3.65930561210091,2.8633984770650134,3.009422241611247,2.595430709346814,3.2064947582590335,2.828895989711071,2.4519700175828207,2.4978088549503608,2.86142981991779,2.5868854287421894,2.79625608217656,3.4259249039311346,3.2983645047943377,3.310056383177497,3.063517012745788,3.110484940846397,3.451552519749068,3.322837357232522,3.2372683292852846,2.872449210149946,2.6901986274060596,3.1284305879131655,3.5960294829636688,2.789868146341679,2.7618367381399955,2.3159540348862206,2.709246885063301,2.8750740148921983,2.5577787551663675,2.588115661363186,2.4593029879962796,2.8024513220828795,3.9282713477918296,4.001343303481864,4.8324308123055815,3.6586772790490216,3.758452539541569,3.2823578732878222,3.5396930111795313,2.3285621665150202,2.5804382062231377,3.1101401567508273,3.3527295377851876,3.1078075126967475,3.2167427624202016,4.873559020971478,3.616931094619963,3.208470929415231,2.8613424029106915,2.295744828002973,3.0973871603088803,3.868193518327765,4.065018159880171,2.5633977788741253,2.5080653870178393,2.319670858406064,2.7240340730685197,3.244841625780354,2.851308115687476,3.0105117926499196,2.671677337638429,3.779285037195862,2.6154504174129305,3.105915971630276,2.7467755005795866,2.6421403546159428,3.0189599162546332,3.007751923356153,3.3109250024889083,3.199293205557972,3.1258096309773618,4.8932990962518925,5.143372106496997,2.613174183957924,2.3309442047865114,2.7023832380759205,2.525059251162629,2.6395205959838863,2.353472514516981,2.99446616362896,2.96178596458895,3.362781914189339,2.5458812922372847,2.8026886611594826,3.0628586849330812,3.1914600492105403,4.505808972315531,4.279230250470692,2.797153958575482,2.958134512511927,3.1038869541282015,3.050828631652514,3.3865258275263264,3.2433147453743607,3.2739943924014243,3.379307413280226,2.809460058253198,2.640209195364018,2.7952175780137543,4.352172084749558,3.07958742594205,3.060485843864136,2.956588521952192,3.4411961013062222,2.456436303077255,4.81532661712857,4.974422525174477,4.704196588058267,2.852935286074834,2.6901510504769433,2.975169040183614,2.26962332308546,2.2988983370392755,2.7025535456892507,2.4448029081415683,2.568502354394302,3.1877452536186306,2.6951276496542755,NA
Jun 2013,3.513867988872017,2.6670001029243786,2.8619993757291065,2.612244212065426,2.4440866685244558,2.53249914686678,2.7524442787063066,2.942263675141867,2.7821145516289914,3.274871351683515,3.0269467977731903,2.2387151051205967,2.387035668025761,2.547152503600652,2.449411460201452,2.4119083965222474,3.2979537152042853,3.2675776159973724,3.249160563535432,2.5086014956650975,2.5188705756732657,4.400457000335547,3.2260136028950335,3.4195336219518904,3.657569725483691,3.6872822724479812,2.8533488301073255,2.952207035016646,2.63343804872124,3.1929086248634873,2.8161594736782023,2.437394099018064,2.4509828371307774,2.8230605346657134,2.5674630065606743,2.81968854699473,3.4129673434761707,3.294892790235479,3.281087790397649,3.1317332764884767,3.1556829141020244,3.481104671732378,3.4228798051058362,3.2562546809341337,2.9200878987139873,2.7392502998255894,3.185566166289029,3.6149867009986862,2.8871704787169254,2.776767878074124,2.394276316340347,2.6356272624399857,2.876334652308478,2.5322794108797364,2.60422261729384,2.4381895484672955,2.773693033305971,3.8943768873213127,4.040192021947389,4.830208848551692,3.7144748030435797,3.884129784203509,3.3171615912583197,3.605790897457249,2.3076546151960877,2.5940870389083037,3.1153140669179002,3.4008983561449653,3.146904258715851,3.249282499649516,4.848390472455128,3.5775620050952126,3.247039865241875,2.7788391040773495,2.2293182855853915,3.0874508031087387,3.8987327283310873,4.1435226551305435,2.557196151304788,2.6173875241979463,2.3799331884379438,2.6736254051258084,3.183966019824683,2.8841766665779907,2.9094859528373167,2.6711098272857847,3.5006266487431823,2.638138886704375,3.2493567211520404,2.7608397539262692,2.6262041618493286,3.0529798929251006,3.0610940233778763,3.3649262077967697,3.2989213527385917,3.1260640609752857,4.989947973054043,5.114042961873008,2.6581562945880632,2.4196573770398095,2.7442796550340556,2.4922354604254897,2.7119906950117563,2.4289967167165365,3.017770885608779,2.9672830713740463,3.441053379611913,2.5603940719389593,2.7574128250122674,3.1152722491921705,3.2984815685107405,4.761603154340233,4.29914917761424,2.784892486957395,3.023903193323291,3.138753280854329,3.074718621562576,3.4298697437435095,3.352819694295773,3.3862523007818255,3.420002751582167,2.8227824931658447,2.6746669885727568,2.9007064785559673,4.458949536435135,3.1374672949476077,3.076021269548737,2.992317670224059,3.5424053073785933,2.5379222631863274,4.937548069011597,5.087717592773808,4.732335908814812,2.8834968850568377,2.6695161774373704,2.9481018090755113,2.22820734859062,2.3273207673100087,2.794616153910538,2.491131215723521,2.541394279171314,3.2451083698196146,2.6775791272781224,NA
Jul 2013,3.5050651830507626,2.6669588217881994,2.8375974896795566,2.5899110651179056,2.411817732585807,2.4263917449040004,2.77643176626089,2.925832891496137,2.7719677781839995,3.3292757323153057,3.0920834215210102,2.2218548548136594,2.518859491530747,2.5447278305895447,2.4523542098722064,2.3290569918491513,3.3100691986625255,3.264420450807682,3.2467011896694524,2.4851436997131895,2.448092381323952,4.400836889542801,3.247291429905746,3.4068445459678913,3.6726969182956806,3.691323879918311,2.872968494945944,2.975913572582985,2.7233330510542104,3.2413704229498546,2.8610631586492636,2.461454934884782,2.489740519521585,2.8476290987443953,2.591051531304905,2.81881094125282,3.4111573804563804,3.2818385736360245,3.3399667167338047,3.1176657411058204,3.1839459263900234,3.532620512632896,3.4367534212314492,3.2890627726828465,2.8428026926593977,2.7009241456736586,3.1509258608989184,3.6238216466205655,2.8329374116053017,2.747441665351393,2.3847795656129898,2.708663063780676,2.912488275778168,2.545308054127773,2.563101182813894,2.4808889280854065,2.783476958429666,3.9414501659863883,4.161521620770221,4.700123963566235,3.7956058682976024,3.9696673755190353,3.3131685214711672,3.547088823548886,2.3482830400848007,2.5993765225959735,3.120352361191412,3.391382034375209,3.150149413372128,3.2390105069376434,5.0144619094958305,3.676947075298291,3.2374038678891837,2.875538851169417,2.2269984290794276,3.101223184334354,3.9732990513284956,4.106716498164606,2.5242461727363525,2.5231469212098836,2.3206340386333575,2.6503984212529357,3.224782652625404,2.8680765841863525,2.960874473800305,2.6814028515672863,3.5638596297978506,2.6254157095691815,3.2165811673447124,2.762967539829284,2.6668109467052,3.0019599528417067,3.0445324351077745,3.3740481860351177,3.2720005858599936,3.186227520525886,5.031870634487423,5.204883741980975,2.670848217366638,2.387052429546757,2.7374176815244113,2.5522974244908068,2.674110936621575,2.467568291931654,2.977643839950777,2.9377963536268608,3.43475558031415,2.540730261870691,2.7159202470258497,3.145119160132445,3.231698292163891,4.699046127302212,4.344553010524302,2.767085061413624,3.0312958892500377,3.147290381691493,3.0556075850751796,3.317903436603564,3.3228300819062073,3.399335904576659,3.4053452313211094,2.8136050089803546,2.56491447491131,2.8108221600641126,4.524276583280752,3.074852434787452,3.083854552095683,3.020050623508685,3.531388853970599,2.4693467522003325,5.024779935538727,5.156411742700873,4.94407348788136,2.8942097571822583,2.676335786360296,2.9484100943625644,2.321831663472479,2.2778129420223037,2.7421255417405934,2.5160139470238003,2.540211177542156,3.2411319455286134,2.6782355230927326,NA
Aug 2013,3.521225991147962,2.6947471282263544,2.884334317693519,2.5716022885503995,2.448000450791414,2.4533484197423006,2.768435163927812,2.9464150150878963,2.7829228514340327,3.3228047677843633,3.0777428293634235,2.188359003080142,2.381410052614087,2.515065363586872,2.4749798096077833,2.4045734622069097,3.334412204746829,3.282263166955273,3.2788949144502,2.5102535828253836,2.4982040933479186,4.474612781284992,3.2559936982837687,3.458505412774159,3.72560745229201,3.752905741934534,2.8964813525740967,2.9416587440623365,2.706497016592003,3.2588991380575876,2.85236688748031,2.4240935701953754,2.5133814390504625,2.8227036399908974,2.6668055246211915,2.8765946032812204,3.475968732525016,3.3183061584812363,3.339241918722675,3.1482642704916772,3.1925255351387487,3.5401561656302643,3.453189254695674,3.2908157743850133,2.876763093178529,2.6790575117429523,3.183510861890141,3.669359694504748,2.893281603323602,2.8064012542904426,2.3599311498754436,2.7901450243925026,2.9197894756618883,2.555218872508886,2.5861611262356763,2.4397378390987305,2.772570902828062,4.046388606806668,4.157454003229108,4.86633658400382,3.7684271931878426,3.890884047215154,3.318154338394166,3.5676671762710783,2.3335120401355285,2.643396349218763,3.123762539007997,3.3892912361993943,3.189579303797128,3.261179031379154,4.881685925736605,3.651744525295257,3.2727101798661975,2.882340841826891,2.2722273696708126,3.073215996541637,4.04255252550735,4.1862100067521535,2.55759012901622,2.5109667761334613,2.3757417991233902,2.673044900979823,3.2275843660804737,2.8773604071804977,3.05098729056101,2.6607760827081752,3.5872821265270454,2.6128556071254367,3.267635673846468,2.7889221912319653,2.6764131791263672,3.0903587586524326,3.089704407490339,3.4206514623459907,3.257487081929584,3.161599515518134,5.127615571359418,4.992129131987829,2.6652185770000485,2.4167293005354766,2.7246220332658972,2.5697375850910777,2.674354292589987,2.445448537574679,3.0225172855223454,2.9553534478224615,3.4569020791552583,2.5698049572995805,2.7646927438929154,3.077844350947747,3.267043786914733,4.8121628317250575,4.338781203599234,2.815386680264978,3.0492577469215774,3.144557455111966,3.066302143863342,3.448463363727182,3.3673250896962506,3.447804829114752,3.472240309622561,2.8623614880816715,2.5743869872360223,2.8505278208253135,4.5899553269187,3.163593492694258,3.0971594551273363,3.0058889391890875,3.5916361883282715,2.4844977361372984,5.07070087070943,5.261829126504498,4.91745172429586,2.9475249252472153,2.7201632214930407,2.9493164539438004,2.2273745774944484,2.251898772217351,2.792302218556878,2.458539722849802,2.649932285863419,3.2748141508995086,2.671127060172521,NA
Sep 2013,3.521824135103441,2.704987049176723,2.863804000128265,2.555739220898912,2.536704392028665,2.4874076858040604,2.7529021063852896,2.9886105964712564,2.8074679487694363,3.318480354364958,3.091321437368859,2.2544220922558162,2.364601710647247,2.57798108385952,2.46421592486547,2.3758031236415085,3.3864638809963523,3.3008626812800483,3.2642787589806166,2.566505113508937,2.503784449743151,4.465238978124816,3.281221193269921,3.5292913691397447,3.741542744425098,3.7608440123170492,2.8479139664874427,2.982878280630613,2.6975397671502668,3.281429658783178,2.841436783354873,2.463960685905089,2.4603887754855274,2.8194643746892862,2.617702856291839,2.8501083615341063,3.472545565306594,3.3650144696556485,3.340119428678974,3.163159341489994,3.2099744561152894,3.5890757212151216,3.441466188536008,3.3051044037250423,2.89602151838476,2.7078336370700304,3.2532468560660424,3.679401931430769,2.887037050806979,2.815791661439854,2.3558949535011338,2.6656047510000453,2.9363150011901324,2.5981814234627967,2.62479187357897,2.52676290509082,2.8167350527462545,4.143929128067959,4.198815530622153,4.8808179184928475,3.7998437333258046,3.9340590752580877,3.3394868263482658,3.5542197608418773,2.37185327996282,2.609401402847336,3.1544683017439903,3.452982447374561,3.240956349451655,3.3118517909091327,4.955121488607133,3.703856949983861,3.293692008914385,2.8628067366539294,2.340080737572893,3.1511328817662343,4.046712451503928,4.179334097990481,2.528231876386895,2.458281828160762,2.3661569410133234,2.7459013185996315,3.2304933367752935,2.8770475701512783,3.0306189532475587,2.74545276902227,3.6406280492728396,2.689530772581646,3.2969986351627627,2.7807523401357552,2.7004374840263736,3.103586339511877,3.1100374200380254,3.425605358298179,3.2619358778780896,3.214209771789364,5.1666014264247755,5.073898621097077,2.645498880046467,2.384316760540835,2.782650349219246,2.5463911915913258,2.6507544731897665,2.3795232393896675,3.0360069429938257,2.972870365351049,3.4687103809532576,2.6027275179512226,2.7267888474230504,3.182744522513292,3.2655240913238632,4.9080767686135145,4.4749644542331914,2.8151712240096143,3.0452169033804837,3.181438677184035,3.097038224704535,3.392391285153495,3.4270808724028785,3.4995257370807544,3.526924078906949,2.893038215925206,2.5681675774185884,2.8350251640652275,4.646595536025141,3.1493173694081738,3.121546944564614,2.998190777455945,3.599991559508,2.425284422381599,5.10621317022162,5.404872634306833,5.0289700584619785,2.927813471614899,2.761284454111356,3.0368852389068755,2.267971384076892,2.3092928796814496,2.8123904424680632,2.5172012734046283,2.551900935030396,3.290551297177082,2.704073554160294,NA
Oct 2013,3.5788261606995078,2.699954843158828,2.8470400464534213,2.548819509676449,2.5380336720535026,2.5036695447254678,2.7874841810202544,2.9421892401769205,2.83904723315266,3.387680866711313,3.100209354925893,2.240312158051457,2.495655142738499,2.5405040607109006,2.4972251918857795,2.3408844761920307,3.3827228230534647,3.3122116201211003,3.2778926396216574,2.562434518761772,2.531804299677406,4.509278310681795,3.3092636183771957,3.5176736296878586,3.80065116257225,3.7670066466600787,2.909612004432434,3.055244751866844,2.6433098619307844,3.2835427129405548,2.8766473530336207,2.475643749973896,2.5270174668273095,2.8579930516558383,2.6407703000080707,2.801431854065563,3.5162637680469255,3.3578450138006852,3.3930722637058626,3.187240801558285,3.22870625084418,3.6407527188683106,3.45741028314277,3.3232425909779804,2.930838742811224,2.6945289706105395,3.2661454715136538,3.74853351259985,2.8990070434739508,2.859783195032124,2.2974967209087382,2.6561587816686676,2.927260352934422,2.538596520050462,2.6182208363345567,2.45947192823964,2.822338832009554,4.158463175920418,4.291793248853124,4.927764343342015,3.933345430721102,4.035500673177058,3.3517143710782045,3.5721104136193516,2.344227835885144,2.5102008162119285,3.174473207705338,3.4564266338008256,3.2255452867985763,3.3219644518683347,5.129893679781871,3.7346993586895767,3.335597426259513,2.8675009162558296,2.2786646862163393,3.1419398015352558,4.053428782959744,4.241813565428729,2.515183295566373,2.4852006351537304,2.299115887428599,2.7152226077519006,3.220892927899655,2.9111823540966184,3.0069659127995885,2.7393618529088855,3.5050538576864945,2.6537835198099202,3.3380705273668534,2.7774836263544915,2.7315473237616983,3.055117092247202,3.1288498785202075,3.3807848819691135,3.296352791712693,3.178555719125954,5.238432392360155,5.392679197711847,2.6495110440829763,2.3821701297158566,2.7306953630529374,2.541140235001549,2.704992613304302,2.4260419567542892,3.050443301071544,3.0161978817309905,3.5101714201783305,2.5854802484392203,2.729441041457081,3.1938435074995257,3.271126858369355,4.804748650517812,4.4539783514541575,2.8763601688460683,3.0274085140337985,3.1855786923172444,3.133433585030422,3.479324112505001,3.4295590644683007,3.472930579534926,3.4874422424518245,2.851723493682654,2.609540505426673,2.8948052533940856,4.672309541468914,3.139729659965923,3.1299892734389156,3.021463042852945,3.5624932337374124,2.397944156992365,5.217156345048199,5.227004982137729,4.936383761604673,2.9157334640671584,2.694012027671589,2.9331194530123317,2.2689203877378854,2.221351717535943,2.7536864825072898,2.524492340211983,2.559640644168273,3.2292921110961177,2.7278766827649203,NA
Nov 2013,3.5656698969051046,2.7106110261507665,2.875816976619324,2.557054909011128,2.457308727312863,2.483165488973296,2.793073989147332,3.0110289529232954,2.825694811303069,3.36747631838281,3.0984157659248512,2.2843488815620305,2.458769062247956,2.567442970008285,2.511546739975374,2.414408615576748,3.3738345250037645,3.331237821251745,3.3291698441977924,2.5575392018731464,2.4894554953579973,4.586303743876398,3.3005455416036837,3.5068384515656215,3.837664073931808,3.791054241950321,2.926004956180083,2.9733811961627854,2.678699482119977,3.27026147069653,2.8725979082671427,2.508120959025785,2.605141138678919,2.884375882548661,2.654706817445745,2.814541638785847,3.518058532504392,3.3470144443093868,3.4165606685933314,3.164781156050124,3.2168422536170587,3.6896585886111097,3.4851761525045983,3.3518877438256243,2.886907776326984,2.684027975891194,3.2561993890801872,3.776233302908736,2.926784902578057,2.8423822069199307,2.314892734291162,2.733898924537364,2.8949432549070826,2.545011922665824,2.6216151498648403,2.4670387117853463,2.8372497997304063,4.196083556800946,4.330810082652781,5.045963527548253,3.8748334502805624,4.020527653534354,3.347877176521977,3.59789075746834,2.3491279785520587,2.6365573412410677,3.1704063991528924,3.48671178613198,3.2390882511636048,3.31140633026053,5.273017338761153,3.735227316551119,3.2810803594888944,2.919448685054967,2.3264708669900704,3.134512152731104,4.112434239397885,4.245819240120568,2.5853597377410984,2.4874407664824956,2.359336079568582,2.7003345534861563,3.22144321901054,2.919857775988749,3.0630344780805565,2.6969111329177777,3.7554901786575052,2.703829731505401,3.3976942534415437,2.777900200357848,2.7451943123834073,3.1299455665515685,3.1323488419717296,3.4207118892407666,3.2963712612681353,3.196716368160135,5.226887550878209,5.513589734629987,2.6744905160674217,2.422271744325489,2.7854640833425606,2.613869786759772,2.6955468024903295,2.4395797392777023,3.060859011813862,3.0159067634134966,3.5257719323098637,2.5710463890111357,2.764039341819176,3.182942189754313,3.279804202479049,4.949601410400802,4.465774398720429,2.8679593203660043,3.0459349534601925,3.1902218326967717,3.105690672063095,3.4565360092897652,3.442919982841319,3.529334943808116,3.581827013749235,2.864390559117966,2.593953934964623,2.935549592427091,4.771986716119907,3.1771782382269644,3.1642579903137475,3.026926345758733,3.5818675665908746,2.5280001058502415,5.241996659974338,5.494937598803532,5.145639004688899,2.915299430392114,2.799516872042628,3.0067694351531076,2.2978958896624637,2.2920954035191796,2.8265354526074193,2.544576262979727,2.6375659603040273,3.3379728132190727,2.759004098882714,NA
Dec 2013,3.62262845346629,2.70541458863996,2.8790310503863603,2.644047598889917,2.431699232317245,2.539637577973536,2.8202914833929267,3.0027278960456756,2.8278958850751823,3.424778280850222,3.13873130673319,2.2185564690990485,2.360584801014756,2.5576295543675718,2.5028136306222812,2.3843550194152994,3.396659088790425,3.3217158884975113,3.320969038728169,2.5865843844343406,2.5647559605362855,4.5398538488759534,3.3102376920760594,3.5274566177463482,3.8803567652664155,3.8194020398138884,2.9483508861351106,3.021102132236854,2.777706334647278,3.34758417014501,2.9118850350574155,2.5963757548898183,2.5405266085881593,2.9084363428046696,2.6985371666354454,2.8539091464399435,3.534210021522635,3.441169221814588,3.424186504440146,3.2188070929914705,3.264155747915235,3.6831630769236132,3.5167952563592295,3.375689759029887,2.9798102140100444,2.7519716111354926,3.3384595578395917,3.7868958785644344,2.912786281624305,2.8497010724537097,2.3906716731184035,2.6537617947438514,2.939682347540506,2.5521114523203074,2.636854938430471,2.4966561672987075,2.8650522441271975,4.283360234207385,4.394448622312106,5.095112485933629,3.861442323564258,4.114076432827315,3.383492751721209,3.6324677090782496,2.3103436059557483,2.618068109267213,3.1574777313797058,3.5274329577409906,3.2577725058813773,3.3616662744215504,5.2796975626001865,3.825099683793154,3.3601293323094716,2.8648972915603537,2.2911187727274323,3.232007674473227,4.212515227911052,4.314451346921185,2.630382543678882,2.568843622656473,2.4045497086020453,2.74273342720561,3.33694086299118,2.950840754797188,3.0748853463703325,2.76633276168493,3.7117529696712066,2.7130785257197907,3.384699516782362,2.819070317362645,2.714250492411939,3.1380822823130634,3.117833526033939,3.4498343731520023,3.33445338297228,3.231414445979465,5.271554093434793,5.477259812553436,2.6602217938356363,2.449002600570597,2.815463753330144,2.638175572021275,2.764867070716868,2.490396682350365,3.10501458202597,3.0520781345081844,3.576091685759099,2.598442503903483,2.777537404980938,3.2576334929918587,3.3648362200750426,4.942893688934133,4.644591765154285,2.8974022452898978,3.0902055321852835,3.217761854936362,3.1055371564285648,3.455252398831353,3.458883117845002,3.475511114456781,3.584913764759913,2.9079513163400033,2.5683793345366306,2.8664136723247227,4.937983984231492,3.2258781273891866,3.144338351190024,3.0667708974906183,3.6335412642464333,2.5129957941770575,5.396634905374852,5.600401272180471,5.175524838508388,2.9511343157706147,2.708660688687843,3.022901629681984,2.250121424275537,2.3257781763503287,2.7941536363286756,2.5520188563624253,2.5078098424580246,3.2958776985265352,2.7448220507206806,NA
Jan 2014,3.6353677033146172,2.6813463561622117,2.87593215569915,2.589069292077662,2.415283534355709,2.5201926243648853,2.7986423685986437,3.016444861754016,2.8843102845698585,3.4030176276901516,3.123908905925607,2.215556551906214,2.4639995349408434,2.6212429297592412,2.5050328342631256,2.36030071129564,3.4015943499709347,3.3381625974631572,3.356040331926568,2.5441750581174722,2.5423291103304546,4.647517199646792,3.3129991091156796,3.596221967469785,3.906963884181045,3.849854121885539,2.8922347303392573,2.928449191957025,2.7063436279749715,3.3318543799680795,2.9200557843629293,2.4760129996049396,2.5799750661481364,2.9205470759574967,2.6746312885834773,2.8512262718730446,3.555924485351404,3.443925710876686,3.442342232048595,3.2035131680378908,3.239989067696709,3.7057459814358755,3.544935039006296,3.426654955144508,2.9525059125600883,2.7950358812843907,3.303362556336857,3.85935553688597,2.9980426815531556,2.909191268342769,2.354697483109905,2.6663083571365465,2.9573068148805013,2.5637487085303663,2.635160913884028,2.4608005272522404,2.8809228784370164,4.243543473223327,4.447032524450806,4.967931811491967,4.054137234686307,4.176561800565489,3.3700891520041187,3.5806123868623634,2.2654921348835164,2.6217121509030066,3.159187274353762,3.560296882453432,3.298614376916763,3.373639840102155,5.4366183389784695,3.7768898986396646,3.3905018897987795,2.882344761286577,2.336372311344145,3.2007654317770053,4.248172957804562,4.391499221630625,2.5992762930232223,2.4789008844736635,2.349180234599757,2.728697191601621,3.2404000271798563,2.9648373006501125,3.0434451411378385,2.6367049955278015,3.759200931383589,2.693404707348588,3.4496515542574975,2.783284055744209,2.7198831776574726,3.1450595567369257,3.145062965713646,3.486459586739494,3.3331861060085233,3.364703931630574,5.415799415003228,5.533100739719387,2.6431415099383333,2.32961929398798,2.77961264961091,2.564034973761159,2.7454736664269532,2.5417222621705595,3.1227049050807265,3.0301536017106807,3.583981198935857,2.5547825711545507,2.7113027961611054,3.201145084861141,3.3149841452888724,5.094386138053859,4.727228685015477,2.934195461427696,3.10393853941357,3.2216351603749773,3.095685568119016,3.5351425154625504,3.5085223816655313,3.5039592452329824,3.619047420566041,2.911300759138366,2.621179238919068,2.860220436521917,4.914193895767821,3.251235583454432,3.1813082063812645,3.08382083504151,3.580326076623805,2.5539683269157494,5.437477598954532,5.748386946441595,5.345772152053717,2.9262438749153623,2.7762636330897803,3.00898863956094,2.247019437346817,2.2382723737874346,2.781951666190471,2.5212025801725613,2.677643485787725,3.310251942368027,2.748125254637406,NA
Feb 2014,3.652535751835103,2.715294967908585,2.8996586332174314,2.5865295152801804,2.487731198345228,2.5291211419540733,2.8249519556448726,3.0323564329090886,2.8477634760759853,3.4195406622676074,3.1318073705463316,2.286290280815482,2.5013302095638585,2.536686451607675,2.536988514576148,2.3307034248515737,3.4380362437728915,3.3066052052588146,3.38009356066176,2.5905286670829946,2.536671322982485,4.648044667879315,3.31199078954975,3.6130889651438847,4.006605872264821,3.908376030643522,2.9157741111119537,2.9701483914117617,2.6710325514357773,3.3803463041449997,2.901185797704915,2.4513965473418273,2.535317989284252,2.908052835015453,2.6643999090774355,2.808055294485082,3.6072975345521234,3.4094035666606555,3.4861478291948416,3.2243674405241958,3.2719227895777947,3.8512627116656297,3.6094866119258997,3.399928674707272,2.971223135713332,2.751851590808404,3.345148344974863,3.900089912835809,2.9006599527798502,2.8852646638260513,2.3267757731232077,2.7144078832132927,2.9764804291134688,2.5891136632911675,2.653461694485781,2.479737583226327,2.8940595382059864,4.302540743860531,4.566717709978978,5.128164375986155,4.01087379390877,4.149105073807255,3.389381654944181,3.603922338360382,2.373613923963523,2.7319793743592653,3.2121716100916307,3.5691309046522957,3.321014218941928,3.4039385244704743,5.568236298647114,3.868047909603761,3.392293046519026,2.854945920771805,2.283079802449779,3.2104638659086793,4.296974688916707,4.342904575306751,2.633436260761333,2.582276215882479,2.4384269178966664,2.7778713637895787,3.270224040551675,2.9506695835068606,3.0546463465629143,2.7592519800431408,3.8513999387418703,2.6834776107188962,3.4831411206349254,2.8146125516080613,2.7405498763733953,3.20763592563287,3.192858706264768,3.4829050043567866,3.3912181955775944,3.3917028577472768,5.328656730217362,5.68551449988242,2.7048572688795,2.412389928730822,2.7899866085620055,2.573338772016545,2.73940829225129,2.38637360719442,3.1355606875990074,3.0822797148005083,3.562223068427677,2.6226955955471,2.7761020819577737,3.1829585012805395,3.3790131980875056,5.142996197256001,4.727866078213665,2.89485881166284,3.093620403690381,3.247485798441241,3.195713146703414,3.485544742052059,3.486978294986193,3.5783922249235744,3.6288336775605017,2.8596823991867666,2.728319870623093,2.9611074989975172,5.050409921698949,3.250990104430311,3.1458097298361305,3.0432755975426002,3.5485364359759344,2.491758505651105,5.535434572456729,5.848846572368088,5.130577702044665,2.9447663987305326,2.7457605684471114,3.020982884411808,2.205531027725948,2.29020347254237,2.8125125941760136,2.5275838254784095,2.519784551444275,3.375294995860025,2.7979249265745834,NA
Mar 2014,3.7101105094368974,2.7568891952347614,2.9566360820748128,2.6906885823406537,2.5748773493316857,2.5942632787317708,2.8326839935716883,3.075099855028324,2.911981648823383,3.4912716771415178,3.162628918561536,2.246087507751252,2.4515153964698966,2.576428947321554,2.484739979748923,2.439019227123196,3.5034962710595923,3.325553085924671,3.3806498746561524,2.6044211945793903,2.5481802028549656,4.6262634208822995,3.385208831268441,3.5349317860508123,4.053884611281982,3.9425578684332248,2.922352599762907,3.0477769449704715,2.755748395118973,3.424496894020622,2.939143905013869,2.4803286700890186,2.520774840105184,2.8884603208270136,2.6108619710670484,2.8572040474647045,3.580256253685962,3.456193474165607,3.55795692840893,3.2374621491199673,3.2843976170178677,3.845393002671139,3.5785536103999682,3.401597457304466,3.045360432852525,2.782318787857383,3.38534684281585,3.8547881965473865,2.968343340964859,2.8588660338975247,2.3478261515082153,2.730249731984029,2.9682543344266312,2.577143189156877,2.6171355714316054,2.5592789641552947,2.910205094951479,4.383392217575845,4.642573602200384,5.200261562226051,4.0410994373111295,4.170134094174574,3.413447231370738,3.6136467696036254,2.312860626575908,2.6275719757231166,3.1912860304716086,3.580906846832245,3.3565006329592952,3.4070265380119786,5.597329953254613,3.885533502498663,3.3723611805011107,2.8979110866247604,2.378562943832563,3.227371225150421,4.3505900289418,4.511266663068736,2.6330509703058693,2.5746271994582797,2.4336027240244045,2.755646719773398,3.22965818799451,3.004302787188086,3.109437039444177,2.775568960803834,3.798806151293055,2.6893172119365603,3.5172763085589054,2.8873171338620476,2.756335101588232,3.2464966225380274,3.210949586841534,3.510790773850365,3.4390360942668514,3.31712304627622,5.689972395764944,5.964487239717136,2.692270586570398,2.3487869905008942,2.8074243313665956,2.677851404281672,2.7510062290205965,2.5012665792233495,3.178861172759754,3.0700224253461723,3.6218460603722766,2.5955164571564295,2.7760946375865774,3.2141550462823347,3.3404332464483204,5.1421397539432085,4.871432884849413,2.965889669548871,3.0900812027428812,3.2782522333338067,3.178270544193458,3.507819414534248,3.5846782033078823,3.649681537255603,3.691930577391271,2.963001865183112,2.588638431306591,2.8717299373386127,5.011401206579063,3.269787031819248,3.1899997784088034,3.1062829668644465,3.7050313390688383,2.5114699780290093,5.734190649419426,5.993054481979661,5.348995045733312,3.0118150718784342,2.7072137741562226,3.1539279234030584,2.2610451723085307,2.335891725865874,2.880369281607807,2.562119815557953,2.6652215306114995,3.351474878328912,2.792067567052412,NA
Apr 2014,3.7771913964288983,2.7777561607398975,2.948768845150624,2.617786345805594,2.534382824801804,2.5045629571978623,2.8530458330741495,3.0905485400068957,2.933658167389877,3.494095192029182,3.2148885000514134,2.262054027751425,2.463735380807169,2.5980946424656666,2.540054639023861,2.4013873065058537,3.481204532700047,3.4181881935472855,3.4038260858820397,2.599108816909654,2.5688866287923866,4.715056438896832,3.4063063183291393,3.6435960817760518,4.070758649018415,4.005103642489581,2.965175276312147,3.0144313337381528,2.6924482475271025,3.429184383079294,2.9361759903655864,2.5197925326410227,2.617144526392671,2.9818851700846767,2.693392031213691,2.8883205140945596,3.6824153357858775,3.5142286735657766,3.552828625759817,3.2890619518281192,3.355830383418037,3.97659475667797,3.622675191192329,3.532902456660012,3.024808383529996,2.775363498332455,3.4022983264080096,4.0645927691046415,3.037929371474755,2.915368244788377,2.4215214699939076,2.8160194318551204,3.003302274467543,2.607679219681174,2.6977365008115513,2.551534674531002,2.9319789512902705,4.47099306187924,4.7388796732504455,5.586902587645168,4.218426524559751,4.252652053335792,3.4034075343247165,3.59914668616592,2.306224662682404,2.6727402638907414,3.2608535824659297,3.646694369011846,3.3505233513796284,3.494569390457762,5.333164149599043,3.9287097620072275,3.450434917861732,2.965548382860673,2.3096439667111817,3.239627745806984,4.504146377503192,4.5268566738591565,2.6122442703968862,2.5706018987481083,2.423405925041208,2.785748166610354,3.2951225023348503,3.0211320095071814,3.1218095465359776,2.805273846705883,3.7740697206212093,2.7734309056932482,3.473525763672388,2.864406196711771,2.7746750826881477,3.2800710365664116,3.2484201354283946,3.5684047553240075,3.463744520179956,3.383816576298044,5.740581371873491,5.987219865057806,2.698033321124866,2.400412154998638,2.802995343656267,2.6640230977335224,2.805185400724771,2.4796003086132243,3.1992504191785747,3.112803231536807,3.6695027694428384,2.6188795347078595,2.8060293089511568,3.2922075704156377,3.4160353262754426,5.360531231176822,4.846626799267436,2.932200111293552,3.1136366171114966,3.300990793392304,3.2211506866450046,3.5142539337947594,3.558500162008322,3.643894272383823,3.7358912614763478,2.918074610055097,2.811573329957706,2.9839758400237733,5.289497977050008,3.298081880940998,3.1961337964294017,3.17996710665185,3.6852361497611694,2.49295271057564,5.728846233102997,6.376049204498812,5.4899302194937105,3.007646438579992,2.7641762809437713,3.0958233825502965,2.3060665672549767,2.3011309286926043,2.9304038924485387,2.553548188050622,2.6890981292084892,3.4033385920031725,2.8283959128440013,NA
May 2014,3.8367510512929375,2.7972634884756227,2.949839645694589,2.657202391992984,2.4984523295056467,2.576985086941492,2.850534871596276,3.096092084991119,2.991974144006884,3.5623495010430255,3.2063652120805535,2.282477244845986,2.4208753053530216,2.5558583251032325,2.55158450710655,2.43384975103196,3.5122807939353318,3.417879995166876,3.4173979415836513,2.6350460679057486,2.593470451276512,4.820195920073718,3.4615244506256775,3.7088984163531995,4.266964091626085,4.093497347934991,2.9524250846695757,2.9753763152660975,2.716788099667338,3.4860649157175865,2.9775638679164103,2.5649714916724884,2.5842398846395906,2.9184699919681183,2.7398580778448007,2.887714949120266,3.692623941965498,3.5658403781203267,3.6264704415859974,3.2936859458904393,3.3719613607410235,4.061030376266901,3.6986335506378025,3.540664558793268,3.0321265737512126,2.8392786083061705,3.4819637458487924,4.193020362349193,2.9811729463075722,2.9106465165804027,2.4086230190840276,2.669261826157138,2.9829933498810353,2.614537056094744,2.726485345103581,2.5324380597823755,2.9335826973472963,4.58201676597354,4.802434737120706,5.423812178023769,4.199939000128726,4.411525334988203,3.461114489172295,3.6716298793181004,2.278982566250979,2.6810691900474124,3.312863051129722,3.704920600242727,3.4144977773993364,3.513892581825123,5.5511852823811765,4.063585304346467,3.480849608866881,2.934360196933611,2.368733380574497,3.2889789745257794,4.530526054590645,4.6426313254808935,2.628871905810475,2.659741547087982,2.4192522611479923,2.7471011738543254,3.3434235543421003,3.0429736684247226,3.1635184649179897,2.7325554566954158,3.8186784443443025,2.7610842305024446,3.5812874184983325,2.9087698270661972,2.8188984986400127,3.3206712830017726,3.2730668217151972,3.641391730158509,3.5280883211820844,3.4337541145498935,5.805885078617168,6.032406344617406,2.7551697052623547,2.482829468544501,2.900778774191753,2.688309663627825,2.7714236702319814,2.5454576686494055,3.2364053927205263,3.156302439121607,3.7273651632942144,2.685456262325886,2.8605377192976014,3.310876830721994,3.4808757815249667,5.311565952756196,5.089231853342585,2.9587941134724063,3.1492332879934564,3.3259689993361006,3.2817609117815607,3.5565843885956494,3.6500505929774025,3.655965589259854,3.789467673864509,2.968070670574179,2.673778579727796,2.957441944576717,5.354699734477431,3.334344639028899,3.250858638008958,3.1777559250354472,3.8052931448644154,2.50665484519863,5.961760044734736,6.2741814128729985,5.655986032266154,2.9829699297813437,2.7339031083789203,3.1474228131897233,2.271013687444093,2.304792288608955,2.836689678187948,2.587556285612364,2.6631597964768527,3.4418309150513458,2.864291476711765,NA
Jun 2014,3.8937784899721035,2.833987092137436,3.0198974715382785,2.6997543817276743,2.5502380524078685,2.6459307159918435,2.881314895835435,3.158183088709984,2.9687458831953495,3.5829219668768606,3.2453730975474526,2.340691473570165,2.4971919715877977,2.6069910514353203,2.5878448598854,2.4347330506046605,3.5546682272284187,3.4531206102490657,3.5105050411140195,2.595613573309125,2.580577991803607,4.894094366852086,3.4680438183733626,3.741586093303989,4.316356680331711,4.125459992086238,2.9927597143012723,3.0381352263145276,2.7646700580685284,3.5447535141542454,2.9782508728689363,2.5829617027186087,2.6291801573998255,2.9934100958953307,2.75377420837387,2.884539276477707,3.7552557461967813,3.5996949109240832,3.6395884091935016,3.3165008102868905,3.392096746459723,4.154540768824051,3.812591230984194,3.5508395322532547,3.057771473973552,2.843811042852257,3.473809754183992,4.253895959679003,3.016927696765317,2.984057678526731,2.3917676566912904,2.733160956708537,3.0349142163179166,2.626908503923802,2.6927489804555695,2.508854552196559,2.963678925733377,4.630217471205519,4.842839745948491,5.486221309834514,4.282253654894876,4.566139164975675,3.472479671459231,3.657082130224196,2.424715865276648,2.7044252878046287,3.307897103403983,3.7713243331650936,3.4552056745756543,3.609101488720307,5.501777694561218,4.138489111400595,3.5497961872887096,2.9876323647137335,2.366391604901419,3.3552517699164333,4.604463747356296,4.801810556116904,2.664236818166561,2.664424082411964,2.429671903780642,2.8372165863095806,3.2701260433986863,3.0666528545623626,3.1572647589292715,2.797535246987797,3.710201916100005,2.8093027414921288,3.491202220216518,2.922428441731835,2.8428555172624823,3.3507119993283503,3.3065109412022067,3.632939238815267,3.575502904968269,3.3831516560891846,5.991907087352957,6.110073575771387,2.7536784324178134,2.4093583205604134,2.878958370221281,2.6877926645407135,2.778649009076413,2.574284319639919,3.245926338692429,3.190834779676757,3.756468669568918,2.6888096244336923,2.838972652340803,3.3193508515889354,3.4806919464174437,5.564874062250324,5.181788253729624,3.027023363384498,3.132631807271771,3.3839904851654152,3.2866362159740907,3.575580251317517,3.6547827812307854,3.78029661985465,3.858626744042486,2.9815514143563977,2.7041483120267076,2.9880219548740454,5.465944035011411,3.4263321043139223,3.2948891689664737,3.16938257593137,3.805191842058543,2.5759879363985676,6.050800642781771,6.396796577078288,5.793213574718297,3.0080900265960993,2.796016060898344,3.1077011320551926,2.3236221271088326,2.36016534593234,2.9075992112611724,2.6400959451143944,2.633781063756089,3.4684004116872877,2.8902960008346286,NA
Jul 2014,3.9626676498546503,2.8095119771912964,3.0273556826008767,2.6475995283991276,2.488469046825852,2.579932271662796,2.9115920121178958,3.1527742860581105,3.0751662715190005,3.592793328152668,3.2455359378669058,2.2904685579617183,2.4723426633227774,2.6211256960252998,2.5753161224339514,2.4437214527437723,3.5837473781830957,3.4668810324538164,3.5139460146285977,2.609132125254711,2.572180508024414,4.941633909073644,3.52898331292016,3.7688404165295735,4.458558701317179,4.180326626286156,2.9524501545651174,3.005276963271309,2.7675460387438355,3.548939660512161,3.0239045947621337,2.561909965590171,2.614599243218277,2.9725825372553767,2.7340902107543577,2.8956528143890004,3.7990883821327226,3.62396025282413,3.772507486052716,3.3990450128311167,3.431169407067357,4.197567961035711,3.841543054433996,3.60714233265457,3.118178392156446,2.8438543186021485,3.557051280351313,4.276498486106672,3.083990695799811,2.9660453749053355,2.3900912701895667,2.7538862879549453,3.0393792283519105,2.6024916667380227,2.7308223292294977,2.5683576719806296,2.994660222352503,4.739906261714464,4.932019295259139,5.593544110085342,4.428401178297908,4.572742808223231,3.4753330886484077,3.6901275291991293,2.3602179055004875,2.6672148695160116,3.3264374594498696,3.8293484329077963,3.4743199066032373,3.6629087855354365,5.661417204045796,4.228619749547732,3.615973633534815,3.016449656098107,2.411575596122129,3.3386383759462004,4.6970609774731225,4.894090626648172,2.697719771954628,2.6329715407629286,2.4330386201137078,2.7322121986172125,3.319361625460561,3.0560235070190953,3.0925596382238387,2.7793709394904322,3.796522215634441,2.800801502544427,3.6010150612890595,2.9557216360630423,2.8444746719805494,3.387170526105232,3.3876586480565027,3.700137504306075,3.6293613072375477,3.4394830132956287,6.083948156587576,5.918420386182765,2.7623111731075167,2.4031545404039103,2.8905990994514563,2.667770605141073,2.824924996664588,2.507121945865277,3.270205733514522,3.211819357859662,3.768914391745286,2.674967216564817,2.832427970945504,3.2980782866785043,3.5315931293420864,5.58183854074884,5.237584612024554,3.0227418514722135,3.198394982617878,3.39012314663607,3.334535499904865,3.5354596463737,3.6937208686770067,3.8037446822808034,3.906840842437611,3.010212403866812,2.6942744673399006,2.9641938837780377,5.583606957999581,3.4474333825726657,3.275697033948502,3.2382682899723196,3.85389069775091,2.499578908821488,6.111249169959904,6.385754967021303,5.78816430307582,3.0274291611726976,2.7434633319343953,3.0479827407041946,2.300298287462122,2.308722023330059,2.86711489722495,2.606066449058172,2.67068251878912,3.5058913142741446,2.8987379220743703,NA
Aug 2014,3.9662050291941293,2.8340270163877332,3.02273275868591,2.689951798500063,2.6288154223871834,2.601379800835358,2.90997935443194,3.194285062567554,2.989985027461701,3.639798550026245,3.2522144022274606,2.347694395258751,2.4153293394915414,2.6213946458709616,2.5843220713971826,2.4496853343029055,3.5769329559778122,3.5025085425022127,3.583218457669733,2.65977967315036,2.6244795382168404,5.033986971596033,3.5507673700894173,3.823591260562952,4.522281503416782,4.20210190217282,3.022930113282323,3.0279133678092878,2.8117273895198363,3.599745200395921,3.031698288726101,2.549519535066015,2.62283034508183,3.0038902390679567,2.751486247266294,2.841123288978159,3.82592905112413,3.6685971893481906,3.747301493380962,3.4134384511552844,3.466760055006202,4.346691408358784,3.899024541117286,3.6375713001749115,3.124400165930857,2.8829612395636057,3.5887782941744195,4.370260421744607,3.0812712438685503,2.9876501841315517,2.3917835125933458,2.7260277631246823,3.0473350160079336,2.6503294350297226,2.7444911674560095,2.5811036890525694,2.98769818612531,4.888306329399702,4.994867425292414,5.742329646825258,4.405280976907242,4.640553245075895,3.509215505151117,3.714869749782147,2.3681302482741016,2.6788640542971427,3.352567982702224,3.892495584720224,3.5613053982904357,3.663261618852762,5.662439720983484,4.269221821358613,3.6598166184085503,3.000788466212175,2.410297687121039,3.381665531282973,4.807419188994485,4.963480292749475,2.707563828554277,2.573557166819564,2.449658623152777,2.852628699202112,3.361592200941747,3.084420079067753,3.266381324486806,2.8270841236274338,3.632782013850098,2.812787151903813,3.506149464196912,2.9814421707664174,2.826585114763036,3.4425280806392973,3.3927207994488957,3.7866176703442,3.640051068727914,3.429277019580644,6.147973266589013,5.9766493642222525,2.78976628486877,2.4565885759216153,2.918394371753929,2.7307751458379035,2.808890935470151,2.6019596406979537,3.333422682323666,3.2126149993125726,3.8481634230588706,2.667210792039971,2.841761187358111,3.3758511417318413,3.5285283200541118,5.525718058529108,5.207247395095838,3.0343479083413785,3.1700459400601577,3.4472684888658884,3.31185389549372,3.5603784565502563,3.7622481179961356,3.8204474029580555,3.977086069134239,3.018264350409508,2.734850030633783,2.9357966667870437,5.692755333642418,3.513355288994914,3.3412122139270157,3.270391485220922,3.9404031504493444,2.570904201512026,6.2160377482045535,6.491703211448786,5.808371202892149,3.060877146966869,2.781098920700499,3.046069438580774,2.2873586367869936,2.3161908927823114,2.86870992286938,2.6131068831561044,2.5929988447938745,3.502266151802043,2.9368525885310186,NA
Sep 2014,3.9988059220916035,2.8231741039290403,3.009193357238133,2.729513428609622,2.653391785101862,2.5756565795212376,2.930342682868884,3.2009434665332326,3.0569452565676034,3.610790096331688,3.2727643956618513,2.2721101127942807,2.4625337271775085,2.617362149113661,2.5741419561636953,2.4324728201319386,3.595279767057091,3.5344651572001413,3.57086846742819,2.5967433808873976,2.622916133836007,5.068646624955755,3.584203208517515,3.8192608575597693,4.547359203635334,4.221069178750796,3.029933172931224,3.020718493757685,2.8021713651200555,3.629712746734218,3.07446820261538,2.5864512862975864,2.6373848497767156,3.023929466749707,2.7886512191188997,2.9273902997088443,3.889679122591743,3.6994322006195604,3.779087430541265,3.430787259954743,3.4622045396003625,4.370556593508996,3.905429935246151,3.6639073396792052,3.0721692019052367,2.87129060846917,3.640106404124608,4.3483099905784695,3.048733830394968,2.9639973527008956,2.3726139752218365,2.7621796963309255,3.0668973957247894,2.6295944643097475,2.7368830953749685,2.5517208740664867,3.0006646390232627,4.880866442032682,4.988318708994809,5.75956713791305,4.423080558008807,4.658623076594243,3.513822362299625,3.749308279080012,2.3631513722891357,2.6901618620421637,3.3752239745929016,3.893674239524793,3.551348939983089,3.6885863045658303,5.522264636286986,4.28037520282683,3.6570759287545247,2.9588589695605854,2.343833868569366,3.408793594894522,4.7717665922486905,4.952293510886606,2.7240595653040756,2.6083780577719526,2.4454502100391746,2.733287742582899,3.449561414885038,3.0930204374601757,3.212363692752442,2.8144987164553905,3.8879178435689403,2.8373619798988168,3.7409631816383655,3.036139814012123,2.8111309757949394,3.4729839504268227,3.39540847589161,3.7795630221756213,3.692140254216823,3.5304997206147846,6.209789592401694,6.0579221403878085,2.773621330434047,2.413915688990519,2.885725200053162,2.7004362471041956,2.8183194086652072,2.6462725440865924,3.3134725910890355,3.2269418370540772,3.8813118237797783,2.6770893538358935,2.8749743570716637,3.42619525386207,3.556079080545604,5.514012143356615,5.224601985777951,2.983951181643721,3.1817066609132025,3.4469833205237315,3.3277692158387384,3.5400647628208763,3.808143373705179,3.9247718457125322,4.013955805810712,2.9978040234042242,2.7644702818135354,2.974087413306689,5.6916708115777945,3.507305804446134,3.356906674466826,3.339700274509665,3.9454043468355877,2.6210736482197743,6.193329402205003,6.392171434338775,5.72222611319827,3.0476298023220196,2.8074908421290785,3.1057758412892165,2.301405965659182,2.303297299359667,2.8953119031489534,2.6421579791312335,2.6977936880652607,3.542562474115918,2.949195489100806,NA
Oct 2014,4.049832117891257,2.85604371664818,3.0097573895066976,2.696658596528664,2.599121713157414,2.5257319216493688,2.916511759753229,3.247366231320196,3.0867213745080213,3.691705738600106,3.232648558507433,2.3875079733413713,2.632684720063551,2.643376159624109,2.5599397612840677,2.4793950118280224,3.6149269150137195,3.5079816861561763,3.5929957135824657,2.6538716973762875,2.577641317842203,5.122297441922533,3.5904609583710445,3.839441713274483,4.514009422834414,4.2873267468266345,2.933187906658138,3.0639187413315296,2.797361798438529,3.6799913969288363,3.061674122737535,2.6093979214180707,2.725732281471613,2.989655250619583,2.7742297312221242,2.9490406236684805,3.882128049446144,3.7277862185129975,3.796604767689683,3.4426916762859676,3.5162271716466638,4.320564408692156,3.9285517233655125,3.643589162314413,3.0781425293742757,2.8602368944349186,3.6441391902098728,4.301175260874753,3.06340445868983,2.971583440869554,2.3961241352299867,2.7501061336404287,3.034487501637174,2.6177281719821823,2.7617772876295303,2.5478976483760825,2.97956034520772,4.929541551661479,5.022045233478595,5.856110674608342,4.426106352337807,4.681135390711346,3.5253149906970696,3.7348084732450935,2.3830727809687597,2.6930769352564603,3.3574077538884626,3.931958007556448,3.5474699094538904,3.719876776260354,5.886109969748949,4.338499293166451,3.6671149999196504,2.972918095177102,2.3661705764432472,3.395666009103068,4.815176815382059,4.891165869626013,2.7144175745812364,2.61918946800141,2.441979410759925,2.695323653957079,3.365579494067354,3.122817194030158,3.2294935550887645,2.791946703178336,3.715540535946386,2.8393424861424563,3.705454475117966,3.004954950401527,2.821381219843077,3.5027918024392948,3.4729343076348558,3.804129507150883,3.691192443068602,3.486098681093506,6.035662236125917,6.107153296149869,2.7330356269496385,2.4208162119781274,2.9499877230816107,2.687039632385256,2.866888018638845,2.679274827878393,3.3079310633026324,3.2335648889877757,3.9184404482517414,2.7291229437764244,2.845356526642759,3.3598939080157373,3.498688450817243,5.630186208502712,5.285035908616767,3.084134898162342,3.1743847250864428,3.466096299420198,3.383479473908768,3.5293801483838556,3.8069855402935024,3.939407122352304,4.057003323696577,3.039978301820446,2.673257329184355,2.935594536584943,5.6560600112442785,3.491701767271334,3.355723668941116,3.2340484101839406,3.9045829713479385,2.556739708323597,6.051762888776169,6.4454437847094255,5.782946813050549,3.046222940739996,2.822786866775217,3.0474591171824046,2.2475998507464396,2.3406085766819706,2.8745047219867947,2.6622574159639094,2.731916895874059,3.491241910040279,2.9725498734993696,NA
Nov 2014,4.07080672966923,2.888538136847358,3.0123409779805543,2.7393007238999223,2.5477057465016415,2.6204714868818044,2.9331862132472124,3.21160239461185,3.030016085379221,3.678698309458924,3.24272625374241,2.2725613451805744,2.5301161603508944,2.611801303751142,2.599470318693387,2.4183260023565336,3.645415212997121,3.481858177968059,3.568482684759135,2.6559942230731464,2.616978911200966,5.032921917902462,3.5933787942410182,3.866134224827389,4.55790812357619,4.268084567222361,2.999008837877163,3.085808313869349,2.820867685984364,3.654492063489973,3.070511453778064,2.6006326641431423,2.653201620125152,3.0474893833178314,2.738195346007849,2.9446637959282436,3.8708290474289266,3.749981035436344,3.791402297021684,3.471246977951899,3.4916795932140436,4.289462223615898,3.9322641501156648,3.699818320964567,3.1645006458519456,2.897215205192928,3.667031464026337,4.390442355883509,3.050549498259537,2.9994149294327315,2.376439018761426,2.7326322493583803,3.0599360181378805,2.6360133241236143,2.754231066621,2.5713576770941757,3.0118010686679524,4.84336039703965,5.09488489611593,5.757148643393804,4.39490148941871,4.706420301875274,3.5292327298092427,3.7358904617500004,2.3472235492320515,2.650685104156531,3.38884447289173,3.9192302313815026,3.5882801249518215,3.7382832633653935,5.913132350621182,4.320074609011806,3.708016311350749,2.9680443035661033,2.422689314060551,3.416168229659148,4.74598691742999,4.905460512220565,2.637363631340066,2.632954164244848,2.4377220366013845,2.777028158675016,3.3937325628042228,3.1195969365355403,3.150040199443262,2.696667757495452,3.7215327625252774,2.846296909303166,3.816088877915117,2.9832241246913878,2.9027784568582673,3.51425674139401,3.4874716562771604,3.8908382886444244,3.703145657627807,3.503667007858138,6.098413990462922,6.152452700893864,2.7987450295622716,2.3796540678324742,2.919614116161821,2.704907372989998,2.8246429186193334,2.621714484396117,3.3886004274004082,3.2652245446308865,3.9044036031919673,2.7386401457109595,2.861558228466992,3.40249465923533,3.5755398529061155,5.463916526880973,5.12530989125663,3.031656053109299,3.2190044400325952,3.4926655805553604,3.408208644027206,3.642892655181141,3.8020029476443566,4.0121289417668775,4.0344279835403585,3.0667817879877277,2.7146943328071576,3.0156927399702473,5.659048708573017,3.5573688716754064,3.3807536921565147,3.278635210785181,4.0182368287919505,2.565255378190311,5.9564461482082045,6.401132136362955,5.698859593979726,3.0610477983891666,2.810654080270283,3.121313466864969,2.260143044064647,2.344233303849914,2.8643174726081324,2.5852537524787786,2.7250238792078627,3.5179334152921253,2.9568817719835545,NA
Dec 2014,4.085790690633669,2.8927582071458815,3.067871142279828,2.6680144214391466,2.6068854319099795,2.575623588295392,2.9194268430141546,3.2361262643434845,3.0068202400572823,3.6764921086197844,3.263036282227186,2.333680873804527,2.5538320314150984,2.61176178329803,2.5924683779040336,2.5018973868988588,3.6343074345704958,3.4807009917696057,3.6581397796579482,2.715748028278376,2.604082832395692,5.062112022439551,3.601201099115505,3.879239580677405,4.461965103723153,4.240847895953934,2.955283693860772,3.0644495675826198,2.7757164606604565,3.6649159356193444,3.0305087192572437,2.586670033851508,2.606966591074067,3.0475346176371336,2.761946916350873,2.9488600406731935,3.9338433074029067,3.8140228628714072,3.7980975220788347,3.478768803432312,3.541881371363859,4.267083310629969,3.9815609143377677,3.7074296351697065,3.1734268228762144,2.906320532839278,3.680717316694342,4.420892120329121,3.0127625991619205,3.013162315622093,2.377374245860204,2.631944947455923,3.0541882509373366,2.6655471225575633,2.7843762915808283,2.592591656381839,3.009278216103771,4.954208378740656,5.023821627377529,5.791642225169277,4.560830819643836,4.712245941848876,3.522309293774796,3.7355412903728036,2.3473275074329365,2.705622792864349,3.399352668614038,3.908303748612101,3.5943143562786806,3.7552666817673295,5.702964532172821,4.399196957092699,3.678766786026689,3.050727326699701,2.383243577853248,3.431740062998691,4.7346214124277335,4.88801496042821,2.6290347687729634,2.583770130931117,2.4434049912717457,2.723078504206418,3.433127388211591,3.141577440164053,3.20343239072028,2.8583910630240594,3.8839527380795555,2.8268540259960147,3.8624947448935925,3.023591315010402,2.8851293157483058,3.5550435195390073,3.4692240700708865,3.829681947317865,3.765383794621298,3.5163895709920077,6.138570928082323,5.662091250026236,2.7639041334712307,2.434877602971979,2.9389840399409426,2.7622109571339046,2.861109976566602,2.6012029002968364,3.3582441061863997,3.3040123638944605,3.902148041512023,2.6906569100179936,2.8705593814662493,3.3783498928581106,3.6002508930397332,5.82138778604111,5.289538832147788,3.0209547549008335,3.2230206765583516,3.4650296015793374,3.3595180382445773,3.5709319165574582,3.8050804779749714,4.063847922220359,4.127497938634269,3.0549473387514356,2.6637017196278867,2.9677113548567293,5.653930242938057,3.568488440435699,3.377975221777368,3.267920922027496,3.9721452816624803,2.6218488566779774,6.123031698144222,6.424928051934066,5.719306590779376,3.083793776161558,2.8087792999490104,3.084849683991528,2.3023937578726623,2.3396379588194813,2.886271822592568,2.6717076435297926,2.7515459072820714,3.550422152275631,2.973322646306749,NA
Jan 2015,4.116537181228329,2.885643809587218,3.026432793366022,2.683024163322277,2.5369952206493234,2.626420064644034,2.926648008764888,3.231168963085001,3.098916061719786,3.6790300647067564,3.272669662699748,2.3057021051676974,2.5367108803526217,2.5977233748391613,2.5686450424501803,2.4235177896115148,3.637335433922112,3.500462797046218,3.6492087007580345,2.644195621946994,2.5520653403376032,5.107781038949861,3.5909182156208854,3.854290112181162,4.5642061640514715,4.2798381805797385,2.935642790259142,3.047659986240934,2.7959416436567723,3.6906892006419145,3.030988150520772,2.537661897330374,2.577961127606661,3.036592183486094,2.7651995911252514,2.9213871845280384,3.895595646499817,3.8048187735929533,3.8309592479586803,3.4816103943258154,3.5056482850420396,4.298363199421335,3.935641486309665,3.723256129172538,3.1078592957070454,2.9063225332367977,3.6742009114792418,4.417247935635518,3.0751846354584407,2.98801716828271,2.369774154409296,2.6621646520795306,3.005055840458642,2.6443987774464994,2.720002085148146,2.576117653476892,3.0211147049699534,4.951681756960638,5.071614642597585,5.6471616167358984,4.522071366232444,4.752872450205747,3.5346884324494097,3.74241313594489,2.374112554119913,2.669794567629458,3.3891588996098583,3.8886915134651865,3.650179180104064,3.78339779419714,5.761153753218952,4.43202045962087,3.7093956865143882,3.0223213492298626,2.354053314502251,3.420878993881757,4.750775700063788,4.8214946922908055,2.632909868270525,2.676966176897396,2.4044800069270202,2.87380158662523,3.379236607302748,3.1310731612878384,3.1894261316403423,2.709971136202508,3.934394980028608,2.8161066487930095,3.8421770285268626,3.056731944879816,2.929997577274299,3.5800496171462504,3.4060092375879423,3.8298461144786535,3.7228146363928127,3.531042228611627,5.99937755870385,5.98647051051584,2.762537754111927,2.430079105900624,2.9472456013427872,2.7511303986090883,2.866083166134756,2.6280330800845384,3.3366053213385265,3.2537879719778906,3.893528537876467,2.706646085799341,2.8787146171689866,3.3720747485993927,3.581644170611891,5.606133532264122,5.2212318390837424,3.018757070976749,3.188003548019552,3.4512531134141367,3.3849317654112445,3.5535219167776644,3.820937827877347,4.041191253111489,4.031878426608557,3.0621652732847857,2.7108357344884326,3.027100528134984,5.627565207748459,3.5600298937963,3.412715228557748,3.274036705878504,4.071885711838849,2.5867913482020475,5.981418102200857,6.3825253631376615,5.626939347135184,3.0862675048475063,2.7811618966307954,3.15617247577544,2.3373128547045847,2.2680676893972445,2.948187596751244,2.550048662720727,2.7283640650705205,3.5474425220668655,3.0062803985101807,NA
Feb 2015,4.108961649679776,2.862105603982631,3.0450403188056154,2.750865873574014,2.5876785012579795,2.648102288983506,2.9185089050474216,3.2308810235923064,3.107620334396667,3.684622233197729,3.2400926243144137,2.221895154697455,2.507387427996178,2.6520756976011697,2.560332526175011,2.5016220779910663,3.583216240874186,3.536282603842795,3.6577590049475286,2.668660811771617,2.619939624838257,5.097219856180971,3.591942232927761,3.893585935951271,4.531655541276683,4.312516786028265,2.986956258625298,3.0242822979143127,2.821928005913767,3.6801668724527357,3.082722559850531,2.5741521954130007,2.6397381487746796,2.991436575390752,2.7900486124257355,2.954017105952308,3.939399864108876,3.7994595137913865,3.8487730856408,3.487729032692092,3.5281659433100554,4.371108595890945,3.978550830285094,3.6745174411483927,3.2080467483678707,2.925512376254045,3.7297231743567565,4.407721364893589,3.0690479079246336,2.951991976197598,2.3882610325955205,2.79370937013283,3.07449064012742,2.652098942048951,2.7324968810535264,2.5894218435397276,3.028956484354261,4.875590766012606,5.068479175264577,5.748270720533808,4.55512642486281,4.694644566251286,3.528111487904445,3.6787061791159568,2.369376223635677,2.681214414373625,3.3815102665173553,3.9579190414174423,3.6666558655024493,3.7777490610805957,6.051566199893041,4.409231540201663,3.6988708544202638,2.9468355382799776,2.4224624086209388,3.3940199810133995,4.856987145552643,4.8512201651447695,2.6612333903754046,2.668069966804012,2.440941551678742,2.8077511324697753,3.4113200802904884,3.1261903568127436,3.2001708782746787,2.903967302054839,3.855716154337753,2.824220472653131,3.959469947460042,2.9739731771395457,2.8528119143349686,3.4953249028459075,3.477997937269293,3.8652330140420763,3.8011443012299706,3.5832285006725697,6.086416555856617,6.122054712715053,2.79529012329154,2.431268874850143,2.9871328553805596,2.7289028253173564,2.86103511614707,2.610304903556492,3.342344457940466,3.2579260311238656,3.9162449469969083,2.687796889293256,2.8018783087508314,3.430159995666159,3.59691445928893,5.4342770409305805,5.252188144348311,3.0769061126313653,3.243297938557424,3.506032800664045,3.4293968803091386,3.5679729063435466,3.8047072428007356,4.21551164298636,4.087101894111552,3.03882440931123,2.7282433372857,2.9473539217762172,5.69916699422935,3.5480656830146673,3.3931258107298423,3.2741047107644548,3.9470744941201645,2.5778898710210534,5.88882096690734,6.232196873316884,5.690836040670571,3.1215680247621496,2.8698419764595666,3.149003639188398,2.2543724949291732,2.3067085047295124,2.9413695566778206,2.6466269507404543,2.6937661848557632,3.58130040206799,2.967364536346124,NA
Mar 2015,4.13640953979274,2.8948178685942985,3.057699420299065,2.7301889020663075,2.570290933527591,2.6912401613618995,2.9000561695528484,3.271822331547617,3.0682875540166368,3.734055238428255,3.243256860101523,2.3198022998193144,2.449257321688612,2.6334777330934838,2.599693001211379,2.4544665167424418,3.6797759921706295,3.523755154941304,3.647750673045293,2.6928998377237368,2.6227313130957866,5.164434400800135,3.599189344914902,3.9314321804533483,4.487504502169455,4.327686703759497,2.9631066519238836,2.9893723340959166,2.767126901182336,3.7112101569088405,3.086274471522789,2.651536660519021,2.655669016245838,3.0454877709655666,2.6990308165865513,2.942972577022912,3.9129409195163287,3.8472970867558955,3.8815584024538765,3.5006697397636484,3.5182644065587354,4.3615761684752075,3.9850622825173994,3.755860130200523,3.148404316364286,2.893031070106653,3.7540574363929133,4.46526689410916,3.1082358445547853,2.9812004398451113,2.3671847528999557,2.726953707537157,3.040190539870646,2.6524631691477722,2.740529195379141,2.6260115092533414,3.0469926730989263,4.9605987418451205,5.096478186922241,5.919382849298413,4.648121039244695,4.657283543153683,3.568455819943769,3.7431705733859824,2.4065235256081707,2.6920385953986745,3.364175143631358,3.9214389056544867,3.661499906016518,3.812640165978445,5.937389206738046,4.364434673015625,3.747946493386397,3.0229008810142672,2.404291209510401,3.42064533343424,4.83340978883016,4.968002972583849,2.6305686720118673,2.6706904306087496,2.40684414371829,2.804844269328325,3.3712452983680308,3.157178224803322,3.2178247764468044,2.7859705339274208,3.774610190770616,2.843564201742076,4.06393898887154,3.011235065113093,2.8780978603125345,3.579343110217086,3.5239973606017827,3.820925679414697,3.7305827325708,3.5948145914708567,6.113262569898045,5.991849294506463,2.7822355479231144,2.4540219730170394,2.9903799872255177,2.73564200995302,2.8280468221906974,2.6270840831284903,3.388721293819283,3.2935706698272513,3.9485305929071277,2.6620796443211,2.7982332114578825,3.4782763205773226,3.5873693687512134,5.471333862067863,5.265839916824948,3.0975901046003167,3.2688253941723904,3.53556066134116,3.448734912927589,3.5491704311611723,3.8829195874462177,4.309822597060458,4.173352185630316,2.9929240122749605,2.657144428148147,3.0039150401062558,5.767700971487849,3.58768391565101,3.416579211082295,3.2868320152748396,3.9900736797733707,2.598618132267191,6.1067633739271665,6.3842048768381865,5.7871324037140734,3.0572441664379766,2.803210486467781,3.1269565058762874,2.2518749759990815,2.337815051639039,3.0375356847894572,2.613425523298332,2.7386201742473086,3.6133076684032557,2.9895488998090407,NA
Apr 2015,4.188358837998053,2.897948803888826,3.0782616347008758,2.734691458266947,2.6218105325449863,2.674346272082756,2.938588054323893,3.26215354630749,3.126977493238111,3.8008697669016187,3.303991161708405,2.347252247673296,2.5811878858146136,2.6432877936938795,2.636648402943118,2.476103139633418,3.6529968227160308,3.604131543730203,3.697449188768674,2.666704091216516,2.6601391514920527,5.217685583725253,3.6798169160254464,3.950536832168665,4.549985379281349,4.393598915850433,3.015450220265742,2.986858783745661,2.7666025468193736,3.7067926227572436,3.0908758452543688,2.6097009224162826,2.6417738482832993,3.018790536013662,2.7886121275595883,2.9112850698053743,3.9851101963678093,3.881620682968759,3.886663233782477,3.549496245337308,3.5625659228354754,4.453535524622716,4.046754979249239,3.7132455045542065,3.179813771922271,2.9343901176232956,3.7314035360847333,4.550093471097952,3.046124761984048,3.054353465361329,2.3890954154490505,2.755345437833584,3.120676961841308,2.6709748354478653,2.7402592431470922,2.6367658718036853,3.0741366890871005,5.078692193283601,5.156712698145803,6.008318616111564,4.678074309242391,4.81281426304174,3.5241907293874264,3.8090163573364317,2.454769072670473,2.7204690886011504,3.441871015020617,4.017654669932538,3.7076395243604976,3.88720997735083,5.999159500382638,4.461250501385153,3.765887577906978,3.0554889136162213,2.421159064533832,3.453418685749248,4.825423321567005,4.9691849082353565,2.731734606772333,2.6691564239408345,2.4800194361836527,2.812569950581414,3.3702711630207007,3.185508035349297,3.2114839576398753,2.7299392486642393,3.9249503079194663,2.8732739369615534,3.995731977422529,3.028769381724735,2.9124164681099014,3.6027996645246216,3.5639316245004404,3.871438196432573,3.8440649017504454,3.692385387090347,6.236133498727784,5.978818049062958,2.7923088500506728,2.457055393617227,2.933663520152983,2.755120026351104,2.8949297699550893,2.6020224566744297,3.422815585935953,3.276850692503481,3.9653437297380374,2.6889131767496806,2.8281475857210165,3.4818810238076896,3.607855182676176,5.449770692666914,5.352579308443774,3.107967378894207,3.2112413886227045,3.5139517260213085,3.4735380109587735,3.6673113651481613,3.8847114764578783,4.305811617165345,4.178317882259851,3.0864217730534467,2.804078545154127,2.9479503433788317,5.7556564079279156,3.67833518465317,3.4150555395521818,3.3360012378383264,4.069914282627793,2.6477279579776107,6.1355023920809435,6.600264382740442,5.826607559158135,3.123184607976837,2.902577235959277,3.0878083431331187,2.257903787379453,2.362030387736869,2.9637986138537373,2.668476114828503,2.6531929730384674,3.6532951384296237,3.0410136535561727,NA
May 2015,4.24551939410543,2.90220150620183,3.075443033164812,2.737680177094643,2.625572536347594,2.6279744020902918,2.981477520269427,3.2762834828531107,3.1140267131218398,3.8017124502543695,3.3275348652544565,2.4277589436171185,2.671189856723721,2.6432935865319873,2.6249735812680757,2.448590519220705,3.6998005543403205,3.6122150242387217,3.750025566686732,2.6763211091699404,2.6696277646882454,5.336748918431715,3.671018133857134,3.9630027503535725,4.693991724401668,4.391662026196782,2.964278382787811,2.9949342637471292,2.8291572266395044,3.7746481480843923,3.1264772331671393,2.595962855057149,2.712915986499906,3.0569031779547338,2.7952910427948003,3.0183480811624,4.019609696196254,3.9328631177954625,3.983915316786996,3.576716801866128,3.625195092515284,4.5265828516054265,4.0518489659678565,3.7931055911963134,3.2175931266343536,2.9100516175942897,3.7710104351127547,4.570033190988053,3.0953750340197743,3.0539739828224337,2.412635721066047,2.7716091027531324,3.0684556869874835,2.6601543685705575,2.7612746260876855,2.6356757142202927,3.0716417689717246,4.976762083550214,5.193741847422754,6.144460000669567,4.7407912222901425,4.896488668980702,3.567632278251352,3.7891665178178444,2.3986560376568282,2.7583845607066966,3.4150790067685417,4.014894298352792,3.741427292662804,3.9152964014195293,5.951331457911227,4.547296189542352,3.8465189027707316,3.0414079203920603,2.445093872289761,3.5430048525904585,4.924242805515074,4.982390504552332,2.7019227420520675,2.6969385608599517,2.453934734721342,2.7981629770576397,3.425506503227644,3.173739966777154,3.2949720308674886,2.8044996261991657,4.086051414467875,2.8984767293142486,4.176555881111974,3.1503601168654787,2.921005936027408,3.6215759318363365,3.539201260471395,4.032638774536589,3.833648672067991,3.6733883290671807,6.229402479728023,6.1893025790988805,2.7782557448985874,2.5013254277630366,3.002207165587896,2.753195543345276,2.91760089977774,2.6322615472431017,3.4468603306399546,3.3394565766883284,4.02756715672645,2.7324980381416792,2.886589398969603,3.4924767954743294,3.645338963085375,5.537289277587176,5.329816752689703,3.1581074338463435,3.217024167951744,3.5434001912540216,3.494593922840807,3.660052317754429,3.9141977044175347,4.342551637422647,4.26298378382937,3.1084141867361232,2.7226755102339757,2.9882328516798435,5.865623899636047,3.7014411934966818,3.4405755663351045,3.3229602000043914,4.166488305194386,2.6029850223857935,6.111296953530183,6.642145712612257,5.761021961329066,3.1013306189881646,2.8267575450197886,3.179320102514193,2.2886849049651636,2.31530424463949,2.958021331856129,2.646591446036306,2.7178402621981217,3.6880260087573333,3.076011583904012,NA
Jun 2015,4.307262008558959,2.9332868823793325,3.099694333304055,2.7287738094539686,2.60702319058575,2.6086512591832918,2.9842075137938013,3.317322319407215,3.163392729145557,3.8097521056785357,3.355843639704606,2.4282568220625396,2.5938915103425217,2.6469825212668807,2.6355437955476186,2.4722134820119543,3.70841261386312,3.589939438243455,3.736204352101021,2.704816803728279,2.6814734318904683,5.330870512269964,3.68624146085071,4.011272558105969,4.728486329532015,4.411803114918575,3.08322587542202,3.0223025605713643,2.879562782327827,3.8454181371957317,3.155609290195918,2.5668115739177058,2.6296705452462503,3.064482995128734,2.765561020378196,2.986108653846381,4.082371682908571,3.917864473200633,3.9539303551828997,3.5691752867775923,3.611770286941479,4.528035752682604,4.135310039541338,3.7804194524626027,3.2095164860548264,2.9515430933420914,3.8290139267744756,4.601147023028489,3.1526112191355065,3.070089339707422,2.4417466895063042,2.6792909180303632,3.116591113480883,2.6611629138282646,2.7668403249203086,2.643187669430873,3.0990808732910518,5.189128816152816,5.2701480358535315,6.045481442615896,4.782197305424306,4.947072648714303,3.5817374535895308,3.788566149425664,2.318377262845365,2.7437788844085156,3.4828649970256884,4.051345644172114,3.7933312548867106,3.9770551974127613,6.175308497677565,4.627527340097941,3.8677636587527027,3.0176326862632554,2.4555616180969757,3.515412520612264,4.899829576145223,5.051479307426148,2.7523530187691545,2.7003532959178473,2.4997163621207723,2.8760156773700514,3.538014025480483,3.218609200557734,3.3258640401414046,2.849402953568223,3.788070567983161,2.9204695345492584,4.160455921654262,3.0695842502576824,2.9430938948015886,3.6870555369699245,3.581790522524004,4.042377160557069,3.8778209542842705,3.7141662957671975,6.239354668309849,6.385209179450022,2.805002461372878,2.4174010239542376,3.0527838224495256,2.7817730448725952,2.885535110362605,2.6371909884643703,3.4755628803306298,3.3839700034140243,4.058873988560559,2.7203144378611954,2.863505346744399,3.486982292928418,3.6682541547483503,5.728731573961233,5.444899065157212,3.1649120592650406,3.2784549029580163,3.620585167719675,3.5575280101528675,3.688658719575146,3.956245435693413,4.3769989250760535,4.255777255463947,3.080456009253916,2.779884242389393,3.0188333941616015,5.8893150517607,3.7475606715607546,3.470999283318342,3.390414258800386,4.141863924339987,2.6068654206806796,6.227227385109639,6.819004424926932,5.973052728776225,3.1418309861334093,2.887749476817123,3.167899119183054,2.3120617813417055,2.387273283511877,2.996263989869707,2.6719638480459715,2.7449455995717043,3.6533516616980455,3.147116539189891,NA
Jul 2015,4.351579156135439,2.961600964812624,3.0907424532678434,2.75761026453828,2.7013295705757585,2.6787985253375624,3.003965331009006,3.3377321843072827,3.2239321476466896,3.8350920732270763,3.3487522291214025,2.369252748627912,2.519257695519248,2.653750921010992,2.6334360619264126,2.46502526387324,3.7689536231479313,3.614537772725076,3.731474039111684,2.726628368475592,2.657827800861572,5.378270516266058,3.7390860286186984,4.059789157416463,4.756434683645736,4.508450119166312,3.0501836445776482,3.11422020383151,2.8170663545086314,3.8612698028595815,3.137147081439829,2.5971078427864382,2.6675784841124575,3.0976771107603773,2.8017196866540264,2.979007506527603,4.156266998174865,3.9821145182121587,4.063382524554591,3.6126415063296196,3.6553359276119513,4.708052805905637,4.146122298299064,3.8465926588871295,3.2705112202874522,2.9754868240430907,3.8721559761128064,4.7096541072500075,3.1466079523088832,3.1057283478617657,2.4656111362000743,2.6855861436672535,3.131233530395553,2.668779361738434,2.8056266683248836,2.6158301048725536,3.093244462739842,5.276027304682922,5.248338262045989,6.332050215415402,4.798362726872328,4.822086096438395,3.5977102347603434,3.866675175307191,2.325413164536055,2.726417002628124,3.4922835773272443,4.132318022117157,3.814374061945431,3.985777373707436,6.169228297506216,4.678367093620414,3.89407880789985,3.08029498225128,2.4146256920451536,3.519807225481903,5.040433470943746,5.232834518905496,2.733665913568553,2.6399904597921515,2.4457419898896204,2.9313192264933154,3.446150167891667,3.21219414245838,3.249170055963577,2.846286162112025,3.8035591937832676,2.9463302168676746,4.132958363945388,3.1565698247945746,2.997547932870585,3.736018588791288,3.613817694856898,4.020817964512554,3.9184742001097344,3.728287979297468,6.341365407349157,6.516561589989567,2.814683093020666,2.487299364095056,3.0585881297833413,2.806127950363403,2.9034820452425882,2.657334274635576,3.484013772623011,3.370211961854798,4.116456866618791,2.743423655336412,2.8923329976080856,3.5659832571971317,3.6810014791183883,5.648008043278376,5.5787706925749125,3.1331507387963313,3.242453488981488,3.6028028217803336,3.5728383540412727,3.659828885868447,4.001248599985672,4.5255357909165665,4.3751930064556355,3.141228486948418,2.730459831263899,2.9917342837074887,5.989638945134823,3.7777817634990725,3.5005170253692484,3.38985871629254,4.172314663925593,2.640452086497685,6.268012726121628,6.79865297367218,5.8754058020195945,3.1515079840539912,2.8352374813672596,3.220850304895158,2.325843316246165,2.3559114551441236,2.9027877967953177,2.6291403949686982,2.747810873487707,3.7452373917011084,3.106705086815898,NA
Aug 2015,4.409494965463298,2.9725901366692344,3.1851490031357725,2.814563708373397,2.6069403016079162,2.6862672801175718,3.0254579723411776,3.3589250820725063,3.2467731854156203,3.8981001119272554,3.35315966051866,2.3522305310149774,2.6508600853095894,2.693286699345151,2.662936646467305,2.4959699547324474,3.7660445743416884,3.66142428995181,3.772388510885954,2.7109707610350773,2.694237163981675,5.438754566838464,3.7950818422511503,4.059408736452269,4.872068854998394,4.5958282872200895,3.0802171598707355,3.089534457515643,2.9007619511000837,3.8848384019000455,3.1700520383583966,2.635001912566152,2.6437526043576858,3.0985795710432322,2.8231513393051633,3.025357374061734,4.149485206904756,4.028847834946678,4.0786883475083,3.6492035450801703,3.65683304854274,4.722326689313899,4.1898933796484314,3.8910064674209366,3.292571245307876,2.9554883113267287,3.937408097535416,4.749927532591925,3.105397083654418,3.0998415373078534,2.4269764846568385,2.742432864972276,3.1573235130885777,2.6926571286848375,2.8395893276513813,2.622902947652147,3.121508036752283,5.3553279173539545,5.425597547891836,6.3151353818281315,4.971468597655118,5.021682582810574,3.6425319114685135,3.8279289125799427,2.3897865363812354,2.7327696497153102,3.4996597519510377,4.188358601840317,3.8319947665590623,4.03109818012894,6.223635489706904,4.727516205145949,3.9389429014396993,3.0589882519921034,2.425516819249871,3.5609317316764333,5.12078312472384,5.182429720346193,2.7612110425916603,2.706140166128224,2.4907733682858857,2.8280475088378947,3.369998975947664,3.2332743739941687,3.325572902647729,2.887071989489993,3.907741317835363,2.9319672534858765,4.2756888658416665,3.1824946611368867,3.0037557359291562,3.757641671672577,3.675909427974728,4.053594727317538,3.942860682605848,3.788971852836431,6.510434052844693,6.375093539510639,2.8224496479807666,2.504733812533941,3.0490289661405137,2.816325844676519,2.9599901274297897,2.6536012952855987,3.5310419295636244,3.407206343440114,4.129282553561834,2.7814801768408626,2.8963131395635475,3.5857022117949944,3.7042416138360137,5.679346586790998,5.582384645840767,3.183156914057702,3.2975109549115174,3.6429498204468342,3.56697731918722,3.659025257585558,4.037697382435234,4.504371479175082,4.381967135542358,3.123013999320807,2.7051616258928517,2.983915011401332,6.0713475511217,3.8349860446175486,3.5342408078226044,3.4899246029512265,4.238774145354944,2.6015849713478354,6.285517859299795,6.799952044983319,5.982743700514845,3.2094400897991524,2.851133082042766,3.210298507511538,2.2577870677264187,2.3810226255340905,3.0208189155514256,2.6879673789023713,2.7983011831607136,3.76497492907792,3.198359110840161,NA
Sep 2015,4.436494620222405,2.9832393996189177,3.1390550839726616,2.809027681819675,2.6505720623413405,2.6904268208457975,3.0463621251301407,3.386200874491397,3.186789020852005,3.912593492824985,3.3792388285736497,2.355532532880468,2.566038156967289,2.668605867303528,2.6795920356559937,2.517835873104221,3.8076731284786907,3.6689825110347343,3.8421963417538123,2.71487413640731,2.683254109647905,5.478245000678825,3.8234307225779234,4.1143546894245,4.936770899354937,4.583775565030864,3.0402438414603155,3.1091178811526263,2.8358372745145286,3.9173267190481873,3.1675899600317496,2.605977239480002,2.7414066960265333,3.189826558202105,2.8108791976273513,2.9968980185746843,4.16299241439306,4.0767260137669945,4.091762982248645,3.6508865675591435,3.6656825593366724,4.741573150883828,4.252144533193349,3.9052881882328356,3.356478518489539,2.9787748350638474,3.958655189850101,4.841205039142027,3.1675959999868386,3.091357980880804,2.4359383444113334,2.794546010246345,3.1766180591230744,2.725605321725132,2.8934764548355645,2.6513309412796167,3.1174640075829507,5.36764130040173,5.298669510749524,6.352711956272958,4.9518645015566305,5.034342586914095,3.6380278673067568,3.886338714048993,2.3825299724784568,2.7546071426503183,3.497543283283847,4.180807814535962,3.8794098361177975,4.069856231278712,6.320602022164367,4.765664901645413,3.9947319308331,3.025822676531908,2.5043877893203947,3.5636952625976948,5.158584833767182,5.256627544696832,2.864684234237972,2.7086800722436166,2.5874484843091365,2.950117301464984,3.541369106591693,3.2078351410947037,3.3523321481437813,2.8405450759975217,4.074489504487894,2.928480389193947,4.329848992424109,3.1937824829690853,2.9637104005528543,3.7840269291474935,3.6989148647199155,4.1113640820451485,4.0699357937522835,3.764177579194087,6.516001028770643,6.264539729706248,2.8331689382739067,2.400677669283253,3.0654501557310168,2.813485058729746,2.949243290443835,2.7509969093655733,3.4988280944542254,3.432884401603288,4.131018550720027,2.7363904059242024,2.892833950994044,3.562176994175398,3.706700043455512,5.865352789590531,5.7218163468690735,3.183740536663737,3.3190277632226817,3.686386158730168,3.619585455524148,3.6932676172478205,4.068385943197823,4.53447990380399,4.504523060982304,3.173220137165526,2.8100435252508515,3.0238220241686826,6.108744684304001,3.8368154280870703,3.5724250238710336,3.4302012373691153,4.331596783856097,2.6764045672941608,6.3438488580945265,6.908110720434852,5.881654144987788,3.1544712030615263,2.9302201677997477,3.278987785363671,2.3315978543011817,2.308237205744888,3.017062256230614,2.6855214337680966,2.7122853626459587,3.730875849060909,3.203932258278107,NA
Oct 2015,4.480303316439484,3.0066943538431987,3.117070408228922,2.774162350486958,2.6815156061307017,2.706358474563731,3.0386649089602287,3.375232887397565,3.2787115351631315,3.939337772887531,3.3719026447323266,2.3449979630184696,2.6034338344607284,2.651388801841663,2.685066503966343,2.5320786276012073,3.8371151016413316,3.703825237364945,3.8232870341639065,2.7241605129826874,2.6952120931165484,5.512506859908568,3.8377672040263353,4.115602321011173,4.941411928140088,4.721264025388136,3.0582157368455483,3.0978613390870824,2.8502642630370425,3.94817854819132,3.204864089635856,2.6523292769253675,2.7131532211445424,3.104373101847645,2.87050153271238,3.069360430391057,4.274675461575493,4.086944097627487,4.135465696619848,3.7042973483071746,3.7254121390580024,4.8021080749604215,4.203550381309946,3.941337245327171,3.338751705514812,2.9807678245794196,4.019712667056852,4.889003162260774,3.1427528083479213,3.114986316171131,2.4204166232575193,2.681375362973626,3.1461899499984627,2.669239286213733,2.8316760539892285,2.6350144941281126,3.152834332806274,5.3850936564161875,5.450117054385204,6.344955304604745,4.971736647983356,5.078472587058557,3.6466195847451552,3.847197740368839,2.3800212224804302,2.7450066858303193,3.5208961590764147,4.265403863586206,3.949095679412422,4.146154069145809,6.400173419856731,4.8447815865583985,4.0255005434957125,3.1285710379015894,2.4942521276088563,3.5668598459281293,5.221659326004533,5.371896953634311,2.7623534134947674,2.687896533850621,2.4805322681888855,2.8396153466174545,3.5076437962790106,3.24861606328506,3.328391383646453,2.8544576800985872,3.940439680905426,2.944314782712971,4.433791355496707,3.1972264942076603,3.0398841119791413,3.862344710238622,3.7145813676323813,4.0869237698631835,4.046726630355591,3.8393605180051753,6.465578599101892,6.240739987914561,2.8357335522071625,2.426446620160134,3.1072973060836886,2.8301361264858187,2.9668688425107725,2.692695590709147,3.5454501163869354,3.470754597340034,4.146628053984824,2.729944735301269,2.935436310117599,3.5603156970531913,3.7249576022904223,5.802580874914228,5.728635728898408,3.169847642462899,3.294630780722795,3.6866942611606444,3.5611968665125753,3.6589528087108607,4.127971738141805,4.5358889469513874,4.559467450632279,3.159442956086589,2.7613899245498956,3.0313811232438077,6.173962689017873,3.880514536650462,3.598554425164686,3.472966389073717,4.268041607709951,2.700124425558382,6.371318638278505,6.838149610574586,6.024135736566278,3.1670648069221734,2.911958019460579,3.269826177937374,2.325264025543042,2.332277215526772,3.008753141413676,2.6918183456079436,2.7550936114177893,3.7969201750407646,3.206985343231917,NA
Nov 2015,4.523753671696106,3.0695786067711417,3.1364789814345375,2.8021193913420923,2.721579463612514,2.7207641532094313,3.0420851779239686,3.3993562021354236,3.2867667012172164,3.9594150095308915,3.3927203627987823,2.3911040982024403,2.6106517608796236,2.7056520151273524,2.6821343835203586,2.556274086199655,3.803234558018925,3.6938025320489127,3.8187489433293345,2.7305894252868215,2.664914658423565,5.53266887427701,3.8940406012326183,4.146513436241969,4.952657597195602,4.718318130846373,3.047956399538169,3.0445377951522117,2.8382710149348473,3.9254102844050935,3.196595669724004,2.6475604910956125,2.6704559738743328,3.114229616576404,2.875513716572572,3.0199161757756854,4.301544205719223,4.175077060967718,4.1936272065759415,3.7232574920947115,3.7517669125972577,4.846963861339958,4.29828416301644,3.911456848017532,3.2768348756762014,2.9468031902131724,4.006578500815837,4.934261609321156,3.1915090530288652,3.119723588269256,2.436882508131886,2.7486728631874486,3.154543656243549,2.69319183581896,2.8486502281015382,2.673165711077139,3.15022954796596,5.54991212357867,5.6157046809277205,6.485431543141534,5.095877629426101,5.122526731228734,3.6179121771153966,3.873678059004461,2.4349146163228936,2.796935627193898,3.5500260595244737,4.286935099671116,3.9632530505665793,4.140506451554468,6.484973485327439,4.906262310388149,4.031421485949005,3.0847046614013114,2.461507922658479,3.60447043870525,5.262198539799303,5.2169176735395855,2.8261456614627383,2.802995050324932,2.5082777552017643,2.8425106747780813,3.445888550846759,3.2668630989218124,3.3609313258244145,2.9212043976644093,4.0636460854619,2.9448490340125004,4.543054985769314,3.2042156753092352,3.0302275623398582,3.8932327086235436,3.7275030761485475,4.142306922934567,4.070632140813535,3.8877003859099957,6.5278306972861,6.429355522683565,2.868211394603886,2.4558806373008415,3.1021466056197267,2.782925896466004,2.9484726724516253,2.760898659171792,3.581139262599156,3.5313599127024546,4.164041741945064,2.8272469102063553,2.9778476546117716,3.574944239640158,3.762828037222753,5.849816562417525,5.68744691862553,3.218217090261039,3.2576604201230426,3.7183145426717226,3.5569596929817155,3.7002943099395114,4.100202279140042,4.471791251697494,4.66062725120205,3.2030145716444616,2.794797323124952,3.0017725711056844,6.318583633716131,3.9480597034681866,3.645480347055714,3.5335513639633644,4.403731508059842,2.673018521407216,6.403686806083613,6.968693330806452,5.834773584870537,3.163170000424213,2.8937678153645976,3.2355467036926706,2.347020890736856,2.378336504986423,3.030893791785952,2.7005295603829915,2.8066988346822246,3.773498112144078,3.2851655740436794,NA
Dec 2015,4.558965508526547,3.0082848473645565,3.1745044486915965,2.834727074788874,2.7040174978230893,2.7704245227164392,3.099815553010576,3.4391828198636034,3.2871334099361613,3.9739124458560715,3.4111942251577867,2.3482710413110914,2.6283352086847205,2.679924573465813,2.6521196093492727,2.5575879071320795,3.8784102038164785,3.7080875060438383,3.8834471104775536,2.7157592020297847,2.7143874902159513,5.579868475247006,3.9126737367783924,4.177096450046416,4.931210135411086,4.81614070554767,3.091132814404996,3.2052185214382587,2.904494584749519,4.007376108034145,3.188538369146485,2.617170263337322,2.7175867453298315,3.115708929818043,2.8648667198978086,2.9525641809656697,4.270073100835995,4.2201055507417085,4.209151286898321,3.7851726334927247,3.7297574340525905,4.9015816585226935,4.300388063109015,3.9734656836464994,3.3627104158193126,2.9828708980174428,4.079511763783491,4.9926697231591035,3.2078008843719887,3.1411762999404966,2.4605108564716023,2.7135638239015227,3.1729068566098544,2.7367689570979343,2.8449695882855734,2.649471692186416,3.1528734449084914,5.559446896437724,5.544699099662612,6.569934230451701,5.129871158292709,5.105079910150557,3.623253484671343,3.846392325833254,2.3837750475716284,2.781786884965837,3.5556754957188996,4.278591770742364,4.024695590003986,4.231265118617791,6.5291769318008805,4.981381824960001,4.090340475687075,3.095631345805788,2.3899319320389827,3.61130532667358,5.253156528571052,5.319754601192126,2.7471802032861037,2.6678323704033198,2.559477010941699,2.851838773589159,3.539190585677547,3.2981661214197877,3.2883091585628943,2.85672953902258,3.916934121283955,2.998988453929411,4.4748168951568355,3.193913786753115,3.0601439563358674,3.934649517889068,3.747502870438239,4.1745466156447195,4.154042173733416,3.9336717029665778,6.649357972320725,6.549883343664862,2.864815415116949,2.454413479783986,3.120181788599765,2.8501411644597705,2.9601237568461425,2.764964802748701,3.567284981031891,3.4900238229341207,4.22366826876943,2.797939559540885,2.9824951730260194,3.6166937242047283,3.7819681662610276,5.893563952746816,5.826719700354136,3.2048737346660077,3.2783537369899673,3.751340325837,3.6817983050206333,3.6474493134862422,4.167472190046224,4.535602217501814,4.716242560531685,3.1449070588351455,2.7846672726424884,3.042767994211656,6.316461670579536,3.978265590167,3.6351091434978557,3.508892779467376,4.469824755993551,2.694417765058131,6.495768378637416,7.017260640232644,6.1939463051815595,3.125230812199101,2.853522900825481,3.2260907477661713,2.294425010351656,2.348642939093847,2.996191745687049,2.7473877135306033,2.8069658697339337,3.7960430300546064,3.261378092603796,NA
Jan 2016,4.582834375475202,3.0992105827841723,3.17814529925734,2.7662639634377824,2.7367502761755045,2.704061725512341,3.050761446428157,3.392933266323538,3.2649165753971845,3.9987272063512527,3.413949185304623,2.333470111561304,2.703366638040879,2.6603408076322324,2.638927278189277,2.49545993374068,3.8958216249979007,3.7046361145130677,3.8916665938769515,2.714714122419733,2.686151325387073,5.618019437018125,3.9174502001765634,4.2390314367794355,5.056935764390621,4.859114619916802,3.0576801869665,3.112027750783375,2.8327771984541648,3.999490215172593,3.2349402413648853,2.745782514897011,2.676232853670053,3.093809492685489,2.878140532356155,3.016702990946028,4.300961455339115,4.26886874124242,4.237811478625592,3.75383787456783,3.760755920724849,4.973455352003251,4.30493358683835,3.989352864610283,3.361688265883623,3.000098206407944,4.042993018653891,4.9725802383717665,3.1771042291064635,3.161552781762992,2.42208717802976,2.7051915985473856,3.162287418563214,2.7403490950738734,2.811133587802646,2.6866289963641172,3.175132092879146,5.566033593324446,5.581850264713549,6.698261337319587,5.220676762730249,5.26549683193312,3.6657495949226035,3.8432952094225246,2.3780153963281174,2.7501549256577613,3.5230496227346983,4.332147102852263,4.003285586326386,4.243293133415452,6.667000101894651,5.0466881251058595,4.080223600031867,3.105803235190687,2.4577975828729017,3.6019357404227046,5.296900962299246,5.447945763792146,2.7874709924221457,2.7233437310761293,2.499775092665379,2.9136032809292867,3.526730526386757,3.24500889839825,3.428082744770609,2.870086842548707,3.9961339163563254,2.960310621016463,4.592509768683969,3.1835818927164743,3.035929004295621,4.012301374637163,3.771979824392639,4.209931504807053,4.130399304358785,3.986164339990425,6.679903492287116,6.479837924475308,2.8091969026077233,2.512393310868468,3.10361611100656,2.853482386306634,2.963890658030526,2.738694752264208,3.6640466911282066,3.515372691690826,4.225559637605906,2.7486744188046957,2.914183187596911,3.621594947773303,3.784704365220642,5.894568500518284,5.696562304488845,3.261525743718544,3.2916553186061663,3.7472014920640238,3.679982479775725,3.6918664724481607,4.212371870528151,4.525361278437187,4.664304723060532,3.1655350191642295,2.830479154647653,3.0243135657035984,6.355535937868642,4.058875140968501,3.6624150686058505,3.5338504555660055,4.588938933818204,2.6206284031858615,6.5186608936608375,7.132396758300913,5.934830353446585,3.2125003321215724,2.859424475484321,3.24107295997808,2.3072564302520413,2.375753933057282,3.045123109865272,2.7029712961196597,2.7485395812022237,3.7897055859897493,3.3685680675164673,NA
Feb 2016,4.65377270561279,3.049860247649785,3.198326739689253,2.794397891574687,2.690360445113912,2.696427993069607,3.036733027008259,3.421533534485799,3.3189053535833626,4.029408137100407,3.4519357387885172,2.4543389962620266,2.642970744375954,2.68734973162431,2.6629948577142724,2.5328939984804264,3.935301426657425,3.726003308141533,3.9323083853136076,2.7230611371145397,2.702317414135656,5.69045536104213,3.9342028538164064,4.2311187081822625,5.010216347638021,4.850470302553206,3.0586318389527403,3.166613154589319,2.8443463459504432,4.000406271025237,3.2514742656765603,2.706979151755822,2.740690590804577,3.135172287313872,2.861290069758832,2.9920129145123187,4.350249143795074,4.2875868505158845,4.343961793171728,3.7308271200346397,3.7664441144074696,5.101097359157968,4.3873543540975515,4.056282578247447,3.361298797374672,3.01236468299518,4.177836427599276,5.017011477315782,3.171055063757896,3.1383698004158767,2.4078347007343854,2.7486620537068562,3.1974940675100507,2.7409470960837234,2.8488537847471207,2.602470430808898,3.2005071572808395,5.794106690517003,5.572088022592918,6.77386316651014,5.209380303256187,5.232612506040643,3.6516200853917082,3.8841978741464533,2.4235730377331164,2.6467726236136713,3.6017902877851973,4.344479458156364,4.055552170437977,4.305629832335642,6.431832430054801,5.10530670756511,4.178685682910046,3.1061112125063395,2.5109265929378948,3.668372934770492,5.350332614384114,5.4427190971371155,2.7179498300581817,2.7254658937681975,2.481093192283873,2.8699050990118455,3.534932786133434,3.292606820142173,3.4363786951226034,2.9189496454325115,4.180054252155913,2.993768766875492,4.64239562190331,3.2217624825609965,3.027219392090942,4.06269049708318,3.8089944525172807,4.193513853025088,4.201028976939528,3.9921580073102128,6.5952770979854956,6.782985733771243,2.821125371121702,2.396093086618124,3.1610156450979074,2.8237572838969127,2.9386113887776877,2.842281005774273,3.682520220070652,3.570006539048752,4.266004876844227,2.7514735856454258,2.8996557852355274,3.6227829234080966,3.8574519922885897,5.807736580626621,5.86367055574894,3.2439216699514017,3.2861394698717614,3.7948569535539773,3.6403879132058248,3.758994511658403,4.2435363880695975,4.601809088603325,4.861342249141909,3.189094517297693,2.8247887780335525,3.0519014813291196,6.433337247666146,3.9938824462277984,3.6619122925604257,3.5000975521592723,4.5033384647814705,2.654382314697575,6.484098427898074,7.1254866873119465,6.178699137225784,3.1699760215460175,2.9355145759117867,3.2393614958196126,2.3456459703598678,2.3514505355267823,3.076718173489874,2.7621409224937863,2.8368603804395245,3.805289242603715,3.3438719688455136,NA
Mar 2016,4.702768309575448,3.0556115147301504,3.181943534391279,2.8407657705291993,2.7618221647092702,2.734500566436384,3.07414484038897,3.4564551644717274,3.3053855777179284,4.073586153365771,3.428516325060834,2.448110029754158,2.6731111921176995,2.6717132665946086,2.6561331429058543,2.529471807957656,3.8814689101987123,3.763964939444701,3.954869619173062,2.7733817131302914,2.6975795107683544,5.6726320533437296,3.992327718174921,4.243603316821337,5.159766247589855,4.957989309216851,3.1192275628774513,3.1305651016740894,2.8990373799093354,4.077829568958125,3.225528058061868,2.6511482187381294,2.7744822864574323,3.1378852538351447,2.846079364293807,2.9960332770583444,4.3980220900771645,4.317380711781892,4.397511954639932,3.823872586876477,3.810438013709389,5.115491931422889,4.4284583313887484,4.092562301777886,3.4409849185758046,3.0063056186131107,4.225401400510384,5.1508337840617635,3.2384340114021994,3.1987613287885686,2.424503845969961,2.8129702922921256,3.1678511997525187,2.710798337548131,2.887882931982795,2.6987158335258745,3.1895789350860326,5.766724176139868,5.62649327917168,6.7695713912728745,5.196933483102212,5.194358282197155,3.6882499546310368,3.9361416294608973,2.422855855971833,2.762577882557215,3.6066527815871527,4.360626167166112,4.034154143696504,4.334534348953961,6.497804973223218,5.053272016856625,4.217207374697416,3.1306793238954773,2.540208893648182,3.6247581682071592,5.44746257261593,5.450535331018682,2.794207502598805,2.710249734303472,2.4998408592193204,2.9604510255970258,3.5311464000684025,3.289929577120629,3.375648028331899,2.8851256658706337,4.293827192595216,2.994241218698891,4.473445469906067,3.290387580885308,3.0381839588083746,4.0320611412384135,3.8265555569287826,4.327687208080373,4.239985706977107,4.089521620377249,6.8350977125443535,6.474831060673353,2.812052253795871,2.4810709281767447,3.1397232712796774,2.8522729280025394,3.017660939052941,2.7652900295887974,3.6415781392387516,3.5890274071241777,4.295705925235413,2.862364436987888,2.9987464223655635,3.7079754806828955,3.867674760900373,5.760699882932536,5.786849509221257,3.286351920820085,3.2937229582909238,3.7868344236867095,3.7545322623664994,3.756589864078272,4.285326748395651,4.625650318515019,4.923873484024326,3.18120356246531,2.7482786139971904,3.022136070800199,6.4651681025701695,4.086632211293449,3.6782289561384425,3.549189030149774,4.587516348606819,2.6682342199422635,6.582575296875601,7.177647044502489,6.0725297742323034,3.1687692320918965,2.858696476204632,3.3549381348264844,2.2922155671200324,2.3416323382261037,3.1207459266703688,2.749413553521027,2.8604995939021256,3.7981979471143044,3.3332779102954833,NA
Apr 2016,4.768112745525852,3.0886086168315487,3.241574147195433,2.9052335061549033,2.7558130959365714,2.7878561660291283,3.1040258349098075,3.464258741935301,3.31364308463393,4.146111323618418,3.452785525739849,2.366510847021589,2.619665161551859,2.7220596598115328,2.689226564299015,2.516901045380616,3.8851009667491043,3.7259467748055175,3.947784174943012,2.815267247325178,2.73253163400737,5.829631552027415,4.075508729881475,4.294769556309993,5.191046896499685,5.063466504256218,2.9928867185856336,3.1373777339141857,2.8899606398164672,4.084864829240739,3.287750105409639,2.7224516731187056,2.76068141188438,3.208937925317622,2.9354668812480242,2.987007131661534,4.474329896714389,4.408275897086129,4.394978501954137,3.8956865767807893,3.889423559650176,5.178037877823421,4.49238496089647,4.121599242790681,3.498914429268557,3.065948588968275,4.264113049104343,5.179112898897826,3.30280601280573,3.143533891554867,2.4653186399519824,2.7982171135017366,3.184267745143785,2.7592992449667264,2.896706415875586,2.687204883167188,3.2513663995292164,5.880980210210408,5.580791286321481,7.045622211534814,5.430073317746088,5.395788218574684,3.656263693854054,3.91908418054685,2.4367536529163325,2.7293975759597364,3.6413417643707064,4.417552157292049,4.181450466437036,4.414535885434342,6.554031765818359,5.131479075680772,4.255604661545006,3.1551713127055296,2.524477327281103,3.6635306394398013,5.472255521617214,5.533402194807481,2.796138138386614,2.7970263989159223,2.506041913038575,2.909005029753772,3.5588293296591544,3.3586052673906606,3.5165826957448627,2.93281238611436,4.069339545043375,3.0484034485936493,4.652581139966399,3.29303147051789,3.115092901430478,4.125796222500482,3.9032602521207824,4.361533547381516,4.26704043712519,4.087248593579353,6.852544618631321,6.5507398041080585,2.8660526200367213,2.4419525157069706,3.185628514242258,2.8735224553726035,3.0443493285085754,2.8319681499463996,3.7272824614451148,3.6384409467462477,4.330322543468098,2.8256937429951083,3.0116675755369062,3.692065540354656,3.9592516463136724,5.842748800591111,5.781002087495203,3.338780632181127,3.372054632984412,3.81865678086636,3.725671968073639,3.8644443285966346,4.30451732491935,4.5117198724040595,4.952395657397786,3.2064886432648794,2.837499311953342,3.0736279943092164,6.573284089584812,4.082824756821633,3.7173860837480683,3.60063316367607,4.718761258439342,2.7411990767004477,6.618517908363326,7.224884976331283,6.224931274168975,3.1933408175126945,2.913703847703922,3.4116893390171246,2.3419642499581688,2.3346812073711245,3.116073535615686,2.7473511450566126,2.834683854268842,3.827729834652734,3.489028534167147,NA
May 2016,4.8516381289983235,3.1551636721789036,3.2160163711294927,2.919201184958527,2.832230955223233,2.8295205781283026,3.1445326709580583,3.483381492784972,3.3501705526569356,4.182017308131534,3.4846840431542536,2.4019992743969425,2.597785573151732,2.7156916328142575,2.731297441427798,2.528675336921925,3.9679721388912084,3.7702993499827446,3.97437577678374,2.7809608110449924,2.794256179094316,5.71528263249218,4.043822500895399,4.3184358640270855,5.218301694865811,5.065579619136584,3.1083891140604902,3.2131688050947944,2.861283533454774,4.144068211746062,3.263737264091915,2.7175680500744304,2.7605027248465177,3.2405622393692908,2.905126919688459,3.1009356046455494,4.578308972922116,4.473919845633632,4.394341239458353,3.967214997062598,3.901064317240936,5.226975135700514,4.538196552086942,4.2131468303471635,3.428027825050007,3.11205293843634,4.326613060322231,5.307252180891255,3.256548311305202,3.202378994984802,2.4411877620753177,2.7952823159674,3.1941188093972186,2.762550324505114,2.8827251768873046,2.7231271049499544,3.221485040251155,6.009536047715178,5.6859426065115874,6.802914307326429,5.375228248221257,5.489032729132177,3.7512923021797917,3.866274436561988,2.427600565216448,2.7286346120614873,3.6531732831516406,4.476777226378922,4.187350763514293,4.418379064413046,6.491394753203615,5.2392133996528365,4.331035120735283,3.1717784684449937,2.555465280260838,3.804080425391055,5.534900973715048,5.550267094983116,2.840015872474336,2.774301355583756,2.578445253303519,2.922120005028569,3.750769372083024,3.380716251916289,3.53054605959213,2.926494005642244,4.189936659838744,3.0679640275424047,4.596587188276486,3.338867081658735,3.175797487252343,4.219253437260739,3.926411191607854,4.3426553445301765,4.378609106558881,4.150396362576687,6.846677600437936,6.345641545220375,2.9182503509043127,2.4413868835327124,3.2005968399509057,2.900066528539765,3.098670503018068,2.840538139229417,3.7829618486030294,3.67943556025429,4.380279800133136,2.8149020438195698,3.026891476988302,3.708672269492879,3.941098044910655,5.694981347167237,5.901101271583132,3.3698280928437185,3.3669044215657333,3.928237041504628,3.7300937684524023,3.7572821469851876,4.298524407549878,4.670724482948314,5.023485293385383,3.2602899397375875,2.7382280784736266,3.047304908584104,6.638736789664344,4.275731522680628,3.7697448709424934,3.6775239665859853,4.72333373809473,2.7337916920966796,6.666330833564583,7.263015118732106,6.033926335269987,3.2328077371892445,2.948609044173023,3.305382566287606,2.359441999263402,2.3785670835920074,3.123050966089825,2.732463204490833,2.9252648207158134,3.885733587119916,3.4390620372750385,NA
Jun 2016,4.887579205054726,3.199877509287773,3.2550932188112656,2.883770811203176,2.8307288672492876,2.7595884083209894,3.1423532462814925,3.5311006902249407,3.4187880333723486,4.188133586216785,3.5349555267618458,2.4756878420784183,2.7150692112483674,2.6929079918949252,2.6964407609261754,2.582942523083593,3.971106449663623,3.813916090537254,4.022372429683167,2.785944426457694,2.758714749682846,5.878785266417932,4.063538141914777,4.388427126409317,5.372963006110619,5.172007214626768,3.0760053906642617,3.1685533970624866,2.9412355406627984,4.231923676450954,3.300702359076454,2.7169268229619865,2.8171822874098496,3.2342051278612822,2.895154718864852,3.042068369975228,4.55024800154106,4.4964740316554295,4.498787065679633,3.9827953129265676,3.9055691834627897,5.266899051374253,4.595665149167405,4.1575265544699604,3.541636512378587,3.101648992140606,4.437646176199986,5.3805818462643735,3.280518102770517,3.215561231719259,2.4412922937934343,2.791077284209229,3.261118613069777,2.760008889714565,2.9574118550933384,2.6533260894283397,3.242065286576641,5.937602636584815,5.635525543223555,6.860696735405797,5.352835521994248,5.3664417996552265,3.7238858288595162,3.94997460099519,2.4476033383165117,2.777052247755716,3.7061797012064104,4.48916149669945,4.226236382863788,4.5097032182742325,6.320369024988628,5.223392180921751,4.361870007337207,3.188693451786734,2.505533706503633,3.819413683212603,5.589172029424874,5.526828170333031,2.8626782930201666,2.7366650531879206,2.57377466675442,2.947179587342572,3.7242620075689765,3.396718039366818,3.4910810854957752,2.949503145923765,3.9806034875082648,3.0679391377963428,4.778255802706659,3.3679848527669884,3.1566771871716983,4.243210934140572,3.9892753790247277,4.420805603931957,4.451198726882578,4.210917599812934,6.961603990130381,6.354232215856359,2.9417109586705252,2.484421708993252,3.2316072688460546,2.9078161869047023,3.0684403501614916,2.856090967499434,3.8262149908559935,3.672206862428356,4.407846300782106,2.8667214124507336,3.0210176530423696,3.743362414386568,3.9696886864716903,5.8216589595149175,6.067962648991338,3.307919419770093,3.3758580230369764,3.906957759250428,3.8078875319734626,3.7599520608376027,4.358667522622281,4.656170895094687,5.084750462347523,3.279559599209764,2.8463576011990965,3.1114355174562043,6.718040854248007,4.259102689168881,3.7489876168593006,3.6973026361251957,4.8430204846026355,2.7497191067489553,6.628887002058481,7.343552157008382,5.926129795314573,3.216180583049984,2.9427376398901424,3.3423874185324243,2.3385895671501675,2.3958149761100276,3.158632432011347,2.7794547147157034,2.8911066642619816,3.92803299416011,3.4425758032642437,NA
Jul 2016,4.938619668094211,3.2185585534793097,3.3203209828338234,2.9240659531920876,2.865921756752531,2.868667081983374,3.144918396569921,3.5819443245578606,3.401223072628586,4.221169717599778,3.520515807115644,2.449582497249253,2.6779653466855255,2.7223172474397117,2.7249940010142173,2.5833219919608155,3.9922730146050722,3.8381258891201244,4.095342739436186,2.849190801759989,2.795538283209635,5.926646125766701,4.128240948265662,4.436643452309553,5.349646385496128,5.240369178528103,3.0969440485290805,3.113066088372844,2.8933652025531074,4.218650397018269,3.354256827369249,2.748356559542512,2.7981548652243347,3.179174602543689,2.978517340959055,3.1035735411262393,4.636106194638505,4.523898045638413,4.5316518447893195,4.079380705237778,3.9559731406585423,5.335770476224999,4.6085497100746675,4.213631764010233,3.5156773634786678,3.1004378059134923,4.440221533911306,5.3946104173546185,3.354802275983438,3.21620108433821,2.4467357057475665,2.739701502314607,3.2579305663636986,2.7970064858350105,2.9319151747839234,2.7350960976117378,3.258531752068683,6.1051441554014465,5.728614689931735,7.022874386757859,5.517559346374111,5.473839199887154,3.750188491063056,3.907149360945271,2.498845705266604,2.8115569265237603,3.723265228750059,4.530351536730173,4.213328759285882,4.476057445767465,6.444654788034162,5.344113283079642,4.409199974905644,3.2105965488718233,2.5357445474198363,3.8396644309989543,5.682752184267819,5.632166820791952,2.790731661038758,2.7782378775179373,2.557343714773679,2.9078764388788976,3.7402142984309132,3.3977659650695826,3.488525115127337,2.9080906316138875,4.12303818809375,3.1186980643441697,4.596840329804911,3.4412019528868587,3.1857661882946857,4.339513483690904,4.022300461413797,4.458624024258791,4.458577883065604,4.116319155694183,6.8880538000586995,6.4827154369517554,2.864467547886326,2.4398828758613424,3.2421331793439827,2.9380645129569087,3.103953889412035,2.8168494288205927,3.8347846307455606,3.727460838818602,4.45215378665437,2.8686518268639163,3.066489042287964,3.808886309309562,3.9657140433459417,5.7056351089465425,5.8753624676219705,3.398218663564253,3.355612787642575,3.931082115323443,3.844379752234069,3.8535534425001114,4.367110935722503,4.6780954969997834,5.156187035523631,3.318207849447736,2.7990442263273496,3.0458547863360566,6.6928284407635585,4.304614564480919,3.849252374443995,3.7162579329134697,4.728286869419824,2.781427388344897,6.6924112803663425,7.343067899607672,6.064876531297519,3.2389416775820887,2.924933013224959,3.351673496290631,2.368664071120757,2.4052052147467697,3.1245503475976864,2.778355447341637,2.863457466922462,3.9321048566108816,3.4666742004823594,NA
Aug 2016,4.963479129932595,3.2295424145449987,3.300114730555762,2.9177498050175426,2.7959242620838753,2.8561996148689355,3.1620353174592464,3.5776677855025407,3.4593226604723575,4.250642674779245,3.5286140365062715,2.479172586364638,2.6991894982535194,2.7992977485983617,2.7123301280662884,2.5532987119897657,4.052682263319975,3.8387013661593565,4.042505501634024,2.854952596385933,2.76258179503525,5.876713371550818,4.105651283203755,4.447186988491647,5.343174361420535,5.193156255169504,3.07097188796064,3.1839019907025596,2.8908876288310745,4.2555412768810355,3.3109177239854217,2.735140904910281,2.87702732822795,3.214809352604893,2.9300686160191667,3.0476298398792867,4.686405738714959,4.568149115757587,4.563671427001732,4.07906332897984,3.9697609022263496,5.362227256163981,4.649459577168714,4.276498708307892,3.5336191167046604,3.077244431248057,4.43291328261513,5.346319347609487,3.2659759271344306,3.2425341086633392,2.480190691590027,2.7432675609042856,3.2446187292630113,2.7946002477064056,2.9189699082404355,2.736319975783015,3.28192924360322,6.085142092483555,5.727894053547424,7.102566870181671,5.623006761292964,5.536507682420942,3.7743288937986526,3.9572984224732677,2.525196772203128,2.7768216194300686,3.7283502929812737,4.556452690460377,4.293905265174642,4.5150216673995365,6.58842351374697,5.3590918018569145,4.49109957673555,3.1957447272480253,2.5830229160896487,3.8649352355250337,5.672276357764202,5.660161183700605,2.869062612656697,2.807880687850894,2.5739985781556496,2.909580044848209,3.7631559429106285,3.4200641374426173,3.586909226968156,2.9446123019986725,3.9958782771007932,3.0891474544557007,4.676409485181177,3.3753592253817017,3.209242788576469,4.320880127491877,4.022032989786117,4.429292727970504,4.506797063336326,4.191624836708665,7.044916855801898,6.416204408360029,2.8837309308586643,2.5315398908084483,3.2576305802758756,2.931196366923563,3.0465134102582887,2.8677264072926376,3.8471883572740784,3.7602530320833076,4.457559990450403,2.8340380018413702,3.0412884076305766,3.8200311351629623,3.9440164223125924,5.7463426175867065,6.191755733977286,3.3952318488854623,3.3568037321236184,3.911132718823364,3.7828956687653643,3.788667476630243,4.437801105825488,4.622524570441095,5.18200579893202,3.295857957552378,2.862487070804632,3.0645056234203105,6.671035395170039,4.324524475781836,3.8360064739916933,3.7709660030519596,4.900070296219441,2.699278232606419,6.71599997657239,7.126715713992429,6.012457255720642,3.3366769310027364,2.90533992002368,3.367002548389897,2.305135466246317,2.3964430907861747,3.0929689309159363,2.748558568458592,2.8593610297969954,3.8984490306059154,3.518243948723719,NA
Sep 2016,4.960267264622996,3.2168794832020446,3.2814100671013193,2.909760745263743,2.812041057888618,2.8733615173347036,3.16821078983275,3.5296624937127534,3.4610557030801377,4.27800109022994,3.5442860264259184,2.4691813627012267,2.78501447488476,2.7263749544672646,2.768299422598156,2.561597189768674,4.014438475895709,3.8785071444652375,4.072008589002062,2.8587984482262634,2.7952487124663294,5.939687286280705,4.116775237954247,4.396466726613023,5.352293737075457,5.252066225987354,3.08931055444467,3.19520088915767,2.8937715550912024,4.274805496198219,3.2977616567637336,2.766922901890869,2.8382963483828427,3.2147863402172283,2.950157628453956,3.030439793928499,4.621896469061828,4.634824928739535,4.607468880861414,4.031442558098794,4.0170590737746235,5.305805303004945,4.633860549819319,4.257194814686672,3.513514476704769,3.1294178632116916,4.455836926400048,5.371896290144115,3.240205015954634,3.2273019510510776,2.4645278344112143,2.7874823635847097,3.255200727232745,2.78906958572925,2.916416046200812,2.706918272140196,3.260340458487591,6.091473638799496,5.77958989401616,7.199831037991198,5.35155301314315,5.470725414595168,3.798322350242678,3.9960890784327256,2.479830566303931,2.76499287335617,3.7481963041424633,4.543956400000977,4.241235515924868,4.508383088579732,6.652997176781012,5.1954904165831675,4.4818558702972116,3.1833886781523644,2.613415130641738,3.8254104027441884,5.587504827582022,5.522017883484369,2.9068043950061395,2.8170198642808284,2.595689186869147,2.9341078699734093,3.7081130280999415,3.462936552359593,3.5260787000774623,2.941502489812369,4.0962825973384485,3.089592106213166,4.648106588050497,3.4521250331251134,3.207313521107816,4.3940352322256695,4.0147176524583115,4.538882655438872,4.458955936465443,4.2750913390831204,6.972013839221396,6.510470192086349,2.8980408669052133,2.4937916134974896,3.2612201229474755,2.942499714387359,3.041039063294756,2.84064110542619,3.8317715248025563,3.7954214673530653,4.435425140358932,2.893326517931217,3.083121408088162,3.7808394395998692,3.9680183357619,5.8030660283250315,6.0831222637086775,3.355476346053694,3.3897810992132995,3.961199017948021,3.8108808227609714,3.951268343555507,4.418598000674377,4.729624141799073,5.264915240262591,3.271741771830611,2.864331295651386,3.120754030916106,6.734372274548578,4.369139787575781,3.832629032825015,3.6832287311847667,4.825575248819706,2.755268299021642,6.627170556847583,7.282281204713609,5.9407460863490735,3.268328302089207,2.9192306446873957,3.3625818566391836,2.30677694091868,2.3618569470193695,3.1642549344858693,2.7911889350685826,2.825720579405618,3.90816625796741,3.5635649273833834,NA
Oct 2016,4.969931148135187,3.2190291474765123,3.3120989335117117,2.8734477741215496,2.8045475466494056,2.8410452720573227,3.138378162866542,3.528440299637744,3.448423857997795,4.220125705041554,3.55262287783319,2.4402660095718325,2.634845343614486,2.7472137181067793,2.7394929950825024,2.618035356412397,4.050166838205221,3.8988871691175686,4.091926539672318,2.8117898203582805,2.7724290123151203,5.9494141730593695,4.182478119921976,4.397007654864395,5.4015782435582445,5.215741338441085,2.997341492053606,3.1899988919767552,2.9432655072847536,4.257251679114169,3.286601012588372,2.724312932596377,2.7785999039589404,3.1653203613805068,2.9158272653832,3.0575110836289734,4.747649064961959,4.663170139550247,4.582662296087195,4.103006423252849,3.988094716721502,5.296765839003228,4.630308242895269,4.286069651343149,3.5671620629341985,3.1062337607252792,4.468036427052338,5.39108441978224,3.2828426386202008,3.2692606273139604,2.4287308128151617,2.748844211615846,3.2257792482285526,2.797751100477976,2.969169143913203,2.7139087497751095,3.2765305110403427,6.100046492064253,5.754271086164401,6.806765620146094,5.440474042486991,5.333973898551376,3.764294425251945,3.9882931828336523,2.422000530831121,2.795822791395089,3.748593114358274,4.555651612214632,4.2416976557278385,4.491999112639606,6.264724612951184,5.3244524528535555,4.369688502351048,3.2009877911141698,2.5464574158546838,3.8479817597181833,5.610636350441104,5.635759671324464,2.856745162857812,2.8254267919139266,2.5790579893529038,2.9567643214810615,3.93312376358466,3.4284297124922567,3.5715176233714976,2.9205692362653672,4.278154759424685,3.1152238990122547,4.794028440279216,3.3960608648634496,3.1514998693540615,4.415640605978702,4.018138226568921,4.500412931741483,4.515683328207549,4.239008805499943,6.806412687092371,6.385175018189104,2.8918534885621527,2.4462390960187257,3.264909141156721,2.9308930973551224,3.038059132436571,2.8638330313798424,3.853641481341303,3.792716818081579,4.460441364364172,2.924937250124164,3.086545941740498,3.851116831147607,3.9990182543005384,5.985168656263763,6.009928309052641,3.406839481374194,3.323755661764202,4.003996894903606,3.864319531370334,3.7835925892507802,4.450663660365968,4.684493950541624,5.167635308262467,3.3041287689525203,2.8671736704555086,3.060958239446468,6.730944517137709,4.377132562008239,3.8438718246629153,3.696898593071209,4.862684328348565,2.749873309683158,6.56545363547868,7.3176701028001965,5.908967342189881,3.306245068096792,2.9844869208749203,3.3286525550839827,2.3680148463211985,2.421840753100838,3.11099108588527,2.787981161331914,2.843182003538274,3.887431599456887,3.561557219703311,NA
Nov 2016,4.968046668359774,3.2654293901099005,3.295587493918867,2.8898640459695177,2.81424512554066,2.796956304803702,3.1748183931678735,3.604038723445261,3.436121378331063,4.291815869723687,3.556325279040658,2.4320786653374027,2.78578744791321,2.7238703195413674,2.735676396268014,2.5871104969247316,4.044964316532413,3.8735897154426753,4.099790881734051,2.86178992731436,2.813930935349327,5.899498900209151,4.140623815635283,4.445909480038465,5.307271092448167,5.149710285256571,3.1246794237487907,3.216734564224335,2.892960640465553,4.280978897743827,3.300438932062997,2.7289645859702345,2.8439140041401028,3.203220456909508,2.927649640711591,3.1206569049331865,4.684679445011521,4.712909936259676,4.602041401438396,4.1312257254586084,4.006376981287396,5.271570049880205,4.624627936846001,4.288070640108654,3.595905693391326,3.122307053756154,4.492218253473136,5.352362640256524,3.355220485726873,3.2670668992999214,2.4271127616284445,2.817150320953159,3.2713624647910136,2.7587198054237088,2.952368454177871,2.7178449701976484,3.2887212316463565,6.01030049482997,5.857321497852162,6.885388993219423,5.523803299474582,5.346989935401989,3.8109134016749953,3.987153416452316,2.5486553074989926,2.7423084368545756,3.7853284419206314,4.498079421425961,4.280018785424254,4.462874904943973,6.72253569763211,5.237786789240801,4.460242135244653,3.192782043980303,2.531633256118151,3.90505711584169,5.592124007935532,5.531938802515722,2.925912729108167,2.8182148838762533,2.6002657181768085,2.91156038889931,3.8040402381853653,3.447186661481936,3.572172754067169,3.009130913622945,4.1488585558520725,3.124462063094805,4.723438268744107,3.503384293344786,3.1986919378854033,4.351131383676066,4.005284306077574,4.493556666017086,4.4956978705036,4.241297117534807,6.916241577282375,6.28295629724386,2.891307910969453,2.4853742166033106,3.2957820733556122,2.9520842559533795,3.0698703389341677,2.9189610842727136,3.860906883196105,3.808020413960425,4.443434788383683,2.877983324492741,3.13018029028478,3.914973260864078,4.010261074893871,5.861260625014159,6.050355583911664,3.3972123644653784,3.37082160714391,3.986531608255456,3.9431966499563917,3.884896412187439,4.400763837650366,4.733967457042854,5.202512206785662,3.2645946124699226,2.875069110941537,3.067009300896841,6.712738184643342,4.347355859004002,3.8404083028004394,3.7415609762142434,4.89793944423091,2.8495059860896346,6.531538552991022,7.329206118573817,5.991817890044477,3.221921090482872,2.9355029336459646,3.389035359053838,2.2809599298862038,2.3837257111577066,3.1751305952589957,2.807286289014092,2.9152343170136414,3.933478784424965,3.5390674041168544,NA
Dec 2016,4.997516580280664,3.2973028087742646,3.3179148388170874,2.944787119041575,2.840900992649209,2.862271015862082,3.218340377970994,3.6276764687980343,3.4508441221301798,4.319255145411099,3.52966296421146,2.468443000006771,2.656087111587349,2.7006717408337613,2.736434596586469,2.5994181659947757,4.0886641006080575,3.9253428787928852,4.1228843075474515,2.894978590412063,2.7871463790684023,5.967168798438198,4.16789421672463,4.430821260204879,5.318584597217963,5.220211351691591,3.0899880353525524,3.22114037919987,2.855342741896622,4.300074589326901,3.3611450212215797,2.730701026693604,2.85966607386847,3.23794426059528,2.976108297356013,3.1178775832731085,4.775550409594952,4.69393132643414,4.656009391120893,4.18121669408571,4.00995614756937,5.329255466769531,4.690901724601812,4.294632673142275,3.564586575655346,3.1638154180109783,4.509385064553055,5.377307825568426,3.335676516036183,3.3141540873738076,2.453468512374906,2.935652335737368,3.245333628826752,2.7786652996610255,2.901393729363731,2.763367969007277,3.2910755534547205,6.146566099572084,5.723965452383947,7.116677703226184,5.404774154616885,5.383449618403386,3.820665033483851,4.031451488719612,2.45852194004823,2.7690141823129824,3.784405795033284,4.542956658832304,4.204301013754841,4.494870001610009,6.644310661643628,5.291566224589695,4.501526402039074,3.2380773432223746,2.5116308983795403,3.887156461919654,5.650813568978591,5.548454366151907,2.9012954360149688,2.8401334062019123,2.6018176761682006,2.950630407215023,3.9676264168784257,3.5051253022813773,3.625933540836985,2.959918189846124,4.255615255873398,3.139076531512098,4.81106988475167,3.4984162936935563,3.2175615901727244,4.335718385154887,4.032369710953361,4.444954919003173,4.535724577278719,4.3443166669065505,6.910602787909687,6.552698497419563,2.901630866933064,2.508582870844452,3.3225357084861207,2.9365248962547135,3.1198037599767514,2.9119847127256424,3.908547388684877,3.828925572016551,4.465821060361346,2.873427081261731,3.092346416614768,3.8698825502580894,4.03829091761935,5.935748958781147,6.202267968101358,3.4140003215231416,3.328340508435951,4.043896040193479,3.9775691962572317,3.835521562523115,4.489320260314091,4.7804198014844825,5.167159873354679,3.2942474550909013,2.995262480536895,3.098845855977351,6.590746619062824,4.4576538777311505,3.8728584577313834,3.7640610931893126,4.913083375159942,2.7092135224531315,6.600412300821459,7.25985762652269,5.828142647168228,3.292725653263813,2.9542994325984693,3.3765622972436504,2.3103299941294044,2.3688881370892174,3.1572645583055294,2.7854068893871213,2.985479678841703,3.8694441239665203,3.586653080260295,NA
Jan 2017,5.03335133695913,3.3082411585389524,3.3120544659364826,3.012012727949436,2.833487023567222,2.8547731385977793,3.22380403514349,3.630501286579124,3.4754315530884394,4.271270476087788,3.6028596964557447,2.4541888419273783,2.800409396056231,2.7340385245753214,2.726170110601776,2.538560283041364,4.159653093540178,3.934011197170262,4.143944826151531,2.826104568724137,2.7891246073909195,6.0094771862325125,4.169022508162131,4.5062053135428934,5.3649644308982705,5.257174255510754,3.127754842177986,3.255615245279693,2.8864423768241396,4.3242400936803085,3.384036768560734,2.7382708542249667,2.8214607046013205,3.214132038563011,2.924632663369196,3.0885785179626852,4.757735244448277,4.715716081221724,4.567556983663637,4.194374581223598,4.032135662344654,5.387246357979621,4.614378510852048,4.343098830748567,3.612574062291926,3.1081192489051177,4.535828107080784,5.370354825568398,3.352593214318379,3.3030530563276415,2.455545084028428,2.8189792535554417,3.2699357433346465,2.751079713096694,2.944529527637089,2.7424178512965525,3.3165459535307487,6.209014957406141,5.623353522018856,7.093135609731134,5.547934308015775,5.346555726574564,3.7718460529921485,3.9855148390062514,2.456725836926674,2.78853951624878,3.7494548924192825,4.555097104760241,4.235818202449651,4.4975896782454035,6.52100089628285,5.260788454111603,4.507420728568137,3.2554427897640803,2.599118513778998,3.901058304887072,5.532987045377055,5.490988468895164,2.93482667839097,2.776900893349447,2.605755941639334,2.901510230082783,3.9233576165195325,3.436087484639761,3.6462512945372922,2.8980121894355744,4.406084687413163,3.1199938221903722,4.674007255668231,3.4332784746399923,3.2202924106297814,4.441729350578924,4.1117925627680245,4.461246268413796,4.545442472557739,4.288848683744041,6.998626897482591,6.272028760440767,2.883608680985803,2.494959342979258,3.2731785753549842,2.925932127000754,3.080280164607847,2.9386050710012004,3.884157286647421,3.9026383731428433,4.44265520832655,2.852665123632071,3.0769633967725376,3.856049223070427,4.03005473538691,5.713460223194809,5.873072903044806,3.452281649471197,3.4402876227695867,3.991453883361725,3.869833714582505,3.8193671276108674,4.472633766461901,4.707221156243887,5.1621019935506824,3.245066124873973,2.8142010741097603,3.0575851731778605,6.66346293547692,4.463987472279577,3.866257931579038,3.727367777512387,4.921235850471598,2.7643564149268096,6.590438927181646,7.371653273007832,5.919171736322526,3.2769249388631785,2.962043960507087,3.3912575644862537,2.3660711355451767,2.3691160715876936,3.2248760280812956,2.760482749581854,2.89788871985733,3.9284617440208196,3.5803823121610696,NA
Feb 2017,5.015083872028346,3.321520294741724,3.31843886244575,2.958245850896428,2.8786035480366396,2.8757646293359733,3.2058524699378306,3.6157685333169787,3.440697663149575,4.265536240938149,3.569204232157773,2.400446376847355,2.7594572516618565,2.7835917269883583,2.712258746463954,2.594361533393355,4.121567942498017,3.89084362175163,4.150675693117673,2.840963968657511,2.8130551396290318,5.978120296788105,4.173617329917503,4.413505801951448,5.3365488970668125,5.235458020364748,3.0513783288443945,3.1989391342345153,2.9290188590288393,4.351957578094889,3.3209567851106407,2.7793691241948864,2.8124319838963974,3.2027623821216524,3.0028052562843834,3.1358511409581395,4.8122835402669955,4.695650940021552,4.621233762948964,4.14581863545856,4.087766210290568,5.448454425187099,4.6213940859806915,4.380897970364968,3.628687947560626,3.179661007258745,4.4540194305977705,5.399617052517501,3.215270080847714,3.2572373277372093,2.4194254620452633,2.889708347352126,3.2714104613613735,2.8076902106426385,2.975065198480807,2.758293069558748,3.343614421609072,6.096360876068686,5.640918367871614,7.190186105902099,5.4434797238407056,5.469272218985159,3.819511345400221,4.019797845800996,2.497730535354707,2.7308317718320554,3.80151844487028,4.562272592960386,4.255394684279753,4.5299345919367076,6.828218293764952,5.358802155809301,4.494877876908882,3.1541875330442104,2.5411437988948062,3.8942065660363774,5.708632236580848,5.51753403457258,2.9032330680366476,2.843691509479132,2.593665650916197,2.965492920942948,4.046299375392014,3.478415959423862,3.6708251706341435,2.960466160580215,4.52104257775783,3.151355259996833,4.8459403182371386,3.4904919599367497,3.2168784012281417,4.41924405788268,4.09929274165738,4.536579853606291,4.5861046815555895,4.303298619498374,6.890053295704583,6.388632387923908,2.894384485998414,2.326811243985942,3.255406608733164,2.935125010056876,3.104765807709458,2.953862737042047,3.902663475788657,3.8773659489438237,4.441953183186859,2.878940031831913,3.1632145035635473,3.8483621699515895,4.051996030923985,5.701032681636312,6.074539052533869,3.400597090589541,3.4159958337201095,4.024506268745454,3.963376138186715,3.9381393105460676,4.440157195225681,4.708238944715472,5.228257675664445,3.2823666858707026,2.8479889268348906,3.0822379671091853,6.671193441547112,4.391168212475455,3.9264784519361715,3.7058576495809987,4.988464139726053,2.755328216393791,6.515485824983824,7.27125266830891,6.078889504952205,3.2559093935266303,2.939061657615304,3.4292762620073596,2.3221522919429107,2.3816240388042487,3.1479016559061748,2.781559529399462,2.9086793104351973,3.9473457547534347,3.530248028853612,NA
Mar 2017,5.032168726507116,3.2912525818936653,3.368535514601613,3.024318737231777,2.7890160248662768,2.9489499423603167,3.202393649375385,3.605550309828963,3.5514546006667094,4.3216516270496,3.6101793897825822,2.4836436458313176,2.771726485707078,2.704705476376535,2.7495307018310964,2.5549237529156357,4.112890324526353,3.8944785674837497,4.204618037739813,2.845334582083126,2.8257541376321127,5.937788168911763,4.187563673435206,4.44769128777687,5.428358935091287,5.304879189780106,3.0859391494509243,3.1805371330107377,2.9181451101520914,4.331814517120922,3.3484784575727335,2.7675093048187773,2.8142116812174685,3.2427166672706256,2.9672828061605854,3.086760123267978,4.764226905205408,4.785427470852372,4.584008984724729,4.151674263689987,4.077985279190555,5.340111124541754,4.6321599754768155,4.351128665395875,3.672627948843341,3.184969759990991,4.501285016498405,5.448020169560181,3.3611611641376204,3.2908139546434434,2.3726071011395704,2.878909001988283,3.283173463071737,2.7687987509049328,2.9687577600758392,2.7301586486580605,3.357479161309911,6.006055844675896,5.726802661307754,7.079799487720371,5.580543704259112,5.457340179239395,3.793611341050306,4.03349399941521,2.4759068971396796,2.8201663960473655,3.7942204592360214,4.589530318350342,4.293873561584843,4.494760402314262,6.891423763108446,5.339590937125564,4.509817875574177,3.2856491348839048,2.625918701257108,3.913836059486769,5.640482829078548,5.650374844881871,2.896394000214105,2.886816644143764,2.6320556491144202,3.051213049737772,4.219231959278473,3.526887878655148,3.720206727214869,2.9014435244155274,4.303268054858669,3.1093900861934713,4.761938546154195,3.488599846004267,3.279945350911304,4.408426460393422,4.073187467026533,4.556706690469456,4.55664610625516,4.365446825353051,6.889141586009998,6.410136313228403,2.8647734939860836,2.605391827675392,3.326167746191948,2.9835007816632553,3.1004958261895443,2.9854501846613766,3.941361063915455,3.8666991984701524,4.45934869992284,2.8391299264397833,3.1566180906655568,3.886133511897491,4.082046585985113,5.728568652045623,6.191814469761476,3.462827533797976,3.353534418864504,4.000860331647038,3.995200458138507,3.870429892262166,4.460683059439149,4.6779485422308715,5.256695384458064,3.3120775828465616,2.932565985796518,3.094025484535562,6.7194625025052535,4.426029236840264,3.8793488816298374,3.7599175950473644,5.042733077326623,2.835160652686996,6.55037664712531,7.272463359861544,5.994278049277416,3.2655379013228005,2.9051620318969182,3.4041435559128446,2.298584553696035,2.3990319182193125,3.2126628321829056,2.82922368004051,2.9538754262180764,3.9875342763249706,3.5852225095071097,NA
Apr 2017,5.0411731875656445,3.3217601431337336,3.3918992405758925,2.997024684316933,2.9025061264112924,2.9541228795247028,3.272753151843116,3.6738918362596866,3.586477175058094,4.36305730046317,3.6263608599558075,2.488023318798405,2.6835333311514855,2.7558189916953046,2.7652137730349686,2.577219175823124,4.123808986361269,3.9338530779350767,4.15879469445557,2.892038873370743,2.849078018033223,6.030335144913003,4.197642755141681,4.459527671556019,5.357585816895622,5.3364331605360364,3.13271255357715,3.2629698541248446,2.9179628722332356,4.3649306908117165,3.347712288361058,2.7850527659837794,2.888172336684428,3.2347835774205462,2.9929349071887414,3.168583623902926,4.782014085530133,4.7751947696567125,4.683770458398127,4.240864951035156,4.136597107197881,5.437763652020479,4.722553694895358,4.398061574558039,3.6994568361064477,3.1881314390374413,4.534590689753694,5.570511104906709,3.324212038228121,3.3025448606885903,2.417130952397503,2.9114779488470575,3.2603197105738704,2.8305066317336296,3.026253676343091,2.792076820319784,3.353358828569989,6.19442648323547,5.669857914469031,7.077678085911221,5.5644565477752,5.522476793660947,3.8306339255361306,4.020928619861517,2.3943240491434987,2.8410252834707013,3.843385414679389,4.58021824637963,4.326257556838397,4.4980189609127805,6.823098127281405,5.270658101529229,4.50954422233367,3.2667811471401467,2.5596635206520872,3.987907128198466,5.646833363753707,5.737939727813181,2.9192304941196783,2.913213148605491,2.6003397045655356,2.9906938012194173,4.120085661651744,3.5397799806898567,3.7440679376671646,2.98817321278831,4.46500499701099,3.160492058206481,4.7760293348613905,3.538606229011134,3.2932354417427456,4.510818058432638,4.1336767209639556,4.597902910667119,4.605688058169061,4.4502764666387185,6.878992108304054,6.456239355251494,2.9397198876402366,2.534187219221122,3.3782913531591716,3.0067060102912535,3.1322333504980553,2.9305303243205705,4.019940177115345,3.945994412727734,4.471881534016986,2.926098556301284,3.148535636874213,3.9655384368521256,4.079204768590434,5.67635413482435,6.17384146304205,3.5373601586465253,3.4068031477629126,4.083118133911352,3.9227612792276716,3.861750056312168,4.497601185378611,4.729852943301145,5.2566266221776985,3.3229929518317665,2.9301999200249735,3.117308849574328,6.762135043005014,4.497749857863343,3.8941687309271944,3.7654863545428015,5.074316354681963,2.8640047012799603,6.650407886357728,7.278262647878933,5.896806423280635,3.335924629291182,3.045898581929028,3.4561009630038573,2.306846841674355,2.3887929348863386,3.2569372834513124,2.7608702123180735,3.0258774882326653,3.9774074442826626,3.5606366239439318,NA
May 2017,5.102880434297846,3.3242198156818703,3.388883496818122,3.04025417190466,2.950213308639159,2.8876867044953634,3.2674992238743465,3.72695970802481,3.555094177077974,4.3977923044236356,3.645029581068793,2.496155018308175,2.6968488881817905,2.772970610733579,2.800755690109199,2.6330999319703663,4.190803528950144,3.9565774801276223,4.181052635135594,2.9232530900121043,2.865263917979917,6.007280568714098,4.226381041145724,4.552662245940825,5.578588311718284,5.369223080152793,3.062857937515975,3.382202115800588,2.9902702571407733,4.394315692110059,3.4027600384976484,2.8106792214717697,2.8375824488769474,3.282227766171202,3.001858759033812,3.11355731998912,4.824858750171411,4.854843727901716,4.736832716037107,4.259960432978249,4.161435881602877,5.4558641413496245,4.715331156957418,4.402990470357086,3.7379387826061405,3.1897818858095635,4.643019242578767,5.590466001004211,3.380223702452108,3.370449663123208,2.471854183395543,2.86334921856102,3.257023912916054,2.791138108787136,3.0090187914933906,2.8115190110864026,3.379037992370502,6.212779816142587,5.8333315949049815,7.147184803890145,5.4735715107015075,5.5112179206943255,3.8809412280132864,4.0685809028688364,2.523471210752571,2.8477198493277744,3.8771387233848382,4.630321085382338,4.301527771564836,4.573408698690143,6.4717514784897405,5.435530551990685,4.5394472093328595,3.292409482208847,2.6115485060377965,4.021835380962484,5.6707053691362335,5.615757318059581,2.859642002047445,2.9027614663545975,2.6027114674197844,3.0273599439450325,4.177312583501669,3.565193162852903,3.7342290897983847,2.982454146138237,4.428108372473284,3.19562896001477,4.828102139211403,3.5898445891971744,3.3085401359235993,4.533528174274199,4.164797174509249,4.53885958642244,4.5523165406741875,4.394435158742279,7.052643765195081,6.411624411079705,2.909568546661677,2.5160752320115396,3.3609949875207836,3.025109267748395,3.0945492631485108,3.028333623374477,3.9606428029322,3.9811911985383857,4.479715378672702,2.905354041583557,3.1888827125306034,3.9831199395688786,4.115008151429179,5.733449728082848,6.370332707421051,3.5428258445690775,3.4584447133629355,4.091600936325228,4.072608328847582,3.9169026093511428,4.458876850102785,4.7442074092318025,5.314315680982152,3.3591315477887127,2.8569713262206937,3.127847530820046,6.925830492467943,4.517216775061919,3.9700472213944007,3.82331676077013,4.9874653703589855,2.7803734980886285,6.593372897369293,7.308056944820794,5.9110411336067585,3.3796376180443732,3.0398821907032554,3.502328844485772,2.376298355431971,2.3955100956908053,3.211357595750047,2.8701114857826866,3.012197603285015,4.081051503272121,3.639965028965731,NA
Jun 2017,5.107838744228277,3.4095493696140333,3.422545393297428,3.083522064541989,2.9160316060768317,2.960469599225418,3.2738629767013987,3.714760253886267,3.644300908338868,4.397382446527166,3.6456645292961944,2.5324646284251995,2.721831608800387,2.7846599950802884,2.8152796425036586,2.64668388474711,4.152925633339065,3.9856817121268486,4.170744951060267,2.9685650540103525,2.8723301524917613,5.950699608735466,4.270575127253975,4.600578251539562,5.472132514041042,5.475306146598703,3.1338518473994452,3.3039733156163886,2.9511558773136937,4.442674080174557,3.42068698386294,2.812000783660278,2.8662777608435794,3.3486196475595724,3.0334185319976097,3.090715025644135,4.848494764842362,4.880381160309276,4.777598984095052,4.268375706292487,4.143394165585856,5.392126953242995,4.73629542822936,4.51746818956091,3.8256967409102955,3.207154933126197,4.7017819663615,5.5218398721004265,3.398969903391015,3.3957824457457124,2.4931127235547144,2.874908083053756,3.3161904492931535,2.8536968576761272,3.0528522629244104,2.8104799244293077,3.399143146754275,6.220963423272404,5.863029811842395,7.035786279969794,5.686661886814959,5.514782825080294,3.9156008580084767,4.109718663443396,2.463582471777768,2.80544639127476,3.9098014370735332,4.627240210824294,4.371333726757552,4.584898041399923,6.502607102391163,5.424576937356498,4.5872186627584295,3.3306057913153,2.60094472753973,3.997672602085898,5.721115757701581,5.586084932869408,2.935676158217525,2.92145748542253,2.6208024049568004,3.025398407772329,4.037054711450188,3.575609075201421,3.6954572548549653,2.9567171034497965,4.488201183604454,3.235108029144063,4.855365547454319,3.6091755571368402,3.3360835752406848,4.545496501061249,4.200114544040964,4.616747325154473,4.664599107428291,4.440472048820598,6.986159628270028,6.425669465927798,2.915810292654918,2.6074604460134645,3.4371442670277337,3.034592328234571,3.150717117601924,2.9905965877989753,4.049439264703249,4.00506935194512,4.5155600864834815,2.960518325176158,3.2949002445436935,4.038799403814719,4.121175902272149,5.87575978750833,6.135378835232922,3.5613295972351833,3.4830910780273245,4.14175494452205,4.121365881411753,3.989391715765475,4.523119385317065,4.785835130535612,5.373963882071012,3.400379816777344,2.8960340861349994,3.122527827784948,6.885114413701194,4.534749723186315,4.022640659256843,3.8922519143835426,5.103154142014852,2.843635273659986,6.594803213567095,7.351999659036568,5.839166571141205,3.3393404922106273,2.983690991130395,3.487188423379806,2.364012169012054,2.3836436561139873,3.2574250406199248,2.8544666490535175,2.9642032653650774,4.048757591934339,3.6546522113613458,NA
Jul 2017,5.103459713317946,3.398407768867897,3.448108351847181,3.0658840368627147,2.9921469857051224,3.023753150599694,3.267455907220762,3.7247653061161112,3.6664563719983616,4.4539906433775975,3.677010272455303,2.5248606592712077,2.6683950876060165,2.804426466805178,2.808725588477864,2.6516051642583234,4.244984798393225,3.9923559115030396,4.202954603167958,2.950174811472694,2.873222535376626,6.210995761349996,4.290027804807215,4.578956660084711,5.492616124280536,5.541545687494631,3.149878351517452,3.316425031301259,2.9532457144936304,4.413580309744634,3.457604339935618,2.8169599893433825,2.863246678766941,3.298593785909661,3.1038430237044,3.1537347403649316,4.9866352148651405,4.884611813283615,4.779659255534984,4.312755967670713,4.2196309456554575,5.479084554271391,4.689221688079037,4.527825420323426,3.7616004221200026,3.235362184514995,4.650798208511898,5.587996087092054,3.3748990575181064,3.380052033609014,2.5074032196417435,2.8549180917653327,3.35834746183767,2.839524414264545,3.046985505021677,2.8052503676264458,3.4230411637533447,6.257968047986242,5.864950956703566,7.136030794980825,5.626057632878553,5.48689894311753,3.8998918732987895,4.063637592002134,2.4708102032761428,2.830898802679063,3.916723320953592,4.610710725869926,4.431229999775197,4.555711825908415,6.411927744699257,5.390925306690986,4.60180109273239,3.3864620554316534,2.6201727234616268,4.040312743583549,5.768247263907767,5.723454523513018,2.9673391237785447,2.9382833996248405,2.637139370132893,3.0720282259948406,4.162048020289936,3.60760356107561,3.7798826328101516,3.0605538618353902,4.56140946737579,3.231695912380004,4.870676299423766,3.6311391779532998,3.3950480049482694,4.613156821313152,4.200415461870532,4.676630407995457,4.615550735589913,4.506646909763184,6.931010963515428,6.463043079467561,2.95399427098235,2.520140648902177,3.442969348101971,3.014888804463001,3.1891069869138153,3.0353317646410276,4.015247449688861,4.0573148530024055,4.56172585320467,2.999634024467709,3.2179456588469804,4.019582614007875,4.186947094476134,5.827280833049879,6.012749876186091,3.56964495252958,3.503115934576198,4.193138038109883,4.0478634295751394,3.8562717667423287,4.541973165530645,4.913050980452074,5.399751131372118,3.4031561972732733,2.9703189991976355,3.1095591115998706,6.847207352861896,4.571031830261369,3.9945582154131776,3.9029119123100293,5.166576249493638,2.838188747757993,6.604623553362751,7.5111688756057475,5.8859858201831745,3.377555909118871,2.9673383091791523,3.4490908964622284,2.337073446961483,2.4038666773868624,3.2090048135649236,2.8459293302302147,2.9935816608524832,4.144580427115198,3.653574690725195,NA
Aug 2017,5.131787915584583,3.4302404463665996,3.451892628473847,3.1079638864880352,3.0698247308102458,3.0064775053674095,3.3086334380799673,3.7553721121896615,3.648011235216553,4.4964927786112225,3.6912796974627224,2.554690489217659,2.6388776208540703,2.8527862097962937,2.8003615663536308,2.687766669706189,4.305445223342847,4.051253731397839,4.2563752763110605,2.941183934829977,2.92789363048549,6.172623839174764,4.294211870215615,4.571150839163096,5.503986979057996,5.553320078903313,3.1797799350400977,3.289732679118455,2.9614987087825817,4.459151769363857,3.421648546731571,2.902928540490595,2.9352845512776606,3.341033701713205,3.0962618587383686,3.1776904822928773,4.926763956394055,4.926118348978191,4.7986012659170365,4.348438955181156,4.1986147365236794,5.5258170571799115,4.80321309466032,4.558393526932911,3.828726169291977,3.2859402854594757,4.71018800595919,5.618459099744771,3.419982784938161,3.394848604103905,2.4385213418544067,2.964284131209968,3.4182863900031815,2.86428883272385,3.0282277397522543,2.796316096460788,3.4587233739950722,6.355864377888009,5.915271157874827,7.3303121819246595,5.532620427385109,5.538200860236928,3.9567599087514447,4.147141014842282,2.537631822285657,2.8689451521822367,3.9573251799397795,4.674404661812048,4.37675244783053,4.609612634491394,6.538693682939594,5.453536279510359,4.619957327339883,3.3519355965480417,2.6593201080544477,4.039837180791434,5.776608535462978,5.701561089871142,2.9734907286842143,2.9156181684456524,2.6810184560179953,3.0129185360789132,4.259510200371367,3.6071725404247315,3.8433049030039133,3.0899854968789424,4.6197491428752455,3.2517176695385723,4.88549764890944,3.6624417754199268,3.3906108121367473,4.62739259194038,4.178800850676832,4.669434143692155,4.686049436023232,4.499152533776414,7.077207416848699,6.362429994600575,2.928238170295233,2.5191959972569613,3.5001667060192783,3.0449735285242774,3.1398309317027713,3.054802783887615,4.088041308707116,4.117090720226027,4.531997560858381,2.9748279339629065,3.234333592898278,4.070008045424365,4.193614534641999,5.865864062103918,6.185906508559311,3.6151853662866267,3.480562688012092,4.1289450457637376,4.109730763317801,3.9597892326696464,4.527886003080996,4.744460348743837,5.489783871671809,3.4087666253090996,2.9694616422819244,3.170278270439404,6.882395356588078,4.6006510843990664,4.044739886643822,3.900302123318883,5.198110966123544,2.8709758977162867,6.632071181660352,7.453004481026135,5.8950753429145895,3.391625105052848,3.042798707189076,3.475637425654247,2.355793878634965,2.3746452459608998,3.25370168680697,2.8035658255017406,3.0603517711843082,3.9827550879012623,3.685953805111547,NA
Sep 2017,5.121421372700103,3.4562094759628357,3.4846187190212317,3.0706860053926817,3.008334487408434,2.9810166331894754,3.291613041699765,3.7153774246280418,3.6636428505244822,4.481891441921668,3.7078536354403417,2.5239286270020265,2.7743334378956477,2.794830401405376,2.8192569983461206,2.6522310797000177,4.269080861086451,4.038515785561575,4.28177737028866,2.9690076280275615,2.864875764040515,6.0842948577791685,4.329380952412442,4.586052298419845,5.458020030463703,5.526075345720955,3.1608992671384315,3.2862258349825533,2.959143479018286,4.5006560313482185,3.47047998849325,2.910657533588129,2.9759976796934584,3.331537763300012,3.1156235969703454,3.1513570764418164,4.9106438151603164,4.901309534955624,4.804735200773617,4.414347368389214,4.249882565557892,5.633532477792202,4.7343271918513095,4.595246547084924,3.8530477424696676,3.2545003491811344,4.69146654627609,5.580516655711349,3.379528593185678,3.4170196703254248,2.5045664422239717,2.9826020526088857,3.364483449612004,2.8741459737635497,3.0959565491022967,2.79790216297281,3.464184931442875,6.362160818546924,5.733743560671604,7.340756469411496,5.518343263423809,5.552057822438468,3.936006231323092,4.133161941693737,2.4882661009969778,2.871755931502125,3.9685935302085813,4.635540766727813,4.371711809649758,4.5912871113917975,6.4748240926822,5.4731570627256385,4.554835762293977,3.362951559439351,2.641115132152535,4.056739217378646,5.753027422481847,5.6179173022651785,2.9718597217302793,2.929798877098455,2.621950928554093,3.038822439643299,4.350124685767921,3.6396002631617517,3.911538259023078,3.037323601259215,4.705091478777839,3.2374881291242112,4.841971297733621,3.675343496401547,3.4295863414259937,4.615713419131431,4.250864349441306,4.667151162492202,4.735313226360408,4.5011632349690816,6.987507736134118,6.4604292625385025,2.975474977638996,2.511590332585567,3.4497160228379613,3.056246740249321,3.2150393117603886,3.0936103174166734,4.091232481816799,4.083635636807461,4.503023713083142,3.0360661261899575,3.285900966179158,4.0994454222005245,4.2090106589453375,5.60785647307019,6.122449295509474,3.632876264369884,3.507880863053122,4.145425714404616,4.03075364554296,3.923102998827365,4.565779379983502,4.8489265806219715,5.443203127012271,3.4722080728797198,2.9708762903015273,3.219279890549603,6.8729026245376925,4.5965709278532945,4.0424282706163215,3.8955593490022706,5.067796622064898,2.881500999713501,6.527231337231488,7.325099356281237,5.8762112019169415,3.342512948432943,3.0922767029829648,3.520544026980833,2.2835731897094016,2.408217288390408,3.3785364620734155,2.8487649817724465,3.0958276122715365,4.064765636895035,3.651141189690949,NA
Oct 2017,5.116961984006408,3.468375160999173,3.482447439427776,3.09890202605827,2.9898449434649383,2.9833603312765637,3.347591512593813,3.7449730737055584,3.715492449349937,4.469764214160721,3.731478790896017,2.513388383485885,2.6480360994115477,2.7716514803527805,2.816583853042416,2.6821765160092457,4.2430431307151215,4.064716199756814,4.276894660651239,2.9875220190217604,2.9344735851648855,6.136535474529103,4.328755044061172,4.632976509315111,5.448929584421772,5.50491354290873,3.1584678722826647,3.219017496109782,2.9646090834113497,4.510137719431539,3.4709797954536787,2.8410002618778343,2.944759188804161,3.3215588916006706,3.1049884430797476,3.168401264574522,5.022462379228284,4.878394984528753,4.780042821574343,4.392123293978482,4.271864025818688,5.358964976366638,4.70577594705591,4.592498020207984,3.799568816149884,3.239101823346744,4.726087592385758,5.578917933998591,3.3726775144266075,3.4272493995636792,2.508114720350119,3.0588027249768177,3.3696352904676488,2.9002188851102013,3.0578251065592443,2.8170333857435743,3.48932482295184,6.361428890731374,5.873894161312714,7.325218937540641,5.520607697578682,5.52049926424643,3.944859106625188,4.115963173068871,2.4841833003936915,2.783584008838887,3.9809977558070777,4.610434711220627,4.382740544720207,4.554680028104939,6.5935692334352884,5.414850867640162,4.605041201565052,3.389882859009718,2.659664346189785,4.05712373266316,5.654117984360085,5.653783033649636,3.0172801977645713,2.975938219354684,2.6235577268069155,2.9974946945406113,4.335496214968854,3.6328732398221963,3.748509346538721,3.021038858748934,4.7942638134028135,3.2538623763522203,4.925584545334595,3.686651902833331,3.3779509056982966,4.6126427829308465,4.306936715719996,4.6713031668350595,4.749639812367208,4.365029776406424,7.032453597457279,6.3149993153526705,2.958832199364519,2.557873345721652,3.4681686485148315,3.0412176123376042,3.2020336169295023,3.080897439527258,4.10341486688678,4.112632245072973,4.536406683846639,3.0083765910280573,3.2659210590431007,4.118133738186544,4.169564913770443,5.490469958481407,6.064012729938696,3.6284020446048433,3.4311400714049825,4.183372985665656,4.169447848614664,3.977086949443591,4.5431036542326595,4.89542998551529,5.4331723354412755,3.4407944254566813,2.9889022431764354,3.1179319204281954,6.736932706434804,4.647190412365882,4.019160803269574,3.9270864511567734,5.252778478856515,2.932758859329391,6.571865571698475,7.287703078176623,5.81218985559068,3.3681568597616347,3.0517474135625644,3.4528639126418184,2.3224830702431305,2.384151598331366,3.3187327419115076,2.857456021073524,3.0532056624809756,4.029970970590229,3.7189462125789916,NA
Nov 2017,5.103331376186646,3.46072662680448,3.5168106981227054,3.1343630410590935,3.071074979463101,3.017033564164824,3.3393740968493186,3.7938363853084396,3.7060706961642027,4.5104682053498255,3.7594409337703008,2.532346317450677,2.795713170912368,2.8471559632898673,2.8679417412263555,2.6646574449703837,4.280541328084374,4.027416836685071,4.282217460461882,2.9677405771400887,2.865286354815628,6.055855522604266,4.377947503561316,4.566461757978719,5.449852154246669,5.544456715708074,3.176504206941746,3.2527484021169615,2.933303496481066,4.48462503127853,3.5175688667635856,2.847591401347327,2.927212385299028,3.367814132115853,3.0321410336440637,3.124684571921846,4.9443546666086995,4.917925902137592,4.77663051437381,4.345003957840708,4.274914285368691,5.418388628334761,4.82146922376569,4.562272694590036,3.8807080887423613,3.3123025166168643,4.7778268232680166,5.546709603328619,3.4069608408891945,3.4276256150054483,2.5136366434476587,3.0440624258344227,3.374001756350712,2.8631937128262464,3.0911667858561414,2.8470665383900764,3.4880159028936157,6.299692997032719,5.785616152872793,7.176328267020247,5.501696899591623,5.453390084045018,3.9564441552625405,4.138559520424789,2.502346322355442,2.8514045885135824,3.981865419738132,4.601936452828491,4.385119639339183,4.556349876101522,6.454071354270246,5.288910638664145,4.6206181879878905,3.3684091595530394,2.694205238654833,4.105529498000949,5.70541884833522,5.585526625492222,3.0100451790742984,2.8721607648415453,2.6784121105145116,3.020124547293025,4.43927105927568,3.6574616052870135,3.991786076760222,3.0530745249158575,4.617230926770054,3.2765476575888015,4.783357882874602,3.7491760771026144,3.415461558586093,4.658519479710487,4.204021081463373,4.627722408297948,4.686418305703592,4.455218596807586,7.026817936738554,6.388270218430245,2.9385932135656225,2.5175497904947193,3.493478045379906,3.1134898224292833,3.2159031789620385,3.10206777837585,4.101650162035462,4.109725896941713,4.515033961188012,2.9915754234428906,3.3245348390299996,4.085009549014415,4.153780493179593,5.761787981740044,6.0567131311706195,3.663924199560164,3.4905274187537967,4.224726090511417,4.090235647597976,3.9344413284911686,4.604669659949771,4.77957650917503,5.453453430085933,3.4506373605287015,2.9927680543286046,3.1726931910220952,6.77347639843778,4.644966320958962,4.013478372678051,3.8952207422259915,5.1840267172701004,2.913144218370502,6.537313607572287,7.360483567970859,5.7749883419575285,3.367736215768316,3.053350322120936,3.505967478544881,2.3016559430734436,2.3820175282683382,3.281002315774693,2.9122443349486162,2.974541241984954,4.067189656318518,3.7380203618743715,NA
Dec 2017,5.16787257556838,3.464482086252542,3.493595558078771,3.1489167693111537,3.0573949825731863,3.084346245211461,3.346714569918229,3.7804287776706493,3.6456791957932264,4.520714336696989,3.736247135463398,2.544610363124292,2.960525888774455,2.810721744580225,2.876565610576692,2.643751380913948,4.2554517076535605,4.0959469726265505,4.276137568326013,2.9373145360131874,2.9431905522597974,6.089550647113554,4.383212136717469,4.641902597158657,5.51047750804273,5.575765637108956,3.2582984382311695,3.2687817021400805,3.053229272706978,4.503122304801863,3.506066494961986,2.8247234792389153,2.9113986887368606,3.313833031643764,3.0255087520165045,3.2175017904608954,4.894050561771307,4.962376204224206,4.8137991056423814,4.350434328445423,4.281010333744923,5.50872654007528,4.713833953206144,4.634494358107945,3.915122809045573,3.280027488544374,4.719028302588459,5.467586094983211,3.4085602053649513,3.436693768606963,2.5016913106239764,3.0363787592015363,3.3868427880001897,2.909894287160298,3.077193636948445,2.8231280217608528,3.4984858271776282,6.29341865393882,5.7177518214325165,7.248058339561402,5.444353936123057,5.568627728191745,3.970887720002778,4.203822025755822,2.4464867770229,2.8702477536892745,3.947468775841705,4.597575455790339,4.348476005216173,4.576867631086237,6.305674269881632,5.426160001991508,4.55559011113275,3.378210893446725,2.630351326092533,4.062909572380122,5.7206055395885675,5.672594142300265,3.008543449125806,2.8930537075683325,2.738909900667136,3.0677605762758775,4.347176059581443,3.7177687360014002,3.863124793929394,3.082718678381592,4.744714499865548,3.289063301527135,4.9187403731567,3.774125530469687,3.4187346928408946,4.641114676784284,4.239285118547109,4.672248775625336,4.745372001828796,4.476137420686142,6.902843878860835,6.257444853230343,2.9870218835135125,2.544134508832461,3.4931815677747275,3.134493034557218,3.2756011104490077,3.111326747576336,4.0989486683328025,4.098575088468571,4.514677054572758,3.0676446984539996,3.3530984349538846,4.0867087299110265,4.228181878097275,5.2690098478358065,6.027319815948632,3.6864741406213195,3.505799520119062,4.216817288000465,4.126863722651777,3.9202712156885093,4.522618879974049,4.760011928399029,5.519028491366272,3.4797781203160767,3.0004465444352775,3.1947320173412255,6.7361480024523175,4.619362279018268,4.055549702316246,3.8997646560037076,5.229115954068397,2.921342589648736,6.494583758706068,7.201116972878792,5.683900973476193,3.425779262213125,3.051448544039211,3.524878380637669,2.344202837704521,2.423358163297003,3.320092518693939,2.8922160912405364,3.048644810363755,4.031666851583896,3.7283835890551624,NA
Jan 2018,5.109195442537611,3.432859333442125,3.4464573800059917,3.097017230579481,3.0874037004397494,3.0412155187277867,3.3259484032792583,3.786115338858271,3.6591537695540466,4.503884870544232,3.7501944974433328,2.5500049078960556,2.8132881532906615,2.806270390905117,2.85205809464307,2.656638727760028,4.231599289175649,4.1300880686686865,4.259305180870119,3.0482843671576685,2.8890069924508737,6.085899833170823,4.345927006284735,4.597504512515175,5.517915959764334,5.56973223050485,3.2232182068681055,3.182126245121147,2.9043028280161796,4.493090855199955,3.492839005923846,2.883086690193921,2.8589844697378988,3.245584242861376,3.0409553245727956,3.1544016268368176,4.904994767722416,4.893094441664089,4.784002135413058,4.378841747511703,4.254938977082257,5.4535011406650655,4.740660183704887,4.671833954040575,4.030919314116043,3.299526378463539,4.7263778054334935,5.591840608493345,3.4115720777802823,3.3875967204797446,2.4500044606984304,3.1045596252366345,3.3888104146944955,2.9022939142065614,3.0621173279333647,2.8644035079006507,3.4851864089696925,6.3267590764659065,5.649377903162657,6.985088845259213,5.681901267490976,5.473091239295884,3.969317490026671,4.212416489027361,2.4494589922736476,2.8201040075734563,3.9772122745787577,4.576274223905206,4.347484915133453,4.577486469327265,6.63453891839282,5.2931370633993735,4.61888460848511,3.378725413117787,2.6632196749090196,4.080630836036022,5.612511004310285,5.684171033979985,3.081286007744067,3.0169638757853807,2.664769186571951,3.1237709348252087,4.276189319795263,3.691656957529612,3.9812544922248,3.1443779731430728,4.7951574487535,3.246020707107201,4.918460814371833,3.7649746069929693,3.3918214834789273,4.581657507388044,4.2291160421036835,4.696627219630631,4.703934824322458,4.462189561588401,6.71091095250381,6.4456135158711465,2.9508688379036236,2.58397596043097,3.476171231684376,3.092713272649057,3.1817929109336482,3.1382673739856224,4.0644244717388816,4.110442721859826,4.471398727140356,3.06400221104208,3.354001349031786,4.144096903474945,4.2012779921522485,5.434000486019777,5.9814288385501895,3.7075880405427197,3.4903682784660637,4.183523545351361,4.0966307143621155,3.892955758286938,4.538595329804198,4.7647235785942845,5.498582034385928,3.4747308075820635,2.99145994952389,3.2325843588987313,6.766437150956786,4.656325269738228,4.096275281020129,3.875140439887545,5.222959087478048,2.8836939486173514,6.393672631821669,7.247536793379619,5.772686219714991,3.441237563519665,3.1195580883957676,3.4913588944196245,2.2799057647039866,2.40343603500912,3.2448411828845316,2.8815355341294033,3.0941463903609487,4.088511010983048,3.751969734997889,NA
Feb 2018,5.1368931618405895,3.4956950781307716,3.4897554870592637,3.139640694098187,3.0764572643716903,2.9437171977258916,3.3440315516140195,3.793359265619987,3.7249065469684512,4.448378552389947,3.7396546785884297,2.5743318110480105,2.8211787767034346,2.8009584687457805,2.872907695308491,2.6509130560603382,4.236550445676875,4.06897153119313,4.268322523078188,2.982662823814075,2.898690543923746,5.975344650415863,4.342827345663101,4.610703714729708,5.370589745942793,5.579886111489425,3.1559380186995427,3.301569139591676,2.988115779259875,4.500015579546914,3.5150293723971204,2.8739550510447756,2.9486431631708636,3.329757014245925,3.0743467260834962,3.133532804434005,4.9672279456682285,4.819522457868245,4.791275625472411,4.352168434725796,4.24055275512828,5.290689547023357,4.759996345281277,4.632951695307771,3.8938229358232763,3.2398924131074285,4.716636362156355,5.549160083264424,3.4602645259569655,3.470796102438688,2.4800390198664246,2.9947371888573007,3.395910049782082,2.9028745769236575,3.054601791466047,2.767807620769212,3.49133079471538,6.261071880276966,5.8462953431419376,7.087409024375848,5.665567512746625,5.514049981611203,3.968760190843115,4.14320898723713,2.497009384446396,2.8816371993657635,3.9589534613571886,4.624572145443711,4.38919933630893,4.551434432279794,6.505685708178415,5.397528899822588,4.5602889620198495,3.4280340991967346,2.5812368233335543,4.116846926132795,5.5557301686595215,5.561695798705586,3.026169564245007,2.961825990681821,2.660930520106512,3.055746359191299,4.546688832021893,3.685868079729928,3.9708250770242426,3.1363138120955294,4.572309261299062,3.2776547837005845,4.765126068043727,3.7875290187417994,3.4809478767353195,4.626578269801802,4.34129135231184,4.750640840921552,4.639350988685128,4.4878569576453575,6.854669056492777,6.229763058123547,2.952717658706136,2.569317462516463,3.5454616924362745,3.1145037121113006,3.2387243321948445,3.1531069750832854,4.141506150313184,4.164681433835862,4.558366535032582,3.0722932684446964,3.4075235016210166,4.136545705098419,4.239618857469496,5.705143482389544,6.042244215219859,3.710701736312796,3.480141121947839,4.201129944030243,4.132620161336371,3.8867966852668827,4.52267700488815,4.6956335360197325,5.423425303876356,3.507600116415109,2.947995928761989,3.209039319373611,6.7519834230030025,4.6688503620431465,4.077860402736533,3.9075097034512996,5.218115298959787,2.849408192057786,6.4898786773078045,7.311321037675631,5.8580915455695886,3.396683602654176,3.1038857982807295,3.5712014950597153,2.3434864555788404,2.3575344015346156,3.3234601645479556,2.896857218807077,3.1129216482195003,4.098375786801833,3.6828807351425117,NA
Mar 2018,5.114003426616712,3.4852692250095476,3.4970380992230803,3.178806075156008,3.1153764823261842,3.063028080886698,3.3467865024424097,3.803429570533237,3.700133719212058,4.539749761073799,3.758466698602557,2.5748520117736335,2.9505975721175717,2.8161190648119594,2.870936867321641,2.6376557042560806,4.343162886747138,4.108437018040045,4.270753813313883,2.9858505274050153,2.922587370650792,6.120086240594673,4.378569399967171,4.571623106708342,5.453765953875905,5.484457129368236,3.2095875476624,3.364769883518938,2.9700696862433635,4.505994119324182,3.5567219691441703,2.8602142778382253,3.0168624359383975,3.372935492014648,3.0559419680704014,3.207257969337197,4.933480980858794,4.951417361754955,4.787628352138614,4.332972369719834,4.264568803009634,5.348373272068455,4.728649431045182,4.583994719913223,3.884186519196951,3.2739244207542977,4.6740814363006,5.5118221665355565,3.5375700455239008,3.475127711301565,2.48457928030416,3.1231887705300925,3.381340587989932,2.885469062155211,3.0877346701615136,2.8823386013915555,3.5422491874861732,6.269113576342713,5.871016990826126,7.016138935744694,5.573145988730497,5.586162556606176,3.9781162509464343,4.24313302126761,2.4850536145467843,2.8411829269348363,3.9650855630193926,4.607458513637728,4.375179435340446,4.5482561276530324,6.5212425994972465,5.389700172849853,4.574530484397325,3.463648569608146,2.7078657902140555,4.200264013283091,5.64789799540447,5.519285983247595,2.992772364666501,2.974211776225965,2.706500506421191,3.081749497430633,4.6674457582868545,3.6956349486616693,3.9178161369736335,3.002506165944202,5.067654065785498,3.289591861608745,4.752184190936493,3.7849966277090417,3.4427443891008807,4.563622619405371,4.251147865998763,4.706936300872929,4.738471114887819,4.5182053828283255,6.941987522546373,6.170771430797037,2.9305902134442436,2.484676429930946,3.492704226311618,3.095769513073469,3.2648074566825387,3.141672987609919,4.090057258683895,4.206318907122288,4.516258055251147,3.05143368416023,3.2917869765581527,4.159502681325252,4.257017646919459,5.426730327995756,5.854560176388297,3.7360906825252704,3.5118736344472707,4.220736427222336,4.102917763358745,4.09492977978248,4.524646148239065,4.8174468086817335,5.492857402007278,3.464989746312198,2.978738527724994,3.243110753842163,6.709065341159549,4.5977257197717245,4.003668234952672,3.8211706498251403,5.19941079424935,2.9554885074541852,6.519097025227186,7.235289075048129,5.740326355419172,3.400324011362103,3.0148577472150473,3.6352343154409983,2.271015835705403,2.3688679912413266,3.4133944654286514,2.887702289326219,3.0822355534979877,4.080644704924052,3.6750608152106405,NA
Apr 2018,5.146459741249692,3.5162982386639556,3.5384237967942687,3.1472542776661654,3.1111811488510215,3.096735069726169,3.385792133303064,3.809290801752784,3.741381585583018,4.527225292020379,3.7586889153693495,2.667183989554882,2.8833513834750475,2.7884964977055313,2.86363557166609,2.694555882592823,4.311746134684128,4.092111816662656,4.2956505397122395,3.0302820099660424,2.938374633755106,5.951774615089941,4.398424833574302,4.645460274645055,5.393948825996241,5.584804689629191,3.193943387432499,3.3268530170525863,3.0264865588478482,4.50606004576501,3.5595857382423777,2.9537226611064455,2.972232800928644,3.4134361723487663,3.1050696811623326,3.167412765915332,4.991790808566731,4.9805962601580385,4.803427302182958,4.387451245491589,4.323828963152894,5.359657086155261,4.771535279233505,4.619877462631714,3.8931936367848645,3.2992127480742286,4.746858278516375,5.482424992821984,3.4565988118505313,3.4746737347424292,2.520482253279947,3.0773978749806403,3.418071681233541,2.891856713379544,3.11205528320704,2.898856831870348,3.5068768000370083,6.174522981165489,5.830920030841083,7.20304692291942,5.6776422680432415,5.369041341119168,3.9665964127216107,4.236141445535447,2.5519676174357975,2.8793686878577773,4.036587064588843,4.627307863742743,4.340688487046385,4.505122040799985,6.165262514079119,5.267133111249412,4.595953915523389,3.436653770375763,2.676541075273762,4.072777236415918,5.700540713148358,5.549164336974943,3.044477844708088,3.004722892437344,2.7145756379843395,3.10283769691442,4.646925818058914,3.6817501763709743,3.977417743677472,3.034482354783746,5.138937340481652,3.2978159913304523,4.780127788534058,3.7643519953041027,3.4041861118253376,4.6317247567494695,4.3276611754792125,4.71217417506346,4.7671644340199455,4.475342890830249,6.839544874743743,6.195645290253542,2.966798762254988,2.536490769391715,3.5270726786710447,3.140147867915993,3.262814223511463,3.103960811031151,4.16327733190913,4.197674274996234,4.547941629631271,3.0907183349294143,3.4204442843260687,4.118293139388539,4.275653961772253,5.682854197741105,6.251036894633622,3.7580610332167623,3.5073275808867863,4.252830265659095,4.1569039169626025,4.048534049402403,4.547867910808416,4.844659457974389,5.5266213335820416,3.492618341839821,3.020495658236716,3.2156455330623066,6.8320894685682925,4.670975430637015,4.083163434181603,3.902261669206215,5.198266711288248,2.856656583169319,6.456442645497628,7.235008375496449,5.564183454179119,3.391020476666151,3.0682297206043425,3.5254175304387454,2.3246490451851276,2.4558016748219327,3.403595090036808,2.906225380741009,3.14352080269756,4.138492935409425,3.7255107960354588,NA
May 2018,5.13239997147202,3.522260568275677,3.559476977708473,3.1605370850568857,3.1150727466348593,3.1171905164264424,3.3542288609074484,3.8517633364695216,3.776680251293014,4.554853583740246,3.8265584910371535,2.542681134637127,2.913626205210088,2.817370179343582,2.889372865994959,2.6747098405723873,4.2963501082537565,4.110060929771312,4.314025848439763,3.0841711845052826,2.922985210724725,6.132662190525209,4.420741439648344,4.603245246408579,5.515453828287609,5.656218792912338,3.1364880260269787,3.2977424640566237,2.9449417324784877,4.4957526645143915,3.5626331890287606,2.9278181718861385,3.0119117278417296,3.37000399153007,3.1537820784628074,3.2112592006992156,4.995844671862655,4.92490134658921,4.808114209887172,4.416065232375054,4.3384963373163306,5.532468330905915,4.765668845871546,4.704119728095888,3.905118254420718,3.3053563003220607,4.791670374801973,5.624375672323298,3.540527543697155,3.5362798108303357,2.5438280051940105,3.1524551869764323,3.4586428856986475,2.881813941256212,3.1108108558729715,2.9238121258348766,3.533401659689272,6.410790856007246,5.79846244091338,7.306014879620533,5.506724310679738,5.422196487851449,4.035492699360936,4.220229903167294,2.573000496391147,2.8886550716528037,4.043105996009974,4.6661151124599645,4.329137500631761,4.570220641966702,6.495911337222005,5.456636632627624,4.5631134260398625,3.4814093057820084,2.674296643707519,4.132630458552986,5.670206317288376,5.466160338197878,3.1017805823299005,3.0057940892768547,2.721500119456638,3.1625406225675876,4.580038359625153,3.710456852663171,3.908639430452707,3.066392647642495,5.401770119614323,3.3030940067040375,4.859181367518363,3.750806907350648,3.513940402825022,4.72410553105338,4.339579463856869,4.745056911698761,4.700811132934403,4.567717650351041,6.857320851939365,6.36462607070178,2.9825028749837204,2.5174896614129976,3.538532090599409,3.1913748098844916,3.299914737213069,3.1388775244672074,4.133491285698936,4.1977554407934035,4.48047309589032,3.140041689863867,3.4220584942994177,4.166620359884762,4.264989426471925,5.3876822940287,5.940777582806857,3.7845588795598855,3.5387250928444347,4.249971345214323,4.1786965413123385,4.069471673399286,4.5806718123350425,4.882822779218803,5.5314892292153255,3.4849530663557142,2.989717954778742,3.184466433492272,6.856317840931248,4.648238860813606,4.063778916568501,3.967129789823579,5.241491504487346,2.927853794547246,6.39142483486996,7.2254653359233485,5.727316927236037,3.4420405989549203,3.1207112940571227,3.573145498998961,2.357349897686345,2.452961722959805,3.36148424022688,2.926921997160581,3.1984646238218772,4.079805830875144,3.6784644970011016,NA
Jun 2018,5.10669971050001,3.5963026958378186,3.580256391727196,3.2220190319789555,3.224053697914413,3.149122837693994,3.427552072581256,3.8494526581981576,3.8699500524243593,4.577254997125516,3.8447608576779895,2.6275101683124222,2.91096059753729,2.8353435281538313,2.897870421015104,2.704934277528082,4.375420550743659,4.106117525449179,4.322764014249946,3.044242519596197,2.957188149807776,6.276993913089345,4.4322874551102736,4.617288645514361,5.430118074210755,5.719231634976893,3.202709137338125,3.2382158711248596,2.980159746084943,4.56497464540492,3.583019118413044,2.969319731382999,3.0655648512820663,3.4066890716968516,3.1910358354225195,3.2117538013246842,5.044553018816091,5.031867026671422,4.76852254286843,4.376574341949454,4.362018002479175,5.428502379156442,4.757220041976659,4.715587128813866,4.028433217858478,3.339350940749946,4.733955008686227,5.591252559637216,3.531548307032407,3.484288873317195,2.552083787247779,3.078249892704193,3.434818408377021,2.9379732037265693,3.114220897229995,2.9335388264968536,3.538574167931517,6.370589642775521,5.7465606465010755,7.291813712093054,5.561638524548262,5.447282655627759,4.03436604954103,4.251562666964016,2.556258910518406,2.9222147583740696,4.0577139947364875,4.639295228612079,4.3903126020291134,4.596721146926811,6.5429283053870435,5.4317138921171635,4.5944200287971855,3.5038112053911235,2.6642388933366306,4.128882673544515,5.683734322716566,5.579708736020065,3.0201953404521706,3.092835866670667,2.7403504927793816,3.182277980900882,4.432803089655735,3.793991188176556,4.148647358805697,3.1761531690032916,4.899411546484574,3.3222473693165067,4.751488596183283,3.8558052017144786,3.530609334231346,4.707353098631499,4.306503355975887,4.724004234214148,4.810874073141073,4.476969023294502,6.865766499496232,6.233040717325,2.9942998642995025,2.5578241242360042,3.6047682670873638,3.1886395174270517,3.2869158231483078,3.198018840705115,4.188208141628879,4.258036846100401,4.547796959527311,3.166425037632746,3.523913853902987,4.125092674512039,4.307810356927665,5.589976737658451,5.936941236314503,3.7812951989455748,3.5608953550600044,4.248373283592675,4.135930743202716,4.013220734933052,4.573024707770867,4.814487964128016,5.555917301069393,3.578557432673163,3.086209846107554,3.32576678559936,6.740345135011392,4.72684084878309,4.122075371960206,3.966161551242781,5.263496336825905,2.9442800122127264,6.566582002624516,7.237390340633504,5.7981025808344455,3.4818479636317474,3.0312546131726554,3.5302565748314207,2.310975250722862,2.416141229320099,3.4160095327944466,2.9169727684507962,3.1869636537008907,4.108007900060705,3.7250645944447256,NA
Jul 2018,5.170421341986103,3.6141781281439838,3.5997311349383203,3.183760372521712,3.199944413232156,3.0677803642852535,3.422613125915476,3.8615575229358954,3.830111734349661,4.5596929064297775,3.889626942725824,2.606400477109196,2.8931072429725804,2.8643223555375514,2.9170795312650144,2.6926969943332355,4.387083710449625,4.156431316304096,4.3198388144434325,3.107232964354596,3.0023022263809707,6.229216166368873,4.473961798435648,4.7083488336483725,5.517225907697415,5.665513328839538,3.2507612731546542,3.274683078959837,3.0339093463332296,4.548607479405023,3.6138749591068713,2.9889418333002338,3.0333337421520405,3.429581688287089,3.1959912381992757,3.250070610497359,5.018151531638687,5.065194060190593,4.811528408665907,4.431230612192114,4.369352653940411,5.378171962068222,4.700278261534543,4.738139215431049,3.9936708629102697,3.3407297413406765,4.818479797085909,5.526513255268693,3.4766828952997275,3.508319047125182,2.5090672819865745,3.0902073724840666,3.4234679825387277,2.9431079320112534,3.150426605279088,2.898584894580712,3.5877440950140835,6.502091869440596,5.839369158846076,7.263341874730384,5.648036568040911,5.420795177541768,4.057625976318164,4.304989153464067,2.670261790608838,2.852544608099026,4.0823492078825385,4.632634695483902,4.403227032558175,4.599829916353189,6.298164696818489,5.302181812509197,4.5741215047462465,3.527198637601611,2.74852926416006,4.115428265150826,5.696331734727248,5.657174689703809,2.993534565283004,2.999981890113633,2.720509116796965,3.0998899516718557,4.49245618102092,3.7554710182225106,4.002700177488128,3.1439927128855527,5.134547913686286,3.365317919008345,4.673516547844504,3.859755812741591,3.546603088984176,4.716298719499366,4.310578031699498,4.711902710851995,4.78407694484061,4.430289500551391,6.92127127865641,6.197934014793973,3.0047932829242137,2.5020349000767648,3.5447734977451804,3.181368086713549,3.344616556934945,3.2029009309679757,4.165789521731091,4.298985229374957,4.556153444804667,3.226135818376495,3.5103420565800265,4.28117890274831,4.332702777330344,5.062777395634723,6.045299647005579,3.852061638085648,3.576936747279506,4.264858798497964,4.174204063559232,4.05055507389594,4.559468671592634,4.7568274703483775,5.485170358942294,3.5611805959795504,3.0895771919102866,3.2368150890648755,6.82483291236978,4.675853616996162,4.112510032198938,3.964284566792618,5.306818290007765,2.9482358079767534,6.554833194327528,7.169525475804821,5.638735738467422,3.508388385355937,3.1306194379688193,3.645628442608662,2.2897579600264653,2.3701382634943315,3.4024840580376465,2.940175170487558,3.152678320924797,4.155852425381334,3.741874913648289,NA
Aug 2018,5.15757727085809,3.6397165645345897,3.609010414298861,3.281283657305114,3.1299600890774304,3.1324554053906857,3.4623258642142116,3.8576893083039026,3.8575345532866034,4.567069782308493,3.842464406021306,2.6173027768262536,2.8637473603421637,2.852864909301538,2.925207365656274,2.730310340627323,4.36762147843816,4.154227781430873,4.344982094169925,3.1319912026260197,3.0326641769272102,6.261794421007278,4.4778410214341235,4.712319146517032,5.540205515350433,5.637866211615648,3.293612071774735,3.355201925762936,3.02489892565184,4.59657223486757,3.6282136614376648,2.982386893838133,3.0843605095895112,3.435232479282637,3.1893773734013133,3.21588628409822,5.037275652039923,4.987273382242198,4.893285316485471,4.471406301975574,4.367013130250684,5.422477372228088,4.763849873342285,4.776002875387622,4.042463036665456,3.328662100808945,4.817559412342085,5.584902512078218,3.5606813268431976,3.534312039713973,2.514491564576334,3.166991658501303,3.470291049147731,2.9766350737019445,3.1573245941809382,2.958415157847649,3.5860923427783704,6.354898374771757,5.705791083120207,7.315030802772275,5.6717093251415145,5.504422052172287,4.063119055275258,4.283022105189213,2.4620705543060932,2.938864953882932,4.113747363465222,4.623323053416607,4.3576322226647655,4.550367756485833,6.39643043812332,5.452677133779924,4.596626604070245,3.5294798680708164,2.695349226614595,4.216532553016881,5.671475421913587,5.624467873813845,3.084200189311287,3.0454482505884792,2.7597057829732106,3.1658079054711084,4.571275709976875,3.7946880487854715,4.080632023899767,3.1426817046111113,5.321191875706684,3.3722997526766694,4.773916300218721,3.8702457218016537,3.5703941532317764,4.733355007453838,4.357575186218212,4.740153448930016,4.784140949656415,4.524688422100835,6.842683982279019,6.318828798392046,3.0315778989984876,2.566735302333231,3.5873212980977347,3.2033009066173137,3.3546828385586176,3.2304508392059534,4.208434816122361,4.3163683874910985,4.581197712706596,3.1711934248146703,3.5953438261837265,4.280868003863299,4.310725705002192,5.513043298425129,5.938194851280772,3.792221640023598,3.6033359783732952,4.289189956498174,4.165199087773371,4.031172525706138,4.608233985508323,4.845553477409247,5.464571549585089,3.6096830385645347,3.04582290226544,3.3126756462815004,6.767599230690305,4.686987513111175,4.131768280757404,3.9411686982971115,5.29609794498986,3.0310743278897934,6.596840443339475,7.2987116743654035,5.8514431464437155,3.4694977140989707,3.1162687301339798,3.6371553159131444,2.3322784590082675,2.4209662679414183,3.435453017853516,2.9880958746033315,3.1342093516126877,4.254911131637338,3.745825513040904,NA
Sep 2018,5.169182720205293,3.6433208710032643,3.6141025915385563,3.245482113564142,3.238944011402979,3.130975225180069,3.412539170106748,3.91572957938648,3.8310885514614235,4.618007283581759,3.8536248754301616,2.6177820080759004,2.948428373152755,2.869789036289221,2.918180294037455,2.6941779380791058,4.367385836358964,4.1596032922196375,4.337225883447806,3.1566677502652833,3.020646548989233,6.201096406411345,4.506475132572537,4.728016139000425,5.471645789146598,5.669973931957867,3.249455839745821,3.27896950522165,3.0565516490963733,4.590853661902481,3.6317019839118196,2.985620646299719,3.1032125810109887,3.394991758857161,3.155652001944595,3.2713051833083493,5.0432824027507115,5.010702598340773,4.7505206726179585,4.416913600975163,4.351853599720194,5.496385231358731,4.735576409403821,4.801834662202722,4.027904451193864,3.3512625110711767,4.765370186237446,5.650116956461986,3.447919869990677,3.569037331919496,2.497758404705028,3.3409166613046484,3.4441631475647076,2.955852787359086,3.17773145270931,2.8870290122710904,3.639160982631442,6.329105179316884,5.710635221220669,7.222623486428683,5.728929862283071,5.510989875909657,4.13719437086881,4.284861817714855,2.5876889423302245,2.888859732801179,4.1025703538700835,4.614755448252755,4.353205828821628,4.5594941332887515,6.453779730957143,5.2844606802014376,4.601058610755029,3.475530120402139,2.692885214136778,4.144431660265281,5.691343471571137,5.580335852386626,3.1063383343132047,3.0352995997381575,2.7656860585060854,3.1073925199727115,4.64019811133485,3.824904021375305,4.145147485450583,3.178282184005758,4.984237333049419,3.3938593879801906,4.757302329307486,3.9093367257975196,3.634285309378542,4.770621927657989,4.289002090228677,4.657400496615598,4.812566984886207,4.53018627755373,6.730142682027819,6.284810945956155,3.0138134992183367,2.569508277605547,3.650006971642317,3.1965508337170183,3.3772909280174686,3.243340490945865,4.223362839322846,4.272421704524547,4.563274774705703,3.258483560565583,3.565786441236693,4.30702415445334,4.367917295131899,5.441729776318795,5.9930173752884714,3.8557651378697946,3.5478749114070482,4.2769624970578555,4.220534072140535,4.101637779048506,4.662057022754703,4.879846812328166,5.497149206370185,3.586735910326226,2.998766396227702,3.3405691215178313,6.73536410896693,4.6581213114012145,4.132612264531488,4.010693596933825,5.399066692373886,2.9997876837855633,6.489013069446471,7.204545041093261,5.7210189542378505,3.5169304901932055,3.060352833354838,3.6488436156852826,2.340939365430544,2.385211197893459,3.3276801580006,2.9822721235989853,3.3287786219738056,4.203021812198794,3.7602393411721833,NA
Oct 2018,5.120832815573829,3.593363841320475,3.590386216416672,3.346966082466821,3.181865594613489,3.1152291573533715,3.455709876957988,3.9033267925401844,3.849767704095607,4.572883303080922,3.8882956197030034,2.6082519307668255,3.0837941332136363,2.8535378949687966,2.9343751328340693,2.7078712146507438,4.352351833035918,4.173523211843035,4.25158797850723,3.1676882774969988,2.9584083267181143,6.134740959282654,4.44573200869227,4.714873147710983,5.4579792119535675,5.677961208403125,3.248591041029741,3.2852412371820163,3.0174185120050074,4.555053909545046,3.6302313551173166,2.950333597710565,3.112975457223567,3.4142614880141817,3.2049451530284054,3.2931277112219157,5.068752186775578,5.028034770879579,4.865822759579387,4.45105467429429,4.355759831414892,5.408554572637478,4.7265292880768115,4.724192065480156,4.000001067295119,3.341489479029571,4.783998717409455,5.586035663667192,3.537666482479551,3.6119510489955293,2.537598861136026,3.203071313850844,3.4501412357932715,2.938040056166868,3.142624288949936,2.874046573373652,3.5780139431284983,6.317769552580393,5.791904164050263,7.024851535994179,5.434357917886699,5.466229189484054,4.064253695683267,4.331476456645303,2.561251414743281,2.909201291848079,4.099764319016276,4.592214078440559,4.336260260258152,4.570334096980503,6.2664188772734,5.298410220851589,4.566086899309651,3.5366086334481337,2.773523395044295,4.218087014495924,5.619632263514374,5.537585250961188,3.128770944974827,3.0089598504468644,2.7642387595461924,3.2269686247088547,4.44214104484091,3.790107217595278,4.043637056326623,3.151415930245444,5.30012534155145,3.3904102508365708,4.705399650397356,3.887193870383281,3.6190423691327416,4.616033142832517,4.355551872272082,4.759869576890241,4.764508241927317,4.438583856783674,6.930133536325019,6.020271549507293,3.015474012970473,2.597364371701467,3.6513012938389,3.2481045786956346,3.343130983584084,3.248760531030742,4.18981992409846,4.292683816333967,4.5301415276113985,3.252417184832471,3.571183697825663,4.228079560367882,4.343666682575474,5.281518560769303,5.875255012373236,3.8124292516385587,3.5592124186678182,4.293038998030172,4.180845440925983,4.102119177523491,4.5233997533260295,4.792093702193473,5.441408779269912,3.557054048042326,3.0580351678456066,3.2778743918559026,6.714905451649704,4.740432735298052,4.078019499515326,3.9259677232878665,5.364529932739828,2.962209969936363,6.395937854427174,7.032503222379252,5.644921862155938,3.47306243179346,3.1460577239401823,3.614230555439886,2.3632294763593134,2.3847088253069297,3.4310972802353605,3.0029759273615557,3.047225031948606,4.220354490230025,3.7354430639832787,NA
Nov 2018,5.086591871780205,3.695220243533774,3.616029652334745,3.271145780289215,3.2044451569798182,3.1378390112590986,3.4760379598001028,3.919296890194994,3.787951952565894,4.596256946914772,3.8746635524617727,2.639275301185697,3.1169612498902657,2.8403442155906498,2.92788789460703,2.6971833968276666,4.357015146870645,4.1506387873970825,4.290469799720859,3.132054521201948,3.0026628654358,6.1673972131006165,4.467827272899084,4.710382772036703,5.468093893078969,5.749844029714954,3.2207036211162823,3.3333070381101755,3.0216918269034694,4.545304477896195,3.6510459300307416,2.9200635158288906,3.017250546012478,3.43377762443859,3.2146566454885566,3.241535518598167,5.0445119573650405,5.032847751166432,4.836578071325525,4.428036331582444,4.330197841843309,5.383648624449684,4.693919907846716,4.776000867722156,4.033968459186461,3.355119340992532,4.7480251917189,5.4866746959089685,3.5121598409364334,3.5768137310964,2.5202737861786306,3.27692311781119,3.4466809907034346,2.9811908764478448,3.164061835161828,2.9173906250523585,3.6103493714939425,6.414783109307375,5.710736503438729,7.153753743208005,5.608519749228808,5.478582337572054,4.081441317443284,4.325954643216002,2.5281121221058447,2.8596576427052645,4.127597356611964,4.598428814378264,4.343988689771484,4.552575433261103,6.580229833941772,5.406251709893602,4.529883683593355,3.540253062792409,2.7070085197363527,4.20965106326016,5.613942993907514,5.506750768736216,3.1093080720287385,3.0415852935197294,2.8037572134574797,3.0769383689420593,4.612783322412701,3.824659502644555,4.073891952546113,3.1944279823082073,5.506859423586701,3.39849474819096,4.686777573937988,3.9569253185504683,3.597448419169755,4.796847276995566,4.276737029839141,4.738668499211517,4.79416865489644,4.445331010466987,6.8169911301534905,5.8697908856718275,2.9975619364867563,2.5748016013262482,3.683525627897959,3.239408911704281,3.4454336915290327,3.3004183547117756,4.1699724368514826,4.337100634011491,4.507341855976444,3.2742479048373347,3.5079125229449004,4.274687942004241,4.332156982500221,5.104660866864145,5.844252155043028,3.7122629927253503,3.556414284640523,4.270746401745009,4.199583312018536,4.135938409168841,4.56892200101059,4.868443520293129,5.431851431791837,3.631010441295824,3.0340705580524645,3.344243562412183,6.610099598922247,4.633129300859643,4.099795965634597,3.997009276854149,5.478880273795247,3.0164050911412836,6.4125677357486355,7.185505779039183,5.659372098855461,3.5074876883572412,3.1116945544903385,3.636052210268782,2.3366378226591356,2.409957402742073,3.3708685428823375,2.977702254734567,3.0711070233460465,4.218333594104994,3.687866820354164,NA
Dec 2018,5.114536580672187,3.6899347698966096,3.632823443454488,3.322632629580839,3.098512391151045,3.2196322368800465,3.461222469786815,3.9384036124489894,3.8776623663896634,4.56913085624726,3.8936875875397083,2.66980664352585,3.1737177777803094,2.877259999206512,3.0002879135237954,2.6885232307274656,4.40601083891692,4.154553225250015,4.29583814833595,3.219482524007032,3.0381363229440197,6.236419593246916,4.450484784948512,4.691708720086335,5.327066650402639,5.666761776731421,3.2153287347037036,3.3312748381371526,2.9973109708748855,4.593162768280612,3.603911625461235,2.9446950651379504,3.122916293161367,3.4282185510535186,3.1939658045590344,3.255597957688507,5.0437536377986945,4.970225380576638,4.851295163602036,4.4647950795055085,4.32866115884089,5.273294446894966,4.6563659142114755,4.7285862076856535,4.010395632229347,3.3456164751731174,4.755339434394234,5.450644053251801,3.588186426941263,3.5746453681384582,2.5508732615609806,3.3974946047789114,3.4130941424352095,2.9945389954595063,3.1575880825400318,2.9293066934357497,3.6219157479625497,6.406056357070001,5.52241605854799,6.945791096719978,5.414756661911188,5.438971712720227,4.062064116541152,4.316094153668358,2.579223024038175,2.8809998865114634,4.121099251015575,4.55117858538398,4.338670466580349,4.4675995181481465,6.415749725590949,5.2593259874435,4.49728494330394,3.5511016447395276,2.73696716894431,4.214207908606143,5.529050928990763,5.470865197478977,3.0424682541014203,3.0114468843733393,2.7784052898368787,3.1031505857396047,4.5837095265720915,3.7967496456172407,4.087111629537708,3.1972910790731524,5.185367842317204,3.409049573037165,4.7777700587541325,3.8939339508809403,3.610589009329059,4.678466370071211,4.283264439199176,4.7339764848744466,4.809319720546538,4.544740000609009,6.843722467212327,5.816834430853272,3.0268077121966486,2.5702337338926218,3.6567954950005834,3.2480023711854655,3.395878319089986,3.2620335408756858,4.213192708616328,4.317355966247581,4.526448189342831,3.284402662576245,3.4987926241662146,4.216884620078518,4.393255441820023,5.4497214062633645,5.8130407840789555,3.778132213650271,3.583350411298139,4.290139054409208,4.141972228107864,4.16677841249127,4.571692094827124,4.682517719683667,5.514488525350968,3.6280328732718314,3.0881972407849,3.3045981421213897,6.6598157651099,4.639033459466098,4.115169244812632,3.9568764442436577,5.337436290030586,2.9653921463633743,6.434152143321587,7.303052100159478,5.566727816913091,3.509078066295978,3.1428870667938016,3.5996142368476374,2.27617051579508,2.425278058008519,3.3825414015557627,2.994919012086684,3.0930135148318203,4.237039178911892,3.7224578158164228,NA
Jan 2019,5.121869177223893,3.6464741545771555,3.589433618221998,3.2686522925021926,3.1391224186972484,3.2177193715360874,3.4635175260622884,3.9048815873643594,3.830796565101069,4.546706862600969,3.7934085762302856,2.6453021160445984,3.0517337376090268,2.8222331071874174,2.9145428359611403,2.6995781916572614,4.3354238293394785,4.132165028077082,4.265535978619757,3.196143758169269,2.984282686808076,6.066165395932756,4.475797788355692,4.637402877535841,5.318086008079644,5.690133940330519,3.2391781338131174,3.4255157100424762,2.9646108063960095,4.536310050055571,3.678761764037277,2.9465094811311454,3.153013772891897,3.466745924229998,3.217337795714091,3.3018983497640813,4.936745070395037,5.05523866070195,4.819361327424781,4.44187843324503,4.339184737062898,5.382671210390951,4.672143374680243,4.795546653461745,4.066558429874995,3.333185378768782,4.763295147326135,5.524864558854762,3.53919719829845,3.580363522134776,2.4958594312521534,3.2133362062668502,3.4386902603528524,2.9505661062796107,3.1963565016056146,2.9374022474401027,3.6247594527975577,6.360938475253589,5.66217664794035,7.017433114063883,5.517469698733405,5.283986904340491,4.085606565052951,4.382771440089822,2.471093178167632,2.8931629165696333,4.084231158539767,4.592529369781562,4.2648898627542895,4.460674309667559,6.280879294384968,5.275141620760756,4.487310392128785,3.494275671119977,2.74870612082042,4.236535678719953,5.54523784673651,5.4269277526475275,3.0792046894069456,2.9746411323253286,2.7681024274472352,3.095241504492535,4.380333102496646,3.832191713569455,4.115134688855783,3.1696824896873927,5.412851577141686,3.3484408691464735,4.751221529747101,3.9485854395222115,3.5578980369258577,4.606368865225599,4.327936602977026,4.636669246184635,4.688595420757411,4.3771871642593005,6.654368887928885,6.076811074710725,2.968543452380075,2.6026665938324958,3.6746588021910616,3.217829240875962,3.3308402164379003,3.249149013657672,4.119067876542059,4.278833880482659,4.449071711912502,3.3068341459136956,3.564168281334558,4.21890366799794,4.3990027957086,5.472115845571472,5.878983225826065,3.7662443778464607,3.571072159833622,4.32382239057341,4.126435461196586,4.155081436186668,4.527074448316994,4.841687056796689,5.439183617194454,3.577254426676701,2.9815983002215716,3.321776362519885,6.59948870538077,4.603321439693978,4.129287143969238,3.960148481401676,5.281155612783833,2.991722432886824,6.423381880074422,7.035220034783906,5.571306077018662,3.5201985136194085,3.1542569622494625,3.628512915200452,2.2850108076106843,2.394003741354666,3.4948556125376022,3.0044121140580784,3.1735101314916845,4.214449768156793,3.6822318715569735,NA
Feb 2019,5.052061687526157,3.6733632140027157,3.598073352009191,3.2952774927477755,3.1623479422819165,3.1327182616006373,3.4463396503252937,3.8746125162731815,3.7352415005667514,4.554778378683152,3.8698435807703855,2.681305282182865,3.071741252048034,2.847298845290365,2.8893828176128675,2.7186925612994934,4.42025007576778,4.10788872596143,4.295121490723729,3.122107751330278,3.058009141217851,6.0592283821433846,4.438099389552918,4.60266240609535,5.438580030138785,5.7129684219389425,3.17963923699435,3.361832871999182,2.9418207722261287,4.473824042751058,3.6278401775059974,3.003857504037977,3.1647177455802287,3.3904497061387135,3.2063797160386525,3.1887111910729637,5.049615963018737,5.003297017904968,4.746705179015488,4.438799943083557,4.354944176194464,5.3098258056155885,4.66528073498124,4.70933137428283,4.105009946630465,3.371727610357361,4.7188393311214565,5.5690038453749455,3.533778976628148,3.6285586290647696,2.468456397488322,3.316705135644307,3.422145778006065,2.980781029688924,3.140902947081157,2.9498711287322585,3.6056142033508825,6.299308117910002,5.594457827367869,7.021834843440873,5.576519470505854,5.532242986130659,4.056289857907028,4.314318928116266,2.591620066037829,2.916548801654891,4.086479800316071,4.518094461622657,4.225061898574294,4.4342713891555166,6.312008557109915,5.328820767684122,4.450465907297724,3.558176168302846,2.7086024460764535,4.251460647179636,5.620932239813642,5.464333115851248,3.090844519959043,3.008598000089482,2.829974641042428,3.1572030736327554,4.596194212305497,3.766894553110417,3.9336203254676287,3.1648921408163577,5.1771039377138734,3.376941144434049,4.7713263311949055,3.92784089550934,3.5948378927429054,4.640677574570931,4.280798660240457,4.697059863897202,4.703537299506272,4.495872458173873,6.671492886198763,6.081334602320243,2.971642376974988,2.6053432178073876,3.608857585436023,3.2152972941648663,3.381511106414696,3.3498000078626036,4.158047523079404,4.28505573370416,4.5167592753093535,3.303334277069832,3.5702470646764053,4.222458234515299,4.3737227653363195,5.440019165681827,5.667533107491403,3.7664999008544,3.518365769483167,4.239932491604248,4.1349364529907024,4.172856547494172,4.481048965349232,4.820861980220097,5.429477600464634,3.6447506910941168,3.0654330250011173,3.3491705971699486,6.6438674374989475,4.600032188569722,4.032103730287119,3.848818398354456,5.26965000811364,3.0286842450287024,6.354113916017996,7.043582741907684,5.472557635720958,3.4939775170804426,3.157868597221947,3.63470989170825,2.3239277174317445,2.399332516858226,3.4892765033656574,2.957669733991425,3.164796589020211,4.19896549518627,3.707803495816682,NA
Mar 2019,5.118446831435279,3.6381004838742164,3.6573622691790417,3.3129742906580066,3.234027708031846,3.182891157715563,3.4666262896328606,3.8590875029518728,3.7485408780010068,4.562250855165167,3.787484272702262,2.6037545120640893,3.09468398237686,2.833279248224968,2.9324630439131516,2.7528527559523486,4.392512778554982,4.15064461372912,4.258404069388648,3.1609244114769357,3.0619231804909814,6.15869694710918,4.435281380651092,4.6512309681805295,5.379137809686257,5.615382466688486,3.244224986879079,3.360178261118466,2.959204557051506,4.460976480900596,3.5945107916456416,3.05046857274896,3.1035558654958044,3.411094175260873,3.264109996071756,3.250938898725838,4.911692359081014,4.923460124735616,4.850997633459156,4.36110762807777,4.327745850345114,5.2918595691664185,4.648222840640232,4.766127542439601,4.062296817210166,3.307920615006908,4.733739195837281,5.518398130659147,3.6028872280086777,3.5823092744902807,2.45913405812064,3.3589278790427484,3.4667328277291976,2.9785477327607164,3.2124573694058154,2.9405468881873498,3.63397615630901,6.222538263303097,5.446139384594126,6.977391510918575,5.520537204204597,5.267111328471352,4.066930529560782,4.287892499597662,2.5842697594907116,2.9330459519534053,4.10981261493889,4.496790141446151,4.253742735359994,4.457180783917527,6.26485421118836,5.2371401661408505,4.533445937721734,3.562397672791538,2.7186106456526247,4.142107942954076,5.566655490079453,5.453380741375762,3.1204077648731148,3.044541840718929,2.758828215952299,3.1189610187813073,4.344091054205194,3.8293545492445675,4.176657119469517,3.19446337879416,5.073203359693993,3.4284886899165525,4.730914442946116,3.9067865705124167,3.6559310204557174,4.736689457929321,4.332954110266001,4.6642850114656795,4.8157288835520555,4.487874329476441,6.62475913874549,6.00504464781953,2.9316449072479522,2.5444757416598063,3.707644310043769,3.2506715068637657,3.349553830199461,3.2644354659427957,4.193480806569687,4.271847202686124,4.451134921068453,3.2515105742352635,3.644388343138277,4.2308291608582325,4.3903306870823835,5.6900221703103755,5.690527964870145,3.786841370714611,3.564674650512301,4.186022371116288,4.241647355393536,4.125422711419257,4.471053281877276,4.862003140675885,5.454392072988072,3.587776899876471,3.0629313835470398,3.4059322687341544,6.5943922656229,4.620998191750237,4.070585586497515,3.9856923296199205,5.334960554673437,3.0239412500747735,6.324764486837145,7.03241761430263,5.387799334800867,3.5020035071522324,3.225113521112648,3.644617180270833,2.35574170272696,2.4140794362939224,3.4758463749623836,2.97786855120176,3.2847586396956783,4.206338920666609,3.6936608031011597,NA
Apr 2019,5.04422390573114,3.7095127703727493,3.6241423668851875,3.3464397051021373,3.328231235578546,3.1361560790982947,3.469973755672267,3.8682643415880644,3.8541875106818035,4.604126969470234,3.832256299523963,2.6296912294097488,3.2045983127835975,2.9102695027249452,2.9844142730111654,2.7896367926960965,4.3631676015607415,4.149043533989149,4.265729866380402,3.1796145388660015,3.0545672426670785,6.0007119733747505,4.408902589283654,4.706067316538806,5.290307419375997,5.63935032499679,3.344435335367974,3.3295913981896583,3.0092198004916146,4.539257952877787,3.6527722703903294,3.0154169598258234,3.177415990164755,3.4550889836921237,3.1026136335576373,3.2600869484849495,4.960832521676067,5.056900900372196,4.787754158279941,4.435315263436301,4.346338400103344,5.365053489471996,4.7036133411013035,4.768326672190713,4.088727937689386,3.363565187199944,4.751553931143353,5.525136353779719,3.5775813454642127,3.6426628842679025,2.5657625492234803,3.380647430548936,3.505259096297729,2.999183205289684,3.1986360266924203,2.930537793937041,3.6306157603253197,6.265046160157001,5.633465139708576,7.196897427354685,5.47698271071688,5.392995799537329,4.077276500173482,4.323227039414864,2.583006935557711,2.908560759795384,4.093997677055162,4.512301353522178,4.266062178952779,4.43558208975665,6.089377566636693,5.259206671116361,4.4664230906136435,3.4079399763225697,2.763296768144843,4.157875783485923,5.517749208831702,5.627852357779264,3.114854875869987,3.0225370296436695,2.779415731616835,3.2083813204341354,4.4990862059268055,3.8258026963072793,4.208451738962441,3.1728702905508173,4.91847313146442,3.3664293509344034,4.695206242878752,3.9450427457705324,3.6734437247582696,4.6679881770446485,4.291656220021884,4.691933114247137,4.740421616104258,4.513430105505768,6.608836503502493,6.147325476082021,3.0078140303896808,2.6301794644064187,3.6659246254190356,3.2589539842915785,3.4089324870958553,3.306232714545912,4.16560311838634,4.320523448096203,4.464049126798862,3.331075182259833,3.6398923672484496,4.172227489440408,4.3463461461649375,5.502718371371158,5.883538488201115,3.734240381359615,3.572236895333898,4.2060545405361855,4.146628673797816,4.177963823941469,4.486450473646528,4.90359723777966,5.525909208108793,3.5940543157293465,3.1072784921437053,3.382345910030396,6.62619752816524,4.657817397492742,4.08516887352793,4.002028127030939,5.324773928019549,2.9872362234589556,6.241245039007644,7.0688476969146885,5.4901136504580625,3.530094826380129,3.1581255689982295,3.657105505791892,2.3694837475230335,2.43082814027434,3.5362662970646586,3.030510925224437,3.324830799906842,4.273834126615063,3.689219468075115,NA
May 2019,5.061111385337554,3.666772708557911,3.625601356188457,3.3590203305956936,3.220396162568506,3.2003071873382876,3.478186223409632,3.9008672956162456,3.8163816476396497,4.601459602865015,3.9028518147175113,2.7227747948222873,3.1794732102266194,2.8761364611955638,3.0222674023616163,2.7583526964706073,4.383931240038682,4.091440921557971,4.3188479620884355,3.2298929359562694,3.0511882901541645,6.079470275744255,4.436270665911223,4.661047684856493,5.434579627505801,5.6452222952624,3.2145906226650975,3.3978460597702926,2.974415849949255,4.544516491929497,3.6888063726941014,3.11780673794568,3.165434520319349,3.4920988190235933,3.264190729848053,3.2461133714049133,4.946218858816273,5.038402335983945,4.811928851056228,4.415561267007698,4.365417517638007,5.302238475147677,4.655660906405986,4.740578254530665,4.133682081639827,3.4432912609845934,4.766192133285818,5.515926863371644,3.6663544378328212,3.597341293326655,2.5465609434480245,3.2393327857500247,3.4706841030580913,3.033375187237223,3.2361572011192234,2.951808613722023,3.6344490526688213,6.189199798300743,5.4640105759963795,6.964673927466259,5.565826171892468,5.311303974346325,4.030855020638927,4.323110860814567,2.6482379049286586,2.974192295407866,4.154379017456625,4.521065735555551,4.247692420089883,4.430452134610727,6.560065424831121,5.277699458762754,4.501267836239506,3.597772257207423,2.7577982317660354,4.236400273613284,5.613566536479187,5.435290218961723,3.1335255167907325,3.133866203488933,2.8186766086989965,3.175460331400971,4.552677931477531,3.86541503408014,4.104303135155814,3.16813929732726,5.2301718257709755,3.447570672929191,4.701758111235101,4.026521759181394,3.712740237648244,4.683416434566193,4.327397060228341,4.678479359426867,4.687815064336995,4.5340479012944845,6.629685883414009,6.15564972931936,3.035792809885918,2.5963806926675344,3.65360516268144,3.2696705439919147,3.385514379623016,3.2605599294560834,4.2113648783116915,4.333855245382938,4.4513238039371865,3.321571274434166,3.648287083581621,4.33651057438596,4.405900716750994,5.759999807029441,5.912948032020869,3.8293199277912096,3.6229233995847405,4.219968086160567,4.208986406671756,4.185618482657281,4.502932959295998,4.917612896156535,5.449938018103185,3.601929435066344,3.1382696854425096,3.3872114601997323,6.665205827043233,4.587091945633093,4.130956338439316,3.8601212003901533,5.334531873048773,3.06892045403921,6.332525130369667,7.216614729389516,5.5028204178654665,3.590049834742765,3.1646324216067505,3.6313975435216235,2.3560148509832013,2.441672407553752,3.5485330874237735,3.0060964997185184,3.3533908257242153,4.273152311246027,3.7487359742962596,NA
Jun 2019,5.103702658113366,3.682601934218731,3.6859821195564644,3.386626025072299,3.2857299127795088,3.171351054857706,3.520742338216982,3.9246188816765173,3.752567701153254,4.617712181199299,3.8755635340305408,2.6776767133947943,3.2689429382158197,2.899556481641972,2.9951312806997783,2.8044458551598455,4.381837941046757,4.1431209129191755,4.310632987818656,3.2567417669825045,3.1250479913008147,6.000159835067768,4.465876397714504,4.601437230865003,5.358574529814521,5.78886432057463,3.284150042484048,3.327175870917947,3.0932559429201225,4.544938596604482,3.691802258434275,3.068346312801429,3.136274360926025,3.4984816127935434,3.1866579004157316,3.3311063612497946,5.061333485712736,5.042914482745688,4.764204215132896,4.442658735493644,4.393367172120185,5.3646599388188845,4.680074555903584,4.755423747547445,4.107160259470763,3.426204077354635,4.800494455301825,5.517584604459559,3.616886834257387,3.6997271969998766,2.573423534872723,3.3502680623250534,3.507140578755982,3.0298189153151123,3.2646774188596277,2.991134839080403,3.6621495411748897,6.314852816894426,5.614913437311936,6.975703312449917,5.486916153283329,5.413806247685453,4.11811810086751,4.358615878111232,2.673232799105269,2.9489846845293965,4.106973868958609,4.583518974008589,4.388772437955037,4.4343959109085755,6.532219903037819,5.233041464583816,4.507388198754403,3.581198946012394,2.760008963293306,4.187142744507039,5.444328364891762,5.461168457165859,3.1266187328392556,3.102450781894283,2.816500058792683,3.1665708081130033,4.319821541383357,3.849052184253882,4.161700470531319,3.2598495423897615,5.069375029928672,3.3864234958299186,4.8285793829763755,4.042539995422598,3.697987145165671,4.648014035334117,4.351097209185621,4.747127369191925,4.658742206520144,4.49314828021813,6.616069212202385,6.0871173600041795,3.0901304587547207,2.5815260308869177,3.72490621039158,3.2906927900233685,3.4276053712900993,3.313363251207372,4.21582858617849,4.289666439527752,4.459741907202257,3.267252509760376,3.6761041241871997,4.366442063436055,4.378727413453126,5.268980561523711,5.781753833399779,3.809543962681879,3.5754481828264773,4.261161983580693,4.246624383197554,4.182135602992243,4.573133771765871,4.92930966411893,5.539600485888476,3.6934929981654614,3.201727555034178,3.340002475202477,6.715822443453874,4.597557799305582,4.105365451987096,3.9911406335180537,5.440037904193773,3.019986022637139,6.453412835714972,7.251446832763077,5.530059554453453,3.5164799118785335,3.166585246070433,3.6547028184221864,2.3292040276070445,2.5016864812138797,3.4618648672335324,3.0132575165439115,3.3103089605782503,4.288284107565184,3.6691296671191638,NA
Jul 2019,5.117621705236493,3.753326557420552,3.662918318464201,3.3532654937275024,3.198701029938544,3.1873460957220074,3.504256501805647,3.8939336180969604,3.8596563370667467,4.601008583478912,3.918545064262733,2.6915615638837815,3.1807839054056837,2.9335581327033746,2.9964016571556593,2.789301659042286,4.441307100322262,4.177097508984867,4.2793079698058545,3.2520281280837637,3.0912969627567763,6.13265936663007,4.473410140669318,4.702712483527514,5.462905652991089,5.74943256328601,3.2894276872437533,3.407199321175283,3.1015338834994726,4.558374161524269,3.694548074562637,3.10476531580837,3.201157783325374,3.487352816314749,3.287665347559384,3.3067256070335818,5.0265821798665105,5.131657796334961,4.842582587472458,4.435210410858575,4.409047846288283,5.316012070033837,4.701742646209012,4.863697379521738,4.010757918381331,3.4478801180371,4.794877841026039,5.58054947331474,3.6433679355865682,3.6364101161317057,2.5279000452220672,3.3235225997499502,3.544681748779791,3.0749517541583677,3.2395410070367965,3.028892354905058,3.6749782188720697,6.3667346770103945,5.543541461181076,7.106628512373411,5.496161011767238,5.368559545022523,4.135056950659864,4.346197088529983,2.6256551597309006,2.9711927255020387,4.13371277900185,4.560611408307104,4.263567375595873,4.48851275689712,6.494421735445238,5.286384725645831,4.497996353814816,3.584563264896808,2.759192394010063,4.199834152830659,5.685081125072811,5.561679050586091,3.27772926844964,3.124124458446766,2.8196702008431758,3.216238880798874,4.530162633718244,3.8889936676593715,4.138917788804211,3.2850640630527366,5.127451798633376,3.479105631348524,4.769962959710671,4.072481836070275,3.694190677663884,4.678575186816256,4.306433182361097,4.719219588176699,4.676650203370293,4.440521066347334,6.738531018934628,6.258407445642476,3.0086642616398005,2.6067981837465046,3.706621507484377,3.292736120326294,3.4469029446357116,3.282099610728111,4.239307740228757,4.307417610675651,4.527748929133363,3.3797727569496887,3.6867951013312164,4.285747011076101,4.389369338817194,5.62484010351102,5.972836439206294,3.865036392077605,3.5758911795905552,4.27668840021601,4.165678011750145,4.203493886479025,4.5419049691970494,4.957620550816466,5.565107951710301,3.6593234765917133,3.0915231441202007,3.408402968853376,6.762739980252119,4.598826570530543,4.096097252053256,4.01997498486192,5.489376646890609,3.029947677053961,6.553156575483679,7.245778678407167,5.7393378686041165,3.5368104074320015,3.224503090026544,3.73727328365973,2.3392907651284287,2.482699561681634,3.5573013356582748,2.9958714413039416,3.3140563847349753,4.304360230483378,3.7131676124784616,NA
Aug 2019,5.096505622975894,3.738139658336211,3.6849369442690723,3.4227836216228376,3.3997359328531482,3.294860547618833,3.5420191679898703,3.9438028894023276,3.9507825874268936,4.661507157681499,3.9127963356290283,2.7293669475794347,3.2643137942713327,2.8863465116232176,3.054671710442298,2.7903358582854123,4.393470692580365,4.198511683900666,4.389169599826358,3.255319320787719,3.1238077033207805,6.114301283877543,4.521309538769265,4.723503561628602,5.466311188417057,5.737827457159719,3.272105666265942,3.388589106066427,3.0380381585221903,4.57977036642129,3.7660135409273057,3.0975459800399756,3.2337907398347867,3.5239528179481208,3.259712179606809,3.396919678145346,5.066885277127352,5.063551772102667,4.766910578990956,4.459680264441128,4.405131462648004,5.340872122270505,4.672807229822671,4.807081355394211,4.160122123479874,3.4402754866525833,4.789526387311987,5.532412344489057,3.615906817383434,3.680439704226096,2.5777406759087222,3.3134240490364864,3.5343182647070805,3.060155423136086,3.267681526288633,2.9641414912201687,3.6789670522500675,6.355970663268206,5.747638300285657,7.131357461817072,5.418349006767569,5.52340385344448,4.134537302706175,4.404673921857775,2.6760911592880863,3.0085548209037474,4.136577281137519,4.618569839510264,4.324207776244381,4.515309067846336,6.598802261395853,5.227785468156275,4.497383976175441,3.644443033145257,2.794365550689702,4.303149489970449,5.637080714880936,5.48695647062686,3.216855039294159,3.065133410977264,2.864681608854789,3.219969850822846,4.4772474714549695,3.907400493179452,4.2073327296117515,3.354849199595955,5.214255187006725,3.5111412057757208,4.6702130912377795,4.065755468764559,3.7380869940713506,4.740843288729451,4.3533538140803625,4.772362772012432,4.803544477603,4.455495937251004,6.891914828079294,6.260405256920693,3.0654275802093047,2.6325506949895554,3.800492364916869,3.3066789621883226,3.466520885247124,3.321486603494839,4.203260123989707,4.309835209372914,4.486164346054922,3.3901822233559527,3.610233595985288,4.328797507845918,4.42629091254006,5.459154337817444,6.010531399203553,3.846337936780183,3.586293114814625,4.305842408190043,4.207309237299683,4.2596855593953435,4.524368027840411,5.0053075525683095,5.444324625563625,3.676633037692652,3.2115706545105764,3.475759899868917,6.842515582862017,4.583181680372917,4.1129063569974775,3.973478038219101,5.431092732133299,3.047121208880379,6.62988716115348,7.183166817493613,5.733540385390649,3.584252166980778,3.2571786022041045,3.7369141430561745,2.3973292270695525,2.3900125591093624,3.4934054893448243,3.084068932755593,3.427946224393112,4.284058632109349,3.6859551287606367,NA
Sep 2019,5.129283954086218,3.7331145256121205,3.6869423546701716,3.3853512653435316,3.3095615529358655,3.2935125540886783,3.5217127625334483,3.907761490675532,3.915074411696194,4.639659795925541,3.9172845646407026,2.771053155053567,3.297664747172797,2.936744114811672,3.0356687790839256,2.766821038825192,4.416660858291201,4.182127514374373,4.340194405916304,3.246960427368525,3.109271368403121,6.24800103693326,4.502080573500734,4.699574822927042,5.396436437873343,5.782275056055851,3.3568807887987133,3.4232828558703794,3.0530239967097246,4.5909576361241555,3.694025752138488,3.126771418425847,3.2397551753501035,3.522736105067464,3.2995099408018698,3.367470852367927,5.019561219213293,5.05984691273393,4.857157248453026,4.452528448297563,4.443446535874552,5.386672594903006,4.728402941990809,4.87775516854806,4.145010708653625,3.4448543393522435,4.828696913719564,5.610416719667576,3.6148683749150963,3.6673940945028822,2.567127768431025,3.2260102843949383,3.5168637910392198,3.1212665557712698,3.264351934884143,2.9759908450989228,3.680596824735999,6.440125245209158,5.65881070229847,7.200048110614952,5.525691842692101,5.423751911148446,4.1366556064408275,4.476937497944159,2.7592396828421704,2.928075731946424,4.143951923372682,4.540145799328301,4.330545354892043,4.455520507926935,6.6403717991562035,5.398997416159096,4.522261131780788,3.6071225506422695,2.759804974761327,4.222019521592863,5.611990340287528,5.61087672163147,3.1621633584985345,3.117985202221873,2.869533004871091,3.1849871219520636,4.48468451003382,3.92790283177604,4.255145418961618,3.2948042735281637,5.109833865963922,3.462932171754543,4.759127677281437,4.052180755306127,3.727039295899375,4.7219761183980795,4.428632073316034,4.702487224499477,4.725255722670626,4.410664430990841,6.837795658262423,6.295233085621252,3.0807363096080134,2.6079731341201424,3.7296580660555807,3.2896795607131275,3.4194644236161826,3.3901294399557695,4.300723770337556,4.3041544752956495,4.472871808770726,3.3509295858344403,3.655027646768745,4.298861918232565,4.390758099243258,5.567407069673387,5.925948671270938,3.9231344752714232,3.632698206388413,4.282822933501559,4.179434696656489,4.18625323484492,4.579233726384516,5.160644664898918,5.487963621231944,3.6862492862166025,3.113454951102884,3.4180925313182513,6.895767588185907,4.582128689377016,4.118722300895782,3.9389114675338366,5.4642624547720215,3.0558906903816374,6.455873668771553,7.274634973819141,5.781707199351711,3.5519853756182553,3.193899894737689,3.7337863948961743,2.3992477113191866,2.447659442884903,3.4345384384534383,3.1325415558174807,3.364219186300405,4.358682551520135,3.7245985633129277,NA
Oct 2019,5.10223654327816,3.743585281344169,3.73545790069001,3.4592489541544,3.2838139202997145,3.295999787674156,3.56256455463837,3.9523447499195496,3.9356228111475677,4.642202802985621,3.967128689865943,2.6914886402243354,3.384090038885981,2.9045833494030036,3.026499645068109,2.781947290591307,4.42783161999275,4.2355755891725515,4.355846984693305,3.278573444462697,3.1378799632261396,6.117055322369692,4.525157209071575,4.751608442887985,5.387963446972895,5.84678831034378,3.3200803404164136,3.411806467146529,3.068353266101983,4.58628330299774,3.773544536630768,3.1535489451104604,3.2712298277784533,3.5176544929407885,3.286925405755501,3.3636418710302864,5.0263328060398464,5.054891233737189,4.821160273732948,4.452986651071848,4.403341903521366,5.245752636098962,4.680853792610145,4.8365924950773405,4.134665884297021,3.400014527207837,4.767568660664405,5.535927533360178,3.648751300432058,3.6855154705902398,2.560056660905238,3.4319429179941983,3.552706093319325,3.090066741586284,3.263123345113125,2.9850377678937527,3.6997175532182025,6.319967731568515,5.667549415990561,7.1572654288392705,5.584098150216377,5.4345964728499245,4.11448874055812,4.453169058737306,2.758643920756281,2.9985542877279276,4.158832118282689,4.584845707195219,4.297846054268248,4.466107698253762,6.692369634302785,5.374674558546524,4.483984840710394,3.625111740217217,2.822755315952058,4.286963738078796,5.665145706470823,5.5886845423903795,3.2914301124423617,3.103733730495914,2.9043844418292943,3.2220173674299852,4.62848871098774,3.9201726404892656,4.251882287476515,3.281154704497545,5.275487783599802,3.497582174633863,4.785925724040386,4.113230727334135,3.7363603469463764,4.715433408996805,4.350650789693999,4.7194281952421315,4.691558591500964,4.442179327637141,6.814089029753193,6.214861075375893,3.020665506395555,2.59041328584732,3.7379970834745735,3.3182232928647983,3.524001058521811,3.3678694524910853,4.220030365696785,4.31822599160452,4.498112083210924,3.3730303789841436,3.720020525491216,4.281704180981303,4.435530360143094,5.408744705352455,5.844176931180176,3.8386988865887197,3.644393925282645,4.33626556759983,4.254295244484463,4.266860970890114,4.479113196679005,5.128366341035708,5.569411103464275,3.7395119388886564,3.1407017235913517,3.371611104681608,6.745639094926053,4.594532900633274,4.1197664505537075,4.0387532385609815,5.401373305079077,3.062689154093024,6.608815232614365,7.2701068692246515,5.703062083816211,3.597388775149809,3.264222322474468,3.7055486518924425,2.4222685307534344,2.4266845569060154,3.5453312384822153,3.061141654700977,3.2891079017398552,4.319470666224562,3.787907682288326,NA
Nov 2019,5.110287970136993,3.7500670800611364,3.7265597796880083,3.4160585479045746,3.277764084980086,3.286169677913669,3.5805298835556973,3.9317931433227526,3.776187554338455,4.649601914092565,3.956586037446766,2.7198267298856154,3.3870711725673095,2.921533385211019,3.0168505433098107,2.815606416582562,4.424334534601166,4.208261303882369,4.343719288082057,3.297014897867064,3.1312614062445068,6.169749265422386,4.52240224484079,4.727241773319525,5.463748565569846,5.847107535824362,3.3122747883602788,3.338835344156932,3.0751389349776868,4.584168093188954,3.774113842501403,3.1266016213043875,3.301928442611764,3.5375912882417664,3.2685404218438943,3.3448984153416745,5.048199105587427,5.078233798372876,4.840236025462145,4.468451126551372,4.42202414540218,5.34936626375471,4.694348379462581,4.910353230991038,4.15069732701186,3.415786938579262,4.842305331062283,5.524297848561253,3.7352980066480583,3.6998735753572523,2.548541167923903,3.294820885925178,3.4927724814643897,3.053036226608749,3.257290919328475,3.0651103524782224,3.6866748151174287,6.474613959350182,5.724168981906126,7.325687253012914,5.484481518050993,5.376020383092101,4.149167921048482,4.404315623544348,2.7676205658856383,2.9790879795204237,4.203674942977279,4.591611964985442,4.323775177076324,4.45763597463238,6.462839679181421,5.148897020583843,4.478302863627658,3.5535206367036545,2.735322932921262,4.226546493106208,5.667265555882747,5.503649392658768,3.1599843585584253,3.1241398665499704,2.8640958446831686,3.1950679890027494,4.7300073037602,3.935169610846507,4.277627197567398,3.358916168621056,5.346306079805328,3.467525029903215,4.781154085889753,4.144311117929401,3.748703595114064,4.750680277878139,4.337549946599422,4.74649827426973,4.727262327104091,4.424062517985079,6.789885041994748,6.177088361408647,3.072513551048119,2.531553042892443,3.7630804680438055,3.3850194404097307,3.4557723963559064,3.4106202364971145,4.21680222069196,4.388236369141376,4.5100032832402475,3.3738655571450726,3.6558745631821408,4.358273123239544,4.4215984009461655,5.671714702350255,5.723294600432253,3.8130388961936332,3.682319692901042,4.3050110337853855,4.208416500887601,4.2039715870502246,4.529413074469915,5.033063299520924,5.489700679509622,3.7316257440692384,3.2188432097970274,3.4759248385433503,6.827325797586681,4.609170944787092,4.1042116466268865,4.011919322528143,5.3289377729250145,3.0791536862482376,6.501067223947495,7.249814850287099,5.715331912532962,3.5907829048715274,3.2914943138532644,3.6805615999379464,2.3473746285498067,2.461367761355961,3.553982183202724,3.0919012015625422,3.268421861979025,4.337081078969769,3.6995188251090925,NA
Dec 2019,5.109566560175516,3.7576589139791294,3.6902653228870803,3.4145511409836526,3.3665861294840065,3.277557759353915,3.5487307418068,3.9255484660081867,3.965005731946295,4.632301511013786,3.9535199424800607,2.692927265162965,3.3223651099822886,2.8956688290902988,3.047309592053576,2.8095637003604788,4.455090652068486,4.21614426903892,4.342444026857352,3.3037299706278143,3.1714098445531107,6.127114309302336,4.481487698460324,4.667766748016323,5.525981094707928,5.82214135114377,3.269640869407539,3.465934266260013,3.0954804556346636,4.573616580476955,3.7537852041773374,3.0961757613863337,3.3584701938819688,3.5543094428385302,3.375697530383604,3.3594987609113987,5.036124297553115,5.049183182072829,4.804350185329445,4.459264139341429,4.405560456722484,5.4931541097034104,4.749598855377904,4.8569928064398535,4.137145060355941,3.474279262166879,4.836828976437775,5.559992708171504,3.5884919527349797,3.7186564144654,2.527921214121382,3.502636834508415,3.504343945753504,3.099816577693445,3.2523870824846095,3.0958713586368942,3.693380195058201,6.394025113468008,5.66057872346431,7.305984337549287,5.451418204051214,5.440757836422087,4.139346486062752,4.432239668005537,2.736436700172713,2.9109851061604552,4.130557022422249,4.612545267251393,4.29021575320818,4.458233228754602,6.693199933178406,5.3562703543455505,4.46948263686939,3.564363366589331,2.7788431423827133,4.216661317845626,5.665228527355861,5.507308490280305,3.2800428452390458,3.1530614711870384,2.8937093594829157,3.2123152561687,4.619973894124545,3.918328521513597,4.432897836592225,3.3562915739860895,5.459816833622787,3.4886088765646073,4.823716643237357,4.160681117119691,3.7345366341740074,4.686977336996783,4.328458953486829,4.7402483667711035,4.703563661877884,4.507905069320234,7.0872784336163885,6.4296675285110245,3.0213341202025403,2.512218708064721,3.794429736816132,3.3175401720745756,3.5227972816411723,3.4188509538245264,4.214904581568575,4.269699611040807,4.438929706744569,3.442721020305283,3.7399187426143325,4.3736937866742975,4.4060322838834,5.675097111686406,5.862341748360113,3.912663622286143,3.661473126250106,4.322644970735708,4.154600372033701,4.281173270497721,4.541872795495794,5.101138820071252,5.4278490319219594,3.721381776195575,3.1710991997008553,3.4341157731807552,6.8731000121736,4.600053899834198,4.141402279911364,3.858388818937219,5.213068729468549,3.0832062816851167,6.654867150830715,7.316249551129961,5.637273402285327,3.5665842102788314,3.369524300504981,3.7229892015285313,2.400664510233006,2.434692883797782,3.55694567358765,3.053821690719356,3.350809605495042,4.382085674111919,3.7722903184731758,NA
Jan 2020,5.116415211517875,3.765145824115289,3.669583946652711,3.446113799783524,3.256136884068835,3.2466696175154874,3.576984529163815,3.9208411728687786,3.856188017754318,4.675350313696551,3.943237481000647,2.7574201486872054,3.50599364415307,2.9288633121640104,3.0177519232901346,2.7713712758369504,4.442470301040071,4.21415708011179,4.314887640419695,3.285453611557628,3.1739379633414373,6.232383769551315,4.532714884921873,4.652390525611921,5.394565573782868,5.826461149901191,3.3701205429344387,3.3855596418931184,3.0958077418453414,4.560857647385071,3.8178149890456683,3.1220111323791038,3.2950412991805718,3.584784468427383,3.1956372382820653,3.366616483250595,5.060023394463704,5.027809249140754,4.851854443627264,4.456442279697746,4.374761655271749,5.422263842970421,4.738104979069754,4.866646111089858,4.133687176298204,3.4058609926830488,4.826630846840622,5.618162224348809,3.651829887472732,3.7227652858019575,2.5712545387657086,3.395390026962383,3.528437466906202,3.0561831619633075,3.2408689232980468,3.0151949296002094,3.6696057685068233,6.369231383978864,5.65400915778343,7.164683924234264,5.477929789714466,5.4747665171886,4.147378128630681,4.429113307869792,2.81271286224789,2.968257463470301,4.172891414791459,4.558137502552779,4.325088311369723,4.446228727093227,6.780359334820279,5.309561954333832,4.5113281752981464,3.5722926838475018,2.814532906357474,4.247548304085152,5.602000873536332,5.5024203906583224,3.274508080350489,3.257485296404641,2.8613857588656684,3.2046714913077174,4.5149247386270615,3.9367962495198814,4.187235775776843,3.2801179199553157,5.266906761186091,3.5063574502566976,4.910271151941944,4.077609873734903,3.7789637925294026,4.7220613709943144,4.398198190053334,4.798326468445868,4.736101138560839,4.558745742503379,6.803726424900161,6.562599377164202,3.0364719611327597,2.641407688646804,3.7777819335264877,3.390636148020381,3.4522893800989913,3.4226811742843726,4.231096348214789,4.306011420228147,4.482772943300027,3.378017977489963,3.7187804759338063,4.455023291765879,4.40405607500644,5.415324261236051,5.791312219859946,3.7778631105938345,3.62615920717203,4.2492994844038305,4.250494622150597,4.2656273811106,4.501422272437669,5.1629234150571355,5.529569093911516,3.6672810196419054,3.1215059812301824,3.4676641252892533,6.73308241348366,4.575346542798776,4.077286617496818,3.974106440934345,5.451620314394436,3.0518578600656032,6.508177242408692,7.185852824761453,5.684416603574625,3.622275753200175,3.372450817165639,3.7932363278457095,2.4499020561641127,2.443393969647118,3.594853127020898,3.028731369081226,3.454514070198196,4.335841692249899,3.720424145811662,NA
Feb 2020,5.135397499070657,3.7776171076703213,3.6848406574730737,3.4302501810575845,3.360338542405514,3.283994067496526,3.5608437005731366,3.9606817602815063,3.906537348646857,4.628922611347641,3.957580842364433,2.765774725243186,3.2863258766440286,2.913089899720439,3.0222415780836083,2.8218524022542386,4.455373429350464,4.186650730979979,4.3081819863758195,3.328489386824884,3.1428359230629033,6.291916617311537,4.490883415065914,4.707219113007431,5.479562102642137,5.794044272146918,3.282394132211242,3.3498775851649314,3.0061038052725815,4.5370854286277265,3.7279560720948317,3.22510540269216,3.3300661794343918,3.5506086704262736,3.309740608131362,3.384040591544877,4.961989803731696,5.135620310917065,4.836403020449081,4.43577838005236,4.4028835927670515,5.3978172930025625,4.710497719927521,4.870859824579306,4.117592905666049,3.468111312360952,4.780801712844492,5.596467788212755,3.818387554430756,3.67435025955035,2.598496685781787,3.30378331249547,3.5585302226022946,3.1135853761633006,3.2762538197768705,3.02219221506148,3.7032259192785,6.451861372244994,5.673101174902312,7.271204887245531,5.585237600764195,5.5936736337314965,4.188548415350875,4.4245556935163,2.835021603788552,3.027186701266235,4.1298982803260165,4.59604606644832,4.3104145407422685,4.445445082908748,6.498279936255805,5.283828181630679,4.533928566616822,3.610198481655821,2.7586820546996793,4.323548398380897,5.66129216565827,5.545219794077062,3.25232256884681,3.12143747639298,2.9190504024702064,3.1980088259918302,4.5169312623691376,3.9342439558486926,4.317435654476813,3.2887386912744123,4.92182506150453,3.5074879569620454,4.908864479743153,4.055516453465433,3.7847535242098282,4.733437324679425,4.343236907583531,4.7852697707210385,4.716619692912274,4.456132285538782,6.798740014746633,6.487650693713336,3.046702297967493,2.614873117106843,3.8541931663352678,3.3730595802457692,3.515199436493041,3.430337198843942,4.182847935652979,4.323555659627602,4.436187646569274,3.438136772441244,3.703459982633934,4.3599744201725965,4.447403574579593,5.564438877644932,6.171783461184402,3.8990284139763136,3.60771509736112,4.308481521628002,4.2334512069795105,4.271536491409027,4.536269694776553,4.970721916017407,5.39962087294638,3.7371512440996892,3.303281841911655,3.5022294148250723,6.8070200912677645,4.6429917422245515,4.1204983196490375,3.9741460101675155,5.434405205168973,3.054052998686764,6.637268381138167,7.083123218265664,5.762148229477006,3.584544185421162,3.380863536434373,3.6986414398108054,2.369209610134291,2.3572613445535526,3.603549774492442,3.133891006712685,3.422010800138708,4.347946903169546,3.6956546543983912,NA
Mar 2020,5.0952105748486085,3.7743102475564343,3.7558113788724246,3.4284172275996423,3.295014470027728,3.4473062543536632,3.5724505377281615,3.9380599690044757,3.865441076914589,4.660777522508379,4.000232212581607,2.7637518578134532,3.4430340706154596,2.9434207671980213,3.0322923526372154,2.730483492661421,4.473952640701585,4.202977832853237,4.347926952136501,3.2783390851556597,3.208254700464985,6.260584048795278,4.4883245405416945,4.699817240315088,5.457184193150849,5.85080078726296,3.3387485218731485,3.4313468575984447,3.1079631696219825,4.555634711401885,3.792133414319119,3.164339073911854,3.3227601863720064,3.5497880512535938,3.313201367005392,3.3411413728966273,5.063292021137033,5.1263718804074685,4.812670502161782,4.481634705240361,4.424275597929971,5.40898253677822,4.744431156878876,4.846271541678253,4.10364801361804,3.46821508570571,4.835977926387108,5.6326547338257456,3.630850897701542,3.725062106799061,2.618500267535511,3.355750568225195,3.545609046229633,3.0953628239190074,3.2859357037097685,3.044378776159528,3.713013048591791,6.584436440125382,5.669836384273,7.034207750609287,5.358211705094385,5.414912264219715,4.17241465665433,4.446487951061219,2.925647235585219,2.98762256936152,4.2029926136464555,4.555120046626865,4.3170798392716705,4.452351192062259,6.906824054151271,5.337935030176466,4.517809574459589,3.653833044546387,2.819391372042688,4.239506845725646,5.661168784703904,5.6105522587063295,3.2122002457461747,3.1367117448147903,2.85081023329954,3.225432708816652,NA,3.9399088776376217,4.505407554355657,3.3615276767994526,5.169792461232319,3.5704242679791145,4.833106748075499,4.172289822719005,3.8156229465837934,4.69243755113144,4.259249326602921,4.746637241067092,4.683513442016441,4.465138072413868,6.861004228601211,6.194179459591558,3.0373670944054627,2.675527717372181,3.869690287930561,3.419065084838118,3.4673408381805997,3.474845251992706,4.29018283588436,4.365740597043575,4.533199176248481,3.467026249307696,3.7786186612351167,4.368946135168017,4.463206066231102,5.645658941303651,6.125132526816083,3.8640656829694957,3.6877408415168094,4.309444722997019,4.252101575787291,4.1988549066008245,4.565294687604569,5.253967113937304,5.539607017148423,3.758926446045311,3.3308616533353423,3.5548089489261194,6.88658106971331,4.593045649001259,4.12117497737571,4.000457556014778,5.515408494168503,3.1186018939602307,6.712821537914473,7.275351550143721,5.636377930094685,3.6106868153905842,3.4405435457719915,3.8101768805150344,2.400954179739904,2.4684058353246914,3.654649259129037,3.1454605458019964,3.546398653092672,4.506393912686321,3.760152676738559,NA
Apr 2020,5.129104230963532,3.8005042861030707,3.740326732232087,3.3380443983981247,3.354175570932404,3.3282087440251122,3.558352808356249,3.9509413283115444,3.919681997237641,4.627348063801029,3.995938922746711,2.768490698515135,3.3789065854249665,2.834326398716886,3.049523996739042,2.738990611620153,4.326433979244646,4.234167506509412,4.359506738871762,3.2695877677806835,3.134250954928712,6.272225857790592,4.540603317548606,4.683936275837197,5.572716023108464,5.86033798302508,3.258832107851837,3.408704809127625,3.219642192776638,4.5749458715212965,3.7802964837189337,3.1613501442471286,3.2391691317829756,3.6108938327218896,3.174457109684131,3.295838523657524,4.940426528728571,5.166051244724135,4.8882229679073355,4.395391186526819,4.364783564749241,5.316350599904787,4.798402846593981,4.8659170315317635,4.0516191853674055,3.4743287400239704,4.784173883239738,5.727595796113847,3.703909991173168,3.7306668847792643,2.5265606356683845,3.4910898081365644,3.4460645745073153,3.0509418724156565,3.2621177622547823,2.9664144373741475,3.7060140167145064,6.528328463569963,5.697176966373469,7.542825824662835,5.7009035652503846,5.53099708071772,4.127044829271467,4.412960642951375,2.9507125897953763,2.9362336415608565,4.097080264713857,4.648175888252455,4.275298193435673,4.4223694084615195,6.83437261593615,5.254666799448589,4.503198846397821,3.6004422815361252,2.829968090646611,4.2486009479482325,5.667748324954733,5.645341461688549,3.152404548091605,3.2377793738095235,2.8953557370507363,3.223763947367786,NA,4.012193239598702,4.33037764059338,3.37175308109803,5.148017692513752,3.5010808439704086,5.030569489474738,4.073859639506678,3.737226052179847,4.720111500433966,4.236975826816223,4.862606361821952,4.66639950320079,4.516197829149644,6.832728882720107,6.304872495676448,3.021031453348725,2.5773481455878335,3.892238939835255,3.342183415788101,3.593379206276741,3.457401454178201,4.222102844984437,4.409103592703223,4.454129026000037,3.484141206509523,3.7584484676108865,4.370047759419173,4.434970950924533,5.269163825618541,5.978541077131148,3.885661025229419,3.678940196256832,4.2897153435300535,4.311563515199029,4.111524219181836,4.561829795656233,5.153912157296253,5.562521034494391,3.7041543832201893,3.1748516694272357,3.501720436579706,6.778580858754592,4.521371436208691,4.15529183142282,3.9948741399336427,5.462727069051057,3.0228323199536833,6.722178598935144,7.314749768286957,5.732803678264205,3.57024755791981,3.414504630366045,3.851849817546932,2.3548190412612064,2.341969573829647,3.701768198237305,3.0323416743041633,3.3513259546546794,4.414434310562506,3.745932377863156,NA
May 2020,5.092351543312012,3.806554318151566,3.707031511556373,3.5927985161584184,3.418115943072532,3.4763791809565205,3.6566324157736596,3.900803957077611,3.8572819437051105,4.6818973378197555,3.995441643959255,2.764467141637083,3.3904936194586317,2.9271844115505226,3.106193260456429,2.843969293796896,4.457914863961829,4.2574073168891315,4.38315559723742,3.3771565241306494,3.210492171881691,6.197276533792592,4.596318629889824,4.790963987037267,5.349285581352772,5.950731055988274,3.3501292099146496,3.4498733738958984,3.0368550081078998,4.543796340938546,3.808976573768584,3.290824074080026,3.328545598250941,3.5716424593687215,3.2771653111079746,3.4679240323412737,5.095128392428822,5.1743989399988575,4.88610719091841,4.526558190962326,4.511638258513065,5.372907040714088,4.8436276363546025,4.9344035165262685,4.09947177892993,3.4774999427384174,4.810833717886265,5.591674838228662,3.6266606685413216,3.717817653722668,2.6085037215236366,3.277982683205316,3.6068553856575845,3.212587842900723,3.3642796477296546,3.058743330914481,3.725965049348322,6.604870804052991,5.874135121546067,7.669080457847791,5.57794754335012,5.595329161460827,4.194665249711272,4.452591576214125,2.966416288553909,2.994430279629602,4.182759328994732,4.598639777763387,4.263000699835024,4.446822796965378,6.708955321479918,5.296741235147684,4.545168955101571,3.7117824359353766,2.8134499378023756,4.2792521030780035,5.713837042304952,5.613300719601994,3.239547528750141,3.1840839839425734,2.9462764519937585,3.296471849254395,NA,4.010299471613998,4.3516311862678325,3.3973095031487457,5.002799136403644,3.6137063676187524,5.003589755145549,4.211682070098044,3.8356366753077356,4.7436038421942595,4.391608928977323,4.797047322990784,4.708555556083588,4.514915291978673,6.90734104053926,6.31716185713367,3.1195100212044236,2.721690635270809,3.8946769201127456,3.4121353365430043,3.6345169323895794,3.5713391926439977,4.217937103108939,4.3714899632365585,4.456670874802901,3.4538576107101275,3.8274344513430965,4.527565175378439,4.518134949762645,5.626293349812102,6.136820796907732,3.8629676838843032,3.5869009535047387,4.328745631819732,4.297964884917681,4.234924789687877,4.522947788846158,5.317226852228363,5.524550412892278,3.6631160591528285,3.157172113912641,3.5550959618190072,6.9605407049649575,4.630539015656468,4.15338398875753,4.099332750458999,5.583232393558137,3.0290124106229586,6.490341077833408,7.497437136323422,5.779737636571513,3.5179861462066264,3.411322785781357,3.8551475738056094,2.3139411678621444,2.512383517121997,3.657206054907363,3.1295119530148536,3.448429208012141,4.477749173909287,3.8359662630789773,NA
Jun 2020,5.218443795112269,3.7898455936374496,3.744295770002581,3.5089272776037372,3.4224952972000144,3.3042240205355276,3.642540470644857,4.016689824751125,3.974494438924429,4.7764263342534,4.013003423209207,2.79089833666789,3.4391121477443396,2.9534623917150653,3.026644035409555,2.85344380368834,4.481137753753867,4.277103706754265,4.328834278101007,3.4002251342267487,3.252108985886284,6.388557896950852,4.497503452132894,4.68162901514187,5.653481942378488,5.958698373945794,3.374001551017684,3.4429148595392918,3.2157527754213944,4.639037541809296,3.793838208445012,3.283591162381202,3.3220008983139255,3.584634731419926,3.3294672782029395,3.448950665872393,5.075749244550699,5.143445332257648,4.8611978239524065,4.548117661274068,4.443732478456903,5.521711382404044,4.680860366259969,4.94464027635598,4.151499890108484,3.4598345249372198,4.846272085937508,5.669404808937541,3.710682961766378,3.799088745587791,2.561208129418373,3.3679382678720984,3.6208345008668474,3.1206323494369057,3.302469589145555,3.065033770596787,3.752575554576431,6.531782754844301,5.766971909123011,7.150346582817623,5.505886375161803,5.496825476500298,4.1856763053118415,4.459812692709745,3.003755089354419,3.088895151092587,4.261417660579874,4.636554849769165,4.4333809529533745,4.475063209723025,6.731722706985073,5.279539724748478,4.605488976099109,3.655753950085145,2.879540498394694,4.292028507791488,5.75146335256968,5.654290184579734,3.344332759626844,3.266626316324506,2.9045774845570347,3.330031572762783,NA,3.9817446337990603,4.3996008191521785,3.3744480699339627,5.117715598721984,3.5772397822007567,5.066162233821605,4.2436874842001595,3.8327903001469865,4.759940373927627,4.334070853392455,4.7750386769015645,4.8103455116749005,4.624100859275366,7.177209679476879,6.222341932355632,3.0859344060055944,2.594094518792627,3.8936645779694206,3.40103966797936,3.6025823482194697,3.5289463838838477,4.260658213520089,4.3603210497050835,4.5709416969690215,3.473291184321254,3.818499310155172,4.449191957219789,4.428926040234356,5.519513598627424,6.280662352235651,3.978673765401487,3.737757184998153,4.382517655869872,4.382569801142021,4.333090770455227,4.626362475254689,5.285959630917835,5.533631014418626,3.8005684725002107,3.238830206641408,3.4416038666797664,6.874719064174034,4.677337912669461,4.152118562192747,3.9760607327180213,5.571373047889882,3.1304209802475196,6.550420892506524,7.512959817206713,5.712359986603835,3.600031514187988,3.519766008225168,3.9092493134114976,2.401791616968174,2.4878625218794346,3.697623171176774,3.142989976098681,3.578285578204759,4.534559514346398,3.7867554132090424,NA
Jul 2020,5.221209516145244,3.831977994786588,3.8031574620815745,3.525577877349124,3.3117004727516894,3.4190209556387376,3.6575084891113727,4.006691707766076,4.022504350915423,4.7557905498601905,4.000927723981884,2.806036962932834,3.3932379110742588,2.994217827740985,3.1387561996920947,2.8525656101649135,4.444431830947027,4.2712967015911385,4.424151425231553,3.4005959540910267,3.2547672291808776,6.366530355208935,4.570396890625429,4.740276680290055,5.631015242725981,5.977895171147507,3.3417801978741415,3.4944825792415926,3.10189676152208,4.6415495848495585,3.858923621437526,3.1857075684790694,3.464067861597663,3.5512075802145424,3.3419992852682934,3.4692385834541364,5.063593170189916,5.163734555335202,4.941566284248515,4.487741749007851,4.470875323531128,5.434380889359684,4.7804454869761175,4.989262064087456,4.152676927329374,3.485895165744839,4.867434918305517,5.706354109556301,3.745377283586128,3.862358850999833,2.59958131988087,3.4859102626618004,3.599172058790467,3.166850282395253,3.2853830110987636,3.0872395278242584,3.7873177805044738,6.505182477706983,5.90910580472578,7.452799573782545,5.654021412713373,5.484624199216105,4.190331364751134,4.568885717381715,2.9367185632975508,3.0976375976172323,4.267937334264366,4.639802138809938,4.322040834993903,4.50941801016188,6.542139335350935,5.429883326523621,4.5626253643790955,3.7138912878837145,2.823887244006111,4.255365230172036,5.7385906140394765,5.7685626403515,3.3891844537456475,3.2847604735980465,2.979974814652116,3.3649250022475266,NA,4.002141931366846,4.376232048579203,3.4590150778206334,5.358680516567803,3.579022809016339,4.880515056309145,4.300258541489264,3.883275536479371,4.7564144651890965,4.351148503226928,4.839345045720955,4.781214768114338,4.609137539954123,6.992218909664771,6.176861936421281,3.135677048560961,2.6196092585342106,3.958765624301682,3.43541290259768,3.568630040411009,3.570382657841925,4.273219292714616,4.405620145773918,4.528527687810387,3.4666132020792726,3.7549021531376297,4.455692600746728,4.551700023374522,5.6897610320552285,6.210834274590571,3.9166875538378148,3.7462522306474457,4.350261592200886,4.411474493351438,4.413161263304187,4.549473999044578,5.305052973143187,5.593108687011499,3.8280610207723065,3.2630154714925172,3.436839165223471,6.949702170056036,4.617135765070047,4.186383469640612,4.032559154985083,5.618116219502647,3.175006291543683,6.84337778129696,7.450562717198584,5.711157734964755,3.6542460688343907,3.5066861275797216,3.9519699441318004,2.4061747338115373,2.4967325937927662,3.745405973368449,3.0656315655753694,3.4873144118881236,4.548966604659645,3.7301013236333165,NA
Aug 2020,5.222483534702655,3.8502381997254895,3.8083049749659237,3.5007597536378516,3.480686235851318,3.4222175889510336,3.6745084781016075,4.019491412373611,4.051801025217527,4.782864329297484,4.016658977302648,2.824888039178182,3.406631923127311,2.978566226958017,3.168753892589787,2.888836113275035,4.555209527740231,4.259120821154516,4.428109844396826,3.3819472089419063,3.2209637118841936,6.336183303869959,4.553574622844892,4.809468596666657,5.584442413761753,6.033988383913354,3.405598847449032,3.46839791627707,3.1173244167742844,4.641034101499398,3.824262069202445,3.265255858818678,3.3960620731750337,3.686261251006949,3.4247402193817926,3.4348681717091374,5.056195696798987,5.084608754203848,4.792222313554663,4.493138201522431,4.416189712462176,5.438332299813577,4.806910866407374,4.979771504750499,4.171426959392365,3.5964627477446074,4.899576656272648,5.714254615416651,3.845909375897535,3.820921857410306,2.651295789862867,3.4924375828939445,3.6243763973968006,3.183538693977499,3.360653566965551,3.09290773458323,3.771321352474222,6.586085176776678,5.862355639623076,7.373266640864651,5.573516519377734,5.562193618462847,4.251685786764654,4.652634364782803,3.013047767556321,3.067768400106854,4.300368302325299,4.708435428516294,4.382432962485536,4.549507301911381,6.674986900982022,5.379290722191264,4.62742358102596,3.633814488261437,2.8987991484384277,4.339707735882808,5.797243448972459,5.870562392312492,3.3989482035708996,3.335335152753019,2.9601954317205945,3.389808397316408,NA,4.066771490278574,4.4038995615101495,3.4257962869317344,5.234632958197824,3.6203251616651286,5.161067270584471,4.331826265567303,3.927382806794881,4.866550716386034,4.432765440440311,4.888732369038122,4.711577905023462,4.5874627438634095,7.143254486202446,6.365828710459253,3.1138528442285316,2.657242765023448,3.930223924197966,3.4685026645013193,3.5833071055292853,3.510116881362132,4.325998724619336,4.386152294474925,4.542877761700126,3.532443721252698,3.7903469854192267,4.459818521997692,4.53046150264568,5.657558952703565,6.121275857645162,3.974231272662094,3.773875013405382,4.4088911484318025,4.4533270321049,4.453124949739683,4.64576084050502,5.308711095637234,5.6278244226764125,3.83230471676771,3.275794839812381,3.5463047208162415,7.041519816047718,4.642563950651376,4.237031318207573,3.9912971167574725,5.527697713378108,3.176421397637665,6.806759307942146,7.618265728270736,6.049137632681693,3.6899848953400576,3.5799941895628975,3.8909364113088865,2.4259090534387338,2.4624890126558,3.7519193662724475,3.128139528580227,3.453101108542349,4.593917986938107,3.8505225721746226,NA
Sep 2020,5.222279038839468,3.92311845227898,3.881561079349379,3.5387490332414977,3.4828649640685065,3.449390885568792,3.6869432875880066,4.017241082982075,4.023240906526217,4.842549637665508,4.096029798038235,2.7734463290337015,3.2924503909261813,2.9378468870986163,3.1273503791596364,2.906296010604223,4.544722141792638,4.306159474464417,4.42655415347552,3.4738931669154756,3.3216585529740836,6.480394335933133,4.640613502656665,4.870002350511606,5.646084347417458,5.996209135413596,3.4459467357498714,3.5634375231931608,3.3013690493899097,4.70491944595565,3.895983946608946,3.3268537702922796,3.3170564246298833,3.7203426108595394,3.4680961791259697,3.5358458201749543,5.135520350345258,5.1749255434587065,4.931581842756952,4.546581051823006,4.518100651967443,5.516617762399697,4.794495702416152,4.999400062113522,4.243075469308214,3.526356155014832,4.912948327673664,5.842275658099219,3.8240613688852068,3.854745922374359,2.6584509663950766,NA,3.6501043780509446,3.2123699793500484,3.3819561544826735,3.072234407660366,3.829898299363439,6.850988701037631,5.874873938886598,7.398300645532411,5.7227571839810025,5.606426175981979,4.293905921393099,4.653374667246077,2.9627428977425163,3.122033540378911,4.327804113238697,4.717477586260546,4.400111372349651,4.565632176520073,6.9740237986936355,5.495226291922303,4.671213690842707,3.829405807854692,2.9289302447837544,4.3772252618908345,5.804727520825504,5.765217459953141,3.371811604827853,3.305413241182863,3.022796198605647,3.3195322812882933,NA,4.075918226198889,4.41841553645872,3.574516554276789,5.237978315297165,3.678285413327575,5.17145930835225,4.3615421670919545,4.021021345128591,4.828161349705063,4.411572031473404,4.85473975117311,4.7600426938741,4.724147542012586,7.291264303976683,6.026809363914275,3.1646301742342584,2.6925519740950397,3.9333450973003834,3.452457978450687,3.6313439505907534,3.5981924315184055,4.322786604872191,4.334174367848236,4.609504770760715,3.5367359944047267,3.9009669664652202,4.5723220569729826,4.568810905042221,5.437534171805142,6.146500604643818,3.9972670989760855,3.7574342218552266,4.4271745355693115,4.430775454292907,4.434702481403302,4.602517601396402,5.438489420982388,5.59839540961601,3.864562476979697,3.31015832625904,3.5303009212108063,7.042713162693389,4.6920741462687,4.238014899889082,4.041844919098384,5.642256109487746,3.197618303209123,6.820816375118032,7.460479519895582,5.74887880133661,3.750054014205553,3.620706865695174,3.9813837715021028,2.465574002022107,2.508389601891843,3.8183784280148587,3.242522890619744,3.462445442116794,4.545166811250468,3.8676472710864744,NA
Oct 2020,5.264267917046541,3.899299721601701,3.845151571867444,3.6474574907959356,3.5734121570353716,3.559541326026684,3.7347066229976886,4.076516439757035,4.0698756336379764,4.827072260307506,4.089784399469045,2.9059690605394226,3.3268056712591263,3.0216635504714873,3.165523110311891,2.934975876843924,4.576883127462898,4.3465835563425,4.487888631813146,3.5212550289715594,3.3274976225853936,6.524195015427513,4.631770502558844,4.852428343645013,5.7228378809690295,6.1545576091675915,3.4223071422711473,3.570969329705649,3.245558264097374,4.697476630435719,3.9549472413987603,3.3520792402472024,3.441055464665855,3.670209428199766,3.4462375329184285,3.536912967738863,5.187156747482995,5.206447810592973,4.994167425920998,4.613723627556493,4.56150900105665,5.549323490183655,4.951321320912549,5.095681802642188,4.367452311338955,3.574573242776948,4.9506572567466645,5.787628946965958,3.845094479594654,3.8532890936415636,2.6958875676243776,NA,3.6577218334944708,3.264659266288254,3.346595637911792,3.199498425118509,3.823653218843133,6.772967448488619,5.954691736429742,7.351158684465466,5.764270191482577,5.591637452448378,4.321044300449569,4.6987908332375214,2.912268351828477,3.1144582992519427,4.3425112460812745,4.73055412733475,4.438988647940306,4.594105636209047,6.882091484969197,5.506281001099528,4.64088903507957,3.8237884065539403,2.843504730524289,4.390897537476737,5.8842463669590765,5.767986831233864,3.3865593793853526,3.399145578665541,3.0173290376496142,3.3965820076746502,NA,4.066744686398571,4.589168061149884,3.5532867957236136,5.476660329285074,3.7147257066274304,4.904284049800274,4.359579846157325,4.053591432358767,4.883179378093131,4.4452848651366565,4.902243132851524,4.923585428276341,4.682016907864864,7.145027776948037,6.280409019153486,3.2054040566372124,2.7046418007926847,3.954957337105301,3.549280212303478,3.6280450629304295,3.6779606432929417,4.313413846733168,4.433536621168857,4.613690406872313,3.6217634563287073,3.890127725665711,4.542457479873395,4.623373835685306,5.681879005673081,6.0574364640137315,4.006725780793228,3.77584392029781,4.392486728462067,4.398393910588927,4.542417176180116,4.643841477344169,5.42922871285387,5.604122305340119,3.9279744352028167,3.2795947521493605,3.656519282981212,7.104126823609093,4.687740791926313,4.267919183434235,4.1327778933766774,5.589510717062887,3.2281444683644582,6.834310044304646,7.669189121303164,5.852015885653716,3.787304480653836,3.6145370627832594,4.059771307347132,2.491035459883414,2.485200364724339,3.8499888679736474,3.292743791151823,3.5972226340918616,4.5913554210095615,3.8393350992945003,NA
Nov 2020,5.322230393961063,3.9249791847323525,3.902716132544638,3.6373001684092685,3.6006246735729963,3.468253411458594,3.7369231907349847,4.069114993925374,4.0346033147944755,4.906334430129553,4.098187308737047,2.905694374048988,3.5424450948624226,3.0056648261783736,3.2062717309456183,2.9915385274462465,4.6200175089177336,4.420524791833611,4.526610507506328,3.550736576202298,3.3830176591327428,6.547961367917954,4.7721904542136,4.919822035988357,5.784857413956951,6.16407036569522,3.4729677388136664,3.6457889709558087,3.1827856587465466,4.711544962305958,3.9573425506474655,3.342677606307605,3.4757692215137577,3.6929128194037046,3.5156579464564577,3.5600171750573186,5.280585567089714,5.3043021474046546,5.021431540519371,4.632919061348037,4.617101495454411,5.543719186645686,4.913558415660524,5.101893784321008,4.230173738903742,3.589623696383169,4.996902369582946,5.882948434464191,3.8695226317203137,3.931276494748919,2.6447615602312062,NA,3.6956663433137176,3.2958591965500994,3.423371088730973,3.2727842627872388,3.8722434127391603,6.751170176661201,5.800981156526851,7.479404743188275,5.869793551343739,5.765785225586514,4.367062477949899,4.714988789505258,3.003793936268221,3.1244858291476887,4.392968128435709,4.797620622986344,4.425383623875685,4.629890742468814,6.868830539302425,5.492003027003409,4.685595934948675,3.7917114033339505,2.817436482840039,4.4023650870439495,5.94923051526492,5.800648519475491,3.475763368907066,3.3312373974166616,3.026089795321517,3.401938628563959,NA,4.170417390505648,4.669914012017542,3.5835946309598556,NA,3.7733113914115575,5.153847628121768,4.454789044889437,4.025681233790304,4.970789295535749,4.494596819097071,4.958153454829471,4.850295799806628,4.751225312801296,7.085227383885304,6.282632760402814,3.1877247226276837,2.7970766880020435,4.029810911264789,3.556935437365507,3.7182746281066783,3.653138007760508,4.411336617581331,4.491289331882736,4.604027541454311,3.6046049581330175,3.9169287325293047,4.595118342562213,4.617127217398579,5.4087000542956485,6.131263719041991,4.037467915963459,3.817015757301551,4.462963501060094,4.497593177886728,4.518569491290333,4.659953489387425,5.412139168703474,5.697417401193744,3.9565723186545343,3.387572633677702,3.6896829443355634,7.22326143149188,4.743315409880886,4.345750276574873,4.119289996969678,5.634390256747559,3.2619156498161477,6.904341143828931,7.616571798381878,5.99896088374019,3.7853282670529294,3.6790249109221227,3.9729801160646887,2.5188774525061395,2.5339713757602063,3.842301396614043,3.2506782881631917,3.662346501218856,4.612607133417102,3.8893905264849584,NA
Dec 2020,5.3437410091197055,3.969581790485198,3.905736497088253,3.6202807328237694,3.4290225024253314,3.5913851388770364,3.754605268002745,4.106068510159788,4.120063653324639,4.870585275827013,4.16665646749811,2.8235608000185994,3.430347003741488,3.0813268735527055,3.2484113768670473,2.9593773077619394,4.715939865981634,4.432254626474608,4.517866454334436,3.5947299513080497,3.3558214976327148,6.597349421809952,4.761601290463184,4.924487761750116,5.730801531962368,6.140844821659736,3.4939497424063624,3.504624395765558,3.2259359075478415,4.710028211077542,3.9696750178337363,3.3368846625643016,3.4542104376384746,3.821221405284768,3.5347252473050106,3.5236409655752627,5.34156294126511,5.243092844974305,4.9470204690058885,4.666009405194148,4.624418563145967,5.537822308310271,4.938747506149378,5.1781895022863695,4.242980928986565,3.6813284638194714,4.982395286088,5.856548329119722,3.8049860255843955,3.9318565340147558,2.6799377001334146,NA,3.721883088923502,3.344327735538486,3.468651929349163,3.1453866941429647,3.8932837983301662,6.927284187016872,5.7877030534886105,7.699379934332419,5.778057208938589,5.65469196269199,4.3839634763404485,4.771662312833038,3.097183471193495,3.103271941009665,4.416736320790205,4.800179426879023,4.469897620645974,4.648281142550432,7.261588494399943,5.63516480904492,4.734543922168433,3.824563165839229,2.8807505288793256,4.497154474529859,5.974907552891426,5.8121654127194615,3.4604997328536453,3.329085860516504,3.0424274343691353,3.47086169641809,NA,4.181340718704128,4.627232098551552,3.5826650973025536,NA,3.77783049378817,5.205211555646974,4.450353708283683,4.0639537827018835,4.908552197520844,4.526840369526341,4.963132474567345,4.895200458026845,4.673559047594993,7.150433999659572,6.270350851511051,3.220933146159419,2.713194147637955,4.027822775437555,3.5447389549435,3.7227127628134915,3.627334497823078,4.4164774608168775,4.431895474062189,4.672285638241022,3.6541393018561235,3.9434898819588042,4.6155496039011155,4.633113378723249,5.764729796967057,6.087292017674562,4.05107621721662,3.7640414722992546,4.475085426775469,4.498189097923939,4.6017286997094224,4.711931496992309,5.478878976993398,5.864756746139016,3.933008066623484,3.4425038798455745,3.766900463954588,7.187011101339437,4.850373824808956,4.345451803844017,4.1134407887622295,5.770052698829078,3.195543704125058,6.79476879092174,7.479531811400917,5.885604244609519,3.8155203049476003,3.7243536388432856,4.015653901787936,2.5689310743228733,2.585263189836705,3.859805784887535,3.2820262498212025,3.5863883871096895,4.659057850808979,3.8724909556269225,NA
Jan 2021,5.3340122631382725,3.9710245807400417,3.912503500546432,3.670144703367414,3.630562763790108,3.57402153007262,3.75538921227145,4.0957966897733185,4.058989609012463,4.943263511613797,4.1837821818827345,2.9265588829778655,3.508884054382496,3.091205866069708,3.247898715643413,3.049108896564219,4.631179299684501,4.4758618323703585,4.53708563022736,3.6480899429495905,3.3432931814934252,6.554617500046381,4.775033000354707,4.982029973442002,5.6536956083705014,6.17650958829738,3.476655705626042,3.6246038826796196,3.2813800489308416,4.770166022192308,4.037463614254771,3.36889904387771,3.5379459593415574,3.702435699656228,3.5797557671513087,3.5593581452315926,5.322925172088399,5.326509869260028,5.034093634911738,4.680164848288526,4.652973743085296,5.601610481357992,5.013253852740345,5.222197525990145,4.3005287404144825,3.664350790318318,5.037027852713672,5.929714954604966,3.9568608766694964,3.9449686034022955,2.693561437061002,NA,3.7997783901050037,3.335192066845195,3.434779892094342,3.280757075275646,3.9157983021914453,6.812042966246273,5.8299906993935595,7.570876063011455,5.693754215902993,5.67243414621917,4.409503159506852,4.826966640719118,3.106787540230308,3.2475048751802724,4.424571314375702,4.8127201006398765,4.54420178953627,4.688468561862833,7.021439632180198,5.472835661050152,4.685550591473572,3.7836264608924304,2.9170105348963276,4.479503226544297,5.9763501003072195,5.829186788433029,3.5301048133979482,3.3843586520104854,3.107167303588894,3.4761553139398056,NA,4.212004305914979,4.775167842954293,3.600448948526344,NA,3.7930618616635505,5.4625242701080134,4.4116455115790645,4.07549622767926,4.875632236944663,4.499367640028548,4.97520963316819,4.897751762398623,4.695657730830425,7.237940024614168,6.261155553872936,3.2485489124151345,2.6878905576097694,4.024075947374308,3.580871373045886,3.7219949486826382,3.692275918828304,4.397772094039677,4.606798133335167,4.69507098894828,3.737413615757968,3.9502657307650613,4.669352638100255,4.657729944710175,5.6343092711925395,6.057611417914645,4.036238801708799,3.9068447320997923,4.5464087457180815,4.501886048898489,4.611224746541783,4.7665879433621985,5.554375819002578,5.960424129486961,4.059522843182928,3.392335773248794,3.768110281724115,7.194838993918253,4.726299651192775,4.315155383239414,4.1685750776289625,5.760946020281987,3.3334508175376647,6.808124767479765,7.567384342431115,5.836154128660737,3.8063948944163664,3.656597621843102,4.172547877012117,2.536615622534022,2.6162594399400443,3.850547365840247,3.2388668008872683,3.5990049141440026,4.645772022699417,3.8538746202602967,NA
Feb 2021,5.362045073184135,4.000673511949132,3.9432804623591964,3.6467587485864046,3.5343726981362646,3.571645529265013,3.7853449888730624,4.139247134557909,4.040524455996202,4.930659967900217,4.19594988652782,2.9492197333761805,3.5002674481897564,3.0942070072479115,3.2539544899949187,3.044668490527423,4.692550266643102,4.4562614959147355,4.5791858904079765,3.673918067629501,3.3765218037842817,6.548908400254255,4.809011784479812,5.0246055486261625,5.713752099488383,6.200167684938625,3.5052979598116223,3.5958807284355907,3.230761421956626,4.766342647285348,4.0194822959315735,3.3712019829295063,3.601284168135914,3.773132182719489,3.629258801994465,3.6279899941634324,5.229848519576386,5.379114365318079,5.0800372985991515,4.733846300270561,4.678065834959739,5.679268719262197,4.968226484160849,5.224400036994208,4.320490047213562,3.6495942453717043,5.058024159433544,5.966607924347843,3.9204938539267844,3.937689979615753,2.6876209428867917,NA,3.7395720861271187,3.357010636113271,3.4522926641881715,3.19011621495029,3.964500881327767,6.925719899946056,5.570861930191137,7.590198255604212,5.665063554304456,5.744867205702642,4.444945893137629,4.857821785730127,3.136629657617877,3.133317449766306,4.4519225211482425,4.8451010620515245,4.499417647928847,4.710015768146199,6.984515581149623,5.624430339353136,4.734314926573927,3.885259516477445,2.915287766703298,4.489596899879174,5.929913069536184,5.863246786043842,3.600000279465026,3.5129585847592395,3.141662736916311,3.564815480107555,NA,4.196429111094265,4.740699770404177,3.6119672246594905,NA,3.7559085018348988,5.444636757782448,4.46263868814253,4.091175860066506,4.969384107122255,4.645055622849121,5.0442694001689965,4.945610365745749,4.878786929448654,7.067609192524559,6.513467124450443,3.232890002958755,2.7668836846900913,4.060527625373229,3.580986558455972,3.7304569860683943,3.7282567420045645,4.444172262528336,4.5306021159291054,4.675851743922442,3.667920067602635,3.946843689974268,4.699050865833425,4.703106351162988,5.880594719502121,6.066245188442135,4.117895869338609,3.8493913453496797,4.53051142426028,4.467206331528838,4.643097355084551,4.713429148936075,5.639024870002354,5.793887407322712,4.047564795837944,3.447587738616117,3.723501313400593,7.124900652158739,4.809806871257186,4.291809541884749,4.176344944832618,5.766559285274765,3.311961650812109,6.731979958397298,7.545168877164019,5.6892068880370426,3.8777912791606264,3.7563633869562616,4.055784439073793,2.5221073005807355,2.5903181763722456,4.008590420091595,3.294511131355518,3.704621215453782,4.6760909439971465,3.8792759896940683,NA
Mar 2021,5.402743194460282,4.022529843756998,3.9615890787944767,3.718821647331151,3.4965870064651443,3.4956437583342397,3.8000329311563505,4.135002127184704,4.2259969062704466,4.953486232747906,4.206866166072035,2.990050050717366,3.4607840093971993,3.0663838916172748,3.286563179047595,3.0329105830874155,4.651809557235656,4.544678424957941,4.616860896538331,3.678030602817812,3.477307860558716,6.661954217327386,4.8555414277484035,5.051393184373822,5.787331778228633,6.273864819126699,3.546376557343962,3.5709855522137808,3.336076355630321,4.832400438321301,4.027328352028274,3.4529730384984103,3.580662209731657,3.8041980495511063,3.6141455331322265,3.599658026226573,5.323830110666603,5.366737936781729,5.030644118678564,4.65742600462203,4.637797827109648,5.682360838433488,4.997609025606724,5.2444113822572405,4.295387878855964,3.710307180621679,5.083069091499209,5.9538245177187035,3.856187226210854,3.961917509971894,2.6953130595796826,NA,3.7852108148210024,3.3587903327474113,3.4567299410962806,3.2108240076974712,3.920666412662803,6.925565774348429,5.740173992289562,7.325389118250152,5.890633004073436,5.634173221609113,4.478490991598763,4.842871378145501,3.0319402206651986,3.2048521490523494,4.450603460151853,4.857820147694058,4.5423865912707875,4.687159596094298,7.408791487052168,5.6207706416166445,4.761947617682693,3.8218871368179665,2.9025357521087987,4.542000077614941,6.0029151448816185,5.780711916906016,3.6280647544508104,3.4043652065273,3.060057477552939,3.482109642324498,NA,4.227415988976385,4.713532577718064,3.624644416949381,NA,3.796299627467611,5.3595380269468915,4.535714800624304,4.097565191941451,5.0133761531945344,4.581507606059552,5.036847378811957,5.025828502033463,4.677999905998795,7.047282271722501,6.576451003316698,3.237148582905785,2.759221225736623,4.068486428423591,3.5847924203989074,3.7676620360566258,3.782784066078825,4.447437187430722,4.570743878304957,4.69860843727818,3.7218271803785874,3.9652471865016703,4.706665931781291,4.7453402396053965,5.868191708252587,6.311503331419147,4.107951598010583,3.8420470369408894,4.53303105822999,4.6434895693139335,4.654524653651518,4.729717704426357,5.77468843405818,5.801622463221933,4.092350534036881,3.517154598993853,3.793873907131428,7.095281483897784,4.811813318135266,4.368127475101336,4.108338362575884,5.919388072376382,3.3007701500053144,6.790999323390396,7.348748233829186,5.69806754540951,3.90948436216758,3.788034225499905,4.096667955598269,2.5037967668691534,2.6663807543834475,3.9124833889514297,3.3384323507530405,3.6657269959208905,4.755289978196403,3.888891117721158,NA
Apr 2021,5.417192034369591,4.0060441978508585,3.940660734614305,3.7243440623900788,3.6867414273022545,3.6899326708168982,3.8146579756295376,4.115781008637972,3.9825418399153003,4.932880450368507,4.2112069883615995,2.924405640130168,3.4517785092767546,3.091571750707123,3.2870426017097385,2.9970824085650007,4.626661672994146,4.472509972232119,4.605112551799386,3.624464383912635,3.392320829440475,6.589673567672426,4.82797767332228,5.046625541458563,5.764804436020589,6.232772694070795,3.4932730317312637,3.623997018847665,3.362054323237382,4.851526334479112,3.9957459324110047,3.4844846652821118,3.6633781048394662,3.7731675427637934,3.531979255651162,3.6539097759249533,5.335665595662642,5.352006977132337,4.993701857061452,4.708039407218027,4.630624186046292,5.646804161393901,4.989243376967324,5.2855538042506796,4.4331533912652255,3.649633457305055,5.082029460019989,5.872206241584527,3.9700646991982596,3.962132523436289,2.730406911065993,NA,3.76372326886538,3.333876560992914,3.4991962867757067,3.171098888998412,3.9617411486092875,6.663091712433474,5.777192823365363,7.328453321230462,5.922088433139905,5.693065562151287,4.415347580144614,4.84940087727955,3.077431344613539,3.2122830208515216,4.4176937297659835,4.836407952947101,4.452513698266477,4.6360689797745245,6.86619303695387,5.549021938697116,4.695157917587167,3.8147029534263304,2.994853857625913,4.523504213855252,5.82317591383616,5.906276578928815,3.671077868651002,3.479250433479327,3.1127807351960706,3.587979014059236,NA,4.224046684475579,4.810407287137576,3.825794565650774,NA,3.75471076015182,5.287628281824545,4.45269542786872,4.118717375059503,5.052708731222501,4.61607423601863,5.003403336587638,4.958029216404121,4.925544588984631,7.094938542416495,6.517726053371736,3.2210090113705507,2.7250912947149977,4.0470491061189096,3.6351506979662425,3.721009195693293,3.6940382388531416,4.456452299209634,4.586176601098002,4.726007088889873,3.7922633236483483,4.076052810856663,4.666366713714852,4.743242753900455,5.927319463348748,6.19660744968641,4.102494108414616,3.8552672487791813,4.503871984221149,4.570597966489332,4.677049827742573,4.789375202679208,5.644886002421445,5.810708453346707,4.0250499501038135,3.446522740172376,3.8492583893591177,7.115601472266643,4.853436361758041,4.328732154600707,4.149497114164139,5.874536323465504,3.274394495189569,6.690810512321149,7.441177731061918,5.871390383633511,3.852240975024702,3.8009548004121205,4.351357551784533,2.594889931854792,2.5549599797929896,4.046293875539974,3.3159990491917424,3.625014095239732,4.643201449691336,3.9587090966909138,NA
May 2021,5.389208410269034,4.029198516077426,4.004582864426159,3.726707331594017,3.7070194383373116,3.615689971684331,3.8359925489984343,4.144761428735705,4.126602587336571,4.979819779753592,4.211183737698131,3.0064028114354375,3.395650731992067,3.10639755257494,3.2722800007943165,3.062810103743939,4.6348201003367615,4.461460901909193,4.59517449227404,3.7348544253781153,3.510380364908833,6.454377147575576,4.866704527939419,5.045193288259235,5.8173517107071095,6.2049605220742885,3.645329990856833,3.665339765742955,3.3238575852880694,4.8408702229743215,4.1181904605442,3.512297633407401,3.7410696664584475,3.815541299271306,3.599578980467425,3.7640410081583666,5.330032258321376,5.402455468623659,5.137462726758939,4.69492948370608,4.666766402444265,5.555353373423538,4.947846287990267,5.320315628275446,4.333153506167753,3.680158453666061,5.126228626504709,5.8577617027546465,3.972382807251846,3.9916459580358987,2.7565837923563583,NA,3.769968074795528,3.3646916562558613,3.498176113373727,3.2807313801380826,3.9689428659614743,6.7842422937105065,5.831618434637044,7.264889523043149,6.019065458623714,5.811317112412468,4.4645999098019935,4.980158407331054,3.197798568613191,3.1534916010536196,4.507277744534482,4.842622173072382,4.468191008523703,4.682172403618246,7.124663287035633,5.480414657620677,4.725992897215692,4.0151185031120855,2.9989141687703142,4.576746719052991,5.914004637640849,5.738150551628549,3.6103081118628038,3.573970017915786,3.200498889521264,3.6333654927567656,NA,4.241856226771293,4.772025530277488,3.709634022785498,NA,3.8210782498367153,5.503363011569876,4.5235176645519966,4.156388375741399,4.948709585139585,4.647478974928727,4.981208620485339,5.034319932504414,5.01412920225808,6.938348386728365,6.253540324238854,3.2482205305663485,2.789921415351796,4.165508799261116,3.680683454128021,3.7829473372276676,3.841178458873886,4.4530754282413465,4.598231115683981,4.731917648684974,3.814142310001176,4.029267402958532,4.7343448152117285,4.671151352817032,5.833773389046728,6.341147408853047,4.250768224423769,3.998699692758094,4.519077692796639,4.577925223072295,4.84989425225591,4.764645473525213,5.834567175586944,5.7283124879363925,4.053259029686998,3.5796142021415185,3.8581896061173278,6.99430066994614,4.926239527617003,4.336983333185406,4.257353315587615,6.080561115439564,3.2941338124170394,6.778628079505607,7.49195510976593,5.700702887265704,3.8558010288279205,3.9278607997358037,4.398390438103585,2.5908661544749876,2.6216683268687095,4.1855850248647855,3.3632279261694116,3.827849769046613,4.710028326439098,3.9758954821019503,NA
Jun 2021,5.5220521761752215,4.10379402862645,4.11224840270235,3.775668516086276,3.772169853644184,3.6477373507117434,3.9306578852323026,4.255410026172512,4.280684118359677,5.123528253294339,4.377343358025802,3.0931493793583082,3.378637842036561,3.2598923331778136,3.377657122317054,3.1802869101792757,4.8539420625979455,4.674901313181562,4.761025815201498,3.804154243531745,3.591151527176135,6.829624492598445,5.010089178345744,5.182330542704775,5.9037575906736395,6.380980640713034,3.6858198236016073,3.6639755965709666,3.4396239182468165,4.941150299593271,4.1454757055316795,3.6118836348716035,3.760499963959742,3.944533721627234,3.7491207409696052,3.724219526839007,5.4499975201298065,5.501266828581929,5.225211548562044,4.886082957281846,4.828260985093468,5.809371537334664,5.090925805907989,5.3552271068007595,4.456791626487753,3.8190457620496105,5.242303259333789,6.07194714707264,3.997987977606806,4.135553732852704,2.8455395097285465,NA,3.9316938003036883,3.4964320416686165,3.609496789309685,3.3844238526293737,4.120044747339309,7.016660063788674,5.78998914608624,7.478260104289221,5.800368881473492,5.7866002130521865,4.659625722239936,5.148825648556872,3.2469049942246695,3.2921388686048076,4.57253170744328,4.9709386605847286,4.636111217763145,4.78359860841786,7.012532649778117,5.684785270387161,4.851744565406844,3.8762943818904696,3.0924453093671764,4.697889796744961,6.018806369025657,5.89966192331493,3.758720053275343,3.4599597759471874,3.260014704908255,3.5504234537276678,NA,4.361971953815711,4.766733412530347,3.8437695244247307,NA,3.9666831777321723,5.549045696231867,4.625192084959897,4.261607455489909,5.1296484169581795,4.731461963323417,5.130220802614191,5.093126622457916,4.919919936748601,7.128191472943076,6.469843943615789,3.328767755088471,2.773679551754389,4.205615987855149,3.735937246337405,3.962112872637824,3.7972048080856444,4.551657983375462,4.720983626251553,4.826968095792057,3.805635332720599,4.116927069306306,4.86205913010789,4.897437152895313,5.827441096746248,6.275493295928306,4.221350574854334,3.9793331255922486,4.723084481830592,4.779333317168573,4.689717748650451,4.856861846444473,5.903287977424711,5.9383716208244115,4.206131636847703,3.6515564278979205,3.9066089729079216,7.173912286774287,4.950419768184198,4.49008107136982,4.175835655611368,6.045271942829905,3.3993232596619025,6.835084257151175,7.6551118645336755,5.8128253894835655,4.053490427500028,3.914168479137654,4.313702474265583,2.558464592569212,2.6512958326017673,4.083371367432394,3.4595399711385046,3.6938563749362574,4.860827981029203,3.990386799040998,NA
Jul 2021,5.395686336442631,4.060697012412617,3.96516685914363,3.827133027658311,3.85306005678285,3.698828321105821,3.8627610570913045,4.185065473429368,4.218672920420274,5.0312549057004,4.299874930615994,3.070053122489872,3.5114948096833705,3.111717710760908,3.33837552021883,3.0605893643256126,4.592489860617628,4.452032230193488,4.567107637513726,3.7970782247530397,3.613447998157229,6.466366315243896,4.891767571139033,4.943768451332419,5.751503523156224,6.1849143806002385,3.6671712959275196,3.7421782951785016,3.336505291082217,4.7855464409589485,4.143090124359044,3.7198701885034264,3.7247194641603,3.872764109775331,3.560165400307762,3.7620847254858094,5.354971037117337,5.5490450533112465,5.089205706300179,4.785718489487816,4.719794099988439,5.528024745662918,4.984721846666054,5.31573415134717,4.355517351675259,3.7331934945265686,5.11599862936632,5.955528480290002,4.073045313935288,4.129658959153099,2.817345686735416,NA,3.8107317881914344,3.476850377001456,3.5536402849461552,3.322975869656468,4.041616221534732,6.632671855630525,5.616006320610514,7.527805661088286,5.966991222302252,5.659169947591232,4.52530281379267,4.950556802626137,3.047710361163517,3.240733792487764,4.51696349457512,4.7713617082853395,4.549523329113621,4.591072661941787,6.560102294504377,5.428199590532767,4.763998461246636,3.971007089319633,3.095454726790452,4.648717857416793,5.949007979374472,5.794250198272601,3.5681170633153823,3.512579082638957,3.267711449977315,3.6543923628358588,NA,4.332805354177086,4.8173780758107805,3.800068794440522,NA,3.8375494982475606,5.477372073526251,4.499258163965867,4.196862482757648,5.064302765624553,4.740113820622303,5.146179298295677,5.023732016995226,4.947891892291426,7.156399433845404,6.4929400573642235,3.28554836026741,2.8440590317677628,4.168468049807124,3.6962084214103,3.836239636074081,3.7788403923611833,4.574348472327153,4.808919956526202,4.6574460351190305,3.8708664430251463,4.19744495648744,4.6516578214757605,4.782671741198452,5.702909761939537,6.088020488488012,4.234419030103192,4.040593837711912,4.567506750329287,4.608916887460298,4.748817256290816,4.78018193822116,5.953698550119594,5.714078381004563,4.03057624252442,3.5607815413125925,4.088935549716811,7.068949592881585,4.875935095169544,4.348149653295975,4.214279694639884,5.97149437168003,3.435407144768068,6.878104736100657,7.614158235784564,5.934630900413179,3.97606496527987,4.073712783591561,4.339316464099028,2.691435082030441,2.6148862093959426,4.268022602392503,3.4580600031906865,3.8155618698067357,4.787198376953699,4.000166531149665,NA
Aug 2021,5.543454165861625,4.09373054470087,4.113490091566495,3.8473006846894817,3.783219277150666,3.74037029357338,3.9474465332464286,4.306741472523411,4.230947456820994,5.172755804418798,4.358688989467732,3.1424170439249823,3.638963326453207,3.1607146668670874,3.438685350785369,3.0881313936602437,4.8018041606849184,4.604149001466704,4.669317566722843,3.848494970397957,3.655309031493359,6.738049190498895,5.050806115952902,5.23534275746086,5.930248184069741,6.357362893411868,3.6098077555978656,3.7503982230878705,3.4445270704992326,4.926843547197742,4.1648224324252485,3.6997386572947955,3.8868480417229976,3.9490185415445147,3.6826035114774958,3.809794269002685,5.479268319525326,5.5721643767129265,5.211975769387567,4.8743251410773905,4.867410860740541,5.654304223675984,5.1199448112047,5.441567276422648,4.461862250795358,3.8083442347973526,5.297948458541398,5.9663628404641615,4.090218484999623,4.1317535676197386,2.869539871098413,NA,3.9163693195001437,3.494410368549071,3.6507047509728885,3.396840942290332,4.080328677543854,6.933938999112731,5.753067857157429,7.720703076754897,6.092390489000809,5.757401179032483,4.657333547916089,5.169077380132091,3.1132127588433844,3.3024693539579335,4.566294479795518,4.935494889266451,4.592952062929653,4.701566699136886,6.9716219164523245,5.588775219377705,4.870931926390656,4.08827222076654,3.07311920603608,4.753870595154118,6.143329741407961,5.870211080808624,3.678809094404184,3.480554459729518,3.2501574222087535,3.6767905100484533,NA,4.3880335092716525,4.928299731580788,3.901389567690593,NA,3.961689170278299,5.544712469875987,4.626847653399459,4.322484550035766,5.19541379270702,4.695017347587994,5.184995008688439,5.146134365047912,5.025076632219054,7.245084097855619,6.594185459942724,3.3406732435992597,2.8596459229026685,4.257924060121529,3.821761246518296,3.9282255068888152,3.977823844188027,4.697310964947392,4.849186178599881,4.831500195428963,3.9218774857222374,4.200571445642225,4.796370579415448,4.905949509932215,5.497050417689613,6.347438551084223,4.230255529695995,4.181065959774731,4.719932577455682,4.513455889391436,5.072262237885287,4.937231284031466,5.966911994232805,6.086160253086709,4.204024260110874,3.673618659895236,4.075461104846117,7.128124735373205,5.0907144629177425,4.519117943427729,4.361159954043376,6.02302781969402,3.501086233632172,6.942631285528962,7.363971148461979,5.852565481014919,4.034933366818855,3.9519780787703698,4.436930678512708,2.6870698389111713,2.671158266831985,4.009299014821299,3.5119244330685766,3.8904101513576124,4.979707187598322,4.0896199298268865,NA
Sep 2021,5.559816389334111,4.168103595835212,4.196455285904012,3.9070698736733758,3.8228587115336254,3.686026155553735,4.012508222429338,4.338865526637866,4.218873662971515,5.205615221312379,4.471232399392382,3.240448208036869,3.6732101233337984,3.2476799734160022,3.5046136263795833,3.2475837906559097,4.859199984061669,4.778701145159461,4.79789846730595,3.9370560029912167,3.6781925326746836,6.960916937566882,5.138904269363111,5.323361697014482,5.939505267812752,6.528920805344735,3.7909321506679743,3.7201456614399757,3.5129354140056708,5.039592284837376,4.240380550378689,3.7902045217205838,3.895891920259759,4.050317467804057,3.84970699650426,3.9039573255799107,5.459448200564143,5.651339817426599,5.296168438187849,4.986277707638763,4.934579511290449,5.732683058802644,5.19291258307324,5.609957584631463,4.554167063520671,3.886926089229363,5.346353553236339,6.07038740778416,4.178274890154499,4.225470541141751,2.8974742970004455,NA,3.9828990430558986,3.559652165127031,3.6865607602044888,3.427807375909452,4.181912399806522,7.0301365664378,5.771718254683179,7.497513444065714,5.946416426259783,5.981024308112004,4.777234277927014,5.305555880025962,2.9890652702861984,3.3929925148785176,4.700350676800965,5.022047737263819,4.688264674930393,4.815055675057515,6.68339054501434,5.6421287990894475,4.918142765733732,4.037122396595947,3.1441423183729977,4.901473004738261,6.115827718492619,5.987952279280951,3.8120685312274474,3.6622305509932764,3.38409645674838,3.719295287600524,NA,4.49402628367153,4.9727504735435915,3.969084139864414,NA,4.044034928479299,5.682044310785754,4.771612918749078,4.414526305684128,5.30861764779644,4.873295903080286,5.192655295874239,5.131388515871897,5.080074451668375,7.0981789111012485,6.382849509971557,3.4236646688770196,2.9680249142490047,4.320361196051688,3.8397530330553007,4.005877477491982,3.943270518508573,4.767147738056753,4.846955716164034,4.908648648898082,3.9443821943241746,4.339177189908374,5.013253711009742,5.042336242819248,5.413528398831328,6.202798992720101,4.400831673418257,4.1298006741735325,4.742388274368471,4.841803744823568,4.752390921507577,4.98109092231784,5.8739432909194615,6.016968724668803,4.282116755741897,3.7283250757440283,4.190558519180869,7.175217323019109,5.058850095608628,4.624154839033097,4.224352818863474,6.033559337598673,3.455162687659043,6.789176120360798,7.50785159981926,5.861641523955885,4.038894729884621,4.063495231674084,4.596505856541613,2.692869998755088,2.728659529404173,4.1820509906735115,3.579909033338872,3.9331848775256026,4.993549156946622,4.057439403485555,NA
Oct 2021,5.541231848420802,4.128006941212678,4.160228719467825,3.846539709678283,3.833309911266453,3.7934001260188204,4.0056885784579945,4.339105469259564,4.213327553914103,5.1262919583270605,4.418046699827981,3.2009525321352217,3.425594777894734,3.2326971479439726,3.4649874255722475,3.0916162514167587,4.831946004055766,4.768354580520153,4.717026758551847,3.9679566910009783,3.690314156127293,6.765645974207013,4.984897737442088,5.236992678960164,6.002404282712484,6.577786104779196,3.6273489948850592,3.858782402065867,3.4301792140389673,5.031679604179618,4.28715348746819,3.766771995123817,3.838913130386975,3.9057407833590734,3.6883903560971225,3.8472900120702227,5.502129588665952,5.6360822915238,5.2592565694671825,4.9256204537365225,4.9708266073840806,5.769731313190556,5.169972502962859,5.388784052331383,4.432380375095921,3.780159411361879,5.20814029230457,5.975776513045109,4.0720345507052365,4.279320454264849,2.8820522290263844,NA,3.966820144693339,3.521252311107058,3.651047339172344,3.41933092304907,4.134607179325858,7.002064371923635,5.7015823699993895,7.709338099287629,5.96984014308842,5.69380374670806,4.721341488057318,5.191144178619482,3.0449563604348278,3.360243774676505,4.670304680112275,4.962939359713908,4.683323121893075,4.754573288861756,7.068504844433119,5.59972859631833,4.9370141307337345,4.113644044390679,3.1990297409808273,4.850652312851265,5.994869483325574,5.973695256414504,3.7502346390500905,3.5643251147312762,3.3046055818826567,3.7253716524235916,NA,4.436788473837922,4.818926915499758,4.044284129964544,NA,3.9253137196582633,5.666560472226209,4.5742605491749435,4.386248767061585,5.268259006923884,4.882275089324237,5.315500216041467,5.183816246000952,5.090812900084544,7.1198419142849865,6.627238571422198,3.295857085393564,2.853562375879273,4.325382647368807,3.8373601046237154,3.944726366051505,3.9244862033003716,4.685790091453385,4.946991124925001,4.919536199521621,4.073206157053616,4.323320663272739,5.032711525676012,5.048930666247693,5.47616958744285,6.280278257341292,4.289686844281215,4.137742354741835,4.716065634863446,4.781042706967962,4.896254121866331,4.888717522889996,5.819544002777724,5.998422567797237,4.159270213946086,3.7150856683036344,4.23069523919438,7.168931212889555,5.049275976852057,4.592012473201128,4.358433812069583,5.969666357040491,3.5325479152641184,6.721182974116579,7.537627043480926,5.706247168712594,4.148292190692653,4.157389918150288,4.525785275940261,2.615425364440017,2.67310758113328,4.26749826469094,3.595555142921966,4.013592343052719,4.902992880017318,4.0986565945081175,NA
Nov 2021,5.602742519807115,4.153057530964447,4.197345392794084,3.9497957105117094,3.886606034629945,3.868767101682646,4.064187552632099,4.316147983758286,4.314628736386886,5.19644211133702,4.476214157152557,3.2479274099225397,3.573835306001912,3.308436923054021,3.3922096381337594,3.174499691107801,4.927968001586642,4.760820057894323,4.787587279999243,3.965080866686589,3.761565274939721,6.904669373465612,5.0721607089603715,5.337164586366859,6.062152055689111,6.615754758330635,3.788309071031822,3.8956330102557835,3.4975407729752255,5.037222450996094,4.341509561658646,3.8588084734672727,3.9226094820086845,3.942525707105627,3.7717373838827446,3.913471328742527,5.570520267875669,5.635327733272849,5.294835838251943,4.967866200895147,5.015179409977335,5.830687590173525,5.12762365612422,5.5569034061011475,4.466702294026841,3.883052292660143,5.3711123146071245,5.971988449521779,4.071967996477174,4.272787448724477,2.8632718104259736,NA,3.965413056895142,3.6547382563911093,3.6999836260892587,3.41983619552609,4.205984545713288,6.980855360916265,5.848817513064172,7.685661911820975,6.131818951958429,5.789374067988666,4.903305131728904,5.349438231058389,2.8190921230740793,3.4624001855935598,4.69930681150126,4.975653050916625,4.793016571020339,4.852613874855544,6.803895305300677,5.63836139963735,4.982314726343814,4.131859149406441,3.208379918221242,4.85210352917099,6.103531557095462,5.934563136753332,3.8232994791268387,3.5888921705673407,3.456488048277626,3.807287555533176,NA,4.532535515731986,4.956943697394467,4.02451770817653,NA,4.020899472003168,5.902508716147826,4.777019970390082,4.384238696686625,5.37266910526965,4.824107600101213,5.259607501453852,5.140591489985455,5.090053679917482,7.093958110201794,6.691512306307072,3.398616866700832,2.9524636687289814,4.382422076715834,3.8535734279037137,4.031520212666486,4.092766630320474,4.640919330474443,5.027760472839556,4.875812130413601,4.027922954062389,4.276311421784002,5.111311723520401,4.999131878459385,5.721997949391832,6.311769384419552,4.327819709396965,4.107464784425639,4.704286893998084,4.8504878932717945,5.172892743094639,5.027930108040138,5.979576394819405,5.979920033496441,4.340344693898379,3.7488487088247333,4.245368866218984,7.084945421672709,5.1406806735930015,4.617528754503235,4.337212099273616,6.147889980452989,3.4779044355416038,6.79699807850955,7.638712593417618,5.781707482863644,4.196613599177372,4.166624865779409,4.584663890107591,2.69999964540279,2.7079942031600917,4.2390634260910804,3.6547524835685272,3.896581514445406,5.019475425414958,4.177122693558172,NA
Dec 2021,5.584278222063182,4.13813120051746,4.183443931781191,3.949649373903272,3.8286431816796127,3.8056813000604888,4.079554483596141,4.392497668475483,4.259692623579064,5.27664111340445,4.588683816282507,3.2145992395813763,3.622545327423615,3.330639164558466,3.5317358865778683,3.1843656687471813,4.878973809513245,4.7563638743671435,4.86995340452221,3.9196618999691,3.7582330428294553,6.8419498746966445,5.283714176565233,5.4218401933122,5.945745870241261,6.526117445702438,3.6694082340177583,3.7605023874890455,3.496211073127383,5.086080970021066,4.333573401567751,3.8463019306903523,4.067348547967999,4.105736593279742,3.847396389779146,3.9636695509768454,5.601169222064225,5.698455994711537,5.3394450824032,5.082217409161542,5.010957071286317,5.711880403849738,5.198177622676523,5.651026506487374,4.61958589219296,3.8952401125956806,5.4240488497952954,6.019480793422967,4.159975706901076,4.280480180109596,2.9527300431166186,NA,3.9973548782841415,3.584542436399835,3.801415949003425,3.4443072147137705,4.283937869065129,7.097446065940546,5.872156034255976,7.644018521847958,5.965773261789027,5.8203607267466655,4.866449422723964,5.357373831916284,3.1369093892324873,3.4267366331961755,4.730544839764415,5.006973728184138,4.713902246495223,4.8400811164405795,6.709901856838426,5.617639575682543,4.970532362692328,4.261383383501953,3.209609195264826,4.929644659120234,6.228828758252034,6.014104630957543,3.7905023438914696,3.5829574342144785,3.4586610751951175,3.7323304744417594,NA,4.524746039128103,5.0437917091843785,3.969754625169473,NA,4.025506282749567,5.8361114578412,4.779896814079224,4.5737498254517766,5.432979430614333,4.901215343645441,5.1865245780013325,5.276889739408895,5.222674417142471,7.493181863845731,6.55703534423881,3.3634812033675456,2.9272422782880123,4.33619429579194,3.960308565051241,4.038897183189398,4.039355233041669,4.752234012879674,5.066288139070216,4.968645053595922,4.15909886026732,4.434550764721389,5.122443905942009,5.171512272562296,5.332617936637198,6.407804832410275,4.3937537002522955,4.2922491824716245,4.823147517973943,4.838553630815051,4.963764098512703,5.009688553601083,5.754428360398381,6.074962309027421,4.368466111434288,3.7662582543481196,4.212506692552875,7.212562071479515,5.105061506273375,4.629410964276358,4.277275461465508,6.036663442579819,3.6141380004307027,6.8909560812599615,7.611578211453817,5.925945210595509,4.153655773088963,4.130723967353864,4.687547883382384,2.7534903270317113,2.856859139700705,4.327569175907539,3.6098026205381526,4.020704325609853,4.89965148542384,4.173523304567595,NA
Jan 2022,5.679211811052305,4.249349873650462,4.22796210101249,4.037584787851979,4.002401409366096,3.7781757600198893,4.182971766893421,4.44393178078387,4.3628208586892105,5.321450668040023,4.617631410224252,3.2777922926326446,3.5824694938922894,3.3650338345346285,3.542570735181381,3.1881721606494224,4.958914956929534,4.904847615915648,4.877268858977885,3.998080392401891,3.8523824027419815,7.022137736084533,5.28347254498139,5.41261719604709,6.024402167920842,6.601419292216568,3.7852079519927444,3.9611130130194456,3.5463979800893712,5.130647724813926,4.301414811229683,3.7721180649769686,4.047937651473346,4.133580468773831,3.87663908755625,3.9291073519453947,5.555185375257972,5.7623852435291365,5.348361911585526,5.146096959555621,5.055671709531065,5.888606076715601,5.260251952371143,5.7777785327147155,4.472792057504092,3.92053886154962,5.573761565915961,6.246938470753495,4.097153270732181,4.302588373341033,2.898304584366851,NA,4.1384614972595974,3.7440169222088304,3.777315205357778,3.529440291889166,4.306204155065226,6.967542510966491,5.991081449746581,7.7377454579558025,6.21095682628592,5.7898871473496465,4.952387336443578,5.3499790298892345,3.0382405306569047,3.5169963816053835,4.8721919076538365,5.071584792350835,4.7300305148976,4.831301599896462,6.5300161343563605,5.775199755115183,5.026681687883884,4.132950633374839,3.238135150780465,4.954050179252718,6.18220146235195,5.822482677376425,3.7906511363267135,3.7039270008291463,3.418261535482466,3.8001977726599936,NA,4.601866815562011,4.938621897058603,4.073409701937834,NA,4.118875048355287,5.804183414777556,4.857613109835936,4.538800919150193,5.319984320435984,4.994054972979974,5.361497200923936,5.251640395268198,5.139894838985833,7.13564145487561,6.115367626002185,3.434376212498752,2.951563224054165,4.339635448652913,4.0513519232545905,4.163799144853265,3.9747138409376532,4.775205194931101,5.067460942785175,4.991703385446169,4.15797288694683,4.43320461954954,5.161285964346838,4.990755884702581,5.496474352819614,6.437296702646727,4.417365672086752,4.257523309440254,4.862613735146772,4.801059719412197,4.954005639439937,5.029107389975422,5.634618980906548,6.177624464809333,4.422593404683593,3.9732309559322356,4.3347574200860866,7.18441348113678,5.119178655138206,4.692727050716457,4.445710754731034,6.253237294303332,3.5872395124593126,6.892553756449227,7.428551641042536,5.861653887481323,4.183964536647507,4.074294184947162,4.632781683409098,2.7906873551739766,2.7024442311944266,4.437530893400039,3.7163718708128943,3.9834739699103427,5.074565381975276,4.2403187095618176,NA
Feb 2022,5.64662433548168,4.248226019479028,4.223188222885987,4.106931794558242,3.7759669995017715,3.7896744847007975,4.1138084877207195,4.440694405674315,4.4184706106426175,5.319478647870576,4.658191561044834,3.3212897084085697,3.5400078726116275,3.282746404236026,3.618981301025446,3.2240830516306467,4.992803370404263,4.8852551342181485,5.004029854641088,4.0677245579661845,3.8271714380511956,7.058139080321204,5.345774173280827,5.464925255908917,6.0119672703140115,6.705459138131511,3.8299154159020663,3.851155169488926,3.5210978332713743,5.146025631539813,4.434356877626009,3.874079008340954,3.9723634410188153,4.0956653969053125,3.780301459446126,3.9604509073866465,5.623461936847562,5.772053031806391,5.409252520746604,5.1328445186675875,4.976447826795876,5.770241369330099,5.218411514701553,5.704820176673928,4.621913472126137,4.0031243966644725,5.521053953502835,6.185275953619446,4.217227560844181,4.343874077364507,2.935401612667751,NA,4.137195988757207,3.653524579117068,3.8007251294528563,3.6004932677516512,4.32301469630255,6.992073742445132,5.959793479249197,7.786335658788537,6.062607630077225,5.933079609674572,4.974416345915133,5.436599454343255,3.0608819175052946,3.529787335338162,4.766643201544546,5.016394965686827,4.785123337161926,4.902179690649931,7.053173686449885,5.738175549585901,5.045220322646161,4.303575297761049,3.229560564157656,4.991196210821561,6.157678118407362,6.033013064637222,3.8054146457335696,3.72355278618287,3.4714864797744434,3.7910267822196486,NA,4.607601806090852,5.124293196794407,3.945521453763645,NA,4.122144264050857,5.793609423767479,4.840248710538133,4.54467362622784,5.4665061969915,4.932917084960673,5.3924332568164575,5.385646782834905,5.4100769333643735,7.253623807983395,6.257983914980582,3.484134304371593,2.8527248214885077,4.484794808414623,4.004032295439843,4.079186465646676,3.99364334648357,4.862041483916218,5.160929567481801,5.02357280306274,4.195667887441552,4.406796330883842,5.155805771151695,5.235089241093114,5.7234087710278,6.410412714685875,4.547493570721135,4.175154550998447,4.925575828297855,4.860611406972102,5.150338168742623,5.1390389233778535,5.62274065232119,6.196031991409483,4.355485578113981,3.8789998551831046,4.239194405474976,7.305387266156175,5.205138828357145,4.7021314319129255,4.423444759694714,6.213872965978574,3.5843606977778,6.847053130263628,7.597411495508256,6.021393744615049,4.234866545482053,4.052465094943953,4.70375692345103,2.7415544802187566,2.8191627201092286,4.561036390642731,3.748780583151565,4.012738316886227,5.2201216415757745,4.250917534061411,NA
Mar 2022,5.674288426177468,4.284935440859831,4.269208726501815,4.140159903911124,4.023849631318489,3.887093129158542,4.158450139547676,4.410887302672907,4.438659784285448,5.398322122591725,4.649506116489499,3.245810480928686,3.722774904077853,3.3503372176928887,3.5668253566892916,3.232171323756641,5.0673290839898595,4.880941928449306,4.956173178675562,4.069287292298502,3.8116156774981618,6.989074376633921,5.286380181839071,5.403964634768368,6.0979365983445595,6.751704589439961,3.7659911861610023,3.963866230896229,3.520139931863103,5.231406717566614,4.313240608128617,3.990409091288761,4.065850302429491,4.04432624987834,3.9027286753280213,4.030890313563095,5.619988242471249,5.918821084797539,5.440757302778921,5.129189113655474,5.115396831004145,5.818990365754306,5.283168602608584,5.651357838361702,4.694595108899267,3.9528831229382946,5.663884532843838,6.116989582513073,4.383384523676718,4.384406103232232,2.9328835445378334,NA,4.096178645398762,3.707328765214922,3.8225578762483896,3.562068728302543,4.3045312096155115,6.957815817603676,5.955177124316372,7.600324523558222,6.064984263692452,5.960025514811183,4.929534807805014,5.521300001916599,3.158995547246207,3.518658649014813,4.850878727157997,4.9874060226720225,4.790144349198235,4.9738063673244355,6.597091612766999,5.6200567286241006,5.035292825546249,4.287024760461163,3.3155672469952737,5.04454449819541,6.156592023799057,5.921490429867329,3.9178750539740803,3.8157717330030727,3.4749007913951973,3.8333923711554814,NA,4.685695460112627,5.0996526823552095,4.106951089805833,NA,4.156144987330983,5.775388681816845,4.954145789043402,4.526690473363772,5.535919159178327,5.069208924469693,5.379442612211948,5.324786808440391,5.341943896116921,7.28697187916654,6.2603697095404565,3.462052050478025,3.0163692914481066,4.587685004208555,4.032694629820802,4.203919221431871,4.220033447042194,4.857711574033389,5.148931850136526,5.0699932578208635,4.277509821656026,4.415575174838713,5.258598821743791,5.177619502417586,5.620218202784229,6.448936916688802,4.709211974333145,4.318221633780148,4.8670734318737114,4.949532098237608,5.2032906407261565,5.11490295407723,5.619134458121105,6.278501879421699,4.3204785570616,3.725734089987152,4.331992510300497,7.186485565082482,5.206912202608498,4.784759090328036,4.419576114010613,6.404210723516304,3.6718768358107656,6.974836900511775,7.692111335066019,5.832127886413176,4.186741693232452,4.102974907843208,4.870887701553443,2.7043162767604993,2.7997559331499793,4.485570357672846,3.6354725100093614,4.0461983661050835,5.087271190140095,4.237585447103429,NA
Apr 2022,5.69535938048754,4.334471920703856,4.352967921948609,4.193998525095153,4.112007324765842,3.9018207795937543,4.206674124856093,4.508680950465775,4.412876420757918,5.432471316545694,4.71770971676047,3.267509032765348,3.7236330397590893,3.3543684198285955,3.542194078020678,3.225964482081405,5.130745383582322,4.974498044042404,5.0047636195956535,4.122386081657384,3.8767761771948623,7.043981774556456,5.379678405539337,5.507888349859237,6.0297131301094895,6.825269628362039,3.888851623125731,4.017707230303039,3.5631135514321737,5.299990214331652,4.409564231168483,3.954057419158042,4.184500556004746,4.161869681567366,4.0037083959159485,4.046815657878303,5.722634656016486,5.875196255150951,5.432310412320736,5.139627111781437,5.159715254762631,5.972116822500707,5.336994258682446,5.754709049366936,4.700035057557408,4.0901458854988135,5.775803586111198,6.218808315828642,4.25662648240317,4.52523831518555,2.964413063718895,NA,4.192155301521007,3.713201891838907,3.7938354664660956,3.4365213759313304,4.418392051584981,7.009118248617226,6.0810886960502035,7.675489463058168,6.224880177855322,5.945960743448008,5.030102325740645,5.502822071482364,3.0598559377955046,3.574911882823015,4.83731297031357,5.100910994550303,4.835679645164022,4.943540065001199,6.8507959928543425,5.552354233491464,5.180402465423761,4.259950146343622,3.2550055368533006,5.086624911254948,6.188368738198304,6.041253036174485,3.8988936911539036,3.754394890267853,3.570330115102868,3.9356943618466125,NA,4.657642658058962,4.995471668167634,4.2243312134311966,NA,4.1543607045013555,5.9449670022968695,4.945030146718037,4.459876809185905,5.532920069597472,5.049046149196594,5.443094476264754,5.40472891921587,5.43879644833478,7.318697250996305,6.354375244029195,3.4627999174580304,2.9992251524586417,4.513905381617077,4.063425594757452,4.304887336091301,4.256996606394391,4.919412686673645,5.161882496526903,5.067586711826761,4.154494557087636,4.535542740851205,5.29861872161014,5.251525980437329,5.689361275891734,6.58750436957207,4.58620665943204,4.314034379140466,4.9632566843861925,4.942662483808883,5.232746480961429,5.09797322620674,5.806348084771356,6.239555692808219,4.442836126603668,3.8485835038309375,4.333056803110551,7.352130486398977,5.281119813251544,4.7683474406082365,4.408161227467918,6.3773882003159095,3.667326580628956,6.971901893440174,7.633441547221963,5.915859468565431,4.332401422495345,3.927541041290154,4.830704038202264,2.900485319781338,2.816152438153797,4.523069866395683,3.7090798765463804,4.107377064920647,5.462661717289608,4.358111546226311,NA
May 2022,5.732146522620055,4.33079228225324,4.435709544033065,4.149315779975832,4.035507143355438,3.88583127209765,4.227789408258235,4.543050295905856,4.484595563036249,5.468291268666788,4.76967916846534,3.3494891119644272,NA,3.404262870286123,3.6207092908915346,3.2900166204981818,5.226214197006898,4.9271516903593895,4.980076372826103,4.108496542288922,3.9085877737601264,7.194227562991216,5.403864313626156,5.557250500112251,6.178085453464663,6.884014581752476,3.8930323680880243,4.054095183710534,3.5415233075711106,5.352207644752084,4.540869251742697,4.033726071316272,4.106790239767598,4.154620918100019,3.969553207877009,4.069314388548124,5.663902927203823,5.847320633901773,5.456843935713443,5.216623269768172,5.215020096184488,5.920010737173359,5.274364230457802,5.931983176501401,4.732175020093208,4.057277033327312,5.559259816024066,6.284501473474183,4.350154225804764,4.51369018602174,3.0165334059820426,NA,4.173565611262032,3.791591326990114,3.814900290744215,3.5884737696806432,4.428070755983885,7.051961244126628,6.076982102711734,7.993171320328742,6.306053834965851,5.91567852767369,5.088070327813246,5.70195325572155,3.1328267813163104,3.5424653144365523,4.98022620442321,5.192838589371511,4.936753131119681,5.067085232742209,6.800068485127343,5.880494690181351,5.137276151018437,4.3837361642820944,3.342001740323644,5.17390794034106,6.1830656128622286,6.134627486824925,3.92911681744408,3.739900679221199,3.5047099730690263,3.9750442585154473,NA,4.74053956190549,5.182056022333042,4.2326591642144225,NA,4.222656664541807,5.570197465774153,5.025107329588497,4.618970460239762,5.593018609852005,4.991310855664471,5.436988193587937,5.439256198236816,5.448408905615739,7.267467840094567,6.398733097614558,3.5136611058523686,3.0867890345595597,4.6298383166818065,4.0751593670958695,4.27302627359476,4.269190657708915,5.003787072803648,5.174404535869203,5.128329361805458,4.318479523502103,4.699896551457763,5.304263154289511,5.3332189977563225,5.659819401747026,6.594885024405737,4.743110818870252,4.296925646059447,4.957654246602263,5.020871637777783,5.14398368844104,5.204519135138755,5.857741790631954,6.238426272246895,4.437752674294685,4.017249941237767,4.54873847746373,7.3541953334563,5.346026402572408,4.8224675373459425,4.679189658076771,6.288245645012966,3.6589899956542977,6.934608697298014,7.8554072645670905,5.913282725540373,4.400053299085565,4.040234512178149,4.975924616927206,2.9133436849458283,2.8721519751114286,4.5995184897506105,3.781456462187018,4.295711894614433,5.271956099675523,4.265872091950036,NA
Jun 2022,5.834320758198486,4.3952838075559635,4.354235073266173,4.169840098537818,4.130485130186512,4.052276743011492,4.300655566552179,4.587750826931619,4.580126514564683,5.5566125355771305,4.757399095775999,3.3825304424296734,NA,3.441547127258238,3.633571677227462,3.3488423461818484,5.343836799417613,5.13403211170235,5.036369780228028,4.206385090375874,3.9481487160424806,7.218199458731312,5.519741930333318,5.6383933690687975,6.284113614127245,6.916248673212417,3.9247018729921725,3.984293806991406,3.6066746864219947,5.331953461831445,4.476148123607737,4.08977654933239,4.217813351874079,4.225873184727291,4.021479758661503,4.2200411344793585,5.705550651923186,5.897901011122081,5.526508368573245,5.24971965745319,5.290776217525959,5.82261503202286,5.3588240571168875,5.9886881031073536,4.76531985489636,4.126411396432166,5.711700046952857,6.381271370882509,4.451158810271728,4.531165548706251,3.0375210878294405,NA,4.229008975827361,3.834015536338657,3.8769280163176405,3.6665980538212954,4.456519317698089,7.2331076919641015,5.9527776581746865,7.8298543901853055,6.058437208367723,6.024679003731635,5.187949409522113,5.549669673878339,3.001311180345798,3.582031310788038,4.949975024081981,5.188143659506177,4.92713640039193,5.1349548367257425,6.964059471417007,5.820247655866539,5.160988031078961,4.442199405988157,3.3914658457968,5.191352348896302,6.327917863724755,6.2335309848130915,3.954304774103471,3.815744662203978,3.7618745792383224,3.8043479495492396,NA,4.75652163657207,5.321801606486465,4.274642204333838,NA,4.264847042872815,5.545643120216397,5.065914366759426,4.755084958685523,5.5917158783623,5.136366796678064,5.49677848006631,5.5044264725753695,5.542207731852015,7.326719429167437,6.267826890270289,3.6424804210722654,3.000467523460648,4.6193736591572305,4.188341217844182,4.321587906668366,4.313324669987889,5.002359296405787,5.328909109064322,5.138816634197444,4.339366877635923,4.543191307464197,5.322381914635533,5.336658204232657,5.650974227915054,6.619614673577375,4.6730030111815974,4.625761934298761,5.062651879107011,5.106129568567793,5.416169522041585,5.215350288218745,5.7403130277204575,6.400254077086117,4.60748133168184,3.993791635343601,4.491056556623877,7.38345799244647,5.411826291998521,4.968361035045431,4.704595500408613,6.5050200569529535,3.7306045444526137,6.870648717519915,7.897465286173891,6.117616275071487,4.402149789882804,4.074394394360504,4.9227994182227235,2.9013116283893203,2.867345584097541,4.521607099834095,3.8019230459586173,4.27717375338702,5.279326854759413,4.436663462754404,NA
Jul 2022,5.840002525922404,4.426385871404075,4.5152472301622595,4.252073508772611,4.195996525708894,4.148878920336094,4.302152195674998,4.652959766762603,4.525344522560024,5.645365596445049,4.8958326375325205,3.4442392720889314,NA,3.452286466009597,3.689910336094915,3.429950241360262,5.293941883466746,5.0522085822209455,5.143808388316627,4.235189215074131,4.001792584515045,7.49815263430598,5.58194567249838,5.78874522431349,6.2881653796421695,7.080476774742384,3.9597931144364455,4.048630442147498,3.745928321159016,5.494177486356547,4.5309860762176895,4.015840325645009,4.2389055513118725,4.2510872925952885,4.143912770990062,4.174685344776076,5.835378339795348,6.085639521956256,5.636841567725076,5.4054368023101516,5.301588900890189,6.021082016101316,5.370235064609105,6.029632481562145,4.919702245667593,4.159465279421236,5.826725605338476,6.308055504027191,4.485053778846731,4.514406267179297,3.0897724502335784,NA,4.3106470263734735,3.8027478166253927,3.911453673129794,3.719640473335295,4.553893755235599,7.624845723335313,5.940935174494684,7.88758441913117,6.289960346886299,6.080801953492746,5.255437868151285,5.640541711520984,3.0742327292026066,3.743789276120688,5.085013521858887,5.272204178250446,5.037278897612902,5.1332152407405935,7.1964846562090745,5.850502503829053,5.298039747975507,4.432565238779211,3.352476286702699,5.171838643064706,6.430455719809335,6.210140442817289,4.0588073973144905,3.902694278731755,3.6986237550757535,3.9078483500383254,NA,4.809681161066648,5.543988058111974,4.177038886025604,NA,4.24860434505398,5.546825420617317,5.116891301243979,4.816760616164918,5.680850968949777,5.209632132252981,5.5524614120234705,5.574018865907543,5.487807747934124,7.703164989038474,6.519039400409593,3.5898912427093954,3.0998511095954013,4.7045801781934165,4.219581836609982,4.364267166748608,4.298681707992078,5.029886794012047,5.368094564994603,5.217021306707294,4.496340753269276,4.609797363630589,5.428901392625437,5.4379635075744055,5.427501903215021,6.474951959178285,4.714677714321583,4.51903300302587,5.168405460018346,5.256927810563522,5.456956546596488,5.266770988066313,5.602770593213533,6.316018392639343,4.61991561828214,3.955605111682785,4.513154592631745,7.370206922069964,5.450999405145129,5.012113279127881,4.7015996197457355,6.4314059154515935,3.883817343687718,7.11908192631054,7.891346303737001,5.996040441958629,4.4881738486316225,4.067740735213975,4.823035884273004,2.9496731799718767,2.92777839421095,4.615822242690502,3.9648313840943468,4.322310240246937,5.304268955064578,4.543623999793089,NA
Aug 2022,5.924103673992717,4.479613586518317,4.562607732826042,4.25036652849737,4.289151478690377,4.142676821154632,4.367190801424248,4.659980960214169,4.466550674664899,5.735512979461122,4.886174254138011,3.407334253158411,NA,3.5902547124932718,3.779723635079108,3.4024289669563452,5.324165544139304,5.1793426464714045,5.184259893710343,4.222006885690005,4.030771925967383,7.47540875073463,5.646754412277299,5.788772564273486,6.308880376087752,7.088067593255744,3.9804332672194778,4.059684398202998,3.6946319910441554,5.456030365752878,4.619590053376737,4.238784388767071,4.276932880527577,4.341373828564091,4.107452757082036,4.22333608674632,5.793110638334495,6.209193665738474,5.626316960797434,5.380074926627109,5.342774676213141,6.012199157830929,5.548620306706692,6.094098336328987,4.821562330315673,4.21387210276407,5.751490567338781,6.2884940743710835,4.612906099504757,4.674376926897559,3.1202575958340217,NA,4.331168622593132,3.8862149215489956,3.9635673309910278,3.7044430792778207,4.578020158461927,7.498641042453171,6.06389701166133,8.004988306148714,6.281160126992612,6.129429764056152,5.288227638713519,5.822011847635474,3.077181204183702,3.6742185451818323,5.197079782020533,5.316472139450804,5.090881751188961,5.192938274727333,6.973289699633445,6.020897421983572,5.325769412525335,4.396995233419444,3.3152029439628414,5.229068455372957,6.41377777694738,6.159137759007907,4.10070714235618,3.867637022306671,3.7132321762618954,3.82776356491722,NA,4.901471163056652,5.207874002583606,4.262039095596881,NA,4.332247697066606,5.574703862976837,5.2324142953209565,4.8583212125857145,5.745640779663971,5.196385048088413,5.603707706399384,5.635450931899864,5.329373650056767,7.574082471039531,6.387584522201205,3.629579461587197,3.038222816449146,4.814017482795813,4.293686811732194,4.285362668358699,4.313733656947601,5.0740400930579295,5.44093326232659,5.238845366267163,4.338894353854801,4.779351520441105,5.506690460807398,5.461028844144661,5.401768828732977,6.428169598720598,4.6972366702291275,4.628623297890112,5.175150189484164,5.140866743384116,5.454374273443449,5.356319874949218,5.724521931314758,6.3324102897348675,4.706255526022215,3.905506898482117,4.615191538083022,7.574208013854025,5.486232250923799,5.014396552877555,4.579523295683221,6.60939151029801,3.8538735132104693,7.291707922872998,7.778540409424656,6.145918349127099,4.401221186854365,4.132908999827897,4.81956871556624,2.9272826716072378,2.935445324855143,4.525679415494883,3.8956306316803415,4.388596894812994,5.351177247317185,4.6555773360903645,NA
Sep 2022,5.939145270824695,4.424086090436821,4.55044899008377,4.218437483332763,4.229536168589375,4.161258466018284,4.433441995121056,4.712342938429552,4.481807778651549,5.725215631656125,5.056607153842392,3.519918322794104,NA,3.558246847214576,3.79041190748838,3.4528246930259465,5.349308078827346,5.141590067362273,5.2613462920556,4.326859492083469,4.085797219611402,7.730578014628883,5.625271354452186,5.811475052120574,6.210296037184094,7.31149960201352,4.0856635857248715,4.099877944132936,3.7988658918455855,5.517826779578525,4.61573481201164,4.164588495004878,4.404312907104556,4.303363886436266,4.141893521789026,4.193017754451131,5.798689052392771,6.111378143051088,5.665884305620961,5.49576670398251,5.475429450803516,6.227511235776112,5.5157838389613225,6.029205621186959,4.972236388140994,4.296240821318411,5.885938460331523,6.339561676618096,4.51134667168585,4.593988985436132,3.150054704459404,NA,4.382132243783276,3.916117074429243,3.976913271226569,3.782318782259761,4.644040967342784,7.399706168259354,5.802445911211825,7.980649287690212,6.165733807604787,6.179835288189731,5.26983447121543,5.86998003477191,3.0217774607364714,3.7623548243998566,5.096855891132564,5.344390234503534,5.1172276426152665,5.14060976228398,7.137433458409219,6.082513222880171,5.394662398511708,4.489027970804754,3.3399924620471158,5.3207378876261515,6.501492149184128,6.285046026805484,4.0090907158603395,3.7791376452382384,3.6952758548755877,3.8979233039959067,NA,4.951227080935195,5.4734063365084635,4.179138326576209,NA,4.38219810569342,5.775893861874986,5.278633212818216,4.870998984622284,5.884786162663866,5.263719911784036,5.690810800576934,5.587368663219614,5.252090885060008,7.486656148112241,6.326490133978662,3.633187671377199,3.1031060862395132,4.7992821948455076,4.2538356906001935,4.387992412050799,4.300731098606884,5.185295590335769,5.54489030908178,5.307485737290867,4.480576816688304,4.7253325620657725,5.4171156551005515,5.521054287323038,5.7572936186283075,6.604062449584359,4.752275710395466,4.635840077970359,5.135980129797279,5.127332234007804,5.554065828456747,5.359522457141238,5.434066590423778,6.470418040693829,4.713428354989846,4.0943951473625315,4.606792085664379,7.367516773349222,5.5300117808667295,5.0985060111714615,4.61267284154871,6.453923017304723,3.820998375060282,7.141090782028812,7.7603216686881265,6.061645328619522,4.494220473074581,4.202925815850851,4.598872863684396,2.913681317645997,2.9318509200289653,4.463138101740586,3.8958079653792392,4.3779162209047495,5.260625132657643,4.564668342596096,NA
Oct 2022,6.000871534290954,4.5418881992008,4.595004149613984,4.310925380769019,4.104947893720947,3.9389500943486424,4.425755059290483,4.733444819614947,4.394363930071755,5.779282696688628,4.950912915422843,3.440126893414675,NA,3.59560208679751,3.731046333721592,3.489335987522515,5.439208248627305,5.143821995158732,5.213458598998964,4.361250092106398,4.168023145190718,7.4272369757800325,5.679279685547336,5.859928051514466,6.33362712978655,7.3538048783944054,4.143850687110801,4.131986992098458,3.843431934347427,5.528970779649324,4.740367694709082,4.029168750619561,4.387610381410624,4.329894211042384,4.189545952184546,4.291626432736252,5.827038895514385,6.1510569969717315,5.774910832879403,5.4151829555663245,5.435549658034702,6.207772497431932,5.68519446653583,6.06267671135785,5.027376125324113,4.351557732309566,5.792729586553391,6.59441159037879,4.600837731836096,4.75293381181103,3.1709492582655323,NA,4.38656350160543,3.938372089724834,4.020729870999371,3.777140124438755,4.634570850240397,7.447266750747772,5.910110539219052,7.963181336307114,6.225415434182367,5.997330405443701,5.358558422374015,5.837987701154436,3.1861688461500672,3.820029508063346,5.1934689662355575,5.304511854673264,5.085445645160181,5.184078137330398,7.0098254428198405,5.966756378537036,5.339919649077085,4.4127013302628715,3.29172826229569,5.328308870211621,6.427104621254595,6.277740886746236,3.975024069430187,3.8132227632311873,3.785721381687492,3.924355619564309,NA,4.928359710052815,5.4268766719575705,4.273955707799458,NA,4.441620795349659,5.580989168015286,5.118392749731061,4.918078550841922,5.843645949469306,5.307222191326656,5.663103676072702,5.593805062702111,5.380699971155222,7.5542930524924,6.462077550137179,3.7007185200972526,3.087139496083039,4.738694905464089,4.252494292156486,4.340032201725798,4.295779177226813,5.177198036558809,5.590419497545472,5.292147354463185,4.540392828700972,4.774771271360542,5.476038904228725,5.472754690245516,5.553846306808037,6.3547308156277875,4.583521779640775,4.649099887523911,5.217577377973376,4.9598291229653055,5.4696360550448135,5.405829881597257,5.735266123082058,6.543534794208382,4.767843221548343,4.06967991185532,4.681740051205071,7.445816432689558,5.572989394172567,5.07432150252409,4.713425880073644,6.264137016986875,3.833904001747576,7.086407800008943,7.800836707351939,6.056449879625256,4.415428524684492,4.126502954758428,4.726663775380823,2.94163663120711,2.968625998159376,4.59164846398045,3.9887495515932616,4.129813743380649,5.318749011790774,4.558497747463906,NA
Nov 2022,5.893442939963422,4.58267015564683,4.661515887276978,4.32942082081556,4.03195605314074,3.9768013617873565,4.41591881347346,4.772980053380018,4.580426874259996,5.819958871706476,4.945624447948198,3.4643900275480473,NA,3.49942284509141,3.7880140310770276,3.506431321298253,5.46109032960572,5.192424932760031,5.255327450815309,4.329552943194959,4.1181674244230155,7.644363603254481,5.679093260643147,5.8269766889346375,6.446933873456853,7.247034941586457,3.991372515075775,3.9907017431942258,3.8194306342377544,5.534403765593294,4.686437024922578,4.160725667234118,4.2644974395069415,4.419700379278122,4.062977944273535,4.278794809718159,5.863106203135144,6.107688405784509,5.603032004215995,5.537932842787608,5.41275013713218,6.180284899386912,5.554779853026209,6.089999922632562,5.1044361838982075,4.207871625380332,5.923832807161594,6.420459081821962,4.478001928531362,4.699878766228815,3.14776489982429,NA,4.378897183490164,3.981176537527305,4.026530606479945,3.6945279590895215,4.663687280465186,7.391914513750819,6.006155602781153,7.874895342070484,6.049338921806908,6.188841724572429,5.287572185397887,5.820605412940513,3.213935240313834,3.8352635701337463,5.152770060339087,5.353083814606735,5.049948442977003,5.200964469149292,7.206240950714729,5.954228330940594,5.290039743683454,4.492772621142576,3.268742616725818,5.326593492132803,6.477513530153154,6.156129580962402,4.1904531330808545,3.7474724440891483,3.8066840319596182,3.885445929541613,NA,4.9822408665433855,5.4906818178487775,4.129418219051699,NA,4.423202051123561,5.602793994372675,5.069808305098084,4.86707324484863,5.866043793283374,5.207387912156543,5.589143998258938,5.74888940361096,5.289060829041739,7.573337169654745,6.176526383655627,3.621128108950026,2.973288987892449,4.856901617536079,4.264841922149241,4.3981051377389395,4.308100866188474,5.11588029075898,5.529417316278021,5.30840501273195,4.526881471227194,4.703849522379082,5.542433679504121,5.485245756824447,5.5232578201740585,6.18835354928961,4.622253464320216,4.547374286272316,5.274479703290102,5.038315907596203,5.424184640629729,5.4237828662901215,5.618836851275489,6.534079298236258,4.768641329060886,4.05116867542197,4.627555958366689,7.375010510470402,5.538644503861828,5.082511405085555,4.679308779321169,6.268001588211968,3.9825484301439857,7.185846133012805,7.755545677429664,5.892953049470307,4.5120250365074535,4.187504566841867,4.460918711337935,2.9320707757820843,2.9660985793504864,4.403503309924428,3.889945831682343,4.131936322734347,5.239615536872184,4.534055084656888,NA
Dec 2022,5.909413350260405,4.549054874683656,4.51946339487019,4.483845672198287,4.11878751106904,4.077395634968387,4.446231222016466,4.7851025251165185,4.52703654365468,5.768930579363774,4.935789283913801,3.4950815906247774,NA,3.4770805072289077,3.7928256380562955,3.4458472939760347,5.381156968174345,5.262383085116209,5.192771543687104,4.396973597893369,4.170463787317007,7.454279221141602,5.691794352870816,5.732390229551606,6.301046332592039,7.1753263331098855,4.037023403727565,4.023674287439225,3.9098327744788635,5.532341725451192,4.678346305381314,4.128803577684495,4.3013628554555305,4.397983595944481,4.116705423748299,4.259050560165877,5.833102571103114,6.138443767646859,5.666530763943907,5.421145305376345,5.384757081606063,6.091917527780115,5.4664901171176385,6.135604728993346,4.916323417827718,4.264174425814827,5.883202720681021,6.385658997969862,4.452152052581579,4.725783042559172,3.117154563364866,NA,4.362076052788864,3.895704106877225,3.9873035350468946,3.6991102644266407,4.589451957003873,7.3402111891953234,5.891018284989344,8.122672545599213,6.079186871106101,5.718377438821066,5.260243360934117,5.773648478712988,3.0569093075638163,3.63938065026058,5.181951634747349,5.3693051952844515,5.140703581181398,5.198401084573429,6.944511704006475,5.95167693162673,5.348297000250442,4.5778305703337505,3.273896417912145,5.289143993236876,6.447616314993891,6.172119958963415,4.149108002037946,3.883976457973122,3.753668174681344,4.063941068962201,NA,4.951902198631625,5.307451840378745,4.123429769741781,NA,4.37377979457645,5.557210084129598,5.271657592796689,4.806675101523226,5.798171162506267,5.2769649964052325,5.609565200296232,5.6165686958363725,5.22008041954198,7.187275683138413,6.443828047287091,3.599769021568506,3.035299618935258,4.76426691106188,4.276065200650626,4.515597403951181,4.4020895394908965,5.2216083888017,5.486975098464273,5.327573821673339,4.509906968115352,4.5502483941551475,5.5310348235994455,5.572278877330678,5.705649624764109,6.336159673649183,4.684387705192781,4.543823491358184,5.239556983386349,4.884214390976064,5.379933853894353,5.448364197151795,5.619694540356203,6.5163286863809535,4.799570225611664,4.067500952290089,4.63897125559458,7.570331329625345,5.538582135287384,5.046718608160376,4.660201404464331,6.143315624422683,3.8571717583251055,7.085401443833645,7.728825199076176,5.770010940418808,4.502378318026144,4.040656629059162,4.703433984894948,2.955005775623541,2.990054189409534,4.521053886674199,3.959828314154175,4.059268265433082,5.305937235295317,4.561269004917539,NA
Jan 2023,5.902830883081043,4.458341077498294,4.629001633239287,4.310116704624943,4.210321232347111,3.981929195226664,4.400955986343824,4.685753153408738,4.4605006622924694,5.734276427169323,4.88003495804024,3.35039000375151,NA,3.5007780711848944,3.7142777597645327,3.411003857861895,5.341094624275605,5.27077872665609,5.25742722400964,4.247290734672224,4.040269425289991,7.434823482371761,5.6289737053311,5.734074592533559,6.204827446275567,7.220184591455129,4.0156586832526315,4.013777235678396,3.744043675580899,5.515507401806482,4.542709696711881,4.0762225203576845,4.1907554057311565,4.3776132885612205,4.195668470084781,4.232456608021137,5.721754384770314,6.130469860007271,5.60149720132521,5.314603597998104,5.312892268421723,6.061399571174607,5.500899261521478,6.03303842155576,4.953251791776769,4.2777976819856045,5.855345504055566,6.4274982404036844,4.272803891197172,4.6650334614819275,3.143434409803965,NA,4.302121729756004,3.9731820639319024,3.982869804712784,3.734667678734627,4.630587957278045,7.4200334357937745,5.852776489197958,7.901195669407602,5.7790206752772395,5.76701253968189,5.273628881639305,5.730298558267312,3.0641280627930603,3.7096481057118713,5.163791212661462,5.258700206258098,5.04932799071911,5.181115071910774,NA,5.853804454104931,5.399756957883899,4.432041433075982,3.352525908023556,5.28245520054944,6.421417312046231,6.369760946090334,3.985276278527743,3.702614273364763,3.7899364546917984,4.202699544427262,NA,4.972811134022058,5.3992334347571145,4.204834766092196,NA,4.314528786399983,5.5925800022493775,5.230407972482539,4.7514995402040245,5.948042038489659,5.187883174669265,5.588846325952975,5.70942192521592,5.355372945528138,7.351295691468339,6.508428509453511,3.679108872305009,2.9384236336040703,4.782189709455059,4.268696587753723,4.4755004419710565,4.568368722688692,5.085894166589765,5.535488564703939,5.3230345616324195,4.5889363569543296,4.5894362452028705,5.4201628912589035,5.390824715907891,5.840915060391101,6.53692423605863,4.5131177649819945,4.497462792081496,5.139731888785785,5.099077690658318,5.421814363303665,5.3550705021770835,5.731100956397054,6.3672683475430585,4.621565905255563,4.081682521788453,4.500449585818302,7.2121206161189875,5.572115263707779,5.021497222326845,4.660778274648972,6.248825455712772,3.962717474754739,6.952025839332224,7.599802607883316,5.808046562018357,4.534317105338778,3.9746602991670175,4.799426855703845,2.8948510424387006,2.9986420469325403,4.569260985586301,3.9445429394333065,4.227719461648827,5.341472880787762,4.66001235549832,NA
Feb 2023,5.849690372166443,4.54248350364495,4.508469471669384,4.353432347973379,4.0408288416715425,3.817926710235708,4.351037985681304,4.683488623331464,4.511340383845296,5.642070882407873,4.88771326359996,3.541464114513013,NA,3.4817683231489163,3.818983914048431,3.30307385689063,5.238923438676994,5.112636745870136,5.1563375222853365,4.378235140808915,4.074093956079209,7.388691217679916,5.447906417361652,5.763454569387195,6.164685804276129,7.096344664749598,3.9694179486442462,3.983155147596375,3.806856325506949,5.47634684088035,4.6311280423338435,4.00620834525258,4.299521580522224,4.370443170888453,4.201851804327048,4.176719450407257,5.724643628463581,5.9896019303723484,5.603505613115969,5.4380755027789505,5.281720607606471,5.884957301148042,5.348844611468983,5.999672135980725,4.915423846868561,4.141386133305981,5.8087743665460225,6.348239492269593,4.537956123723477,4.594749132288251,3.1021174080654514,NA,4.330767941057269,3.8907921453089123,3.952112825146061,3.6457265173940696,4.560265972605049,7.386690582973708,5.7696269732246135,7.737513358782211,5.946258214315133,5.759845806283122,5.215458433293249,5.6698540076253785,3.1618493005215957,3.575758502900787,5.1307358829704786,5.208041610722465,5.041255442217071,5.1626595127458375,NA,5.737632750941361,5.308522518923924,4.45912969707568,3.397950227427014,5.263311210001436,6.443822829326941,6.09751350007808,4.097218300586543,3.888914288642948,3.6912133965799643,3.923650696888784,NA,4.840478635339476,5.207981621302105,3.955528713433043,NA,4.398908586652032,5.523912050832071,5.130718276872295,4.808345270611763,5.83182205398469,5.263092076547773,5.552855216681493,5.633020501239764,5.341830609429872,7.40612922475558,6.487073450430435,3.694750986968794,2.84752964132972,4.762119694406353,4.207514475992524,4.387882092626973,4.5026644360200425,5.108699049332284,5.519561994660459,5.204426129134472,4.498598061502354,4.5939371282723664,5.4452689137165144,5.311763408130668,5.470693240102049,6.4167230685423435,4.795853873384177,4.387981602270846,5.115113051109396,5.143726362988198,5.274053309352892,5.278858326561205,5.537961818881091,6.312458618779863,4.604039977797854,3.8567362800767806,4.459078320328519,7.39572485737247,5.531663419650267,4.874305515837084,4.666921953952498,6.47713654302832,3.8526168110240055,6.95775420264468,7.591925789295686,5.695963082686922,4.439889098482136,4.108948345467043,4.792605943880362,2.8189897813319233,2.943127575621336,4.559061665992878,3.7893023978734477,4.29366126565365,5.209391786873594,4.493386055098976,NA
Mar 2023,5.779903860204001,4.470692584361794,4.541543887890021,4.21836972434704,4.281221359894632,4.158222497392277,4.308191953840854,4.611860776984912,4.5123240096222395,5.595821759500546,4.78537252212215,3.3491942469806837,NA,3.5431711163470934,3.6807137795504308,3.2952354505374775,5.168745913644403,5.021901147354384,5.097095342555633,4.292542355360266,4.007231663116387,7.335924261851975,5.501666531930289,5.639064020018937,6.269957516624509,7.118056392998846,4.001693918466016,4.023427653034049,3.6898516963497086,5.390782784916815,4.648960729158202,4.191473231799248,4.126789667248,4.250938302390146,4.094420071347198,4.068735184230986,5.72440328217427,6.107897138638195,5.5386668491635564,5.188122439265165,5.29154689708033,5.734434925954529,5.4753847096955965,5.866571970671928,4.9296848201066865,4.213496864196838,5.636477751538381,6.308638449747066,4.483757265026425,4.560009192372775,3.0160974020263427,NA,4.197693531345293,3.794809358599566,3.9499369786965763,3.6625919259073827,4.484094450739989,7.187224979307357,5.671146388303877,7.760054373393633,5.977084734889117,5.733653413016561,5.161489540840359,5.697277225131954,3.2056516950312655,3.7343764866121822,5.076488749895913,5.246007663474432,5.023468811756831,5.069693693257085,NA,5.842511210155256,5.206094636900109,4.353980456085038,3.274114520151919,5.24841901466971,6.461548562786251,6.0994211081309455,4.140114413797151,3.867351903932885,3.7726174289564356,3.85473979646735,NA,4.863740421830715,5.2771270056317565,4.074513006515805,NA,4.207801630407958,5.38093289672933,5.124714794794275,4.617245306668531,5.632000134376012,5.114315253451917,5.545570899729811,5.5292990365825485,5.4839357451881146,7.532655529671922,6.629561595202279,3.54409302485325,2.997571943960393,4.7049700055415276,4.177020428117676,4.3096381224083284,4.354578066095375,5.025750486399049,5.335749342082155,5.249875208934327,4.488612808117262,4.645526680461642,5.45330170245092,5.483306995169714,5.582207496398153,6.366882144171216,4.708154879604999,4.375316895856695,5.032652717947119,5.029753086975976,5.256452535325784,5.292925231910738,5.642076249954283,6.3662137226524225,4.584624782252006,3.9140209770958476,4.68221631780601,7.203680384769134,5.391576074387721,4.864253052588327,4.674737384333092,6.144238782456066,3.909061496464531,7.023702812172994,7.5198221964126795,5.692344078409084,4.329954665992308,4.134629993286503,4.719340329793115,2.950234400614338,2.926786149880496,4.513808106789118,3.8445302719646604,4.166400001787809,5.40628045448867,4.4883658422015715,NA
Apr 2023,5.7920057515629555,4.455330662368667,4.468272032696369,4.24632297692019,4.161489777091902,4.1560230839054135,4.3829254318989515,4.583369692931519,4.468041324088554,5.56505899889717,4.8505307295276126,3.3608473731861266,NA,3.548403130238787,3.76119533564338,3.4650765787519098,5.266639520347615,5.115290465756797,5.114282970037415,4.399549369772458,3.980097384232432,7.382436562698716,5.5084398308011515,5.555156580378559,6.187757192710869,7.109440872730256,4.012006556333724,3.9695848183261373,3.671656745123577,5.380559782379434,4.574117852560715,4.062713065640017,4.319084532040443,4.3709727243009056,4.050781351511844,4.274533454381362,5.7015205540143095,5.771678485112643,5.525715841498303,5.24414124116872,5.2074934386601095,5.812441706421889,5.2836216684144555,6.029683713316895,4.91060251954485,4.143713167509428,5.702485650578933,6.438748889960416,4.4232691479864155,4.704534429483683,3.069613723187077,NA,4.306733805075021,3.9110495349266,3.889995527549855,3.747639857829043,4.506945965084978,7.129864760387437,5.990531066683635,7.857969064422132,6.22675058376656,5.792764775679118,5.15489216980183,5.608678358713399,3.1195521791793377,3.555393904908347,5.036055406464701,5.163487295672021,4.922893337257073,5.0571068100389365,NA,5.670504666385421,5.276304279994808,4.344699383525245,3.348756147950139,5.157757151298069,6.439583497148159,6.094745840596953,4.098627993361909,3.8027701161045204,3.71079471325231,3.8966806908881066,NA,4.917753977809423,5.564902664226791,4.054308931864615,NA,4.21994986190818,5.292554629883853,5.108872820654352,4.791980499559068,5.617600145723919,5.0097596181171244,5.46308855291888,5.812945375587803,5.219579249741949,7.346594757921537,6.71474996707508,3.657262481889171,3.118145722872098,4.727827947299883,4.145856946686663,4.330522231038834,4.36208731896444,5.120277106288639,5.421495677724782,5.251959917438503,4.36229372800152,4.664729005781056,5.299912677733915,5.418560735218778,5.34255536879496,6.537402296459427,4.8742365817737285,4.386562874719789,5.076635563166041,5.0988338926911245,5.2693946596512955,5.240564476284631,5.554570521255423,6.424987835584925,4.625238073256572,4.031694436618531,4.479932732835677,7.143731077541489,5.420544199739455,4.89766993291568,4.517602292357066,6.388589667305561,3.8553975490122965,6.820632018281441,7.5397889944762575,5.77808673200634,4.399738162900041,4.1001562884176455,4.721860739303971,2.969430325834272,2.879656410234644,4.477217978802246,3.9924249218686816,4.173268886251582,5.35376767947087,4.447113807674797,NA
May 2023,5.789866136218803,4.516868212533145,4.401838772611176,4.303469247166258,4.247782429031777,4.162529498837268,4.3378983306830445,4.673641776696682,4.548436760248216,5.5623788514568115,4.8350816701693935,3.4902678976408765,NA,3.429740906500951,3.7199063533927132,3.3760190061462914,5.143643888784317,5.093516736947916,5.159455470477594,4.3718216402720955,4.076975641834908,7.356352462846665,5.381695037607534,5.623714442936243,6.083620878288261,7.097284573970054,4.0171021349598375,4.0777240961270005,3.7068947661306244,5.415427752503043,4.645451999468723,4.198218921567497,4.294656600925728,4.3259890481364,4.081161453682901,4.253902305892897,5.787515127082785,5.736255817193911,5.416610562423031,5.201231232842084,5.2718342298644805,5.757359415364329,5.320037673132827,5.919689745884116,4.765539252832943,4.2319340095251645,5.60829197426774,6.265411531667375,4.476054415717466,4.713103307834339,3.0275945028746567,NA,4.210127742371321,3.835098235634149,3.921646047643552,3.653702785793551,4.530979368235666,7.164657697005553,5.761160259342723,7.842821968320332,6.157436705162207,5.9730737857713905,5.123430512752009,5.662850557179618,3.1362133937817998,3.7066071966456846,5.127938418967347,5.1537195238157505,4.960367598325131,4.976215189232192,NA,5.846988946878749,5.177218342821442,4.370171244840481,3.4187178638009437,5.192379083684349,6.418289681486196,6.112332234266562,3.9896363619853688,3.9104765272001627,3.766087057290022,3.933117241154739,NA,4.8639147168447145,5.565835882866297,4.333150003952972,NA,4.32848446385209,5.556860051837903,5.1115050034299125,4.823808290548842,5.79989107094442,5.2198381359302966,5.416035101483303,5.593643659453981,5.4195770391617915,7.1043631288097,6.473749071655136,3.7041741529609267,3.168398034493417,4.671376147231881,4.200985470783858,4.3650307716748324,4.509893131540318,4.97358293936138,5.220413515434245,5.192560315599918,4.3987866659614605,4.575756970070381,5.314771304277499,5.228744228358064,NA,6.265439092569354,4.667351059639632,4.475015224880346,5.098813262344661,5.023104204331615,5.483059874513781,5.349158396220216,5.6944185941651195,6.3099773718466565,4.580116627120327,3.949663253256052,4.453729511937538,7.140659667120339,5.450843517439805,4.911407340217438,4.655966166272906,6.32619776852857,3.846233743143628,7.255646119575183,7.788024043418233,5.889533651920441,4.511300152404733,4.1655350796344,4.757985643750454,2.9609162634740387,2.8709215182914125,4.5777846343133355,3.959125640150646,4.316594428452733,5.422792114601753,4.452485542474008,NA
Jun 2023,5.819166344494024,4.511748415844937,4.4522625615168625,4.139020797248061,4.270440707834088,4.079400698079418,4.402186210284908,4.622384315369501,4.730044242268862,5.616677273859452,4.867149308920927,3.467824309429271,NA,3.5586232574331373,3.769693821420738,3.4216723205502273,5.359900083051741,5.045666809537274,5.141139204911784,4.272670251340824,4.1052800246404875,7.298209448885156,5.594836599613549,5.60506784178619,6.254811328000955,7.10215261223712,4.070177610845276,4.039854622311264,3.773478623123275,5.401173124813563,4.631827747984829,4.081896714826218,4.2762887580806614,4.3549525385980346,4.201933749785895,4.228318223956496,5.7526733812678605,5.800677938386816,5.618817931075001,5.312438340895819,5.220189891863317,5.804074113881503,5.385140225492524,5.9821872273698125,4.918621363968134,4.2152131518417,5.698320363492295,6.318732656532014,4.523728009923305,4.69359583835489,3.1880794898281706,NA,4.270064065005884,3.8824507288731236,3.967988131916062,3.6674534053185424,4.491631767616643,7.362658211550908,5.726414095970356,7.526847014624045,5.903868331564323,5.999239900632769,5.194249428615028,5.77996258125618,3.103573118462939,3.7407536615969463,5.032761945030553,5.198647778423082,5.033202509183799,5.089492318583113,NA,5.7554444753023715,5.302660713095778,4.520324432837732,3.3239676933086315,5.182938966777122,6.425355760044164,6.431019270551807,4.130434091044878,3.710137028174135,3.729281597772721,3.889319202029379,NA,4.858943417243989,5.267797168557813,4.278424390419446,NA,4.331498966817668,5.664693266754496,5.207092986609814,4.82373014851263,5.748427757641664,5.138736936016431,5.4958788677745725,5.531573257423058,5.323529205996959,7.551501904302494,6.612993264372235,3.6199219596895595,3.0786063947979736,4.792092345996212,4.186207284694926,4.385698077068639,4.443022784184776,4.96223602566882,5.345537221704119,5.245859568455956,4.52257040003733,4.626661090930011,5.376359811025221,5.3769677248663434,NA,6.399115019002634,4.596652093499558,4.660781765302034,5.079781046941484,4.899595948754418,5.307462008448502,5.232902306318354,5.68126224217956,6.312922177579128,4.584752011456514,4.002255742128982,4.578685844114747,7.348696541937055,5.4948413497613595,4.9695845737104465,4.61183535565327,6.288389373590326,3.906284649497197,6.927111012061766,7.782574805074245,5.882238756914324,4.428816130838878,4.2091639776846,4.620613198446059,2.935152616804133,2.9171551301119556,4.533846607942933,3.948410537562443,4.20901293001161,5.447254648188455,4.532035173859205,NA
Jul 2023,5.899300873744836,4.565885480667781,4.5403128079943285,4.464912332915289,4.24445442518093,4.093461647455195,4.415643309628115,4.688508965607713,4.483620121496392,5.639020103470813,4.926478777558409,3.5106263388309915,NA,3.575483383897739,3.759950742937257,3.4374247163447342,5.312818499734004,5.133703287234178,5.3040542316106265,4.356954423996621,4.080886250736198,7.301280761056279,5.442965557493229,5.743012706217719,6.289148229441579,7.091940846825452,4.022077522433109,4.131086018518617,3.7592090425439544,5.411507220472754,4.613202633840039,4.205066299987059,4.410843105699214,4.347832623043082,4.124314201489727,4.124724985306554,5.765282365000046,6.000282775990475,5.511418446395414,5.352893904684624,5.258470128327795,5.898800058248806,5.40346326286365,5.914523791331131,5.050222117160529,4.305909604531096,5.682120071934952,6.372853952804239,4.477830104115231,4.669406098070462,3.0683948647752692,NA,4.332730091185488,3.9021323242578507,4.032614440762314,3.678910900262181,4.539244373027417,7.376848876130292,5.649103908890708,7.655644745619827,6.211136613838892,5.842355875202206,5.188508029022839,5.766911697487642,3.1081017279445526,3.7359849837923447,5.119916880145751,5.211813198738407,5.018753292327613,5.14329010237413,NA,5.786587565089426,5.255414200398929,4.538767574418195,3.326424854354681,5.141763787547817,6.497192974780043,6.198612045010821,4.18381068646047,3.861708210435223,3.7538218918193373,4.047800278160443,NA,4.861961763953863,5.207005009544348,4.244302899446973,NA,4.437099721941468,5.587824995574863,5.133202694074725,4.761458802288732,5.638938200607606,5.267517583498124,5.672772810590171,5.601963190671821,5.351585129470331,7.582538149660065,6.440530184114365,3.691063198672836,3.090155060453098,4.736832670216209,4.25922793453326,4.432780995177992,4.398263107977822,5.013699473417894,5.19105729368273,5.1968507009401685,4.400560693612989,4.596552054240567,5.420435082951994,5.45615010934098,NA,6.474743312174373,4.487267198490221,4.52590717057767,5.187199612132022,5.022445121045876,5.290215189870986,5.306163149060836,5.9348618534127136,6.289705279738004,4.813424096734129,3.996971979666212,4.663824671164539,7.403349413684235,5.483658077038449,4.921278841144517,4.549692010934047,6.375040249605015,3.888942926053281,7.003831645283791,7.587512242124009,5.890542175420314,4.445285466618526,4.192915867027307,4.650801792535063,2.978695416726297,2.8597521372447243,4.440901813438366,3.944149256855737,4.056520113453466,5.489894754586658,4.6231021463303845,NA
Aug 2023,5.866368504653844,4.522768973884354,4.546302647575699,4.3329724626055235,4.231961689344551,4.135714793025372,4.4335531100609105,4.723513037658055,4.38574213718872,5.638465836319699,4.9292115964199485,3.4200194065991645,NA,3.5604610334482034,3.849494260577791,3.5047249825846114,5.28809747051401,5.119706695145388,5.189918093017423,4.389342846110144,4.12456188992341,7.460525403315219,5.451142253436984,5.740638778492819,6.249625862282987,7.122795065564452,4.053521873884255,4.023333699818578,3.8517415688885777,5.44967968393751,4.708836017129449,4.242679880873009,4.354638416506717,4.421926054731069,4.213960585412045,4.356656713212854,5.731062225423025,5.889583666846979,5.543542103423409,5.275269371799898,5.309851647508655,5.969045358577295,5.568867971956266,5.88095043582286,4.9848886873213285,4.267771089401157,5.611658798255234,6.371811488100727,4.584512213047085,4.60678264051476,3.171468723524853,NA,4.386217941855366,3.9307745287226883,3.962061694103639,3.796807187289625,4.577637947874146,7.4604717405354375,5.679190978594594,7.916582308167585,6.1441384462040975,6.0076672582388255,5.208771058830507,5.876242910782555,3.170519446632283,3.7481452555226986,5.123700833351239,5.243487353831345,4.961656746254312,5.167905741431497,NA,5.949791135993247,5.283928584244146,4.384760471605729,3.3752669169754417,5.1485244226284035,6.416763907191697,6.269564238051467,4.070120392060632,3.855962617767969,3.696543529568135,3.999695012827787,NA,4.855707751602108,5.456070967777533,4.240002303800169,NA,4.36099446877839,5.589529279978232,5.321853992130598,4.933645631083336,5.622187242990854,5.2082053566324324,5.585891515644508,5.480953703370605,5.212158296803129,7.38524213299614,NA,3.6840818156916932,3.1185640912760517,4.812121842297171,4.235624913664622,4.417706778506213,4.419570077600126,5.020160227132161,5.309824215484726,5.205692272747558,4.474869023562645,4.708265922799606,5.345145934205993,5.294015789714202,NA,6.343926335028925,4.558546185582345,4.528434913823379,5.070708257916963,4.92051431183057,5.387333179489119,5.300902620493239,5.884052247030052,6.253947801128572,4.779055887430645,4.105566263443159,4.488136637002516,7.438888440090696,5.402909208227134,4.951625274816376,4.657488826497469,6.375482135508041,3.7489269046047005,7.098739849125433,7.654723949110698,5.7637733354389225,4.5464578946399925,4.368746380911046,4.655464681302024,2.8573368044405005,3.029715651655998,4.63277521708578,3.9877412676964483,4.1529469987411565,5.31440948345588,4.53050349810215,NA
Sep 2023,5.86906181840562,4.441566578497708,4.521345695636806,4.381941793603371,4.31804637332077,4.077763208592505,4.485371363059348,4.6545828218930305,4.2828706154133975,5.648352714247042,4.898234298357831,3.5302025361192655,NA,3.6119001300759956,3.799426115486896,3.443753800697591,5.228930574291128,5.21719193047271,5.1708206263579735,4.3174699205713924,4.053831229156504,7.477576192771918,5.392099809269897,5.68480886272549,6.252887437300866,7.3321425103539966,4.057243291821825,4.001309125403714,3.789158854904246,5.414800436907053,4.726190870197172,4.176638572768267,4.240049685224441,4.411993921375969,4.2420915528929335,4.221673632434051,5.822553176411788,6.013180763676712,5.5067389102210775,5.325153258177725,5.242118339769373,6.025608540317311,5.51124555593819,6.050076036320152,4.792610469010898,4.288159003135571,5.713711729341918,6.331071894481624,4.491863920929833,4.582441792907646,3.143361684710727,NA,4.2837752788375845,3.8653645471046025,3.9727656384376737,3.674443920429784,4.583516238698226,7.424251700495907,5.933315324243694,7.644831967730916,5.849911950631994,5.920167847983208,5.176045480348709,5.755775331895822,3.107627799284606,3.7552503446001295,5.11999620955435,5.202538592864647,4.962077189620282,5.1454417978662415,NA,6.030263310965803,5.194342505676429,4.455604046626887,3.431751912001461,5.218949158083077,6.358241197804427,6.186315572254963,4.166195103835338,3.686054863221826,3.787519428192694,4.003727633773432,NA,4.922410995577415,5.397698229325602,4.256280606897463,NA,4.447003186789356,5.555637496406829,5.173752960051839,4.891239394537613,5.769782812457241,5.126525913526106,5.556665517487525,5.593452351026724,5.2603948296206084,7.652807529704824,NA,3.6984910160066864,3.1163824460427247,4.778198875742144,4.32211812849709,4.391403606302815,4.32309750133352,5.013939014044155,5.359366877594135,5.244766928860724,4.50548785323865,4.647029109583994,5.324275562731986,5.300724353902238,NA,6.302559714996204,4.337501458828257,4.5640531872554915,5.097073472291812,4.98214661179329,5.3942436059937995,5.247496756100343,5.845982927691065,6.347574565074796,4.7540113248993965,4.10365399198005,4.646563740992978,7.30075913060124,5.386629178091933,5.054483563956623,4.60736995341435,6.190022824903797,3.8201910883117045,7.079092595882043,7.671866646116723,5.698887802202499,4.523619748496498,4.135627767211151,4.508366353061422,2.9119122109303186,2.995451549031369,4.484996775205994,3.970918970952102,4.2326402714217215,5.436775022635131,4.485631949673956,NA
Oct 2023,5.847927499526278,4.481263457835426,4.535342750162364,4.403313130770131,4.342299457263855,4.09328146575796,4.390183910431888,4.683867863182249,4.2376864949704185,5.624308967451013,4.865468930208672,3.4766441986041148,NA,3.493849314743035,3.8142233145316684,3.4718158874484732,5.251299433908133,5.1241060091554465,5.189599899451661,4.340113842925852,4.121968659600389,7.364281373833386,5.462546747545825,5.666705609444951,6.31183988600144,7.191456091117663,4.102966663860302,4.046749608649242,3.7011148229526505,5.461249907444515,4.687130278685559,4.14236783398638,4.219236849992023,4.319714907558525,4.147004838342633,4.2563293280021,5.667662827342526,5.847558481628314,5.560777833098452,5.251696022388741,5.225789982764598,5.766530362410203,5.555333327763544,5.860965182141023,4.9110675663179855,4.26770635803381,5.713413469246151,6.229859154936525,4.380631111040623,4.677445848457577,3.1300640653092335,NA,4.2930446002658496,3.9165680655302064,3.9487115197833638,3.6745054345236587,4.407274464136858,7.3096919680916645,5.770921078615845,7.953911602315732,5.836284211638607,5.842920235110423,5.243457234695836,5.856798916567695,3.2135582654850094,3.682314371276678,5.18250247666395,5.215237747907344,4.982793745489509,5.112172820016458,NA,5.9299346163943625,5.210772873814765,4.449130929039497,3.2808095833876347,5.11388101076145,6.299480486421865,6.18307209502685,4.037346743211287,3.9324050757107685,3.8566978512388412,3.952366254871025,NA,4.831840339534597,5.175698815996984,4.129554026696407,NA,4.385104159095881,5.713537462741294,5.084901568084325,4.870011887942565,5.722843311463811,5.217041233278671,5.5739192759276905,5.5328750650237,5.252318694549212,7.537774606814382,NA,3.724542010460954,3.106503511653603,4.778318147856742,4.295667406728938,4.44898590808229,4.409859817604477,4.985938288693742,5.135790047906974,5.2296509113386165,4.471450068041535,4.68011857671356,5.418288680964757,5.352457639747968,NA,6.352526648071303,4.603940558627869,4.524843958884429,5.115465763994058,4.762797340403065,5.290478323752112,5.265907668365096,5.766218641177079,6.259529524893745,4.764228315395999,4.153863753881884,4.5508531719936665,7.278798237860157,5.386291316807191,4.999797275091099,4.585885675342518,5.935854295277861,3.927453987432916,7.0309258147103195,7.590391525820394,5.916697480562983,4.504719227872785,4.220489719854549,4.3858458165520195,2.8997536053762123,2.9714468941279226,4.414442101083288,3.9142607112604724,4.32702260655358,5.456351081333533,4.39310591204812,NA
Nov 2023,5.723106435870862,4.438447851114658,4.482110241379297,4.497407407585072,4.068384170047378,3.9399153456197027,4.476574275513927,4.658729262491202,4.277189613654521,5.667526502398308,4.786811788137656,3.438099913070295,NA,3.5558114583371085,3.891021066902436,3.46291979644017,5.129154903832482,5.091416350058871,5.093409634412371,4.3917542910737515,4.189773923850905,7.357601743456412,5.324595516878138,5.627218242708984,6.171367693999582,7.25310722906449,4.032041577950699,4.191026245577173,3.882335300652307,5.403311496886212,4.621200209834743,4.205073568164566,4.342516295747171,4.307323861909409,3.9963578156713764,4.394062643853236,5.654699238685389,5.858597284359147,5.411486258078588,5.250914607347066,5.123443036186115,5.784890897650886,5.353006926756055,5.799016150208582,4.874193118555168,4.217758950538649,5.619144449543975,6.205279621582517,4.4536389993670875,4.628174882097112,3.129486248673304,NA,4.266885009958419,3.931626391112938,3.9333547285693924,3.636110324039572,4.502837112994635,7.177803949639791,5.873121686178488,7.761026693968032,5.819704152814243,5.8462967945997315,5.217555059239833,5.713843651289666,NA,3.737318037846018,5.131749830319931,5.181105331315599,4.9681502127044155,5.01782169043266,NA,5.766481214579018,5.235361657832632,4.4315608366154695,3.1450347820914644,5.087532320113093,6.2215040673555535,6.035588166292747,4.122929674207174,3.863830588834452,3.809417635930603,3.9935086327613973,NA,4.792206166060309,5.106096993144787,4.079447412706321,NA,4.387272803230935,5.565094841704362,5.101417421670875,4.8590028663746345,5.6544895388732295,5.16045463741445,5.55834567473099,5.525167141567346,5.437685223886495,7.340992788562888,NA,3.7011010276442717,2.9692463852322697,4.779486003059993,4.24797200767248,4.3789114399427485,4.522792330070876,4.92454087984793,5.307256112742408,5.159411858831356,4.480762217180378,4.527343474710486,5.510223462301541,5.360681682571825,NA,6.031617970980759,4.6440418205985,4.390784907873818,5.141455683146594,4.8786609899513,5.2345243970048765,5.171122597226533,NA,6.399438963065298,4.667264015552173,3.95313194455494,4.495845248013245,7.241734203568948,5.421304441025351,4.881041560412344,4.497889016757461,6.2198213211615805,3.7172380066118187,7.083137841460976,7.559113052941167,5.618673897418735,4.5278503952171825,4.1634496500820575,4.562751831530297,2.9805642177046754,2.8757832067962337,4.638270597413825,4.0199565163247435,4.238733658618,5.389025260875432,4.421209639956929,NA
Dec 2023,5.661114308214684,4.4766069387472704,4.507735890237769,4.30881965632514,4.254620821872837,4.06237910277851,4.355315513686679,4.618461793572184,4.296182146194255,5.611562827200899,4.804216954494905,3.5536381397337227,NA,3.658611851128734,3.8310214479821343,3.392934796491289,5.06884656681297,4.87358777019333,5.011487839988153,4.3280249035667815,4.147662107060492,7.332043810043748,5.336554703418019,5.564206371114667,5.998173356788493,7.208106571984711,4.107111274717332,4.164822955000108,3.7386227821806295,5.312632349247662,4.727645625257989,4.078089833764532,4.508986924944399,4.38728362989488,4.10686076863661,4.28615125125027,5.710745157371328,5.799784965324463,5.6968749702210735,5.144972717031324,5.193963054637276,5.8855292590745965,5.2941608341351545,5.677453553164384,4.802311862125469,4.256297148848685,5.691745308972172,6.256064298525739,4.406047101342583,4.666756920436599,3.187523390061741,NA,4.256097172369844,3.935967283482239,3.9173304314179958,3.6069883773169846,4.436861043839259,7.138965630710424,5.805866106980266,7.74730282985707,5.934508098875178,5.894154135948577,5.104742294558217,5.679815380854497,NA,3.6592646378393012,5.082114136077169,5.048637692817065,4.926620182641286,4.96709160543048,NA,5.810477315995369,5.083611646948479,4.43920055614669,3.380892546378823,5.104093144058845,6.204110765451263,6.2314465360252775,3.985180369161758,3.7312828630918915,3.822180010273424,3.9656268022896053,NA,4.819122915094014,5.0287924765834475,4.148116290979297,NA,4.320598718210651,5.860750136892687,5.118628550839884,4.833739872608928,5.568445088388958,5.0104230649523505,5.4532282129530225,5.26141746585847,5.353765712183256,7.563341433855384,NA,3.6749406413312453,3.008812799116029,4.860079069946886,4.255133696849248,4.375313074035506,4.360500944634244,4.924406943113831,5.152005932445203,5.157419194741404,4.472618093868606,4.525349713377254,5.237721975313216,5.152068669271227,NA,6.366839696509529,4.649890088524179,4.446746864008189,5.03708883043405,5.005171320809045,5.264026780977711,5.2455946397260975,NA,6.1672697767926294,4.6434782499497755,4.153861773712946,4.464728502537478,7.1648963016185,5.377301274250866,4.888404670185291,4.4920374127437,6.23919209435791,3.755433468487401,6.817572965456099,7.641184535862618,5.863262185174583,4.435939211337978,4.196272674621886,4.647878678996381,2.981296640548047,3.034673006899492,4.5033828588151215,4.026709235559898,4.1810792718875245,5.3228290784606065,4.454485113099492,NA
Jan 2024,5.7731750835211155,4.3887452412899135,4.483565860628606,4.437754745462869,4.155153482381794,4.19179112401227,4.372969996305955,4.630486891734957,4.3910964406200845,5.576049402056174,4.823285426873691,3.3228922265488774,NA,3.5101316808694443,3.771294570713804,3.5024398775248065,5.149127678790565,4.9974922552028564,4.953937949989941,4.414963255845267,4.119789620252429,7.157102852494028,5.298271676434463,5.562252433455544,6.280005773170699,6.935756199388365,4.127321297458383,4.015515497818167,3.7518711737029338,5.346554958758915,4.485110551080469,4.189169929244931,4.24025605381233,4.373723098652445,4.18169194902586,4.241615653072205,5.637661479236179,5.90974896560226,5.465817114139505,5.237722045189988,5.092822455420862,5.841823934824239,5.383186776645164,5.501302683360552,4.8742888240525355,4.195510641994676,5.735229088404527,6.242763897092376,4.572320706239836,4.674321598120497,3.0449074666529663,NA,4.282308235315577,3.9334863825616684,3.8953683437498374,3.708340780469739,4.428087740438656,7.391905152479472,5.762210507106221,7.720785443475654,6.154944137891156,6.104526555173261,5.108468298668244,5.664493831392277,NA,3.6797239694913295,5.172653649271091,5.147850544642345,4.777750331699865,5.028169572852846,NA,5.751454721081304,4.997547446524215,4.578772158886319,3.3923243069774225,5.192156508769422,6.347971133980467,6.303819749605831,4.126001734913716,3.907763571400694,3.740694109147205,4.126849005725835,NA,4.746351059028059,4.99491732773307,4.2047767010655654,NA,4.329112070941422,NA,5.2493495819069835,4.913857564180381,5.566734247447204,5.0774177293348615,5.4746144771206815,5.4383048033920085,5.388569397447213,7.318122268289806,NA,3.62276798829104,3.0910806477930364,4.696903267046298,4.174388091332538,4.246067395172587,4.424738683741783,4.933899738906722,5.183982303235294,5.273881908470171,4.420423676948144,4.491205500406612,5.376633940857199,5.2184543082320545,NA,6.678713646907935,4.5641188879901895,4.506659782996511,5.009493577633688,4.7847951071745385,5.3166433457476945,5.2129147955127095,NA,6.218561988622741,4.654003227687826,3.9469174707298644,4.472442947198897,7.258449738179422,5.356204863193943,5.014291914213985,4.434854055346119,6.132066172905949,3.8445395419476602,7.146658753355768,7.674619745012216,5.865153177939247,4.493391786417431,4.3290732338593685,4.742863129136721,2.82067040455124,2.8584663898701432,4.55998358569303,3.842548915778149,4.254328990103118,5.453453644552657,4.4135647372658635,NA
Feb 2024,5.66235836467024,4.588975797957071,4.490996745673078,4.315940231720433,4.238310513339253,4.1333824015108425,4.423471217264193,4.687026767422083,4.446850709905955,5.531924977179308,4.781787899776191,3.4037696302973073,NA,3.5323986527022444,3.7608659229868318,3.486353203919532,5.198704263304788,5.000480423582293,5.046415359761168,4.475221234023795,4.118296005776076,7.111442006271938,5.24413184373791,5.591385156096441,6.222843739283594,6.827823967303152,3.925590701352949,4.065030494054586,3.697596150272699,5.342817095545562,4.628136886919047,4.165143867387062,4.358991423164527,4.285861640673938,4.1735521256487,4.27609640188069,5.628913841012788,5.8017198730033694,5.5722835588158075,5.039262348622037,5.114857905346738,5.905730164296353,5.320136322141106,5.7323019395690675,4.898555973624329,4.1822092380542,5.6834718663994,6.229860179729546,4.449949135182178,4.720491495065872,3.162908930005485,NA,4.275363101587698,3.95925190694968,3.976899938934111,3.674795659171943,4.465573081810686,7.186646301187656,5.814501789204632,7.799106493183122,6.224369567367465,5.866513014717542,5.12938491494059,5.667519029679247,NA,3.7026268229619057,5.072108643009155,5.091770832851171,4.817256393579467,5.092277720269416,NA,5.826230710586663,5.090045996247309,4.462081199900079,3.3057267957760277,5.186332658704496,6.193745755611617,6.029804825820884,4.1132789472231455,3.7838785765732825,3.7692872478273003,4.058187457085282,NA,4.775574172604879,5.42467750377817,4.264740553506735,NA,4.357080339647341,NA,5.292469254340888,4.8697347836189335,5.618095930202177,5.072461334695281,5.437461581142323,5.439812391864736,5.284312526479859,7.155025773216628,NA,3.6771368564212814,3.053976682221072,4.718422831039419,4.231015296471036,4.392764011355791,4.307082820421218,5.01013217635195,5.155467350069492,5.096354004337605,4.450804792112743,4.564656210968787,5.361737044280219,5.169445408930147,NA,6.623493023981946,4.62503247535697,4.434821749072979,4.876715441051174,4.979119647231516,5.126799380153424,5.191748362230323,NA,6.291916104830391,4.761377078535496,4.008090838556824,4.551245761745613,7.066683156140766,5.413680590110181,4.924230344072897,4.443713006541184,6.386216936344698,3.812574196311975,6.998241153759282,7.704649533110571,5.744418795137384,4.389500456495278,4.2346783162162,4.617006725103518,2.815618033071161,2.9333108639050876,4.571563045565889,3.9659330037702545,4.418558508233141,5.391762016450698,4.336705009748341,NA
Mar 2024,5.755715384379692,4.468424317198337,4.481616405971165,4.394256231281988,4.238745828709375,4.262037802871045,4.407637697678639,4.6253955142013545,4.499035555708639,5.547044049117238,4.723783049568849,3.5002830808421015,NA,3.4428129883597216,3.785460275215228,3.4691774751814304,5.181472604552352,4.882085010235589,5.10059017309106,4.443357396202268,4.114663439829659,7.111947120938809,5.3300181740144446,5.419236405910523,6.1533707278552034,7.058566479898409,4.113788846110063,4.03071780915785,3.7408916967823544,5.401737435358523,4.6757755385110205,4.258830278516498,4.266143588863804,4.387473934857182,4.178391130586987,4.198477428776264,5.616428384011129,5.7899600505832165,5.482969923126049,5.236456271739556,5.1766614770769745,5.711707651701777,5.271971790729345,5.658270837018928,4.817178387812981,4.188270664563324,5.53789153469502,6.180601135623997,4.561570534257799,4.637546414598247,3.123931115132785,NA,4.214616734171605,3.95011896505568,3.891911491150781,3.6372970867688417,4.565032998194629,7.005409406566707,5.926388220257851,7.841441932559579,6.126616495586695,6.100967653980622,5.022756436620599,5.7303813319817785,NA,3.778243334672932,5.030648594411947,5.2231131108806075,4.866165747202778,5.089109678567232,NA,5.732819036501464,5.181488044799033,4.420383058732917,3.2992868281122285,5.1856171674289,6.212854141963049,6.047434874235739,4.2013629302512765,3.8836820797447604,3.8105252096778437,4.091501203847429,NA,4.788690753808914,5.521527250745793,4.273243337484026,NA,4.308047965247994,NA,5.262568454268078,4.793896978174283,5.5553577984207,5.167269147045166,5.568138648605523,5.585898217035885,5.3244794449352835,7.303537374458016,NA,3.6506462136339897,3.0515703843297155,4.772610754452036,4.259400738373313,4.384100814299624,4.486303832040336,5.000893629255398,5.240092262158708,5.136094249936951,4.549076282700597,4.564441364113606,5.114109039789473,5.240912510632624,NA,6.5618909009376125,4.685915617811676,4.547451867253769,5.039025306859548,5.007875249591935,5.217937852027346,5.2000071839937325,NA,6.253290452995217,4.733641850632544,4.110235206483613,4.6034728146124495,7.215238313300856,5.391081261450464,4.828280708318676,4.5770111190609395,6.323884499976015,3.9721474234764558,6.970851664804996,7.719886070491897,5.754191998353189,4.402752221233195,NA,4.637592066917449,3.0296438658046125,2.9036996708414358,4.625505411247956,4.078246768251794,4.494018051065045,5.385539361518182,4.443581852271882,NA
Apr 2024,5.785509138853681,4.499440371375865,4.433989789372096,4.061508103666884,4.182298112381519,4.092510049272163,4.442169982962114,4.612175890396538,4.534627082209258,5.600282914815242,4.761002545910675,3.469039456347242,NA,3.5686615253884812,3.822911830981284,3.4234999783498217,5.196672630318245,4.892607986309156,5.0739912739337,4.332313533212735,4.304087347482816,7.206052387628397,5.250013100565731,5.444333836313019,6.084946997617636,6.960151211475679,4.00289965468457,4.1970270486923775,3.7758142667492365,5.26184481153726,4.671594003044071,4.135110301797407,4.391530069469639,4.365664410639376,4.1011767160660595,4.254579215429553,5.634027708510354,5.838852586860341,5.697825228698777,5.160754130517432,5.143820476689723,5.9045359185306925,5.152795027988073,5.660909749547461,4.94996792588587,4.228930192789335,5.613833063345894,6.23086346397371,4.467099101198787,4.503598666068264,2.9908472452603534,NA,4.231314854506693,3.9465815635735155,3.8550546982480407,3.7099144950958602,4.4773905761359964,7.40861413574968,5.9163219638716535,7.7361253016851395,6.226740619538544,5.855224623997224,5.093509513838868,5.689060384303718,NA,3.7799987540694437,5.092840842394199,5.20622360822922,4.820694726952759,5.073573933859055,NA,5.6579004145227225,5.197136951635686,4.5237673650040255,3.2958506135437955,4.9886809916488755,6.273999966000752,6.0457110009800825,4.080192366285637,3.968445362765049,3.7807675351854053,4.123042013769319,NA,4.721392778998699,5.4162401862850515,4.315730428975633,NA,4.333599966104682,NA,5.165653049200488,4.913146772423035,5.543303440034146,5.071906386262038,5.516580326492537,5.574339490767712,5.505134849045433,7.29265910653249,NA,3.6634317895901423,3.2027999007986367,4.741786267024273,4.234696607379509,4.371478856594977,4.614951461064472,4.972158799041773,5.1982741837785245,5.176246295626835,4.504008051193344,4.59620505660132,5.314293832512001,5.252593898099859,NA,6.6159970055097475,4.685410951905516,4.540038534899663,5.112315523611173,4.9648628739406995,5.355434725075896,5.194087116153444,NA,6.311661855614233,4.742789067581145,4.010713232368576,4.558701008737626,7.281696457609316,5.357211956357534,4.807717399263831,4.682838907185032,6.336397627002641,3.7426301003963762,6.998992884800478,7.7292505306944985,6.10783445832701,4.372124726517,NA,4.483198940295802,2.8293241525341206,2.9418952789840658,4.705344521708973,3.8681356437562737,4.442343087590997,5.384468238725612,4.5381139968344915,NA
May 2024,5.767203691384794,4.510612510200412,4.612690576475144,4.334198006291587,4.318900793383452,4.142133946598706,4.420247863316787,4.762229771593237,4.5646717270592,5.645353480522983,4.793520934065896,3.375288867119327,NA,3.6449049395875392,3.8813545754901826,3.5361099506492906,5.200605508132032,5.058224589131248,5.121776657092479,4.471068943432323,4.205248692273574,7.231234576913633,5.410944829143888,5.569017787245163,6.195856921280785,7.046282701512584,4.057334486481436,4.1845691437671855,3.7513234011293064,5.408002159871446,4.716757002312576,4.137370126790806,4.367565072814847,4.38029776931489,4.189363486107745,4.431026364437717,5.642661724506166,5.889162690496595,5.594379362473824,5.166075496152852,5.179487994273407,5.841017371263483,5.298065427538318,5.74879388825601,4.931963220801081,4.311041960506519,5.597220149303018,6.3450834666469484,4.652575493907259,4.6980775994152015,3.18519722525501,NA,4.3414826637683355,3.9897918900348768,4.041814663866431,3.6991069082776615,4.550690746588212,7.27402967001255,5.862038807420606,7.90407412925598,6.1882814561112065,6.08026574030862,5.130752914009884,5.753744094286608,NA,3.697478416744385,5.190475807239196,5.182170347029731,4.922241989914823,5.159488734119187,NA,5.8826290990974925,5.290504495907518,4.579314341401871,3.2494405009419327,5.072973977186718,6.316720300202578,6.269268323315719,4.01328065397364,4.022537539265998,3.8757859520101205,4.058449170382611,NA,4.839765741163822,5.4029234962016375,4.280295132531715,NA,4.445142553916583,NA,5.20386574357608,4.9145053733951976,5.543155397555671,5.187837606640356,5.462159456391903,5.561177885781639,5.382221925304411,7.426124295228156,NA,3.653343634689819,2.8658260458966804,4.761244035974927,4.290360866886756,4.405129994792142,4.531341209842917,5.07528330666321,5.2775954184653076,5.205205919575624,4.580302996655239,4.75716900042766,5.235355771246459,5.242671188728664,NA,6.4633280885144115,4.636652295251493,4.549656516374251,4.983955235430092,5.06017300837485,5.344144978439526,5.251469543650209,NA,6.22400816010316,4.879296717077724,4.133176582680775,4.686810532836669,7.394242957435807,5.383435109805103,4.922111434510465,4.4929990416312595,6.482886981213715,3.9591116417396783,7.119787392349037,7.841271941755073,5.787269878258018,4.482797440434629,NA,4.797827321389214,2.922871751261498,3.0335474224375107,4.582476601907856,4.045725462379004,4.373560937812027,5.551137394133328,4.5793538211262135,NA
Jun 2024,5.804537256676308,4.585150615589708,4.560149815787794,4.556734516041045,4.321787072743122,4.178107179914942,4.4900377321749,4.699196606758051,4.400041904763675,5.652785074445906,4.865990716405211,3.631801007409445,NA,3.631113365114249,3.9220297348382442,3.5618228390854476,5.170530513859246,5.0720914092821445,5.229343117561954,4.525324545871733,4.223863504174647,7.253235288562616,5.454696700741497,5.5326539381649855,6.227815195524581,7.084093194318109,4.118919040610873,4.162960685652924,3.8878520139021973,5.329050903947442,4.719621609649619,4.255216413137273,4.383172231192491,4.5239608253789125,4.352931010680285,4.288253744208551,5.612187712286107,5.906595511580199,5.494471214595218,5.231403021320316,5.141546275618955,5.866906682769578,5.503745496022829,5.828723435261939,4.850617318281518,4.3063002403668635,5.7130933809529285,6.332934484481183,4.688720426691901,4.667795224246385,3.1701810181660743,NA,4.3860398265001805,3.9408546636994206,3.974937615136442,3.7371574700359793,4.501411709863829,7.265523688658707,5.9275713280097335,7.790761889474318,6.206342640207131,6.088044761512906,5.100901876804047,5.753535055531588,NA,3.806950651444868,5.138459594072189,5.227842203912394,5.05814542106388,5.151523990252414,NA,5.833272641393294,5.245958238897143,4.460006258848233,3.4502449123723533,5.1065019066399655,6.311954135688169,6.148450721527848,4.0910655973572805,4.0493567523183875,3.8223196839228657,4.0973783622987465,NA,4.846391089633202,5.239912013190464,4.3707759595565445,NA,4.472756436506978,NA,5.259783009128063,4.936144819663076,5.7006852196212545,5.186899076080965,5.547333793464315,5.574611431833637,5.345102403296755,7.582585295242654,NA,3.783230563795649,3.176584339756,4.861241274097698,4.324563735915825,4.517147018686659,4.563083958244691,5.040977045899433,5.245729133515179,5.285298921498572,4.5822892157882755,4.796640327137154,5.403035897421498,5.420839154607404,NA,6.361293634672248,4.5562374558621075,4.651248179635191,5.1596583703697325,5.023045286188183,5.236956245219882,5.336602758539159,NA,6.482478217608432,4.745158181600775,4.169288999482557,4.698672395833706,7.555883426246015,5.440455025576307,4.913587698278764,4.843719108610684,6.335108647689863,3.924542320337726,7.186341297166061,7.784750965497585,6.02092340578376,4.443463830640951,NA,4.73354005776021,2.955583284308142,3.002589805471276,4.757906673202691,4.051302480823465,4.270355827997352,5.5170462116100065,4.608215747846128,NA
Jul 2024,5.846633024087241,4.55845287517528,4.560438640704469,4.424202217556481,4.297200586354928,4.277785503509067,4.472244602634533,4.735476030828373,4.724412986267231,5.646392764219661,4.870629636262214,3.5239284179516712,NA,3.5391422002261645,3.906029873062894,3.495217817516786,5.313886546530495,5.0982654900931434,5.113215267964331,4.509401776273629,4.252209835876952,7.276696123889538,5.509648672862293,5.48125230030445,6.299891529595984,7.264502566460124,4.134079764716541,4.109869663046457,3.947115556183969,5.436101768494584,4.747629544645442,4.261687963368842,4.55097969123324,4.513455428544847,4.321439407341158,4.374408120023874,5.737199574703724,5.91410514898209,5.532297600487253,5.195651111168565,5.232678377127851,5.859955216071687,5.328361278033631,5.854831279140588,4.966612296364361,4.366839768582639,5.76141324156798,6.388159875480747,4.677090002910714,4.701795369957428,3.118080141954007,NA,4.392044980982771,4.043933538467756,3.9145547151852136,3.7083794030917123,4.5149235869784645,7.530798644964199,5.741833889290176,8.202064097595832,6.223889134368042,6.027492146447349,5.178280764311008,5.755769060337853,NA,3.818926909723256,5.228847914765867,5.257023475474764,4.99862994487155,5.135736935679359,NA,5.944475274159027,5.30031667520441,4.401690393881851,3.4029797559897736,5.158875739562832,6.474649245279173,6.310093117467335,4.1219170926565365,3.9238557446220113,3.9458483566315667,4.135039569440251,NA,4.86174739675654,5.352194693714986,4.323666351347742,NA,4.487498303492442,NA,5.384334076975455,5.0236612487555545,5.5860459569025505,5.166455363269671,5.482618236843905,5.599501762771295,5.391512981567107,7.62777768719613,NA,3.7977625934788866,3.159526455562031,4.74799375808279,4.277870460144418,4.4651778792636545,4.591469734438413,5.027847838604438,5.294019244322264,5.330380404813859,4.577970488091118,4.652183420232839,5.349721037334922,5.300782679530593,NA,6.7184902759529885,4.626691500067597,4.6766393988967705,5.168409707132824,5.004024287110101,5.300487344328461,5.366101788323287,NA,6.38621500756802,4.8030371415001,4.193665661837375,4.760242658844408,7.539893789929035,5.359564580319033,4.993719483267199,4.7313676087136045,6.50026938318591,3.9616138713985367,7.096238166320596,7.89277186019125,5.887161491374664,4.611465821026277,NA,4.6603657856361584,3.121035379757867,2.9534010885104576,4.639944336830271,4.093203851754469,4.3184105802046515,5.4172791581167115,4.626543763862211,NA
Aug 2024,5.937169476651157,4.6480299980043,4.582091929384908,4.528575035296509,4.317203499409242,4.288781212248755,4.515820390042755,4.749800217850648,4.585926599937324,5.681319719244789,4.895119908803104,3.693460994650685,NA,3.665045635320736,3.974031733058516,3.5888531576768465,5.3125135751517085,5.234572754685448,5.148337690905198,4.518338574050006,4.287088834067531,7.4322858032413475,5.430647055451455,5.670234140529068,6.370432078497106,7.121205262543169,4.116319628915894,4.164314621700452,3.89083453801517,5.425815464636096,4.776517902421406,4.231465196416703,4.513657861175041,4.506898329171952,4.297552038515662,4.283821958344189,5.835878225480149,5.989746445830507,5.678489124253234,5.170339223252625,5.224681908660627,5.96807273130856,5.508688838317653,5.871306578406801,4.91175804964681,4.387675227763451,5.605919217976153,6.412716055234774,4.649949534188551,4.705380058855651,3.176090015095688,NA,4.366247327024874,4.116926809231835,4.035063596168456,3.7253738538972647,4.572873426344549,7.6511445491013195,5.800583721822473,7.959642860391934,5.975486046721122,6.000459530579466,5.148025210984677,5.712027208547655,NA,3.77841348651383,5.233772720004381,5.2907417774699965,5.002851308427075,5.219383156011278,NA,5.948527581587018,5.349296503841673,4.6848201979058,3.3992044038995672,5.136267197205157,6.52362849111788,6.2263703717534815,4.219930077951787,3.9355155309366965,3.8971027444383566,4.183527665573083,NA,4.855471242302213,5.6516296575968985,4.309241918790045,NA,4.506973700684769,NA,5.36598536002688,4.984177110641486,5.676447155684631,5.091196007894617,5.67252168243168,5.637384908898654,5.330024458938869,7.5650234013067745,NA,3.807244567065536,3.1321990194522393,4.837608042689965,4.362619407584368,4.454144066688475,4.604831364948139,5.042739154227119,5.332809482821213,5.4234776565241445,4.650679943023662,4.8149441613579675,5.293857128729321,5.339908327423896,NA,6.5460922449382695,4.579890911338561,4.733937967638273,5.151321009024802,5.107168931048251,5.248284208618519,5.311079269622739,NA,6.31825801844063,4.912779569970675,4.23056916011165,4.588088929545836,7.519515334215006,5.483713372971232,5.028578484180022,4.7155006089281475,6.18953193186452,3.8577090676867654,7.169910400890592,7.688744815329474,6.152704764357682,4.640210795397887,NA,4.6034146462693455,3.183519845009834,2.9661672424059455,4.593129625291688,4.146814792277652,4.404362089995876,5.424763355010945,4.5724793766630825,NA
Sep 2024,5.880918533261068,4.459611107409517,4.6070595382622095,4.503041292384195,4.480792360145553,4.122679655923813,4.489899640222162,4.689840192331095,4.523206111797114,5.731950459892112,4.815634605657222,3.67059644330153,NA,3.7230656490270797,3.9968717247017636,3.638206703944485,5.323527981660295,5.029911320712386,5.121069385016204,4.4851183771459056,4.280435478941563,7.417437997168409,5.495850905385825,5.556988332542928,6.230445489999198,7.334898693842857,4.165278666664122,4.154682450947305,4.076318214055282,5.336845408981837,4.769902223725858,4.251182289642311,4.497189131221148,4.505773872507858,4.281277213970172,4.347441738092242,5.754940410335065,5.903968131307108,5.666774531824268,5.335870407048134,5.26679470381828,6.158721064589776,5.444520729681994,5.775839955708227,4.953644262887278,4.387514545266543,5.734270977680214,6.454140624400909,4.630748673818289,4.763295693660544,3.2532510282156513,NA,4.386496690759392,4.033056678155131,4.013626533531262,3.726630185184437,4.521339458313389,7.506503278957653,5.756545484320179,7.89925194432876,6.189492045598095,5.843458035276831,5.154578832135949,5.709216489125301,NA,3.848615208826032,5.245000182993982,5.281459751953254,5.03765747496437,5.226338761385891,NA,5.999368956460881,5.202130846409042,4.529650654359876,3.4434591530024146,5.07124658344245,6.475739651433724,6.347776922621374,4.114458843983879,3.856004099021848,3.9296070391495683,4.167819123531269,NA,4.903687971519038,5.504554256362866,4.230350014900317,NA,4.582562338936978,NA,5.328667053832098,4.997103719844068,5.749413426221627,5.265771370472482,5.5392252015711385,5.630669352561135,5.324123453651419,7.489588762549679,NA,3.817562311967074,3.1286784277231328,4.7868561389944055,4.385437562014789,4.455368189572119,4.503005979828862,5.098728092483768,5.207950246718701,5.318926160170147,4.650866185536179,4.74067038811217,5.3493577175669165,5.3636409844615764,NA,6.679404777478621,4.6688487234408464,4.5514785376841225,5.114480349317949,5.0201405201435545,5.127445493902614,5.367021378260949,NA,6.443606312360035,4.929262684658527,4.274521874780526,4.836075381904088,7.579461052629595,5.391884316989109,4.962386970408819,4.642795401241192,6.351513948578907,4.04523863700559,7.208907567477889,7.913914819752001,5.863742814629306,4.540460319340277,NA,4.738276948547168,2.94782248909184,3.0414813350476266,4.742458530873939,4.087630938700455,4.383321935452023,5.454264453203522,4.535645710044364,NA
Oct 2024,5.901131504368551,4.605036481709799,4.6292909335463,4.446220273015445,4.29472875408688,4.316063660421081,4.555948371667178,4.704810549891958,4.381669784104313,5.676249844229822,4.916392304639567,3.55816720815865,NA,3.593485438528001,4.002151378603495,3.6246935445637893,5.23060218659315,5.082992768805933,5.119235257757547,4.632945508449461,4.3515619760598065,7.35723743034696,5.465413730319931,5.623332277047885,6.349830435699123,7.270894848145071,4.273268279605465,4.114038126942029,3.8309060197102642,5.318223178235338,4.770395569349563,4.31074276647325,4.5371479840933615,4.408471074519623,4.245382357649368,4.343064799245752,5.888506133444124,6.0621982271701835,5.443327938415533,5.198904804343775,5.219876505108349,5.944901887457024,5.37185499549665,5.912331487077922,4.992699163607048,4.34886487595818,5.71332938581793,6.355691742255388,4.701400412377914,4.816230177273465,3.155216710772209,NA,4.433841631536906,4.101171724510905,4.034443682574874,3.7461895442065862,4.535853879995826,7.647079225238929,5.67940722680146,7.998143300412957,6.138804831842284,5.931710848224527,5.226161857935477,5.74595059494512,NA,3.860273759186005,5.235552316792516,5.284048539235824,4.938760091337698,5.207519202773927,NA,6.035016268617071,5.319224518332401,4.552891132012393,3.445056270803872,5.112905301522595,6.46730999476495,6.259148070886556,4.302218689681832,4.027859396795528,3.8707927155543005,4.024107343188606,NA,4.85909374793256,5.492583225743891,4.182661276531762,NA,4.506374255544582,NA,5.293522160327409,5.074552981701311,5.653667797750055,5.138573344646486,5.5357539524433665,5.590578093723618,5.415878793075485,7.665065926649384,NA,3.783641487914184,3.0707725413175817,4.923591299114619,4.365008168062119,4.508259661701204,4.6621895917626235,5.125874270660266,5.339991001243571,5.31264671614064,4.692498820165917,4.791413783574089,5.3146435993372565,5.366486209184944,NA,6.5300346188723175,4.729638205261082,4.604224957444923,5.078043774059929,4.977555422172118,5.261392430350835,5.352250468765514,NA,6.466752569031677,4.881485340595719,4.218537093271168,4.674002682096299,7.413960256565231,5.3491301930235,4.98829279309769,4.674865050471235,6.254916737325349,4.037419396354044,7.088574359823414,7.991939980452709,5.9940716737848225,4.56732327900975,NA,4.720293184450105,2.9878106131334863,3.0319668060742435,4.4932680268230545,4.166775760008483,4.537942848372819,5.310244663476514,4.557493060992039,NA
Nov 2024,5.846201913199149,4.6023556530794,4.5925863000018,4.394845361435206,4.466766602856607,4.319475660509384,4.5454622730755725,4.733525174719866,4.60655852336166,5.692691954152114,4.86108202699108,3.5954969647035977,NA,3.6260837796304224,3.979959647411149,3.6211667477350664,5.1679662668796515,5.107526348047841,5.181021038140632,4.665510049917915,4.380631778546188,7.391410360744372,5.376569392150477,5.508557845189399,6.333601945616936,7.277151647821945,4.20810610708537,4.263145722625868,3.8644687463287073,5.413542650937353,4.684021623357471,4.34124453261287,4.603643455508499,4.512573839867077,4.393267156912381,4.36560049337426,5.690686992982997,6.081886138812335,5.505657560856187,5.288486240109544,5.196639813242579,5.830595394346149,5.470959045770062,5.900677342555459,4.90651776549002,4.459892183626173,5.798758206716318,6.462269664914395,4.665445311028931,4.764554689290722,3.278958079495075,NA,4.383608046156691,4.0743889447644674,4.0518204614275115,3.7006828159046736,4.559207710287522,7.5567369409958465,NA,7.940880359142422,6.254463866092012,5.787729933063912,5.182728884645609,5.838582492994829,NA,3.7777421453949485,5.244320870876134,5.246903632515921,4.968950387399528,5.143333033696203,NA,5.9492026932977495,5.262065829080238,4.557351369043883,3.4265710016552076,5.202917303952208,6.32686208892107,6.293435855646367,4.145693042038957,4.109221599929883,3.93521170925614,4.125779021617637,NA,4.951454449867631,5.47304468955072,4.246410677504801,NA,4.528781556689209,NA,5.446768168424484,5.1438076838203735,5.654433267456315,5.145996741437597,5.573841369467629,5.417065494514491,5.517121690947058,7.5554321596076015,NA,3.83537566414025,3.261415638584245,4.931229653365338,4.353949171625027,4.5344877421800085,4.6898329914626276,5.108782570060326,5.2695362930942045,5.3646022067271035,4.6585906798551955,4.68190904134385,5.261093281202708,5.4412175995860785,NA,6.384215746161045,NA,4.624768328628703,5.12710327098984,4.930429401171878,5.169640909071465,5.379687170933073,NA,6.402198762731871,4.889548451766144,4.297506501780458,4.742145819397478,7.552031337370853,5.538306865888969,4.981691590815661,4.664219866295053,6.2670631059717,4.052615973976296,7.275296961458967,7.719635803558477,5.895129173220021,4.6420696820831315,NA,NA,2.993730499418802,2.995986346400735,4.665003016631028,4.105605948819272,4.627472328085018,5.383641831464786,4.4823725195164075,NA
Dec 2024,5.8480170686839,4.563689494138672,4.64837352159486,4.592870782131041,4.399810663109546,4.163534689989434,4.591135520344854,4.718447646793898,4.609030047233114,5.686535731813391,4.89197403349453,3.5916097547318073,NA,3.6938507445015447,3.962977532081882,3.693667282534021,5.209630873142601,4.980669584897158,5.141775959836834,4.589665606791113,4.3843905312597276,7.3129075279551,5.4154812443284905,5.646174583199761,6.169975570367489,7.4151430325088805,4.136102239806345,4.126800290752238,3.9236079671413666,5.464624655335618,4.696772746814005,4.277409450830528,4.2418081143581645,4.491653115874222,4.315393956879563,4.338091359768561,5.761042503302665,5.934378227853464,5.635211062679493,5.349307989118753,5.143685088749178,6.01746156115479,5.373693984007152,5.925701538559017,5.1004110651333905,4.351992307333213,5.758090227201605,6.443478814634627,4.62139019262741,4.753324375749124,3.337623292058858,NA,4.391710111006214,4.0274751191998,3.9624983177061233,3.6722405315149746,4.520823784289322,7.499200414566673,NA,7.84083465125947,NA,5.892467377650731,5.212022018488867,5.7050142408539894,NA,3.7199577272463533,5.190021909128577,5.265197883189565,5.014624142912983,5.261795916091373,NA,5.870729747570323,5.309618007133713,4.508883243507799,3.2958845916482793,5.108035710501015,6.636501589725329,6.323871980190719,4.164885928550328,NA,3.876304060175151,NA,NA,4.90147245163823,5.284042652646103,4.268233516132915,NA,4.503561037108962,NA,5.349335447583807,5.087443637175407,5.654563134904954,5.1087525193649315,5.543555970908078,5.516003365210808,NA,7.54151097293651,NA,3.7831293927472656,3.116760457037592,4.788632978884065,4.346883311389677,4.544123918174395,4.449814346118564,5.019946766369758,5.342268933313148,5.2909997656214784,4.527407273841308,4.657868134019042,5.445479597127837,5.496573967116863,NA,NA,NA,4.586445784583744,5.1942690728980905,5.0437094481970055,5.344159111485868,5.288830049519395,NA,6.4994664066492005,4.875204108155129,4.180258162110486,4.634976602112791,7.466187135058337,5.528218750637753,5.052797189916408,4.637003838259534,6.326819424203089,3.902672819799189,7.171262314086987,7.867068201020737,6.019392032112684,4.492448884809263,NA,NA,3.00050923753848,3.0435652264200206,NA,4.111303225275272,NA,5.435385490151921,4.4025473730374545,NA
Jan 2025,5.889899452650352,4.705300658440153,4.5812687087442985,4.465796706412364,4.4765194310437275,4.292872215023204,4.504029711834734,4.681195194895574,NA,5.642980547965651,4.7914592711857775,3.5749924320889814,NA,3.5736070332892638,3.9325562082844727,3.5688930061297066,5.291443259973182,5.05570288845147,5.086223285947017,4.584273509088483,4.3263421197224945,7.482924460306898,5.3825902254760605,5.6904845325272255,6.401202686298378,7.283582702038693,4.0534071049418134,4.2422799258312045,3.9989088934435366,5.3993231583941155,4.685333197825206,4.350209086226964,4.454687043490807,4.569904152501847,4.315955576215301,4.383948406035717,5.73318640576494,5.997231493482631,5.534847996212309,5.239712318995786,5.237423238227648,5.979878214146499,5.4149487222500925,5.852474687334681,5.0514398178491176,4.417826771165705,5.684516446120291,6.466781957762294,4.819538719931187,4.851421056725318,3.232158370309728,NA,4.374391070918587,4.080186620861213,3.98577555555343,3.7344544648045455,4.559721330996677,7.50631252296279,NA,7.669284075893775,NA,5.9097471242573505,5.170342035623586,5.72679088330772,NA,3.8940676489998967,5.197918558848571,5.326225725221079,5.038038125425974,5.21488824820297,NA,6.026098815960428,5.371215416713882,4.401629890264005,3.3486419741807514,5.1989098996218175,6.530991972041752,6.304635829699801,4.324403096151717,NA,3.9524954732209605,NA,NA,4.898684266088401,5.242512986210437,4.209660637294226,NA,4.4678944204487605,NA,5.352310521853284,5.031920018173687,5.675683009004216,5.0206006531455545,5.78447524829712,5.706518548873195,NA,7.556334368545949,NA,3.8883246562244267,3.0709967010973283,4.973017950673223,4.262844913037297,4.4491062544700934,4.573450963072563,5.047514900770172,5.316776645713109,5.2659775599591425,4.768915365941588,4.722471562637144,5.434274907749359,5.424220309395795,NA,NA,NA,4.652927095993016,5.130095452666473,NA,5.298222523066463,5.404731754784345,NA,6.558261816047722,4.808756209561437,4.174624042944589,4.602686318787261,7.498539082570443,5.589250685858578,5.00101908733562,4.621802130767425,NA,4.093697290844255,7.188682787994041,7.68918841129009,5.729874010384461,4.536176389172305,NA,NA,2.97029316389229,3.019873168928171,NA,4.076685057199417,NA,NA,4.652073393062789,NA
Feb 2025,5.921795495402361,4.588750872124303,4.533983338547913,4.427574512101345,NA,NA,4.568606750169156,4.863925958307231,NA,5.8083091599600865,4.802877118532816,3.6351926521070186,NA,3.6715311599872558,4.012370465074815,3.7044571383859366,5.168185718930386,5.161067582767837,5.131883583031161,4.641685796509007,4.400110267551793,7.209957553370935,5.343196703547733,5.658893270059715,6.180459665231906,7.425142933944307,4.196307511651874,4.296395749503569,3.9107170233713084,5.430102591936975,4.752673583010897,4.234015208206538,4.413715315928569,4.525836447360831,4.324794272918628,4.430465595132898,5.900411398544087,6.036136305683984,5.574381106453793,5.342404803756242,5.22329542011426,5.839107396638843,5.421831606333019,5.81887375211391,5.003752049452432,4.411599728659944,5.700113026055272,6.41487839624742,NA,4.829494712009915,3.276437998700577,NA,4.421352848481411,4.099050426668277,3.9520695255950375,3.7186575684292196,4.528113472574584,7.525228362619268,NA,7.902649379289762,NA,NA,5.131314100805155,5.697302496920003,NA,3.868244905001396,5.175471825721407,5.355250987332598,4.973540689434091,5.232036248513227,NA,5.830783917453311,5.410616595816419,4.545460716359632,NA,5.086144729859217,6.574112908145398,6.081532243111925,4.311494136240154,NA,3.9250442938331567,NA,NA,4.835364265246987,5.511522253162794,NA,NA,4.5470775917836725,NA,5.199760126211626,4.993340392370937,5.596633377998871,5.273144478299908,5.523207363202291,5.641294770583873,NA,7.592093010364122,NA,3.78093241761552,3.1750375123371897,4.904149041353716,4.418821693502416,4.459143713628618,4.563053397080439,5.132908730078205,5.246980285821502,5.290955237374088,4.680905054006178,NA,5.302825636861576,5.386177670866314,NA,NA,NA,4.746365865458817,5.137320845644891,NA,5.230252127091761,5.336990562325239,NA,6.477609154044101,4.818719204670346,4.322621892366489,4.658262447951029,7.490892869127086,5.587371118252557,5.032584934380622,4.797791680230769,NA,4.081656793802011,7.069772291779555,NA,5.790025992842177,4.657267920324608,NA,NA,3.1655201176157988,2.975011569633018,NA,4.133263160320891,NA,NA,4.55656151431399,NA
Mar 2025,5.915291071708811,4.7001463866451525,4.658845970678133,4.589457206035497,NA,NA,4.577073519142193,4.832750014274464,NA,5.6872563071279725,4.911310082255812,3.6147556740645492,NA,3.7297915485920377,4.033390036250453,3.810480555512601,5.2909195122920085,5.030999466721233,5.1348579118219835,4.612668733983767,4.425047178711644,7.347309068357867,5.347693825440222,5.630614671674313,6.441447549898538,7.368724323882846,4.239593119756965,NA,4.000733058259253,5.437213189658036,4.728810565186462,NA,NA,4.489105181973145,4.406985502539909,NA,5.812602383613125,5.9902960233644045,5.609713689154034,5.282251344194893,5.255940106037806,5.9481039489378755,5.490747947313673,5.716231855493083,5.037587456535779,4.492829110414961,5.799138765688733,6.40875954898183,NA,4.774319596909787,3.348856078470141,NA,4.444671859943114,4.174126254856015,4.044169982176478,3.8199118002795975,4.580318878800912,7.607591528387386,NA,NA,NA,NA,5.1838480797775945,5.787833182467688,NA,3.835889651784934,5.2434631855476805,5.307343795640139,5.114038319303601,5.243665681876416,NA,5.915781320285948,5.28017218164147,NA,NA,5.087658683826472,6.538113026178651,6.11059925246297,4.374000873766744,NA,3.997565539624961,NA,NA,4.941274764348148,NA,NA,NA,4.609685407394779,NA,5.477824112964796,5.076021624225997,5.781959045436692,5.2576323470611035,5.5787772134102935,NA,NA,NA,NA,3.8904034459646732,NA,4.866831323019564,4.347707439382698,4.512767385061114,NA,5.107558243041362,5.366988306244759,5.330347502203565,4.7346116654855495,NA,5.488768801811826,5.385896419072348,NA,NA,NA,NA,5.120894537915589,NA,NA,5.386475788348583,NA,6.561379170380457,4.906146367493621,4.338087820017876,4.629499027438017,7.414007134369451,5.441679078705194,5.069336312875324,NA,NA,4.004565104614235,6.887142445117486,NA,NA,4.6956666587823594,NA,NA,NA,3.068517113230799,NA,4.20927660666544,NA,NA,NA,NA
