Date,Bedfordshire and Hertfordshire,West Midlands,"Herefordshire, Worcestershire and Warwickshire",Shropshire and Staffordshire,"Gloucestershire, Wiltshire and Bath/Bristol area",Dorset and Somerset,Lancashire,West Yorkshire,Hampshire and Isle of Wight,Greater Manchester,"Surrey, East and West Sussex",Outer London - South,Cumbria,Northumberland and Tyne and Wear,East Anglia,East Wales,West Wales and The Valleys,Cheshire,Merseyside,Essex,Kent,Outer London - East and North East,Derbyshire and Nottinghamshire,Tees Valley and Durham,North Yorkshire,South Yorkshire,East Yorkshire and Northern Lincolnshire,Lincolnshire,Inner London - East,Outer London - West and North West,Devon,Cornwall and Isles of Scilly,"Berkshire, Buckinghamshire and Oxfordshire","Leicestershire, Rutland and Northamptonshire",Inner London - West
Feb 1995,1.0188674518776173,1.0058669865225358,1.0057702067053977,1.023753606484096,1.018957960882103,1.0099397018792025,1.004286181025206,1.0096785280157734,1.0016503953282307,1.0114977115610064,0.9922140865358053,1.0049486477975016,1.0464762305184814,0.9854477250946626,1.0175721989747233,1.0199489278307587,0.9737424025800601,1.0216081227690832,1.0299036782629196,1.0196063507161273,1.0101335303763725,1.0070931709769937,0.9795069269593816,0.9955033363973269,1.0044406026476052,0.9997271606491718,1.0209438681614047,1.0012286249414284,1.0002656582882101,1.0026460766690837,0.995701349280219,1.0299400488294703,1.0089983471307715,1.0186157181443904,1.0053457236685308
Mar 1995,1.0129117168957746,1.0080965069987284,0.9988770041418128,1.0117619761353844,1.0242607216462416,1.0129287911768368,1.003607895078902,1.0128204367351321,1.000016226983341,1.0265143618604042,0.9986096839435504,1.0082754829874159,1.0471774894399626,1.0070421935353056,1.0184732020884306,1.0134455816009662,0.9835687840584469,1.0122513662038295,1.015643118259116,1.0259540823533968,1.0119190633479338,1.0179972958146168,0.9948934113999099,0.9978120009374096,1.018289593546652,1.0064056773061683,1.0033312116723052,1.0005681150460703,1.0306951364024524,1.0045813601083968,0.9885269970422664,1.0075045702411929,1.0103757974456489,1.0069956935761262,1.0197658543553567
Apr 1995,1.0168416259717215,0.9847354885178731,0.9952808806010629,1.0061883658193942,1.0183580320625136,1.0083752389010494,1.0130340583094013,1.0084335913223585,1.0073893411709163,1.0119349216876639,1.0025936953938703,1.0079053705182806,1.0447673031041063,1.00829672137652,1.0116927035260586,1.000036971263859,0.979284389551597,1.0150888367207915,1.0057614693947492,1.0157873537601427,1.0062845898136343,1.0182138870757025,0.9886287558925068,1.0029325396415112,1.0262159645523043,0.987293063816181,1.0279614937253634,0.9987359023841366,1.0130633894912353,1.0095389381985114,0.9939102352750407,1.02041570498351,1.0035295864162639,1.0213918653657668,1.0262570324846034
May 1995,1.0177429298254825,0.9950590545272181,1.0007961206322913,1.0189657452901035,1.0207900133380334,1.0132398288921374,1.0083274831257996,1.0014438423877658,1.0079199958419496,1.0275635100362897,1.0032381113235076,1.010808178451201,1.0351371253979391,0.9982478024075228,1.0216977671926764,1.0067406758892457,1.000971412400162,1.0209282153440082,1.005644996595855,1.0225990138282544,1.008160070999419,1.0155139539434488,0.9889293922705206,1.0108535688876141,1.0117697901506513,1.0036653832382634,1.0009135912380906,1.0006057058774518,1.0331611221232841,1.0228525619524067,0.9826184222065848,1.0232312819140095,1.0058085887742136,1.0190303516711905,1.0129164794258738
Jun 1995,1.016978916349241,1.0112143467759496,1.0112400183857537,1.017547152619186,1.0326262378343802,1.0173681822621088,0.9928356971244883,1.0057722149013109,1.0097592475466173,1.0244341561574115,1.015550525249185,1.0241195809603194,1.0443684542355944,0.997840260220002,1.017282444312708,1.0093770008429392,0.9957550775316771,1.0273482457072116,1.0070541430973796,1.0203029856846837,1.0111547651677277,1.0320512261933965,1.0000363386721167,0.998742747935128,1.0160159882869948,0.997272121592752,1.0134321224830745,0.9933694358753484,1.048026507305746,1.022530132025111,1.0016579493472526,1.0333830112062898,1.0201299483892579,1.0351062973674239,1.0145871744466783
Jul 1995,1.013616012171085,0.9916747700738195,1.0078326440446712,1.0101248555630398,1.0144054009933894,1.005283490454285,0.9923398344946998,1.0118025255399918,1.007428422784884,1.005665509781554,1.0047026249881923,1.0124528287431525,1.0210595919017098,0.9952913862202966,1.015280225276397,0.9953685410369346,0.9818395133827489,1.0135883657488953,0.9973134340622698,1.0198365746259348,1.0068380694032426,1.0115237169941644,0.9886259864139946,0.9960100335423809,1.0078867281366697,0.9913442641605332,0.9973253927176412,0.9953205792861294,1.0282780614305411,1.0284939963801638,0.9882641272600851,1.0141646565073514,1.00512116628491,1.0179227087974019,1.0304716305472237
Aug 1995,1.0133637061486538,0.9865348254130069,0.996605985266552,1.0062430525726005,1.018544327553709,1.0048481426924076,0.996232024802556,0.990357291813788,1.0081241377547483,1.0086000639029011,1.009023216511393,1.012092338635575,1.009354552674579,0.9890075732309698,1.014547507207537,0.9996726295150272,0.9814637240850945,1.0176187711139848,1.0005690174676696,1.0141023974689845,1.0088493858754186,1.015066953007848,0.9821207719697221,0.988935459098253,1.0061503926312443,0.984697059255786,1.005238591430163,0.9871141924335672,1.0388609268117965,1.019466116612391,0.9968091736997435,1.010539966839281,1.0113489880720217,1.0109610267765692,1.0383440542901108
Sep 1995,1.0131681611165833,0.9950475450770102,0.9979599643916234,1.0007773782468736,1.0252784282610214,1.0088922805868679,1.0001539174620513,1.0039073868931683,1.0097244420437337,1.0106953443029758,1.0047964614726554,1.0169850506593832,1.0211431438277991,0.9969375763215111,1.014288349340088,1.0051408823196024,0.9929279340728762,1.0247270553220453,0.9998710664801376,1.0193941180550965,1.0079594904427762,1.0079191942957688,0.9941756486276521,0.9925351266567525,1.0110653500256592,1.0063924249012624,0.9963118856869614,1.0010211947202659,1.0386950945794804,1.0340993766659612,0.985648423324965,1.0158428890600504,1.0133958026489949,1.0247266780965927,1.0267352091703956
Oct 1995,1.0071218113316827,1.0055452537092284,0.9989520889003471,1.0153386043128634,1.0140823669486383,1.0034925849512402,0.981190275514542,1.0040064243396296,1.0084423732981023,1.0070792004844138,1.0042843556306598,1.0126061189889002,1.027083507632322,0.9921628509110653,1.0114983797769839,0.9935401632499405,0.9733562283666073,1.018662855376873,0.9782138217785162,1.007858658336007,1.010204639973027,1.01069012682823,0.9873497744278225,0.9985395989899029,1.0241569575596055,0.9839378165947389,0.9927880001799169,0.9852873340056473,1.0540289920798058,1.034692320279751,0.9862448368171896,1.0220078070653675,1.0146469608743147,1.0091251673453538,1.0644701808362134
Nov 1995,1.0257578547284079,0.9976438694203272,1.0069393093111256,1.0153975958858288,1.0192653256490218,1.0087074761871515,1.0042008420222557,1.0045370397923516,1.0160465395723242,1.0179834080529695,1.0090267755715083,1.0179521042779764,1.016252393482635,1.0017542466538012,1.019888101299792,1.0033531875504174,0.9980226324874997,1.0093954965080012,0.9830621791864468,1.0235138861525608,1.0130857543296836,1.009110783143275,0.9862937086481277,0.9876600412564067,1.0230362373874293,1.0032309749079238,0.989958129531973,1.0016129556518103,1.0438117171052563,1.0247545742305126,0.9753281409443497,1.0185293703675222,1.0147591155433102,1.0181743821142726,1.056145415304293
Dec 1995,1.0282462263916212,1.0100981438901755,1.0198434899411728,1.0133747305902991,1.0353889313232496,1.0021573203397192,0.9962175979172269,1.0034481741433705,1.0210828423853553,1.0180115169319368,1.0151299017988034,1.0359840439783106,1.0319505641573534,0.9975190072276444,1.013228475316927,0.9991424435207277,0.9820659958698615,1.0211164368210919,1.0025725110415353,1.0319403375806333,1.0143662708510424,1.0247559258227499,0.9911026656043813,1.0112494140006643,1.0228400015166912,1.0073532127644778,0.9923002700275599,0.9960484053199131,1.060447148028814,1.04045806513046,0.9907212818628485,1.03106179775512,1.0244207575601165,1.0246517384372236,1.052664622903294
Jan 1996,1.02584643703772,0.9905635686483089,1.0019764998597656,1.0004087170439864,1.0186000168011802,1.0055595241822994,0.9788743029192318,0.9891894090937271,1.0118321180258678,1.0055431142757176,1.01399762788843,1.0233802600919288,1.0088610261704436,0.9760690641930646,0.9942305488991546,0.9843067023831206,0.9910428297538251,1.0209070852052382,0.9732043551629461,1.0140580246046058,1.0119931127855033,1.0143038197263146,0.979182133393895,1.008641387535103,0.9988452498789038,0.9853199202619517,0.9881099926319888,0.9970267206969039,1.067898854257314,1.042647144336487,0.991572571860159,1.0155437912720517,1.0148479894097346,1.0205454612831393,1.0660212560150684
Feb 1996,1.0232045981358326,1.0013091734452295,1.0151400339473513,1.0011212608761442,1.0320833437467827,1.0172453489428597,0.9872657035032849,0.9923372970847086,1.0171680900063296,1.0319455706868852,1.0160416133768753,1.0340494051201878,1.0280228823572035,0.9874579925373761,1.0042625624774741,1.0088827886444984,0.9736129550231466,1.0092669778909502,1.0071707603381685,1.0079501517650835,1.0123631345481083,1.0203809492259603,0.9773200983727393,0.9702640903660059,1.0008256758510934,0.9976066053987431,0.9964031893243889,0.9794807822081335,1.0827741344858972,1.0568269802042156,0.9786325591136484,1.0413359807587967,1.0278732334693712,1.0216316819647244,1.0554720890637943
Mar 1996,1.0200169266463612,0.9911189979903877,1.0038345878248272,1.0176197428642093,1.0324945671727013,1.0055087602366999,0.9825032296287001,0.9947016114755894,1.0303707188213693,1.0254170052869782,1.0262052302113311,1.02862031831261,1.0281884851764758,0.9951076144893265,1.0127670324255085,0.9987969397954682,0.982914882616011,1.0209123322379665,0.99875380122686,1.0198944409877022,1.0175131939547266,1.031429339780282,0.9902872765080747,0.9868506703021579,1.0105837184473039,1.0011981684644304,0.9859952990927228,0.9995547768296081,1.0787466204867473,1.0475958502829628,0.9902688229232992,1.0168317554482833,1.0301177409472422,1.0262015549157661,1.052176048767223
Apr 1996,1.0233642989428933,1.0063491038334906,1.0036281248124457,1.0104800984324027,1.0352289887169326,1.0241172860816767,0.9720213911673985,0.9962299950302571,1.0264695647158224,1.0038096790459923,1.027226213647586,1.0454596717308273,1.0185184054051377,0.9892074565460344,1.0129522676158769,1.0067132539411598,0.9895056598915449,1.0158453025158996,0.9920785261367434,1.021391422369999,1.0203958528254211,1.0336278459122954,0.9776345680969684,1.0020289363593107,1.0082531876399863,0.9960682639583431,1.0012170377663143,0.9906046286757878,1.0659839152868194,1.0809663541464303,0.9931316600218704,1.0130476396477244,1.0253074888225042,1.0254980871387613,1.0608524872382066
May 1996,1.0346581723609305,0.9916477255467434,1.026218155789159,1.0119194402471272,1.0397161965252646,1.0203952701129464,0.9825185697447238,0.9966854168687089,1.0290747820839958,1.012894557409795,1.0278383370216353,1.0472068850737795,1.0226313675621541,1.0046459649624073,1.012548048931535,1.0107937221004826,0.9889614697267936,1.01780211905407,0.9995886986617288,1.0252631174242866,1.019156112246057,1.0394976675467889,0.9949323797645323,0.9934564075324966,1.009869409190424,0.9834185862424485,0.9939601196707307,0.999276447911327,1.0882590786429565,1.0501047199246485,1.009234402502854,1.0411760834778832,1.0360086544704847,1.0219136039230245,1.0645598106405134
Jun 1996,1.0436123752641548,1.0037165833480346,1.0318121441632992,1.0136549412273834,1.0549329087754842,1.0267548086846092,0.9952862960807854,1.0089734406277404,1.0383204459724875,1.0267908057932307,1.037907017210334,1.055988804600888,1.0516705461797033,1.0136520687405526,1.024716105902676,1.021280673450565,0.9918735088110526,1.0286063059331696,1.0062753447423936,1.0393445500395455,1.031888462085172,1.0539718143131684,1.0011577390535578,1.0143385177228794,1.0152064966903582,0.9947532259593865,0.9994294932336046,1.0069073583640549,1.0974466895102708,1.0700401783553901,0.9993881101270767,1.053101452689241,1.047107747334413,1.0353686430530669,1.1054383605377633
Jul 1996,1.0401713073666832,0.9983515026612673,1.0150443362576334,1.0182278314493884,1.0420330056000826,1.034035187991119,0.9785366212218118,0.9917220564352377,1.0384179288861373,1.0095319148731674,1.0430246580866271,1.0479535077205133,1.0089311133135634,0.9922719423830432,1.0222575432670606,1.0067183671737574,1.0061944818509017,1.019640465739115,0.9846950177155925,1.0336270288569616,1.0356398384200036,1.0546914098268971,0.9832060700794011,0.9944385263963257,1.0144880474724658,1.000755673515859,0.9795364421144832,1.0098821628198351,1.0869597747740503,1.0777841207815069,0.9977297836007457,1.0571784176018237,1.0489023646253381,1.0284499868344232,1.0942181550009953
Aug 1996,1.0607047752131045,1.0039202551227195,1.02959582755301,1.0165303342162588,1.0524718838146974,1.0495102296817254,0.9848885479633854,0.994060040604549,1.0456396194535826,1.0172078022255235,1.0464795442634491,1.0668755093967934,1.0105403173542389,0.9988998924748586,1.0234243319931444,1.0209057647975517,1.0003942858988288,1.0159562887117026,0.990771917735074,1.042784405108807,1.0383278454444125,1.0566128341012806,0.9980079052819805,0.9961488721949445,1.009663078672922,0.9765709105734066,0.9918320064598762,1.0184550807608705,1.0890398283091458,1.0778561860945624,0.997697493142143,1.0527920657230463,1.0542132443413006,1.041123141844335,1.1202240984034137
Sep 1996,1.0585824163425386,1.0160198758494219,1.0420656449062673,1.0259882828192854,1.0586525488558989,1.052825840992551,0.9838011284548857,0.9973240430071953,1.0570497069797706,1.026606276509301,1.0619931749361804,1.0692506777157693,1.0395452401378207,1.0032264368062245,1.02892931893103,1.0383165326964923,1.0015105119516772,1.0316433229196196,1.0015092815636168,1.0532525814452158,1.0420789347074055,1.0675680481013377,1.0080388618655538,0.9934727531074969,1.0276186134969743,1.009906039723158,0.9937293942947034,1.0040881611487713,1.1137314940774539,1.0906037248131735,1.0118071163547517,1.048365835354752,1.066228577586496,1.0471747740313113,1.143984904002102
Oct 1996,1.0615625904827548,1.018588781598361,1.0391492673284515,1.0330463610808045,1.0674824784445995,1.0477753928510285,0.9870850354236569,1.0097453958522329,1.0624324486130123,1.035573417012796,1.0710552994119866,1.0901371484997813,1.0459738039633877,1.0132099059746185,1.032339981181599,1.0338448071345716,1.0055721374447746,1.0241670534120055,0.9911598003329983,1.0451003396790348,1.0501528342932633,1.0642756868120753,1.0003232421286847,0.9983538557490987,1.0387746154111195,1.0029163260512972,0.98489135857776,1.021555583406958,1.1038196728570966,1.098814104199372,1.0192980307571102,1.0589225674617315,1.070681752427177,1.053019433751399,1.126827966867467
Nov 1996,1.0818206692561187,1.0229474251872472,1.0508545057882965,1.0400490634455977,1.0744084200658397,1.0558553824715533,0.9920380985031899,1.0129493359032609,1.0720434098005858,1.0263091976900045,1.0773001369081852,1.0876592943159653,1.0381183366818836,1.0078116458760424,1.0481479102345255,1.0278296610733273,1.0096794763986512,1.0356751149607728,1.0049760658150921,1.0688845525723685,1.0512037014375413,1.084442516547818,1.0073436653510792,1.0063270063338967,1.0212517874962497,1.0063907628752842,0.9934675633544884,1.0188664900202433,1.1371813339283523,1.1129248067764381,1.0258203645536277,1.07123601534482,1.078792080060087,1.0557650034694455,1.1475313866487833
Dec 1996,1.091793779013351,1.033787883357083,1.055409402159176,1.0301093776961068,1.085471585981791,1.0677294008145228,1.000705962776959,1.016957805105952,1.0805890625866883,1.0369299585400824,1.0876801650288226,1.0947515463348196,1.048890061216385,1.0219573682538439,1.049739553027855,1.028345182577878,1.0105256980941701,1.0402677786566845,1.0174091827296876,1.08158418627173,1.0670734813843739,1.1053347010292986,1.0197437244719973,0.9988822662054095,1.0540310703030735,1.0183560422696472,0.99647525527185,1.0200915744166346,1.143554667512463,1.115880495997965,1.0279752004845955,1.077204355691579,1.095581537805823,1.0679301608231455,1.161568453549888
Jan 1997,1.1006941363076732,1.0273443050990612,1.0584448618809983,1.044761949786533,1.0776548650515927,1.0711971630718915,0.9922725891371318,1.0106253264461542,1.0866885952505585,1.0286121848328869,1.0957741187480552,1.1099244195301987,1.0284997421010922,1.0049023277852946,1.0508959053448044,1.048264792015202,1.0018153436984742,1.0354920634028932,0.9956265913932604,1.0752946772405318,1.0721333359089213,1.095710839477703,1.005458922138121,0.9917977868746555,1.0198389423335452,1.0081872506435534,0.9717962621673658,1.0246516023401961,1.1567500124014807,1.1326884217712545,1.035281007711273,1.0937189212636316,1.102861129479661,1.0708255619247617,1.1784408566532698
Feb 1997,1.1026210069813394,1.0256121672332552,1.0615687129553408,1.0456558113980245,1.0957215321670748,1.09803915068657,1.0107173533354805,1.010289684641004,1.096771018632852,1.0366966475390074,1.1011083893022189,1.1189457831305833,1.0486647369463469,1.0156076883996576,1.0522958660699164,1.0439244025760657,1.018435400955101,1.040434718939751,1.002014152486966,1.0844410022882038,1.0863746388238793,1.1012687638401664,1.01683412031482,0.9928284289902739,1.0370440150485167,1.0131786183362552,0.9900629603323898,1.0346890001939586,1.1677381548153982,1.1280018195040025,1.0329015525373146,1.0801904544932956,1.11024093622238,1.0668414151046437,1.2190224122636806
Mar 1997,1.121459903754235,1.0500865683693241,1.069776107357967,1.0572391002351291,1.1052558941228763,1.0892640836802192,0.9947899059191598,1.02649739787447,1.106356396921151,1.0466448173010268,1.1203813329749006,1.1297102807969481,1.0501222580594027,1.0238967416935862,1.0592372193706932,1.0611100633432924,1.018697168312304,1.0688219651999948,1.025567901736367,1.1049414386402885,1.0946880559987295,1.1250508938690256,1.0301444095088739,1.0108874178753484,1.0439574258758593,1.0213176572170843,1.0022064303436922,1.0360947542154937,1.1898508735140383,1.1597245521149753,1.0485775292128254,1.0990417363099863,1.12849993691753,1.086820087909796,1.2268253114923797
Apr 1997,1.1337026947177824,1.0445367064983506,1.0772513277540334,1.0573774419062159,1.1122009857346093,1.1027075782028124,1.0043998003866454,1.017111541419147,1.1177360119192663,1.0494865225656944,1.1293000137585816,1.1467129021013838,1.0682174699327425,1.0273017607370256,1.0717736060323428,1.052596260448975,1.0278128740914183,1.061025800530144,1.017596434506109,1.1074600140541746,1.0961283105902107,1.1340096654777627,1.025488943775319,1.0108492265802276,1.0540814608858586,1.0147849680181933,1.0033782132771885,1.0365653646282231,1.1881409308563116,1.1740798427857384,1.0470191477054398,1.105588840470079,1.1398879719859216,1.100670423914448,1.2431611117398405
May 1997,1.1466894197686879,1.050334673343614,1.0912850574443196,1.0708842467329571,1.1208680615013271,1.1171192572529038,1.0158341246028597,1.020591865854329,1.1319253703123682,1.0504625796501927,1.1467034733680286,1.1595665400039876,1.0696039187836186,1.0369494194841167,1.08247181212579,1.0610687099817488,1.0325854277754944,1.0645991957381884,1.0241435764673115,1.117793870007013,1.1163318808319183,1.1460593092238203,1.0348018928281704,1.0152114709277116,1.064006887561458,1.0220999472212624,0.9919605696713033,1.0583870081895097,1.2153782841863776,1.2054568494985225,1.0626223990495438,1.1205330092631933,1.153196792759601,1.101232855021867,1.2740708538538177
Jun 1997,1.1650638393585189,1.064128983018739,1.1084409017993557,1.0753353669917074,1.1379171955555127,1.126103767243337,1.0178014890288902,1.0215938581062038,1.1480251403820272,1.055507763244345,1.1619009833863319,1.1891222515941422,1.0729295011178384,1.0389643410627654,1.0937277578672349,1.076336065054566,1.0457653776870484,1.0733357695684909,1.0381763875605114,1.137611765046214,1.1304463982022386,1.1651816006733897,1.049658616425766,1.0165247734908605,1.0611458166596628,1.024198380497467,1.0055300093401627,1.0679985060791757,1.244630011925457,1.2223786043340716,1.0709888366601292,1.1338895446458497,1.1722972804151828,1.111196400097428,1.2879288643852613
Jul 1997,1.1728056862230394,1.0649052622553368,1.108336363909021,1.0744920378549572,1.1411075106652837,1.1348583098085052,1.0169472809425568,1.0243511756087802,1.1582613128518255,1.0536484491601914,1.1761642209988548,1.2027561516722889,1.0736792905082104,1.0345315806250863,1.1026169191495174,1.074346347153226,1.0346970734717955,1.0694656630737862,1.0204575621133205,1.143678293197509,1.1301868589059705,1.1719726426724892,1.0381697170187467,1.0181788505080087,1.0714029281139292,1.0230223544495345,0.9854917182773688,1.0656119975115814,1.261346430312685,1.245506120346192,1.085831109245455,1.1278701821877892,1.1961381415031718,1.1107193213017288,1.313282610748896
Aug 1997,1.1954845680239317,1.0741856197089665,1.1280180057584837,1.0793626452398521,1.1536780364346222,1.155362624141248,1.0276547548307358,1.0350491017105143,1.1848195889425683,1.0431436620768662,1.1945943929672775,1.2240801595680328,1.0699295420738795,1.0551668505868759,1.1071826721676086,1.0894371181138394,1.0374795870898994,1.0941804618844677,1.0252864971841187,1.1562254695951604,1.1512782848044807,1.1822280379059527,1.055890376032129,1.009396133240212,1.07024898838189,1.0237711789229549,0.9911257699047966,1.0656741089818482,1.2603618729006592,1.2560613812560735,1.0912504091771584,1.1482253493444754,1.2127444803521865,1.121631047434596,1.310362422158849
Sep 1997,1.2042163062515225,1.0803267151852616,1.138212574748386,1.0915386000255434,1.161115247381718,1.162422308181774,1.0244005947627894,1.037951250475635,1.1796832675648625,1.0644159579874475,1.2113179896751856,1.2334056530670539,1.0928739177929794,1.0531674686364592,1.1219177383789223,1.1006161016910117,1.0473655080235682,1.0981002266607527,1.0337300858530827,1.1597586242694782,1.16320062731044,1.1905554139930874,1.0566974107670613,1.0312451022572726,1.0796964344251814,1.0306008990805318,1.0057916561635964,1.0689844640064528,1.2850875822354106,1.2827939618618993,1.0941462358977259,1.1592092990279481,1.2281446398893439,1.1363184302395257,1.34542153196666
Oct 1997,1.2241321084881391,1.0935922870366963,1.1356048457931485,1.08590422789095,1.17028896451835,1.1807553852736878,1.0281733027335003,1.0541522522624573,1.2055733425294863,1.067308342422333,1.2268424647858422,1.2519973772704454,1.0686404139686714,1.0527810956076868,1.1277413962457064,1.1040496702563785,1.0514980370490723,1.0883560156451444,1.0318462767106897,1.172623410605912,1.1793423875363462,1.2141749634414771,1.059372047180056,1.0301716781135477,1.0849142739660247,1.032149456620824,1.0106544569510345,1.0690907565183672,1.289759120580238,1.2851237739610857,1.1038547791015652,1.1535816926462077,1.2367297165352877,1.1355039243381424,1.3520593405683472
Nov 1997,1.2309573986871813,1.0936021428094473,1.1561532305236988,1.0930873779722297,1.1896217344761553,1.1785635110769817,1.029371674555244,1.0533281949138658,1.2075897444095571,1.069047926964651,1.2417085364837432,1.2635937093585765,1.081775632238907,1.064121023523513,1.1378803748857513,1.1057824721332157,1.0433735830673647,1.0983565465776561,1.050660475920004,1.1793978178756495,1.172613932468626,1.2249937282798002,1.0708136573024425,1.0291575573142797,1.100500216599351,1.0461527988810406,1.0162465757427925,1.091359341945843,1.301469477527095,1.302558813063581,1.1110411566690315,1.179239397514761,1.2497667754864727,1.14962965580433,1.3540699447015223
Dec 1997,1.2468247614516466,1.103585442964181,1.1588025528658055,1.0968340840093824,1.194057460516234,1.190628217552932,1.0407721403301655,1.0569935107274646,1.2196589538532856,1.073110894122312,1.2513026325979257,1.2825109764450655,1.095416870312949,1.0736965640898413,1.1457511633930504,1.1300391417614661,1.0530893080083772,1.110167863182538,1.0433219774190734,1.2002684884873287,1.1915242206701508,1.2488990427466957,1.0629043435645664,1.0299258275290162,1.096062152634935,1.049706064923801,1.017308512062731,1.0913185418485511,1.3497338662070975,1.3121779954738944,1.1174234603782103,1.1804532902805351,1.2655368764294896,1.1611558550620689,1.372897607645678
Jan 1998,1.244936375080471,1.0950559833480056,1.151272715954119,1.1033918528322262,1.1908596071280737,1.2071576319006325,1.0445070147784477,1.0391727128417836,1.222810589751379,1.084524542850861,1.2598543438308092,1.282860864788268,1.0877217556120296,1.0624824693181665,1.1507910494445621,1.116222828335135,1.0547799696593791,1.102554865960014,1.0496008477113246,1.2006548423827494,1.200475573862871,1.2467325493686767,1.0699477340735715,1.0350961650939121,1.1059854070758086,1.0410308256802019,1.0107432223416999,1.0945257185139328,1.3310043627827335,1.3171886038025957,1.120964566996074,1.1694494340209627,1.2637756276882723,1.14572694613673,1.3631072039427246
Feb 1998,1.269678592840127,1.1118283264073152,1.1674010100842585,1.1058226494381314,1.2041652936483358,1.2085333988997564,1.0394263129000119,1.0574272937402764,1.2313022348961569,1.088505604273917,1.2651436389585913,1.291216938861426,1.1020340466796756,1.0901786475058965,1.1549040488336881,1.1090793474037033,1.0631808239555012,1.125864087207351,1.0662152221210817,1.2047023475133358,1.2012326432397291,1.2534370101794414,1.0778157242628539,1.0387305563005584,1.102850412423713,1.062383063339817,1.0043265985883725,1.1001667215719706,1.3212413399799905,1.3250257758015151,1.1318493620490935,1.1811525493282662,1.2826302375104157,1.153781587172756,1.385535495626334
Mar 1998,1.2637466278867477,1.1094069076286472,1.1698312118681615,1.1073649270013104,1.2158436684339653,1.2113853936121057,1.0433063978065942,1.0668323251243514,1.2445001006530831,1.0912140704564768,1.2739046793692195,1.3026249044592515,1.092729126597146,1.083006495406258,1.1558848397852186,1.1353277445508734,1.0620291533919726,1.12946889110333,1.0650762859900722,1.2124586871617031,1.220488764574509,1.2695995228584662,1.0761161384137252,1.0298788953646771,1.1045521351764107,1.0558771744257094,1.0226088669183853,1.10077841446825,1.3608835458846853,1.3528281972870262,1.1277315080100965,1.2158047858848091,1.2896146998755176,1.1701203653177004,1.4105828462759076
Apr 1998,1.279400927621026,1.1111613510011793,1.178709725219817,1.1148910637619427,1.2347830476401847,1.2253115312190155,1.0519116358082081,1.061171145509987,1.258174797160844,1.0935614809066951,1.2904262107770603,1.3281694417042025,1.1123621753212423,1.0777131469801322,1.1695123822456426,1.1345054073528458,1.0669856902412986,1.1340424764577004,1.056998208256711,1.2289235840379076,1.225810823982911,1.2731695147422548,1.0883322608125623,1.0446878406368787,1.1143388562928052,1.0571908415341984,1.0222808664462757,1.1058059214793472,1.3764493054573612,1.3554370654663808,1.1352105908844055,1.2072829537995888,1.3046865164398564,1.181231540520271,1.4101797248919965
May 1998,1.2956939108331917,1.1286064250371741,1.1872241921773188,1.124305922161801,1.235510751238897,1.2407225831755635,1.0512178938853618,1.0645084859509837,1.2710933912573887,1.0937124517536245,1.3051444387415219,1.3421936184423298,1.119783108341944,1.0892123067665296,1.1774817669703153,1.1446690275717128,1.0790109097429714,1.143465595107781,1.0609649515237276,1.2410005108480018,1.2359204358673541,1.3001707030879375,1.094496813948882,1.0446889150489358,1.1231488437550525,1.0580389351371866,1.0335102184111677,1.1101763395257325,1.407501329027957,1.3777701550962491,1.149640744893521,1.20888031369265,1.3238497564370193,1.1966764628928714,1.4329521841707922
Jun 1998,1.3098013906304513,1.1363659350873474,1.2028911264587088,1.1275328566926994,1.253578627710908,1.2434443948219542,1.0694798207928369,1.0712665760977766,1.2749983907339324,1.1048007866303404,1.3234112733290044,1.3555950273329667,1.1324908576623107,1.0958331662530387,1.192822277063799,1.1417734797734396,1.0886293104643832,1.1546670873579328,1.072140932664838,1.2562551043286085,1.2528020822902532,1.307313435591469,1.0951473227327841,1.0475562044901492,1.1221562280182749,1.0719286451045438,1.0345175209837627,1.1133842325039593,1.4318772338416526,1.40076131298232,1.1484773994197908,1.2372783438569155,1.334144939251906,1.1962929988709325,1.4307389421287444
Jul 1998,1.3213783025905554,1.143235147204796,1.1998878734371343,1.1351615344665975,1.255896985782843,1.259082152412285,1.0566272043785288,1.0774177304816537,1.2859482900143062,1.1064229865434332,1.3275502610246221,1.3601840304449686,1.1199013613793318,1.0923220842684846,1.1974765030912586,1.146416285299466,1.0884019325673597,1.1503319876544214,1.0612035303352048,1.2588171819659866,1.253644165028616,1.315336515583166,1.101517635353586,1.0452374242924667,1.1391406082290654,1.0671796980720616,1.025784209709151,1.1261668312413664,1.412777388282942,1.4185097773071111,1.16917230441266,1.2444869852103395,1.3433902689047195,1.2050569339388673,1.4655333562340296
Aug 1998,1.3303518253818818,1.1359438412535758,1.2157611721413835,1.1538228353741233,1.2743094950508258,1.2661116700734407,1.0511676028938,1.0772112806095033,1.295611350602118,1.1049378669150216,1.339762638154724,1.376726762018842,1.128647018446044,1.089534546819415,1.2064154283415702,1.1504771061132568,1.0829573642695094,1.1605432182572006,1.0663905089217975,1.2666085362538881,1.2664520081253325,1.3305817859319071,1.1043471590670404,1.0422547913034916,1.135765417719864,1.0681226783331272,1.023826184012786,1.1202900726388396,1.442500539269915,1.437321834165587,1.1732537859867715,1.2572481389429984,1.354767054549339,1.2122810696121538,1.4660768991827673
Sep 1998,1.335718780641385,1.1491969752740128,1.2213177363936756,1.134370481053224,1.274607408994351,1.2808928765873433,1.059158841920082,1.0853897118010623,1.297795846191752,1.113208048133512,1.350429971517987,1.3784798689604456,1.1333058337646849,1.105037554717857,1.2188570927763318,1.1544186380682562,1.0903879893714687,1.1644550390751338,1.0723307932012227,1.2828074175208826,1.2779403684189534,1.333098623196914,1.1155226856329161,1.0498536732761894,1.141604831964371,1.093667835071064,1.0294987596694134,1.1263218982675045,1.4496579459251404,1.4268485509381719,1.1668516518190837,1.2658252378109272,1.3546946988461948,1.2225498777107708,1.4881620091359118
Oct 1998,1.3398353515071857,1.1621587351315328,1.2291149022206609,1.1415902052966787,1.2851107717277204,1.2820368235038255,1.06345818315815,1.085936276400536,1.3080608586641655,1.1174948077923406,1.3455043245516123,1.4002016311738708,1.141424689178679,1.1151570817099048,1.2197297980754191,1.1671843829347779,1.094499256295776,1.1709564752409387,1.0919565221004874,1.2776820569272156,1.2783277619869864,1.3478602201565024,1.1125097760219942,1.0566209228966783,1.1368732247720752,1.0786390032223834,1.0309547548156996,1.1410686560483827,1.45043530088185,1.4350279015758167,1.1797221847755415,1.2660369250543744,1.3607187370288454,1.2285508760169384,1.475241596428429
Nov 1998,1.3495522371895274,1.1549806587534333,1.2292288133735203,1.1520080815183662,1.2909086919630166,1.286260918351472,1.071114049366413,1.0915002070571174,1.3154120622346868,1.1252481314653167,1.3663280912895348,1.4041076511394837,1.1460631202533045,1.1182001691053063,1.223181696254832,1.1729402048535653,1.1000553982599517,1.1746274149224718,1.0884406203541745,1.280179899807274,1.28627185295103,1.3523744350890443,1.1257071926862001,1.0625459988595176,1.1592303212061328,1.077343906143362,1.0259422126044109,1.1450479605150254,1.4468047450008397,1.4398499904428785,1.1814858375268318,1.2548903078934641,1.374908667315787,1.23052537918066,1.4670315195518717
Dec 1998,1.3653500038119004,1.165217103320736,1.2382897412720322,1.1630302866172055,1.305345471555273,1.288786608894595,1.0741215765229577,1.0959265248136674,1.3224826493936779,1.133648365227202,1.3701044815821293,1.4011624720893001,1.1442509063844668,1.1236155546499997,1.2384551333104858,1.1774576781525652,1.1072858742469227,1.1847247137929258,1.0800464425919334,1.3040782174020114,1.2944437264994908,1.3678921340767158,1.130181196695321,1.0672108678883883,1.147543296512614,1.082942701285602,1.0440144469781363,1.1573987541820066,1.46079311656003,1.4637448904106984,1.1893077059585728,1.2654658881079366,1.3849564440934734,1.2362850000533454,1.4891951529862497
Jan 1999,1.3589831556309924,1.1534774339909837,1.2359320401153016,1.165035879433595,1.302994193019166,1.2865795328909593,1.0756049263875678,1.0879070280410637,1.3183051175580407,1.1343247895292778,1.3555300308202238,1.4010935958809978,1.1675413833941823,1.1162708038076068,1.2343350442572112,1.171752797881555,1.106965624189679,1.1849703509324785,1.0829854344154266,1.2949624909961948,1.2959843657595618,1.3614234874965503,1.1218370612993716,1.0575324311655583,1.154301885358165,1.0890742353614382,1.0231797901501076,1.1424655951402831,1.4656709271847548,1.4436823330254207,1.1896243696361601,1.2819110022173992,1.380826319950743,1.232962175843111,1.4635659179533984
Feb 1999,1.3613558458991046,1.1829145366111273,1.2477788058513086,1.1636889780121111,1.3071840179465661,1.286196668035478,1.075560055906121,1.089235363629008,1.3321726638936966,1.1412380532460493,1.3669520182044974,1.4106110826994223,1.1434153737816435,1.113539822350512,1.23966076771006,1.1750709092178975,1.1044758060625555,1.1926194458740709,1.0931554011264708,1.2900228429312033,1.3077427079516442,1.358965154743387,1.1289374525406315,1.0597327638822682,1.1472971569787256,1.0881329897391037,1.035789909530184,1.1439145275571652,1.4819984157013466,1.4609082870563397,1.1940879722944056,1.2885760487266336,1.386713357654327,1.2415621027969632,1.4963245457556174
Mar 1999,1.3701390750933338,1.1763805933615712,1.2531572104422029,1.171061701647446,1.31848846512094,1.305971185607799,1.080327453309586,1.0993962182757728,1.3342909021182974,1.1405171048906229,1.381703254339002,1.433218054292383,1.1552292543420475,1.124564833447192,1.2399323297984834,1.1904569622681749,1.1024000580800855,1.203509380732449,1.0963467819342567,1.3220529876003002,1.2986866411391131,1.3688688282102652,1.140306999669172,1.057337826260287,1.167002940260139,1.0926750089282367,1.0400108538153665,1.1492538637751448,1.4922277041255418,1.4804632221825569,1.204413722525574,1.3027827816697861,1.4006014432255054,1.2563929818021589,1.5041687439059228
Apr 1999,1.3875841830332074,1.184681535159102,1.272068167669289,1.1766785321686397,1.3364048259390722,1.3217156696901717,1.0885707822594735,1.0998361744284566,1.3547521005605623,1.1502401120318146,1.3980622397588147,1.449151538702714,1.1519029581119726,1.1434115130387614,1.2582984961402517,1.2014311511690607,1.118071419397362,1.2191418109487695,1.1007058496571709,1.3168415733297598,1.3217046291575154,1.3852697857739233,1.1416123671812621,1.0639096456872859,1.1615098797848298,1.1008896831327883,1.0496298312882892,1.1564519599636782,1.5149748608198166,1.483655323799615,1.2115602803043508,1.293478468220324,1.4140201911707058,1.270952787707275,1.5172907135114602
May 1999,1.4058748379344943,1.196393629197945,1.2773759722302525,1.1851228490359724,1.3467482788146163,1.3467725681363145,1.0895482667485257,1.117047743934826,1.3653882722886923,1.1591776943819632,1.4158060755954076,1.461494849770577,1.181685601270894,1.1453372102570376,1.272125129192191,1.198713019369208,1.1266834514964703,1.2223988360544258,1.1207900825662722,1.3362929374401724,1.3301719542230144,1.40598658329975,1.1597256675195964,1.0662871183221374,1.1807318817477546,1.095251635790102,1.0366210807930523,1.174449835923874,1.5297769981049996,1.522314723815603,1.221177931384646,1.315639933461761,1.4368633113482876,1.277667667893808,1.5493820090091808
Jun 1999,1.429284610717871,1.2054041103886066,1.2952484101542463,1.1912091776509084,1.369956320985399,1.3562860529680931,1.0870291856168723,1.1156958571188689,1.3800056602247184,1.1725268301000735,1.4392732361874387,1.4955696769759332,1.1807401961833934,1.1527652679548743,1.2902745351398515,1.2064730374657946,1.1231499575365733,1.2365202903194885,1.115976371413975,1.3488551432137386,1.353606555107146,1.4311881765696164,1.1631800415759062,1.070287543673542,1.1918191600139871,1.107865732948405,1.0541922397367878,1.1840754727086988,1.5747592876134564,1.5489890020173795,1.2369351374177393,1.3182091515363625,1.4552606617103148,1.2893723063723588,1.589280543935491
Jul 1999,1.4443750125730157,1.211181879102252,1.301180360520785,1.2069908532706914,1.3851160438963828,1.3732831648556145,1.103820420179543,1.1141539671882321,1.3967080339060414,1.168935352982229,1.4565864027254365,1.5170626118548098,1.1809141791343492,1.1478997491341958,1.2991022771283636,1.2126238369059106,1.1345234782429672,1.246924658882489,1.1165565745318096,1.3576967186573046,1.3702139785282481,1.4445902398964272,1.1607841950095352,1.0815958924910827,1.1889941024821802,1.1208092115285457,1.0413376640270042,1.2032622534963715,1.608547479871927,1.561668166823031,1.2541574876967465,1.3412485889440469,1.4799713022069196,1.2980524841609495,1.6134762534345488
Aug 1999,1.460235755711677,1.2235209521104917,1.3334189234659972,1.2098931706435938,1.416472614463904,1.399734909146319,1.1165221935866896,1.1269896998405269,1.422936420846136,1.1848028302921325,1.4837995543174125,1.545241064670817,1.2028638038197366,1.1586306551801393,1.3148253652337847,1.2367198248171205,1.1463311673686947,1.2672615080433332,1.1331026020980945,1.3813887460224386,1.3894922451559466,1.4667076773912129,1.1751697988284213,1.0833887688624693,1.2195332447298124,1.1296864403690712,1.0551580942459826,1.1991117115717247,1.6340946925507527,1.6014679739301338,1.2618921444892537,1.3472403010600955,1.505941269483407,1.312179941734059,1.6518482471117744
Sep 1999,1.4992146010795482,1.2279644430507044,1.3344716303552746,1.2189258995084826,1.4367709005708487,1.4207490490279169,1.1005685562462257,1.1383328062016131,1.4453625654463165,1.1928913770451723,1.508927983691783,1.5754170389438704,1.2105255250836553,1.1691617396877487,1.3290679044038616,1.2477951654637054,1.1417040597906956,1.2700532840459415,1.1379631873009575,1.4070719200515998,1.404022904974939,1.4874721070405095,1.1876136473125163,1.08934965407931,1.2231157956017364,1.131157676709177,1.0557092311342475,1.2122720389176374,1.665618543519818,1.632753279887702,1.2744753228201606,1.3786398656679353,1.5341108764805327,1.3241418284449202,1.6726867199405482
Oct 1999,1.5168297868565144,1.2473552673352235,1.3517098499802669,1.2302963697952258,1.462168308803487,1.4473807687341649,1.1185771309683097,1.1417951657329855,1.4726038578804364,1.1991990854992944,1.5395383145319181,1.603469342076574,1.2074633105990762,1.1688822385110758,1.3493856550105743,1.2659905980659678,1.153524204976189,1.2751295647354264,1.1474684319553157,1.426989573979653,1.4243147305937818,1.514004872892074,1.1855155505076602,1.0889949802564023,1.2330623429618257,1.1477881514549941,1.065087663612912,1.207200036915037,1.6977295907070127,1.6707338814556651,1.2969891878031148,1.391731595653742,1.5567960930106368,1.3376295688994908,1.705792203664563
Nov 1999,1.5408775483723496,1.2606340085157397,1.3676151815216033,1.24001361253123,1.48964260423664,1.4640695428052268,1.1207685650349326,1.1501691752738574,1.4964688205663887,1.1959180702287833,1.5639481669452178,1.6414790299803415,1.2200705825386957,1.1824869085260217,1.3700958263338716,1.2815447074758337,1.1565822476015153,1.305478432306986,1.1510484288946077,1.4358470060266706,1.4537396705297072,1.5483637271676916,1.2037443026626962,1.093748268404294,1.231519770594037,1.1480729244865149,1.067977000114811,1.2266355952034231,1.7154162536080821,1.7058455663238055,1.322581085240547,1.4103511481715119,1.5850446654383745,1.354938081302052,1.759276144336223
Dec 1999,1.5711397989400522,1.271003954066422,1.3870603251681213,1.254182668331671,1.505881271061505,1.5017548062294543,1.1271259934790268,1.1666071204016066,1.5243606566711936,1.2247820128835476,1.5946479974515972,1.6752506850215514,1.2222465060726548,1.1827971861738846,1.390948229857534,1.289660798175287,1.1661707676317736,1.3137614805808113,1.1655722082271436,1.4712523909246882,1.4810909037499775,1.571760742992652,1.2163125616124089,1.1083314795947925,1.2713859277785173,1.1598431970809142,1.0688823191436163,1.2385376771506524,1.758972567141867,1.7350123128601451,1.3265117958875636,1.4229648104275174,1.6216334704797992,1.3732170295363322,1.7843578575032055
Jan 2000,1.578950012499709,1.263261006217139,1.3969860803497838,1.26992607933957,1.512584047660586,1.5014238297616664,1.1324232508005627,1.1548797306967582,1.53113017109424,1.217126560668585,1.605622182089777,1.6994047128464547,1.2214416451077719,1.1836121540803104,1.4057516372359502,1.306588274389151,1.1707167935851417,1.3112250434000776,1.1539642259617937,1.483187001905404,1.4932527638924775,1.5798009248260656,1.2104220032817956,1.1032676075837275,1.2740857208794425,1.1573793757027218,1.0646915980658216,1.2286486801658927,1.7802344228356048,1.7349006067924782,1.3368811044382212,1.4306589691770244,1.6300179172007359,1.3751198812869538,1.7848035200283636
Feb 2000,1.6063895650226132,1.284619493950913,1.4014012545843801,1.2703802210334054,1.5316249700471587,1.5213207178030677,1.1361895124451153,1.1576258500093337,1.5575670237948607,1.2308649990017884,1.6295765078887205,1.7175695197669494,1.2261500401963015,1.182636016542611,1.4207931487869543,1.2926390099315983,1.1734973015564893,1.33655771474535,1.1767889745687568,1.4894000442763884,1.5049135182396525,1.606581149392607,1.2266244057668028,1.1033146536206169,1.2775017613885795,1.1407516654509597,1.0678092647038957,1.2473901120688409,1.8022942645182813,1.7747098230346698,1.351837685927958,1.4125694177808252,1.6540276505205425,1.3937663881884854,1.8002348800972787
Mar 2000,1.631550968857267,1.2889538871148276,1.4248733220068253,1.2812104832584692,1.565768053798564,1.5340789757283502,1.1397595240726373,1.1787513997619723,1.5894746809208231,1.256552883786124,1.6557629775121643,1.7478630567047506,1.2284862758966957,1.1966014709224528,1.4432277978243155,1.3138919515143141,1.1849232111983095,1.3367654127150268,1.192823087380935,1.5221837488460959,1.5357129814859392,1.6375924165762794,1.2324025671118768,1.1216844337690395,1.2982738916886234,1.1734397473626554,1.0750823476836564,1.2776804280888696,1.8459303477059346,1.7963491995210035,1.380607147388832,1.4789534071267116,1.685942736806303,1.4167043057449744,1.8448466163736448
Apr 2000,1.6595323330282648,1.3100687541208786,1.445475874063877,1.2824308912956155,1.59532453337867,1.576909408236902,1.1505300000329166,1.1865641170240586,1.619877771438051,1.2452002666001856,1.6905541465976486,1.793794743057866,1.2442260426372427,1.2040685982892472,1.47317865246134,1.3257715496380102,1.1974992299427045,1.3626978907253664,1.1969210371696684,1.54946016996474,1.5627650473572412,1.6711026474989157,1.2409701244387676,1.117660091997142,1.3007555616709734,1.1803157451167607,1.0978654393581964,1.2783834640826757,1.883039864383747,1.8540797995477727,1.4056838549251793,1.4775848564445149,1.7166259017063048,1.4227569768692525,1.8931521590774927
May 2000,1.6861509199949145,1.3262024304269506,1.4610206811968809,1.2857850294641755,1.625966106571137,1.5891975019345925,1.1542945663589417,1.1916529960529842,1.641626259120524,1.2581363066641889,1.713190221664829,1.8235194913365609,1.2484347242529799,1.2178870058411835,1.4916502363338362,1.3337287083007994,1.2025513657811981,1.3702409599960652,1.2186979704520127,1.575763578085937,1.5741427366628886,1.7072495430680037,1.2585373501927806,1.1199850400931615,1.3210211156012541,1.1787369818349858,1.1036008299718085,1.2918166799781317,1.906617701107981,1.8671032760442559,1.4416831113165052,1.513847120784603,1.743754911333091,1.4476422198338132,1.921325989473016
Jun 2000,1.7126534589074278,1.3501959456337638,1.4859646831221895,1.3123700718820352,1.6458417705221886,1.6170085888422978,1.1769568430457393,1.206968695438193,1.6765556611720571,1.2679766172792108,1.7538907308468472,1.862091317305045,1.2562680602338432,1.2179162545149083,1.512678956470308,1.3526141807303176,1.218329536311255,1.386866964796038,1.2199918217536534,1.6047102695404696,1.6178810504656782,1.721844204215591,1.269966697929304,1.1215326515520327,1.3416598730390357,1.2002043863538046,1.0956158365918576,1.310063845633851,1.964350126794483,1.9054052433240183,1.4479298165375067,1.5248850164973604,1.777410723622633,1.468328258830384,1.9453846664255858
Jul 2000,1.7336837389146063,1.3494054111155995,1.4913348298805027,1.3201769789519944,1.6585210576976122,1.6318396948552731,1.166163087958488,1.2183480433156053,1.6853891413998427,1.2857411996301698,1.7614781566664592,1.8665534400153299,1.2779377294002556,1.2184508594920316,1.5389330157524137,1.3706332964224717,1.2095224210321862,1.3908774670560669,1.2155003619343268,1.6220847448907016,1.6168102722007143,1.7465371938595278,1.2798796331823998,1.1356362390840735,1.3578941264099715,1.2077725141595428,1.0967113936267983,1.3049626604589695,1.9772254705776526,1.9022824608853024,1.4543398519021968,1.5665578614125697,1.791524064249624,1.4875006476295691,1.9625027520040568
Aug 2000,1.7551345836890817,1.3738083707520206,1.5094372325239451,1.3363044523087537,1.685329688919025,1.6496310524194593,1.1725395654938693,1.2403604399076473,1.7113684356689005,1.2965898677845713,1.7750698069437705,1.8784708154139234,1.2954918876574666,1.247427098537859,1.5496723618035744,1.3691555921477472,1.22266273138233,1.408216361033481,1.2173220928680537,1.6321184053901632,1.643608968029632,1.7671694425468791,1.2868420419336732,1.1401491299074729,1.371194961348157,1.1998251496916346,1.1093128892253508,1.3458704004061017,1.9777202235065476,1.9139530461225311,1.4633051236392045,1.595503664842357,1.8120836102706566,1.49714243896625,1.985472101017512
Sep 2000,1.7563482972377338,1.3718824246466037,1.5074204563516305,1.338266839113973,1.6708416923033163,1.6598223821921614,1.1794015993056568,1.2298963340424411,1.71870763376856,1.30122075678181,1.7755094609956588,1.8818710635494744,1.30303008063681,1.239287639189916,1.5558549516098217,1.3815123692179703,1.233059236498222,1.4030112556584302,1.2293261164352325,1.6568505577318386,1.6649075122268826,1.7789587648413314,1.3058532734065549,1.1360340428804996,1.3727711331303938,1.2190143660202926,1.1336658244970295,1.3355727390923438,1.989336994391177,1.901633107954188,1.488206228696514,1.607390683114073,1.8070974233180002,1.522854250840354,1.9499212464424347
Oct 2000,1.7572302291787572,1.3757903496548025,1.5276899926818805,1.3561011610863374,1.6938392923245915,1.6662939599154865,1.2036495738319213,1.23439115761711,1.7278857821107445,1.3098432470407073,1.7825446630759587,1.8822495171782616,1.3010145788935945,1.2442865872994207,1.5685154297959734,1.3848107027662033,1.2363973344175578,1.4325946813689914,1.2511888978373353,1.6518541451316366,1.6510920656703756,1.7918802836518577,1.3000389466171867,1.1432105973457092,1.3946723965753112,1.2234987594670612,1.1224260130424146,1.3528421158233923,1.976925069735141,1.914856765094943,1.492331783531888,1.6128087637715187,1.8126289994780072,1.511884262773779,1.9478453106872067
Nov 2000,1.7775218910652761,1.39069029450764,1.5411749593273907,1.3620921119757592,1.6963329964126863,1.667755212001597,1.1846762216296325,1.2362437200394572,1.7238113366017938,1.3025343729644685,1.7949965741933944,1.889645748165824,1.297123130257555,1.2530853679385663,1.562867438373557,1.402342199556125,1.2421112516287165,1.439501807497665,1.2541179037754209,1.6593696319543492,1.6590497324830171,1.7813176564282858,1.3026467736997558,1.1476520691809466,1.4097711582049333,1.2131360560755997,1.1196536802904113,1.3542742489612618,1.980944397673419,1.9396438238513725,1.5049395987441232,1.5866585671890965,1.8063961060421392,1.5267218161664902,1.943544498319111
Dec 2000,1.7871345008395825,1.4037066647761585,1.5559984772306426,1.381452721547902,1.6971128372808646,1.6874896399193373,1.2138522319865392,1.2435677086411943,1.7473316826143033,1.3353664766510156,1.8067444315804104,1.908370394139968,1.3197163859443668,1.2686885168745174,1.5915798669474468,1.4086009117770428,1.2462831535049728,1.446048061628181,1.278330963348491,1.6890501814770371,1.6834086837252333,1.8062218713264366,1.3431413409263588,1.1523427004588165,1.3978538325785026,1.24080432718528,1.1299439099654973,1.3763911138071176,2.0204708123365696,1.9378377800173403,1.5064344302385297,1.5872994968353997,1.8276952571918346,1.5464129481759925,1.9727487670739927
Jan 2001,1.7758612123835091,1.4014103491256158,1.534974755327221,1.3562469100491732,1.7027831641313278,1.6722846101536297,1.2086349976691435,1.252443567502972,1.7389136126359646,1.3072726301964313,1.7975411669724009,1.9125568566131026,1.291205272075291,1.259561743223137,1.5765464824089281,1.3955008706821865,1.2432149518446907,1.4542914517706822,1.2703353490996674,1.6725062504386112,1.6752154129303114,1.7938479553462243,1.3134779340219407,1.1384388752202053,1.4067306406293218,1.2142277376848178,1.1237843656192241,1.374557003617483,2.0368368001706063,1.9424432851170632,1.5286222777777174,1.578757829578274,1.8228961887903474,1.5351382317845785,1.9909361951630893
Feb 2001,1.7796428721968045,1.4261731971272638,1.5553372323588988,1.3787963162577213,1.7226118881799155,1.6871614689853234,1.206254770058193,1.238444731960541,1.7526489030944468,1.3237430481165178,1.8185224703104368,1.9058832050239751,1.3061801006935447,1.271714485552861,1.5996489221092516,1.4222555739699911,1.241878111328003,1.4578915332342293,1.2713313599638443,1.6805759805507585,1.6889263272469641,1.8119901026669594,1.3227660868135176,1.163906683933064,1.421477248006303,1.2034948431602575,1.1347883482765349,1.3823739220225275,2.0228420191166414,1.9393806774587263,1.529767157451714,1.6115204300660275,1.8392998484286143,1.5427877108177996,1.9940444780386297
Mar 2001,1.8040046921855397,1.4314583487704577,1.5757397358460243,1.390354874267815,1.73344307204284,1.7054398970579878,1.2134096463503667,1.2576299314111137,1.7735307479492288,1.3429898473264978,1.834277820469698,1.9152773253234185,1.3216999415278214,1.2908513386855054,1.614525113643965,1.4142768525505567,1.24596621343184,1.4842280739430052,1.274278940585801,1.7101997666980149,1.7038548221281833,1.8289197526293044,1.3396868148925374,1.165386231363434,1.4313792215921586,1.2223808153508595,1.1349938288064563,1.396446894067324,2.0758654467094333,1.977277862505563,1.543517079917283,1.6283031640447385,1.850885683849877,1.5763037313254638,2.0132286239586064
Apr 2001,1.8205783087171976,1.4532235272449168,1.5807045808849454,1.4033176185456728,1.7598586259882516,1.7230319835743944,1.2275328485975212,1.273340102066379,1.7930059727259704,1.348496390003609,1.8591703531253574,1.940072363792915,1.3362605379007542,1.2869765642615874,1.6427708601632118,1.4461820835773476,1.2557950848013062,1.4905148351773978,1.2988718062357119,1.7298359611240786,1.7266978497415582,1.8673068989843693,1.3627303814631273,1.1531467044357246,1.4534668136623161,1.2616866769936395,1.1454290316245117,1.4417771019731012,2.1000122884704733,1.981772554123376,1.5791220703819866,1.662403736571115,1.8794941432299113,1.5894131973270667,2.0383429501939565
May 2001,1.8547514230534867,1.4636846979068605,1.6136038326473525,1.4374589126447828,1.778553098200414,1.7495186536224387,1.2259331946335916,1.2877211125641785,1.8154416573826615,1.3799638158030396,1.8861987908292588,1.968905118385194,1.3592288420805325,1.2904685654741008,1.6581077343584076,1.4551518641073857,1.2776243567146173,1.514464389095497,1.3056428879040443,1.7515710218329241,1.7493704770275962,1.8887740443011622,1.3771435299700454,1.1875353753338906,1.4760522328238312,1.2713272676626424,1.1594166809331654,1.4447301607458751,2.1287892335786536,2.021104071248011,1.6047002680368605,1.6913103530406541,1.8984317584890564,1.5993343627032919,2.08578207457888
Jun 2001,1.87399882466723,1.4873281681325399,1.6299319800364904,1.4266798515804462,1.8128018809501043,1.777370313554016,1.2556923138735916,1.2964968199875544,1.8529583389327804,1.383754730839284,1.9193988988544313,1.998776929075109,1.362578317901261,1.3290598194401784,1.6906863952505382,1.4989023842767832,1.2850732980966668,1.5237725674045426,1.3108418830745272,1.7771751674811194,1.7695000671303047,1.9292132198809262,1.4016858860290977,1.1875116172938969,1.4900792095428799,1.2983069738746547,1.1709480281558229,1.4494433457139748,2.160505928555783,2.055720679244326,1.6289893941476539,1.7092922884774833,1.9307438600292177,1.6359536856529662,2.1078007194884725
Jul 2001,1.883329465045183,1.4948818413033058,1.6323072581030973,1.4398031053307403,1.8233168171771044,1.7876787460039247,1.2497758615412267,1.3201896523348913,1.8706408874794782,1.3966314739379202,1.9333871120664081,2.0254494290130487,1.359783805442996,1.3477914844549876,1.710327360198175,1.5026379233922218,1.3009607275991417,1.544224140588394,1.322596483058171,1.8001041862372533,1.7816445252313193,1.9485593223359785,1.400523912082001,1.1856391012454586,1.5167040500504563,1.2884552834498317,1.16825481413439,1.474277901917457,2.181016144513268,2.0872727847408825,1.6623966275260318,1.7299495522696966,1.9469434890703534,1.641009214328383,2.138790815806513
Aug 2001,1.9081366175777252,1.5138340775155537,1.6641631302344593,1.470274071756518,1.8567867139698022,1.8297803853219445,1.262086094766986,1.330320572696008,1.8936818797013568,1.4131827156139598,1.9603563692906467,2.045264147944238,1.3833709890729025,1.339898189281998,1.7499946852831627,1.4999958126321,1.3173065483557946,1.5459077184258798,1.3346366040503868,1.8319205989963265,1.8139818491992656,1.9751338533589913,1.438023094445172,1.2095928355112895,1.535841643977991,1.30936301019399,1.1889291341744717,1.4952691323004677,2.1959898876414403,2.1133750507345472,1.6992468336176911,1.770864770399354,1.9778150072214586,1.6597662808124134,2.150166135140513
Sep 2001,1.9369304142818646,1.5276392810340356,1.678753030265214,1.4721974107419724,1.882841807118863,1.847057840466365,1.262738432903567,1.3428775733554588,1.9149870086171261,1.416581401597348,1.9735676372290079,2.0769237865990142,1.3820900527176692,1.3396738398538952,1.773414500464796,1.5461293924783728,1.3244511478922998,1.5551062668494657,1.3606672750457496,1.8534122386405631,1.8369591537105312,2.025697312927004,1.448116731837798,1.2257596919627172,1.558351589526497,1.3252266854796897,1.1949368194321819,1.5025547174970153,2.2346095969116013,2.1302404783522917,1.7234634025894153,1.767920121764537,1.9931023575589164,1.6827060806644676,2.1880235940222863
Oct 2001,1.9502750285138268,1.5469247286542875,1.682740418828576,1.4970081953654195,1.898909227930827,1.8693830113411087,1.2832926099077109,1.357788122585984,1.934339472691897,1.433804642379261,1.9996436711661782,2.096556559370461,1.396496311787811,1.3664524570607817,1.7868555939170279,1.5359315907681093,1.324602362069906,1.5859090481789655,1.3554109450904757,1.8768201275556882,1.8624495178815281,2.0204322454434065,1.455275264332572,1.2109545525471763,1.5746783499564616,1.3286011488483986,1.2189697600505378,1.518665507468123,2.247206182600821,2.1554679967688415,1.7265600377339212,1.8259924522710473,2.0132765887084174,1.7088747698107853,2.173995138122117
Nov 2001,1.9661534609307414,1.5625636938709895,1.7169596348075864,1.501677453596045,1.9040003386719062,1.893153779092089,1.2910308683572076,1.3569793206405476,1.9585309733936342,1.4408193848283282,2.013891742553731,2.1207288156767716,1.3819029112789512,1.3878308261278673,1.8153252599135514,1.5539630070006643,1.338822608161785,1.6089904600738263,1.3738358511575635,1.8953730705058573,1.8648793805139998,2.056679243279881,1.471482635353343,1.2223977686328955,1.599280319709922,1.3294082762215818,1.226329612674357,1.5550599010399107,2.2621107721375635,2.1607150627373324,1.7433084661837854,1.8376928961498837,2.0342637410680564,1.712472653654825,2.1857340193988715
Dec 2001,2.0121632159142226,1.581935122773879,1.7209077533471289,1.5269763241967806,1.926068769089226,1.9046967968763087,1.3020209383453598,1.3778132794138565,1.9770176823542025,1.4702987257305513,2.045566086001939,2.145931492707677,1.4322748370085086,1.409702518433246,1.8433142210180276,1.585894855926484,1.3459693347782675,1.6232145757896637,1.4045165702365607,1.9355397438048778,1.8981909183662462,2.1021012620230053,1.5040473785012891,1.2420210500753115,1.6401874773557965,1.3684147398353808,1.2593071112824905,1.5625251651986953,2.3012985840562425,2.1943310739002255,1.7757589066618942,1.878034913337839,2.050942512223228,1.7595870566636849,2.2108048051067284
Jan 2002,1.9865996594965554,1.5774648472247796,1.723238418592726,1.513102170488284,1.932363213625728,1.9184445192624062,1.3047184602754598,1.3792566856504003,1.9844776459473867,1.4724515777717835,2.0349581338573963,2.151438617434275,1.4323266052183465,1.4006668884296323,1.8389238077295333,1.5698004284039637,1.351119634817611,1.6188011059242766,1.3872818060425265,1.9203172932268466,1.8943168795043297,2.081225329174102,1.4847223695480278,1.2356573198518088,1.6187714934986503,1.3684003446229225,1.248997242005641,1.5543517889390004,2.2841480428123604,2.187055412544896,1.7824262420547419,1.877312481152056,2.050899794584034,1.739996811451971,2.1817076324888665
Feb 2002,2.015556201178461,1.5880597892662949,1.7403187701918545,1.5302595812334654,1.948093650282468,1.9454617213610672,1.3174297154217969,1.389612026967127,2.0020101550447715,1.4666126752359407,2.045053174931733,2.1521737351053876,1.458754377147088,1.423920311765121,1.8439952953010972,1.6069214674653973,1.3585754628382414,1.6408698215234434,1.406791371214891,1.9462199843689936,1.912640078258145,2.097129878964557,1.504505828897228,1.2502432268445833,1.6313621340661275,1.3532879057122735,1.2430578795029237,1.5875148541376127,2.2990090413847137,2.2006055460253893,1.7949445017233854,1.9037954673885173,2.059895703148352,1.7749100021437212,2.2223597160347515
Mar 2002,2.0492258539700763,1.6170521226872745,1.7647630782644803,1.5469451924775086,1.9903598619008012,1.9609423639544383,1.3329734662116952,1.4099073647837326,2.027224575046128,1.4874814905624791,2.076548442311803,2.1704874457696732,1.460686800179019,1.4360028056418015,1.8916466946267567,1.6403044386511887,1.3690977868065726,1.6679770587114848,1.4356965067970178,1.9772536975355834,1.938622873612071,2.142165866285316,1.567806601138823,1.266559690625015,1.6652510967104777,1.401408505491024,1.2723705708849133,1.6335745419736416,2.3442727677357236,2.2373583049551855,1.8428248298273753,1.947747206224046,2.1002800027725153,1.7944059533065604,2.219993183021378
Apr 2002,2.0737238053692626,1.6524509893483526,1.8028234399743555,1.5838619626761876,2.0117624840114923,2.00201108670695,1.3444449997826242,1.4269895772981773,2.061026281929202,1.5194820230864858,2.104768904842418,2.2141439973061896,1.4882108552422926,1.4669524290365599,1.9398904225711537,1.6447847717860067,1.3888796012540723,1.677018605851163,1.4253434415806865,2.0160161537113144,1.9759827350757981,2.1694730419805754,1.587651230699894,1.2886634846078235,1.697105864860286,1.4165546575610826,1.2976901885121805,1.6534973787280516,2.3599553764893733,2.2699906136970864,1.8651006444158347,1.988509809925368,2.1196130518903544,1.8307162192543096,2.2907784432109506
May 2002,2.126100051190196,1.6782353801263261,1.8296221776179769,1.6193599268171597,2.058762123326451,2.048400496510577,1.3924181785409147,1.4638300615487323,2.104698103336634,1.5581776415062962,2.1467250759355854,2.2457098476093718,1.515912838838492,1.5268412666777111,1.9695448330616563,1.6822079484117571,1.4195360131742865,1.7284201227782197,1.4795876209534304,2.057463121334283,2.0169307067449,2.2171078918270237,1.6207780939529455,1.3163301082933276,1.7706269090930007,1.4441159773512993,1.3605381158907568,1.6894792391737945,2.407411011753803,2.3098638674183603,1.9249196489784788,2.060940124637998,2.1619907217783183,1.8750618070475809,2.3072559509845063
Jun 2002,2.1754486081909947,1.7316582405283805,1.8901431130895234,1.6592205369387474,2.118714467191892,2.109601317265294,1.4185198622724742,1.5238671095963523,2.1615550814061697,1.5933676909092647,2.198089464123466,2.3027484770188376,1.5205812126010287,1.5585089092207902,2.025456697073471,1.7555862696879718,1.455440059308185,1.7775482148590505,1.5042018713141578,2.1188556085361117,2.0691925111354843,2.2877270344143987,1.6712926461743338,1.3497265159122842,1.8061329600112292,1.5283051698862513,1.3769385648489711,1.7676044023788204,2.481363105156429,2.3531857844921755,1.9811312862685715,2.1675802977175542,2.210658562800825,1.9252649324533055,2.3653242639653778
Jul 2002,2.211387500411763,1.7480073837427392,1.9094652932589997,1.6951606911768264,2.1586291295842033,2.1490656098166343,1.439619400960121,1.5309360101877552,2.193531040235895,1.591815585900797,2.222218669887932,2.3292434559254427,1.5729900396172258,1.576090027816702,2.0686194095347554,1.7642452419922072,1.4924760065642393,1.7890569092728112,1.5338141558533276,2.1681395741786527,2.110469705871318,2.3116235303519894,1.7115609056716223,1.3674338186512698,1.8351083755296984,1.5218119955954115,1.4121500656954558,1.7881135440927447,2.4888793287951247,2.3967287235825236,2.0223292915414697,2.1746452624906603,2.24047614810224,1.955226564110584,2.3912052077684725
Aug 2002,2.260375579543343,1.7962899725705643,1.9548522574162255,1.730445271707795,2.215410433538464,2.2025642489117367,1.4800828422359458,1.5781479939008423,2.2452234507418125,1.6324201023431193,2.2784003065459677,2.3877088334140364,1.5806864056757075,1.6273315462060185,2.1169270974739476,1.8463336060861366,1.5203646274251588,1.8342448920643848,1.5427345276424131,2.2115638415187298,2.155882797991964,2.3712289511484568,1.756445330623642,1.3881991774473492,1.8822385436942457,1.5520377284133016,1.4375348364260883,1.8784374461250193,2.5324658533198914,2.450555831168543,2.1095387752840375,2.2575572321764414,2.271273478786281,2.0050586254578686,2.4422213979893717
Sep 2002,2.311196138911229,1.83774771376739,1.992524696694524,1.7676388141697486,2.2636753601897848,2.243841707355557,1.4774311547112462,1.5908752129656971,2.2869833710481826,1.6650220945415646,2.3055993703597464,2.421980004057584,1.6019506152010843,1.68022513252349,2.1547269131298283,1.8467277852510786,1.5202471278341059,1.856236991901416,1.5738824190217673,2.2553506860279837,2.199155373335478,2.428577651959208,1.809921837041007,1.41053526391341,1.9321765420075583,1.5884304009335914,1.4586365885225918,1.8994348198427549,2.5799872858078405,2.460849118265273,2.1433326243998256,2.329865289038707,2.307789764020669,2.056987659971356,2.421020714404128
Oct 2002,2.361627646147319,1.8672402098334224,2.0280361794979,1.7893624191884163,2.2852627551519986,2.291067080989873,1.5112337353088372,1.6101242016556754,2.3114357634734914,1.6758060637169387,2.34434553743506,2.457090780811581,1.6216960057623862,1.6899182062185458,2.1740170169797612,1.8551545991242004,1.5640899351562254,1.8833469996695702,1.5948414865501226,2.3014114621548285,2.239871180797789,2.4685353938791765,1.8322779521634278,1.447581816646184,1.9399828904215248,1.6008125013337395,1.4811673766554776,1.9404525389194724,2.588657229999576,2.48565853364041,2.1767463056473875,2.3402091921651573,2.33854830221186,2.080312383715723,2.4711935532288476
Nov 2002,2.3998866837238357,1.9048624355883066,2.0691973736887,1.8436696517833555,2.3250407166927585,2.3500254709323833,1.5326209102662514,1.660838559528937,2.3572829976011542,1.6920377090927354,2.379193745774041,2.501403791778662,1.6751026953019554,1.7360299984085201,2.2098162073340375,1.9216455394723995,1.602575303028005,1.921258330352503,1.6222128328489778,2.3376745487549626,2.268991286625088,2.4984205962525055,1.884944924821816,1.4860758408019306,1.9730021312737345,1.640988169548718,1.5446833612217146,1.9833754368897054,2.6189439198299236,2.5401638829360302,2.21098781935307,2.4376092208657827,2.370313342434678,2.132687775466801,2.4660934052023054
Dec 2002,2.444781665975665,1.9443348360516064,2.0909028913646,1.8842081098750507,2.3660666157631876,2.3690471766840986,1.5831076115153828,1.7023889431866164,2.3959577192753914,1.727176664304404,2.427564571038501,2.540830828922625,1.6817421776527177,1.7983905025052378,2.2530922018521498,1.9633220681125638,1.6182311749149545,1.9440045232100804,1.712600059929472,2.386010533490993,2.315484075934816,2.561413469179383,1.91669325951532,1.4963500162922383,2.0197326629078356,1.675559860591665,1.5814344508945866,2.0186321900189257,2.6622575095822025,2.571578930878685,2.2531120958431923,2.5085345111362414,2.3971273422131048,2.174385313351918,2.4622139067593523
Jan 2003,2.4691512842991346,1.9614365707134236,2.121465462458256,1.8674886960115342,2.361776528316065,2.3976758661808915,1.5689799761819783,1.6756026602040572,2.3991844701011646,1.7288494219232162,2.439548226311243,2.5674527750809757,1.7050871267766738,1.7630592207946292,2.250208310822918,1.9636669962147983,1.636456639527851,1.9520149325550307,1.6651762350695305,2.395770993280621,2.327252668468663,2.5457230682636576,1.9335194688779023,1.5097239125616901,2.0248760770478844,1.7037604461065654,1.573120863308185,2.0396702933668265,2.6640898682722307,2.589829825781993,2.2608630518241983,2.4750152832703876,2.4081063887613614,2.176806159988881,2.475019241614645
Feb 2003,2.4725878602227405,1.9786481696070022,2.1400331220782087,1.8931950175904277,2.3898996593563577,2.4252988876752406,1.600622164012571,1.7107693975512606,2.451002157725184,1.7691552237333918,2.4404433091903566,2.5741707813667447,1.7481421227967822,1.776282124414008,2.2871431724759055,1.9954120403808964,1.6643042341453382,1.993631970898069,1.6903689707855185,2.4458306701957033,2.362399856970913,2.602131548373261,1.978508379280535,1.5209128554393234,2.0460873402362267,1.7253341961123185,1.606899245839093,2.0812804300178853,2.6598441824475274,2.6176952634986845,2.290088265936373,2.481786405471188,2.42723745808855,2.2064660426253835,2.4703231832144
Mar 2003,2.498945400166412,2.0130922800075246,2.164209419930014,1.935028868515032,2.4066805953282047,2.442066917061063,1.6204677410239152,1.7543542923667952,2.453998790300806,1.7679187054370962,2.4706319768545577,2.6039643953375244,1.7688723815601515,1.8549801837605995,2.3106582762571635,2.0289089551873416,1.6794414305110799,2.0232383774230813,1.7118375371576233,2.4766020685179404,2.377525185850477,2.610104125601922,1.989275087537864,1.5637588482078573,2.0997890829059167,1.7571405595014087,1.603738328843469,2.0838162634172357,2.6910406797306354,2.6326218862294555,2.3113838556241384,2.5538461815210702,2.4425888580900597,2.2280580234873684,2.4458216685220453
Apr 2003,2.5103704618180585,2.037800797235359,2.1676779792240146,1.9771878238310239,2.431387045417314,2.463500914631717,1.657248798256144,1.7850555750665413,2.472447532145634,1.8080763819966053,2.4934394607098875,2.5911941890408836,1.79475053565799,1.9157790012968945,2.3150247926436784,2.045057047526407,1.7253562415108366,2.041725808616293,1.7753226016434038,2.47703904703129,2.400109105124119,2.6367763965760473,2.0346194795648067,1.593052555209678,2.094504350334842,1.8152537870054233,1.6497492227712016,2.138792427209639,2.703835298651359,2.6163253003213867,2.346551686374775,2.572345817647167,2.44935468245909,2.2679605356816395,2.4802923551026685
May 2003,2.526895242548857,2.0679886347463743,2.2134698386701785,1.9807229642066344,2.4410172534458257,2.4896024254173788,1.6792142598920388,1.8230067662006566,2.4792096486988724,1.8463681342031526,2.5058173618589916,2.643158557807399,1.848917392986047,1.9560822162084728,2.3499221387736453,2.0910819737444175,1.7512170455963434,2.0817175294760095,1.787742453128215,2.5206380804784443,2.4366674963202657,2.6556510973692222,2.06218143195099,1.6499619957056777,2.1555046042326174,1.836018850814458,1.6950720706629614,2.1938652651063144,2.7463569909819845,2.6449175740668784,2.3655721883217398,2.6295880719447164,2.46871926663793,2.3003196842874734,2.484943281690158
Jun 2003,2.54416510463372,2.1192831035414295,2.253549390967568,2.0268370280244223,2.4811193891904986,2.523598656663914,1.7168934741042774,1.874193707651321,2.5165313519451926,1.8981274703259596,2.5268864787709857,2.6263647727145614,1.8577777718389552,2.015527724517779,2.3847880768889307,2.1279658744474395,1.7973855303897968,2.093624831960433,1.8337869652238996,2.5249977858607466,2.468475506667808,2.6607784842063125,2.0961505269777425,1.667379307488859,2.1860635624046796,1.8726532180009168,1.7597016487165826,2.2032313187552743,2.713119085215864,2.675640863485525,2.4002237844050622,2.6597915991283148,2.4876130708970785,2.35291668167378,2.465096334837718
Jul 2003,2.549004193271487,2.121464499669075,2.255158736175586,2.0411041990150776,2.4627271185538877,2.5317593198814357,1.7239010576803766,1.8770802346582627,2.4917582870567614,1.9153237984632996,2.528585546001103,2.631113926863294,1.8954518694565243,2.0207668816103093,2.3797450918360066,2.166050201455635,1.8153366598240874,2.135259701351397,1.8326161127086895,2.5295137676109025,2.463973579104313,2.6635204283145004,2.125823795260695,1.7106863910129282,2.206385666504032,1.8999072558424446,1.7729478294615924,2.2481887504001445,2.7295211496785408,2.6562523980208472,2.420462498256296,2.6768478637800963,2.487131479029693,2.3417418095496303,2.4742431630638206
Aug 2003,2.562615406995062,2.1485611853816104,2.291296791942211,2.073654296830187,2.474129148970316,2.5461406943641403,1.8072044436038752,1.9239394986753222,2.5168308766159444,1.939503016106064,2.5225972227620685,2.6433945074135834,1.9616453882282496,2.105475656925674,2.3896425432552872,2.1831089244350848,1.8649603569278699,2.1486089297903694,1.9052802371916915,2.5281945396117393,2.4801643961236577,2.6657200467217477,2.157373115618985,1.7385228611505095,2.2298326722963213,1.9268120558609885,1.7881754346666212,2.2675852733478115,2.7167091125747915,2.6702792643185083,2.4392237683205056,2.7187103663813827,2.489137803215435,2.386483243488202,2.48418107987676
Sep 2003,2.5610110816528358,2.1676766603336213,2.2975825620604233,2.0997744637431506,2.4968980359158075,2.550440774144535,1.7859559641240075,1.9309018007509013,2.518135454266136,1.9832547715967455,2.529810151067477,2.654105398751501,2.0023037367716814,2.0924704604312754,2.4148204640643254,2.180221610935231,1.9045822021658978,2.1828562920705163,1.9359288690501921,2.550605944498245,2.494098984836866,2.6920401929471707,2.180481434635991,1.7589960262685806,2.2508047420763093,1.9404360979400905,1.8220528237329352,2.2672317626103635,2.7344456070165446,2.677176527391355,2.4464959182170647,2.743960730793592,2.4993807512635557,2.3937142021543507,2.4869486588878686
Oct 2003,2.5785816171537808,2.2035293947182293,2.3271393845113786,2.1386236937736234,2.5158496031562354,2.5876418571751985,1.8353256245900178,1.9682033852398908,2.542975820954624,1.9985420310741424,2.5403639537236637,2.6716973017641323,2.010609007172102,2.1149531523007203,2.4303310418731154,2.198973431496839,1.9236544124255046,2.1887285659667706,1.9600080231341275,2.5627150321020475,2.5171997197214266,2.7233820215331117,2.199797122772934,1.8252462941182885,2.293339063817095,1.9915762849425087,1.8538866819858335,2.3082761900372333,2.7323059102835265,2.701191629357691,2.467298768792488,2.7854240182758776,2.514601940113704,2.401133099814114,2.4858689144898127
Nov 2003,2.603344600661877,2.2162863088803286,2.3552811383067698,2.1723729853202047,2.531530230204245,2.6074209850248473,1.857244534947198,2.0120815855632936,2.5699730280341955,2.027874036824705,2.5781040453149306,2.6859540622767994,2.0400995439218956,2.1553836843952077,2.4669416727882196,2.2621472749425617,1.98585351505513,2.25079425350416,2.022176168211786,2.615975530239955,2.5382605778513585,2.747992916106661,2.2329003444089364,1.8428189454103112,2.3135186033871364,2.047237631681753,1.8583397258144696,2.3357713527674244,2.7794908929369577,2.719300304157857,2.525871161580067,2.8072298203649093,2.5351076689643586,2.4371457946083925,2.5098005647435473
Dec 2003,2.631110052324477,2.2772471248425963,2.4023759589748837,2.227441109775797,2.5694040581141473,2.6588151675294105,1.9211961865804417,2.045409212725239,2.5993205034948232,2.0808908887634763,2.5995200614580853,2.6919678320912674,2.08852074462575,2.220945709709599,2.497801329979452,2.2889987521651878,2.04432433927953,2.2754523455719515,2.075488153531496,2.6314512157865617,2.584711104614482,2.772670177745336,2.268201292045765,1.8879864907136352,2.3515280869791964,2.083978651404879,1.9324799579641376,2.3606671297356363,2.7922683438385816,2.7445422578507825,2.535554942173098,2.8498420923238355,2.5525996858376567,2.4662353625666933,2.5289951489597757
Jan 2004,2.6428186400329623,2.2606923012838607,2.365356488457938,2.212196716910481,2.558350986009003,2.676948354015198,1.9251627728561038,2.044825945121244,2.6089228847977854,2.065464007823354,2.6141223662493145,2.715045491193072,2.127457042834423,2.2252353634564517,2.5012846742794426,2.3113020994809643,2.069389631007678,2.2853853859235502,2.0807735032755628,2.616060528416294,2.5943562764830728,2.770211815000095,2.2420234953152116,1.8609530268518748,2.3652314016070077,2.0823030328173164,1.9099986083723834,2.373454478749449,2.787007949751016,2.754297913079353,2.5550028586929185,2.919097676848922,2.5532100606223667,2.477187997884825,2.5592816396952243
Feb 2004,2.6406031874593694,2.2733177798894877,2.416566583764894,2.2514631743548006,2.604670196264404,2.697674828630525,1.9376313505294023,2.0612432081343055,2.633623584929108,2.083576006635881,2.632014807686759,2.733824647276959,2.1352823295449097,2.2110335592689747,2.513948219588726,2.3308801043652734,2.0758201975577286,2.3065380383373344,2.144032046487415,2.6512215950749067,2.6057387717435625,2.7723756545392266,2.2991305033607015,1.9158584757531325,2.371350128593073,2.1336969545015703,1.950788804969527,2.4035738301905742,2.8028186074739043,2.782345165173625,2.5605162631700558,2.923740854898566,2.587066962424066,2.4873554983146535,2.562795080041079
Mar 2004,2.6717445223988796,2.2987013551531454,2.4468933944872044,2.263269981618085,2.607170862663083,2.699286170043726,1.9672117762167391,2.099030132108503,2.6425186062184074,2.124084467909063,2.644922994298053,2.7538041822730177,2.20523376456541,2.260356781438759,2.549846121520201,2.3606190451283084,2.1026150200621365,2.3232326157959173,2.14799884068952,2.681768732407601,2.6299147113553314,2.8025425550508167,2.3121005184820222,1.979791685505726,2.405401272364404,2.1737212352326516,2.044008566855771,2.45117802468153,2.833175943963873,2.7940376069432418,2.6015410458282613,2.923885278433209,2.594888938618647,2.5231512085128065,2.6033253676017942
Apr 2004,2.693635101429341,2.3417153468787615,2.4851385073921857,2.310626980584692,2.653565948980337,2.7369755985919904,2.0475186889442547,2.150732168202544,2.677185738835669,2.2079177744450416,2.675769313743405,2.780637250989113,2.3096052424783786,2.343877415933551,2.5835756769830134,2.4180076832409574,2.18898329149552,2.3882517981161695,2.22919097603248,2.7040403163574163,2.6740772716773735,2.8227442844203297,2.369377824591879,2.046605170881781,2.5005287619281567,2.266049180601505,2.0658029326540874,2.4733272733392946,2.870340309221628,2.8001460999141448,2.680795441217326,3.0004882926730425,2.6225032619821387,2.5662079315715842,2.6314548402751536
May 2004,2.743009865947657,2.389975284664109,2.50443842658187,2.365370453984922,2.698758386413996,2.8157393135285136,2.141823031717053,2.206770953182767,2.711558662130605,2.227204922435646,2.703866761303224,2.800514622161726,2.339836480640535,2.3916836895325084,2.635930027126781,2.46671376270657,2.2458349839167497,2.4538339658924415,2.315236906720249,2.738355744995867,2.6935076571556644,2.879490531986032,2.405260003986596,2.1295269779280996,2.5111365176874787,2.323922461943146,2.1383270298171744,2.5341509250614975,2.910227975611963,2.8514636008220826,2.739678588993624,3.068551337836224,2.653814624244433,2.604589057040304,2.6674822441765227
Jun 2004,2.779026150488457,2.4316771738294634,2.564344316124914,2.4349858954050645,2.7428900505089655,2.8204831299443023,2.1683302207057635,2.241693586818384,2.741838391970005,2.310131571212807,2.7454533328904325,2.8364596875585057,2.392769272886264,2.458150199469353,2.6638604117117253,2.546691076883756,2.3314975775656177,2.495727404817065,2.372893589113063,2.792280763773108,2.7657516652205607,2.896770128861512,2.456306960309038,2.1645693725938027,2.586215219332518,2.360214084755751,2.1851280023480677,2.5454147701756797,2.9407366808522686,2.8848704910826686,2.7606559367967947,3.1207370926449407,2.6747165097686523,2.673590390374069,2.692269341764495
Jul 2004,2.7777484031971458,2.449979791886847,2.579904049197443,2.466888725428104,2.7597456500067277,2.845795850346532,2.211224271567396,2.300445865311205,2.7419942188281747,2.3272878505606522,2.755755277022029,2.8736370772369626,2.4614382168931255,2.4837782281919396,2.7144635597219198,2.5480824711067758,2.390284766592531,2.516239621270396,2.4263960175515784,2.8024332868890482,2.7616068101837605,2.9105497675528174,2.491998512150226,2.225096080950141,2.5926578314116377,2.398236417871228,2.2388177630486052,2.612251246021886,2.966104549148749,2.903646132820396,2.799121131987241,3.1836330932348806,2.701186192281897,2.6849964109379756,2.7167360448524343
Aug 2004,2.8257728319169075,2.4894555252737263,2.6125305275259034,2.495893787891151,2.7883162861549935,2.8869155640592155,2.235067335966396,2.3154541595327225,2.7680235484792672,2.391753242618386,2.791899266469009,2.8998834421326256,2.4868041585898015,2.549624522207133,2.7255610723845343,2.607061732831126,2.4323053174687366,2.550651697652137,2.4430903339638683,2.839663821508707,2.8044946637163295,2.9527994050067137,2.536517199494087,2.2562063247871142,2.658304173797826,2.4393189735479996,2.2508139076542037,2.6462638913781222,3.0051128295323912,2.910143805928162,2.866078358525822,3.169721034979351,2.730984396301029,2.7121006033918587,2.7389951579418996
Sep 2004,2.8428477295374397,2.498745963847353,2.6401443893964545,2.5080711398372593,2.808273561380303,2.8996198601338516,2.2360053282004078,2.331640303418907,2.790823572421363,2.4260768800716366,2.8051917227394574,2.931047583022871,2.481150652534083,2.531385939792136,2.758079945088557,2.6295463227269034,2.422830757709453,2.5518732750431155,2.504664438111014,2.8742071722253053,2.812195891722375,2.973161918823683,2.560919775263088,2.265634290261957,2.6169704343839095,2.4679272227834907,2.2739378868112854,2.6389977971954486,3.0144274815294203,2.9094362178887003,2.8603392279590425,3.2291513279916235,2.7401115278792503,2.754382995094327,2.7438022442318526
Oct 2004,2.8448195466284436,2.5311271878141866,2.650174590535143,2.522709001472292,2.8286537167594625,2.903857978709406,2.277765517695721,2.381440832384725,2.8144951419126225,2.4141607363628568,2.807225787810561,2.927777574047607,2.5157906789474733,2.5727502203810033,2.742292500827201,2.6336662548151146,2.457378720908144,2.58231538423808,2.513719460646657,2.8814799178301564,2.837892669944002,2.9901003394886074,2.538823682935584,2.3253685130694923,2.670445155821482,2.4683660216433125,2.2677850143182683,2.6721850786134262,3.014701973855282,2.931176144343326,2.8940869650773524,3.246876807804365,2.7524068778183035,2.737267932848121,2.7348417578806377
Nov 2004,2.849425796437455,2.5284066849707907,2.6714418502409805,2.5487208158903587,2.8261339705847366,2.918077048238376,2.3127315018338455,2.379710300384376,2.8119205168370813,2.465054203413352,2.8184887560114444,2.9377893464446028,2.5008925564903337,2.569541375277208,2.7703711954105836,2.662814456948218,2.4604292971436177,2.6298270850192513,2.5422479098753272,2.912151311948723,2.846097202328109,2.9985955977937553,2.5714575053396858,2.3399849442555047,2.6774054902042574,2.4998244542176713,2.2910481145334187,2.682119816456933,3.0286320179468613,2.9368815829867874,2.872844212796324,3.285060114508372,2.7514721907900688,2.7614605930666256,2.731867908068568
Dec 2004,2.8765217101467484,2.5830561427106127,2.677984153846067,2.5609537881409348,2.8460110201052635,2.9022903989270836,2.294969053932949,2.39860607788542,2.8177900098957207,2.4649894262839576,2.8246852323411247,2.9351222932568737,2.527963976053637,2.628745108050931,2.7832707902114993,2.6631713637667116,2.5079570878295594,2.6323554646861385,2.5484300416239627,2.8920701373477993,2.8569641141284627,3.0186360912280703,2.5782208010157324,2.377859056961255,2.719650786773017,2.4995446459668687,2.3185149706568873,2.6918512897299935,3.0385406390167398,2.9618647573104084,2.8785646471178974,3.1850041691856505,2.762909532353295,2.78503833730923,2.7077207565980506
Jan 2005,2.8483471086905974,2.52336180808291,2.6468846673186395,2.5292834459818714,2.827588199138839,2.8774293472483707,2.250832028668702,2.377969851277215,2.798746243589002,2.4304179155716037,2.8146101270077613,2.9247724767893386,2.516205811036277,2.5267450312991095,2.7484479098114525,2.6903182994189616,2.4576008569877423,2.6217255981465715,2.5270169264749898,2.856733296330258,2.8103337545969582,2.9954979970787985,2.5557433740023443,2.330780702445412,2.639948829249721,2.516227664616325,2.2884386161327313,2.6696052256607796,3.0378686687598755,2.9127422128770433,2.870769471308756,3.2122261553808906,2.745597236189638,2.7178034089880585,2.6847606641039325
Feb 2005,2.845600143172714,2.5486023796805397,2.647193509175641,2.5473655415515064,2.8220236838564623,2.905392269050957,2.3058789179931347,2.381486801370393,2.7953254569756907,2.438340456755687,2.813636845509954,2.937803663476147,2.527021606730935,2.567518944192072,2.7522501399080426,2.6911854784652793,2.454404686486581,2.5992458614624456,2.508341078958964,2.8898836391027327,2.8627797745158867,2.9868530123786545,2.563580273449312,2.3071534613943303,2.6479292621942054,2.4906571009679155,2.3003911839792983,2.69299648470294,3.014585151989829,2.923209948345401,2.873091664918708,3.216483357298573,2.750487507258914,2.7587705086144587,2.704091180063182
Mar 2005,2.8433291708508395,2.567033082726963,2.676744015648255,2.572942540125018,2.825151527472535,2.9146362684742115,2.318131342683389,2.418163600746258,2.804516530865607,2.4877885458250004,2.812390952634367,2.911618561362141,2.6139403554627716,2.578950788001921,2.7727516575812823,2.658759631210104,2.5059028813915676,2.640231005207343,2.5248529807744444,2.878957505646009,2.8481802025920726,3.014669825652754,2.5678700719077976,2.326306052534616,2.723473033237704,2.5314775124346403,2.3404994117161015,2.6857371966534047,3.0279316243233425,2.920485691846172,2.8857093178125464,3.226493665034987,2.758972578090478,2.74864528098441,2.700596060647366
Apr 2005,2.8663333331617324,2.570679311741824,2.69244576934194,2.592939738615455,2.855262610453935,2.935360857241988,2.3357308926357074,2.4368124422456483,2.8241739786219267,2.4788585370300833,2.813687325923935,2.9193462784354756,2.6047208456573765,2.6128858907936614,2.7942226908291015,2.7024231555356844,2.50812900150898,2.63780275946186,2.5800346106935854,2.8966863255238446,2.8709285111528593,3.026043580566592,2.5828247035130785,2.367686178390665,2.7225204627194293,2.5607850087998685,2.296999342578466,2.6917477654455775,3.019267412147577,2.921976016802093,2.9005160076189633,3.247687080698559,2.7610444295530048,2.7854126283919842,2.7437540620141854
May 2005,2.883719183412024,2.57392720280228,2.7226552596332834,2.5988741364221477,2.8595074766541364,2.942564301662343,2.3759658255218596,2.458202678816274,2.83805158271669,2.5176284344370634,2.8287887447315687,2.9306077928707817,2.608284249165435,2.62293805237809,2.80575364170718,2.7029387924427684,2.5229982158248707,2.654597332107037,2.601112858391513,2.9194657677431617,2.8726486672940506,3.0190076564899306,2.600379983938072,2.3848562042312325,2.7877260363703424,2.577850870339731,2.369778125259736,2.7308970997024193,3.0449624407401514,2.954253240787511,2.925147053085027,3.248826144436457,2.778578450948316,2.7937126534243997,2.7683541925420987
Jun 2005,2.9024542597590655,2.6056597847768166,2.733371468530854,2.6290152620755705,2.868389537994151,2.959231048394998,2.4035079884911528,2.4916555479765083,2.8507745534502984,2.555777206310618,2.8502409009664005,2.9605797545349075,2.6263622026301605,2.6523077406955324,2.836453284684004,2.729948412895554,2.5425549675546,2.6802602507346522,2.60199617561085,2.9398723051981253,2.891876383951375,3.038251386263237,2.6113705559775098,2.4189225368631297,2.78271874924922,2.630631365710003,2.3820622187811074,2.7310785160348483,3.0495272291030817,2.9623971316397175,2.9438181834218833,3.3381637184930097,2.7903379856987627,2.8152900803051804,2.786512898447728
Jul 2005,2.8763727812739153,2.6019719502254652,2.72125987928783,2.6277243573426037,2.86725827385097,2.976268447178478,2.373113332916979,2.4664018061554365,2.838278364166178,2.5463984819006784,2.8608061162292886,2.9457721112945725,2.6473547212260153,2.6632722017645247,2.830749777092306,2.742936855227522,2.5776567175465614,2.6745217901532112,2.5996363366549877,2.9376551928151606,2.904199604644587,3.051131562790689,2.6244533082354002,2.4179413993449748,2.772476871229097,2.589216163786791,2.3893251558476467,2.708146200624543,3.0801555165563084,2.9526410618316024,2.9580925764457464,3.288818756804673,2.775210136367798,2.798334119212053,2.787076314937936
Aug 2005,2.892026158911326,2.6331231760158267,2.733120801584914,2.64841323775904,2.886797856652349,2.974749769668148,2.4088969340601563,2.486666105824497,2.841758891514399,2.5489094076929764,2.8660182383911987,2.9370237461250825,2.6733526643466115,2.6744167287254674,2.822497261650696,2.7381833636616015,2.5802329269176076,2.6703636090349154,2.615859718396551,2.941533083627794,2.9135532058185794,3.0228103530183814,2.624686282349135,2.396183724012402,2.7781358902166775,2.6273460632073946,2.3958782195341883,2.7347557677463796,3.051287892806536,2.954338943323885,2.943821322817052,3.2869336990524607,2.791683679311417,2.8109204149726583,2.7920673046817903
Sep 2005,2.9040468096005467,2.6179614870175034,2.749106097593447,2.6533430973834924,2.8962711194400703,2.9793447313582204,2.4018443315997833,2.5141738691984976,2.837341853794352,2.5819120210233266,2.8593289236497044,2.9356291637957375,2.651304458114122,2.656122792038626,2.8285961992090325,2.7250653468201587,2.6105582477613547,2.67383216531237,2.6073844804404023,2.9523752860755774,2.9038609405708575,3.051598393184712,2.6312759283771694,2.41675515260114,2.767261834354495,2.5978960800673754,2.4038793874828155,2.73136979982891,3.1005296022986,2.9747146596436274,2.9326414281335875,3.32784331548699,2.7808784394809125,2.8230616806843387,2.804013370631627
Oct 2005,2.8883331980114906,2.634143989323061,2.724907395104543,2.6453730009944025,2.9018783244260256,2.9807755002580927,2.4189964121293075,2.5131123255932315,2.833409623555787,2.575245473500878,2.8808632808185544,2.9643478377726282,2.67477301315653,2.6575808903858107,2.8419620680682645,2.7274789643095065,2.601091003372571,2.7056485255191065,2.609751698382181,2.9593645513547306,2.895964468791849,3.066600004552082,2.6502458100061155,2.448561858730428,2.7718239172615675,2.6314886246071163,2.405095385150701,2.739200521430815,3.1322403186251497,2.9958663963095873,2.963543374887361,3.284813361651088,2.799726371493527,2.822297472390505,2.8082201439848746
Nov 2005,2.908166393759381,2.6271100917354016,2.7485590353828258,2.672425881834194,2.9229822993933903,2.997022492043103,2.4335454308092808,2.516489501524146,2.847421920362916,2.5792331906268706,2.874857053800243,2.955469554680383,2.6660621633351442,2.6613805227156644,2.8502332135113546,2.754880963840112,2.6042870038847754,2.729832736004658,2.6397941925134396,2.967757577245995,2.93274773060591,3.0502673502638364,2.6447849188298806,2.451852866250502,2.794561747765151,2.6337406114451185,2.4141147961140184,2.731786760361736,3.1222046925231544,2.9908121893555033,2.9713579426378476,3.3427804994257126,2.810376017253137,2.8389689274309218,2.8240411519407793
Dec 2005,2.929637068844837,2.6724265416528246,2.768008923975861,2.6695538071938176,2.9375933470221636,2.997330106951017,2.4592125819438633,2.5415694187430895,2.8634367221119637,2.6396619007020132,2.9084006528486497,2.9686863439498383,2.7006191208160275,2.685230033071003,2.889726836336198,2.773893209943052,2.5890644562179084,2.724646996794936,2.6757202940516858,2.991375812506245,2.943088867530966,3.0802284656681147,2.6584899083829137,2.4950472558640886,2.831177002034662,2.668437038252428,2.414531482964941,2.772733911439108,3.1624580244232976,2.9881260161863956,2.9920152818829235,3.3535452524758442,2.8234369488382756,2.8388860094562878,2.8325412740788267
Jan 2006,2.904803625552907,2.63581758829823,2.7653325209289985,2.665968797203146,2.920457957101497,2.99734191558809,2.4430088949672935,2.5344322773554877,2.8610671746860645,2.596649453875714,2.874023826404301,2.9619406879679944,2.7362274383819667,2.6753421121626597,2.8552944871980923,2.7625933303482695,2.6403701830073616,2.7044235109080668,2.6269288892316904,2.9594137028521357,2.9437999576340927,3.0981235118416808,2.6809984236782882,2.431422252811535,2.815119922131491,2.636973635782218,2.3946631698442995,2.746773946585612,3.1498580581378857,2.975564065219352,2.987452886728843,3.2953952728768,2.817829797973073,2.828722845766409,2.836993952511261
Feb 2006,2.9487745386676316,2.652539742419697,2.789512337690434,2.6807777468444205,2.9331425793344206,3.027382974745137,2.4959206025089236,2.5525635355909104,2.865942206560486,2.6180021296714804,2.899289373589305,2.9851191490953295,2.754092327789418,2.6752642312334096,2.889333232005652,2.747973911025179,2.618884912653305,2.7251853641884227,2.6249237195023527,2.9824464492173193,2.9528900348710936,3.0829379322593073,2.674181461467269,2.4865023865974702,2.8218589060489694,2.6784090185718785,2.426070293030002,2.7516893190800173,3.173807668556651,3.005319942963265,3.0108830542301157,3.3430778944101807,2.851488975428863,2.85249868735531,2.8583423002867794
Mar 2006,2.948263323234316,2.6738090559252665,2.7875994507873343,2.7093018498286763,2.9523004756319997,3.0388300984577317,2.4834704235239244,2.584272508600637,2.8983772994850323,2.638601179818351,2.9156924851838286,3.0111631571212865,2.7261733582975967,2.7150168070040657,2.9127599157301365,2.8047792016054394,2.6342879201334775,2.7371669556525973,2.6396494564858526,3.000052230139756,2.970384747745596,3.102583246528524,2.6826385961651753,2.4796236805502003,2.8494962164451842,2.706499638435305,2.45519393508357,2.809520926202704,3.2019492291990423,3.0089409221728998,3.0122736841441413,3.4279621431138843,2.854748747371296,2.880460618998479,2.891152870439714
Apr 2006,2.9613235179296264,2.6856636706758135,2.8019642898400114,2.719805187416704,2.994500365781093,3.057359117214251,2.5053314637289192,2.59583238002671,2.9119591086542003,2.6667914576681713,2.936387686315186,3.0144921629843155,2.8161059136678523,2.7483694327724746,2.9349113881401063,2.795227875646687,2.6774993090994266,2.7456340742892964,2.642473458447538,3.0095036574799505,3.0001410142958203,3.1200064540151886,2.718683807235735,2.4949271626439367,2.8628881398593724,2.7263178190578894,2.4863755413712023,2.8243552697963947,3.2112397755372886,3.0416491461286967,3.0538512548097594,3.3887544951593234,2.8716450671300677,2.8894081376806082,2.9271155114684007
May 2006,2.9954282398018495,2.7188651097802277,2.825177300476933,2.753210242691809,3.0168984575651083,3.0809251030037528,2.5294228486662624,2.6155990545734316,2.9362180229425254,2.676619127567082,2.970431171435189,3.0454112014342285,2.7877980029061256,2.7314089657895178,2.9676609030572507,2.82476397249058,2.6770014194698377,2.7559702361281744,2.703582001066783,3.0502835650012385,3.004620454427039,3.1399587038491217,2.7327803402149686,2.5134483788244912,2.914091040591319,2.7116501933635844,2.4877997193348405,2.8434099230096264,3.266651561769081,3.0655444766257265,3.0656919195942804,3.410957385880105,2.902697849082918,2.907730432718314,2.991418259897953
Jun 2006,3.020914971148926,2.7327780575736873,2.844480393605573,2.7846659905455216,3.072634497713561,3.1183491965780465,2.5665583421129257,2.6453009669424223,2.967081180642321,2.7101791421521138,3.0089473455755704,3.08784547719541,2.8291745660062735,2.774844449879952,3.0003563303122083,2.8513545146979196,2.7285104573627317,2.7812600831176217,2.7420310341387997,3.0814335753090973,3.0442473522771163,3.1663005370321526,2.7507069639647552,2.538718352186032,2.9193533079354266,2.7571214858558974,2.5189493036160444,2.8589875272443037,3.2967889133377706,3.102371161306847,3.1019826667794193,3.485846183091277,2.934697000165408,2.9393429966288918,3.0180509119699592
Jul 2006,3.0326172804121785,2.7277806654479444,2.8550484941081753,2.790165830660646,3.0597808866856466,3.128287318306236,2.561301913231977,2.6473171440932597,2.973102172475834,2.6901047611581768,3.011905002010684,3.085430079938728,2.8188795803589795,2.7969072296211386,3.007500697267747,2.870174674926206,2.713189595968977,2.7912866708449244,2.723393772814472,3.0807090305973377,3.050130966297775,3.17702366677818,2.7415632919606003,2.555282172514967,2.9251502113877623,2.7974195820234566,2.5261558935473363,2.8720999172285953,3.35198309378532,3.12427286718442,3.122692029310939,3.4780268094071842,2.9379704723617004,2.9573181830873185,3.0796585012406306
Aug 2006,3.05457281773064,2.7396526120754308,2.8756495814543763,2.790998618109907,3.075026243877802,3.1596720401758267,2.590041089545555,2.6505263518216053,2.9933432393727686,2.7181356263569234,3.0431172436479406,3.1348517548186945,2.8839238261688673,2.7774305222710587,3.0264394459539585,2.8945427839252402,2.7450458555909427,2.819133328833404,2.7369967464502545,3.089798149718207,3.069588097439157,3.2248879407803264,2.762845394850969,2.5275850085259397,2.944355809762815,2.7608424148166577,2.5468686562506915,2.886395576621397,3.3632781631804876,3.1456091124742986,3.119869134100215,3.5315840021433216,2.9511302511136264,2.9685157435457246,3.107002891064334
Sep 2006,3.0709704757233376,2.7728143583191027,2.8855733886062107,2.823273263795496,3.1139303275309613,3.1574440713367724,2.5941836530774163,2.6867398888498855,3.0132206249404843,2.734007743450089,3.0678233552766856,3.1592709364979883,2.894685783809897,2.8025857791404847,3.065711718420117,2.9085324567227566,2.768004115922175,2.8282132016149504,2.7419411192996037,3.1100229736726703,3.083175356816588,3.236051142591693,2.7695736635724097,2.5611132762293156,2.9755934766287533,2.7875826848478216,2.557583965989362,2.9061985112044364,3.4148780404141665,3.1951660508665025,3.1506619873827697,3.5227155229624176,2.9797818728553795,2.9926481223104124,3.1602471271893373
Oct 2006,3.0895075914165497,2.767005588334583,2.911128228291152,2.812225471531755,3.134037547745824,3.180351472192791,2.6225393913606134,2.71123070100625,3.039003960364568,2.743097224909988,3.0808705593226273,3.188956230547532,2.8692009193227097,2.811146278904075,3.080334402273992,2.9236084910266777,2.753066271695048,2.8324407704042462,2.7780601017337463,3.138031647386594,3.087056131331528,3.2408653310302444,2.7825876831226513,2.5587950445134635,2.9988808674315863,2.807023255440631,2.5701404857161547,2.910362376857079,3.448362087409812,3.218115039461934,3.158808808387047,3.5446831700705084,2.996102741264802,3.0130711432398667,3.176405104819031
Nov 2006,3.120976871448564,2.7846661723262955,2.9249762876748293,2.823445995078726,3.1662569890824326,3.22124772075979,2.625513407796651,2.7174323489714083,3.0641420039818694,2.7923492807546593,3.1199718869891218,3.1927150585778707,2.907733932688571,2.829683377482953,3.1052941444429543,2.9487804859265547,2.7764772460863325,2.8734221036438186,2.7894947698776824,3.158169459928318,3.1172166723968586,3.284189154868032,2.7996946971131176,2.5816819200543497,3.005819038267885,2.8328950087088165,2.6115821137083026,2.9395111554653663,3.4783738852808006,3.2363922101110854,3.1978910205166997,3.59112424982493,3.02957035752679,3.019341416519004,3.196756076818979
Dec 2006,3.15537723408384,2.825805919241435,2.9533229205971456,2.864219831645453,3.2013437824994546,3.2320348681080717,2.670760999017699,2.7600313425385643,3.0821870025634213,2.8199975345286723,3.151315495598439,3.247464871595485,2.952005771617236,2.8554788455126925,3.147137962348053,2.96618013743169,2.8396072543164865,2.9015220852069215,2.7946831880383702,3.193757624340385,3.1667220214032947,3.30359039019989,2.842589450208946,2.672701347136916,3.03796052720304,2.863956034789147,2.6385630953440504,2.974503045692192,3.534790830503348,3.2874625153351076,3.2223933787974604,3.613826153401146,3.065655482378953,3.060111303811468,3.272198341245621
Jan 2007,3.1535978712197115,2.7986349393991334,2.934722178880668,2.8516150143842873,3.20568467866326,3.2479946069332395,2.6555724903514144,2.7519850684524014,3.0749616881481465,2.7926792418212685,3.156429548015527,3.2762774905574363,2.942893623722423,2.861049216099847,3.1357151322872783,2.9256255375577997,2.8357102613772542,2.886100564104565,2.8212635075329935,3.173264437908685,3.1652192550861202,3.3479144375701173,2.80739124793751,2.6191230027071364,3.0392926244210674,2.808509034128777,2.64445868224223,2.954418525967037,3.542640665845723,3.2957126052601136,3.2232208852247317,3.637336925460593,3.0724342378314837,3.048873756491922,3.2825724669786123
Feb 2007,3.184683561281949,2.817398878438382,2.947236196829859,2.879845317314575,3.2155038048824256,3.2852460744010488,2.656375178934011,2.7651887028905633,3.1237684828808003,2.8017611215034286,3.1797441372120367,3.2941938045110133,2.961281271078983,2.828262372745915,3.1379259400081545,2.9415967581295575,2.8459212367422935,2.902493479247182,2.82264026186008,3.2013901552426014,3.1649023635586033,3.3473163117044153,2.8284405668434682,2.6268003576406,3.038918406712899,2.8369941347504284,2.649924213580613,2.947985189678753,3.6015687874025146,3.332614590064502,3.2558870711360184,3.6172578576916066,3.1063519979574266,3.0682555306963675,3.350298182593085
Mar 2007,3.2007899512218287,2.8420773852540027,2.9797521806109173,2.887946060230596,3.2490332793874916,3.286796471002916,2.7004105360975537,2.805152328893294,3.1450633770679057,2.8411062055575127,3.1945781562506244,3.3253237370072775,2.962971158687183,2.874310696429026,3.200487695035826,2.9674931090248875,2.8595065053250734,2.9113642562041533,2.821605249175153,3.2241502311053876,3.2252666461211303,3.393401118801113,2.851667222034372,2.6573956393392235,3.0876953075400215,2.882732199228658,2.6447564154012544,2.989441741505397,3.62994264590574,3.3638267331745344,3.2716483189803194,3.663398468562669,3.1297226059929275,3.0762153003681156,3.4208372660369015
Apr 2007,3.2361682816114503,2.8365690527320226,2.9921136141879954,2.9206506767141516,3.264202698055356,3.3150641955583255,2.7246115716286767,2.814320747394473,3.180592992523083,2.8569270851886777,3.2352559704265005,3.3741747005128557,3.0178835040955647,2.920842529270918,3.2193850471902823,3.001184215829106,2.8593202819292247,2.899644784884711,2.85115700047654,3.248654059694379,3.21834783477423,3.3978225907221224,2.8540594823180205,2.6432463626117957,3.100106531260448,2.9319384515628624,2.6658034242627666,3.004485532921835,3.729395311488618,3.407452365478867,3.2908727854750937,3.67293155709226,3.1596557423060236,3.1029392007290406,3.5234558889611782
May 2007,3.2619067666059953,2.884814731891383,3.0071095883646772,2.942705314721601,3.3038630935701447,3.334944808227237,2.73691429152786,2.822850810315629,3.192125512036747,2.863074458724573,3.2828849503924338,3.4151249688830365,3.0136530140555977,2.9371281365356086,3.2415142047116565,3.0106984367239638,2.8897045043446035,2.9425213000867756,2.8699248332052716,3.2822430060883327,3.244907004094031,3.45721767596996,2.8615039454898845,2.682248789354643,3.1209203544619406,2.928971878966853,2.697961549613086,3.0259788309426203,3.761664696746499,3.448420668253296,3.3199287884009325,3.7108396742707686,3.1956361108949585,3.128726397738117,3.566361394453839
Jun 2007,3.3126028785597468,2.9002304310991445,3.034081435310813,2.9725534946258105,3.3464015870739163,3.3657829569546354,2.75472400492448,2.8481174861061436,3.223002428793416,2.906741119192839,3.3250230704472736,3.4461715533744024,3.075356102667524,2.972464886624396,3.2739361594582053,3.0409473446040716,2.9097618439783237,2.989004050876613,2.8916512547276083,3.3308431884527887,3.290371302041225,3.5285864703110605,2.9010366565275256,2.693628507381549,3.1745037116023034,2.943744593819896,2.7203469407188594,3.0298601525119486,3.8367178597531755,3.5239269573413443,3.347969008570515,3.7985576331907214,3.2400448551693226,3.1557366523433,3.6601419862802254
Jul 2007,3.3020197750176687,2.877310825549882,3.05190484680893,2.9423705663579343,3.341798428590224,3.3990328974644086,2.7607628970448292,2.863929024449593,3.2478580959568943,2.9036179260806527,3.3532121153737644,3.510256396049286,3.0821216899285373,2.9290925470814315,3.2803535411719866,3.050577772911138,2.9231467315860375,2.987442901706163,2.8902735738238783,3.327817417682411,3.2953695571164263,3.5405138861422003,2.905473280653051,2.7023814364701253,3.1343340491971814,2.946507361611529,2.73105595154723,3.066621753794452,3.907949557550074,3.5436928571696398,3.3654036991726075,3.772591585446555,3.2387513503321563,3.176076452421438,3.7207353360981075
Aug 2007,3.3497812591115643,2.8947283298487965,3.061134888190378,2.9608360255564996,3.3548090267222275,3.4103891962787767,2.7655910506009502,2.871050985887014,3.25338698953129,2.9169456640035243,3.3893963502748243,3.5616176970654316,3.130923231296852,2.9428609930928604,3.3110938300622275,3.0505389563952567,2.9440673724760065,2.9728164829255705,2.9280560798336137,3.3647994185379764,3.3218904158777494,3.5627140039983543,2.888818827596746,2.7148815504404435,3.162631506952028,2.9617181477663923,2.723961273538726,3.052523356416332,3.9401655985168205,3.569991500498218,3.3732639813296545,3.7704512353141273,3.279727426295913,3.176500230099902,3.793977357119067
Sep 2007,3.3682886179128513,2.9052432104008745,3.0580045604340462,3.005154260596433,3.393490469071391,3.4167279736263914,2.796678333617431,2.8673603544785253,3.2730466739803665,2.9306131643555102,3.394055064432486,3.5919081358749545,3.112361907479779,2.9861935280180454,3.314335346604049,3.0787241063691164,2.9450370830752473,3.008542714780765,2.907211307937688,3.3883173753951965,3.320960941790892,3.5969118833543545,2.909500688022373,2.720595175273726,3.196003991250244,2.982896700084286,2.746144432012524,3.098866856513737,3.9585627208008405,3.6083200201822847,3.391402820210502,3.8075449602823044,3.2848641833884424,3.187814723632846,3.783662277073523
Oct 2007,3.374672692163146,2.9036937140358408,3.0511604801303482,2.9894178804698592,3.371836560273478,3.4440099168159493,2.7753747907729367,2.8810618394705783,3.2732826612022765,2.9465083824628513,3.4126567115634083,3.5978459415134867,3.142979039073858,2.964688176955495,3.3199770059916975,3.073637102255764,2.9617455961458288,3.0190890837115427,2.884544804334048,3.4030569246210374,3.343621865746641,3.6121610438308323,2.9086506551155322,2.7415789523159373,3.1859000474979244,2.9573336943435757,2.757774035587006,3.0596104007723857,3.9957654887107568,3.613891548266304,3.398778438556284,3.824668794069014,3.2826614828172045,3.1641862416369415,3.7925848286628145
Nov 2007,3.369702225385542,2.9264321740695736,3.077998216138554,2.9934099415525157,3.3700841844906195,3.447139784835612,2.8158176327151367,2.878911690827487,3.284498759542763,2.9377676951884224,3.4220761329934892,3.596968169463719,3.124521878224203,2.9723762563126166,3.3310586222892624,3.1132268321731025,2.94903293488751,2.98649971504245,2.8948765553728677,3.4014495473481383,3.368899344058735,3.623020349120385,2.914776593545005,2.751226519332682,3.162296142656253,2.982050430384564,2.7475712997227695,3.0873354507253357,4.009987235610879,3.6543742968153823,3.3933241370319585,3.8318807967372757,3.294295363341078,3.175199392061289,3.822966369719326
Dec 2007,3.3803721361621726,2.926831743995055,3.061024024995486,2.974961044843441,3.382942191825879,3.4493003187588482,2.7870612266290657,2.9231012297776156,3.2834112694751445,2.953434098868231,3.4363778833520313,3.619687643933168,3.1344123378932074,3.0016771798478845,3.3240903620020847,3.1326823977811333,2.9677205019692012,2.982175925871476,2.929554191173283,3.4322930088510613,3.395976271233645,3.6451273330895404,2.908982514876488,2.763012960514629,3.232882383046303,3.002888712073807,2.7699145250182795,3.056515346022053,4.0184619247494755,3.634189119104118,3.377318918638829,3.774461431674658,3.3092797628805743,3.197290335167223,3.7950653191346184
Jan 2008,3.372608333862231,2.9171276287620387,3.010389501377777,2.9536718453826647,3.340635981354251,3.3877718549855462,2.7522164150431916,2.8619839075903535,3.269989077523847,2.929935343110053,3.4160894649614644,3.597445911070982,3.1151210364878246,2.920578021589352,3.275291156518317,3.062686341397944,2.906940152771628,2.9543168662365025,2.9060412065510057,3.402606314074964,3.3496106012786804,3.655822960690828,2.8446737559605357,2.7164140462699558,3.122124362923472,2.983963913535618,2.7728468376149205,3.059336317480807,3.9993137551990356,3.6420753547520186,3.3748482619480757,3.7538765316519247,3.282373474257462,3.1319058674064073,3.753853949262252
Feb 2008,3.340143446561716,2.901179453569536,3.028129078706163,2.9537034987915867,3.3235961606438944,3.4137636434384486,2.763425442554171,2.857959109205995,3.241573419593319,2.9092872861037873,3.424785469616782,3.591823698221637,3.090287607793823,2.9513366142950574,3.2888659140824212,3.0385975071801035,2.9171834427581023,2.9253070089822026,2.872031174691586,3.398942977402594,3.3450815962376037,3.622536542272502,2.8658135691897533,2.698102351011136,3.163034597714031,2.9708822209045227,2.7302643252670133,3.019985180416626,3.9780187885758758,3.6433762359883524,3.3831139311636016,3.7847902299514153,3.2735521132158762,3.1253696313148827,3.8005681095346673
Mar 2008,3.32942295364912,2.8377658368310636,2.995834311497832,2.958065013886003,3.3170863684381677,3.3769121705648786,2.769331265926164,2.836725281209533,3.2301435124875995,2.878450126325604,3.409316424470828,3.559951448087481,3.1095380113060758,2.918111174143239,3.2647525133190087,3.043630712066787,2.900173282956904,2.979429138597001,2.9057584722293175,3.389751979457803,3.3140751272454554,3.626972937388776,2.8553439774900116,2.722955247375419,3.091122150204728,2.9700044506033243,2.757291181410839,3.0024268430836702,4.007508140477682,3.593284355222918,3.3456751812574455,3.707704049824749,3.2568884142247323,3.1268742724591583,3.739065930491465
Apr 2008,3.33313606478334,2.846606191143886,2.9954683887487903,2.9472168808423214,3.299526336598626,3.3930187424501126,2.7799934451745627,2.8345256420420992,3.216020584181476,2.898876787391712,3.3746151060311957,3.571163606618163,3.1089196181285694,2.952586722956403,3.2536431218367237,3.013391608700618,2.912354907449083,2.9624272199961648,2.905139652532254,3.3837690067927273,3.3519885898804684,3.618627359227208,2.849781882275874,2.761443007064132,3.121471585553249,2.973399523035,2.7688007547787463,3.0467754502939246,4.008634836525764,3.6280628575865714,3.361915136585542,3.7937740078685516,3.254196598315711,3.1213292594589843,3.762522385380006
May 2008,3.3516331886125603,2.8915605214016247,2.993419417414248,2.968844273523496,3.281104759400577,3.3715427823374324,2.7833948152803396,2.8444729930523347,3.215830641274191,2.8766738343764917,3.388858363025464,3.5764063227590395,3.11871654246039,2.926370327415545,3.2536794024825295,3.011206867466291,2.9038735275478404,2.9792662539845782,2.850353163257506,3.392166600873519,3.345867750456642,3.600071765503489,2.8707700023485185,2.7303062879887388,3.152342973616737,2.9724007396305074,2.7635541025988584,3.0395437286424145,4.028760910878556,3.60862659774963,3.3834615509026227,3.7903731165958208,3.2370026351893677,3.120055995775346,3.8023430689952096
Jun 2008,3.320626689490513,2.8704904760806977,2.9678273406044418,2.9735022929887704,3.2810638291364462,3.336379640311267,2.7565333638459473,2.826377129704909,3.201091536837405,2.884542374710775,3.3389549851052682,3.550577974228408,3.083356670506971,2.9369349630470887,3.1867452245455734,2.974774095934236,2.9036008204919552,2.943622027618802,2.873503176536351,3.3452637847293416,3.3182897597043386,3.5762011380849645,2.8460665560688176,2.7021055884227567,3.141876555248261,2.9579655225541996,2.729498479363865,3.0367775600177906,3.9835854601161897,3.6426145031300314,3.298825113337149,3.699202851549533,3.2418485629918625,3.089506052990857,3.743992337388439
Jul 2008,3.291099508468932,2.7980563714910818,2.9287523630777605,2.863405664266905,3.2049674332973357,3.2964372794230377,2.6974010285597405,2.7910527383490895,3.1429692040695487,2.807175286781907,3.2896375242337323,3.50126954284424,3.0544033069157095,2.838106793732397,3.1604962906539846,2.922342315214304,2.8540369748928356,2.89546334438532,2.807447985515958,3.295939349311761,3.2504348279952087,3.52166888012853,2.7922705732902457,2.663944302795388,3.045421800899062,2.926790279373282,2.7270884952765697,2.968752168233797,3.8669189121441554,3.5859715601736153,3.245815650278846,3.6669495363310336,3.19441015948372,3.0495381796466066,3.7258549925830406
Aug 2008,3.2094885973986402,2.764363669634786,2.922472201890085,2.8736520407902044,3.1375562220403985,3.2171212920092143,2.7036696949807646,2.772853203351724,3.1000842639167923,2.817801581925212,3.2594142937932027,3.397123553177385,3.073816903338794,2.814684564356234,3.1095803217584495,2.9094869638358367,2.8313906453520348,2.867106385237775,2.786624756711006,3.2247513480784487,3.214938966217622,3.44438149013266,2.751226679587907,2.608677247802186,3.034524640895842,2.8410217438895256,2.701885457157711,2.9607673397613272,3.852337779875139,3.459232322876096,3.214401285727326,3.584876794149633,3.105401514996532,2.9515588905485113,3.5979519757474603
Sep 2008,3.129986202415621,2.7240142203739537,2.869413801478543,2.8416586195520943,3.085075307282267,3.1305312445663596,2.6660310716952145,2.7135952659862093,3.03165167091271,2.785130948122759,3.1549359961213166,3.3500405884977495,2.990388438350566,2.8215398119117836,3.0429852857757025,2.8610701675416705,2.7649558322598744,2.84926518000566,2.799686259967383,3.142243951880795,3.144581847657589,3.4312833973842065,2.704401214999522,2.5693347219283145,2.9720266524822896,2.830090246458023,2.6382298809107687,2.875623816554484,3.7642832756618403,3.416339713508607,3.1960226339736413,3.6017594187904654,3.0388262810270175,2.931879682190362,3.577853402424365
Oct 2008,3.0642523081451314,2.6824083489559913,2.757036351587694,2.787187675958193,3.015056994400943,3.078057579389384,2.615353767873046,2.624411089217337,2.9820176594998817,2.735616721123982,3.09364655129897,3.2842894454396863,3.0336550270866964,2.7557038387322117,2.9819964867784208,2.863713653618484,2.77835391333216,2.806250998990953,2.7430468856872063,3.0952893663731946,3.077680730233851,3.3478253729922947,2.6393849982867295,2.557910410953138,2.947268172508327,2.8402515220917315,2.6236489327507524,2.8035560684269405,3.674176367211557,3.3179936182983973,3.1265674865428923,3.5248263050766746,2.976588738145315,2.860505102514985,3.454129242568398
Nov 2008,3.011447536526771,2.6720978694866537,2.728095102984485,2.7596345111023255,2.9736060550498067,3.038139117954435,2.6141610168377234,2.6318765623702585,2.9204125682514768,2.6723033454200045,3.0105372163524704,3.2155648401059054,2.936163390961336,2.696064232217397,2.9506960516471756,2.8026889428400885,2.727124595293617,2.7273895073637493,2.663017539425456,3.022281952860998,3.0281604847481356,3.2607974117183534,2.6272387727174547,2.505425063054167,2.9152868846424407,2.878752599455293,2.698324664312101,2.7602598663696427,3.6560723269307567,3.2940472118983526,3.0595779504287304,3.4473003751521523,2.9415524597053624,2.826684611860628,3.436921270508014
Dec 2008,2.9616230665615415,2.6158761137836457,2.6747770113877802,2.7174137027818497,2.916395215014882,2.9964468891639195,2.491264008633785,2.580382467546856,2.8624374118606544,2.672301013657481,2.9721826536642326,3.16444190653335,2.856790632582596,2.752510214027869,2.8748955307038373,2.7885191314406055,2.679937500146249,2.6911978050297596,2.689157430447934,2.9862735971734358,2.989472795956717,3.265023904782007,2.611670662887106,2.4673305794808202,2.8562313321564394,2.716495090224846,2.5328242380479784,2.7570343948190796,3.590867856139356,3.2654481192488674,3.010271703659594,3.4513555115121766,2.90359531979216,2.7788793188034724,3.384753742031059
Jan 2009,2.8949025397448067,2.5494118959242043,2.657549304829838,2.723263083670227,2.863452989146581,2.9508010007548444,2.511364151251769,2.5881160919174877,2.8090495270531237,2.578096393926484,2.936303599246477,3.1078713846234125,2.90137218211505,2.6202332659931287,2.848342732118223,2.7439687963502672,2.6146984163063594,2.6628861235402557,2.572507839178966,2.9275621930346674,2.8958684543494475,3.173988761014143,2.5624997637403593,2.472042519716141,2.8322464106988043,2.709264305393916,2.4902846861850545,2.6962982376443247,3.519649558775443,3.185470410908516,2.940412697453488,3.3772820255648517,2.8530470334030023,2.7373659370184926,3.316665120495432
Feb 2009,2.891774564005287,2.5662599072241834,2.59950208031313,2.6447223718898183,2.8374871182581685,2.9037590307893453,2.460320850674916,2.5062579731128336,2.8031450394299857,2.5349342024431225,2.9045177600949725,3.04706190430844,2.873592454852738,2.6367216410586,2.802041231824503,2.645737360316632,2.6048330620265787,2.628486060564646,2.609821338749344,2.923095551959073,2.8636446066521546,3.1311949527404916,2.508020635377852,2.463540592723103,2.7764223151308776,2.6798585726602395,2.472546703212453,2.627029673033221,3.510563737913852,3.1536522919407894,2.9212018574423135,3.3313029657538804,2.7938394160803894,2.694009997532331,3.282266958267306
Mar 2009,2.843184799628869,2.511074591995193,2.6406281517874026,2.617913211390801,2.8271517319096096,2.865615729315736,2.4727037209082705,2.515542928524632,2.7875497104987623,2.537113985365835,2.881645266369167,3.0209579942785187,2.9018921226480656,2.6097075035786,2.797010717929524,2.6942688544194464,2.629393047153028,2.6280322384097765,2.5411939171019045,2.8836553941533443,2.8246517390585604,3.097201835331115,2.515714262623385,2.417044420886259,2.7565074248649455,2.6708370380706765,2.418333757512578,2.6373213424054396,3.488280472151593,3.1341582036427598,2.914674274609426,3.384885680569619,2.8064441627721397,2.6724406462175727,3.2987912510520494
Apr 2009,2.8486892196508573,2.529916072528995,2.608474883827891,2.6148370351373855,2.832609816596593,2.8834174732200655,2.4774048278451493,2.486985186782437,2.7803745755819924,2.5560118215836654,2.8812317241039933,2.9942962353773797,2.881062743531691,2.6178162222471606,2.794449455798151,2.6483129004486763,2.6311511312150473,2.5817300760257207,2.535464141121783,2.9048073455894796,2.8284982584554452,3.076251044120291,2.5251855209709846,2.4003073627239653,2.7994754045272003,2.659292878273199,2.464203314788279,2.6691290007344093,3.4855785785782145,3.1072621286503206,2.9419682941476664,3.370403032661998,2.7995251983346447,2.67321526450973,3.3191146243784506
May 2009,2.904142403334823,2.501272628149992,2.6433553381789157,2.653515890265796,2.8478653418028785,2.9237287911691077,2.4849570583671077,2.5139105368991452,2.8125611461076057,2.5588810883227153,2.9072357673629914,3.016673159395962,2.8563575670015897,2.6732847983968435,2.8353008993469873,2.689308529264712,2.6163920230552615,2.6494198959603015,2.512540348419931,2.9151616789449286,2.8833392154709885,3.1267262698660327,2.5186087926972807,2.4161413745343667,2.8255305008542178,2.6141148035216766,2.481586962145501,2.6787313955400625,3.522711325442843,3.100651487257262,2.965024954044562,3.3235630650380665,2.846044291735226,2.6893164790175708,3.3726118964013043
Jun 2009,2.895530424249129,2.5151118141337836,2.6497637243001346,2.6404602874844634,2.881705310401478,2.960189751579047,2.467712265476582,2.525211170190446,2.826140105208792,2.5471468473990084,2.9462966269611615,3.0582914731975492,2.8909628657780546,2.601738965509521,2.836377537417431,2.6982873506821545,2.668723837538713,2.6657350022244977,2.534328305102075,2.9132782677049502,2.8967685980918314,3.1116024157750477,2.5536082532655837,2.4601119451112083,2.7884920951907413,2.5896039835396194,2.466942813192316,2.6849129970065753,3.5910136955847145,3.1677365154255823,2.9886570403530577,3.381718469238675,2.86846361325418,2.723436944429537,3.407836720257747
Jul 2009,2.930263956620112,2.549212035197577,2.7045199605648915,2.657391900532356,2.90529631233673,2.9836859655706682,2.4998441678223027,2.530614661914484,2.872510546341699,2.559790410765948,2.9754546349733366,3.0927437838420615,2.9040263014693357,2.6321920855141467,2.875216550310981,2.743922904429363,2.6686163458787315,2.642987927121903,2.5570860446681745,2.9596972138601547,2.9071900688348653,3.1475785974412513,2.5789817355982376,2.352965751932055,2.827660082934806,2.643262449244212,2.4772730487183448,2.7259379271561377,3.6207064397208026,3.230369015701417,3.0320128344935284,3.410644312731554,2.8896632955899992,2.735586550503971,3.483021651800637
Aug 2009,2.9631692678382717,2.5593916524665374,2.6932523354668723,2.659789648839776,2.963639987068112,3.0087314190372303,2.4850270174259403,2.518399729281813,2.898072381823882,2.5864998248404563,3.0135138187367336,3.128649277322054,2.9052219977673213,2.6466362571138062,2.913106519828209,2.738083127378509,2.6881093332646775,2.6618065128272264,2.563409309588122,3.0014563312163403,2.954538550966842,3.1807860970727835,2.5846158601892255,2.414234058422669,2.8729934803747716,2.6446017929590746,2.464944702998325,2.7336302864742175,3.631351984818081,3.2610069471128367,3.0462686468705793,3.4427583324071245,2.934648752576763,2.767306895485435,3.5042955398434423
Sep 2009,3.008416247336277,2.5938830017294876,2.6934629454321075,2.6715539864402436,2.9787290218123896,3.0471984682362296,2.5104377912020213,2.5553192381761316,2.9399500615981418,2.6115563532003545,3.071674650730071,3.1704370184261452,2.893765395731714,2.6695575644882834,2.924070843149905,2.749924299653717,2.687869744948357,2.66650710304267,2.575856797603374,3.0058996625723533,3.004350566412242,3.238155971804445,2.5941209148607784,2.438039685173837,2.8881832470681403,2.6656342949109972,2.481186010741442,2.7215038870559756,3.6866420189006295,3.288126015236118,3.0671703560624652,3.478416119028506,2.945236095626978,2.7942275404093384,3.5673442151721986
Oct 2009,3.033575987703996,2.5712445777055697,2.7280466730541835,2.688147953254299,3.0057480885964143,3.0817282212488557,2.5579966043465183,2.5531978179219097,2.9570023882020924,2.6086592653848655,3.08139241844201,3.226259885871369,2.953860010359106,2.641868597226802,2.9357968977789968,2.784860444470849,2.6747827278818814,2.708917468706228,2.5627893352763516,3.039448673170087,3.0045670911978064,3.27116889215148,2.6176968100612688,2.445079214846276,2.8883365444883573,2.694328107107925,2.5090254702827495,2.710109991722422,3.725618886340384,3.3514320130945006,3.0964686976340796,3.44839214727291,2.97781314142511,2.811234898333204,3.615404970817662
Nov 2009,3.075405242515628,2.5884717193951463,2.7626583295118046,2.6985990091438197,3.0254825622412267,3.095357652064592,2.5535945193888536,2.569664059579116,2.994909868658884,2.628099499610253,3.113778117422048,3.2649085130987494,2.9867875329195437,2.6747688199667268,2.9732097545199663,2.785756044396583,2.722168402949797,2.7575884230525602,2.5616280398328786,3.0562672946914624,3.0197810829611407,3.24778264140409,2.6119682550369503,2.4883350788518306,2.918283012616579,2.6948079907071456,2.486078948004816,2.746740351824018,3.7461514971823435,3.3613889525783223,3.118577403312245,3.5137419826148104,3.015488783331652,2.8129319574056337,3.688463716864515
Dec 2009,3.0890104537131946,2.617201769806965,2.772921372509319,2.714813942938488,3.0392388778152926,3.120668739785107,2.533327291638336,2.584970880543499,3.008881430240971,2.651436487904231,3.1462097321701443,3.2953424819903567,2.9798996976945737,2.7034969361893593,2.977629422887707,2.789648818964278,2.7274970833421293,2.7471370073698336,2.6014024506219324,3.091618945536206,3.0434471091044064,3.3243886928883906,2.6539154601927337,2.451623853514231,2.9564845883578177,2.7181690592869696,2.5174718393420332,2.772226080008687,3.7665490180708194,3.4427686527600603,3.131613001750162,3.524990496753727,3.03139132837832,2.849223001959269,3.703323734468252
Jan 2010,3.09890807414415,2.6278074681915244,2.8101273945989793,2.7160912731129376,3.0716248143927136,3.150295902170597,2.517266371005869,2.5972778601841253,3.049797756205149,2.6032783856465787,3.176057197959217,3.3224170936742508,2.987279979460046,2.6600703246184807,2.979551655367452,2.7713998351446967,2.6894186015206305,2.7889752924301736,2.5534959562227404,3.1172681279178924,3.0392852179830525,3.4274058551479296,2.6296358853060204,2.453567287031036,2.8884813503552125,2.6879702059827353,2.5148722411072395,2.745224986947418,3.8173591557780546,3.436799986963914,3.146259855053132,3.457058350565298,3.0542857083814243,2.8653070815693162,3.762538115060601
Feb 2010,3.1207338916571845,2.663639392020402,2.756397658472377,2.7317993925372535,3.070702877008976,3.1338126571320233,2.5247635361582788,2.592030574379797,3.022850647733222,2.627081514268955,3.1929157217829256,3.3457115045968147,2.9997962014341586,2.673238600579646,3.00958188496643,2.79029466268662,2.688579400972556,2.71742643491242,2.6004580254053407,3.1037868163936926,3.0743905197467214,3.327524581986496,2.6538276572460737,2.4104248520736027,2.9625869077521045,2.695035353812842,2.5287887764754813,2.761133017693572,3.8543218982604133,3.4615445682821564,3.1520369110299815,3.5227466981908306,3.0393680695736722,2.8601045062039767,3.7446408324146914
Mar 2010,3.1229175952278996,2.6373216322615614,2.7887159323400623,2.729735459322525,3.0813261403561785,3.155454006771829,2.55738625478582,2.5902764944813264,3.058268959623229,2.6357491330847878,3.1899854973992303,3.356044423445451,2.964894816751674,2.659801262502131,3.043218744896252,2.8281213052879037,2.7085964127781246,2.697438375529537,2.603249970647078,3.1245890489482315,3.0761353281200408,3.3485048350954836,2.6515639040983365,2.4652047772023247,2.9412340957776753,2.6994359081688764,2.506419911452389,2.7495785015850247,3.8576659325688287,3.477518831133049,3.169003884649033,3.5631211136602703,3.068065898484271,2.8519703867455624,3.8048597864668108
Apr 2010,3.1850981490136276,2.6620169645099065,2.8169889722955945,2.744782205334704,3.091182726779062,3.1803614251265215,2.5245025725773487,2.59543793722457,3.056232231776447,2.644632384679112,3.205155123716257,3.3659141148486462,2.9835062744992524,2.7089921438936155,3.042461580348853,2.829210415392403,2.7167560784340847,2.7734715928004916,2.601930157494688,3.1624987437233876,3.0833320018461476,3.3383510319080902,2.673664846775743,2.4933422698784082,2.962890580495382,2.7028238463782674,2.5393745530321987,2.80138900141146,3.892332049383001,3.490060474935951,3.2082948432705622,3.5519634294469995,3.0812502273629745,2.8769663606754245,3.8618844229264897
May 2010,3.1835331450421447,2.6429390167027753,2.806350783443727,2.757136790926062,3.126110762766833,3.169768591705735,2.542980731746561,2.5890941664958755,3.068874206736811,2.6644595333652084,3.252978555954341,3.374609131954482,3.0664085991977004,2.6623690981523107,3.035479164268438,2.8132865144642065,2.7379060017043395,2.75477451417475,2.5856963676009994,3.152367587193946,3.116368397484109,3.414686039118269,2.6543715750681525,2.4138869283043713,2.963224451444007,2.7106791177815555,2.5274530485652957,2.7986546301745423,3.914061924595068,3.5186906399505924,3.1909756714778257,3.553248074949748,3.125205520426119,2.874795672727674,3.8445689059122747
Jun 2010,3.2049523491128475,2.65409282718588,2.823186896068453,2.761284442886363,3.134447949319193,3.187229522847787,2.5841432808042364,2.5972253059439825,3.088972366150915,2.6720484234892035,3.268080841294229,3.4077920575589196,3.0021395399722137,2.726885568370558,3.085205573790524,2.8456472863378433,2.759272896423646,2.7591685859175366,2.612583114277448,3.172528633770332,3.1249867958897886,3.4203746676261537,2.708255519281675,2.455908258885189,2.996998217570123,2.744470686340673,2.544523137617842,2.810743232532469,3.9750646147605546,3.558703005708967,3.2019058071042386,3.567982829439557,3.1259051296991327,2.8995765887055893,3.8239637955185786
Jul 2010,3.216609667845118,2.6642086977131267,2.812829317431524,2.7434107631604316,3.1427120118993845,3.2178914470195514,2.552773260937206,2.6036967463570186,3.1008902762556585,2.6397599703173182,3.2584876521761217,3.4165834135777553,2.966975682569953,2.707721335863073,3.0840084987770244,2.8646707470723833,2.7491653642133205,2.7694528187734213,2.6311441726985816,3.194822616828955,3.1458974540410374,3.4534493874248775,2.6839279381283565,2.4641066276275323,3.000930071891989,2.7204645417312108,2.5894775347082177,2.7889287320351013,3.96542278114646,3.5978248537580613,3.2176209861980056,3.6060146567606126,3.1434417337141682,2.9160447608851214,3.9127494667029863
Aug 2010,3.2202801563620485,2.6768286181660503,2.832409750586919,2.7589367979238615,3.142202484540667,3.2041332635533366,2.5651812134093857,2.6212287780527483,3.0960652542394977,2.6693261525073697,3.2807286944143303,3.4176670768439417,2.9913957459235205,2.6934675300854107,3.0721597474889437,2.8543101513490523,2.7470029706633516,2.7901583861080335,2.632928870549594,3.191423405351739,3.142873998129347,3.4489477412886926,2.6936665064065326,2.4757774402361843,2.990265199466724,2.6842145454097017,2.552508577820738,2.7922024089842257,3.968709648088193,3.609122070867657,3.2090583583605836,3.5948856766822743,3.15354103990162,2.904433136245105,3.964600787215571
Sep 2010,3.216988686172224,2.6897498633681107,2.8430577155923964,2.7578629115801974,3.1530134246935377,3.200736390489822,2.553909782272312,2.612130524343592,3.106266727415242,2.6705654937444185,3.2764172027802876,3.439591690655579,2.996540580728973,2.711016650728747,3.075869633119164,2.874938495918265,2.7327289950015605,2.7460911615822514,2.586101569223389,3.192147609414927,3.1462846408517757,3.4271597361259745,2.674134196382966,2.4666047201580596,2.982023711414826,2.748529859411005,2.54953616724163,2.785899671316662,3.9819808811031,3.610564471524047,3.225199499766401,3.6256288349293033,3.1552425130245814,2.9133504900649068,3.916012699532119
Oct 2010,3.2283165488136634,2.6578514140700165,2.825309968437517,2.7264846783584313,3.131633082225316,3.1632704920948704,2.515577290486884,2.586021884031299,3.0790518752420883,2.6509113730550182,3.262197329745699,3.4295057228690657,3.020712429200651,2.662603932833227,3.097396604645357,2.8327834238332987,2.7447508516562658,2.7575720608325396,2.6275073134476075,3.191308423512572,3.123668052907443,3.4479310734848947,2.6451351904523746,2.4241782517347947,2.948591502023831,2.694674997169834,2.5237327012329915,2.7646626616761387,3.9719977883685327,3.580808001827182,3.192005898958115,3.546522008800507,3.1296214056741354,2.897519384117138,3.898972996741734
Nov 2010,3.203021662742338,2.6617137078569226,2.7921457646271377,2.7221096949608192,3.0956876851502364,3.17490839457864,2.528770537229824,2.5704939243822844,3.0731686925866253,2.6638485159765417,3.241779488232657,3.3988266737427284,3.0068001400419133,2.6444442910730563,3.053816575576462,2.76298024879956,2.6785093105224744,2.792837749762547,2.5600024188296233,3.1543374766438763,3.0912850692557976,3.406645575556698,2.6293527971063426,2.449944943094493,3.008978319019084,2.6841850621385386,2.5480989716887295,2.7954990371783848,3.971392344312091,3.5951945823963642,3.1793599450394106,3.578046717687895,3.11288760529672,2.885443066677425,3.9011694900970433
Dec 2010,3.1716866435437354,2.651182768026114,2.802864604840065,2.718000687947881,3.0748229894608468,3.164660979333338,2.5105053438048017,2.551400396290311,3.069161415117384,2.627845443718896,3.2326769042864885,3.3823563963251373,2.9540403139209515,2.6782102296139305,3.0252404140045406,2.7972284401301732,2.700536677462223,2.752126084009287,2.6098595709368557,3.141811648680631,3.099307580594301,3.3902460767751057,2.635891227872684,2.4316119877245006,2.9735557628579405,2.662266308748293,2.5197119047367638,2.7358625792405866,3.957257390987979,3.585953389937415,3.1617937924597794,3.5141027997262855,3.106869986839755,2.8810853028908388,3.8953231705270537
Jan 2011,3.195901232176676,2.6108580511191826,2.8051356676438357,2.715177663737101,3.0579696993908634,3.1315041985257235,2.4581672632248233,2.546015846398462,3.0186701643009726,2.630035971587887,3.1957693392524034,3.394336437699433,2.929377915946024,2.650243828389291,3.0112714044797686,2.7861372145722183,2.704667397216981,2.689341378522002,2.5431980070180935,3.1459301424125545,3.0750757152318546,3.4356621474161075,2.6239872307484413,2.383606866566988,2.89791003316952,2.656100109684062,2.4873021847902,2.760106396809768,3.99272939694414,3.553568636040567,3.1319202438229876,3.542624474352725,3.063932604153856,2.8626466474664234,3.8732117583185466
Feb 2011,3.1537439615595657,2.5959164417474185,2.768234515431828,2.7096775964741,3.043383989345321,3.0919663526841457,2.458898325279298,2.5488208248926427,3.043198242170632,2.5775279654530965,3.192506295618937,3.3209607310967706,2.977040893721195,2.6091361468815455,3.000950384492625,2.780263626849681,2.6685017249647327,2.7134411085383205,2.5928384768323545,3.1314242684917137,3.0605119042123534,3.3823681042995895,2.6198612299084054,2.341865893775432,2.957602051251651,2.6407853501680996,2.466833975148191,2.6827333992143556,4.02301781310959,3.5466861278348887,3.1223072025506275,3.52544734149652,3.1129341462103897,2.843573696509749,3.907843549326109
Mar 2011,3.162457562219326,2.598275259810469,2.7567036123454955,2.66799375837772,3.039562965884799,3.109798474589475,2.4945174042640734,2.488411389993765,3.0556119048915478,2.601011385799121,3.1969896139390004,3.3312441865263827,2.9780720267350964,2.6183418541992847,3.0175618484091102,2.7745823362446855,2.67093087500856,2.735526411174593,2.5181596807397026,3.1287994714462655,3.0413430737401965,3.367490300249357,2.5961131519060716,2.417608133008816,2.8771210014397863,2.6314033205739173,2.4660491078731552,2.7430992402675827,3.9375406080630833,3.551806755651749,3.1205928398023852,3.49713370920422,3.0585533632025887,2.8481526472723084,3.9565043332550442
Apr 2011,3.1618979223595987,2.593213921762304,2.7615683371278075,2.69698892859993,3.066057095479123,3.1428426818757313,2.4841564732134183,2.527840551529168,3.045266547871585,2.620087233972592,3.211911659941374,3.3765449473497977,2.9643309691668445,2.6369769075707343,3.007025796461004,2.809965154300894,2.670952055771708,2.6989555504218625,2.5427315130123422,3.1207903579688985,3.0374993054128128,3.401194072021911,2.6413357151372363,2.393134496207163,2.9365363487501064,2.6468354668779126,2.5059369346343363,2.739035069992004,3.9990283464624183,3.5836526281158214,3.148175004175995,3.526614718921462,3.0959910472375447,2.840023934152487,4.0142254741849195
May 2011,3.170468198303178,2.570688424879832,2.7749475506215067,2.6956734744618203,3.0565485208495486,3.137554226434095,2.492309565346009,2.5518835924743257,3.0413697641823654,2.5990687424441883,3.2212417001042435,3.4012820043897607,2.950407959117806,2.62954299823615,3.013240179063688,2.7746309329382384,2.6789790618044576,2.7186514534347563,2.518436744787414,3.123153251917242,3.076139109131238,3.398747455152262,2.625130703940137,2.376089359841396,2.8927352119404497,2.6924205737350406,2.5023062428200973,2.7494128819443158,3.997428722693063,3.584624962225505,3.1364125839548302,3.514487967309826,3.085774796667695,2.8839174899531153,3.9982901973026594
Jun 2011,3.2024500212961433,2.6191677900620167,2.7946032863269923,2.697563078781739,3.0874348124592683,3.1208046319919798,2.4642594918095915,2.543196943519738,3.0741967415593683,2.5866490814651293,3.24058267135614,3.356171907489742,3.031398709459743,2.642057773114443,3.040547354800549,2.7695325491379705,2.684722673556463,2.7242782390844718,2.55203823085366,3.1570804382343827,3.099114814168118,3.406711227348719,2.6236152817210368,2.375809223887706,2.9468050594088573,2.626801536985514,2.4701396888485903,2.7382685369196826,4.04374383879859,3.596367599083849,3.1539754011337338,3.5186946875945853,3.1051486864937936,2.8481132742009803,4.046143025230273
Jul 2011,3.1851923921234504,2.613208975843237,2.7836761595796378,2.7001665236997168,3.102075571406729,3.1506373029342876,2.4588164618918764,2.5234277940359973,3.07386403204118,2.5919921054979276,3.2520698866037985,3.4269423556691314,2.9680121881994217,2.597417128123032,3.0384581328654576,2.8024812810221915,2.658962360432047,2.746796038271301,2.539351803652377,3.1502765723964057,3.074834629635996,3.4380701899656043,2.6186891474575127,2.3560789667020834,2.9371850046784522,2.627244949968148,2.473746569151644,2.7486898582662094,4.074884155993914,3.6497717369690137,3.173548778472094,3.5737893970008776,3.1300232837171613,2.838773612025698,4.108114933892139
Aug 2011,3.206702939899592,2.6003074643461708,2.787918079977965,2.6818154504786693,3.090674001854752,3.129144016166403,2.4453508954176493,2.5500096304401407,3.069399629134403,2.589699170155221,3.2491516585503284,3.461533490845289,2.9556840367783592,2.6395920910568176,3.049047155196546,2.7818482458922187,2.674684108702605,2.701787628923625,2.5463664171565683,3.158353444856861,3.07608181323699,3.4444517833865507,2.6302672106063323,2.3619549413203194,2.943858129828791,2.6436612042630876,2.4754443749259845,2.774196042233441,4.119925680360007,3.659577499015261,3.1440401480719564,3.5228357704410476,3.1143886169712305,2.8666824486059372,4.071138674396465
Sep 2011,3.1812667912860615,2.5821087159808873,2.813444673116075,2.709753035322278,3.069801521783367,3.1193115378723735,2.470101050569626,2.5238573909859463,3.05729262626941,2.5839199128273673,3.259407235533096,3.4382881042924227,2.959590989839758,2.611751426517637,3.034051189630702,2.8114014482519663,2.659116258254135,2.7438882883098015,2.5050653060275714,3.1467247918431807,3.052541701790465,3.459335127370299,2.6223085913514503,2.3433765750176736,2.937008123069522,2.6613877506505395,2.464479095263131,2.730107645248521,4.084252714018462,3.6408482928569,3.1535525409783887,3.5412837394003716,3.118254699334275,2.8634646580700296,4.143707258121475
Oct 2011,3.1732746838645025,2.572445421964529,2.798608338085377,2.680699570641327,3.0724544955234654,3.134406256493622,2.447918871134452,2.500487758287841,3.061036516061776,2.58163732104476,3.2425806828011767,3.446091086792789,2.9225717639874658,2.5756430084395556,3.040184616967513,2.7793257788718866,2.6472607127860335,2.6967774063783607,2.525703324216926,3.1657225140408887,3.0592677054411075,3.430228714417866,2.6124940935887793,2.3574508571566573,2.924680311813015,2.6206167779244445,2.4831487429177144,2.734965949687268,4.073976201290628,3.654232603220067,3.154290220882411,3.516994031754754,3.1292214752949823,2.8637842399094993,4.0886872542036645
Nov 2011,3.1878522183923477,2.6095323557931596,2.8040709855604478,2.69541678369466,3.0879446588775266,3.1416973532971215,2.445775240363691,2.4971711186055754,3.0674381344843984,2.5838174690968696,3.247933817863899,3.4436553540783854,2.901524815190755,2.611010521018151,3.04617574069183,2.79138558246285,2.6227699414091012,2.719506846675654,2.5279525250143826,3.142259991685046,3.0519146845705167,3.4345029940767757,2.6083086268611453,2.320828940957894,2.9295238967746604,2.646056707101267,2.4629304660583764,2.7336874938440587,4.0914496459556755,3.650924074162386,3.13376685757337,3.4980385797180262,3.121496574899521,2.861288956789084,4.10941807637989
Dec 2011,3.2090199404013395,2.597997059813451,2.78121387905452,2.685124742199439,3.074471064307302,3.1369290561651213,2.4703097023458396,2.5057081088059934,3.0593642676359654,2.5782228741731985,3.2548107733245577,3.4827272301428707,2.949810096774758,2.6204574181476623,3.0375408025741075,2.7747983552223756,2.6533416900847957,2.713779415324738,2.542839341177933,3.1442951388571436,3.0647541890413437,3.4196188306781243,2.6190705141572646,2.375097331761358,2.8653969634564054,2.6408805291654835,2.4389040195030485,2.7397216356810707,4.146523489620078,3.6828209832288894,3.103213832125246,3.540493779039348,3.1183403321361296,2.8393841604002987,4.118368149874426
Jan 2012,3.206870219937648,2.5723280693431407,2.776276449910171,2.673426847722463,3.0728703092929868,3.1091026649228133,2.431634679045345,2.4812707269808647,3.051153457093399,2.5577977287840605,3.2342027533999245,3.4308526147859264,2.904326435350867,2.5593728088052057,3.028819110310483,2.7963994897958733,2.5997564183475466,2.692780326632677,2.48595555360833,3.1520240279381184,3.049033613108226,3.4174108123654063,2.572415021326693,2.3011957569221524,2.9426546327231238,2.5758562086111043,2.4892932469842113,2.7217212256325136,4.131639386954577,3.657834539924035,3.1247163861960896,3.4782563871418444,3.1142331432126666,2.853931027353075,4.182426969868799
Feb 2012,3.198898416940025,2.568012856557947,2.7816046125884233,2.653517682365477,3.073906784074159,3.1140491339353704,2.4097385178196156,2.47325874000035,3.047226606042281,2.5576751588373003,3.2549553725710183,3.4285036982298265,2.916926969106077,2.544175820047083,3.0203256959411284,2.7401286538403964,2.615551263865463,2.6766479089622237,2.5109552392334606,3.137562242480492,3.037594331150479,3.448169471822729,2.588923333341863,2.306772739435021,2.9095755873965152,2.6263459029712766,2.44424003434795,2.700449734840025,4.155344408602787,3.705164023292808,3.1135513077308996,3.50402289345466,3.1270951822137283,2.8063023189012433,4.132332560469195
Mar 2012,3.1879993609228774,2.5820985374583616,2.7993743719089426,2.679682818432965,3.0786809799382278,3.107330079857943,2.405855504405349,2.491725049141125,3.068220556365641,2.5804037639196067,3.2288635519883586,3.429834525981546,2.940464637056819,2.5917785838354925,3.03187407361897,2.778086051377526,2.606551849541138,2.7420845835256644,2.506233269429361,3.118355471358819,3.06767106965446,3.4222714542017307,2.5924449692191174,2.319191039681424,2.8942825274330706,2.628890796894942,2.4247895326136146,2.7467497736683053,4.119596595485426,3.6606609137971486,3.122717997938273,3.4924065807848703,3.11071420169977,2.8624702993733653,4.170620899522689
Apr 2012,3.2503700911445836,2.5684831430180655,2.8259668033666685,2.6596146842024186,3.088639125936996,3.1348812215478854,2.435390891372542,2.4829008417687315,3.087361061641199,2.5855940880208617,3.278506332814941,3.5474473321888116,2.9264803035152185,2.638464081226157,3.053139238533834,2.7810770494332413,2.6639545777512494,2.7038482557020282,2.5115137350001477,3.1781091750282813,3.085590735130818,3.482870183243437,2.6005764720535076,2.3159372053042433,2.936539804450198,2.603679845010541,2.4352002501536507,2.71731570377695,4.2238743122595634,3.727476770184208,3.135838653469155,3.5796173487119063,3.1550948317917604,2.849622298009864,4.310347038694837
May 2012,3.242475446810496,2.618666388705186,2.799745823743793,2.675457121938842,3.113252919679049,3.164607991394545,2.3999219444441544,2.5071430106973787,3.0881664515651193,2.576462494722685,3.3011152219836024,3.5588216489813425,2.9018206628054832,2.6034551064348026,3.0512043067947605,2.7888933643685117,2.650766287165031,2.6983627799260828,2.4862637517057062,3.1676788739653627,3.0868562643027597,3.5320024334172158,2.6370332827123364,2.3486504129929275,2.9235208791163316,2.61497441180439,2.4454985226229784,2.7195765245309453,4.3094092954232845,3.75774382392346,3.1641543274070365,3.535414755657853,3.1638616337745886,2.8736698221703136,4.360471452446847
Jun 2012,3.2263739062453705,2.63508230231952,2.821973635106923,2.709263222989305,3.140860811253226,3.155104293451059,2.4728845671809756,2.5178196033090616,3.100151515793497,2.6107223914282827,3.329271164048639,3.5434711085901505,2.893221540761039,2.602925246877818,3.082435554688887,2.784347041806378,2.6591050367055398,2.686527828030601,2.5136722043445086,3.214820850006721,3.102079419866182,3.520727329479969,2.6273977542750204,2.3659014875591082,2.960195761693272,2.625498156179448,2.5032611787052823,2.7388898351288886,4.317446374963213,3.8159337953726564,3.15557514678224,3.554363412836126,3.1873754480624283,2.90325730496214,4.421447024947724
Jul 2012,3.264364447786993,2.594583622510066,2.8235223760927513,2.7017242592336133,3.1068321275430435,3.16492110435821,2.432748594456331,2.490174561969544,3.0916914353275993,2.579608573020993,3.3287882164836677,3.564909925446344,2.926893475589099,2.589242687128005,3.071352915473097,2.8004741571829928,2.6518051250735017,2.7145627411965614,2.47272023166625,3.187844902080122,3.121911889794014,3.5276606181830537,2.6343536487921995,2.325660035967565,2.9133808912022294,2.6181006847843302,2.46335067226438,2.7455842819950473,4.314353589956714,3.8079560780396973,3.1562725383443837,3.545183241058347,3.188091403632764,2.8966303350357534,4.435038650738973
Aug 2012,3.2623166509285637,2.592595367339841,2.8163080887021255,2.68525582020105,3.146291715322542,3.154515521039265,2.403123494477015,2.486274531338384,3.1090527072751795,2.6029857582131815,3.333106402318013,3.5945373043205056,2.9232482654615666,2.5863145715123688,3.094917410720288,2.762298157189154,2.6512943448729738,2.7404195463968613,2.5108463614969883,3.2163447060166517,3.1441777634503096,3.5469616528595314,2.640264492810945,2.34024108941634,2.931798276556746,2.607706350879668,2.4566077616100057,2.760388982321388,4.383253236232,3.829185837039103,3.1672256296693857,3.4938558050354986,3.2017427007749144,2.878152832324554,4.454623510514377
Sep 2012,3.2759313784312782,2.6185616563857175,2.8264222719786076,2.690371556423624,3.131156204834919,3.1441561142774357,2.417553356535726,2.4859513098562926,3.1029656005960558,2.5646278418834876,3.344805223600928,3.5715509235474583,2.9268358874664204,2.594249096776444,3.0958951297775945,2.8304615323880786,2.6369667018026033,2.716801550885676,2.464370374452248,3.20447744427129,3.1050114776972877,3.5222547883409883,2.6499468060857185,2.315239782680539,2.918242339726438,2.6098117353311783,2.458530606956371,2.732150192779088,4.381607400679309,3.8098920711832016,3.179197995348751,3.521385016679397,3.2139921868230243,2.8921216990820833,4.456805551947159
Oct 2012,3.2541581251112492,2.6077976452533247,2.8155967343354495,2.6777205302226417,3.1191345267186157,3.1371655145632933,2.410287553002825,2.468642105195012,3.1018885293422382,2.598225849807068,3.3290040608121507,3.5702885552481085,2.8596146460592378,2.5669622921213997,3.077110716266613,2.8127413613498287,2.6311608196933225,2.7194626681646668,2.4602522622990315,3.218626152137007,3.111119392639977,3.551135720001362,2.640801678673124,2.287457708387718,2.939013213365612,2.6593234884180736,2.408998858473761,2.741421135988753,4.382094413472669,3.8436009977632906,3.1747486949839216,3.518861600326171,3.190870847190967,2.8736227693739775,4.416818677130592
Nov 2012,3.2566368238164487,2.582068391811324,2.823049340309713,2.6770130361206634,3.139906101650254,3.1515783804242465,2.4145828802443545,2.4767802667478716,3.112069042089759,2.5666310335020692,3.3290257356140573,3.57340194023428,2.896730180705781,2.56572498692157,3.0807068859191395,2.769082192770198,2.624640949805557,2.7098615345410324,2.5034645064233265,3.1980873060625257,3.1203157768433045,3.536814024535126,2.6237487822143577,2.2957010628972627,2.9077486051892896,2.6266190758139376,2.43724426620087,2.7283601865768365,4.4037871164019675,3.8303376026873908,3.1567936009550777,3.5381671483663797,3.2163768210897836,2.8850493905276253,4.41973648359483
Dec 2012,3.262980500605459,2.596738114952628,2.8290631313592693,2.680297441542191,3.1361552475228196,3.1448571073842255,2.395506058696426,2.485838073345943,3.1033583169581958,2.5800774056906985,3.344643888073657,3.6247201197710686,2.9056170631747995,2.575768692007819,3.078431503939829,2.818017027755635,2.6305871437895862,2.7185841850479835,2.465162356442903,3.181226779796871,3.1297091319909396,3.5436326732114174,2.632739281213319,2.30613848867028,2.9204414073176554,2.6040715815241877,2.4496203219934425,2.773161533837135,4.42175033225645,3.862485841888581,3.1697604264363624,3.517575819555731,3.2118615655195732,2.8927650675030914,4.553243657145405
Jan 2013,3.252238487604069,2.606507700880199,2.8203920303992707,2.6722789962029396,3.1240771743001186,3.144258187232001,2.3744026698206757,2.4337712956280835,3.0868785192913144,2.536500529467808,3.3415006217604897,3.5950380520663994,2.8556055756425813,2.5381843815287737,3.06281849951607,2.796239572166283,2.6190368204486187,2.684797187483341,2.4851519722174733,3.2141808968456362,3.1249864576664734,3.5459611349038256,2.6138049210432164,2.2849331836989264,2.9218899898446575,2.614663017192333,2.4030525238724527,2.732449377462049,4.3657686980491945,3.875205258386766,3.145290153188889,3.521501004060621,3.198719326201659,2.8475991835904426,4.510898567867333
Feb 2013,3.2635161543720335,2.5857867537988604,2.8357508282592865,2.6827672051569853,3.1315831348116165,3.131537276794049,2.406928481292035,2.4523164158327013,3.0704581043539934,2.591769050598795,3.3595972599738144,3.6176986454135687,2.874429761076075,2.546475404721668,3.0909577164528055,2.762614017272131,2.661330180267505,2.685119186047351,2.447662327638623,3.1666197261979425,3.1194719790005103,3.5668275848162416,2.615271471049624,2.2830511489650136,2.885637048708209,2.621062804659849,2.4381576301072294,2.722240464065731,4.413931138495249,3.8444303877139285,3.1355718425544623,3.5027463343645753,3.1801017985192552,2.8718070138454372,4.539385878076473
Mar 2013,3.2836985036850987,2.5933466546377066,2.8166197465836778,2.6871767100551915,3.1422725084709047,3.1623071116676305,2.3790732223737217,2.473297780947811,3.089513616283658,2.5545458086188364,3.3394803788180916,3.6977477314522518,2.8825265897414116,2.5500511955132743,3.081631959415449,2.783853145987009,2.6084486685088564,2.722583640480423,2.474857430032188,3.204439716128976,3.1248717679701103,3.5862459264606548,2.6365373304249373,2.278813805080275,2.9158812000757925,2.5809455199579467,2.4857815453403362,2.7465477640559888,4.40704666539134,3.9279925172052956,3.1563076988998606,3.495545985100854,3.204502523458298,2.8918087343649943,4.574546639903794
Apr 2013,3.292260746319424,2.5977645672530962,2.8511377458463736,2.6905227657263557,3.1623208208984317,3.163819691233239,2.4450548911069814,2.4750446221244498,3.107651695865704,2.6006351656147086,3.3759859119551843,3.6783924243804615,2.8938926456572847,2.579854302632574,3.117220582040578,2.7909191132405966,2.632646083941343,2.68907962079662,2.429886570297617,3.2182219884384318,3.158781950469944,3.565738066273585,2.6425932929284097,2.3090703225003364,2.9281408371640674,2.5944457856109686,2.4582806781480606,2.7443058838751995,4.54591806434028,3.911511076814356,3.1803560926504177,3.508515984954157,3.2441374478499485,2.8978720240830227,4.689900311297896
May 2013,3.3183133156574542,2.629135804160177,2.862282468298573,2.7006219254367725,3.1682451601099255,3.1969593908956364,2.419739041259085,2.475063369618582,3.124063652244692,2.609293856200512,3.3670546121665623,3.7098296271068336,2.9276598429354217,2.5627461201718638,3.1164436698537044,2.812077380875766,2.624004265851965,2.75163463196178,2.4676036181579586,3.24398559423346,3.1653028850276423,3.652301652312992,2.642708376913492,2.33339613003454,2.9453245631063014,2.6454180281078603,2.463511506618831,2.8024513220828795,4.575478826769849,3.9469637086769667,3.1650109135022917,3.5396930111795313,3.2471493028478386,2.9290999371452067,4.674682961198129
Jun 2013,3.374770191077573,2.6590955454484457,2.881662302106879,2.7292929813635882,3.1873354428947116,3.181417028985816,2.428846202094041,2.493278408814957,3.15443083828812,2.6028934978754625,3.432943357569917,3.7299623557739494,2.892357019592385,2.616980689514676,3.1418589542490785,2.829512118092704,2.660857981384598,2.7653794644175904,2.497987042812153,3.2570124150533633,3.204377788833747,3.662801053677973,2.6616013591489316,2.3555132628277238,2.9494476473429274,2.640695310389963,2.4666380898500915,2.773693033305971,4.634947797980037,3.998384060822851,3.208072184693172,3.605790897457249,3.2987788438526495,2.9442377176359944,4.769232610603269
Jul 2013,3.3626576972190803,2.6395164712140518,2.8778701633368624,2.7423288420516023,3.1992503572019393,3.2077218324353964,2.4260103221536298,2.478752087084576,3.1658999595965525,2.595176172718406,3.4301675153914313,3.7817026787043475,2.9056501505140875,2.6364711669847067,3.165270215521893,2.84386757453361,2.625316786719395,2.74833482013918,2.473119060284895,3.2661867741759374,3.199308529185574,3.6801813987999683,2.677169042408481,2.3570244954001076,2.9824414169041877,2.6398463334169984,2.4462041953019633,2.783476958429666,4.680916637733443,4.050385401158426,3.2076007236167325,3.547088823548886,3.2929213237590966,2.9230774325927187,4.849716834277702
Aug 2013,3.3869469488571187,2.6406372183983082,2.9057580167013093,2.747107520397798,3.2109437001265375,3.2158405551092977,2.4331129168450203,2.4871829078232537,3.1880923581361884,2.61768309562469,3.4569169709183876,3.83768809661916,2.9124395880420315,2.633584043695305,3.1673615348721866,2.8443685823625344,2.6451516829900013,2.7289261395631543,2.520864627265148,3.2977813088590167,3.2352246705556045,3.748774238872472,2.6876932736894767,2.3269353551095517,2.9906923009340214,2.6674595274652786,2.441920637659704,2.772570902828062,4.756832504875871,4.077704336599099,3.2201337281300737,3.5676671762710783,3.315323949934119,2.953629629546454,4.8934701194811545
Sep 2013,3.3871917591532137,2.6509048592902205,2.9157397649992363,2.719078394967882,3.2312667647044515,3.2406801422195857,2.4502849503702833,2.5182316881180715,3.1912341469472736,2.638719234314919,3.4950242126503652,3.856268172625289,2.900919689236697,2.6172171661912587,3.1959970901367822,2.8499017035219856,2.64606571152829,2.7581091267288325,2.526419150859191,3.319128407553727,3.2555528250343326,3.7885515099100853,2.6862985156715844,2.343508625330725,3.0141317776175462,2.7025705323879063,2.4999449874856245,2.8167350527462545,4.8042764460168135,4.07175147118136,3.2253259128963543,3.5542197608418773,3.3382458617180792,2.9545805598056,4.975199181366816
Oct 2013,3.4325065388359284,2.6650521304589936,2.887891214969709,2.738651154656024,3.2530986738136707,3.24783892337112,2.4090764681840136,2.5071329104828655,3.2076755212055676,2.6431960861342327,3.504620957303687,3.8786919391442316,2.9699053191597526,2.6055067631871087,3.2099018875282503,2.856597605991702,2.6728277237824227,2.755006473430997,2.4934857604877227,3.34034264694187,3.2506646639964494,3.8108483828797257,2.7003886895520948,2.2946241090961723,3.009622925045286,2.648911677594414,2.4878213967125697,2.822338832009554,4.868996053719543,4.146942677462266,3.2314719381018557,3.5721104136193516,3.3660830332367313,2.979465703143608,4.939137621189355
Nov 2013,3.428374172036144,2.680907443449527,2.9357487469136943,2.769652994696319,3.2657897983528605,3.249925025136514,2.4523187995604605,2.5486247335582313,3.227139546437155,2.6533913289650553,3.5230797367468774,3.9352679635879593,2.9406193609179563,2.6343424194381395,3.197595504061686,2.859392061987289,2.680802081122523,2.765405147468535,2.523155429155093,3.3366506462832235,3.2833125606157987,3.875033852766951,2.725661286282306,2.3251793118938693,2.9675329069479064,2.6592800077103402,2.4751007800932254,2.8372497997304063,4.893039037566367,4.153741095091352,3.235187638327254,3.59789075746834,3.353765513132073,2.9898155747976207,5.035982586627101
Dec 2013,3.4742304029257087,2.680118308836251,2.927410289119424,2.789094699740232,3.273934736749097,3.271701121817072,2.454786483009546,2.5436338406217747,3.2399333995462336,2.66693160990082,3.5422216392832326,3.9811665364379,2.978502454641487,2.6548486312055455,3.26951073882048,2.88556619894964,2.685081118852415,2.812792848291142,2.545706390625548,3.3686431605765845,3.3073247191181703,3.8842253898492,2.752297829615407,2.358834993020213,3.0282854263397434,2.685715836970809,2.5070785653893037,2.8650522441271975,5.02000135521258,4.210770470555546,3.278423024039941,3.6324677090782496,3.416057852127748,3.024806881426359,5.147536094624221
Jan 2014,3.4906149524247367,2.6628832592369958,2.9333331415225277,2.772159110764724,3.2801540189705922,3.269739878802961,2.4593383376304345,2.5248854209230336,3.269805139004844,2.641982102828069,3.5832174905526326,4.0188940698755555,2.902216198116342,2.60842471964341,3.2381089316074854,2.895662164623224,2.682431019568512,2.824793395455453,2.5209760574858624,3.377348320414091,3.3232960938642093,3.91739807678377,2.744625255016238,2.32380773097746,3.031251163255951,2.692520566744164,2.4860640728049606,2.8809228784370164,5.0521083314565125,4.265461547313357,3.2582794213564195,3.5806123868623634,3.4243827567025584,3.031394975460364,5.253713000663541
Feb 2014,3.498882340010322,2.684964556555175,2.9443373829534023,2.7857393434141215,3.3089202275038656,3.273785236596238,2.4673780515922625,2.529938750242454,3.275450923747328,2.6702302688143065,3.5933476345019555,4.101597501156838,2.933321320564089,2.653646424219885,3.2716618807568896,2.8604181540454654,2.7254672030607914,2.816669160169267,2.5567939636236807,3.397291603003431,3.342817971289248,3.968352301255085,2.735746156989841,2.318981793318643,3.0498084333016777,2.686442886765117,2.5118579677597808,2.8940595382059864,5.140269953475739,4.272594563071682,3.2774340786171154,3.603922338360382,3.4326742012066878,3.0377889054885454,5.238306760618567
Mar 2014,3.5486438674855165,2.722156429033278,2.9956545473967475,2.804413046047455,3.332148756406701,3.309839029884688,2.4695613009931163,2.5380264136291846,3.2952167529726277,2.688610439975774,3.6032570181516688,4.133486651151567,2.975180372405075,2.648296463119871,3.286753711402257,2.9030643499466517,2.678803907875599,2.820126849711546,2.56638526684102,3.4101242740507334,3.3686817932321165,3.9836205935772298,2.7615807696315673,2.3496326374157364,3.0589625326339713,2.7156477883366326,2.5069640442935044,2.910205094951479,5.232682122427515,4.342580046827258,3.2965664048551675,3.6136467696036254,3.4532177325112197,3.075805911642956,5.3858354482767545
Apr 2014,3.6155201829655073,2.751428607752822,3.0072268107265563,2.8094384183870114,3.367517849168433,3.352586540111194,2.48063908863817,2.5812791634980354,3.3277102153255065,2.7037185910876307,3.6540580503090916,4.243808106769077,2.9773670398368437,2.650086388325982,3.3317362000491295,2.9079704402180844,2.7224826506749458,2.8413902674636757,2.550224358000643,3.476611986972972,3.4318770666759697,4.09594370390823,2.7843640703650068,2.385192850683506,3.078199950073217,2.7174864239303917,2.5598544736082616,2.9319789512902705,5.419765263287956,4.413336071239222,3.294329596947095,3.59914668616592,3.5231560648601348,3.101315416531354,5.480537090553741
May 2014,3.6620571785544986,2.7434011024266542,3.0075092614256262,2.8081878156591853,3.423566434175003,3.359507990379376,2.480580207344559,2.58958497423647,3.351621519035985,2.7312483653760755,3.722110505372237,4.32732763669391,2.9576305604927944,2.7027286438550084,3.3738034968762984,2.940888261993482,2.7477010765086374,2.855142244791986,2.5894619329574273,3.5013634830867595,3.466872604383641,4.212817521915905,2.8160566864289382,2.3742429469212945,3.0744616017595434,2.740737388566845,2.5534783980374023,2.9335826973472963,5.508122932605666,4.5235548376345225,3.3377945715640034,3.6716298793181004,3.559805283179151,3.1319858228227258,5.6406099371441565
Jun 2014,3.7125363085220355,2.7846678254042736,3.0687429125843835,2.8451997868015013,3.447438620650374,3.3990388688985664,2.5152092034034186,2.6259958904594534,3.3987793578484875,2.7332434768401357,3.770212704670733,4.398921635723044,3.006079271128018,2.7010733564441654,3.3983917467919715,2.956420716610957,2.756148333816009,2.895617194963484,2.604570235285142,3.5367464480074635,3.4795496282756,4.253969844870823,2.8269536471212477,2.388496821481449,3.125495695415377,2.757697588278763,2.5432416753452536,2.963678925733377,5.563973386052942,4.653211611373426,3.3607046329351755,3.657082130224196,3.624927970128898,3.153105375368539,5.76013060685339
Jul 2014,3.7637996124675714,2.7887307057944075,3.0757574535979177,2.8608486639786435,3.459930319048749,3.41064734363121,2.5035452263369744,2.6156830015524104,3.4172557334912352,2.7490495328952824,3.813565160438845,4.496156503206722,2.9684224724086556,2.7048079241417717,3.4120597663635444,2.981513879244305,2.7572867406902972,2.901668020961712,2.6089199609980533,3.606953657708764,3.5495713177683887,4.320125274463467,2.8230767855291083,2.384429434618289,3.134388145552248,2.751896481670283,2.5770375054323607,2.994660222352503,5.691237868964334,4.734231726985774,3.36958536081642,3.6901275291991293,3.6747771584756808,3.1544552876922545,5.790045895283909
Aug 2014,3.7914560214264066,2.800281680509261,3.088691066377341,2.8661976430981304,3.4970114039704883,3.4212876434765733,2.5121425003507785,2.6279778339475373,3.471819291500601,2.7764225110617318,3.867779434980182,4.616596432078406,3.019872983048996,2.7401404440737704,3.460882302187132,2.9690584250541017,2.767969275650522,2.9116867912113937,2.634867599218112,3.6238019560978176,3.593699799014202,4.432328837231437,2.8614401783961387,2.3811405837427175,3.15307567761409,2.7834363699204463,2.601240765582409,2.98769818612531,5.7654618823327235,4.793605913693208,3.3917871280408107,3.714869749782147,3.70727884493466,3.194172425162417,5.851094232406056
Sep 2014,3.8101103690532376,2.7976272509543163,3.0819187066342084,2.895276760593846,3.5063606193235173,3.4474743569527884,2.5092299009311585,2.6330125249612095,3.4785128025086705,2.7622623150289822,3.8826709171756453,4.60492193866616,3.01499277019976,2.7220638568817805,3.4771536749038434,3.0077574242065377,2.7765072354803486,2.927811503328707,2.6520621093990226,3.663683806382562,3.6105202315055425,4.420139524366803,2.848320198982334,2.368411792233537,3.1642953273394725,2.7647380658818554,2.5870387916609423,3.0006646390232627,5.78124357342409,4.800750408802753,3.394812381549913,3.749308279080012,3.7332475015917916,3.1924740044409017,5.777311769174734
Oct 2014,3.8467889664942465,2.8166055440883695,3.1029463192574958,2.8675716537010114,3.5331767028472294,3.4260302571437933,2.5291589803328764,2.639499271502482,3.473782892999275,2.771673784959732,3.9054221321600453,4.606384636739431,2.981178537707686,2.6960904850599543,3.4880482363817027,3.0168109673521855,2.770903296642961,2.9027217317462006,2.633183921086307,3.6806484068272445,3.6281378398339514,4.432311564923122,2.8662393927497565,2.3613419651741014,3.143265523185644,2.7744588347383066,2.5808634386369955,2.97956034520772,5.74888650665699,4.779603997285459,3.385513606650078,3.7348084732450935,3.753387760398167,3.2097929646435506,5.765345879134317
Nov 2014,3.863170985830422,2.834576822565524,3.088079490651657,2.8891322205884085,3.538850361532484,3.433083020576943,2.509645436376,2.630810017298766,3.497575656303789,2.783741366605237,3.906392303167954,4.576452824550698,3.034495483047429,2.7363508652231183,3.489877447390779,3.005807746807995,2.795131908512396,2.9336901895791523,2.5938310740097794,3.682399211239696,3.6630749559880096,4.437281205866596,2.8598521256892675,2.364075524774464,3.1524026295749135,2.7951325492842978,2.5934035585976467,3.0118010686679524,5.770739209934884,4.791242523042902,3.399716520325558,3.7358904617500004,3.7665744903736145,3.226017728416736,5.696457862474765
Dec 2014,3.891592319087261,2.832769391671531,3.130450359038284,2.8917992353827975,3.5419723766691558,3.4356171880214075,2.510159334899408,2.6510494278880308,3.5122802873467096,2.805851433340422,3.9134877005340174,4.533860311016248,2.994274103828685,2.7121950823414696,3.517719254359349,2.9860657527392394,2.770452546435531,2.9431813974231837,2.602951239578998,3.727627207854781,3.66458539209826,4.491057301261525,2.882693088781001,2.3763774443905774,3.1582760564885786,2.806827261389169,2.623197155527866,3.009278216103771,5.771693692109722,4.804458528166747,3.404832783937541,3.7355412903728036,3.7727583410090224,3.2438950519549,5.827923985269699
Jan 2015,3.9104920629644013,2.8242181202795473,3.1104012027465417,2.8860783285558576,3.5511750569277223,3.4474556587415455,2.486409553880733,2.607886176024853,3.5144315589480244,2.7925531915008386,3.905864157675966,4.575798878970858,2.9739984853455788,2.712365776005978,3.5034382903773413,2.9939803401914147,2.7727262817395886,2.940142754230648,2.5988312968652116,3.718418557092521,3.663256776117701,4.490860123934354,2.870343970802573,2.353176924464128,3.1283175994627808,2.796300820090207,2.5815740830284732,3.0211147049699534,5.72638642427996,4.840409915822408,3.397094890742286,3.74241313594489,3.780066138820907,3.2196865286154916,5.719321573028581
Feb 2015,3.912334046896288,2.848096150799986,3.107960019869536,2.893917282939042,3.5539710994179576,3.428403512118103,2.4931335947618702,2.639959104295102,3.535163919518561,2.7801654690528776,3.9294004786732653,4.631333803147441,2.9993044602237853,2.7402561526687235,3.5144862428640296,3.0188997820335937,2.7757275660605054,2.936485279254842,2.625132468390398,3.7364590837709066,3.6624554230598756,4.474717765095115,2.8732595803130425,2.361589431641673,3.17326070923802,2.7941462924781937,2.580518441517588,3.028956484354261,5.771492589946987,4.80553576294323,3.415860802380921,3.6787061791159568,3.7904682294612235,3.222981091364039,5.586606653400041
Mar 2015,3.9247546728297866,2.861572172183898,3.139451525021861,2.8705219872016117,3.570232263919745,3.4528709416229115,2.509371976498531,2.642475037297578,3.5336249767360983,2.7978799598786135,3.9437778482900505,4.601018575762052,2.966417959613853,2.724709737999225,3.5230608644368195,3.0077169090089972,2.7615627771709024,2.9375370442102846,2.571624919289578,3.74685621325247,3.704937418249548,4.548377921319344,2.881863843549207,2.3605894929424918,3.1621211272085974,2.774158393895674,2.6188689341382516,3.0469926730989263,5.812354348256557,4.824953118887457,3.445986912680056,3.7431705733859824,3.820047950022405,3.2530250660560327,5.774261776875807
Apr 2015,3.993128304174584,2.8560514723480184,3.1507009225985936,2.9193932923324053,3.618448618763035,3.4962634463564295,2.542702341397139,2.6740993521997796,3.5743772676368057,2.8209414499908303,3.9970520284763573,4.650889773512914,2.9937517285944235,2.73077437317635,3.546228472107349,3.0058518373239917,2.786664725480161,2.9619774272494275,2.6653339530889375,3.790111883677338,3.7075972133638704,4.6131548076203615,2.9032292296225166,2.3813654039923797,3.2262031416622126,2.8199492267683204,2.612267483455427,3.0741366890871005,5.8701891135981565,4.911461772028456,3.411460988071541,3.8090163573364317,3.8674688674190185,3.275526230410972,5.794968398254617
May 2015,4.022350483844492,2.871034025413869,3.1589955467037965,2.92448501659137,3.62405917020052,3.517910908010633,2.564700653286995,2.674194271386611,3.6053992790259874,2.8492332108997034,4.013295943900711,4.752140359003349,2.9707670298401467,2.746460951307021,3.602637253875867,3.0457813527741826,2.782934078847451,2.96139416705434,2.645011046248871,3.8314931478130076,3.7633174904984266,4.624267524717509,2.9086949869946235,2.376340553487769,3.199522780175842,2.821154951522928,2.628453336993129,3.0716417689717246,5.977534019302411,4.97205068709002,3.4353469592137955,3.7891665178178444,3.911929012526079,3.2904728429864765,5.779090696793584
Jun 2015,4.09142705254494,2.8802343166795796,3.1757882104842805,2.940443050445324,3.666227154853583,3.526628989222847,2.563002354204551,2.690303493886024,3.643179330362095,2.8468229246428725,4.0474117682771364,4.758286235005311,3.046204331968569,2.7592803220322306,3.617376366279192,3.067442570742888,2.822328305862479,3.0028979591420146,2.6674894776981906,3.8447785570212782,3.791276782390242,4.695933299227325,2.9323390430554506,2.415656693021858,3.24111894560062,2.8207713405744137,2.638845814440138,3.0990808732910518,5.987880663271451,5.009216016305435,3.459355744785283,3.788566149425664,3.9533531142581273,3.334451677789007,5.909679728706788
Jul 2015,4.144168962762141,2.8971324953072273,3.1932728626930103,2.9601418838030233,3.68084611628309,3.5483312110764453,2.5440682382734434,2.6921771309312716,3.6455471803012096,2.88357492893736,4.105085752024046,4.874528158426197,3.072643453636456,2.7599245902780414,3.649348074389706,3.056726798601704,2.796257092204464,3.009978280378713,2.658897036036763,3.906261515230744,3.823930330142973,4.791339118237843,2.9610504803836273,2.41767738289906,3.2469306698983433,2.8462429078807827,2.6464408008946245,3.093244462739842,6.118627160210847,5.0675615285678965,3.4552409885707713,3.866675175307191,3.986372214544252,3.323133515868517,5.922692003071856
Aug 2015,4.188578331912463,2.937445410057674,3.239199445090035,2.9808115876205563,3.7341799857518523,3.564120021646106,2.5616873824979307,2.7122587331887247,3.6875300191120512,2.8894616977185814,4.148449727666019,4.944577854196536,3.07686347432302,2.7874499634947876,3.663545770973348,3.089645909598569,2.8108964512314167,2.9995149881126717,2.6894132014368908,3.9311217569117374,3.8727632639197247,4.827472030671677,2.9626263946063256,2.400742021678269,3.28568483226019,2.854936343621166,2.657148103664518,3.121508036752283,6.182295810262247,5.154157117043833,3.509806323289666,3.8279289125799427,4.018250074413746,3.3597176701044504,5.9623209647276365
Sep 2015,4.216061497995259,2.943125411296445,3.224327514056398,2.9896635429645335,3.7483067283353133,3.592342648748716,2.5575457532423433,2.7170212014027193,3.717796341339326,2.894013686526627,4.17396414189019,4.983175104226824,3.065133298936294,2.764477772064063,3.668353869031294,3.0806398783362194,2.8194593039069895,3.051732190874639,2.739888121547423,3.9567073945949875,3.8976488223680628,4.921938688385049,2.967930924055141,2.400796005523311,3.303704377766433,2.893015048581142,2.6903772577992777,3.1174640075829507,6.185431624387736,5.178200244720687,3.510788132700599,3.886338714048993,4.060308790754306,3.3490364509082324,6.025567478048049
Oct 2015,4.256794011663183,2.9472921405389996,3.226547038990351,2.9910419647724185,3.78167725205575,3.603181522303752,2.5628769096410093,2.7278039920882224,3.729271801152399,2.9187293624202373,4.200657539098012,5.034532897351895,3.0709864548440993,2.771231769458794,3.703995352596231,3.122637898688497,2.822082112639754,3.0077158999050524,2.6853041354357425,4.016623600784943,3.934607491293453,4.9497040787933,2.9862971121383137,2.3996538942108536,3.2781020834906496,2.8490522498814905,2.678844072217546,3.152834332806274,6.2389926687732045,5.267093191820833,3.5162926490773634,3.847197740368839,4.097275294012253,3.38489120224031,6.044835212127682
Nov 2015,4.3002585539199,2.9775416209237284,3.2358725813582927,2.9815958722236537,3.808514644703927,3.60277904850965,2.581592038252216,2.734952016415925,3.7580354507078986,2.9197362105580513,4.238252258673288,5.061139129620684,3.04244919422501,2.7921032805740493,3.7214140528610495,3.1040236489992403,2.8575401761354318,3.015903686240802,2.7221998790891306,4.048651633971172,3.945664192045584,5.031920656063456,2.98084508912469,2.4251477418000733,3.2993556012648635,2.8807738002466685,2.6929595578885506,3.15022954796596,6.334139314488984,5.248558210799096,3.4871615442288206,3.873678059004461,4.10486476169703,3.417411414761945,5.997466821755525
Dec 2015,4.336139317774701,2.971638195982911,3.2677642025276596,3.0216032847054564,3.825821076748107,3.6334478847606286,2.589914040146204,2.7521742740923036,3.781115208808749,2.9364807143865135,4.254688209021737,5.072173881713544,3.137448547120395,2.808884845045168,3.7382133794132013,3.097703715679177,2.8436909223029483,3.028290285381155,2.712672685161069,4.089675480774085,3.9827404490390945,5.095352804678137,3.012729228025784,2.411252559907989,3.3002012916031074,2.884428793761741,2.675493423542117,3.1528734449084914,6.384073287267495,5.306417780292174,3.5070305680483314,3.846392325833254,4.172493237045844,3.4130202533996807,6.123308570654088
Jan 2016,4.381890682088173,2.998745695741276,3.2555676903453974,2.9946136221372264,3.8477196886672864,3.6380208428051635,2.549874150731033,2.7146761065103764,3.7847583546122454,2.9199634928012506,4.288985623034641,5.140204589545677,3.073508004786399,2.7671697494564107,3.7482754736038575,3.1331982630092874,2.844585433876119,3.032921609527401,2.7091825547544848,4.106928269863764,4.010594494225455,5.079302117278691,3.0119608257516024,2.4037232810436917,3.3033023856928954,2.8956695311198453,2.652634956987507,3.175132092879146,6.445816865411712,5.418194836088153,3.5377788612569696,3.8432952094225246,4.177653578250165,3.426108085168535,6.110962569525414
Feb 2016,4.413638920757323,2.9876059895063514,3.278084693640073,2.9943775419466245,3.8758785632897,3.6740895159463234,2.5664421277542164,2.7524085979284436,3.81310055651901,2.9292755567534736,4.312036098520176,5.1882067074100595,3.107918187179208,2.756140608088116,3.7641414778064166,3.131254771429849,2.869856621222892,3.0528813925312805,2.702766176265845,4.143195198704372,4.063644282612943,5.21372677432872,3.0169605706513334,2.4032124480925017,3.3317714344442657,2.9043311775201084,2.663303627860121,3.2005071572808395,6.475140591113913,5.412374579621501,3.520907302941687,3.8841978741464533,4.243741855399027,3.4707979241575257,6.149038534600071
Mar 2016,4.475320719572992,3.0053264549901106,3.2858608352798906,3.0033203136933175,3.89505246591116,3.659208945923998,2.593034715706346,2.7453818599796884,3.816675176207584,2.961142378085464,4.347364404505285,5.277257011777218,3.123332505032175,2.7789949515507453,3.8059089559483,3.117472123089336,2.874001611351923,3.046107788760982,2.698475776903899,4.192940350430195,4.110473804752977,5.2703376546955365,3.029318840185418,2.3911994593403434,3.3073836636600653,2.876966148865296,2.7231792506130814,3.1895789350860326,6.519065595833892,5.419953643423106,3.5432887881187307,3.9361416294608973,4.274828398107155,3.4542719836050617,6.154439517537383
Apr 2016,4.518233437395506,3.038206737881583,3.318667622990598,3.0462650912062075,3.964530066297957,3.6548987214124073,2.5778789568637173,2.769700842356338,3.872079493591317,3.0029969781237833,4.41079569171553,5.3135391866856025,3.0598803463291318,2.8025593552683423,3.849581457067012,3.1440933940461395,2.893988530120923,3.100377837553754,2.728465628587085,4.2695031538485395,4.164262394980802,5.319132607922995,3.0480244624172474,2.4215732930312397,3.3102923555768546,2.9189737193065333,2.7279291344929484,3.2513663995292164,6.619939633163914,5.513106554935093,3.544250030225633,3.91908418054685,4.32267690971987,3.5283137967897256,6.275036274733089
May 2016,4.6093871390104395,3.0683048685891725,3.3221299008404173,3.068742377377693,3.9853152077602734,3.7029843743642163,2.586114278578595,2.7912721212821894,3.924512260559607,3.0240770920104905,4.416089507050088,5.358150812952003,3.146963871684222,2.823197231073151,3.8880499351319804,3.1717415287414226,2.8816561648787395,3.1397656745978577,2.7575278362607003,4.3290437523765375,4.207036694024494,5.441216138829516,3.0887198599867203,2.425989346681372,3.3329165500334814,2.9352446831003802,2.7308510483083945,3.221485040251155,6.641220154099584,5.571867774658316,3.6033904815318096,3.866274436561988,4.374571861022586,3.5626773226561954,6.178954729421077
Jun 2016,4.649463649134151,3.1121714612343556,3.359347958694385,3.0715213309083906,4.013678575340506,3.7443267076022138,2.621034264497737,2.798948946125434,3.928203554140211,3.03493814397575,4.469493179728615,5.439012776593083,3.1150321844685895,2.868063522993097,3.924352546712417,3.1780867481837576,2.915338037317418,3.147020529400437,2.7530876354525433,4.355016308127603,4.248441822114732,5.459014707086937,3.0951107848085453,2.4295224607312313,3.400286235720365,2.94495731218147,2.7498846717321204,3.242065286576641,6.691447496946573,5.538027524992566,3.607283717674905,3.94997460099519,4.424047289285198,3.572355250499778,6.14598324996038
Jul 2016,4.691151158398341,3.1144613230905622,3.4128592275577843,3.0902583370574455,4.054925983328146,3.7456399087806656,2.6205976016874373,2.8258583430096826,3.971609666282666,3.0791321288397593,4.509252139099672,5.499716657783308,3.1013631814727383,2.8041279090595195,3.9474193217140945,3.2351800807406885,2.898969964372787,3.12583580690563,2.773631233659202,4.419980921879813,4.285685384308217,5.516795262242971,3.1070473500096067,2.443803325421239,3.40013355757933,2.987227056358213,2.7537256698673094,3.258531752068683,6.734398283096714,5.65782024238599,3.6257871514389937,3.907149360945271,4.439550108130775,3.5948187768462607,6.20044124220667
Aug 2016,4.722051779748283,3.1401874296111907,3.397415169914936,3.1024971547138978,4.065133757233749,3.766437361160914,2.6466777346721138,2.801461376310656,3.9697111099609357,3.0711492948265837,4.512510495841097,5.50226028299291,3.10793331311845,2.826817740904415,3.9571733570647227,3.205699567425436,2.912669424931091,3.127967287182806,2.783168331839244,4.435225376007153,4.299533025155445,5.534015238543395,3.118552657692098,2.4511538773535775,3.395084998900559,2.9823297973006353,2.751369228867863,3.28192924360322,6.7514637511768525,5.645138855900861,3.6234175519638394,3.9572984224732677,4.480165799016875,3.6202301522686815,6.1852356516639
Sep 2016,4.738167981853452,3.132217396898748,3.3705042988039047,3.10137212346771,4.09312358391837,3.782031759577172,2.6206706657639907,2.8253803381722244,3.9993643715990306,3.0981567827467917,4.496891371241256,5.451566857295961,3.1337268835250804,2.830857616084143,3.979057184806447,3.1804562261344045,2.948175918644218,3.1623049548413182,2.7947710975665845,4.447450675951955,4.329205398093628,5.571651079351077,3.1059339082220894,2.4217312320595887,3.390171388029715,2.96152097985169,2.7491056296487284,3.260340458487591,6.761522263255467,5.592062200969285,3.6546712522980656,3.9960890784327256,4.463224615344809,3.6436294885618667,6.146882292199135
Oct 2016,4.735599593538098,3.1316942324830412,3.3827234675278812,3.0846141892633954,4.073721252735684,3.798528878168375,2.6210473740987887,2.836133958810916,3.9968537863000226,3.056828261746868,4.532969933825048,5.4772909115581925,3.0823371782339826,2.8289854851421965,3.9757023250930548,3.2008003077232727,2.938436238504834,3.12497368169045,2.773657125008669,4.485411508805653,4.329286423825407,5.5429249864067485,3.112020182707521,2.433445932161128,3.3727252999254875,2.977815488193098,2.7784320987182873,3.2765305110403427,6.683174647979732,5.624071690107639,3.6187668326387845,3.9882931828336523,4.44280433864528,3.6320230176234207,6.116343967879294
Nov 2016,4.739911365169404,3.1501570551302054,3.411616063974473,3.1033512060062147,4.089529162022871,3.7873984744005296,2.6023177935722637,2.833308679565734,4.010463550438626,3.1111839886997266,4.497618687592449,5.4284073959251025,3.1600662801232082,2.8205927005233393,4.002482090244499,3.2186359998587415,2.9229997794136837,3.1475966922791865,2.8079301761206676,4.508142856750035,4.323483844725128,5.505320306257046,3.135957588334194,2.4133825982724915,3.4017957323799495,2.940826421815733,2.761643680558946,3.2887212316463565,6.725062507826793,5.556422279056286,3.6587556144265387,3.987153416452316,4.448183151550388,3.6409499842536404,6.144250769133717
Dec 2016,4.788558666188574,3.151271836958376,3.4326288684543678,3.1252628251612755,4.120101551828995,3.8066139378229784,2.6181957505214943,2.837850018263913,4.024828947058394,3.107640049924014,4.545935205714096,5.476646013120915,3.1390576425212893,2.8261051978342477,4.0077236207994655,3.250509197857781,2.9596952409153148,3.185799854667126,2.814769208192449,4.54249741151034,4.3285616164595115,5.552153957430336,3.1625036146705248,2.4196353885270234,3.396144506426971,2.9652386249838747,2.75123811358666,3.2910755534547205,6.696863364751844,5.5808268111215025,3.6582807315576416,4.031451488719612,4.478005792696999,3.6913057425444653,6.107569953855686
Jan 2017,4.825404425269572,3.1945052938681684,3.4355596791180427,3.1294609634453447,4.09953190011731,3.861886469203982,2.630545886352651,2.8167198032689393,4.019427485718399,3.091666668909201,4.559086482788524,5.458110364956523,3.1805975918051894,2.818086005404632,4.017374349260619,3.2486761384575535,2.9085309302534954,3.137923261884175,2.8174377452209725,4.545824322768501,4.372965822455862,5.552325576493641,3.1462547219587584,2.427878818056654,3.401056936740202,2.93015664393078,2.7589121368874987,3.3165459535307487,6.706087243838368,5.567509782786581,3.6469992119310404,3.9855148390062514,4.481667268380082,3.6745835517848238,6.1147785854020755
Feb 2017,4.78160565580061,3.196513635441105,3.4163782371811586,3.1162262859375898,4.128809682828539,3.8235770982350603,2.609634133754431,2.836348180026268,4.040794701725091,3.1019731398990618,4.537624266902203,5.542401185007328,3.1063581526777346,2.8018021207665953,4.051953025879223,3.2334722039956008,2.933472836057777,3.1777376224409886,2.815246380486504,4.542504274065982,4.376669791377107,5.563727034830531,3.1368451646025033,2.4088555129724547,3.406364495166592,2.979676794266787,2.7982621994490042,3.343614421609072,6.742296233086279,5.597692443686476,3.678419073978575,4.019797845800996,4.496812061674582,3.693701927717342,6.135991518324839
Mar 2017,4.823946405647183,3.2055133863189345,3.452389930801015,3.133873311649088,4.134052334860769,3.837206499965679,2.6309954068595167,2.829379283256492,4.045962571693808,3.125075615523947,4.548827625275645,5.505454469022501,3.126733895583219,2.8344411832718377,4.044756291965746,3.24697508570349,2.938860109658244,3.1963747497613073,2.8255940857727198,4.5550569978345585,4.383013985753613,5.550143493566226,3.158874251510424,2.383034083286653,3.422323124779916,2.958407663709205,2.7743028368543237,3.357479161309911,6.713433401033721,5.660131012898971,3.6463883148082923,4.03349399941521,4.486511018219922,3.7260305016311364,6.081407817376043
Apr 2017,4.840829729418887,3.214756209441568,3.4887201291047423,3.190042684666701,4.166688071184259,3.8586466955153087,2.661355518579292,2.843609721836253,4.072456658536139,3.1615940279217254,4.579798006851228,5.517229669743919,3.1831159347714686,2.8686889660027663,4.089302791780864,3.268840791286435,2.962971033259458,3.2066024615311215,2.8184080945397345,4.61025755243226,4.433147875824486,5.666415733515867,3.187080362443394,2.416736492677694,3.4215364165333635,3.0063329677388784,2.839654016541959,3.353358828569989,6.723641132034318,5.6758825389522425,3.681892637545166,4.020928619861517,4.497946415622115,3.7714700107259618,6.128979068912457
May 2017,4.878759397969166,3.2483717784603603,3.5131632502651198,3.1765347993389956,4.211243134819344,3.8891604363548455,2.667182400607359,2.896102066164684,4.100060171857071,3.1839827370791123,4.608265782920403,5.5887401207365555,3.195102782979084,2.8620278524235916,4.123233878966015,3.272704691107361,2.9593589428606113,3.2119568331900945,2.811846573592578,4.626894404318228,4.4467823639379995,5.683145816061178,3.2134516328636216,2.4619608503052834,3.406114312252791,2.9909241821686736,2.8231525648736824,3.379037992370502,6.854000275410488,5.712095959053121,3.730826787881571,4.0685809028688364,4.529780405235802,3.7750778039057606,6.104232887388585
Jun 2017,4.8901118262796155,3.2868719374187134,3.526500311728015,3.1800414101961567,4.249757524728549,3.889913273951316,2.683171862672175,2.913691946968934,4.115381113400898,3.212840257020881,4.629878205354559,5.562413937969959,3.203671649287443,2.872168760997226,4.138310846646404,3.295455414905346,2.975277700904239,3.255078470786061,2.8592100286159488,4.665124614265305,4.52166421623015,5.669373095016696,3.2399319523824377,2.454893191954035,3.4819284437709115,3.0472069759868683,2.851632603053967,3.399143146754275,6.815005970474745,5.728157599970688,3.7561944478733897,4.109718663443396,4.562978726034027,3.8043008152888294,6.124270051637981
Jul 2017,4.918876796200213,3.297110588506425,3.5499231261932245,3.1856934917512745,4.26991367360808,3.9301409082758116,2.688979095984284,2.9115769950201926,4.155333794858765,3.217283156165226,4.6381058580351,5.621532103146218,3.2078127715635136,2.87989646970668,4.162530663218318,3.365604337981806,3.0162586908388493,3.255029490977885,2.891615321178956,4.701058141390043,4.531822178624711,5.7361416446335465,3.2476365190563814,2.4667569723007636,3.5034320857944024,3.0395503567720508,2.844829147807228,3.4230411637533447,6.8091308272023605,5.709269843308098,3.757869778273634,4.063637592002134,4.5646920457859625,3.8300372369741296,6.12005206728588
Aug 2017,4.923798673176945,3.329615380246253,3.559908853603343,3.22567062942962,4.315111654145747,3.970629439547603,2.7170148052565803,2.918335895411476,4.158425116562725,3.251724549647693,4.672215340001613,5.630486685065494,3.226286568395174,2.86941903445775,4.176795490263529,3.326237214152674,3.0226747331813755,3.2893960777168276,2.9068707324143097,4.726487191187326,4.549064126791679,5.784673921209758,3.258948505637626,2.427759745758086,3.577314714638964,3.060806286011109,2.839996435800092,3.4587233739950722,6.928754277304344,5.729887798094738,3.796267821060323,4.147141014842282,4.586881152971697,3.860143145943446,6.143277314190051
Sep 2017,4.936834761716586,3.340495337997128,3.558112468858809,3.2001651546879515,4.293653469599063,3.9622490274860636,2.701913068478161,2.920460072862174,4.150146734831924,3.249281346536944,4.66028934831728,5.646384482310655,3.211673791883718,2.89257687342998,4.217384218836034,3.3485707764136747,3.0636581873902498,3.2778463578637913,2.890444694164227,4.743871289168481,4.561890926312206,5.758453398396856,3.276300823860949,2.454303069626446,3.494122082580453,3.0928477337903213,2.8836716239886826,3.464184931442875,6.877064312735177,5.742839302563948,3.7894509215133216,4.133161941693737,4.566600961348365,3.8813116877400837,6.105925581737038
Oct 2017,4.944067511985243,3.336691452730826,3.572945550162957,3.2502419265254203,4.301797844540689,3.972176097323532,2.6850054316223075,2.9298838097948754,4.17936454379063,3.2664153898088593,4.65730162795795,5.520333787787021,3.17687756527278,2.891555181806211,4.225755137314881,3.3682906784092794,3.0432307059572623,3.2579944296915695,2.9063971124682895,4.746350017402387,4.586490695445625,5.75514541716814,3.270835985055522,2.46022364425421,3.5114584488421903,3.0914469802743563,2.8648391732296377,3.48932482295184,6.827195946356999,5.712173784609955,3.7704173669552765,4.115963173068871,4.576624302292446,3.871092929277458,6.060153529962413
Nov 2017,4.937459084116563,3.3578113053261442,3.6076100049410877,3.241387936967124,4.317323098314647,3.986262047185511,2.7175248935263308,2.9571925083296398,4.170231642089577,3.268422523261509,4.675885978686758,5.559541149024265,3.20428287763818,2.865504471440624,4.216432489481763,3.3609089276757733,3.0427155337299268,3.315802450224046,2.900118286980803,4.730463519163326,4.566404770279107,5.727664564079892,3.295126379713099,2.458274019243779,3.5118420753728774,3.076358493803611,2.8907746668292287,3.4880159028936157,6.80329507385234,5.621727488674484,3.793282484517498,4.138559520424789,4.569381035764262,3.9017246747166823,6.022272331869131
Dec 2017,4.971116274703267,3.3820861775971065,3.598676328563055,3.254486510288036,4.316875425302413,3.9843992429693342,2.7045354843484812,2.955214338974303,4.182768616247859,3.2837070168941764,4.657320319521775,5.613680663312404,3.2601953897304767,2.9255463709835934,4.229280870938137,3.3939065838901468,3.064991568014205,3.302878650416385,2.9185379064440333,4.7335051165230295,4.586641240252126,5.714692708975681,3.3203191807362726,2.470724599550253,3.532508309594354,3.108370854203421,2.8930574739666812,3.4984858271776282,6.781532547396868,5.706665378490767,3.8147924363657815,4.203822025755822,4.565170414989587,3.9115015226881478,5.994644307393958
Jan 2018,4.9316383761524945,3.3680455348244185,3.5704820464243356,3.248455933030868,4.335104067880487,4.0086825722038135,2.697013723419905,2.935867846712344,4.158828516348513,3.283732328703047,4.6451725779059645,5.557369406833783,3.1986136868692956,2.87563967597498,4.225040669153798,3.382867033427308,3.07057398172415,3.280895655159656,2.9309262596523675,4.739837166591974,4.597854480293942,5.751410504090752,3.2832225581139816,2.4175860922906147,3.5208723478068094,3.1116871852732655,2.8829872164543873,3.4851864089696925,6.687394757456759,5.6321099927893155,3.7983937706934636,4.212416489027361,4.56430313170158,3.9040547811739756,5.931634317422196
Feb 2018,4.969923698544596,3.3746037817084704,3.603039543823114,3.2484403215527706,4.307479620490231,3.9768538674709,2.7184188917063037,2.951654958264402,4.17923913822984,3.2962976193171474,4.653321746387317,5.435842459497181,3.2152095193404815,2.896537537984653,4.237432967592003,3.4035212908552874,3.068647423625351,3.271751687668268,2.9039075326921138,4.722442509120215,4.618100058697123,5.726348563918537,3.330166558483112,2.439702410767507,3.5485212758236244,3.1215304668772483,2.848896583161316,3.49133079471538,6.747926902654806,5.649943697573653,3.805037232660582,4.14320898723713,4.558422688808257,3.9330334968972718,6.000006095729368
Mar 2018,4.933817538202123,3.374411052327447,3.6217444738247617,3.2687631157450325,4.312729786302682,4.031137073475502,2.717285725301729,2.94626870361608,4.191569941135718,3.3034726930969933,4.650224251865052,5.517898441641936,3.266156641245063,2.867816701367335,4.263085765884834,3.442483021149559,3.058434632245342,3.310331628471392,2.9040424658676285,4.741840969010708,4.568663866825462,5.733877461604227,3.322211729192949,2.436333472330751,3.5397564463642146,3.0895758657090853,2.8820044228338246,3.5422491874861732,6.7504746172106795,5.634536342743188,3.8203946229395203,4.24313302126761,4.567339604478913,3.9291120360338736,6.029331667663333
Apr 2018,4.964096236462457,3.409073297047658,3.628852172088293,3.2668477904409636,4.356341038589402,4.017456828960734,2.7538671809230824,2.9678316813263055,4.200736900692619,3.3115779104735923,4.680403716095082,5.523382849275368,3.2386163241593326,2.9066551077524214,4.257657865470726,3.4034693828329265,3.0822323961735263,3.3264778943423607,2.9538790123531222,4.770773271971434,4.622140938358803,5.697881719815284,3.34253780154143,2.482359384438548,3.558529908657944,3.1006204231623267,2.931796710404009,3.5068768000370083,6.777095608875647,5.560711510736015,3.8074515842520347,4.236141445535447,4.55864267267639,3.9498407618752593,5.9142326469555
May 2018,4.965667203957841,3.4165917610595558,3.6634363802284735,3.265460461852914,4.355744433485712,4.0419458379086866,2.722936251412411,2.978063304785656,4.2101000761351015,3.326720271614435,4.700265583394393,5.595621028929628,3.2053660818361225,2.900132518201545,4.275416861488122,3.443438335535965,3.098798994188966,3.321091169503726,2.9756364498953882,4.766328396671437,4.667789446259303,5.834282115296977,3.3728977637639694,2.5000563760275902,3.6053958290562,3.0948124550598606,2.9308478571686676,3.533401659689272,6.814704446652649,5.65203210211563,3.869909574167049,4.220229903167294,4.550201722670459,3.9392965768803396,5.923260991221069
Jun 2018,4.961476919810408,3.462145143251573,3.683712166030837,3.326502588025418,4.3968956843103655,4.070092583668887,2.750684144477069,2.990080853350518,4.220837872836963,3.3686139547034752,4.712256649990838,5.549030697576574,3.214628733588345,2.917618548211672,4.3075034115188515,3.4626192802189486,3.152049152931565,3.37102311037413,2.9689002137625637,4.786549483415596,4.647959011173963,5.777100169323677,3.3881763743164632,2.483393245292406,3.5757991072056483,3.1654037715959547,2.9343104995410454,3.538574167931517,6.76481646040261,5.629633940410783,3.8822411909733487,4.251562666964016,4.595766902326654,4.022191440665301,6.035871085768518
Jul 2018,4.995432092272421,3.4962459723919763,3.6949427948919586,3.3324398827844046,4.403567872307566,4.110256488015681,2.7653209163608996,3.007800184300073,4.226916757103317,3.394552186000317,4.720217259135711,5.565685186051637,3.2530364366653792,2.928146878321572,4.322250600559022,3.5025591002509113,3.15646112015494,3.3794612752369737,2.9654295148567686,4.813639945969351,4.666006493220406,5.806551604998535,3.3876085907494287,2.4480187443417707,3.5750660738570472,3.1654108383040227,2.937432984555641,3.5877440950140835,6.810074692814411,5.6347990721198045,3.8861140740782676,4.304989153464067,4.589112716613112,3.9958245662217613,5.985000116278729
Aug 2018,4.996492320152888,3.5113126087971063,3.695217388013575,3.3546134907729668,4.410040435551395,4.083076393333573,2.7676684019757163,3.0344081640038123,4.232114963737239,3.42696762172767,4.739524077972453,5.577593950463346,3.3153694302176357,2.949757849716307,4.340572802649411,3.5095573635594075,3.16360448174541,3.3680627637752587,2.9996114422006133,4.838789842243075,4.6948578470536315,5.7743154914850905,3.4056007206169254,2.4685444193390444,3.6216045004105375,3.206344702792438,2.9772442568942563,3.5860923427783704,6.743450457752288,5.67235959057143,3.9004218412370126,4.283022105189213,4.586426552341347,4.0344718041343,6.059222566627933
Sep 2018,4.976751973646399,3.515586965916507,3.7126875614235857,3.3324742184730227,4.42213349926367,4.085872137490962,2.7707809094839835,3.0231791279920635,4.23859275069092,3.44563410277566,4.744127179293156,5.584132092103491,3.257448526015937,2.946331793342276,4.345225213367332,3.5407992769690866,3.180657359352787,3.3747337205140377,3.0073343400998596,4.798447291373918,4.67605439939278,5.8056083713627755,3.43585290090371,2.452400838284152,3.620959150244618,3.1839490923994234,2.954448889287456,3.639160982631442,6.730991353455405,5.605037314965278,3.934245958026269,4.284861817714855,4.593402641798493,4.047714485674251,5.969538315406201
Oct 2018,4.955015424243072,3.5097956803884847,3.7069803269291106,3.3469162367414342,4.395542833405556,4.107240994054601,2.7593608070100397,3.0377799174910236,4.212029071270646,3.407280323206735,4.689650613216105,5.5290342969440465,3.2602932675985627,2.9451687753633595,4.32598716567066,3.5417513614955642,3.1782541812715808,3.372274217461333,3.013022947726204,4.853672767064281,4.66211195791123,5.769577397634014,3.4416641934748786,2.4812251968385373,3.6099259136275355,3.158581031036736,2.930448683892242,3.5780139431284983,6.722216958224856,5.582322281878288,3.9049951132852176,4.331476456645303,4.5664369809614405,4.023996508028687,5.836516398966957
Nov 2018,4.924287233989711,3.532670036173604,3.727019426166313,3.377058359021265,4.42486815633135,4.092565196982583,2.7571712431844024,3.023514024802684,4.236689002722367,3.42204041825319,4.703376356450205,5.514524574672819,3.265146373014263,2.933556815465491,4.323894690446997,3.5539825368677906,3.1967061461166515,3.3942781879959245,3.033053490773691,4.834587610653663,4.684015039741497,5.7346135215776775,3.464624862303262,2.473404485674292,3.6098942898484507,3.2213914129112196,2.9821358599437144,3.6103493714939425,6.645081092393748,5.6023486564936675,3.9142171744099974,4.325954643216002,4.557848950191879,4.052639036962339,5.930060081479909
Dec 2018,4.951786577049093,3.5474107853102907,3.7490113743125697,3.357082075114155,4.409039980416014,4.115115035605563,2.783850078514727,3.049872766888466,4.230105046861555,3.4438836542279545,4.686411433881566,5.408890439273963,3.257601564394408,2.940883418364793,4.342756740195376,3.496715701640926,3.190254133640092,3.3661337520505454,3.0075520141096583,4.841171867765712,4.648862695147897,5.745577179171154,3.447508432381753,2.4786512143048895,3.586315223293724,3.214258824028954,2.96246911527147,3.6219157479625497,6.642978922557173,5.543094367805946,3.9061914426238635,4.316094153668358,4.521568911731098,4.040053574688134,5.848237423001621
Jan 2019,4.931602379771241,3.513840037969052,3.704798813783792,3.350852868600699,4.396938007175756,4.0504993331987995,2.777076954645824,3.0121877553400314,4.2144530167540095,3.4383937057578366,4.6799196891590915,5.433392020444798,3.319794829644251,2.906784351455073,4.329660988421638,3.5568947044353294,3.1893089785269235,3.393762305112998,3.0062330086171443,4.814450279887668,4.654458041681158,5.719602012068862,3.44126893026015,2.450262656985995,3.6146013415627847,3.1820793055392085,2.9882339970202154,3.6247594527975577,6.629785902976106,5.47174484241363,3.912451856961964,4.382771440089822,4.480934842904309,4.028367216550514,5.823968411847075
Feb 2019,4.8762300707950095,3.530889202005786,3.7065282663733843,3.3613166603104094,4.3867156534831775,4.090798853796771,2.775870391683128,3.015473036225564,4.179905465035546,3.454374201993617,4.6337737444479945,5.492460479506478,3.2527443768689794,2.9028794489212166,4.32193009551161,3.5239989405998107,3.205888717208051,3.3745275030455764,3.03328302916684,4.806247044539713,4.625570396686283,5.72076026193948,3.454642116940993,2.444150181499639,3.5966614861946793,3.2276071071790895,2.9673589440581036,3.6056142033508825,6.606213406345742,5.547180561433098,3.88433169884129,4.314318928116266,4.48501205435615,3.991481559442952,5.77755981092694
Mar 2019,4.94192598308684,3.5056950222199337,3.724701981113837,3.3678387012375213,4.387312833096616,4.066708392242558,2.758207536894912,3.051207837749099,4.174543026248638,3.4558562788084397,4.641280432523685,5.442485671475545,3.2888943646070135,2.8689404753027117,4.29768340015123,3.5124257244179016,3.2253966672443535,3.354364763119601,3.0250773008448792,4.744028393139626,4.6615926872732905,5.700974566306843,3.4575600446831976,2.446824386068799,3.620550178115308,3.1934370807985513,2.9849405159877174,3.63397615630901,6.549010073682099,5.469975286333045,3.896225866714783,4.287892499597662,4.507765173086962,4.049999041842371,5.737420649860294
Apr 2019,4.889732357726406,3.565146805848143,3.691295875755449,3.3678955398589423,4.393247789002892,4.074687796899774,2.7728447626764035,3.062308168724022,4.190863563254323,3.4699514243487353,4.648890208983745,5.409558012608361,3.3281633225708305,2.943531770659616,4.309242089843342,3.551303441930006,3.243444753277802,3.4159006499287146,2.990997635243607,4.80687348790295,4.656961414767933,5.728268151623212,3.4858059876580922,2.501919792851247,3.6563529202044402,3.205134662484578,2.9788910618399553,3.6306157603253197,6.6085331293010645,5.536143220424396,3.912133329579291,4.323227039414864,4.479420174920875,4.054700958409624,5.771154455602856
May 2019,4.887623558328054,3.552356487314163,3.7337836263088087,3.401693204199677,4.428906325139294,4.099289566038835,2.823585547290209,3.09454803768908,4.207058396728155,3.50383746421356,4.64708384537286,5.490286769067606,3.2864751963468457,2.9459527801113947,4.351259208762037,3.5715246667724827,3.2427163708925253,3.458737514776045,3.047284074369518,4.805943517208027,4.653814866260844,5.687868995967702,3.4649950961954636,2.4972788751115957,3.6378226914658187,3.229479221669742,3.014616411804917,3.6344490526688213,6.581959576085824,5.5087912865488216,3.893325106745405,4.323110860814567,4.479029588604962,4.075320507290329,5.763540285314016
Jun 2019,4.916158273200779,3.576990508242009,3.769128583075666,3.4022975472770676,4.426817040172868,4.095542512553293,2.802409255032425,3.0701787822241515,4.241157214532191,3.5376620335955242,4.664677550875023,5.406296606206822,3.296419530808863,3.003335850001831,4.349179245244961,3.5939273476345055,3.2702004770845,3.4517502453471645,3.0371765927959307,4.8312436198612385,4.682885569069908,5.737866323464483,3.5264673197879555,2.5254775028166327,3.667313616904742,3.255973499093897,3.0358899272355866,3.6621495411748897,6.623383080737678,5.49974970519408,3.934131044651591,4.358615878111232,4.475764887390719,4.0728423483222365,5.806886976530274
Jul 2019,4.933680235098394,3.5833881411153876,3.744153860802889,3.3937759203367954,4.4321760332395925,4.140566835422216,2.849049791474395,3.1038035943449303,4.2248363506659645,3.5323046558946967,4.689460713188152,5.528137703407146,3.333740544807379,2.963681030384854,4.364751971407807,3.602183435372039,3.2685635654290346,3.4740856803114606,3.103474880663156,4.848920672980122,4.699441988944975,5.781024568924673,3.504730203155285,2.496250699303578,3.7075211694036736,3.2828682289685007,3.041162756895635,3.6749782188720697,6.688127273815888,5.532904066658539,3.9547349182194917,4.346197088529983,4.515118408245786,4.096266767707016,5.974731381597977
Aug 2019,4.923332824439938,3.6054611488272004,3.78222515527282,3.4336609296971607,4.441228053102296,4.138183450027459,2.8391669495739102,3.1443595209952186,4.2759830581533675,3.5531181688127957,4.71171605409647,5.5183904390534,3.316779179815067,2.9869739463479466,4.387199185389329,3.6666785091139977,3.3323568926816813,3.4843754844797523,3.106768731957134,4.843957735684061,4.708296198786819,5.7312325874591545,3.54114392150999,2.5100030636916477,3.6992775396755833,3.278105202573368,3.0304215330313724,3.6789670522500675,6.7770877488944095,5.588206709925142,3.9520422215014994,4.404673921857775,4.527173751058363,4.100825245780886,6.032127847293073
Sep 2019,4.940084266076763,3.6354239679193165,3.7627064052579384,3.41200153887301,4.453727744988335,4.135051409754318,2.8562859102680664,3.122291472658045,4.23632294283082,3.5463849366738938,4.707804115497472,5.500610983020746,3.386530382047725,2.9938548896460753,4.388503737302179,3.601153834613786,3.302192600702272,3.4692233304330156,3.0975078594357317,4.850410412411615,4.7298195051358665,5.785471798343823,3.523075492145879,2.516730036146696,3.684005415453473,3.3255750488915687,3.0388233093086674,3.680596824735999,6.7678212888805644,5.637593432229701,3.9667737502607863,4.476937497944159,4.5001636166544285,4.134549871109741,5.937939901381552
Oct 2019,4.913715035019984,3.644066921502604,3.8088115624703693,3.450019582800887,4.47605451131854,4.181376570110767,2.8274175535713173,3.12102476669687,4.2666568599807295,3.5768223429031583,4.700882832009743,5.477906270195727,3.358268312959716,2.960958220407283,4.381270941616103,3.637157051158917,3.315562034881098,3.4691441478740654,3.1541844910335732,4.851964394252587,4.698233115425758,5.762749734190279,3.5428615847394793,2.5141785199921025,3.7260587845577353,3.318725084856892,3.033644032145269,3.6997175532182025,6.732798668046479,5.602551078368647,3.9656265581613814,4.453169058737306,4.496770366498119,4.114086813812387,6.002527165025715
Nov 2019,4.926278206208073,3.64460896076366,3.781715401161964,3.461996653647556,4.477247641090793,4.166394071692109,2.844354261030205,3.124954525731452,4.260238615281114,3.5735529554831182,4.714671641426135,5.53046047603712,3.3163927038169567,2.9765070997793766,4.394129192328372,3.665154677492851,3.3569405008953686,3.469313859467637,3.085501479060734,4.856948369316315,4.741909403633281,5.781959962566129,3.5696292601985316,2.498110460769521,3.6766117633306377,3.2917557468124894,3.0739859074342184,3.6866748151174287,6.798293601916843,5.496694132029768,3.995322293219054,4.404315623544348,4.499636058906112,4.137070691895053,5.970868367246295
Dec 2019,4.916520485570619,3.626761550793482,3.770470184179971,3.43842242527154,4.457307838692001,4.1706178408071395,2.8163577607030748,3.1274629326986165,4.256129188482315,3.584730270127999,4.701145485699757,5.585645511676147,3.3465457628250794,2.949301845312385,4.377877580332896,3.6427507017105962,3.3548164639455273,3.4907628413577547,3.159234084271638,4.84155109936704,4.711631683817429,5.7466844385099325,3.579927245861006,2.5022635722365183,3.6826006137467004,3.316582323174018,3.0620287803356216,3.693380195058201,6.8424295818077026,5.554271440393076,3.9876224285004205,4.432239668005537,4.478658153851735,4.118330615143806,6.031194906342798
Jan 2020,4.922686794124134,3.649688344596548,3.758485076355962,3.4690256849462493,4.470363541321385,4.16696393029683,2.852531495886039,3.1127801761527336,4.234500164120403,3.5927459591394344,4.701297034915086,5.499832941763254,3.367123625899559,2.9841540931416124,4.376944624523134,3.686113279255698,3.3276330066944824,3.489898544259142,3.104978381274956,4.823022090523252,4.744042812691066,5.785627342099377,3.5700218198081286,2.5306417283227765,3.7034248593931762,3.277752344057234,3.043170275406618,3.6696057685068233,6.727434943716992,5.576527586723579,3.9808568380111384,4.429113307869792,4.497985500178541,4.116176389592339,5.9294955775741105
Feb 2020,4.943347084437579,3.626113633981204,3.790069092216059,3.4486764639402487,4.441816613520656,4.161533080307758,2.8503576920147395,3.1427161878633125,4.239201087681071,3.584506920586657,4.716771516272258,5.548453365384177,3.3074758789149263,2.9574548261500384,4.395677560594265,3.669689646373122,3.3713915511840846,3.5122779317151998,3.143811291079987,4.848842344632779,4.727779849998018,5.771244742624261,3.5844911188869313,2.510220480107048,3.730854772589613,3.3359605076780046,3.067901697600534,3.7032259192785,6.7593479290565295,5.591373353116522,4.000973351597695,4.4245556935163,4.4880872034528565,4.116078155675635,6.00109047076383
Mar 2020,4.91688520062007,3.6504982570271314,3.812020465571972,3.4646160397114176,4.4918736235951755,4.193890434739867,2.8527776185943883,3.145458313098834,4.254634424732698,3.6328712933808784,4.712722598171239,5.53938743992499,3.37443439671719,2.994798839799257,4.386076570145049,3.665562719371706,3.4120506791237064,3.508692747011476,3.1153736454377934,4.876665527817795,4.693672556083902,5.859354030429447,3.6234161110384626,2.546286168289184,3.7170821242287424,3.32891558624636,3.0620415924985296,3.713013048591791,6.726671993007002,5.627741702723621,4.015468899068399,4.446487951061219,4.506585820720281,4.169784688969465,6.027869000767138
Apr 2020,4.9000077998550555,3.617673546204657,3.7942741032456984,3.4303175363858065,4.462926530115092,4.164639523684297,2.8467675751437724,3.1072295151547498,4.226431426054075,3.5691077773341964,4.74105246573623,5.55102811923839,3.2339202776366265,2.9845162818914655,4.386286661659237,3.7256876177679192,3.3777320064188245,3.5348031990742688,3.085627139224678,4.847228230505947,4.7088613524323275,5.877246529023374,3.576777957176309,2.486839477477523,3.646346612748974,3.2900355112488935,3.030355916682394,3.7060140167145064,6.780332378297204,5.619081077661216,3.9475628509707024,4.412960642951375,4.47660966774201,4.170296855831876,6.109962136829699
May 2020,4.934572412794444,3.701271995910427,3.7702018933088848,3.481942450615067,4.5165790970845485,4.203502735890049,2.8596611918082595,3.2058804272109236,4.244325483595493,3.646105220702956,4.766521573982094,5.519877785622209,3.368530672684963,2.9991050844804845,4.4457094974792,3.658574467025416,3.3636283188295977,3.5290170542754478,3.156908856267305,4.903817735781385,4.7602310586766645,5.87805905678194,3.6329912221429046,2.547449061868708,3.755546640816546,3.3701021450093194,3.1187867511727005,3.725965049348322,6.886360627038684,5.495701672263911,4.02739859329802,4.452591576214125,4.496767607856875,4.1762150092631405,5.915560095678962
Jun 2020,4.998838845989608,3.679487809599355,3.847189278208989,3.5089554570586596,4.555046329858577,4.225811938855019,2.8739523176930772,3.1787227647227545,4.309005412842284,3.6729666283238713,4.737019959013343,5.657446324515165,3.3955352691256735,3.053413161869335,4.433642732326565,3.7204803592944176,3.425833799505583,3.5282474208081105,3.1680748246090435,4.911579369162711,4.754559852283281,5.817374784678209,3.6567392874894935,2.5072213303682322,3.807954756868734,3.359612224396858,3.095739120206426,3.752575554576431,6.8686181387320495,5.66356437847744,3.9994123969331787,4.459812692709745,4.5539662800500516,4.166731184695575,5.941063909248408
Jul 2020,4.998230831451526,3.7311375606027717,3.8623875785490567,3.538181595441905,4.566937409957693,4.208888622381915,2.899324618266762,3.1934890835705185,4.312655568667476,3.7139424702793957,4.774982814103032,5.638251788188999,3.3789604872567716,3.0374698253685923,4.454781641446942,3.7432708369730303,3.3965235077625575,3.535087650299848,3.2084853577421804,4.907938565222496,4.793921268256597,5.904522912685457,3.6873968647142914,2.552971984625205,3.7667219192594987,3.398195926887023,3.093412478474663,3.7873177805044738,6.935995918299407,5.723292244627678,4.033975421393212,4.568885717381715,4.552534025477836,4.195392701398628,6.144127774299586
Aug 2020,5.0095235139495085,3.687807342564419,3.877646983912383,3.5629734857747533,4.5911342458048185,4.235740428475396,2.911784562462783,3.2350661422079035,4.353150245353554,3.744965982968714,4.813626065701076,5.651625597135934,3.440226932463,3.031975871188563,4.444533080521109,3.727652787927885,3.435774181750859,3.6407022681024075,3.2472874384441957,4.888515177570838,4.829860294503286,5.915367419938512,3.6829398824225015,2.5756212094839763,3.803575923170252,3.412332433394676,3.1424695106603555,3.771321352474222,6.9888607001743255,5.752907031530109,4.084695910753581,4.652634364782803,4.57840766085575,4.232967529118375,6.240984438567241
Sep 2020,5.024534550807612,3.7526357202021874,3.9024558386862975,3.573593103448502,4.612238144955627,4.283398084406099,2.913870390725825,3.2687057601534257,4.359582144406652,3.7844463053577027,4.845988366453143,5.691666898605173,3.4481703873764857,3.106807074459746,4.51610473548923,3.7395830085310773,3.4549739092754614,3.612469232100667,3.258327185133558,4.9468586142722275,4.816902109140688,6.01037763396374,3.6943664022750773,2.5843468181605997,3.831395706288247,3.438354943908847,3.1310466020164744,3.829898299363439,7.042499502614103,5.782581542108245,4.12949416215792,4.653374667246077,4.611481357360179,4.226112697897011,6.168307348398671
Oct 2020,5.071926530349947,3.813779482466164,3.9363112750606697,3.617251153744449,4.652088052003465,4.303210460115015,2.970430486323837,3.3008570988184127,4.38605875292225,3.8271787123870187,4.86642780346978,5.755944291358159,3.483804888854614,3.1261676598991435,4.538530839200767,3.8089077484159617,3.4937852447329574,3.624655118242872,3.2715777055423407,5.003200633452836,4.877797950495089,5.9943040723019205,3.741770278521843,2.6121184930834547,3.844135000634547,3.4932177751563485,3.1757733314829304,3.823653218843133,7.007339046238646,5.779543511498543,4.143593149650286,4.6987908332375214,4.619396044911375,4.2464358538123985,6.197735496070889
Nov 2020,5.112213464917026,3.799349840387046,3.9543815109122686,3.6284197005324623,4.694400986819777,4.34123377487201,2.973607565837788,3.3427219441458944,4.430916417721248,3.850932497984138,4.925612024060636,5.803073200954532,3.510564730941821,3.102533472209135,4.568200803389148,3.849242401992791,3.559824965482661,3.6523041174131343,3.313412147139334,5.041764362328966,4.925516698071266,6.037741555277106,3.7999990303031317,2.6049681473624986,3.879153889315984,3.5229092114295524,3.242966381989803,3.8722434127391603,7.0980504431571605,5.784092727556645,4.183553509254238,4.714988789505258,4.657816108211166,4.3392056598397275,6.223039227217146
Dec 2020,5.138108820081266,3.835510415918884,3.968275145537284,3.6450010486662228,4.695627614540541,4.398618508756221,2.98430455471257,3.350400248762268,4.437607135326091,3.862430684062822,4.940418790044619,5.797790431627817,3.5508866028694506,3.1498997966119298,4.585926967877905,3.857897559620121,3.6027051811549855,3.739007776301849,3.337784625293853,5.054118181785088,4.9418610367972065,6.136926521251254,3.7933313654129375,2.6435238454073375,3.8951937640477365,3.5565241999929116,3.2047797967354454,3.8932837983301662,7.119638825008165,5.871972545697665,4.2142342910370525,4.771662312833038,4.686228632048302,4.33904530320719,6.192906780179157
Jan 2021,5.137429964749328,3.8411380291993527,3.972409143272347,3.654731585115411,4.7242646837521205,4.40097929004094,3.0246511610359774,3.3755212251803677,4.480138649333414,3.8868585155086977,4.971986041346609,5.791025640569836,3.481051428950666,3.1626709167479263,4.62045095118299,3.8754168645143845,3.589257147872482,3.7006283578057504,3.374403469097183,5.084364053298043,4.958066244779424,6.159250870916495,3.8030613922132916,2.6604530336181105,3.966884252508915,3.5905331181310323,3.22240194833774,3.9157983021914453,7.100459209488696,5.800641058486311,4.215797072242086,4.826966640719118,4.702850049548476,4.382463917485662,6.155462944563431
Feb 2021,5.1653010742725325,3.861550561189491,3.9994206702671637,3.6904791254303215,4.718502350648325,4.411383485655089,3.0311868831318605,3.366727739514508,4.49277584879234,3.909781122856699,4.978279804206617,5.803632980892636,3.5493160246584528,3.1365644163355886,4.636316789935802,3.9116633788737643,3.6045657844905414,3.728269410923169,3.4346527059272995,5.10533049180674,5.012407645346863,6.178076557834195,3.811097856671837,2.643363352099781,3.9264403556557315,3.604355671311272,3.2175516159297266,3.964500881327767,7.055265410051637,5.845872681696372,4.274960291553068,4.857821785730127,4.721731163413904,4.378826474335004,6.071336995983182
Mar 2021,5.2011803716206755,3.906651443011135,4.017154059039054,3.711725020041258,4.75458501572062,4.436029949537067,3.0424864558077536,3.397248460809223,4.514595964490005,3.958123174028641,5.014300729358027,5.861142169534159,3.556405582155558,3.1815801812174747,4.656139563234788,3.919014704160235,3.6440434045196186,3.7628184891956917,3.4018728509434295,5.097946044215048,5.020242347590352,6.167888450733254,3.842234621188028,2.6672936008050505,3.9694836150958026,3.625312280421876,3.234672969552994,3.920666412662803,6.978589612575018,5.8457183869273726,4.298728949496368,4.842871378145501,4.7257045949176355,4.396121775161478,6.10247026970499
Apr 2021,5.197250915126919,3.8918110875809853,3.9917655704005877,3.6990710388767836,4.7272007061663475,4.4096041722365245,3.0419215328995253,3.3654033571526765,4.4804412289237705,3.9058330074815477,4.999228653857629,5.775991145920975,3.5237999424733357,3.176225765342998,4.650908401434388,3.910549107757768,3.6732799862484375,3.7325390412087267,3.402536266766364,5.111073358931919,5.039700654799059,6.060235159061272,3.8414145606401315,2.6623222845463577,3.9476003646718727,3.5717121812622956,3.2334070086516458,3.9617411486092875,6.966919751249122,5.8513564912788505,4.241341616769877,4.84940087727955,4.708514267718085,4.405433001755269,6.128165646396809
May 2021,5.225511669952566,3.876539527845952,4.030222434468222,3.713280017179924,4.7770058972338445,4.407792211853336,3.053558470091154,3.411945482243307,4.4871528134123295,3.975584235288275,5.00278114587048,5.792737339895257,3.6216294103459044,3.172949911534751,4.6617678086202865,3.975418982690097,3.7186731954729733,3.7550544020398626,3.444180274052953,5.127368190295511,5.039531824366751,6.054990113654652,3.8803352663377053,2.709281661989382,3.9540321828032337,3.601988715911011,3.265800930513028,3.9689428659614743,6.878648039256596,5.771329314543662,4.28009413543843,4.980158407331054,4.733345115527148,4.422075353149812,6.016699961377786
Jun 2021,5.3293836115301385,3.9937011053409996,4.152702586335958,3.837700373598899,4.880040212669532,4.603529793313947,3.1662805166141665,3.5336850561291104,4.655237131639135,4.082301469017278,5.139080676628463,5.937091114543083,3.6714904223869698,3.2677659857583596,4.806032898442551,4.055854907367709,3.782417260204954,3.895817950656161,3.558055119812925,5.272650263463466,5.133077766641368,6.276053105577872,3.9874749061453216,2.759514892393328,4.108323337995877,3.746269410785137,3.3743445815876667,4.120044747339309,7.022108500675517,5.96547447246964,4.465709803547276,5.148825648556872,4.82946094380182,4.522281655030609,6.159866184092883
Jul 2021,5.189884035075676,3.9460545133435025,4.036642617505572,3.787027372255475,4.783339688624328,4.436250196873786,3.1117929811192586,3.440123679981695,4.524267183038552,4.023212943124762,4.985516689778053,5.789462291061715,3.658622224254469,3.2100635406115026,4.687255936130132,4.019687466678247,3.83752429826745,3.8104761150548594,3.4524959345796096,5.18473739968051,5.117453670238933,6.0251351122384795,3.9374915187730597,2.729674444564293,3.980892933473472,3.6672914123873266,3.324252010229538,4.041616221534732,6.960262148117218,5.700441478074169,4.34709586895538,4.950556802626137,4.708192404504395,4.5440264875496545,6.128034063383445
Aug 2021,5.369787274452551,3.992692071767922,4.167729910087086,3.8621923311993336,4.88585096453209,4.559880942554773,3.180466094311941,3.5244811417105213,4.598528286477806,4.095299820024233,5.1566392775335395,5.959849756876773,3.6604824623342105,3.2751874877538585,4.812427559742222,4.0761711797026745,3.8841545626293454,3.893719704856435,3.5185759341159484,5.303474030662061,5.19168860843002,6.251676463255171,4.004047100645524,2.7938605334633264,4.088711501232288,3.732532573932061,3.4138434420384947,4.080328677543854,7.097507178980194,5.852004566413562,4.453096843426703,5.169077380132091,4.799286328332515,4.611002184610026,6.2363838640446225
Sep 2021,5.391405925660312,4.080275334931305,4.238531575787401,3.8972359089255093,5.004344384335221,4.676545290375777,3.249580938731451,3.6218746620581554,4.731923858008306,4.1952287496425305,5.2428632249371345,5.96781837245409,3.7681957242168815,3.3501530831924726,4.932537602750279,4.160390908328612,3.932619875773167,3.9906939132570045,3.646922525010559,5.3580598522204115,5.308951959987916,6.318954188048833,4.084503143767513,2.8287749982385204,4.175346282664959,3.8101875452848737,3.444171609204637,4.181912399806522,7.13031784106813,5.950179447710138,4.597687734164491,5.305555880025962,4.895106139535614,4.681536431433415,6.141382663250084
Oct 2021,5.395420446009079,4.021490862741553,4.2149193349607605,3.9214732199386333,4.96968864107938,4.642112634068146,3.222893423800083,3.533699818563786,4.624455947932358,4.149356054853022,5.155767656865147,5.951266811960529,3.664399504020111,3.2687340235746722,4.935625356775974,4.186574588914274,3.9905510512029747,3.8811757678453604,3.5534371543136936,5.329020417504252,5.239465962438589,6.243932396970671,4.07412454475877,2.804460580077877,4.139625207686296,3.742763005031046,3.4132638346018793,4.134607179325858,7.009871184099418,5.937827957968947,4.547982025919949,5.191144178619482,4.878538710307714,4.677272409894284,6.131383393868307
Nov 2021,5.444047080693701,4.065488523196917,4.230350955961363,3.963508768192107,5.003962006364694,4.689907741235,3.2750332866591547,3.564503047014673,4.692502566760325,4.1996636516114485,5.219168631978753,6.0297556613789425,3.8154177758867482,3.3263006891149067,4.951786209697398,4.242474260648222,3.984885679396578,3.959455494702132,3.643374460322745,5.382373385290468,5.298113346327474,6.23021202130946,4.112754693335441,2.7989372359615188,4.180489149594307,3.8900623987324985,3.456207173504185,4.205984545713288,7.037236657550348,5.958753589438493,4.652337905715995,5.349438231058389,4.91683542616419,4.69875965612388,6.082860065585406
Dec 2021,5.432131548452304,4.0896236774367,4.256107874233577,3.983802831800098,5.030911854190336,4.722531875931796,3.2737264557623598,3.6068416087077404,4.777773144411607,4.243139231432528,5.292278713337113,6.0173123449305095,3.7678352271615188,3.323147127086941,5.003662522746205,4.24649580335224,4.0374749479080165,3.9813042438361728,3.6463165067757517,5.443476495489593,5.348792042772049,6.33912066580155,4.141453268626596,2.879182846632912,4.208516035173953,3.8554356140298474,3.520603245182598,4.283937869065129,7.113443263385831,5.943174933277803,4.634367530208503,5.357373831916284,4.934993788148916,4.7426009991483795,6.195544948422298
Jan 2022,5.4912644234559425,4.144167555753523,4.319836223040536,4.03837605032815,5.109690142594796,4.800615592644556,3.3343899629535185,3.6597361491577356,4.751491050299433,4.30536961615233,5.327728015531306,6.06714797729391,3.7715462643545727,3.3740913378223687,5.015157150267387,4.247539162848619,4.120017019306673,4.043201249004651,3.6794151832100463,5.45582000847686,5.447527054753987,6.3955847450508365,4.1812881802648265,2.8438961959696925,4.308630846721378,3.982229044945408,3.540835945332839,4.306204155065226,7.142780859196367,5.9198208211724985,4.737414748660545,5.3499790298892345,4.958651155664553,4.795135016489275,6.2841038150683275
Feb 2022,5.501784626878367,4.176119525300102,4.295986735209724,4.020023178467245,5.097009717429268,4.822352048807914,3.3042604924219536,3.702430943649115,4.843258438081188,4.270539352390238,5.353690970090515,6.017773393193031,3.879017890477445,3.3980045073433507,5.032894114558954,4.344457689897152,4.095984625661535,4.082043131909339,3.654949132240543,5.506488265282537,5.438704959912833,6.380428047141479,4.188543235621297,2.8852305527373785,4.320745496993689,3.9032183540885828,3.5726157676731263,4.32301469630255,7.14478001420441,5.994266604339775,4.760954238632199,5.436599454343255,4.999048304673254,4.816702417484366,6.1647119317392916
Mar 2022,5.528672757864178,4.201772601737435,4.321348433215607,4.054108990417206,5.174966319741109,4.838274219550259,3.3299316011336964,3.6721105532143103,4.83304532733205,4.324892036144621,5.3238766549154235,6.053441524658222,3.8023903377806714,3.368428566789043,5.1028101747745,4.294165987268653,4.112158483884867,4.025957565476524,3.7199323114679697,5.517658725872324,5.477841617629206,6.399517915318999,4.237032098088433,2.8752698254853906,4.264298928951627,3.919022928112048,3.576337188632482,4.3045312096155115,7.119327698801648,5.935990115221912,4.711535999440953,5.521300001916599,5.052548066042815,4.875603410525209,6.276241669181466
Apr 2022,5.559744859451878,4.224055457613958,4.394288837737929,4.108849985002448,5.189049120455706,4.9128086646298925,3.3342023140586026,3.6801002556901627,4.875023578740594,4.346899206982097,5.398313678130007,6.0958551637346705,3.9156886667927946,3.4110374681404676,5.155162950019963,4.349903432300742,4.1189942863728515,4.156272620259362,3.761876110946315,5.557357270953319,5.5467334823579115,6.3975889871706615,4.317740605613737,2.886023227583973,4.374306770630544,3.9650733400132587,3.5154343619216077,4.418392051584981,7.189904455348568,6.011050934539442,4.813750956664188,5.502822071482364,5.0715495282829215,4.871220500801312,6.261537826387406
May 2022,5.591366832945867,4.253927136136277,4.450428117961118,4.142001251333207,5.262625369877837,4.944129220844137,3.3835315886699187,3.746689468165935,4.889451608342683,4.398425032107593,5.44887074622329,6.111477702934413,3.944865741966523,3.431607305715867,5.2129247800840846,4.430316582922589,4.25045000703957,4.159604386768928,3.7748513767303455,5.576514653956008,5.546885001702909,6.469961098337249,4.358702777271698,2.980803302789333,4.389471219856097,4.014616108080344,3.602424389959769,4.428070755983885,7.218351333820224,6.135761216903632,4.869686125734936,5.70195325572155,5.125926978206793,4.931771252698015,6.212877677199328
Jun 2022,5.710242509911743,4.295825429728561,4.4506596008578,4.1920661603730025,5.313879673594753,5.031553151923164,3.4143778769986373,3.7815814689823446,4.966450693324696,4.4711389023120125,5.505051709702422,6.195116952911279,3.971153920923294,3.536504284876562,5.247361522697155,4.428254065365236,4.268708830282829,4.227542178128264,3.8736346367691965,5.62430916916116,5.613256585871496,6.579160892332861,4.380026588886182,2.98388958096534,4.415826789016931,4.108296287360223,3.6392831263364047,4.456519317698089,7.273126634168131,6.1356342420712,4.913512044179265,5.549669673878339,5.164581658555398,4.993839850223882,6.207887596561286
Jul 2022,5.7099708911447316,4.33352697400111,4.5529280760744575,4.248041882240924,5.408554152856755,5.059034599686809,3.4725053509055606,3.844144672266773,5.065006100902406,4.517794694797004,5.595902140891558,6.291017661277967,3.95717190467441,3.5238276428234334,5.321591916460677,4.509906655863861,4.305220053096017,4.2434750545804745,3.9294459663767487,5.75624171518746,5.696192527064589,6.643406057103821,4.419103797331588,3.0290297657262566,4.53818957853193,4.084092496375732,3.6930631971475365,4.553893755235599,7.285071318367231,6.165250312594912,5.0478463097908834,5.640541711520984,5.225808757646625,5.0276205685370146,6.3911797296377895
Aug 2022,5.797271707206373,4.373995114651708,4.57939373081446,4.252719081464939,5.483894671731341,5.100640628103665,3.489997616249125,3.8765876330225124,5.102367021382362,4.556531559558074,5.646136763516718,6.289168011016653,3.998120592402854,3.5569589517272893,5.335503275723966,4.523375032976131,4.306242056842139,4.31240387289207,3.916365319395049,5.75661952082672,5.7103297529155315,6.615066882646463,4.497606362375647,3.0592814156844312,4.539667880009684,4.1588137871052515,3.7220832067223157,4.578020158461927,7.456324975798469,6.226237203437819,5.068560020981173,5.822011847635474,5.270644949758791,5.119471548144492,6.464379849192899
Sep 2022,5.815357589259067,4.410376827810525,4.5937076735576685,4.3166716107415475,5.525361499333473,5.164701399659289,3.544136409839211,3.9051808862511104,5.110314570829134,4.601760913815117,5.661750685811252,6.353064543451796,4.067189942876435,3.564895553696174,5.411325692506803,4.554647971267431,4.382002890702128,4.352093941079439,3.897859303337941,5.815914330243652,5.7676373463475,6.659981466128197,4.484245098849896,3.0551483726666784,4.574941922254082,4.190563069013683,3.7400600646345326,4.644040967342784,7.376781992365603,6.285303347922286,5.074060683350397,5.86998003477191,5.290793314621806,5.164330628115358,6.455643095419433
Oct 2022,5.867142045595723,4.484548806185861,4.63138856620917,4.302866764936106,5.551860083607024,5.138027573439503,3.541447203316995,3.9323444378277275,5.133651410611312,4.639354750682625,5.680851305025109,6.3471273030293585,4.107592358712507,3.6307276326315177,5.396107588692292,4.6474754247015975,4.417820429707664,4.3673676137656425,3.9405541532122728,5.8121266051825575,5.766920162894613,6.740796220617342,4.520410831356738,3.0816200917015766,4.582443459950682,4.2262896163218295,3.7548414485385035,4.634570850240397,7.346405680471903,6.2901665196537815,5.1484132116279575,5.837987701154436,5.280602641746259,5.177225104597669,6.3821903001884746
Nov 2022,5.796747431367041,4.493326289313348,4.665159867277976,4.3491803446501525,5.530445352953859,5.163825041155753,3.5233073114887565,3.929459015940438,5.149408071980443,4.582798546750128,5.69800801249135,6.395370011363328,4.048446369842333,3.5774461237235102,5.406288081507891,4.628823714735757,4.3748497400523485,4.3593577019039405,3.992119903810647,5.845367081797289,5.772331312048988,6.701031611021537,4.519346326286182,3.0777173920414596,4.5813822975955425,4.253514991813817,3.728397172595234,4.663687280465186,7.335735392937704,6.206402053352044,5.104193457774148,5.820605412940513,5.283912195325803,5.173174225943199,6.41877752517904
Dec 2022,5.777335794513336,4.442320112519507,4.618528374782331,4.335256196209981,5.519767831582272,5.162862202297291,3.455820818014529,3.914228313239943,5.133542753825065,4.643478056890527,5.6770264142001174,6.319391339366679,4.006716262120203,3.570960776789751,5.40338811002465,4.610419979602364,4.37860571510015,4.355910647186206,3.9759995199788176,5.795478806738477,5.767409248241141,6.665709941224334,4.539018759102527,3.067392830108218,4.546757617892517,4.216093618681982,3.707905291890978,4.589451957003873,7.408070777046633,6.184175917620642,5.045619164820198,5.773648478712988,5.315416146613556,5.183234528979737,6.37261288872291
Jan 2023,5.785712906439401,4.381487181658237,4.639865203304986,4.327420563304971,5.506933285111443,5.127426236794662,3.4576432788902025,3.8455198550682153,5.0825193906583355,4.548149167225194,5.607291540037619,6.272077953515822,4.015206503433432,3.5810645144837925,5.342598578221491,4.540434916275447,4.355922414535395,4.3392155931433845,3.9325515167652734,5.720193750074687,5.745774258810605,6.660614181648524,4.5205477331853015,3.0748235112573825,4.513189509345836,4.204864209393738,3.7141793185159435,4.630587957278045,7.22217377308833,6.269320919837774,5.0535410822608196,5.730298558267312,5.304667006267034,5.150851062500098,6.219920794379846
Feb 2023,5.730800721195527,4.436066320568842,4.567773162239159,4.263384134080722,5.4365588243836545,5.059158207193594,3.480849725101266,3.8653513866462617,5.056286306162322,4.603139319517944,5.53346380219961,6.220227168996272,3.97573739556828,3.5870137664343096,5.297123847961774,4.553861194282147,4.258369059698888,4.305377536121162,3.9470666531246414,5.741213358724554,5.7050582245738966,6.6095039066262995,4.480795531222156,3.023267947204913,4.523874673116654,4.14190950632099,3.6658501509403174,4.560265972605049,7.28211721303082,5.994041087418931,4.97651445159663,5.6698540076253785,5.256616986947945,5.117851719724247,6.2383431985472955
Mar 2023,5.645937994748701,4.392652202935291,4.557698503441791,4.230394079381851,5.383201206921966,4.971684445266713,3.482067003170559,3.7700671053580668,4.9967643214705735,4.508241677166587,5.558994590217677,6.219831093387221,3.9856700451376814,3.4644878222531283,5.309310226936583,4.55755945229907,4.300494542981447,4.258322083471414,3.9407438968723922,5.635078467207795,5.589341202504174,6.541184401744138,4.426393441957815,2.968371270372211,4.438595483212046,4.079027803864331,3.6914907991038484,4.484094450739989,7.185350991912359,6.016241581361831,4.928178258723016,5.697277225131954,5.210844296012495,5.048593719988908,6.1153996888763436
Apr 2023,5.65441204856394,4.329855690595541,4.499848702889051,4.2603771509627535,5.386642698093539,5.0515837413672084,3.453411148067974,3.8659551533742262,5.014194693181856,4.540843904241678,5.483296170766597,6.211731002638214,4.011247573390003,3.5427547241841966,5.245185783841847,4.468898042480273,4.246688552550943,4.287954551352542,3.940786411925316,5.579679907443683,5.601484619797108,6.5683267058078085,4.4703392722349,3.007120804443869,4.529864088076682,4.160722154989532,3.6977531980430762,4.506945965084978,7.180620129463882,6.041007188345655,4.907881596021134,5.608678358713399,5.210026194127761,5.1099602145181535,6.084113898997602
May 2023,5.673523662613594,4.4271504496475105,4.503315545213269,4.268391673797416,5.405206733290748,5.004648567971422,3.5276063131569306,3.8596650843787113,5.027753653894752,4.561151962517845,5.498660274138579,6.152083658234388,3.9941429688305483,3.6073616170816463,5.241949393386734,4.608180522928706,4.2819449133684255,4.319669459512233,3.8939820850320976,5.583550350571334,5.630250622812375,6.471335657830358,4.481480336527232,3.0040247867061227,4.409134162688673,4.0887318304949885,3.662821957186623,4.530979368235666,7.1400379274567225,6.0728616317106745,4.906677932844034,5.662850557179618,5.162508024362755,5.045005806652279,6.318860294780545
Jun 2023,5.699101527825482,4.413852696839961,4.50560003925637,4.301428853140818,5.38200816565396,5.05413814218807,3.5023633271886223,3.8806918411729607,5.05073460553137,4.61041701290349,5.521134234488765,6.225568492251735,4.063479981170568,3.5773442147183023,5.271413862077771,4.569811032716518,4.333344265173329,4.317072836462516,3.982520468704606,5.6286177476626,5.65403101747002,6.557305991227906,4.502519348997684,3.087621103184314,4.504072058011116,4.127456452609437,3.699270871434287,4.491631767616643,7.155502968269732,6.169022566734998,4.979809908456596,5.77996258125618,5.22980838266029,5.0667652676775905,6.1253800526514555
Jul 2023,5.766503726977009,4.483930112732809,4.5950271708383434,4.306138460536605,5.433739714554729,5.099351283041774,3.5183418518883953,3.9147507481449404,5.103326570420468,4.590818069929864,5.531737946951988,6.291089460163976,4.026813166004043,3.6053065882718496,5.282959333964695,4.563186605487731,4.355616749009479,4.347904526094357,3.9802562681423823,5.690714261709219,5.666576581016355,6.584673127660564,4.514650474002051,3.0088212607303,4.550229328380866,4.2256876924719355,3.7479752889849807,4.539244373027417,7.246888700790339,6.111043814354838,5.02485819394591,5.766911697487642,5.2103897852866465,5.015326329065164,6.264657985742643
Aug 2023,5.693704801559384,4.451547117706339,4.615044652725108,4.3158853901330225,5.449488687921293,5.090963080621392,3.52477284511615,3.9469822453826873,5.021625302540919,4.672857051442434,5.568680779765457,6.260262642576053,4.076004197534488,3.621296144498191,5.292428408394979,4.567875851576987,4.3674771355937345,4.355031533256088,3.9390350394045885,5.649964270739575,5.627168934831218,6.6157086967555845,4.500389930635203,3.0999788777321333,4.604318005070212,4.229031256036048,3.7379985181877786,4.577637947874146,7.256118245781645,6.22961892883972,4.9945831924291415,5.876242910782555,5.243867299025575,5.030688538233638,6.305252815633824
Sep 2023,5.721497952337305,4.44367743074708,4.550781289655859,4.36651412828937,5.484581217645459,5.096169674182666,3.5477692128829386,3.9410068218442356,5.033348805801052,4.620457706867873,5.524514303121247,6.245182517315335,4.032887164834814,3.619827660085232,5.258794384387003,4.621989092132115,4.406080387148565,4.380324804136842,4.0252636890668825,5.689542726181078,5.671925223546481,6.603319894027273,4.506765775898597,3.0536312957513476,4.528167109034054,4.178539005437141,3.7021169975792025,4.583516238698226,7.239019984788749,6.128448311261071,4.976350426815433,5.755775331895822,5.208445328338984,5.088124106381626,6.210898853689128
Oct 2023,5.69316201572684,4.438358983510718,4.581644391019357,4.312649450611924,5.457481889876593,5.05652815646153,3.502738591445953,3.9245369079982364,5.045894281263481,4.6208935373291204,5.549248849569211,6.180699627814399,4.050813551948585,3.6208389462834614,5.263173708841246,4.603757246237012,4.3601539910361,4.331708042720581,3.9418252161655944,5.624729871278707,5.63000162422835,6.500784312680671,4.529885407960702,3.0741006609845223,4.5501940421496085,4.2198496648939,3.699975864018285,4.407274464136858,7.229012768350766,6.15493638900448,5.0398655124671174,5.856798916567695,5.214857867681281,4.995848367319426,6.250990685995637
Nov 2023,5.641355865352769,4.39691375598645,4.5460853580623954,4.332672909038175,5.4373966547694605,4.97825635143793,3.536843710476852,3.961437691219396,5.018738584384929,4.647103124478454,5.466319976125445,6.101940234107548,4.039360613843153,3.6456158960490583,5.216712455236194,4.549182743109733,4.3232653749523875,4.283167827173243,3.9515289890653547,5.592873725100301,5.588199228300351,6.514688211359824,4.496245105893232,3.0323995759151074,4.485163350548039,4.189478110399776,3.6952142838055755,4.502837112994635,7.247768244474418,6.043620422165237,4.998519460080336,5.713843651289666,5.1594993482748865,4.981603256495969,6.308011751915683
Dec 2023,5.565497399878823,4.39133772388025,4.5426681891069824,4.247214035489077,5.394973785178194,4.907822374248455,3.5618490231181568,3.9123530543481775,4.949265979728592,4.585884179973469,5.416894730452584,6.0744531609299806,4.130558419225474,3.5671738047458548,5.165020397753941,4.659049374003578,4.365363218779471,4.369079523181848,3.9373529208584666,5.598819315245918,5.506626630472154,6.4732690292016075,4.521397264685537,3.125358007136354,4.50121440720035,4.179535193895533,3.6432073203833304,4.436861043839259,7.127925424268935,6.094267577543899,4.8838855377976484,5.679815380854497,5.096137613985959,4.951627965544412,6.105029786720879
Jan 2024,5.638617802448415,4.349228195178197,4.527846351677611,4.270449870167385,5.42801294347589,4.971701085510921,3.4813576817944663,3.89031303584235,4.8741949302617265,4.63711953651329,5.431849816537675,6.208152332070083,4.133199185976397,3.549585791430416,5.162002990075143,4.478511751448672,4.293798590582578,4.303610228839533,3.942520153134691,5.55880225630212,5.475369785053984,6.515967196650094,4.443790660433388,2.9984815123085773,4.524237886630666,4.192095903501702,3.644607492754397,4.428087740438656,7.194911161053529,6.113943731690161,4.90315699188694,5.664493831392277,5.111494625885385,4.910308630456996,6.263187385210209
Feb 2024,5.574405830772196,4.454517691041709,4.576157007140705,4.295977025789121,5.348930137125559,4.9668026292538165,3.478821807825172,3.909029753251127,4.881435808178551,4.68749520207098,5.401199815249526,6.141518963080399,3.9608554330450887,3.576154043410152,5.174516900358769,4.54950429687916,4.333644488476708,4.2582674220035015,3.9902224040306304,5.506606804153737,5.534046242313585,6.4638827672906904,4.495875814346374,3.049437591091483,4.50851233625219,4.236416291151391,3.7132190645476366,4.465573081810686,7.121574937805957,6.031800119067392,4.918200557371872,5.667519029679247,5.123166447581529,4.948995677161443,6.203835709140962
Mar 2024,5.625009046250105,4.398286099463586,4.539110013023877,4.313938229739794,5.321826768365893,4.896063271211227,3.5235282798673113,3.9104069160798174,4.950914877323299,4.641797236588784,5.407003881802217,6.068986768794782,4.0848471150122245,3.566792576011258,5.198451280339666,4.5371393655983026,4.356476722247034,4.340126800647259,4.013942931514342,5.576679877994192,5.518904425331915,6.371124376628249,4.495810311294848,3.0341317843825117,4.446791068249844,4.2312124327767755,3.670149982713765,4.565032998194629,7.135687775678288,6.03773801245333,4.814343830286698,5.7303813319817785,5.150980537791113,5.002937806305663,6.148107728500773
Apr 2024,5.655375116554196,4.38832507374158,4.496985057433342,4.278095773289607,5.347709892457007,4.911244545290812,3.556104192308414,3.894027939848313,4.953183966299943,4.684773391479369,5.391420301154153,6.135909731303585,4.006955653984499,3.581036345415958,5.155877290333228,4.5576340486841,4.3682477362484375,4.3263083149075765,3.939911250912236,5.569604346222587,5.504925733721319,6.5477734078443435,4.4624329169135795,3.00340837638304,4.496667187784878,4.21836494523193,3.6628450441151816,4.4773905761359964,7.20634536780145,6.022902857215497,4.9130798485315275,5.689060384303718,5.1798813464488935,4.957657973338599,6.173778147022203
May 2024,5.641793029868728,4.441100214121912,4.660088147826373,4.336488258502621,5.436106618405588,4.992032852930683,3.560047252685235,3.998787775958657,4.996844549618824,4.700794883101269,5.465211688434114,6.168001865649833,4.10881915083669,3.6011799106303215,5.19558668202482,4.5783334807549165,4.416771726746007,4.374972375548362,4.001411505497428,5.601376833423945,5.532197179426946,6.543782200732936,4.546840792791363,3.0854498201997527,4.563974509698594,4.293213427852742,3.7270879916194986,4.550690746588212,7.220544965754795,6.22620562273743,4.945605874643731,5.753744094286608,5.2271710712543005,5.051386519509172,6.3391477537531955
Jun 2024,5.680414614047292,4.495431114836394,4.61978508820986,4.360071241325436,5.434536233269305,5.022625706921259,3.62538873573102,4.029384732114189,5.064041525494065,4.747995210766972,5.52038293149858,6.192337297560319,4.137320889354343,3.6430294422970246,5.2090378010315606,4.640572783125344,4.416980543353032,4.430890579725873,4.013871739326395,5.605245865201427,5.623350447113994,6.621057028812349,4.568175551350735,3.0866522572428674,4.586346195211558,4.2203538040648345,3.718534785907125,4.501411709863829,7.337036378999056,6.137895851993514,4.942214302929435,5.753535055531588,5.247404002896503,5.029036624929328,6.333912456357176
Jul 2024,5.6844447848728485,4.505273779227626,4.612633217637161,4.391397249309278,5.511327647055458,5.067300333737489,3.5730627157550194,4.014387429027016,5.061459202233138,4.774519023001318,5.518198620414791,6.268491532947311,4.1416368592524515,3.7296826188654646,5.253288188080083,4.658339218644189,4.455904521755542,4.463878279813818,4.065484659380596,5.61725611734632,5.602112600679155,6.655594024718904,4.557065216057763,3.0597314957147295,4.602025574786949,4.31551858486839,3.6637879352583242,4.5149235869784645,7.365130467465003,6.263948976790088,4.996768395037056,5.755769060337853,5.267793251966238,5.027084450530116,6.332459914435006
Aug 2024,5.795661516504054,4.556884124882727,4.616878237236987,4.424747957899111,5.499021509006565,5.118717421954219,3.6508320660321276,4.069062743117852,5.065009278838723,4.780802375615033,5.561580339257161,6.347538130572135,4.106985072093167,3.711368362570964,5.249881297773732,4.71449228849198,4.4790958608616185,4.4832274319171805,4.0986378910813865,5.667814629520674,5.614878955098178,6.70425042090812,4.5980411349959764,3.1407850553279077,4.620774715408271,4.394068056376286,3.77410384817608,4.572873426344549,7.424237640968315,6.232856641915364,4.984300327322279,5.712027208547655,5.3372917231979535,5.047420964869267,6.398485185210844
Sep 2024,5.729061135946672,4.4719775201468694,4.650511072988681,4.3934183259347765,5.530805761837342,5.0240306362866,3.6688725933245943,4.105993486771971,5.049006806374308,4.743143665138831,5.560124551202458,6.330168603069944,4.15495664833039,3.76458746972953,5.242021766515278,4.668172426741192,4.517556605999332,4.456491625206196,4.086438183670922,5.692826299082071,5.618953053528013,6.692784581628173,4.615773444438694,3.190881549631857,4.609448552245906,4.35539100035261,3.7555239008160335,4.521339458313389,7.428726774900827,6.264746119538203,4.981851013543341,5.709216489125301,5.28923656424012,5.088295579353185,6.467021082069677
Oct 2024,5.735115215314066,4.546712355442406,4.64031660787069,4.443551374939112,5.49826229812597,5.0562423522004485,3.615171458426426,4.090971526687828,4.996382976774089,4.80221219178744,5.547905670733372,6.289102849881221,4.214282662529661,3.6802612859039474,5.21604618651423,4.68991119017928,4.4839132628358085,4.43560067441052,4.11391839072665,5.673058243670683,5.613674434460213,6.716070733092501,4.635680216706006,3.0869719737729437,4.647070700759443,4.368007443459842,3.769040214234207,4.535853879995826,7.293729946271867,6.2083739408483964,5.027475157151856,5.74595059494512,5.294811057309387,5.089019779364211,6.265647363584262
Nov 2024,5.7316674056017405,4.520841091438507,4.633427967930104,4.4518939389692544,5.505347089193238,5.036562334467874,3.6160090088194266,4.085311702995775,5.056837811656962,4.851799819104189,5.522119632884386,6.216777738509158,4.148706806190838,3.711558094989693,5.25502203510278,4.644935609642548,4.513319112752148,4.511419439234066,4.104687539603576,5.678810849713867,5.656298296196519,6.722814085929647,4.637883598757271,3.1536005572912806,4.609999070712927,4.3531158956724845,3.767884910353987,4.559207710287522,7.456390780698973,6.260144577408746,4.997936764005943,5.838582492994829,5.266905487066588,5.11807640788757,6.428550965246427
Dec 2024,5.738011027686654,4.5616096950944565,4.654977665068093,4.427171860697799,5.524826477452042,5.009982699764696,3.644021720531728,4.08771547547855,5.065384220729486,4.853576329536274,5.51371915516193,6.343591473487539,4.186385963338336,3.7369084964184505,5.258687859731801,4.652948279378721,4.485821389309386,4.435014922712655,4.079613567749098,5.710323024630673,5.639102316561845,6.683327336836877,4.625209778892998,3.208927425280618,4.615299049034682,4.320872425229768,3.7233246797843234,4.520823784289322,7.396911927448772,6.196265181747075,5.016168496875991,5.7050142408539894,5.289036409204451,5.08821860044535,6.341555685318047
Jan 2025,5.750135000677509,4.58212410003581,4.606572936837675,4.430895307472736,5.470527424264851,5.01064145396055,3.613114681573256,4.03126821428387,5.032532657820782,4.7945656872406435,5.566509489617351,6.34582220833388,4.082781905917123,3.7758080954921462,5.282185887384627,4.628741940003029,4.453340132177701,4.521878729020614,4.122356502142503,5.658638387027285,5.632309166835323,6.716041101769232,4.620475148521784,3.1492540383487624,4.584590333752943,4.337588539262061,3.7527471120245606,4.559721330996677,7.328432211351561,6.209958566384665,4.967748802174155,5.72679088330772,5.289313954227704,5.061248437707964,6.356608630418551
Feb 2025,5.7923984114169675,4.55396978839199,4.64618228298519,4.461007746795686,5.55087897287923,5.024760853059186,3.6323370916326754,4.122723697509829,5.0248431598440915,4.807771634398262,5.533312167625621,6.275190433772457,4.202722678358869,3.6880286783737284,5.246999201490845,4.661305681313679,4.477856624322871,4.4638614213741965,4.145411322047757,5.722589482056459,5.610733229018787,6.718474748325,4.652674100751783,3.1527951710745437,4.624398882450353,4.353299634461675,3.697866081563669,4.528113472574584,7.313866145130621,6.115500313958732,4.983820908141539,5.697302496920003,5.327508200158235,5.045497887399283,6.2196780076317335
Mar 2025,5.774760975106988,4.629957229931221,4.7089218350240625,4.47981683886525,5.55338536188692,5.04851223101492,3.683377527681428,4.182626116503242,5.075441176192745,4.8867152409151515,5.5431092229465895,6.362604570256903,4.258578711964118,3.79617678619757,5.282536519631725,4.702037875663432,4.488130425864902,4.517992636987654,4.220832056539814,5.692644638022015,5.624199235495066,6.766003923506208,4.641648198916742,3.2552403549088167,4.654929816578525,4.432915756474559,3.789097510643193,4.580318878800912,7.281199045665935,6.126085382618131,5.033877103450021,5.787833182467688,5.308682961839792,5.130843610942951,6.15707989153721
