Date,Hertfordshire,Birmingham,Worcestershire,Dudley,Sandwell,Walsall,Staffordshire CC,Warwickshire,Solihull,"Bath and North East Somerset, North Somerset and South Gloucestershire",Somerset,East Lancashire,Blackburn with Darwen,Mid Lancashire,Calderdale and Kirklees,Bradford,Bournemouth and Poole,Dorset CC,Central Hampshire,Greater Manchester North East,Greater Manchester North West,Brighton and Hove,East Sussex CC,West Sussex (South West),Bromley,"Bristol, City of",East Cumbria,West Cumbria,Northumberland,Cambridgeshire CC,Cardiff and Vale of Glamorgan,Bridgend and Neath Port Talbot,Central Valleys,Cheshire West and Chester,Wirral,Flintshire and Wrexham,Heart of Essex,Essex Thames Gateway,West Essex,Essex Haven Gateway,Suffolk,Croydon,East Surrey,East Kent,Coventry,Cheshire East,Kent Thames Gateway,Bexley and Greenwich,Derby,South and West Derbyshire,Durham CC,Darlington,North Yorkshire CC,"Barnsley, Doncaster and Rotherham",East Riding of Yorkshire,North and North East Lincolnshire,Lincolnshire,Redbridge and Waltham Forest,Enfield,Barnet,Devon CC,Cornwall and Isles of Scilly,Blackpool,Lancaster and Wyre,Gloucestershire,West Surrey,North Hampshire,Berkshire,Brent,Harrow and Hillingdon,Buckinghamshire CC,"Herefordshire, County of","Kingston upon Hull, City of",Breckland and South Norfolk,"Merton, Kingston upon Thames and Sutton",Hounslow and Richmond upon Thames,Liverpool,Sefton,East Merseyside,Chorley and West Lancashire,Powys,Leicestershire CC and Rutland,Leicester,Conwy and Denbighshire,Gwynedd,Leeds,Luton,Manchester,Greater Manchester South West,Greater Manchester South East,Medway,Mid Kent,West Kent,Milton Keynes,Bedford,Haringey and Islington,Camden and City of London,Tyneside,Sunderland,South Nottinghamshire,North Nottinghamshire,East Derbyshire,Nottingham,West Northamptonshire,North Northamptonshire,Oxfordshire,Gwent Valleys,Monmouthshire and Newport,North and West Norfolk,Norwich and East Norfolk,Westminster,Ealing,Peterborough,Plymouth,South Hampshire,Portsmouth,Isle of Wight,West Sussex (North East),Thurrock,Barking & Dagenham and Havering,Sheffield,Swansea,South West Wales,Lewisham and Southwark,Central Bedfordshire,Wiltshire,Southampton,Southend-on-Sea,Stoke-on-Trent,Wandsworth,Lambeth,Kensington & Chelsea and Hammersmith & Fulham,Shropshire CC,Telford and Wrekin,Torbay,South Teesside,Hartlepool and Stockton-on-Tees,Warrington,Wakefield,Wolverhampton,York,Swindon,Isle of Anglesey,...144
1995 Q2,1.0120643894191301,0.9890737700893094,1.0025855468588087,1.0138527987576949,1.0087923244348496,0.985300038664728,1.0023343807200928,1.0047498746023622,0.988811227591305,1.0101769264807188,1.008093785925556,0.9770173598313172,0.9998730931617473,1.0043440182527634,0.984065903218917,1.0006880944657814,0.9967266365292231,1.0057359911635293,0.9997055381959766,1.007855929793663,1.0161568469533058,1.0082354042245445,1.011842294912868,1.0123673232952564,1.0051035434567486,0.993754161326997,1.0200194499122155,0.9866891051405624,1.0028875215915263,1.0099330900321646,0.9860705257099863,1.0141477272199348,1.0143106318411728,1.0324343581471551,0.9797254872634796,0.9981201364739842,1.0026232824370147,1.0024043907307914,1.014634777049344,1.012659228026937,1.0065884828247447,1.000294813345702,1.002634552125196,0.9902990998211632,0.9921189781031773,1.0019483308125499,1.0246500489806216,1.0269479773367787,0.996327313803288,1.0164815733332864,1.0092009590342692,1.0105506233236554,1.0077514118104263,1.0025885564571348,1.0060975634322769,1.0005600877465153,0.9981924851561209,0.9996644520340322,1.0063741609075483,1.0236253182577266,1.0074884293369322,1.001653352838135,1.012073544807025,1.0087609606341106,1.0042493346286745,1.0107960493950972,1.0148655985418513,1.017656553030469,1.000693256052762,1.0328474359216457,1.006620236137241,1.0039397994230532,0.9972047190669332,1.0200420659765521,1.0042188092478654,1.018351548518597,1.027273564500111,1.000136982830155,0.9933296624950252,0.997175655852133,1.0239548117894617,1.012694567152725,1.014198988770669,0.9984002896206626,1.0010662347412356,0.9851972191165251,0.9989538829382755,0.9961456386164136,1.0233493542279644,0.9942244606654149,0.9932106382215726,0.9795123357510797,1.0047214823820996,0.9999046236124803,0.9996878904588077,0.9811117161022848,1.0308611234946068,1.0306697060633696,1.0023386346134842,1.0009034114268536,0.996619757374365,0.9812865246697703,0.9956977402596725,1.0085733109141837,1.0127146138000778,1.0238110379193592,1.0088524424788987,1.0037046779801237,1.0008982341718313,0.9980113532384884,0.9961732464040605,0.9921293415942714,1.0220780238623859,1.0022926304499749,0.9796979238249599,1.0125429703273114,0.9941184561613008,1.0091123257114756,1.0102536351186286,0.9919758482436527,1.002320436668824,0.9883928986008922,1.0146136094880474,0.9976621856921533,1.0130732261344462,1.0090034671286623,1.0081017855719847,1.004996354470585,0.9888012868724745,1.0006051299493093,1.0307477760158532,0.9988456226753643,0.9925837335797104,1.0042671371900977,1.00731891782899,0.997402856968426,1.008395254036521,1.004183623726953,0.9920643644143268,1.0133151554704256,0.9784815673273657,1.0101611498130134,1.0146320755130993,0.997155973492943
1995 Q3,1.008725800967955,0.9929842779486495,1.0050620839148838,0.9924730562055042,1.0094209935121548,0.9683957689503574,0.9951615015601523,0.996250505078068,0.988870368570178,0.9976255546023962,0.9935098522585896,0.9806494812199208,1.009598517985856,1.0057797552877563,0.9876029056754254,0.9949938802358607,1.00452626290413,0.9953629860929384,1.0009188906676716,0.9992258117726454,1.0018212487969103,1.0168614382072267,1.0133665977736366,1.0178510085525831,1.003020939731994,0.9881944785107587,0.9853207178960802,0.9845875282086116,1.0075208618053288,1.0135392957097864,0.9789875630661983,1.006920107451708,1.0057160260404923,1.029753427125069,0.9757451783878789,1.0163795712315047,1.007926179977526,1.0073973283580768,1.0087802919633204,1.0067027828688453,0.9995142083135313,1.0026371330583306,1.0084731856829992,0.9898049067820422,0.9733438265520116,0.9965144044220572,1.0122169324161059,1.0075373987044798,0.9910875111572741,1.0046531953537483,1.0034206659589542,1.0023880784927122,0.9991811263085935,0.9988375616344416,0.9943946051456638,0.9830383387959667,0.9953882396153868,1.001529237053851,1.0189964823449682,0.9963309826344635,1.0185028969127792,0.9977152009034727,1.002246623326422,0.9996181256529999,0.984772751228737,1.0106848950003795,1.00840079601955,1.0116588647457552,1.000225485139163,1.0582671695559986,1.0004649371550545,1.007999092767785,0.9832706948626552,1.0005460933122987,1.0035075751766194,1.017270298139451,1.0395114870292361,0.9923396847083061,0.9942530372343229,0.9855941327487923,0.9842011100717889,0.994999235565199,1.006942476176123,1.0047821588769716,0.9610007891809228,0.9800321449360213,0.9897048688729738,0.9920478442152717,0.999054316271662,0.991904993753918,0.9982697767209756,0.9830102683153146,1.0055165086675162,1.0043873429868695,1.001933574949932,0.9975070471270914,1.0299057742007616,1.036100184384407,0.9846938946329901,1.0048027080918007,0.9969222519048336,0.9958865461094781,0.9886854569137697,0.9907990388616913,1.0119535196237193,1.0038237665411136,1.0057852530233038,1.0193828948475938,0.9937918123134853,1.0074527535358375,0.9936294441329664,0.9990844388039921,1.0281150014677105,0.9854672817464678,0.9825650389127321,1.0093321010597647,0.9888048091541263,1.0315160611535348,0.9961153601583139,0.9733908915573312,0.9949583148729164,0.9874049899687645,0.9860486777353674,1.0202740813183115,1.0092787774040126,0.9948255066913655,1.0096810147289546,1.0097587716644538,0.9852441757416256,0.9920044172359296,1.0426219830046923,1.0354660025426767,1.0233122609669858,1.0006669213903168,0.985825581308777,0.9981893670792011,0.9874075993356999,0.9805008938349034,0.999892463604947,1.0111490714633604,0.9747471898042238,0.9981350236450398,1.014060503563075,1.0215137860182348
1995 Q4,1.0181285007889953,1.014189389133775,1.0129654890713353,1.0004705205134954,0.9990558951110428,0.990081483510199,0.9988066001837133,1.0047770549855852,0.9823577735456133,1.0009123544653502,0.9721695737543986,0.985259245001034,0.9793609377657715,0.9978245154556236,0.9873651721673836,0.9982442881280479,1.0184383591485413,1.005005132037118,1.0094735073751078,0.9963461074234099,0.998416490483858,1.0337386134611852,1.0068342887535033,1.0105634259700265,1.01765312932272,1.0029836012273958,1.0038294384513218,0.9735954962958033,0.9942255283354936,1.0134986619934208,0.9760679454395643,1.0113396446919491,0.9934109425699632,1.0232799984104166,0.9537305533472881,0.9876396702143737,1.0055538652293083,1.017617181214501,1.0115859296666654,1.0045044928519455,0.9965749927700874,0.9968046366196237,1.0106071433522428,1.005635371412336,0.9916388482923686,0.9937826265889357,1.0110133667645569,1.0144811033025218,0.9877578707700336,1.0045230106020864,1.0202042800381637,1.0149285456154962,1.0134867577524658,1.0049716547213476,0.997799452559081,0.9748461082465287,0.995103389644875,0.9978940442981622,1.024449852580726,1.02224430745858,1.0078515283885385,0.9962766428157938,1.0124022977926297,0.9779342390128923,0.9905532559790612,1.0095564574937033,1.0189243329759254,1.0139608730936003,1.0116989324361267,1.081276141541241,1.0054638861926775,1.0175040000974724,0.9951254781560932,0.9891808016446513,0.990723367296449,1.031164515467348,1.0518109116194947,0.9706193716891504,1.002665973850786,0.9778558874572186,0.9965467635997978,1.0224924724127733,1.016235755179762,1.0157919531969588,0.9722121916514982,1.00059088218508,0.9974734248671414,0.9891678685095046,1.0177913260258802,0.9865338496412274,0.9995108265539719,0.981864825656214,1.0064912276847704,0.9999690240506737,1.0045664813335808,0.9921062592957078,1.0657026945208823,1.0405168855656401,0.9919338935126516,1.0167017666565843,0.996113317618933,0.9939309374847005,0.986020976051817,0.9855358661049815,1.0015130170621744,1.000239560253126,1.0114175418183178,1.024167264357682,0.9996776525702603,0.9914788211226833,1.0112621717141503,1.0684857682363844,1.037087570901809,0.9886550289933168,0.9621870986349119,1.0186131505264178,1.004158919043119,1.022983465661165,1.0032164548405724,0.969500978261227,0.9868415164710863,0.9847076427451749,0.9806696135224621,1.0111763852716806,1.031744454770128,1.0082057181530983,1.0062554192606212,1.0209518221285343,0.9935707821624423,1.0007561517583445,1.0436529008564193,1.0295622309530459,1.0290484969841922,1.0094607847671162,0.9911647568846659,0.9968401201235944,0.997742064605037,0.9653888387310474,1.0025794537588435,0.9942836769090787,0.9656313330731667,1.0109817981687168,1.0098451337469168,1.0219819317983971
1996 Q1,1.017264415826824,0.9923678533790452,1.0153240295632875,0.9983074988903652,1.0048368464747763,0.9782847795673895,0.9989058220346803,0.997542178293493,0.988230308576143,1.0073937161754551,0.9858131368038313,0.9800095577380377,1.007086343481668,0.9854683311123209,0.9688315584569358,0.9825151496294623,1.0117002546580678,1.0028458517413887,1.0208519643814875,1.0197636585417111,1.0080109122358345,1.0317345907247895,1.0242602078455771,1.0240242975180864,1.0192899735842995,1.0160834678266366,0.9958454688108344,0.9792180557389767,0.9878340344392226,1.0064352512649146,0.9773825456588482,1.0125882208689063,1.0090467859609429,1.0353600860864183,0.9559904584676056,1.0005605622456462,1.0022660991108694,0.9941813517708805,1.0029399580099116,1.0047034163079922,0.9903185598227224,1.0146497462954627,1.011019708568897,1.0103005907523717,0.9697275411862218,0.9902253968032523,1.0040924612466988,1.0196687393981225,0.9732716137222253,1.0045972091807442,1.001442292903817,1.0190179990585693,0.9955426916500737,0.9940376755930547,0.9833791151371646,0.9857545227066681,0.9922941703828922,1.0145879896610541,1.0409722864496695,1.0161220347374706,1.0347937361010697,1.0030818054156907,1.0133775995998093,0.9612387929404168,0.981890420870883,1.0155801464507177,1.0264042440590775,1.012654696579855,1.0155668009856544,1.0997878331186282,1.015065048187773,1.0135549646065183,0.9961814707650404,0.9943417769884133,0.9767323255606948,1.0333210310503091,1.0499502405980825,0.9851420534453352,1.008004732011632,0.9722028379745342,0.9812223283128091,0.9688164706980215,1.0127415866590102,1.0071673185896286,0.9916026544767329,0.9836049684588379,0.9871252923694487,1.0074609710126121,1.0278836535554163,1.0032839551497454,0.9764213897424064,0.9772435920311209,1.0081344414174318,1.0055574400453697,1.017714568787851,0.9965221775422295,1.0879285035622346,1.0567579432938312,0.9802332785351465,1.0163082358793596,1.0001407809828298,0.9829131707559036,0.984684509295953,0.9770229233789622,1.0156925428215031,1.0033559282376063,1.0207797724727912,0.9993679138575198,0.9893586155369486,0.9856394639073722,0.9858548800864384,1.0250466200312507,1.0614286228280934,0.9866384136728362,0.9496987095108697,1.023727919725926,1.0099600331273315,1.031967976664071,1.0087323467846299,0.9710987598465702,0.9998928399217224,0.9878130455048716,0.9967056512845451,1.0081027092865458,1.0547457119184356,1.002724332268315,1.0039650917385199,1.0279877505662773,0.9889292325444354,1.002227223978949,1.0516235509420864,1.0356218336498522,1.0462810200394603,0.9944909451987762,0.979399235925885,1.0030205760251998,0.9619328857483896,0.9886602091981244,0.990938193404861,1.0046296988006276,0.9807633647781375,0.9888058174295237,1.0108295707600419,0.9770931689497072
1996 Q2,1.030750253220967,1.002043716404891,1.0290470530859372,0.9989087631804712,1.0075650788108415,0.9961455170004401,1.0074891860905055,1.0174456398444227,1.001661497395992,1.0202034079030904,1.003501585331165,0.9885645725179835,0.9860957726894337,0.9925784673679467,0.9853413235969651,0.9904529252088025,1.0164292503107306,1.0256379790523096,1.033363367401777,0.988750952269868,1.005594439653246,1.0604330552343044,1.0234779647300958,1.035871275502945,1.0432980916138903,1.019667866303709,1.0175089739841485,0.9744136960091115,1.0090707047230612,1.0234771378173073,0.9970176347929376,1.0120817505637163,0.9942639492804403,1.0275265804537366,0.9723520590923129,1.0107733211210506,1.0180017544082232,1.0304273327670224,1.0131093611461512,1.0121144056522866,1.0089519983523347,1.0425331251523968,1.025518117711163,1.0256893488450314,0.9804398438231323,1.0017851464991863,1.018529806235781,1.0376777134304138,0.9967173638848041,1.0166372264516021,1.0222982884978398,1.0058985934751314,1.0003888020012077,0.9889304960653621,1.0052107980216494,0.9778845758933796,0.998281563981509,1.0308186801882553,1.0571897664687826,1.0495889579121223,1.0712819134063876,1.0157829960319784,1.0243583739801292,0.9679060622238093,0.9826157444204975,1.032226151037239,1.0400058872004476,1.0292002315561783,1.0285798572827638,1.0972125711326104,1.0340266144331673,1.0253843942176266,0.9986117576948081,0.9890303489904516,0.9926266755526596,1.048604988623975,1.0673833266479815,1.0013746824570708,0.9882520781355317,0.979723231712456,1.003110233870909,0.9952110649317697,1.0227120722045793,0.9882967145895696,0.9852852249504799,1.0295462212449584,0.9913240401454022,1.012989101299901,1.018816304559646,0.9968534801728135,1.000058074133836,0.9817601064997977,1.0150469469154162,1.0151320140468947,1.0285488288735343,0.9958279258881684,1.0816384712705829,1.139504591189305,0.9993611109872085,1.0096654544846086,0.9988744896977713,0.9812714254372843,0.9974448576021758,0.9963112559477795,1.0293505218848205,1.008679152740734,1.0290146949671717,1.0155305066229547,1.0069399448633882,0.9831200561086617,0.9935729037906789,1.0251641743419189,1.0552200110015473,0.9831259858114069,0.9604596913961961,1.028239235579219,1.0161905655278847,1.0367347656909494,1.0233059926466792,0.9824918732125945,1.0093321045821602,0.9905487702022309,0.9869520850423044,1.025187091945505,1.0516832651513424,1.0188391179326395,1.0238726939751743,1.0285263535344285,0.9976192860629806,0.9720833160759705,1.0821454982422667,1.1063315627341666,1.0497936069580622,1.0131551091484416,0.9917881246087648,1.019999693456242,0.9940044388162806,0.979542070974607,1.0009560218756262,1.0158161314137852,0.9650100542099522,1.007120071352492,1.02587849968616,1.0072476363803782
1996 Q3,1.0538645594824316,1.0015878148351491,1.028880100625792,1.001548716263331,1.029405161301953,0.9909140342296076,1.010287744725453,1.0317767756241454,1.0085849681921168,1.027646782505686,1.017283484836741,0.9741112771564524,0.9905324581798397,0.9853970554010999,0.984176411089274,0.9721553847922303,1.051100135577087,1.039364220563594,1.046242024085157,1.0083388770055879,1.0101818010963408,1.0654084656406675,1.0411158808053276,1.054070349143036,1.0461660503405674,1.0387920359270681,1.0072423960334729,0.9589723878492735,0.9992595545845396,1.0273927170012533,0.9993592225989503,1.0344196806431647,1.002256029926408,1.0276235702947403,0.962477297273781,1.0164012716584527,1.0449541349012608,1.029551019404606,1.028001730446261,1.0191873660656157,1.0132048808725669,1.0539492523763032,1.0522424596625344,1.0326632962293265,0.9955033343605656,1.0059112483373887,1.0314924495697626,1.04628191644185,0.9996382349086895,1.02335759889781,1.0150866128407172,0.9947122899767213,1.0104269541215145,0.9960780625806207,0.9930996768671344,0.9833737962072823,1.0097788738109554,1.0550369975439435,1.043579178673123,1.0517383390946784,1.0642299466731313,1.0202833991393327,1.0404676007183569,0.9701044253838035,0.9908602729241884,1.0385148341404131,1.0622352449240315,1.0526768187356201,1.0497037435355971,1.1294137505146542,1.0468598240434757,1.0542050989424276,1.012366553155653,0.9662827653951662,1.0062033942060744,1.0647034297553277,1.091076797954013,1.0087653266869163,0.987514148632468,0.9678894035168668,1.0144332333765467,1.0472303420530902,1.0285337161569588,1.010131858049088,0.982245167697893,1.043630376220212,0.9905354918806581,1.0241378233197738,1.0015271726109978,1.002227985495116,1.0076302998554358,1.0006622672639431,1.0240850206930485,1.046773855301749,1.0381513988749844,1.0100130961758038,1.09929298426759,1.164394892299355,0.9975976361857591,1.0093588921033656,1.002655681685905,0.9968288920762035,0.9798781579712484,1.0131872414481151,1.040518826677671,1.0232937054145923,1.0481613421184317,1.039234158838797,1.0181604285485528,1.0031998632646053,1.0008787401605035,1.0345947575290901,1.09960666272393,0.9939187451524644,0.9656650416782707,1.040297792540138,1.0350789311453301,1.0606758881175558,1.0343405820339953,0.9943714622434716,1.0388858128122664,0.9980369478102695,1.0092085213717956,1.0358261588106377,1.0539465848894234,1.0292074570178393,1.0347370828143791,1.0437646362312842,1.0311886469848588,1.0025251456940698,1.1162903297194477,1.1304306566676674,1.1219123593206168,1.0296344694851673,0.993784287097231,0.9986910475915163,0.9835167492674679,0.9732439661735546,1.0000419830490432,1.0082971475385172,0.9914395317401486,0.9969796414605956,1.0324322006770843,1.0448117895153604
1996 Q4,1.078507142840157,1.0294696636806908,1.0444510023830453,1.0119420862018622,1.031077802789697,1.0149126047982766,1.024423821502883,1.051691658413888,1.030138883872167,1.0582264837186384,1.0282240657056023,0.9759557029098178,0.9949606030402343,1.0062855494174805,0.9884514072117548,1.0078608970954914,1.0642033017545172,1.0547199803744614,1.0775893267650798,1.011379216844792,1.0205465762081274,1.0901563239193632,1.0682970968115126,1.0925739816020392,1.0854985771613008,1.0576421034540862,1.0250846525457407,0.9865931979575296,1.0070239057899875,1.0520605382114145,1.0129856288399488,1.0406118976413627,1.008358197313646,1.040510496962087,0.9864590695842482,1.0234024133476447,1.0719254175645208,1.0556517202036255,1.0492606201334116,1.036947754123404,1.0355959869038454,1.0840687483186038,1.0768726093776262,1.0518923917156306,1.01078156343263,1.0152753720648806,1.0473251229054303,1.083497752105357,1.020276181590587,1.0231722481801133,1.0283762328425543,1.013036460697927,1.0309022610051228,1.0022041421356598,1.000389647231975,0.994036563935915,1.0211798866937714,1.0808998228767766,1.097280177770951,1.0884688753438185,1.1044073075471763,1.0442958893784593,1.0564973540317875,0.9746603411192787,0.9965848723459428,1.0587655225529617,1.0863111650159631,1.075440011945706,1.0778792700558948,1.1400446680643084,1.0702555419342656,1.0818231093066273,1.0389013301914123,0.9607983587944454,1.0199394756658942,1.0881762440193437,1.1170480818119835,0.9853770722748134,0.9875843877589505,1.0014930365330348,1.0274121283273931,1.0369640105235294,1.0474342454132861,1.0194650614902538,1.004897597399398,1.0204169941335381,1.010559803772634,1.043714517532969,1.0242983047250178,1.0252922121466592,1.0139533581707252,1.0134474814784973,1.0412833432870052,1.069713004671066,1.04709254872634,1.039685202591064,1.139802412702684,1.1595897362736398,1.0157231231011032,1.0184406681647056,1.0233846233825679,1.0118168111118302,1.0012776384192383,1.0164749435435638,1.0690088104514532,1.0448478949305984,1.0763891035300615,1.0276136638219053,1.0244597889137161,1.0166056377588548,1.0169402284493327,1.0589948552922066,1.1154221483408866,0.9970057062527832,0.9732956899020123,1.0704117697544018,1.0515612998211359,1.0751888333432393,1.0682790107776199,1.0184125143688094,1.0458241183869035,1.0159589362966805,1.0364686070813816,1.031566382160718,1.0802461807708625,1.053173097878658,1.0526975908248106,1.053903476084434,1.0433015508593562,1.0164701931082518,1.156733760386259,1.137482396405931,1.1504169068727514,1.0512549002552036,1.0007416166535352,1.0336698571869165,0.9900231350664515,0.9718633522758872,1.0117800192331765,1.0285227703392066,0.9887999967343327,1.0197675647351585,1.0535743715161245,1.0087242121352062
1997 Q1,1.1132045989585935,1.0340662697348848,1.0634198140668327,1.0219411821825568,1.0311927682939488,1.0138069992878442,1.0374553947757423,1.0691091294034356,1.0514491902454095,1.0700672832968303,1.05009433830851,0.9715757666850461,1.004307909098652,1.0181915520992453,0.9952066812234631,0.9960622888043422,1.1002120335580938,1.0876655840481029,1.1041772399914411,1.0314863309719755,1.030487896602176,1.1214347008449006,1.084876010780375,1.1153872619359768,1.1062737610696156,1.0870419651719556,1.011928100447224,1.0028156241222466,1.0266839712637645,1.0627824987624326,1.0302566969523554,1.0515544133215668,1.0217553888171882,1.0501420379196291,0.9851117460446294,1.0360580402263766,1.0887443454035397,1.0794675148342876,1.076964266217118,1.0640265452220716,1.0391858389766608,1.1071609902321438,1.1162579971976496,1.0768496886889747,1.0209923869465398,1.0417180787251012,1.0703571721888783,1.1047402582385584,1.004736249491854,1.0441343735370683,1.0204405441300506,1.0210679982695392,1.0269481723707117,1.0148393432583778,0.9895930788697122,0.9917726486217858,1.0318847370892146,1.095972280212,1.1114273049079362,1.1074993489654943,1.1268005497387146,1.0588975198824166,1.0783089390179168,1.0026411070886774,1.000735859063367,1.0846511342720988,1.1175393761003858,1.1064530822037413,1.1114347622362297,1.1933481368796233,1.0979248744979788,1.106154092367571,1.0365454538676557,0.9584938993630451,1.0256280598939165,1.1246361844182564,1.146699151838613,1.0136039791675393,0.9978781229230883,0.9898192227758543,1.0272543277564294,1.0768276319644328,1.064669514225265,1.022594947069568,1.006403866243789,1.0370780430766426,1.0175698556293684,1.0726037699598987,1.0196693345578804,1.0236113562411784,1.0149027137984081,1.040269509043639,1.0710171901899974,1.1064455319910396,1.0716333641383973,1.0491629789695462,1.1900384071289787,1.2538407843372346,1.010190266143359,1.0208081291318998,1.030839059882669,1.0164312899461754,1.0093511628375387,1.0285265772956576,1.096429036560912,1.0516879540394515,1.1091326094860452,1.0543646291275628,1.0518969105385876,1.03471819142538,1.0310484824592596,1.1279095882548025,1.1581712201909125,1.018467566621237,0.9907933053576954,1.0861362061632425,1.0790329164632009,1.0983172807139245,1.094267433284864,1.0294857779948086,1.0743189033433815,1.0115991664038806,1.018133225896466,1.0281170284266254,1.1146957539137963,1.0759333130598945,1.068908458605189,1.0772798251994522,1.067740832801044,1.0087128807045318,1.2034811990935794,1.2155788815466722,1.203393859745533,1.065591645905084,1.0203404754706265,1.0614306000793456,0.9586657972496012,0.9935238045286959,1.0203382938067203,1.0354512760555088,1.0318431055715847,1.022423434492349,1.0575866851584599,1.0435050207384364
1997 Q2,1.1569142512050523,1.0540497661135042,1.0891540293705164,1.0432029706800123,1.048007170159306,1.0425270264102289,1.060972313555843,1.102647697011496,1.0656621144205083,1.104911211297244,1.0681612761810657,0.9886412592820156,1.033542869165129,1.0200840132774645,0.9975526333126167,0.9897648097879179,1.1360275717407382,1.1216028629447041,1.1358611616169962,1.0291121583902931,1.0340611144664367,1.1809560920120228,1.1112187781904694,1.1558672700901125,1.1490768222230408,1.114406819337116,1.0559019989285512,1.0082860487400647,1.04279148509751,1.0979683570598746,1.052807376987448,1.048609233432036,1.012852416901922,1.0732137689065542,1.0091819404697626,1.0358760748383238,1.1360830198933238,1.0967961629413436,1.115394172453495,1.0894169548479138,1.0725220432565306,1.1472579551708566,1.1607294494218554,1.1008545461171717,1.0464509958048167,1.0522135402729007,1.1094647530871868,1.1445552058837645,1.0263452772812154,1.0630965219628403,1.0347290810913492,1.0356293760604551,1.0488129159437458,1.0106684047523116,1.008892503912631,1.0055324580936942,1.0565086708303357,1.1325855435830086,1.137677132573303,1.1731155192392217,1.1826592468158448,1.084089785677059,1.1088813916673494,1.0211349448413924,1.0216144117153563,1.1109267168295258,1.1750574864130594,1.1581276544246344,1.163570808326745,1.2489256690538182,1.1601817314151155,1.156772382774189,1.0664077610901344,0.965602049844973,1.0559038937952914,1.1740572741523685,1.222693137886998,1.0158466743092645,1.034447187069377,1.0034120273011105,1.038688615245312,1.0727752532595431,1.087792043100399,1.0434417339798385,1.031421082865687,1.0644340251743107,1.0292398764381308,1.091189231018884,1.045555005672328,1.0580284173102417,1.0335751282943415,1.0657946723335245,1.1001633320556958,1.1393901892882339,1.1003017080909239,1.084590838911837,1.2671679033190129,1.2597095054346061,1.0347144236992722,1.031852658048166,1.064720331569099,1.034562033988726,1.0239457131198373,1.0430869890591836,1.133290994918627,1.0869521163687836,1.1431621950194737,1.07561336192259,1.0613306780422642,1.0438406710326387,1.0565562958096635,1.202574100925925,1.2195596682193635,1.0283347209319214,1.013788051994903,1.1196349077564416,1.1069725172223694,1.139256522018668,1.1232495847657618,1.0585271697266865,1.1051147183840477,1.0337301886393007,1.0601983949892928,1.074367336581672,1.1657423582041024,1.1233958317064898,1.1097481120298118,1.118257491624658,1.1216202839711369,1.048699341985388,1.2831974037977343,1.2349921379810238,1.268916509420225,1.0709867360292296,1.0395667245723261,1.0609327154067263,0.9986150441258023,0.9976016850762692,1.0319538741486616,1.0371764532597796,1.021658938600761,1.0554877480953526,1.086316243228463,1.0664989291945768
1997 Q3,1.2041592699572647,1.0788305215891536,1.1233800503379394,1.0611898260028445,1.0495190133942136,1.0511063330162755,1.0765718090294143,1.1338532448803804,1.0980687011619634,1.1227127449083107,1.0941487363209004,0.9930946514421249,1.0233472356957727,1.0380108004000561,1.0134711898077826,1.0057652277440374,1.183398448536699,1.1611102769585266,1.1755606350440257,1.0345897387834921,1.0348331813346805,1.208159796761353,1.1510807090147126,1.203934379608428,1.2123861188368916,1.1476073663536253,1.0517935756806707,1.0420518014384108,1.0584721970888649,1.1349372410186251,1.0721571341794818,1.0689996803436008,1.0269916177915244,1.090407608583806,1.0285129921102585,1.0677078634571515,1.1751290038248294,1.1458912112705777,1.1437865005656545,1.1083769312239777,1.1049428860811303,1.2015752818182257,1.2133331895146238,1.1259918737624584,1.0634971653167948,1.0759749760416388,1.1285697897894658,1.1711001197610769,1.041825224586457,1.073530077374122,1.0435585820799336,1.0487345844220668,1.0661574626084749,1.0165123648551955,1.0085652917771366,1.003939681736863,1.067239123011257,1.1770894752577614,1.224007560708793,1.1878650814804153,1.2452916961119298,1.1123820731166507,1.1317947001337774,1.0155426069832043,1.0322206813983321,1.1427459739142691,1.2258716882812395,1.2126540215894472,1.2201632140107532,1.2865143736884026,1.2126484516442158,1.2163766772963933,1.090007381577329,0.9427808541189409,1.0768977382194131,1.2234831029139028,1.2837855795600053,1.0100913866049424,1.0239458866820272,0.9955080100500907,1.0567749464753777,1.0902643773073382,1.1062158477575452,1.0479394307781187,1.0464663859554248,1.0677947489109545,1.040929848140112,1.1138345641752458,1.0443718444426775,1.0539834059683257,1.0511809828797392,1.1027834717532725,1.1394271477027325,1.1952637726670199,1.1430665649141138,1.1104540775960248,1.3043654699764882,1.2901755825399166,1.0453312894887061,1.0434789732455805,1.087757828567153,1.041228646879009,1.0191242575442396,1.0750219186725862,1.1621785205191308,1.0855583269435924,1.1988417181755913,1.0688708215732223,1.0892278625943237,1.0697009062020906,1.0706393772620975,1.2548066046718287,1.2855258387201962,1.0461938408169258,1.0295622935780497,1.1548740193118017,1.1516673510892594,1.1706695575543136,1.1737985332817502,1.0800294053548398,1.1448127976437172,1.037780055212542,1.0542924645989167,1.0710062902686481,1.2123628759438214,1.152296808002703,1.1400418653259388,1.151666286099791,1.1423458506467032,1.0397280984322572,1.3571822505583049,1.2820625653925255,1.3226417073155479,1.0964085273862607,1.0367721220144588,1.1134840099125192,0.9870302783694482,0.9966766419233756,1.0508930574086575,1.0452498979422622,1.0471155133600076,1.0618886974661608,1.1099147403617402,1.104728756071646
1997 Q4,1.2477559880087032,1.1053514226763699,1.1442876089697485,1.0801643883216714,1.065494441542201,1.0629436467493811,1.0890979776585414,1.1660060605951474,1.137997724258062,1.154976887339593,1.119137998397601,0.9901407532926927,1.026231958058289,1.0424408851436986,1.039327128774863,1.0243597218024736,1.2185513564888668,1.197065076253954,1.2149188734553416,1.0406912817707896,1.0356233459276962,1.2532672052063023,1.1941594414695542,1.2469764145892261,1.2446435047731765,1.1920811571715775,1.0642784496518523,1.024811145744681,1.078839261977493,1.1645231037993289,1.1062295827298796,1.0635740543532821,1.0367426056440465,1.1008234867094406,1.042810675651028,1.0856903380436853,1.2130621738558311,1.1689998117060156,1.1764719747904124,1.1358861450521036,1.12676733172692,1.2406700361883924,1.2642965107241981,1.1584891957827128,1.0894125632855607,1.0910444053737474,1.1615679523521854,1.2211248063305513,1.0517180179739158,1.0942159544762955,1.0591184137763012,1.0597217361903506,1.085511692669276,1.0264501117147156,1.0271682902891082,1.0334376437943873,1.083731548723072,1.2350588603630939,1.2389277880485419,1.2337221208798919,1.277354275825545,1.1363523944738052,1.1585465538865003,1.0374640639767054,1.0447494524450225,1.1652153260732927,1.2773005028049351,1.2584320101769146,1.2625725047874794,1.3363300727152392,1.2578202687049787,1.2570857126614248,1.100574743160022,0.9521044287772771,1.093397663257623,1.2830966113526376,1.3184796387732356,1.0250771459977555,1.0457472011527662,1.012733964540483,1.0748137292457063,1.117569602378069,1.121547673979018,1.0824031309531617,1.0517477266110946,1.1171135946473496,1.0609450307889587,1.156540961936614,1.0821764647828227,1.0852585395758978,1.0629791084684068,1.1294193280848572,1.1766798655386903,1.2343552392417172,1.1741829373185868,1.1469703296002953,1.34606203217467,1.3759127532846749,1.0624471968330884,1.0491124090372266,1.0996236354837774,1.055449240811118,1.0452177037386488,1.0697174003666128,1.1989907117456595,1.1141307927541717,1.2322697819425688,1.07888308117798,1.1023658049444167,1.0930818553325892,1.0980350878640142,1.271105429076731,1.3237450897610334,1.0725592878995207,1.0450989823733916,1.1885828073625198,1.1711021044582521,1.1985416896129055,1.2272822550596747,1.1138616180225858,1.1710606661622955,1.0622547309776198,1.0556551123552051,1.0849426341509207,1.2599399577685566,1.1965766433548501,1.1664753955214133,1.1902882166123692,1.1783182458122006,1.0446795912358842,1.3969319846857327,1.3145186957114625,1.3494652037985069,1.1128818795043856,1.0526093033277135,1.1242285564698824,1.0055885589599787,1.0009644365149666,1.0607348660782216,1.05695913750398,1.056126529441701,1.077725967075239,1.152108378185533,1.1027743736773263
1998 Q1,1.2725144187139634,1.115214164939464,1.1523327985236809,1.0796247878483178,1.0780829237089387,1.0651306743476738,1.1037119202070957,1.1885516226385284,1.1556299031942994,1.1769801907443687,1.1423273902740674,0.9941251073369983,1.037294832731225,1.0481619914656322,1.0239496598392333,1.0282634206987933,1.252380664667814,1.2170561314993207,1.243920768569649,1.0720948810702051,1.0514564198657481,1.269192399611287,1.2166085034106602,1.2665880962366962,1.2831479314170249,1.191336108395685,1.0769693779938971,1.0323911734802662,1.0931599088389865,1.1896366158518912,1.1077683749690796,1.065806742171014,1.041506310915107,1.1180361549027584,1.0682006509795297,1.0932087855419845,1.2337113847025185,1.1702332266295399,1.2053754307862607,1.1731623478333462,1.1384965950657513,1.2631395737532973,1.289117051292109,1.1661569195852617,1.1108505945576252,1.1159148257027172,1.196275742235442,1.2634202737537719,1.0513047724338824,1.1089437611635427,1.0687139115157966,1.0672431964416151,1.1017721614175153,1.0409394246858361,1.0252906018128036,1.035193844869397,1.0980447799372564,1.238554761246384,1.2674602363840692,1.2650196761655512,1.3138623181772555,1.1560048580766162,1.1785647927576204,1.0411188015372579,1.0580409212854311,1.1869814196333066,1.312026990980606,1.2750230312712518,1.2882535955134065,1.3815899142938042,1.2735340489585538,1.2904840038785321,1.1118931430324968,0.9411971294963504,1.1247056529500672,1.3065215028458492,1.3689166535944357,1.046075778294431,1.0668836756779159,1.014039946446644,1.101560139087411,1.1362999805924139,1.1320557603315737,1.082120418525119,1.062130507305235,1.122806214354844,1.0740075875956439,1.1780756392520202,1.0925175958910522,1.0989821137086768,1.0724956326113093,1.158495994770009,1.2022489280411655,1.2729274625081053,1.199589853790305,1.175243375076073,1.3783553684969183,1.4048568086218742,1.0780592654017696,1.057284386434489,1.1056517900241503,1.0663350043858568,1.0535943395074419,1.0794642567027137,1.2142374240593259,1.1229496168221256,1.2649096798287003,1.0977426606138574,1.1182800016280474,1.1012834273836858,1.1072943883733055,1.2998626837142497,1.3411128278942626,1.0867979507942371,1.0482174326158746,1.2148860890772655,1.1899523277050739,1.221045756066416,1.2561074493067903,1.1295715951609937,1.21128147478423,1.0706579934972547,1.0674177810011385,1.1019829979340912,1.2775349794731556,1.226662073550626,1.2037805667726915,1.2136081872750124,1.1948751685907832,1.0323166062393747,1.4474689320730492,1.3723030083045507,1.3622774563184026,1.1368620888901222,1.062287155173256,1.1348704525385644,1.0033250517535663,0.9969322427294149,1.0847113650061557,1.052987564637957,1.0525161752855416,1.0725483907468145,1.1696091385070744,1.120534667244473
1998 Q2,1.3152940673854394,1.129584705780469,1.185294999676304,1.107037521905432,1.0834770559322366,1.0892222083309746,1.1298755841603638,1.2098381156296056,1.187256292584998,1.2105725070112041,1.1625067258486164,1.0335112690549377,1.0337952571903384,1.0614754074451231,1.0414790455205096,1.0274394944829663,1.2795010880731565,1.254347400388728,1.2856010952046368,1.07030265121918,1.0599640232483714,1.3244873752954593,1.2449157542257698,1.307673610634022,1.334069041643447,1.2354198121820155,1.101062857788019,1.069670226390166,1.08302407292587,1.2268962603082212,1.1264412657989173,1.097647821415505,1.0446825864808122,1.1394455574203193,1.0644452754336882,1.1092398708813236,1.2698671361068916,1.2218432384508766,1.2307796392699064,1.2023940002388185,1.1672701980833429,1.3154154624814525,1.3304766164282096,1.2038302751136092,1.1300662206675183,1.1425464885080476,1.2297037986058792,1.294473073478235,1.091156801608231,1.1175385833104565,1.0802717609601102,1.076663857991056,1.110067658325517,1.0487591090312807,1.0409765634444779,1.0415560080063622,1.1109439645190813,1.2852410756576695,1.321420605673301,1.2998827969926117,1.3516832806413837,1.174427626744041,1.2041106266382182,1.0484036490947335,1.0645609575636643,1.228761346152814,1.3508038933779325,1.3183614763321563,1.3365748962594146,1.4451341259886066,1.3106663917239636,1.3232559254981031,1.1398470303870332,0.9710940864548666,1.1296100437261278,1.348969447312038,1.4126249727442555,1.0378235273562004,1.0840095462496355,1.0243303876432441,1.1048278916234404,1.1359672810505947,1.160005307637429,1.1026059226725085,1.0710564548431871,1.1325207155339538,1.0860802912630072,1.2067714631204864,1.1101012704378819,1.1178805401310008,1.0848083413748268,1.1767332011559608,1.2324899329778178,1.289780589801593,1.2364845455407258,1.2022135328937187,1.4543594727077738,1.4391228022717912,1.095697697771769,1.0724431917910848,1.1269704766691047,1.0834301814664982,1.0667376022492767,1.089481835272507,1.2589831591508092,1.1564796895462413,1.3060819012505451,1.122457264304726,1.151353744080562,1.1298351768891917,1.1304276829605215,1.3285787893068952,1.4177816798347147,1.1021648398775157,1.0622704694846152,1.2384930781489882,1.2245444432895527,1.2540284458184652,1.2975693452709263,1.1546409862504272,1.2468838349746039,1.0839914347859438,1.0749772168798255,1.1215044508036776,1.3323614974715186,1.2421996005721323,1.231910763654735,1.2416222777819987,1.2369375967203158,1.0442014569999185,1.4885751045713722,1.457234329765297,1.3987049607512072,1.1297995775952425,1.0738260103873756,1.1615276083392465,1.0164507777845488,1.0088858911634877,1.1046256275564486,1.066615949575514,1.0853803875339072,1.1106733930359343,1.2044224129591865,1.165009392994229
1998 Q3,1.3482375681889176,1.1450636532032514,1.2031860276015738,1.1232434284393285,1.0960638585927738,1.0975298146235724,1.1400578273088868,1.2363945759100559,1.2207246470835549,1.2355711053458447,1.1936785380488113,1.0040372425778878,1.0434795636443448,1.0762827503881818,1.0521533010423252,1.045371064786577,1.3198871626358155,1.2804687178050056,1.3074130362487335,1.0728979429896455,1.0632032158131979,1.350055587294511,1.2821269991483255,1.3289270685581296,1.3593189853471408,1.2747856273974896,1.1131036077002672,1.058269941071718,1.1075169195099457,1.2525492299776333,1.14799231393032,1.0858391271848695,1.068993903118959,1.1635358886552758,1.0765576255551903,1.1078649467298305,1.3003958319846098,1.2464768468414236,1.2630202043087706,1.2274549796766239,1.201071887756775,1.3448423523254194,1.3694518995569018,1.224165816130599,1.1529933892680044,1.1535506302344398,1.2572277605989703,1.326691990410975,1.101073798854425,1.1388357761605434,1.0772446866977938,1.082972115559588,1.1276976698696766,1.0583063813997593,1.040747873441924,1.0457472889641644,1.1242503596690097,1.3170293980405945,1.3370491476520863,1.3359058751068547,1.3933868077035603,1.2035282321480851,1.2441601424745363,1.0465246931303431,1.0630355073556923,1.2440756470280665,1.3869634427668878,1.34952250946249,1.3666338097737405,1.483480219986724,1.359823151580494,1.3526035374628038,1.1594440891600406,0.9490623692846537,1.1641413760296826,1.3823447687218606,1.4708291350863483,1.0480494512431104,1.0781452126716349,1.0229823032741523,1.1172560443733814,1.1472945802709442,1.177907996003698,1.1427171992441212,1.1020097654438124,1.152438699178693,1.103220357556446,1.227598489445386,1.1279706205396969,1.1259743072834927,1.1030916681826937,1.20883058652967,1.2629169156277196,1.3192431900718935,1.2650985422234664,1.239956166667913,1.469595957369727,1.479092130702612,1.0995590167287146,1.0701326639505,1.1505554830402611,1.0857586224003326,1.0821976386931174,1.1157978445400492,1.2755323794535334,1.1790992461956984,1.3358064879021379,1.115165851037087,1.1402917456993897,1.1475385776932245,1.1451979327533994,1.365560303347572,1.4611434849857663,1.1224851213994753,1.0884381889199375,1.259226949630859,1.2415360772149064,1.2852257267537275,1.3271365050098094,1.192883499302338,1.2715091777034533,1.1012147165949995,1.0846638937928377,1.148383968298735,1.358767528328161,1.2804607097031133,1.2583515277036594,1.2563614509674734,1.239147245491696,1.0745404862410268,1.540448165240953,1.507659181001122,1.4605528747620127,1.1624405124777961,1.09334089773968,1.1723252041737429,1.0130631535144277,1.0183752906333685,1.1032917433318783,1.0741066684587917,1.083069044893109,1.1317923960634635,1.2417653728623874,1.1235003793193141
1998 Q4,1.3709531601788076,1.1684293580904983,1.2212963683214686,1.1229998044384337,1.1044128421307884,1.1129814690887032,1.1598079044529668,1.2555837247693624,1.255907180867128,1.2546154809198489,1.2106830053961017,1.0206025792278752,1.0566847469692535,1.0819651965150798,1.056516249727166,1.0501169043748408,1.3355646463062096,1.2995659599831264,1.3220316935126994,1.0763672268561213,1.0825509252848093,1.3934805368015521,1.2955970733140578,1.3482428498328956,1.4005239882187395,1.2999757661852793,1.12690269885599,1.07793440021507,1.117152768851855,1.2770985302512572,1.1680139030561834,1.120755915262359,1.0898939732184536,1.1766743868673515,1.08893618765894,1.1237682825939712,1.3209254706682492,1.2613623410022143,1.287848896271312,1.2359422218509823,1.2185508995140009,1.373199618409941,1.3926212493883101,1.2440573822983547,1.1823121231501579,1.1725183839810012,1.2743639276770913,1.351053297043893,1.1168317201446527,1.1534644659179027,1.0962725141945056,1.105128809337378,1.1370131590123929,1.052981490922382,1.0516802620507444,1.0549477247321108,1.1488693092000282,1.3369527786499584,1.3839731006541987,1.3788509830516007,1.4256983728572084,1.216229429101105,1.2507716779343991,1.0676113881691232,1.0811522457849276,1.2739798817983554,1.4116208616522725,1.3722643103346042,1.3855822340942883,1.5021261743466494,1.3874275106562326,1.382349533542245,1.182574897104673,0.9566887427486844,1.180546728214266,1.4073771567508415,1.489295101752116,1.0540023650537929,1.1158510558792676,1.0440763179886796,1.125344137011616,1.177927355497165,1.1944122393285763,1.141980322148449,1.0968272428959431,1.1399525226073235,1.1164621202145808,1.2515739994526611,1.1503010363826027,1.1531433177375836,1.1209149861743708,1.2294150250993314,1.2774644611983799,1.3449848742187973,1.288205143572689,1.2603761940645941,1.5045720779942213,1.494788927032402,1.1292296552712815,1.0840056388597081,1.1643003909485046,1.0985518968664405,1.0973174068106375,1.1217631762869238,1.3055794383107842,1.2033901721073395,1.3528400461787184,1.1187540846049715,1.1692627548551142,1.185993575671053,1.1556914630135826,1.3722335243524297,1.449597859941549,1.139739189614368,1.090504179239339,1.28001771590306,1.2638808773601353,1.3177041715087081,1.3524742127337692,1.2104798815171196,1.2974793890566487,1.1121650664900273,1.091397157405528,1.1579302181297177,1.3758061985014691,1.299766340242249,1.28076691077012,1.2908364822644551,1.2836322973458296,1.0490918653133117,1.5427545602571635,1.491427592142207,1.4632923779136964,1.1791255712362538,1.0903155402438942,1.193468739441021,1.0350804507411833,1.0195366178167644,1.1341498095732603,1.0991217329527097,1.0959920629137014,1.1363059526045376,1.2598946701158513,1.1161036084267746
1999 Q1,1.3776353202836429,1.1746994026634883,1.2280222517529802,1.1488400189173085,1.1379834115681327,1.1149784183029652,1.1699505143976514,1.276822110397505,1.250218683579393,1.2771620825615606,1.2126383178763553,1.0235981896347313,1.044402448378132,1.0949780739360635,1.0596760678859127,1.052180282471323,1.3442188752492261,1.3169502041340413,1.3410287611560163,1.093396143754839,1.0773026753242603,1.3976303090196862,1.297936184109489,1.3629712714300866,1.4096365519757204,1.3046220765897396,1.1315698661594378,1.0957973222454727,1.118462545974815,1.2826737048396728,1.1786106099372726,1.1126209366784356,1.0956234047871107,1.1957667216982422,1.115906496549525,1.1469573508025495,1.3461038988349248,1.2706388079334197,1.2999192632688723,1.2544300527867327,1.2303128882813443,1.3753477437970694,1.3996150096900326,1.2616212068449812,1.1728506464139512,1.1883289248905549,1.2838548735158182,1.3767036444900198,1.1215061612443482,1.161094786021794,1.0918780675316604,1.0841646788464059,1.1454777268215264,1.0676470257925648,1.055935408689535,1.0491071714236078,1.1460617976733953,1.3510586035993564,1.399269852656459,1.3569481791843858,1.4163604763794742,1.2293206722629488,1.2764411110124438,1.0381697062707282,1.1128103943593135,1.291537618468327,1.4204321886803852,1.3803966587799976,1.4042198079875963,1.53143436849705,1.398251371504117,1.3854654234438764,1.1912830775077359,0.9449243905831387,1.1901984818003681,1.4281897854681738,1.5011764907805694,1.0437687328240717,1.099994770885218,1.0586371944947066,1.131147517448284,1.168194835104736,1.2059212170749178,1.1467921219243542,1.1124835476896002,1.1588194099085674,1.1200591650005496,1.27022271351382,1.172114653491584,1.167844778835006,1.1462535766244946,1.244451851454768,1.289466895570695,1.3565829834506158,1.3012491224658573,1.2687005968286087,1.515061988226437,1.512701381851384,1.127513612295918,1.0894677658588623,1.188194570438989,1.11271656555693,1.0804508032388576,1.1361612429128236,1.3248732300797101,1.2115403079788052,1.3809964052614483,1.1266567167458772,1.1637179508837086,1.1823161226581098,1.183835720841219,1.3792917658666481,1.4993727885352381,1.1337111296157345,1.106682989001713,1.2901972537488229,1.2621694663204002,1.3330464575708354,1.358636968910063,1.2279806962105135,1.3055316925947351,1.1169073391605024,1.1045603259263879,1.1362002905085269,1.3978897410085702,1.3242837453298286,1.2976084597770987,1.315060604411014,1.2845071698562616,1.0662618170504095,1.5656578816279956,1.5196697640890253,1.458138308648047,1.1944466666669482,1.111096152909692,1.2080200354048307,1.0303038206069135,1.0206090987384075,1.1458291133460101,1.0907041981534729,1.116181160215121,1.1447477647386468,1.2803982768588993,1.1403475539941137
1999 Q2,1.4244850960132465,1.2128385943459281,1.2637814593968468,1.1572264774535423,1.137757674584651,1.1167441152829878,1.1912843561006483,1.3120193911036664,1.2965793783170005,1.3074896552861464,1.2578214425430412,1.021767885415621,1.0778766563732676,1.1075464579939798,1.0758185854927953,1.0590900597464568,1.3929518705216917,1.3605870881695665,1.3875594897611847,1.1132348268277794,1.0981327828273446,1.4543938916241916,1.342288298624914,1.4041994562039677,1.4618821873886936,1.371672385458491,1.1505333929952213,1.1072774812646813,1.1457402223389905,1.3269753828025632,1.201420917367765,1.1176701299624674,1.0929869740676992,1.2348915192064216,1.1152045913175173,1.1693558886799795,1.3674508538769847,1.3067226305953745,1.3492349194713438,1.2791302547664807,1.2740675020346353,1.4434040807010018,1.44615229153311,1.2805246247089082,1.2068478839852752,1.2244229348753148,1.3228064689737968,1.415282941475785,1.1418090705130923,1.1875498881652193,1.1075047671112905,1.0946504466398297,1.1669931391528867,1.072579442133549,1.0629154558962284,1.0655748289809812,1.1726554380678589,1.390744442137707,1.4730925281356393,1.4323262177086593,1.470485605196212,1.2614425073562634,1.2952548547967315,1.08398398404415,1.1077794978890956,1.3214760048594492,1.4728672006612187,1.4234538697919805,1.4517570796849295,1.5597738256238753,1.4529056639804465,1.434368097017265,1.2309919873102682,0.9713486746072238,1.2159372072361065,1.4759947521652426,1.5550068509817154,1.0857493532473257,1.1388864231578397,1.0654323404228088,1.152424828809274,1.1473022273387772,1.2429127495371077,1.1844565401986775,1.1250928387039445,1.2086128124860878,1.1492182475052353,1.3191535114277138,1.2027516375292975,1.1998258134221857,1.157527006304868,1.2909817801714585,1.3223242451217774,1.4057594067938723,1.3419982708961884,1.3284367035752447,1.5878766731636205,1.5711812926511899,1.157594452907288,1.1201711971216282,1.204072502621371,1.1334083173599707,1.110726151577442,1.1644035977510567,1.3545058178352671,1.24573316013239,1.4208014189458176,1.1481238248438277,1.195355233748624,1.2191876302877271,1.1956218911705678,1.4511994226594747,1.5678759441772143,1.178359190834554,1.1140172410265006,1.3287050590357328,1.2973053848455984,1.3686805681811092,1.4055776692515431,1.2397604441178294,1.3429595785385373,1.143667505376348,1.1287858965215873,1.1554745554196701,1.4501510217020626,1.3486260913549895,1.3469734473263961,1.333045949430882,1.3265801703630253,1.0839412595844533,1.6381455120968555,1.5591114350417383,1.5195928248478796,1.216682192163941,1.1234857363188342,1.2402381159155622,1.0273070780698534,1.030483076567241,1.1595449850053883,1.1065996884319553,1.1190053717935773,1.1779813645093344,1.3232368581653684,1.211922954288153
1999 Q3,1.488001404159086,1.2320950085254634,1.3119640781215776,1.1737679291063192,1.1458978200256844,1.1547499108108312,1.210324680450478,1.341656754454308,1.3455664359958828,1.3610949438484694,1.3094387765413378,1.0436414034474648,1.0627737262565367,1.1353560258674047,1.0863934758462597,1.0733871758468452,1.4513100022404077,1.4164979647286196,1.4388810664441112,1.1241432571010737,1.1081463306065116,1.5409954557550887,1.3896840826258927,1.4564758122330244,1.5291559389670955,1.4495461673008148,1.1818475231150642,1.125426210459861,1.1614248421473345,1.3584743350703914,1.2372568846921754,1.1492487732723198,1.1008025123164353,1.262463694962854,1.1406919716247887,1.17568491435881,1.4287245810368892,1.351193866707086,1.391075351054917,1.326043632800066,1.3189626381635269,1.5117847405777112,1.5084308146975658,1.335294315660758,1.2407959591618398,1.2566443645888035,1.368575315347287,1.4693913732143133,1.183069305021615,1.2104333439869661,1.1284548434886361,1.1208625934921894,1.1952150919524527,1.0958743997975926,1.073587238951632,1.0680463282900696,1.2049721689915633,1.4598206186885203,1.5587163279277738,1.474044863591231,1.5649866758837447,1.304421443804159,1.3391238396485527,1.108943615285388,1.1215863097505778,1.3726074547332856,1.54483045538228,1.4972510105627415,1.5271833955961946,1.6721877800093368,1.516942899743538,1.4950858837496102,1.2841638951108452,0.960881252572591,1.258913299470175,1.5561123603811282,1.6240448004173564,1.0963843053852464,1.1593044765816807,1.0822207979449339,1.1754773706071922,1.2124479484519348,1.2667147978248747,1.2064396368484964,1.1673004869786068,1.2097543441816785,1.172329245879407,1.369239240690476,1.2221759858909373,1.2250480148670937,1.1884826681691711,1.3166270588800102,1.381412371436214,1.462706473505621,1.3929036780262303,1.3532882078096864,1.6848117258986774,1.6227576606292389,1.1678161910674387,1.1301344830293407,1.2346966435074271,1.1382392455721084,1.1293502214588789,1.1699314440827546,1.3967801256806645,1.273944973596963,1.4912889771816742,1.1676775179437697,1.2162770602801,1.2517854743339636,1.2330002794971031,1.5120314564216668,1.6605655061321285,1.2136961425718222,1.1527609224578095,1.3658373156259698,1.3509081095240811,1.4150941036794766,1.4846145692212722,1.2574447149632637,1.3995444257882252,1.1677694660052877,1.1467025008332576,1.1813313636941878,1.5511651757516083,1.4090039382747053,1.4087318690563686,1.3930269927662904,1.35683167035634,1.087633366129036,1.7602301228399175,1.71078359494848,1.626483960197707,1.262205386163019,1.1587928660618565,1.2590100122257806,1.046803072635216,1.0434528884805214,1.203584044760525,1.107574138550808,1.146547528655374,1.1992966409520776,1.395302601865169,1.2081691112991229
1999 Q4,1.5700838952569518,1.2837310944924334,1.3539701619168063,1.2163221014240901,1.1588189039577506,1.1793020753970727,1.247103771196749,1.393021370018212,1.384527368350009,1.4359909192536788,1.373347950702584,1.0536342964699683,1.0770254793594845,1.154613313836328,1.1111892197892235,1.093615750911416,1.5339514609521219,1.4957229036122404,1.517685511399299,1.1379366193994096,1.1307211830484292,1.6687144615755385,1.465424787234805,1.5349613066951504,1.6136047711251709,1.5228894950353402,1.1987535163190999,1.1440838767039556,1.175252540361418,1.4272196098418022,1.292919348448313,1.1564037977953565,1.1263158723136157,1.2980293182835327,1.175975161770169,1.2070085011443474,1.4916207256501681,1.4035585199396348,1.4708670939560697,1.3915983985728186,1.3723989266615582,1.591175223138757,1.6077991042135646,1.399625741465075,1.2823246291363553,1.2917924201171405,1.428404039492316,1.5451885323550765,1.2100069770256887,1.228598538895153,1.1407511028114026,1.1438327040340779,1.2292751579346703,1.1156584653640909,1.0951413433791235,1.0825783098755348,1.224613086223709,1.5473368690968812,1.6474657759128506,1.5803452157507876,1.6486402952755532,1.37012260837028,1.3944450470892058,1.1193535079552999,1.1487748775965836,1.4364552015366203,1.635996036079593,1.5802297677670023,1.6226797082366442,1.7748870528088398,1.6188688842695205,1.5683551200413786,1.3212633272486138,0.9771363407990363,1.3252781701466372,1.66317107903954,1.7407831993066623,1.114982673831946,1.1828350250478399,1.0959679182686664,1.1835657544797697,1.2316740470761385,1.3032820198687145,1.2057212307799996,1.179591056996949,1.239691623560971,1.2008861549150396,1.432112362729111,1.2521992588269026,1.2674986447498482,1.2227823768652726,1.379394553691324,1.4520838197419306,1.5384860544693737,1.4553178840889827,1.4332091298875038,1.766022433031725,1.7673669224685435,1.1905070306641525,1.144401866932108,1.267198948509798,1.1684416113020315,1.1494618890660213,1.2086969776453484,1.465148762203684,1.3209640315138682,1.5693670668521613,1.1865005192086808,1.2698218163893973,1.2979133287840496,1.2855659101824992,1.586296467173435,1.7850081450205044,1.2381585389413488,1.1786012733404418,1.4415237935715999,1.4216223503156256,1.486208671084144,1.5701500072006402,1.33268711533394,1.4396615413417118,1.2029052494853512,1.1644938822146662,1.1937703298814863,1.6559960322218679,1.473362950593222,1.4789456616128984,1.4580462600394872,1.4083901124649765,1.1013505692206425,1.909485954494208,1.8180935038075436,1.708112229746556,1.2894642010844566,1.1797124546906317,1.2997927020460929,1.0621197002033098,1.0435374355738427,1.2354845270374872,1.1353064932814065,1.1869415136585153,1.2443518552845498,1.4975762305965077,1.2407279076153872
2000 Q1,1.6376893179781407,1.3004145360904973,1.3991927452429906,1.212745908613677,1.1786787694191467,1.2116174707343244,1.2835287906208988,1.430565411318341,1.4293698062547855,1.4922560825196636,1.4225331161226145,1.0612386876426825,1.1034550766012843,1.1498455605501101,1.1155781032201966,1.1144668589437638,1.5838289162696149,1.5446563956859596,1.5933366948959307,1.1550014039108443,1.1481269830152612,1.7724197552904917,1.5227951672581153,1.5958453864224176,1.6994695232375547,1.5627387995944628,1.2033057770517153,1.1551014219769864,1.1875108770403624,1.4821773805516887,1.333608613341114,1.1687713465109846,1.1441595076400146,1.3392073511185036,1.1887899786545548,1.2369774428890459,1.5527362322912555,1.455835888096263,1.526004718146213,1.436449453655369,1.4368097771915256,1.6942825338242198,1.6657225022376096,1.4725437141858668,1.296110262912654,1.3193321748098912,1.4894014975791152,1.6018471079632068,1.2341253958706273,1.2585129038791154,1.1566313737930571,1.145605672609233,1.2611251079618322,1.1217682512305664,1.0975858750159218,1.0853848027497994,1.2531632154423997,1.6118441632103204,1.752735643873948,1.6591746726496779,1.7254750631619151,1.4154301994099336,1.4311375388310905,1.1231988528613392,1.15688302655045,1.492585027460126,1.7063795631071599,1.649577683115415,1.699381888681413,1.8986332275686992,1.6792184757137376,1.6366050315217433,1.3606146749521641,0.9795480870785999,1.3727167747780875,1.737296895185965,1.8058904918705347,1.144536268047482,1.2004580777544331,1.1285260160107684,1.2276662267891931,1.2784643143602683,1.346985052066025,1.258164426512192,1.1866431232759045,1.2465255159111042,1.224654924596008,1.500230905005578,1.3216940769025785,1.3078317396344288,1.2391918080815536,1.4306297575924298,1.5089520460458803,1.6008552022516114,1.5310418731977868,1.4754384035600219,1.838114195461234,1.8602280309949935,1.1999860618899503,1.1484930977307932,1.299986674813632,1.1798707226744816,1.1541896200360253,1.231480062868132,1.5213260154155412,1.3564571742473308,1.6413839647157358,1.2114858711435872,1.268280468613287,1.3481154983789585,1.345121946973968,1.6090093596429984,1.822910090039937,1.2736301693319703,1.2113497654453889,1.4974012023624907,1.4622697561526312,1.5405465132170097,1.6366964166123616,1.394299969029839,1.5143875726389673,1.2118638175323142,1.1728640935922119,1.216691030796169,1.7507376498789595,1.5214551635268787,1.5359797028018427,1.5451369302945794,1.4845663916847096,1.1052282311934736,1.9822695900328113,1.9295074363282159,1.7737150508268023,1.3447224410837464,1.208954390673822,1.3590935379508513,1.062983070796233,1.0691826147540828,1.2706826369460067,1.1247887927744018,1.2085166118565656,1.3042364152195434,1.5688721998986996,1.2946718664000954
2000 Q2,1.718503186936452,1.353860272598708,1.45570480073619,1.2682873810848012,1.2075634518204221,1.2495913589851158,1.2988403869592398,1.4822667636057143,1.4986723540670692,1.5706068861115696,1.4821676288198147,1.0927965399630422,1.1107894814530144,1.1849651869522435,1.1393419957249027,1.1348171475904796,1.679371972612812,1.617875997478701,1.6721021495897523,1.1798850280824618,1.1607591938842763,1.8695323623714963,1.609592406879822,1.687082228874722,1.7978666379545074,1.6624275574488636,1.2300411483878775,1.178691239261915,1.2025022927278657,1.558488299402423,1.3524287273222364,1.1913346991792015,1.1664950298165313,1.3679462608975324,1.2463460986014785,1.2694557867587035,1.6199809503540443,1.5498677262059561,1.5860600545060608,1.5154691366627184,1.5033084515507389,1.7790437999484294,1.766269606188226,1.5207713461186882,1.356680223164046,1.3753890906481974,1.565451546237062,1.6943702514991392,1.2454856869817819,1.3067863904886898,1.17161873824624,1.1584470642273905,1.2920192279452034,1.1390012451105185,1.1312925777219769,1.1095664234030471,1.2959661365733646,1.711566496362557,1.8347506883939029,1.7496115468674334,1.8202100142325486,1.4875268422768342,1.4885634254043285,1.1493956119160145,1.184051111820253,1.5634675917396503,1.7921205957768707,1.7415360743121133,1.8042122124353375,2.0060388372445628,1.7713330931622588,1.7245054300660176,1.4298003400410457,1.001237445075931,1.4345171642359744,1.8541412723097725,1.9404967470623957,1.166655035972282,1.2232719725039252,1.1650261509785957,1.2376278097292663,1.295198063345322,1.3800579501616836,1.2808032132148022,1.225614997931839,1.2827317291551414,1.2592943659145328,1.5793724818842847,1.3077941829300048,1.3308512926768181,1.284545906957039,1.5117046382667423,1.5818627292419454,1.6767210831909711,1.5826454871316116,1.556681486400128,1.9549346340324247,1.8970286145786888,1.2303536785103562,1.1668006888468443,1.345014724382772,1.2055875108478857,1.1937502930091335,1.2477379743049208,1.5947027248023622,1.404412040003388,1.7183911821031588,1.2338873250290332,1.321105679456576,1.3952003090087934,1.4215238651932918,1.7234765345942888,1.9305981838472883,1.3251489186706316,1.2849981613616266,1.5842754566603723,1.5336560053348818,1.6425729071635313,1.7211330000831984,1.4760682077960583,1.6022279368546972,1.2559878604065438,1.2202901523830216,1.2428858444021669,1.831964141638794,1.6044305585104397,1.61636784374972,1.6378086097629694,1.559373925243674,1.1093306993404817,2.116310058307942,2.0594673480387167,1.877138514980107,1.3812393669143321,1.2419132645888857,1.4323671610919968,1.0640935175947681,1.071505360480439,1.3147161443437343,1.163135408426594,1.2521041219871873,1.3637739519584757,1.664320615462155,1.2835408815908786
2000 Q3,1.777941929123769,1.3886165968719772,1.4936094343984505,1.299271099083244,1.2319272775448875,1.2640242733686018,1.3384558253634065,1.5186263534346802,1.531565307187941,1.6186085489199145,1.535600718355417,1.0992526106752425,1.1254346026317035,1.2142707069861844,1.16605872862026,1.1537179059081326,1.718940372203077,1.6743352034116281,1.7323041022293455,1.2134393996271184,1.1845762009235326,1.966145984509198,1.6660641883054275,1.7515352385899594,1.8493085413276409,1.7019512139217379,1.2797679284569794,1.2102439810620569,1.2351391597134767,1.6154465030356804,1.3993711099021438,1.2127543837349173,1.1780221057925093,1.394179786275915,1.2590881095871695,1.310953274132528,1.6965773995748088,1.6001290888576654,1.6459164902911472,1.578443453804091,1.547800684540635,1.8336398851202904,1.8068814593316258,1.5834382905006292,1.410472409836921,1.4054260479683702,1.6167753296114138,1.7633571691872187,1.2997782955599295,1.3339794792597424,1.1815188418135807,1.1695713914468564,1.3363545718142051,1.150854133026783,1.1551195986425158,1.121029015238664,1.3285941774075776,1.7800657696867586,1.9124675004663787,1.8147603405729882,1.8692025443565463,1.5325014440643039,1.5725174937070405,1.1376043774193507,1.1868068305913893,1.6114762526478965,1.8359532572956605,1.79356705907674,1.849596670217811,2.010386457912154,1.8144949281065992,1.7801055564977715,1.4650069546005924,1.0046906923215095,1.5020622591434964,1.8899745932624628,1.9648256697623898,1.1538450713715527,1.2532621548638105,1.1707596270787453,1.269705826351066,1.3121755529851151,1.4362576853750004,1.3319895542497158,1.2592916220848982,1.3149700464746978,1.308610908641547,1.636222796917547,1.3599773378166025,1.3684141782383925,1.3256280565525391,1.5606735295664753,1.6342370779119613,1.7332582919390211,1.6606035757532356,1.5916481832885516,2.0153497170183075,1.993436958048004,1.2511429540712338,1.1844850806083522,1.3828392319904723,1.2277581640000685,1.224875624646896,1.2940938139205327,1.6482339488855822,1.4660859897903407,1.7844014069166299,1.2307298027826328,1.3465959147497824,1.4598850632588687,1.4785314261696407,1.7704418258797694,1.9344343258789924,1.3763580842782277,1.3068507576385548,1.6444028775652206,1.5914268752070018,1.7041645330196302,1.757052655861012,1.5157107320376513,1.6448733243109661,1.2918810001329526,1.2282501696299724,1.273742875683587,1.9148603384642437,1.6819273872919438,1.673192101514689,1.6936446388533097,1.5946076527583253,1.1353455271026498,2.1411412239143304,2.098025517734534,1.9177214794650557,1.424264477584804,1.2580920343475555,1.462346672817438,1.0855942721446075,1.1006197635497983,1.3400604242769123,1.2019093526801596,1.264881025039167,1.410067130681018,1.7040221669846414,1.3202760214185492
2000 Q4,1.8021387806188442,1.4123187417400718,1.5315877936616535,1.3343850484155055,1.2590076116309596,1.2909574826292176,1.3809326204222883,1.5571206175561776,1.56027718452165,1.6536019354600473,1.5594788568897562,1.1231152676004177,1.1178710318253533,1.238914563738988,1.174135720853115,1.1587673523777409,1.7439437456110913,1.7106094418520226,1.7554551884324399,1.2230957148595476,1.2134077771075773,1.9760003591801805,1.6833669958680717,1.779974761604274,1.8570909280901213,1.6996459509356798,1.304150462351406,1.2090669876578273,1.2518090661609451,1.6458810165867008,1.4216557230545204,1.2138646731757075,1.1922351862715852,1.4484994179984738,1.2837555862067935,1.3153778535839218,1.7214267681955124,1.6290633803482188,1.688470141541657,1.6006825086066223,1.5715978811572893,1.9020666452724344,1.8200131170773663,1.6080331269521435,1.431950033691166,1.4362044386528396,1.6526395974933539,1.7850395922918347,1.323445261753714,1.3717822502406418,1.1952906887066457,1.2027991991694957,1.3667336795884932,1.1661258778944263,1.179463256597329,1.125527761151412,1.3631818932378743,1.8156416164016937,1.9596169415607965,1.8197866995657426,1.8973430882995657,1.5666084014680113,1.5790999548283688,1.176897606146969,1.2437508245038527,1.6406127638254044,1.8589426319447913,1.8026417370680996,1.8583456939958625,2.090863171888253,1.8352327604681504,1.7877256145831861,1.5087766032595467,1.0008693707311953,1.5538033067436219,1.8942630959101625,1.9486135794178125,1.2157517397427051,1.284691636095261,1.2074401439166051,1.2811520737057156,1.3634898164546438,1.4659341706644267,1.3324057329902261,1.2719644434141195,1.340574782207991,1.330251232814501,1.6656733467543836,1.4027158126231456,1.3899458956444477,1.3505050059311245,1.58381337887308,1.657404056477818,1.748531134955798,1.696498930665791,1.6413731415180493,2.0123606270272587,1.98637910652648,1.2761423853351241,1.1969252567258777,1.4296802485150406,1.2365347257051713,1.2536200626161809,1.313718555408848,1.671465381227561,1.5022907877021083,1.7952737149747073,1.2604393919911456,1.3744954608811222,1.480712481224254,1.4902678609819286,1.7420253631959703,1.986773799023511,1.4016055355865118,1.3352351752587797,1.6861949471811652,1.6212004354139617,1.7504582578476353,1.7912546898089061,1.574716896840519,1.687110618656022,1.3139506612768765,1.2571232938721713,1.2945537394317965,1.9306646301238437,1.697816513553624,1.687405543793335,1.705941024434023,1.6204400519514621,1.1387198423973093,2.1133088352767975,2.082705096448971,1.9238165631722552,1.4606180887877929,1.302408884706009,1.4922124787229674,1.1006291684824288,1.0939668631145871,1.3646658311507747,1.2046248668455788,1.2983880927777876,1.4576475574882661,1.718438568858438,1.3373626364218143
2001 Q1,1.81404145150221,1.4417277222919558,1.5519890210836915,1.359823087969457,1.2752179307585034,1.331400225355881,1.3905576476790156,1.5730734486539628,1.5842405505380353,1.6666185530946709,1.5737119975757423,1.1153356586205638,1.1427092776589873,1.2649742424509678,1.1875170911136326,1.1607985510535637,1.745417060661846,1.747120006267003,1.7839420861469912,1.2225968938505618,1.205186835228796,1.975138038888707,1.717075016297406,1.797294109339314,1.8750919408256657,1.7566389272692415,1.3030444481439103,1.2134321513526272,1.2610969147271016,1.6711226745450727,1.4397895957122584,1.2163323554450647,1.1647186659753888,1.4741780987341448,1.3025744987941157,1.342634045180751,1.7505333686056983,1.6580739389723476,1.7034693693462275,1.612451968057201,1.597954845168236,1.8935520392163268,1.844204548925892,1.6280578213480472,1.4741055703799295,1.459597045559272,1.6721877330776158,1.8236038510536272,1.3550915537991592,1.3877709567505356,1.1990296002140317,1.2206500883340992,1.3767048386315461,1.1599681991719117,1.181519470526685,1.1331653050084183,1.387210999133228,1.8323604774111724,1.9892882828998977,1.8198288736335724,1.9100933379281204,1.6016182344546275,1.590687433040008,1.1864386650071068,1.2322106983049852,1.6634442074174574,1.8785054932744902,1.8159142618647197,1.87885817329895,2.066043609789581,1.8716490789374534,1.8052114516329245,1.5080940660090396,1.0140653614749782,1.5348755063975552,1.926486890267886,1.9894763842913614,1.2218334721334145,1.3114397408659098,1.2070347904839842,1.3007266024559752,1.3525287287168086,1.490353107489804,1.3675465928160742,1.275845661303509,1.355563532590262,1.3545688548710821,1.6841943197211033,1.3957098170980113,1.4287118986258103,1.3787500381095692,1.621197514929129,1.668952699602795,1.7749150843955155,1.7098249545351814,1.6427813377717104,2.0672695721583376,2.031129484755369,1.2981272600303218,1.2242230976021693,1.429531281879267,1.2397548545738988,1.2603381850660005,1.324004843166074,1.6916842057170216,1.5277114024394298,1.8154510233887495,1.259234581305873,1.37464311666271,1.528238161233613,1.511422526175353,1.7859510828883909,1.9977354823778177,1.4091660844955123,1.3621483621975212,1.7158458823818918,1.642298283231764,1.7658613338309057,1.82337196637123,1.5928505077273025,1.696815548440673,1.299121358735272,1.2551753868885784,1.3238477993512852,1.9697901892355898,1.712054894106791,1.7236141997815777,1.7332113124306752,1.6453986782417103,1.1293565844283275,2.1741630077622975,2.162400776142238,1.9597732898679867,1.4728089359895744,1.3215747813739498,1.540662396992199,1.1149399412950696,1.1072065794752433,1.402565373914974,1.1953700448160185,1.3064678893176978,1.5004230465183528,1.7262732766543887,1.3913570587555046
2001 Q2,1.877030489204665,1.499274347581283,1.6033292493838969,1.4020514887717073,1.3266033707200342,1.344562751999083,1.4312999945059526,1.6245284471592327,1.6306290232509975,1.7325443297078098,1.6288067408474016,1.1502502392200273,1.1463178190374588,1.2830650539064716,1.2023414785363378,1.1985783797591025,1.827616869980968,1.787884780759072,1.8436725414068824,1.2661978479204963,1.2567542220749253,2.120705406351639,1.767219738483419,1.869352083131241,1.9347127663307833,1.8196428363044606,1.3453560738304415,1.25815407360292,1.3018463867157315,1.7308983921682894,1.5036032262300016,1.2409962030138126,1.2257296452009878,1.5183302749265444,1.3453504754134946,1.3825256298892792,1.8071728279076351,1.732476280995081,1.7476190670076206,1.6929595886445354,1.65721993435461,1.9489727255310907,1.9208903724525392,1.6967777372998682,1.5287662393266612,1.5064248756906766,1.7368442853719477,1.8858483334121927,1.3962539225414112,1.439705480443636,1.2158417158835522,1.2537138694234802,1.4335406028929385,1.215795496963405,1.209237618380694,1.1708704862102093,1.4463378531404745,1.9154247869381982,2.0749013379344294,1.9282691656732973,1.9631871598312245,1.6671733759984202,1.6714568247605148,1.1990360497871075,1.2657752927000074,1.7251308197662703,1.9490975035060634,1.882563191477424,1.9477442337426811,2.165599900436087,1.9346484338273129,1.8769459450806214,1.560785932370424,1.029116760414114,1.6083684647174294,1.983800749340544,2.0401484468358073,1.2671880630298997,1.3258759322743219,1.2345706015198266,1.3590870881915493,1.4176160415214165,1.5404469759403099,1.417746037501299,1.312407155057098,1.3683376587495566,1.3941824635240283,1.7490214338112582,1.4560343097946078,1.4515208769024228,1.407143408586072,1.6796552962502946,1.7130670509591022,1.8254411566252786,1.7584919459019346,1.7109083385875727,2.1333469032698855,2.081171681891266,1.318224556484617,1.2611056390100213,1.5076995282679833,1.2778928834324055,1.2792813481029488,1.3890912908223927,1.759376109766187,1.5631005528169089,1.8762157728549487,1.2969177067635784,1.432207702226545,1.5855344004701368,1.590140005188627,1.8743425278592474,2.0994251065311627,1.4982363794658866,1.444105121178004,1.7771000948321183,1.6954377291749751,1.8550843084899589,1.882130048404817,1.643929858138403,1.788272075128698,1.377855447476242,1.2732308035909115,1.3413633919645798,2.0519277252564128,1.7690561339092237,1.777602501570974,1.8026230374318715,1.7072493778101832,1.1760010850644629,2.2527655841271814,2.2564763468757048,2.0362277329324208,1.5290387487478043,1.363756063739018,1.6050836378309012,1.1261624363542801,1.1326229740912213,1.4275868090201003,1.2425697500400468,1.3787229706946111,1.5485306473762963,1.7932804923750911,1.3740600658887479
2001 Q3,1.941705376741932,1.5526764454751243,1.658503159318124,1.44306326235048,1.3719836860520371,1.3650127653587185,1.4684831899229864,1.6721021431414227,1.6726051772652473,1.7900924833704528,1.695400547406734,1.1514161572791621,1.1538705824004452,1.3168551917023237,1.2525596141726234,1.2369843958104,1.892412193312513,1.857317099864133,1.9146349323781715,1.2951693389544603,1.2765186247028262,2.246135325441794,1.8458096796142471,1.9442889817067264,2.001268909261582,1.9167167627474166,1.3738343806910807,1.269471392478369,1.3189302662051643,1.8117281453713179,1.5438562232169186,1.2805715783525344,1.251117301135976,1.551362242387398,1.3806624748788512,1.4329958539336332,1.8817535944681338,1.8027120412536837,1.8088205535010862,1.7647649657414872,1.7305279873640331,2.041270553779563,1.9661964239012633,1.7503779601703315,1.5614400625123452,1.542905193585317,1.8036693910135413,1.9725022385819317,1.4394410880589925,1.4949935959727811,1.2561799184490199,1.2972997760993468,1.4845579703343896,1.2266287107497302,1.2521151911006327,1.1821493199553121,1.4927656386317774,2.00123823781834,2.1642013030017764,2.0024744148752256,2.072373358224759,1.765508620651304,1.7391734764901388,1.2245967051181994,1.294238982812403,1.7969636177487165,2.005148397293696,1.944868246625178,2.012887126391101,2.242192009335438,2.0028692998016453,1.9259699995239457,1.606492930934646,1.034194525156157,1.7106756283152438,2.0587475777256135,2.1384593806515166,1.2823740465006834,1.3955272793772866,1.2582634489760511,1.361392735838052,1.4752303230232138,1.5905556113911739,1.4849132028160268,1.3719233092168164,1.4162225434322002,1.4443933261783148,1.777870191388145,1.4778706092472047,1.5313117633328484,1.4519714607778014,1.7326251578740568,1.7678944637095058,1.9018176763909502,1.8385575171288184,1.7506133792846532,2.1982344820405895,2.192914552868856,1.3715708154421633,1.279443827917187,1.5521678546242568,1.3206277480405455,1.3077091310888798,1.4567528054426537,1.7997582802560423,1.6257224657293294,1.959443385801692,1.3411769656323838,1.469716242947872,1.6595252054164005,1.6734394775845205,1.9642429609723753,2.169550901519423,1.5579149600703937,1.5204114222626777,1.8383978609071592,1.7904495371050846,1.9409155551782016,1.9405937901225978,1.7010922722755575,1.876692958309861,1.4263920188990737,1.3117601429966024,1.3850704773762674,2.1232534600359156,1.8237481062451968,1.8323405463977447,1.8881414452447856,1.8035026133020207,1.1879025657301385,2.3219912635397244,2.308970995601026,2.1042979730663305,1.5844699386610657,1.4003182154321892,1.673922080133581,1.144440415544678,1.1498437425963408,1.4760169145249369,1.2762477629901203,1.3920782021732905,1.6385080541269255,1.873363953485471,1.4144299886118037
2001 Q4,2.0066825853110393,1.604795043994344,1.698615703286489,1.4985692931170531,1.3921546721207856,1.441236598045226,1.5155580467453973,1.726055827054088,1.7147176583811063,1.852699134114611,1.7540080322632363,1.173384235515932,1.188135823632108,1.3610959696969718,1.281413160839057,1.2508662419541126,1.9861600989680979,1.9192824719885293,1.9731751872682206,1.333225595696073,1.3307874529564667,2.313457687937353,1.9087469379657902,2.007530415043833,2.0692961995341648,1.958642960034419,1.4001434237345374,1.2984905970156269,1.3724105961638258,1.870921219796963,1.5927392349967906,1.2899002927010503,1.2721207050815007,1.6038764386761948,1.4089308423675995,1.4693087503067213,1.95451125216773,1.864530118257057,1.8930953434288278,1.8299448745852378,1.8058192299619886,2.11529326019107,2.0376875334321847,1.8293656987766764,1.6115022176869351,1.5968143304661686,1.8782636326526625,2.0348982568633627,1.5006006670100362,1.5454219765612551,1.277939180316987,1.2951276793262236,1.5438941064810654,1.2618179324556769,1.3170338392261005,1.231745847828569,1.5455020924277878,2.0874297910103157,2.2817113171719328,2.080397693578211,2.1518977050502612,1.8204659358435986,1.8247918584372929,1.2516944929875327,1.3243146760764888,1.8495791631794496,2.063201891509667,2.001362936737871,2.082064790958753,2.3124578842820758,2.0739459781228344,1.9875539562344624,1.6532681782412368,1.0802689473990492,1.7833791177096052,2.137037450642974,2.18567088667052,1.3129351334721864,1.4642097637049531,1.2984231707405698,1.4129921526356493,1.488425052829754,1.6569401251612454,1.5610715561008142,1.3969995229138654,1.4637699443883134,1.4930902409761844,1.8558064468196585,1.5115971667404156,1.5520778415734904,1.4917533885571572,1.7903820078200543,1.83147231594882,1.9565505843755302,1.8968908812263763,1.799018261631935,2.248668010668514,2.2351846551076964,1.4110670835997552,1.3400424031888998,1.623219113656016,1.3593422838674878,1.3485762809168582,1.5200035188442016,1.862919787432639,1.6982198604454233,2.0096092988176766,1.3521799186327301,1.5093456531019556,1.719248274442854,1.7641818747015603,1.9758775934404833,2.233615228742917,1.625725745542807,1.5802715731998753,1.9197071010863114,1.8444695347523397,1.981710901455029,2.01934406530952,1.8246697339540823,1.9399384674361184,1.4632886944338355,1.3252773140528598,1.4320712777143092,2.208200857657047,1.8880139545519057,1.8818842396903306,1.960180967870428,1.863547248997923,1.2211503661146705,2.3861061009836093,2.349990011625024,2.117917483262933,1.641976952921692,1.4633899198606468,1.7135740321601716,1.1740325755775147,1.1573496725583998,1.548459458208874,1.3227348051109575,1.4646453338924346,1.7359401825319343,1.934927992164193,1.4372695206244623
2002 Q1,2.044173451912482,1.6308370519015238,1.7403376925454936,1.5460546855995003,1.4504045612207828,1.4763451426993863,1.5426826751941571,1.7643483931141288,1.7635302342168109,1.9126636205327212,1.806398700175842,1.1974747202570066,1.1954964948538425,1.3869772838544172,1.2990899842299772,1.2691864230017669,2.034217143090027,1.9827494874691225,2.0160501173739864,1.374203009161782,1.3434594976160972,2.347077062528208,1.9396902285269655,2.0449656760710253,2.1069947931190476,2.037404597123961,1.462953264858413,1.3287531775899493,1.3996675415831727,1.9254032343630865,1.6572481776686896,1.3036431848311736,1.2959155758844747,1.640967386578544,1.447896859263712,1.5175364985478974,2.030848055817257,1.9024954307084687,1.9131340525845582,1.8877925505589177,1.844367844536516,2.1674869310593583,2.0596896593445444,1.8758446620772875,1.637016604596545,1.6351379789543938,1.9082625797693535,2.0928252946452495,1.558833569570076,1.5735641411307326,1.2924255894617138,1.3281054073222305,1.5858230285238966,1.303876544366659,1.3592866947616444,1.2372929088588154,1.5974052294853085,2.1404989226802997,2.345837125114844,2.128335313002707,2.1927122399707826,1.884567237046915,1.8929442806981516,1.2981083646013571,1.3777454851117503,1.8971284064998442,2.1055685207079176,2.037220390263934,2.115192523137145,2.3918223820553832,2.1270343561491383,2.026119186095976,1.685349213874068,1.1016107448774086,1.8393547952284257,2.1663291543342735,2.208725860155135,1.3549167406840812,1.4787647558517412,1.3259326633642365,1.4389924177839883,1.5249938004149444,1.704859452764108,1.5947224196084517,1.4761829898060375,1.5263026258537868,1.5331629670677847,1.9100728042014812,1.5510925075215038,1.5959245854201944,1.5174594762090876,1.843892097615762,1.8738591269026086,1.9915987025018342,1.9693291298486835,1.8817296245781647,2.297712255626032,2.2729928261364236,1.453598761935126,1.3595736105254497,1.6662957881761529,1.413347318359102,1.405810890558086,1.592588447615864,1.9199768284695542,1.7223628675257432,2.0537586519204507,1.3750015833024274,1.5485067045409981,1.7818206943981194,1.7932174415322577,2.017010030386188,2.239590152868265,1.6853054927819753,1.637588841880626,1.9795671602610885,1.9105410434064367,2.0802605451661087,2.0549512925964,1.8763683030761138,2.0070632849267076,1.4947691001525907,1.3333239368332348,1.4378629912274958,2.239792268147783,1.9431328510549655,1.9243120931232143,2.011274693922108,1.9032460022782636,1.221645101375693,2.3959579279931384,2.3654552911283515,2.1229134966904484,1.6674108606882498,1.510559376002263,1.78390232693014,1.1983815075414983,1.2111605243349235,1.595141405455277,1.3596754796623112,1.482423890161231,1.7638042505595444,1.9593635647946355,1.4605086707344306
2002 Q2,2.1469242923679,1.7263163040073735,1.8265074781346562,1.637989598252235,1.5306007396350751,1.5717670216791806,1.6283550853332374,1.862574863209386,1.8390101171635889,2.018131980576409,1.9186484541614888,1.2399771240747386,1.2401750183450728,1.4655405403662078,1.3679002274703034,1.3232836913038926,2.147794617105001,2.082125338534961,2.1243779609760334,1.427348543276525,1.396553463751727,2.4916608882035978,2.045791089867728,2.160065048490917,2.1971925782152932,2.155226201157866,1.5373476826931805,1.3676211852533624,1.4802264716784315,2.0157348361207506,1.745781971797354,1.3492502799242676,1.340240411005647,1.7324500611588585,1.5312832922611288,1.5929478328014812,2.1342632825674457,2.0209246822249485,2.0274644700325886,1.9909796025023088,1.9669918430346522,2.2722272998617536,2.1560433121499094,1.972614343242386,1.7224075544504436,1.7087365354292732,2.0174194168763657,2.2026846665180906,1.6584499117133964,1.6889571772461975,1.3714708578484038,1.4125198765661682,1.6929164339201064,1.371286179643448,1.4672619737545551,1.3286933073643337,1.700289184283461,2.2734314085026726,2.4123285416331552,2.2076372883546638,2.270609488689332,1.9988645177961895,2.046052928246444,1.3558931155641412,1.4533345225066179,1.9950911748629543,2.180696325988601,2.1319582151911534,2.197935723206837,2.4831101566536002,2.2246796004099343,2.1092659373952403,1.782922279082236,1.156588002984169,1.942842075429211,2.264924114119682,2.311323852174485,1.400718044151962,1.5280111903931302,1.3888354115301447,1.5251683601727473,1.647860323185562,1.808766030782066,1.712890738893536,1.5451589057912343,1.593003677445355,1.6223197205853492,2.0077501142320178,1.6803428269812137,1.6629222469466314,1.6105225062065494,1.9525603146934594,1.9812887403705668,2.0875131037005072,2.0699038954712274,1.9909994918489045,2.422834272092185,2.3776145388713643,1.5595815915062743,1.4460307497649223,1.7825594661862707,1.498334513746336,1.4715040928118548,1.7017557203806293,2.0047501780473858,1.841764930211259,2.1586888954168377,1.4297239524935457,1.613906059114132,1.9198174125341003,1.9460049838905826,2.1096208674625117,2.375284630109337,1.7800729029279236,1.7647966067308847,2.0813864845697734,2.020417344367911,2.152893950766529,2.144726194580466,1.986426276178578,2.117623986984045,1.6120137512190287,1.404725377608485,1.525975868150227,2.3510967076831673,2.0539900182527937,2.011221595952284,2.142899641768954,2.035045748918809,1.2818191299046564,2.52175405524189,2.476135121665351,2.2273054069536564,1.7845745544789355,1.6106888413182532,1.8765801888268454,1.2517447381929387,1.2657572929492724,1.6865968597119452,1.4445496665333202,1.597327233751363,1.8947498705059835,2.0607471328187743,1.5608688214006319
2002 Q3,2.2792560399096597,1.8387217180623265,1.945995855931355,1.7323840481982888,1.6048968891823514,1.6305006188521858,1.7434610039114808,1.9639826522005632,1.9510124806613698,2.158562364731626,2.05159965659156,1.2947809562969113,1.2767449170272398,1.556591554453942,1.4668468674831177,1.3986891510169126,2.3006953697297456,2.215609904910062,2.229109987638194,1.5087960359953565,1.466219161743958,2.62423451530104,2.201258898494048,2.30394921945258,2.3244876513070425,2.3790265670863118,1.604275023263779,1.4401040708930841,1.6018913651186621,2.126874759740842,1.8846224585614524,1.3946962548656183,1.4094858590750174,1.8187723839145247,1.6298164381669125,1.6789045021711344,2.26609894923437,2.175481150901824,2.1569747567366333,2.1560517317450785,2.1112032995972387,2.388897973541349,2.244971196748356,2.108844248161654,1.8504069520874555,1.8095749340234477,2.147247673755768,2.3187039701324483,1.8084706331002047,1.8070111230611137,1.4343884308998185,1.5062949871854494,1.810854235309685,1.4534103282864923,1.5829259203127422,1.415936550818396,1.8506980108398072,2.440687150649444,2.5392163917225736,2.37311004549372,2.421230473513426,2.168651611557797,2.2241008127887008,1.4512336659655094,1.5416949144737666,2.134970049063396,2.28536018973908,2.2417036638867587,2.291441864117967,2.6563195901458694,2.346338798391183,2.2159559823693313,1.89509291164866,1.2262585522974696,2.086255440175731,2.3793720957685074,2.427771514411825,1.4677873084034212,1.6263057841438036,1.4475467514502884,1.6078420407621445,1.762290925137228,1.9383343910944897,1.8854907898954787,1.6593066412246982,1.7289872522965133,1.7363025044032838,2.1815509562624413,1.6889472669113321,1.7757499826307415,1.6863733113015131,2.10611093504989,2.0993824744225806,2.2114311532364495,2.214877900135001,2.109674321233832,2.5271894442164804,2.4328360183445965,1.6653060446636918,1.526767250733407,1.9084554008081605,1.6381510943254607,1.5620130017259308,1.8454483397104477,2.1185196345803385,1.9650707665868028,2.268308177895566,1.5252574222472988,1.7315905758483385,2.0175979742715366,2.113695861133295,2.196081015223576,2.4869292528629403,1.9040069775134336,1.9296494345483044,2.2191047411859746,2.19542960467917,2.297320805018974,2.244986359957738,2.0729630867772775,2.2586866344486354,1.7072497095496635,1.4931989417419784,1.6406540262460767,2.477321213642449,2.1764768690504326,2.1476064871759175,2.307583058950816,2.217556068110449,1.3427808324093011,2.6403509383389796,2.599981449655251,2.338233386269501,1.8987366505785939,1.7445279641214895,2.0284938147897926,1.3018826422344658,1.3440350208549003,1.7849329416255788,1.5389555773061594,1.6783139671645926,2.024140774572894,2.1713745370606294,1.6898147741743814
2002 Q4,2.415775604250696,1.957483076225247,2.0707677677746967,1.8245295661094807,1.7426929241250266,1.7436121020574615,1.8546575648065111,2.0725868670108443,2.079823790996088,2.301432857963209,2.181635437479665,1.3628019544697363,1.359293507888855,1.6455137491902863,1.5542645314008745,1.4649411404344532,2.4411578643106506,2.36038560499511,2.3529776675662863,1.570411500590835,1.556598333396699,2.7091548711762097,2.3359784715731684,2.450119936267882,2.4234987639021983,2.472788053598588,1.6860174292964936,1.499237032595005,1.7123535966553427,2.222027453000162,1.958455614147319,1.4743555472911618,1.4896636457571062,1.8982806585349095,1.7165252199098568,1.8109683042839162,2.3861802615360075,2.330214693799649,2.2678007582007687,2.2734063926488832,2.206184023357378,2.5309594436967644,2.3696577682339246,2.2457786964533843,1.9472003427490083,1.9028073641445185,2.2592723935270063,2.4450500460709517,1.9530534878829242,1.916719206404762,1.5152152295166093,1.5885442543420636,1.9092039560574852,1.549301427401611,1.6939012586714308,1.5207983981822595,1.9788180835824103,2.5838772607814433,2.6766148783419097,2.4996386493208727,2.4641806967853643,2.305055833937962,2.3996827885473913,1.525816902412806,1.6367257804150177,2.2430742965251262,2.3813832966538424,2.3321945191885876,2.3723894904119174,2.777991195189532,2.473305377417382,2.325995618554479,1.978036413053807,1.3126725506491579,2.194415391602774,2.5047555110762154,2.514128030766058,1.5391599259428677,1.74815393316881,1.544231508076833,1.7119020067053259,1.80908956357266,2.0668077136731497,1.990508762518238,1.7584422354170628,1.835080990402462,1.8447151264227548,2.3550379210548336,1.7440973385922969,1.8467459316303894,1.7591343780508344,2.218265908099433,2.236427624284493,2.306097216805462,2.364079634072321,2.256623283246283,2.6134612196185047,2.5157196272546374,1.782147426174954,1.6462489831687654,2.0580088551009816,1.7748079152720226,1.7011762276510232,1.9586700063993359,2.265082937330681,2.0733829558305397,2.3711579469491535,1.614615980573869,1.8512680818879053,2.131138033438685,2.206893466029912,2.232315197154634,2.5944937300265516,2.0298751409112,2.0248130617969555,2.3523086033729066,2.2977264414049356,2.428587411768379,2.376721704278356,2.24799649851781,2.430093332950714,1.7745325606099867,1.5784219602570413,1.7296605009261228,2.581355632042189,2.329605661031504,2.2447914516838328,2.4546163805788814,2.343557808210634,1.4559172912502616,2.7110104588778348,2.6843462865143763,2.365074989122947,2.0011604544472434,1.8458996727063306,2.1695469271645296,1.409186675229868,1.4310802069430812,1.8844071230373556,1.695622956294015,1.8107054657006172,2.144455672330241,2.29642272001013,1.7878313750369588
2003 Q1,2.4893982012983518,2.044295432218745,2.15484628153696,1.8887113517524952,1.8204468116407735,1.8223753651840426,1.9287938166820173,2.1434085401013085,2.146480567102096,2.3589658194443635,2.2832652736199317,1.382727165495165,1.367096243188732,1.7200777436425252,1.594814759066699,1.5089007653138518,2.527347316893458,2.4266515094647554,2.433349457352288,1.619696272668424,1.621525123622976,2.7872584345511133,2.4321669348806063,2.552099082659972,2.503625517289204,2.53314084208126,1.7835093529378647,1.5610855487675517,1.779639907681712,2.2861376646946674,2.049540783005993,1.5337978636186091,1.5366649761791642,1.9623095475422052,1.7681732297010275,1.8888450527723766,2.489613887138355,2.428703120833072,2.3526299833917204,2.3713446653651693,2.2747407147648966,2.6308985342626703,2.398582224779171,2.3328394140727373,2.0414400614442596,1.9872329073030157,2.370281282733893,2.527447609134116,2.0430686161701987,2.0300238701301905,1.5835162867576456,1.69190997333938,1.9975447310192804,1.6465508864727092,1.7591466560306699,1.6045461322262227,2.065640180505673,2.665678604929577,2.7642807786128936,2.5428938658357527,2.5627329225376325,2.3987780531301777,2.4833664831697133,1.5885077389587245,1.7274670407624368,2.3036385929928898,2.43558274338335,2.4153849808395917,2.42563721270313,2.866153682398191,2.5706021727363675,2.3658579078857245,2.0815763336617996,1.3467864721319265,2.259221721139225,2.5781894397332707,2.5610173150113504,1.591018132311942,1.7865344809827353,1.5975195842207728,1.7987014263631373,1.8856213325087265,2.161578855639884,2.0922424811215654,1.8427597442919126,1.8627367659004872,1.9074495355188985,2.4932831060216336,1.784143788767766,1.8788440635816572,1.8398513773408853,2.3222461487992807,2.3064703219271765,2.359116998355908,2.452123132986351,2.307777509327573,2.6415931692238988,2.5177375507625848,1.841202804275269,1.6964173490507906,2.1676313959951035,1.8459310609387385,1.7651846521101031,2.0211715525159266,2.3104993429814273,2.141825992031964,2.4331651006069324,1.7082172786943595,1.906707562096998,2.24075555553147,2.271439707616444,2.2314024474763174,2.6712052055709177,2.0757812002645344,2.0609309048803857,2.424827716566003,2.3860954863420947,2.521380175119062,2.4541722926831437,2.358639143230926,2.5250508841830963,1.8643575958938572,1.6202613472448288,1.8325642053198716,2.6668476550785756,2.4133976788157923,2.3109574005243756,2.536117993832648,2.4441225256785906,1.4917408528148963,2.698392714032452,2.711948779944169,2.365374787604586,2.0856313447113015,1.9175894954011428,2.2528573506873877,1.4174345095232894,1.4936604289689075,1.9366164926802354,1.784859749821882,1.865505418521908,2.185683321748318,2.3434268826311007,1.869009963692035
2003 Q2,2.5295798352159875,2.1557636134337894,2.230140494623407,1.9938696296467555,1.9077598292772011,1.894473938709791,2.037084534709005,2.2105710129683698,2.243253708677856,2.4239442977748995,2.3452443947867168,1.4433814315406037,1.4774648539552244,1.808084439683496,1.7176206589598155,1.6108847248084601,2.6142517183573193,2.5031737812079613,2.4663291509019842,1.7174503396110918,1.7111889894379275,2.829435546329096,2.4983903496631368,2.581559739432873,2.553478057226158,2.5912303718957164,1.8744649402961482,1.6582523553160273,1.9695386306913367,2.350070899834205,2.145042568053547,1.6516353304922669,1.6110541210870721,2.071680802030512,1.8768088957108353,1.9914967492715374,2.5784806773582143,2.4971686349025064,2.4155285503812394,2.4409113834332787,2.3583070349518938,2.6901128204286766,2.4908520111455443,2.4071264584408314,2.0929460828820723,2.0608260800956555,2.4639473218957666,2.6012697203877,2.1443916780953827,2.1367338932124036,1.7106733439779758,1.7968982853533406,2.085171306864646,1.7581183454975435,1.8678197980852063,1.7195688080014373,2.1811473488698794,2.7304226311961757,2.870164222470105,2.6224925606828737,2.613563438127624,2.478399319031486,2.599308858275623,1.6887532248168857,1.8238651965373909,2.379355867780325,2.4902067182303704,2.4568618222835457,2.465222066160377,2.95431123443929,2.6002616730857433,2.4348998589734285,2.16144207724471,1.4380179801041568,2.336839600162114,2.6051466404474053,2.5947146439789393,1.6925010844627353,1.894779102520978,1.7091483372544298,1.8789677299145953,2.0049323901061187,2.250228891402671,2.236757320404727,1.9730979082956783,2.04258397235995,2.0303898813352834,2.5419943437033847,1.8646684917507412,2.0059226965506967,1.937663020185313,2.4111235603237344,2.3853199430205763,2.4165141847486673,2.4963600114123046,2.381484970203433,2.673799178330989,2.5644215402478236,2.0121323095489085,1.8130446523901356,2.2493069063355016,1.9410524829263949,1.8686911339131267,2.1692029684536527,2.4018414825672574,2.2724335367524757,2.4668730572861435,1.7687048795399138,1.9998639652725543,2.2649529255003684,2.3335058455073674,2.2718200185811073,2.6966510438767606,2.1462327134404475,2.1699393858702516,2.522434209570714,2.423708061518773,2.5917457743970327,2.5327353793366836,2.4302739175209083,2.5670700757275484,1.9789305558150272,1.720802227533222,1.9345956701407394,2.6791328484854,2.4591924223515598,2.391786642391453,2.6075289944205453,2.47551042766633,1.550682805051543,2.71718765615174,2.749439840062384,2.3225974447966893,2.162033996414393,2.0326560280937382,2.297548270502408,1.4956384812719101,1.6056215984023678,2.019229091064742,1.8928533522156907,1.9662827344528895,2.283111572340816,2.38072382107609,1.9606269020162552
2003 Q3,2.5536708042812144,2.2039309210555493,2.2904774540074553,2.050993174271559,2.0017029856450126,2.0094464130888183,2.1035560704578384,2.286400190707308,2.3169183958282455,2.4513299950600396,2.407480347350505,1.526520398404999,1.5667589704423408,1.9183914452310211,1.8273012205053443,1.675636810348039,2.6535151182327166,2.540610701202185,2.501467853282492,1.8008743248701655,1.845357432441262,2.879788659841521,2.5294764461932098,2.6266456951316837,2.6110377259394326,2.6257430104223594,1.9914468939810488,1.75137140817753,2.0480332346765966,2.3845869995950886,2.2090474149792474,1.7214254450614064,1.720212242972063,2.161425637274065,1.9859670893892682,2.0938498041796523,2.5752696815798797,2.544088923745223,2.4132436234884764,2.491723959202087,2.4021404473351855,2.7043023004326945,2.510436399177721,2.4831164742533844,2.1881386927399786,2.129908753363261,2.52055410323257,2.592922760723406,2.2540096568512134,2.207978716578884,1.8065580394630933,1.94257833862246,2.1847877886207305,1.8445441581517952,1.934558363432852,1.8266265978631697,2.26494753184494,2.7421261474922267,2.8309023631416452,2.6370412280679685,2.646313532141749,2.5342383480250317,2.683901120418587,1.7774010000439127,1.8859826991264004,2.409999070191384,2.482540972077966,2.452684608441999,2.475155132106499,2.915180124751162,2.6476784718398934,2.466498940799267,2.225482014100455,1.5287272274678059,2.3790247377078555,2.616408607206806,2.597425466365592,1.7713899523089502,1.991068001195923,1.79632892545606,1.98953194734557,2.1341180346281465,2.3258580162436022,2.347706019166012,2.0255183311898053,2.140146499698303,2.0943451059439755,2.600256436326513,1.9186520892564758,2.112771772835349,2.023348012140186,2.4219661476280296,2.4115035132969065,2.457470646155987,2.5308312706733633,2.4237463479614485,2.6846447023792197,2.5552122878549426,2.134534299859295,1.9235915792904237,2.3000176135041346,2.055436703541066,1.9983311706391038,2.215234531079144,2.457049681602939,2.3078566079725515,2.4927909736189107,1.865931765951073,2.115665006571815,2.3390044223680984,2.3694425715961764,2.2443334284641496,2.725735709890666,2.20301807127092,2.2286060111691692,2.513338845058564,2.5132343733281712,2.6612788701487657,2.5323792028381313,2.457977549979785,2.6424638438933075,2.0448892617019134,1.8392884358086232,2.085192071957104,2.709813501682562,2.5063713810393837,2.4185739562546424,2.604466002923312,2.542144503740845,1.6549785673119968,2.7185974185554147,2.7554597782238126,2.3512865001625483,2.242272873651478,2.0838406239442353,2.396296684541763,1.6194473696826928,1.6524367725820879,2.1012623825289336,1.9745986309815602,2.015143948325561,2.305575494636781,2.3698593410407183,2.124426991399928
2003 Q4,2.597353387545439,2.299113351767884,2.37208102793256,2.1260573766715494,2.0875898101283292,2.114047283483596,2.2076823071539655,2.364775446719426,2.3260822346064396,2.5022546074296095,2.473568329872744,1.6221210426839,1.650545578754147,2.0182026282062537,1.9415536864801486,1.7785019640832063,2.7364877144159534,2.6200443969227445,2.56359619332445,1.9003047116591802,1.9071894125496904,2.9194730879536386,2.586687447745594,2.6766263116560194,2.637954947875213,2.667744300525662,2.0999606191816915,1.836563434866876,2.170421723809496,2.46306980535703,2.271127494658075,1.846853774981018,1.829853417884602,2.2387999327941284,2.0883470979415524,2.1783660059574412,2.6401728295535754,2.5945698745390713,2.4658622732491797,2.5413385642652764,2.4611175728386705,2.7394032081623623,2.55223394013265,2.5671352057701013,2.2594852930849205,2.2084627295910875,2.57796810729819,2.685079285690574,2.33712068969034,2.299096385710188,1.9229868521508293,2.036577523392703,2.2735722230903024,1.9786218627541754,2.05103091011207,1.9000069851674761,2.3359752515707575,2.8106069857094256,2.87925374636956,2.7060783104418213,2.7161241643733023,2.6026375581346515,2.7845367923639968,1.8721204205183697,2.0026831992063636,2.4765824769250684,2.514525351188641,2.5115703748228335,2.5004828300279245,2.9723798095773586,2.693131507332336,2.5056396376425156,2.306121354796848,1.5771164897457364,2.4274239078489392,2.66736556262527,2.65551594611424,1.9348489308796755,2.0800885460322514,1.9103338950651703,2.0947790163101536,2.195113206891089,2.394513495800556,2.4074303856594046,2.1619506123930914,2.29788748495219,2.173738592301786,2.6216838678212246,2.031408959626901,2.1880373463161016,2.1163738753378696,2.5068282649460576,2.48279393962077,2.5010104538352627,2.583672918191651,2.499751491105036,2.7141216032472566,2.548846004883076,2.218817912775149,2.01769742918306,2.3593741664712025,2.1524069390840777,2.0925964399261403,2.266419211924491,2.50583883342917,2.386410974540778,2.555294024012316,1.9871737489532388,2.196150801735243,2.4407063100756354,2.4280435747823264,2.280516479446784,2.763218505399317,2.2965534747357808,2.300614088995986,2.5777724596141254,2.5517445943007937,2.7554696988248812,2.585459935462528,2.5531869908433094,2.694604289420852,2.1387433434371745,1.980489563610027,2.1711798997346112,2.7432052037277446,2.5535941510930296,2.493175164519147,2.6677778956960165,2.6517577012365354,1.7706875125495412,2.757727202037634,2.789805302475827,2.381193520024205,2.352645502718532,2.1527232824091107,2.466563118058201,1.7417374786702353,1.7657180470926996,2.1961563136958167,2.059868789484664,2.134132290692935,2.399026530330973,2.406030230736023,2.2684512949699616
2004 Q1,2.642969092875817,2.322984227362586,2.4419909316596544,2.1604871634257545,2.1542311371701928,2.1648151375094433,2.265578364787066,2.3894612899725027,2.41832841195976,2.5668242111753785,2.5627391529581813,1.661432202441202,1.7698125683374302,2.0933619216958945,2.020444480197972,1.8338404231921563,2.8013576055418614,2.6768594416520197,2.6296396510971096,1.9599382419037474,1.9513980135700022,3.0189500009895647,2.6490258511493012,2.7373238215374793,2.700180631620117,2.7369486817271746,2.2248049729652273,1.9368779300495749,2.229285971780289,2.5081315974994887,2.351127928158077,1.9351408863107138,1.9192620414169619,2.32050489231395,2.1939533662080977,2.2588265848578413,2.705626525045169,2.647063765187415,2.51184369545344,2.5845965788756744,2.5099949460813877,2.7990679208884086,2.6041169486246707,2.643774823344898,2.3327550403118513,2.27044229648271,2.6389489223201323,2.7167059721044513,2.3956530637808244,2.3426198136089535,1.989431583184069,2.120102948484058,2.343628678382816,2.062573117394269,2.146247780090208,2.0067971768111685,2.4143898583821057,2.8742814254383315,2.9096302868438153,2.709571262798643,2.7570475525837446,2.675856684934708,2.892823017280731,1.9699550294887294,2.1299761826673382,2.5336828321190383,2.5595972905616295,2.5354812879240214,2.5556167358436905,3.051758957821982,2.73884347887882,2.544017742218577,2.3806082352763442,1.674022847727867,2.505303643335116,2.70972596273401,2.717683971387398,2.089038210351904,2.1254636244911653,2.0118946647655647,2.152532122353055,2.2795728876907386,2.4526854479300115,2.465131700134899,2.209656638135317,2.4668861707898686,2.236400317871435,2.6818735948150327,2.0444327048158586,2.2688342851404135,2.1974028171751474,2.5610337911085885,2.5355476469888147,2.559922006161818,2.6289993135589893,2.541693179834762,2.7813995044510587,2.6236601186847026,2.2943843034671625,2.0573940523294882,2.3983815723166537,2.218271500246408,2.1760733944929425,2.2934705372634516,2.574347598309565,2.4361430114507057,2.5835465732216143,2.107835232806036,2.3009956534543754,2.4865428290479707,2.525106627045554,2.329398836345383,2.8043175478173437,2.340291245174477,2.3396350026970114,2.630498740647607,2.6371714758069875,2.859547473060357,2.6303353018847355,2.5728694561699776,2.7234396348075114,2.24296266486759,2.1210037280875436,2.2821164395868947,2.7780616506498617,2.6096312344643935,2.5435229031659965,2.70575553697453,2.700920691443687,1.866293015835189,2.834826567012632,2.8239377310408327,2.444771556314622,2.4049813598830174,2.2344734453816026,2.546067605363355,1.8123251366683486,1.8482648256514667,2.249166504757288,2.1090854596727375,2.1844331182380015,2.44661689708406,2.4308087674281014,2.3584997052193497
2004 Q2,2.73600482001625,2.4319362520159675,2.5226097113660053,2.280390082821414,2.256006343172475,2.2505444295615433,2.3864927650602303,2.516373367298699,2.526212242504714,2.68054422224281,2.672971690458548,1.8392279879023519,1.9396350582764168,2.2734288059633148,2.1480371481753062,1.98640774635829,2.883289106644023,2.7735504242510682,2.6812087142635166,2.1324385805152986,2.158995206034052,3.1061306083668323,2.7291801335499137,2.8357140788279356,2.7700318133851987,2.828842103790629,2.376283979104507,2.1487654408548855,2.399804372008452,2.6025349425426323,2.4729259429892996,2.1015465901484807,2.055106969003359,2.4491904234128494,2.393582531572956,2.44419342851777,2.777455547824009,2.7348370941192606,2.5777347165731723,2.7020064138290776,2.6213759733106894,2.865405457818107,2.651487390866517,2.7677468252074173,2.4926746033764764,2.4130100361183566,2.7158903562050534,2.792491891689945,2.5184178391891803,2.50550465276503,2.2092593614486953,2.29774260132667,2.469813115821072,2.2486482273866972,2.2865630346297166,2.1633752682479144,2.5173905280188054,2.941489231773626,2.9722020638193216,2.811563616163808,2.8400544969609984,2.814311019558821,3.0331336738221863,2.1134973019821888,2.2815501859180922,2.6557756967400246,2.618968273137744,2.629311984202414,2.619555370276132,3.1106124117974256,2.811690191091603,2.6197961340278986,2.5086422205764918,1.8361151809956429,2.6037428335891586,2.784388585012058,2.7786897533690587,2.2697231096013217,2.2974835692145534,2.1772740513017093,2.33065123485496,2.434392856880719,2.5789611058071267,2.6230807493099166,2.420169094233603,2.516695327721489,2.3441531979590455,2.7657727243430745,2.1815962894438488,2.373156254523505,2.326168113532023,2.6523187627354545,2.6450224220080947,2.6570025405519035,2.730915435003811,2.625085797469729,2.875214550646723,2.712697450737433,2.457988450117149,2.256468767187093,2.50523281251102,2.3444721816904703,2.3029579041016097,2.3640221360878306,2.6579991588823986,2.5717611788916845,2.658337233396775,2.2530861117714287,2.4251191319477043,2.5911166511427135,2.6264029524294874,2.3813465869974717,2.8958002504823512,2.4576188156887833,2.5492093156154727,2.719815276344654,2.7065943838874276,2.9713745080889167,2.7500306613246224,2.6396545065247174,2.8333272453851532,2.4323604543459365,2.326373231170917,2.517718490101926,2.8878637669937097,2.6669408745271004,2.63769581490105,2.8268734076665605,2.861731750560952,2.052198779247086,2.940633829159659,2.9610057635327953,2.5366924264783663,2.5060804229281186,2.3273853962360818,2.6943546950653423,2.004790578603604,1.9877018931530974,2.399950321683255,2.2532721368587003,2.2593395962385063,2.6604902327896065,2.5257808764900416,2.6232038701427216
2004 Q3,2.7992758657066226,2.5030482823725455,2.620322856257119,2.390725550415307,2.387070101548952,2.3513803036143597,2.4909171311218494,2.5927895230247406,2.5886108890869606,2.778145871748684,2.7732136947019845,1.9362861099686883,2.0650445448904264,2.376342615493683,2.265828143944757,2.1189541301231145,2.9638821376801974,2.84862467353306,2.736502168532777,2.2687984431963906,2.2974218379797318,3.2106483426499035,2.806286977738689,2.904827507463969,2.840390343231267,2.9476031291315463,2.472794865295587,2.3155101554042594,2.5323170587764214,2.6900616024684103,2.5916942019899936,2.2597312861234924,2.1945795982362144,2.564436920961547,2.5578532163944123,2.559651855001566,2.8549778841888447,2.8117048887050973,2.6870651462141377,2.7996450063813576,2.7286243023819887,2.9439506808184626,2.737741434027644,2.8713784752369462,2.5859057206708846,2.4711960148935157,2.7887793391901337,2.861620431284202,2.6421394191046312,2.6043741303072165,2.307016729970594,2.4077650011582703,2.5690398004653745,2.3757121075327863,2.406754749775035,2.2838020095120273,2.6332157083117904,3.022660056981968,3.082763685585671,2.8830154286039664,2.871860033486,2.9177935653344473,3.1629638897649137,2.28367423146681,2.3813316544311762,2.7380676183394614,2.692813781508174,2.673130641937934,2.6899229732152317,3.1671198997470373,2.881221372550874,2.682485885959586,2.6200683981254644,1.9507555918311412,2.7153604319825435,2.8896606817666872,2.847670252887033,2.4206531279327486,2.4589084066631615,2.2980413531945785,2.4513532709981782,2.5921687239483453,2.684222126890004,2.7278437814891454,2.4911960163666262,2.8446260320184176,2.4502683192048744,2.8621109297816925,2.2919902772764873,2.51572948764015,2.435145909993262,2.735897075044929,2.701039017070848,2.729625448369899,2.820160259185389,2.723902848555257,2.9317797132568892,2.7765348922265316,2.570248376587596,2.3722130763156932,2.6017708585967796,2.480513885277025,2.462170069577476,2.4801047890360057,2.750115306027846,2.6610007883787183,2.7262326970749005,2.4354474723679624,2.523258114494825,2.715607552501663,2.7228423754746363,2.460559352553255,2.962104362319519,2.576718757282225,2.703506484429313,2.7844477741137976,2.7895058727867257,3.0675668168195793,2.821188246454467,2.770564460135304,2.9153247852065665,2.5321620975925065,2.511748793840222,2.677782653616406,2.9626885566174184,2.750378324323136,2.7165611122612017,2.8699635668842087,2.903191810191158,2.169294721333599,3.0191692625069138,3.053467316699568,2.5901370048855807,2.6402392838627566,2.471507877053636,2.810982346941166,2.18825839528323,2.181981868746841,2.5383817479279225,2.3510994726092815,2.35827073611951,2.711009150641735,2.5847027129062847,2.8653157896657797
2004 Q4,2.848168170263596,2.5667843788111915,2.6725568225423095,2.4356887809961374,2.4585764598496076,2.4581537334536825,2.5497744284279715,2.662031309317669,2.628615233219274,2.8148135111280452,2.8118557079259423,2.0484916048975714,2.12506328892993,2.4317698504086103,2.339051810280828,2.1958823464220236,2.987328864138486,2.889876584417321,2.7914192621321,2.3733453045740935,2.3736936504861212,3.2715072158210736,2.859902958835239,2.951444590075735,2.8733240043973844,2.9881944299852266,2.537923250901802,2.3216971973729046,2.579531823540638,2.7227623232397318,2.662437865072083,2.3605588259569945,2.267361182391247,2.6409761792664748,2.595229105389689,2.6202442962529378,2.9135615592229946,2.8891538470808333,2.710180918389011,2.8534314546492525,2.7680126638553157,2.973407967394287,2.7377122709356136,2.953119033085094,2.6692436801938526,2.547872131820046,2.8349712804666605,2.915753839323919,2.6649853202247824,2.6518657403325805,2.4551852003385526,2.534588375475388,2.6348775699687796,2.4463522952494414,2.470984187470013,2.324993055909178,2.6842053271591166,3.1184619445711106,3.1600658471698053,2.894811754771916,2.911326309154598,2.958959498987326,3.2031395492548542,2.3109353739718634,2.431478464671951,2.7731018651559376,2.712191116360924,2.7043227099822222,2.717184790902369,3.2710196116335624,2.908583788369077,2.715306475896432,2.6514024517559127,1.970004300423947,2.774179324703777,2.9233292572872376,2.860821495808594,2.4665198307669836,2.560481117704039,2.4159356006467547,2.5728961423633168,2.583932388984813,2.721720574391126,2.7718451710319774,2.5920366745359176,2.875963356077155,2.5226066953419792,2.8709550739055896,2.3340936299687667,2.597793292221803,2.4925774896472914,2.7810361529380803,2.7659815290704852,2.760630008529877,2.8576092774618544,2.7560052798673067,3.001692437321503,2.7835584621975396,2.6421351218042366,2.448371385292838,2.6250766822628706,2.531128924675036,2.4878223207023757,2.5300377231280136,2.804193416282587,2.7254117374274998,2.7677055581054444,2.5275799374109207,2.5950200747181946,2.712445565130058,2.737346040979094,2.4427946021679334,2.9863006715481357,2.6013875921323066,2.757885816215982,2.8542230004343963,2.8069254175560774,3.16588712822711,2.856207498017552,2.847307418404996,2.9797759388570024,2.5691208109852344,2.405364360537815,2.7852384388622156,2.9642295430872574,2.816887620583829,2.7675585730892456,2.895883030047486,2.972859176334963,2.22917538725166,3.0229660772237636,3.064978604783661,2.5772101568689374,2.702508652982211,2.4896782737644028,2.8275264544654006,2.216173905338706,2.2421310759623347,2.614777697408602,2.433282419930739,2.458786238149795,2.7915288916419194,2.6605680468237525,2.7795139120574337
2005 Q1,2.8230997091020127,2.6074280141016857,2.6799250052935992,2.4499604370361756,2.430773520425776,2.462683343987573,2.5631310000552308,2.640187151463315,2.6197423145689087,2.8114253826051403,2.8095370922810248,2.036124514518202,2.1100693577868244,2.5096385462932487,2.358138296105737,2.213588519421268,2.9518787945108347,2.9093968171801325,2.7572620459970647,2.3509100282912443,2.39434316559044,3.2265108187746594,2.8695541730677707,2.9520170079195864,2.86923923017623,2.9632464992037715,2.555778361128322,2.3934931826259396,2.5738924432051244,2.692325440094218,2.68254103924437,2.321434282561547,2.310153845962423,2.629468220749132,2.534315016811256,2.6291062750526084,2.8827310137631317,2.8383965085604257,2.6988692494453166,2.8324458026777983,2.7735991529142177,2.9827909347079733,2.730862089285001,2.9505784621022344,2.6006399711192514,2.563246970448522,2.833389928959842,2.932901330947026,2.7023614807875433,2.657664699675361,2.4412298821472826,2.561762479854772,2.637979908763371,2.487472649434884,2.478611457315548,2.354124874200639,2.6853559836159877,3.0890943110860785,3.16931307797197,2.8918294123194803,2.8498018238540146,2.960985713813972,3.1848904784248138,2.3026504796595146,2.4169034959180062,2.803384461501386,2.6975472816525845,2.66235267808821,2.7039937168003183,3.3002126025535414,2.8886842695986146,2.7168502938666834,2.6395487118130077,2.0250635337159486,2.76062094814996,2.902250046251825,2.8434669559165258,2.448822941301295,2.5175104717797483,2.448341290592027,2.5114578033303325,2.697611793731657,2.7108518519410425,2.70031005681721,2.608278121723604,2.8563854271890943,2.5144399412553353,2.9152662709591155,2.3679193646375145,2.5834864812076064,2.521563696376974,2.7653052209444766,2.745544199522119,2.7537262824191195,2.8837091779486834,2.7717910820326206,2.96118012246869,2.757642987053322,2.5954448596737665,2.4572641952342207,2.5900256071830228,2.490436725285803,2.527143163908256,2.5619236015851476,2.7981287401407813,2.704642113939139,2.7527809434486095,2.514891672055883,2.625956964424075,2.7640569626038434,2.7305135191587224,2.4287308730649224,2.955718422630551,2.6097423331000686,2.723154962092421,2.8415647834104423,2.7965041143204235,3.2068205637040768,2.8387240252045096,2.85477994277169,2.9651202726305343,2.5739754936764676,2.444447094322034,2.733991911307125,2.9878821723960876,2.797598577373291,2.763252961606509,2.865726041164791,2.9841847561710084,2.230050172163762,2.9913413257038424,3.0521256457184873,2.53870649219293,2.6996846802653955,2.5059171302677217,2.835868484364084,2.2229249343413455,2.1340900819361304,2.620774594176059,2.4342019432616335,2.4388779366740514,2.7295307590951503,2.5853782894813313,2.9469631861532606
2005 Q2,2.852588117071714,2.597996225928293,2.716967469883006,2.4859283629291955,2.499946843113952,2.505199476064572,2.6167868033923654,2.7124353887321435,2.6834160541751158,2.8343222627964333,2.8439929981553913,2.138877084731824,2.295568608755786,2.514820023720908,2.4377871745684176,2.2939285902222144,3.0082441942033467,2.955465358680103,2.813257412338815,2.432460157847083,2.4274685152300877,3.2710956405489275,2.8778073466630802,2.9615162380425453,2.8830221998270678,3.021406663406614,2.62066834244498,2.4285150628077843,2.6148691984980426,2.756469391323737,2.697902674898808,2.4107536626564734,2.3428261353764257,2.6614830031014516,2.6198493464396377,2.690432396029643,2.938480874630034,2.904907342073587,2.7269747885148625,2.858932731028431,2.8101353446478514,3.002130115322963,2.781116462002967,2.996677359318472,2.678139976732812,2.6149864476879836,2.8453332754440335,2.9870434844368647,2.730402749323292,2.707906962714022,2.49024268556824,2.5366293643469318,2.7205642076645935,2.567680828355479,2.5098670467756747,2.3738552127133814,2.7188725613571085,3.101073092058034,3.1796630727806865,2.928723232671023,2.9068031471943923,3.005828288423191,3.2483289889692197,2.3541437561110894,2.4759255867187306,2.835737736182659,2.723569000029654,2.692859010676719,2.7262814722104696,3.2527266452543158,2.919285627137909,2.7274923411703247,2.709178055821174,2.06134234499367,2.8248025472359557,2.920385367566562,2.8630120216616013,2.5671071827770997,2.6336919519447486,2.4584906623113074,2.5867720877052545,2.685655398989028,2.7731460287957987,2.7632927806182566,2.6341630012625226,2.9483558049085863,2.5675928008509823,2.932132162018089,2.41800769401632,2.6629408804875725,2.5965235036936867,2.801709435510935,2.8079280231903208,2.782049774286408,2.868235422814323,2.831619352825975,2.9599376716089756,2.817515605390237,2.676362984016828,2.523712605105362,2.6456994678831873,2.5369811522134933,2.597429631198004,2.5164370312967494,2.8310603103113277,2.7733906142192897,2.8031632753881324,2.5673727061874994,2.683334936989688,2.799114360872011,2.7836290000014476,2.4981029346410635,3.0213484101545713,2.656905481857771,2.800036256321673,2.8691501134894657,2.839071712121739,3.2639923171792393,2.843375644364651,2.8924858116274286,2.976682798226465,2.6521858580233157,2.4578648773091833,2.7877392926059312,3.0214511100731998,2.851397588447693,2.7926507492030184,2.9202832886496495,3.023825509439458,2.3262669599930397,3.068542955281315,3.081225875692649,2.6145296871227695,2.7390375871884065,2.537081605935485,2.8706457816026605,2.304660240276021,2.288846345146981,2.6434969452820605,2.523422103237137,2.5223071159559955,2.8416218995295126,2.6188503599114594,2.952622814769222
2005 Q3,2.855691294371897,2.634779923588035,2.733188266026979,2.532933662936971,2.4994423734852296,2.5539990421954877,2.6462551540645527,2.725487263403571,2.6958102569933953,2.871629599175484,2.8647560746094225,2.207235778400299,2.21886327257331,2.5228295012230744,2.473816048601373,2.327058108064665,3.0260156064073978,2.9989811621463898,2.81691352073393,2.4736451732625264,2.490240196740749,3.3470694222514776,2.9110436382791427,3.004578706359985,2.888366057556941,3.03376620414498,2.6336754366569934,2.50743715453454,2.6722841464947216,2.7537969131257247,2.7029563099832403,2.444114693736837,2.3928108698190234,2.6874906153798688,2.6531465803970193,2.768831254099364,2.9676475457786267,2.9195905949409116,2.765387205900638,2.8880642404609027,2.829261252777761,3.0150620688278886,2.79439525451638,2.99269752488594,2.7301970863203953,2.6376917691523976,2.9087560842511397,2.9645616987026564,2.744298365281065,2.7359123519257573,2.5051127564422124,2.5189609700523845,2.7485044605164206,2.585419444565643,2.529445794653636,2.4146883518860363,2.72608677728149,3.1329225062155728,3.203996402781474,2.9593355474838177,2.896447964518227,3.0162406580939765,3.2699802675770053,2.4084503525381646,2.4925047857136824,2.8571592842321847,2.7301962572504603,2.6861401092193513,2.713153875669977,3.294962768178362,2.930520267486522,2.763519091390695,2.7578856402394916,2.149399631088269,2.8445428071322745,2.9155772388668644,2.8878937142585914,2.5427092856419664,2.633851174865552,2.493952514124459,2.5808241660567117,2.753778894857137,2.76623579678989,2.807624260159659,2.7370691465027277,3.0251005299657807,2.5816610338513,2.9599837090818935,2.4526776361391254,2.6836550255565306,2.6339947229322194,2.8559397637396984,2.8344985573183386,2.788938731083275,2.8916252217265237,2.857065645165605,3.0242310264124703,2.842083223409096,2.695524979403815,2.5988262527672665,2.6849323226484607,2.5633821229460145,2.621783620834025,2.5427938913297097,2.855579970540256,2.7709574785498248,2.8012840859731014,2.6178281857379893,2.6865422902472327,2.840849276867653,2.825180240304942,2.503269957206769,3.006877015560894,2.6633788181081126,2.8268809107076387,2.841779884939611,2.8642471384834023,3.2557139538873487,2.86124802539573,2.89155827212691,3.011592828996335,2.6625041341744633,2.5635386521615726,2.8544567455020453,3.058804868407478,2.8604229584791914,2.813061203175515,2.942662809894108,3.0255519409280436,2.377520981830976,3.0846949352425113,3.1297599554519797,2.641785797328786,2.7725043010710753,2.5709442778327234,2.8964391814663024,2.3387176113248302,2.3206100286572577,2.625193337027518,2.537998914778235,2.5476393472124417,2.8002415207467433,2.6146262736869677,3.007568983664791
2005 Q4,2.8819573448285727,2.6510088342822162,2.747961886114819,2.545731345477759,2.588318152952273,2.517416651935304,2.659933297984461,2.7453177161653524,2.7534951135149974,2.898405146960024,2.8853811984661637,2.257411583547982,2.3317590637860146,2.5559597772468683,2.4936607817333187,2.3854395776454136,3.037210399846617,3.00416582620892,2.828550370670589,2.5250876126621993,2.5149722274461115,3.3629730705685814,2.9442632410780467,3.0235154235514323,2.897338102398463,3.103053146219332,2.6502625379120035,2.5512366274739633,2.7007622888351643,2.801137092089447,2.7084370279798966,2.4428542253604135,2.419931144424681,2.706824253717544,2.719850013227568,2.7704603022403163,2.9790578315539076,2.9564615935314746,2.7795053127924763,2.946403443906852,2.85501670353774,3.0414168722224355,2.8240977446308846,3.0102733494953022,2.7530874272526313,2.6758944562574247,2.902411822951143,2.9835425061757017,2.7857561771166934,2.7623208185662746,2.5709077302840506,2.5260457356441197,2.7671020906301895,2.6179823709687544,2.5526641837888286,2.422828537639413,2.7503685735292858,3.1783181523214767,3.300791574622785,2.972302675966396,2.921639805432425,3.055691368140049,3.296689793854756,2.419886745563411,2.547877126136553,2.899901894839921,2.75065064147749,2.695108728559303,2.749227402110016,3.3026529300942076,2.9428262991737903,2.764521460662889,2.752648199694789,2.1619657414040416,2.8466983285341048,2.9421101211335152,2.93485419424179,2.587965385863575,2.643843909210092,2.510068184300919,2.604770988293999,2.813361702298168,2.785897134702282,2.7945551647344984,2.6927310487225102,3.0346187321003506,2.613120731713305,2.98249537169116,2.504872967249373,2.7078382970587067,2.683216823848952,2.8549544042150474,2.8439121407808803,2.83605686592815,2.914037492468822,2.853176801357089,3.082713294514461,2.891588745901133,2.7013425444101773,2.5529002134295826,2.6720848458959674,2.584441249645234,2.6700553277648424,2.5810734670695137,2.8874524400733614,2.809576114410229,2.843151332114581,2.6513280988648766,2.6993367519557694,2.874232487474074,2.844398919105107,2.5180660643051165,3.0603807116963107,2.7141947152844144,2.8402723693623098,2.8402818454669423,2.87420684554889,3.3078412176082415,2.8847707385605332,2.891964137715802,3.0159849391673577,2.70644726635863,2.567279625141187,2.882157387436812,3.114506028506251,2.8667453545372856,2.8412050032945046,2.924858661540164,3.0799752271945557,2.393800289254597,3.122403531348314,3.1356204140567474,2.65777036745164,2.8062090116064127,2.5981416229550507,2.938774645743849,2.41632805958832,2.3520807262131314,2.706024387872985,2.566737540147025,2.596714132338141,2.847678279729262,2.633944958741399,2.970874567376808
2006 Q1,2.9038489126991767,2.6855382037394686,2.7836388375049985,2.5577600688822044,2.51386938091774,2.523938834035007,2.691669922213678,2.770130811099705,2.774460296971031,2.9214453076924,2.925234152027106,2.3173050550307046,2.332861661494251,2.584922731901563,2.524431942435084,2.403301727048287,3.0720410763272263,3.023138552726466,2.8458601540407362,2.5353423611224217,2.5042375303685342,3.4078476502246926,2.9380241474889273,3.0304363408680213,2.9116720421586137,3.0953638950885156,2.729920468226058,2.568716889574329,2.711358942526164,2.8439530057454583,2.7304464346194997,2.4950457177971073,2.4042836376474708,2.7590126643798385,2.7246253402094713,2.7916742877759235,2.9980295821460046,2.9729234891100997,2.7828646496141047,2.942045280646932,2.868733940457477,3.0573129629693296,2.8132822628370917,3.0597616698921914,2.7598902942411128,2.6483851900129927,2.9408605149263702,3.0503364574432905,2.8165032390313196,2.7724936341611026,2.579512989669311,2.568756179328784,2.8123901309252037,2.6574196752013335,2.571945503722374,2.425507562993502,2.7756865748790145,3.201101850067191,3.3174846458288227,2.97814897452233,2.9457171849359822,3.0737988574199027,3.329509926798425,2.4860928143095116,2.5675244647446673,2.931456640449271,2.78362129796123,2.7341719988360342,2.786451811166187,3.344843763746939,2.9550024919200264,2.793609911779383,2.812595977503748,2.1845236313424587,2.8854074624430828,2.9709812368147746,2.918519954790086,2.569323617372515,2.6266137362601207,2.4990152758142132,2.6290713295958117,2.808921428143728,2.8013043435205542,2.8614692321519786,2.704091757737751,3.15469525074003,2.6663039580404813,2.9959153711746,2.521408475852167,2.732942725712834,2.7187432020451174,2.8776083321957415,2.860442496760882,2.8543429772954445,2.9399433041498857,2.8982855096736144,3.136677872415561,2.9500997708217227,2.7238152798908613,2.601675100066018,2.690870391609766,2.625436567758796,2.705206795461246,2.6098198689459915,2.8963948110725495,2.8219114907439318,2.8721118341246052,2.6580234135697394,2.7395345626943763,2.884634651020566,2.850723371984277,2.567185611415421,3.050009944435888,2.7248080815011235,2.8971780921501344,2.8789865175375557,2.9139959009904257,3.3550800319432152,2.879113628597714,2.8930037740533274,3.019033204896394,2.7313934241379947,2.5884001025262022,2.950889838247725,3.125889896227828,2.8816245747107314,2.8398741833134427,2.906249145005515,3.08257972834497,2.3813438405944227,3.1643246067383557,3.1887920122582023,2.71575645209165,2.8292235685904887,2.62547973801832,2.939543334464125,2.3842036258185693,2.3475637667610876,2.6995197143723035,2.584043558234217,2.603074252639522,2.8337834367984733,2.635786185083936,3.04974870033051
2006 Q2,2.9571787596916344,2.7287395580955085,2.82082694570685,2.6433183734888956,2.6315389455015747,2.5976804444795882,2.7572989672840214,2.8137028407564437,2.7831083405258847,3.001911834686615,2.9915177525066214,2.3897364330390136,2.429899078044733,2.625930395713384,2.5932762786902734,2.496986071065277,3.1177888243004257,3.0932682750595455,2.909935503761558,2.610871251100737,2.5984449491701986,3.4964001644471328,3.0077047041827805,3.096882916367332,2.987463786973293,3.240464759909535,2.7769347682687253,2.670809892932676,2.772023069980516,2.912448715568942,2.7884725104030035,2.538465792889689,2.492154882921963,2.7770566042008373,2.7849712664241024,2.8335260147388097,3.0682978071306386,3.0101573243609723,2.8472685245780105,2.9972667886910047,2.9469173796682933,3.1028205384765197,2.8959042935497687,3.1240375898227364,2.8287877469824707,2.716249504028448,3.0210505576922677,3.0761137303952917,2.883374724093397,2.864051447891388,2.6127386909337362,2.618525718823972,2.8767721396910537,2.698164511695294,2.6356509792673655,2.5019737531678885,2.844213797489928,3.249537934852868,3.412654666704089,3.0335615340755795,3.00984554774925,3.154295862033575,3.399341738004362,2.4991099951869082,2.6179258259337974,3.0127805449898424,2.8700310992963383,2.7973707937384016,2.8332271590345477,3.4070706095765666,3.0051203312105836,2.858156733402091,2.8616386925904664,2.25052291348258,2.9482993736219116,3.044468239557977,3.02793593828153,2.654922466774177,2.7192616704804125,2.554474714730082,2.733666629152648,2.8396469091174508,2.8753601923202132,2.903885003955261,2.8254245757503513,3.149549621842093,2.7209493352442546,3.0494970949785585,2.5985079967394005,2.7884451777020316,2.7535965423010857,2.9364824562489957,2.9023529498270904,2.9225316682953744,3.0378262244085126,2.9580942445804297,3.218056140274199,3.0162638049399426,2.7883897999389347,2.644749054184731,2.7605444108990955,2.6757560121895296,2.7335735313119103,2.618276820724433,2.943011787557898,2.87750636032915,2.942723186016061,2.762258699998813,2.7869564956883015,2.9686827681723025,2.9659350602110144,2.6968094167593426,3.1287581935629283,2.833695165321296,2.9556451057189803,2.9448659114995848,2.953013532706822,3.4223859374010486,2.9441076630250356,2.964706631391048,3.074190228044526,2.8022957312949788,2.6365127113263256,3.004608528087978,3.23228635803205,2.9631626511187648,2.930036358146338,2.9692240091813167,3.1964031039594754,2.457456635736543,3.2811824815797355,3.3046219144464843,2.838561702582372,2.894842671601431,2.6980273435051396,3.008416481492511,2.465233844627062,2.424126385910846,2.710245805446694,2.6162663379525664,2.655511663782029,2.914897216486668,2.7293520093833807,3.1020380293262333
2006 Q3,3.025255427782148,2.7606730603368836,2.870784829764986,2.674421156042233,2.6777295600503463,2.621908968638265,2.7940482824977324,2.8493334924533125,2.800539059153956,3.07682525996244,3.058171361996974,2.4425042995025352,2.4767682187758315,2.6808157218791098,2.625931516942042,2.5404599083869432,3.1651929091435864,3.1612696286252677,2.969312723349013,2.6370889227302383,2.653041941328658,3.6369491364666997,3.0833604754877086,3.179790939839929,3.053217922024608,3.294106400634878,2.8326970536594014,2.727014738413142,2.8243282626625925,2.968109166128021,2.84032562264046,2.5761578136841,2.5473984506217566,2.831592466332406,2.811212273150546,2.9354270064262904,3.1172287229277345,3.084307958977736,2.8872073331908976,3.033065227905548,3.013277188092482,3.176046879209138,2.9485919545416923,3.1746292179023037,2.868696383408315,2.7729285045609107,3.035017046024364,3.161405642190587,2.903311777060286,2.892019170364078,2.642715095678701,2.6520425698859187,2.9223334661823657,2.7227892916323326,2.6817846325655363,2.5571903772513096,2.8925209911002447,3.331735686301335,3.47819872373295,3.0757866035415966,3.0912856604251244,3.2135265307002934,3.4734510258147315,2.5449478822623983,2.6820240630527783,3.065304598639943,2.907606637114127,2.8806252110694524,2.8834486079174217,3.48874187866382,3.0625231061310094,2.9150033618404882,2.9322066499198605,2.289622594138043,3.022499574179234,3.1222377815683084,3.1220092233438796,2.6787873021056843,2.764424874840985,2.5866966496481565,2.7418602697190377,2.9576074268595574,2.9091321936535284,2.980856731538513,2.840708291544639,3.208981314899028,2.7509618021292077,3.1356931140988378,2.6198504094029773,2.8213272492573656,2.7754344615138424,2.9967767939240826,2.9691386485578244,2.9792629970917095,3.09393844713674,2.964458813041743,3.3495066744549358,3.1286449804698315,2.8189541396804954,2.702986118723267,2.7824675835328545,2.690643665422488,2.7990053593605735,2.640825353408252,3.0258160752967123,2.9408596178801245,2.982624963438402,2.786857851247083,2.841918052182383,3.0243924355133194,3.0494742672719264,2.797470003389447,3.2323742656989447,2.8767607252986345,3.007139944924129,2.9774472889593193,2.9980353697769386,3.440121818158586,3.003491215437364,2.972461779062228,3.132966184451229,2.8980165990499147,2.717969468821659,3.033753810412171,3.3459202138214197,3.0083723820732065,2.9608909722487535,3.040639382994568,3.2637400045316616,2.5088212325802317,3.4368601226163378,3.451387807285713,2.965281299040913,2.9708636985328982,2.727795940967482,3.060285820009303,2.478741971188632,2.453970051155708,2.7462041035506095,2.6922162171147805,2.7042241654774273,2.9739302729339756,2.739331449796088,3.169915556464352
2006 Q4,3.0824987789453626,2.8043312246696663,2.933770296564412,2.6875191876108655,2.7029713936257074,2.692544019146671,2.8173283314299744,2.900120373104705,2.857654788616164,3.181098172821571,3.1073763794293967,2.52236414086671,2.517835940076872,2.7352865513810314,2.7063096496430767,2.603512002784112,3.242256643732049,3.229691495515822,3.034912251968606,2.7049131353288174,2.700583996614002,3.750989898675939,3.148088610260756,3.261956778699386,3.143561299012778,3.4252028604066185,2.8670380527835913,2.7768051678648558,2.876611751303978,3.0509449351211773,2.8968015217300267,2.6194620676100824,2.614215296498731,2.880412721439529,2.8744398135160134,2.9669976695906537,3.197666478838192,3.1495236937629056,2.951020950973154,3.1152162849535157,3.0949607897718403,3.225430001709804,3.018382305833333,3.2346761544582905,2.9184038389214217,2.830453928280739,3.1160489457823544,3.186208188421592,2.9756517574977552,2.9472504616512416,2.69588543029374,2.6499053046126297,2.9838347965088654,2.7757933771447374,2.7330004309764813,2.598402089400266,2.944744402725041,3.405935310594193,3.6020199362247842,3.1431234443359637,3.1686113436504972,3.272700149326621,3.548737404872864,2.595835148991127,2.7277743979236497,3.132071174349535,2.9823055578355255,2.946057405275925,2.956705869483388,3.601161668249909,3.1472302876858627,2.9906947342282724,3.003080683312949,2.3966822240645964,3.096011705819888,3.217392438936066,3.1868838806875472,2.7250671718746617,2.7976276293193094,2.6469612353986145,2.7794230605065415,2.971440456924635,2.9762694802777045,2.996634758152655,2.892449385985191,3.2542463014948515,2.812760570592475,3.203489207835435,2.7105387325517425,2.887067555729034,2.848073151594846,3.038642039925503,3.01702680987596,3.00568181939949,3.166387844398184,3.0598613032610373,3.471741324518349,3.2395141139129673,2.861698681148538,2.729203050230279,2.802677708193591,2.75041726384065,2.849939801026592,2.647418998868256,3.0730629742644666,3.0088346584372663,3.061467746730653,2.8400573750046854,2.9285384423882803,3.094108262907161,3.1069882631159054,2.8504218008362976,3.3934215458853005,2.920676801713524,3.086357721222723,3.0481234955681558,3.0746995885987127,3.4967399328597697,3.066889240629807,3.0251249953344694,3.225065664217546,2.9454038003835574,2.712444100914949,3.1351172433079575,3.4395518435660084,3.089857121011062,3.019653646064531,3.0799901692638416,3.300384945117241,2.5557788503769605,3.5595551983381664,3.575120793515099,3.078240529591787,2.998438761212412,2.773619599583015,3.1284108050821597,2.580272003977825,2.515827676434622,2.8078949764414904,2.750932409274431,2.7762840830738202,3.0259740570956506,2.8223674879955367,3.238510533478255
2007 Q1,3.149053300202081,2.8286456771709467,2.9545460537930386,2.73669401573828,2.7111680542622305,2.697497804904276,2.8496089822333146,2.938842741153038,2.9069464739535333,3.241686045247016,3.1699282676503495,2.562704380916701,2.571640369277416,2.766063933680065,2.748421723254599,2.6486235052443026,3.298139631556872,3.2980661517222822,3.093756896657545,2.7139015467763574,2.74377907435518,3.866609401593873,3.194775674443813,3.3318527556700017,3.230878846514953,3.5147112368365985,2.8913755781673323,2.840894048388239,2.887626141179512,3.1116373088640104,2.8895078078174388,2.626038452916871,2.6845009968952973,2.916024727793682,2.904741791531327,2.9728238145593613,3.260420981719295,3.179433035295338,2.9992629176663397,3.137043128633981,3.137089021967011,3.268958651162032,3.077939754052963,3.304496949170688,2.9563994197444874,2.856007162344186,3.1437707529406906,3.270420461149438,3.0112482942412884,2.9835330928721313,2.7393569903787434,2.6741344666192624,3.0213616070513925,2.7710837555481063,2.7774225907541887,2.644862414697753,2.9689193703552683,3.5386545465779022,3.675846045127767,3.2051999920162553,3.238169063733225,3.3300658069707127,3.605319169239504,2.6354729552135012,2.7463039300103285,3.1888528489963694,3.041560749111321,2.9898519072595984,3.0376875492247093,3.7008200335412154,3.205685993831793,3.0622508059607503,3.009723522385878,2.4084165995150246,3.1512642899394865,3.3282624007687907,3.3182185590195368,2.778620365723216,2.860041677375602,2.6497396703966016,2.831763008323995,2.9801518640746774,3.0020053349568387,3.0483314249288167,2.9454707856803872,3.314942076860135,2.858163073824095,3.249944780434868,2.712785515093894,2.9253403814119237,2.885937428818994,3.090462302076413,3.08652279498378,3.089217755601029,3.2155552878314997,3.0954639934666903,3.5998917495500717,3.3862028883244677,2.893418320486695,2.7310270781978057,2.820685831652187,2.7608035982440318,2.8735576183566556,2.655819284609534,3.113212729373568,3.0386015645053224,3.130666050287537,2.9005716720947663,2.9372379740089762,3.12152927434644,3.1741826984965282,2.964359398998386,3.436912516798816,2.9776568940018118,3.148774424055019,3.090158156700487,3.1193188132277077,3.5710159058587365,3.116636110260006,3.0443951871130817,3.2881001450760756,2.9816337374690005,2.7943289564899647,3.2040700685409877,3.513108526487582,3.130348226536949,3.069197087732589,3.1282472399640966,3.347797074019259,2.586331972366014,3.7093969530734014,3.693057925218088,3.229788189772415,3.044238898364016,2.853106217327559,3.1564026542060697,2.605730817886359,2.542528884554207,2.8304868742629328,2.783061410157577,2.789666327568949,3.0903399595694516,2.8546758766795333,3.3122179745224263
2007 Q2,3.2487723726354765,2.880368883868233,3.0172426508621784,2.7918351710807157,2.7675741147455515,2.756942867807629,2.923799613655636,2.983345199200573,2.9200271575406793,3.33583679355158,3.233435010971403,2.6266037629077097,2.6537643717523784,2.831102692704723,2.7634857312197876,2.717802646085704,3.3570292691935104,3.3602077992490615,3.1773957274487676,2.781865428666884,2.821612542881583,4.009945929810267,3.2869323168145765,3.4449138697599158,3.2958288159502023,3.5971921449544566,2.9755427652939663,2.909534633637374,2.982617992159152,3.1902118749796116,2.9623834562636144,2.669620573761435,2.716743219062982,2.9621066063207313,2.9753648037677136,3.0654266805423074,3.330028715091553,3.2632745565051833,3.100237947732258,3.216961619319883,3.2134400493028545,3.4136964996284758,3.166214171098481,3.3748715956350432,3.0269452509871813,2.89831163760735,3.2275359278720206,3.3706844535228524,3.0665334921150627,3.018640124011802,2.770226466159596,2.748705106276798,3.0957930899138506,2.8448019162267157,2.8152337557784497,2.6938609838078755,3.024174035289499,3.600126250083368,3.8074013475460373,3.308992737944185,3.376762692392375,3.401904818455768,3.693736787345982,2.6541777050692477,2.829617477310705,3.276306616928529,3.159528144695019,3.0796729659068367,3.1317822613186737,3.8400641515710694,3.3035727674059028,3.1652199213847774,3.106791802014679,2.4885203662789084,3.247037330515062,3.459920676197992,3.4988725532113216,2.7980062647009687,2.8770368189565367,2.7270736350120983,2.903220634106361,3.0734427968021696,3.0623143731444245,3.1007774048867494,2.9698531297711313,3.3992804818180455,2.9275413600463853,3.3510497065203033,2.7521561259648935,2.9775687204084305,2.951228535318788,3.170025229203586,3.1087586991793423,3.178152092826209,3.303017299842405,3.185627650204366,3.830734389096804,3.6185545967166797,2.9723013009279273,2.843861155152956,2.8629224254535743,2.80254013491839,2.9417978981436885,2.70332814051013,3.1779187319314772,3.1207242939523683,3.240423048376718,2.94824182688719,2.9675576967370647,3.2214756259194646,3.280918427210821,3.197335588530177,3.5619562698604144,3.03249557788811,3.2188428814888344,3.192281195950163,3.1834205291105735,3.67954565930062,3.2294550726274225,3.111658925236978,3.4259734745541293,3.0905750907307348,2.8464602302184647,3.208386335280216,3.7112202664821763,3.2010029017086836,3.123406644472305,3.2054666770553966,3.462805191547734,2.6526515058219107,3.9300839050206373,3.891634390418282,3.4745621603732832,3.131682138860208,2.8983064464502406,3.219878849567964,2.620591012771646,2.5833480921752385,2.8943893751431258,2.8555524192380592,2.8365197319817628,3.16714795869403,2.926860494452975,3.4204624742679046
2007 Q3,3.319598796784908,2.8783458708307257,3.0613236496276244,2.8231729356936497,2.7738407766564737,2.784817777806439,2.9319233411223617,3.0093304728222394,2.9563386784552774,3.3934641059966433,3.300965647200846,2.686140048306061,2.728132094479139,2.865710613495469,2.8148085781826,2.7431479768547047,3.43942335907168,3.422446936365746,3.2520154965617984,2.817033663176273,2.8662233168497577,4.118830532395338,3.3730393157977425,3.528459182262007,3.428369835828696,3.6870620006972494,3.044323390990697,2.9870867996188313,2.970282507285273,3.258097919301745,2.9995364771754476,2.731536619018363,2.7424622328799053,2.9942050699387894,2.9993776990541656,3.1200959448345644,3.398835781848124,3.345533485618462,3.1895392776240596,3.271974131617431,3.275856013518721,3.507724987593574,3.2685095065747283,3.4222280487971157,3.06930594314604,2.949193634293639,3.316895005867569,3.4375511705597934,3.1192795835166534,3.068222059547128,2.817174889699086,2.757207338731957,3.1194033831680774,2.8616208992356142,2.843087158141882,2.7685613147459556,3.0731211892772534,3.7456727256640296,3.914229793186761,3.4520864536820204,3.46747935191781,3.4669094588257674,3.7446197831196533,2.689473591499076,2.8622992174553237,3.3004609537244054,3.2551229642818162,3.1576665682170857,3.2061666113602034,4.021937044463176,3.386622863014159,3.2249866991504965,3.167044030375519,2.49405437451705,3.3063792880970246,3.624824061460082,3.5914400204242627,2.8569314268589516,2.9210801730399556,2.755023835323178,2.9144991056897824,3.1067724126086063,3.113161345399819,3.1403459856283735,3.0673228128837566,3.4693881515714686,2.9659075410574287,3.40621442276274,2.7935975238927466,3.020263787340817,2.9769904762773716,3.2297600072846473,3.1842200316459732,3.216256941377544,3.3660947161898207,3.2399493926269476,3.989550144648105,3.8247414142716347,2.990259111311964,2.8340195552134193,2.8790477946493587,2.839584862666809,2.96096122582032,2.6813377319860883,3.213923013825025,3.179724476018423,3.293804597275529,2.9932269822590327,3.0052347942061015,3.258720284619753,3.3439920500316083,3.3726913500133016,3.7047029514873557,3.037812109035524,3.2553801379815464,3.2435918541508673,3.2425154766033937,3.6912813775961957,3.3285960496494216,3.22904787092857,3.480103563769822,3.1415928842376037,2.8902494312175575,3.2649650248456403,3.8755538021441183,3.256977098040673,3.182283408269209,3.241278145729373,3.508316394603094,2.6924495265563104,4.106609244769349,4.0837576882341295,3.6467790588908646,3.152413347046686,2.9624712718795436,3.286588711257453,2.623992733064733,2.646092328049775,2.9274185080511175,2.892549546776299,2.8756394071987,3.2111413424312034,2.967494485136881,3.340616515741293
2007 Q4,3.360054544471553,2.897720526719826,3.0636027633716156,2.8525502262489395,2.85057806057859,2.7945266419030563,2.9649523598798804,3.0365686970542134,2.972054401643748,3.404082599747739,3.32884194659412,2.69231267696435,2.6861965419144136,2.8949565461020508,2.8279285255754054,2.763960218179256,3.4696069822253426,3.4734405981214467,3.29145129281242,2.865214345949345,2.8883141859959904,4.150188000397025,3.426371031031783,3.569965137083432,3.4910596803028286,3.715129252743628,3.0455567674024477,3.040969223449173,3.0392433827627445,3.2766611284111566,3.042265970225573,2.77409994306143,2.7982855995835743,3.0195783901433324,2.989800971921145,3.1116986046846016,3.4371163778249882,3.4044872098988286,3.2433761448407825,3.3016879209707457,3.3020951659587,3.5922262291977263,3.3187180451728544,3.4889434782710973,3.0845050635778852,2.949525418855837,3.3451342886146858,3.5089188178069053,3.1322321035104492,3.0344541320268448,2.847810441996693,2.7960392921746378,3.1584739251954677,2.8826263340516394,2.8735761107826465,2.7716212629514807,3.069161763756781,3.7991108156745366,4.0241176180884235,3.4968452415452407,3.553430177169056,3.4779283940583734,3.7736812191461584,2.7066960424958713,2.892004993615019,3.312627832465209,3.2928333072193703,3.2020273759510838,3.2409919348346006,4.058093875211348,3.4706998217953906,3.2463411157086504,3.144246829853882,2.5294975837363487,3.3267197728003928,3.6541402082936694,3.6411374230355342,2.8074199301277885,2.9119119274310425,2.7883672839365263,2.947480990536479,3.2081605374654707,3.1058931702209644,3.1377473512604226,3.0025377289980613,3.4881812687577542,2.998450432602183,3.4114576339897793,2.7984667862637007,3.0450156455525716,3.0028556501813655,3.26970005679255,3.226353796075794,3.2855027991904184,3.393964585859746,3.2684220197002136,4.049839358840963,3.8474477869176202,3.0132629245503137,2.824629442014351,2.920246362098667,2.863047413632683,2.9633205633850443,2.7012628420063876,3.2194709078414183,3.19416947006722,3.306369713078406,3.0068768722483523,3.0458437707815795,3.292527866917708,3.339179451323807,3.4616330422680486,3.7395879863125234,3.0731927364276848,3.2925195390705726,3.232883283003757,3.2431943651495456,3.7229165584154935,3.372739219508069,3.2760219427917683,3.5412075138288275,3.1441128854900287,2.9247253751917865,3.2997516716019533,3.960789779915939,3.3051701851369764,3.2040386611592866,3.2619577884126723,3.575460985746419,2.6923268468093515,4.124814005048356,4.127901118852485,3.722244495162803,3.1641200186972402,2.9578339249154375,3.2929050899077885,2.702994563660391,2.662174038799542,2.9407287215771025,2.92958840171238,2.9138123584469704,3.1978607737569646,2.972051164635366,3.4047261773850415
2008 Q1,3.3459736955471846,2.8872845417248354,3.0182099405954337,2.783410922980882,2.7814467845185917,2.812855082358267,2.9217177333190296,2.9825806984952505,2.907895531918149,3.351394485568932,3.2735473421332966,2.660018051261507,2.639546926947918,2.839014931803548,2.7917591286275414,2.737839984424377,3.4221913076649044,3.4258228480657915,3.2558835445337326,2.836566737717488,2.812681379999418,4.136675018076032,3.4199682615097315,3.5554484023967707,3.4711404581917638,3.632978411189229,3.013979451103982,3.01252282514452,2.9873589766557815,3.2046785516048315,2.9570250086415273,2.739084916554687,2.7116113901769276,2.981963275906238,2.957240389272123,3.096869095309483,3.426186563872358,3.4320916784447375,3.219614847684083,3.269233843799841,3.2716368661537425,3.598512247684716,3.3224766582393097,3.457432445979089,3.062100064870089,2.904228925176451,3.3195695204424776,3.5113201312556725,3.0418548737552826,3.012335985618966,2.8061339262388962,2.7857678075397905,3.1028201792200925,2.883316317414075,2.8444250327437883,2.777309079765775,3.031397004313649,3.7883263468778816,4.106670645645132,3.550477398695751,3.523573241166005,3.465954549953384,3.7171727160336223,2.6472756945417024,2.8407722857647006,3.2807325694247376,3.292451717580259,3.1277587089340417,3.2162011101094548,4.091880194041601,3.4584899015929205,3.2399803638232823,3.098670990075584,2.537846240654121,3.285549808015481,3.6170904143193234,3.6149448832513325,2.8429971955241107,2.9576170948174485,2.726453014745478,2.941049855535015,3.1008189509993476,3.0551566151885075,3.105125554742122,2.9772592853119697,3.42183366240946,2.9372560197982884,3.4086547399572136,2.813236350632174,2.9820237080779752,2.9932030444991446,3.225028207553988,3.2078726090696037,3.249057235358073,3.3684757883777987,3.195856095924215,4.023738352777921,3.8290236591875066,2.9439555743860217,2.8499411365305414,2.8374228390578593,2.7903968474604763,2.9480209569028655,2.649036948814649,3.148618495519076,3.13304309545621,3.2769201982787868,2.9563199845323735,3.0677286354821844,3.2761957522108993,3.271006844406817,3.4500993001074565,3.763953530546063,3.0315977759754356,3.248571935580331,3.2298306775280703,3.214745588035949,3.700824725071883,3.3494053200285907,3.2697069976897017,3.548505133442454,3.1270965397194903,2.8216531334941823,3.2664730523394123,3.91145512711739,3.2373991407794316,3.164190263348377,3.207926026344361,3.5789714313731364,2.736297266115213,4.087410058408884,4.093640414772977,3.630708349785009,3.07455455003437,2.9369901164607537,3.253283277370845,2.6679845498129824,2.6000636410638993,2.86902179311399,2.875510428636148,2.8791994101830607,3.1393331665513164,2.9256323308432886,3.418275554535888
2008 Q2,3.320535689394281,2.852563350060577,2.9921202802393005,2.822096833270067,2.789783472999284,2.744719208899152,2.9334360554823333,2.949149393014635,2.8983600964396445,3.2995767590097,3.253919138913034,2.6899902463487773,2.7166858809434316,2.8783139969508515,2.778811293261298,2.7339755909533863,3.381059830302287,3.3984014298247818,3.2173738131158856,2.845016521586217,2.8143388419365243,4.063281686432665,3.363809434979648,3.5068493539340153,3.4519876917421675,3.6073263296899203,3.028734812172315,3.024471566727111,3.009361235114442,3.1699294810216916,2.92549196275843,2.7214318834916256,2.6860010828781986,2.952542311989467,2.9873192720704154,3.085010440078914,3.4285898049277854,3.4010399129538964,3.220849232089811,3.2376377030582204,3.1922411157306705,3.5576022735825683,3.2871456465845976,3.4521744164159074,3.0391646518525928,2.9235697193015784,3.324556776403592,3.500295798572308,3.0404193398446657,3.0000168500051037,2.834584478300081,2.741412250516404,3.1070158487650414,2.879030269818317,2.8609847926289746,2.7794284026943084,3.04453323951285,3.7493142098604078,4.166889613519527,3.4996248741600606,3.542524824607487,3.44235787485405,3.7226548328791735,2.6335552346702125,2.8424513882516393,3.2211315767598356,3.260342713146912,3.1273192401929704,3.186727757079611,4.053043461441116,3.4684539053100747,3.2353817000555267,3.079180633618993,2.53867773191223,3.2784161623863914,3.6153649127333307,3.6238682857320486,2.799263485747658,2.93124673644709,2.70943982234119,2.9112934199184757,3.0398177694378545,3.0459542303803993,3.1274259674267686,3.0021441424817956,3.400821133112136,2.912835811527302,3.4390393053830555,2.7316638510269984,2.96389940719794,2.9510063353410856,3.238076831637898,3.2016733396427046,3.2651803862166053,3.358015405032352,3.1940093486530987,3.9896225250925834,3.8675607281787916,2.9475822223156714,2.8531007880998134,2.8203939390672828,2.793268532523696,2.9694596335990133,2.658657869973642,3.122893333820111,3.1071770332444006,3.2268282429995865,2.9494629179715375,2.968934651607832,3.2539033108153315,3.258348726984228,3.4862034744195975,3.6985154643455713,2.9837341789548923,3.234804135068765,3.172538505725491,3.1421418531595533,3.669512100051976,3.3108330931595873,3.2452589695677236,3.5054679895761582,3.1336292502936987,2.8444495252046123,3.266020476395766,3.9430230149602483,3.217473317810738,3.1386877283502574,3.201516541075587,3.5231878058125137,2.743060281493549,4.027930311234715,4.0476342861429835,3.668729440876195,3.0578226892618656,2.944649169248386,3.226125006376559,2.6731626928936114,2.6633849537983885,2.9139650904248082,2.876069847250769,2.860962709520094,3.1495701581369904,2.9032895396514578,3.3554657113162825
2008 Q3,3.2073024227732834,2.7535331211468335,2.907815873615562,2.695651545809441,2.6654286387960333,2.6681971401595748,2.8525770795073475,2.880078263587492,2.8096776430962684,3.154704505646972,3.1080269430526655,2.613475173403865,2.627198323804752,2.80744850849347,2.7189270915194452,2.700049531537253,3.2437329819415903,3.2448792106899265,3.088843200197373,2.775621357261566,2.717061425924986,3.8564597023571445,3.236400211793499,3.360290063938935,3.317857438647068,3.453041564027209,2.9514224163104323,2.9645252519722347,2.851024342142518,3.030920552291757,2.8501416399966035,2.6611392979624364,2.620273246410934,2.8612576375570775,2.8618221118692846,2.9297548009252052,3.284994085505169,3.2650147715192457,3.0777457626587053,3.076727661146805,3.1073745294702038,3.412281243136177,3.1788172335821803,3.3324247609889595,2.899219224244188,2.855072792762108,3.2053780820706703,3.4024441515814616,2.945791692042847,2.8784948142856934,2.6985969413959956,2.6285641342514556,2.992815663859676,2.7716760043608124,2.803911750961826,2.700920423685821,2.935281790890161,3.566421872504668,3.9287368703823735,3.3793847614849652,3.4085641119740786,3.321190005060545,3.5835198029832362,2.531596352444416,2.7636634128394486,3.078971515881164,3.1205257503896773,2.9863903829004905,3.0496911330936842,3.9690370933731143,3.3708149878455473,3.076063508951417,2.9808745221376833,2.4863460771750185,3.1004909046447864,3.4636871710410726,3.448995669113273,2.768676426653401,2.8181126823779485,2.633469292267875,2.7687757834576194,3.016185358319712,2.9330179973986352,2.966289148380359,2.873721059374951,3.3842000518658986,2.8131835390540454,3.2952337659450412,2.6787736105765516,2.8773577453905492,2.8430596255107483,3.1179665663263996,3.0146762285917013,3.1285007628730805,3.1796509843903644,3.0747540300473153,3.8396859291857366,3.726610620709129,2.8587709825163987,2.713791873019446,2.715331620132742,2.731083854723986,2.86498500260676,2.546620057842829,2.9611033467678127,2.986413461858269,3.1728730430684804,2.8285424450502425,2.8560632778743185,3.2054868923422632,3.041815617299075,3.4581186082582693,3.6083376091732977,2.9133771612011636,3.0599829612996468,3.0714088181975026,3.017937150086901,3.5964821742993744,3.2115065914991585,3.1769142909106716,3.3827945180589767,3.028567895377733,2.787604713644185,3.1269265121217193,3.8104216832514983,3.124205590376415,3.0210762361166164,3.1285306910028328,3.345163254430795,2.618489799001434,3.844254863731823,3.8690212476986794,3.5314859154591214,2.9753138925496097,2.8096933753639135,3.1273166623000876,2.556154738066511,2.5719222072160455,2.7943662790008634,2.792224830834393,2.844777850609551,3.01569678940995,2.72894495349903,3.284664643831131
2008 Q4,3.034732045699979,2.6326098580441886,2.724116262803872,2.6489259378429884,2.544383971468137,2.5748570109867077,2.7245019013224137,2.690818836073942,2.6798087635004135,2.9434759083129283,2.9696174211723534,2.5192050111041318,2.516346611626356,2.6294694260025304,2.5674917274427838,2.5463789411893436,3.0450146420390247,3.041074735208027,2.924488785830465,2.6695766036959907,2.6226529097213813,3.619621552256594,3.0503075856678863,3.1503257701389074,3.1457166799835874,3.2157540297045757,2.8589500623705724,2.8420398072693467,2.7952686439149392,2.872756104975558,2.77137039724796,2.534282527910111,2.5271102429101053,2.7731819273855622,2.7211070896143825,2.8511697288550617,3.0920296324084586,3.058331247577382,2.910237547334211,2.8620894253451623,2.9183715567271324,3.215277075018307,2.979157791906139,3.145544929807755,2.7793601797359404,2.7329295194857384,3.0111264982235193,3.218320393802626,2.7640231584531625,2.7218944742477587,2.6176897604935925,2.474883224507486,2.876238298698012,2.7667139459942867,2.6753480792747966,2.690681993526658,2.774758193009533,3.3982580984330837,3.7602014289031307,3.160368637539418,3.2159793865739754,3.1658370940609313,3.4454196910311876,2.4865525190249915,2.654344214870929,2.9340207340194815,2.902981459871841,2.775511051280206,2.85594971697045,3.830578269813996,3.169499762699932,2.921302460449978,2.8239220814751276,2.369843375857247,2.968104485162951,3.254742924999928,3.225969156358851,2.6616287650259607,2.7671946360827255,2.567651141443139,2.733589429242624,2.916181308969548,2.7935352594312173,2.8673372408542477,2.7805439964323155,3.2277319075234563,2.6531439001140766,2.986210900174199,2.556316625398594,2.748911455586255,2.730332124781767,2.868156602199946,2.892830321211592,3.010567739143358,3.025023628492935,2.799527377820317,3.654045006425516,3.488304486089314,2.7471905107285037,2.6585598476117975,2.632418114919708,2.6018056715629405,2.7370630797151154,2.3832050320242626,2.8006375534586967,2.7948522712080255,2.990544204126279,2.761463607634029,2.761219119381374,3.0115999063328687,2.8962816929033792,3.2138548705076495,3.35930486889038,2.7599793924633156,2.938038161416463,2.904924759790876,2.9253898340781883,3.4584260954925883,2.9578408960917315,2.9892989575258837,3.2414226935681976,2.8966937790475606,2.646698731388306,3.0919325939358684,3.628356215422025,2.9093815880194867,2.8683877726542595,2.93991622444879,3.233337751454091,2.555089577374538,3.6453376495805716,3.62054499309069,3.304546162815408,2.8650100472394926,2.713262389716658,2.889129020139984,2.5308748157794962,2.4110527201570204,2.605563457103545,2.6651774118541423,2.66214479960577,2.9578023787422936,2.5884834149355713,3.206394744678363
2009 Q1,2.8800457432336244,2.5559395152475206,2.643908667185552,2.515646132215139,2.434066589030295,2.4082048248290726,2.62050639507954,2.5804415328709056,2.5634138179149377,2.8147237198164192,2.8230874770019776,2.3918921425850885,2.517721748483657,2.5379912622607206,2.484090566163807,2.412602931218285,2.9303338164064714,2.9008046105607197,2.8216767931096443,2.5093585586254576,2.4998912200852708,3.516215990177428,2.905198523745405,2.9552292896925927,3.0135553863206668,3.0886953190644797,2.7872428405575413,2.813203074470535,2.721557038396517,2.7676613660135745,2.659065501366673,2.4073802575114334,2.4606616605261733,2.654245768875731,2.618556803377062,2.647282474797692,2.940614386551428,3.0040555437410337,2.740537096959613,2.7372668354243515,2.79413511633834,3.0720076356188093,2.871150480015888,2.939598025408259,2.620426454896852,2.6119846605723906,2.844928289871205,3.0676036697817595,2.5966016300006425,2.643346809385597,2.529499414641943,2.429941189238014,2.756515951519803,2.6461564919885965,2.5714488035339453,2.4752888698083937,2.647267071885946,3.2358116402822454,3.73453401567837,3.042567559241992,3.134045688987358,3.0169314310924262,3.3249062273047114,2.4203728418548285,2.546138147078308,2.7957419634737373,2.826744935686456,2.6756354710470047,2.737667914661738,3.664925323208652,3.03575720916211,2.7760042661832,2.7033475808883085,2.2097819394951204,2.7814588106414426,3.0542152596376027,3.0477407193834214,2.54666378650729,2.6076454552077366,2.3990977765178783,2.5841308152152345,2.855740298549628,2.652416323973859,2.738316189762867,2.6560779564316674,3.142851001655781,2.60106049123533,2.7774583902651604,2.4586951925190133,2.593641278468478,2.578760120072245,2.7201954100284564,2.718498904912486,2.8483000890029975,2.9170859058669936,2.7750426749941566,3.55399032727948,3.3906067982839025,2.606396051034078,2.548386951033793,2.509076203818667,2.5393160404006903,2.6430175641778058,2.263122998209321,2.6962161430562483,2.672203449453521,2.843170795522049,2.64947445100125,2.604366978284481,2.9505957812208186,2.763231931146626,3.075186756359449,3.200071975233862,2.552086129191108,2.767191141036634,2.7566562181346868,2.748069195849348,3.2466845514456972,2.769423536475059,2.849551797029935,3.059506712916814,2.7552572872712164,2.5610339620708715,2.91043771194301,3.3430205818507024,2.7837868570616933,2.7684319417108725,2.791993218078135,3.0791529581727146,2.427600200064221,3.5029433752138677,3.4808489307863137,3.182355047227073,2.816695376294265,2.5940929848305925,2.831511967964825,2.427271208569405,2.3502640621051913,2.5369464582367636,2.6038126050609627,2.543918782084839,2.7889163435821094,2.4762752020188765,3.1023350244384655
2009 Q2,2.8923479225655027,2.4800849884809124,2.626188146333993,2.537091004154569,2.4064400852721195,2.4552481063862417,2.6147195283725733,2.597987367893676,2.518153250311788,2.8595273680034494,2.8526412008495967,2.3590205968728863,2.4066295630012626,2.5572095060435482,2.4381120217143217,2.407730929315441,2.903284020362287,2.9561083355073277,2.819342397928133,2.511481623913669,2.4658605612336326,3.5178288769590744,2.9237802066489404,2.9765038962737846,2.978738137878719,3.1144730767812425,2.7736965399128493,2.8032595186525566,2.7066374779747213,2.7880557929844763,2.601074165595339,2.401891886690562,2.411635283641582,2.642313290402077,2.6255059645729877,2.7505868050782096,2.987204528294513,2.946440782989257,2.813088260134257,2.7435100263979035,2.79112422808297,2.992255870688098,2.8475924565343775,2.9556293034275747,2.6671621194341206,2.600593035931393,2.831058793606246,3.00399290840992,2.6985227906620928,2.6661934301937045,2.515705694800425,2.52549376225474,2.7775624901098057,2.560662967163205,2.5437439031741698,2.5156333118674286,2.68225134801968,3.244509061754867,3.5140550760192073,3.0242320653171824,3.1024626476963473,3.0575856836087656,3.3269518648182297,2.310466312111174,2.5778748800153957,2.8009337490527444,2.80813588596228,2.7166716195451106,2.780767651829705,3.515041311961807,2.950288719818505,2.812798824018642,2.757182890113289,2.265395276572216,2.811799552573485,3.0446648442440916,3.1211975743323928,2.4626918734393812,2.553581906933643,2.3613935789491776,2.6504132440744415,2.821119900981393,2.670384443353316,2.73616622107445,2.7166214350668993,3.182622681445589,2.594024002957273,2.809545255912502,2.45896352049977,2.6664458344781488,2.56185237585113,2.7142305077776556,2.7416852834470227,2.8829810137034246,2.828360697840374,2.754212058573986,3.5544126333939916,3.4198184125628894,2.611159848732155,2.6563148947719903,2.507998991385088,2.498220960753124,2.582037155147106,2.309027371655614,2.696632380186937,2.6227661091305796,2.9027544388412747,2.6290095080999887,2.642030459613229,2.929087374790557,2.7912881862847794,3.2476705209638665,3.188573684016093,2.5525884957440756,2.8049680941715303,2.749632613970129,2.775814006910153,3.2323372989158714,2.8548217110959495,2.7642679646387944,2.9989405226643826,2.7025690782016927,2.5787733863034616,3.017466803155867,3.4377814477423145,2.7990243448948275,2.7585429436466216,2.813181707503444,3.017175612261097,2.3880958987494827,3.526600893760979,3.5247527152295617,3.2681912450717,2.792738605139021,2.5695722422419576,2.8878499219525655,2.3874798288344974,2.317140444736146,2.566997154819784,2.566834238105794,2.4951654246901596,2.8310727345389566,2.4650132400025133,3.1530687726647324
2009 Q3,2.986463651751887,2.5440680990114446,2.685562549515137,2.5483758493278126,2.4674966436591532,2.439540202190362,2.6483105773217512,2.6559597684426133,2.638824061961559,2.9576854676439086,2.920984266898994,2.3804452916766037,2.4551982336604348,2.6053126397199082,2.4987700551170433,2.460662646293228,3.001964313713808,3.041194532620334,2.928031587477266,2.538867677337499,2.499673253707349,3.706793612320336,2.9901061630961343,3.0917684755291543,3.060698141347541,3.255921652493209,2.7888474145197617,2.8408886759423297,2.7656144695539053,2.865077068749163,2.6874462208970082,2.4731599228736725,2.4710748999080416,2.6790189223632286,2.6437525197468816,2.743348467349879,3.0772150794152204,2.99864250578217,2.8769158152212446,2.8389285765923242,2.8657114312866363,3.042262785445124,2.9368206709036104,3.0737896485394005,2.7073465727982104,2.6206125867843153,2.898565077634738,3.0992001075955047,2.7731344740494053,2.6972843735855956,2.4739243925274255,2.433574924028781,2.8114013321407447,2.5746253003034183,2.5737905730545063,2.494681537772974,2.728034381856708,3.348711174681234,3.6450859544998435,3.1387993191915435,3.2544731264767575,3.157569111894223,3.4075160852230364,2.349389416619793,2.564959344737293,2.861007401229625,2.9368471747977445,2.79425502572289,2.857992093983636,3.5740562202338464,3.0896466472504405,2.8701203834640086,2.822044691391003,2.2602531235118213,2.891054523645235,3.1825805849908373,3.2427295471995476,2.50378179079121,2.6435698235030505,2.389357018576916,2.6830279650414925,2.892621179003142,2.7477301019947697,2.7331648312136303,2.790601671885259,3.1884617514316433,2.6004759726732134,2.887066800279904,2.519737100296299,2.6939762766765547,2.5989014001078887,2.7865891593617116,2.8044610368038705,2.9511112374946524,2.916659545208229,2.784898831278366,3.6645739600729637,3.5985824376198736,2.6568296973103895,2.4871896538019604,2.5691452483145394,2.5566889004187336,2.626858234897272,2.4025764486057213,2.7744359476550637,2.682675896345588,2.995051097494745,2.654217650160199,2.704184912810974,3.010458560110687,2.869681603391888,3.3445029560347965,3.3489767833786557,2.6308267164522356,2.9235092966359306,2.8517597403931765,2.8617746231270207,3.3277170144540973,2.952030349511398,2.7902171742867954,3.045909413073086,2.781851503108294,2.6054121077812105,3.0147812487029078,3.557362664148081,2.8605914884085233,2.8402042056685413,2.905065255764618,3.1087008487064485,2.4533264465494287,3.694955836005849,3.666524467783839,3.439412442661127,2.78723956481602,2.5962958882619014,2.859724131867293,2.389314298641848,2.3109008004917775,2.570230086504514,2.5544004233029876,2.5923777977474103,2.938459471105897,2.5310667358366823,3.1607612630395407
2009 Q4,3.088116836802986,2.5698998516658955,2.7410166182674796,2.5970523094669504,2.5019392427552147,2.4738304981900026,2.6775238528535783,2.723933163146077,2.6714065010455865,3.0189009571657266,2.9841736742242766,2.4249814894788613,2.4614933995483512,2.6358559825692582,2.544891187729344,2.441226828489674,3.0834250498969045,3.1638370755334284,3.016437333267236,2.6034063827623344,2.5261863319548055,3.8743916327481878,3.070160348346381,3.181919913978743,3.2076160443645536,3.3451625767451323,2.8666586567429615,2.8990837531249505,2.791729213485788,2.9303464405943522,2.7270376758835173,2.5455628819743943,2.504555148577188,2.770750776741242,2.673877352882193,2.8037704929961174,3.1467541735197337,3.0655249398675344,2.97525541286456,2.908089604863848,2.9395803075677085,3.200995362733176,3.0236487460480554,3.1173539340596106,2.7299113421368846,2.697937794782274,2.9432785860818806,3.1877962516840985,2.817074040468358,2.7743079192354085,2.519795227856977,2.5094611858243643,2.8786098112315814,2.645427515139827,2.6091336450501936,2.5411601311246335,2.7468145005423024,3.462127226553013,3.7609303373317187,3.2203799372016526,3.33763538051165,3.2218310661686016,3.4647893838510333,2.343869246542796,2.6644335528928784,2.953519526021353,3.0420466173823137,2.878053331857878,2.9384436486408867,3.826610506146193,3.1931274938566045,2.968134538879265,2.8647042662453384,2.2748995657339646,2.9382251299952875,3.3000687378433984,3.393727020064924,2.489282393799114,2.636938850261483,2.43620825939542,2.71894669770915,2.977926339394034,2.7731577887325867,2.8747451234698187,2.796556000458835,3.294726385540236,2.631954806981128,2.9954273655597543,2.5351401781181826,2.7136085509675096,2.682973413857203,2.8922294816562024,2.906590476584499,3.02013607575005,3.038258939663118,2.8845268710442755,3.784205392850963,3.7361960622457606,2.689919517526631,2.5008221393970547,2.648363141542211,2.562926230301385,2.6810577993570814,2.383526161348388,2.8572618068179874,2.760630737888961,3.0770534099859868,2.6873054277270008,2.710862750151116,2.996037307438277,2.9505359150269714,3.501733353912377,3.4726281250526387,2.710897183450454,2.979856825743006,2.9461048485190875,2.97002689767062,3.367646353082563,3.0414517817182287,2.8572804753612453,3.1329718972002953,2.8134342398807504,2.633295148703001,3.023795431175546,3.645146838890012,2.9326919594962866,2.9184247858333556,2.9819350954528936,3.209762945687834,2.4334619647120372,3.8457420716885373,3.8332573013498985,3.581127589386661,2.8889571593470853,2.6043812324420466,2.944352261021944,2.474004351049862,2.372268652706777,2.641899815103757,2.631610447390101,2.590092355535158,2.9866251368968806,2.624298762320691,3.092872957897868
2010 Q1,3.143500268839766,2.624025953003422,2.7439744378145843,2.589002257977682,2.5756528725689165,2.5022752764350367,2.689754831202441,2.773114046700129,2.758552691999431,3.095198576171982,3.027060581785031,2.3784228724532652,2.4863751449172633,2.631865222854643,2.5483348948672466,2.502962681402834,3.1670159527777404,3.1776337649292716,3.0576045063817974,2.5615179830409582,2.5036905825089195,3.990734009565535,3.0977898211238037,3.261326014923479,3.237642852509785,3.428555575277544,2.9058943821136576,2.8678130028161872,2.7440818522644044,3.0058575095125573,2.7521706170857856,2.482548406737881,2.4870168987972967,2.772600720406923,2.7273525652576898,2.7908419723998734,3.2396372944188907,3.1132196286893854,3.0193455004094902,2.9472993120990476,2.987571810587152,3.2709120491185932,3.1210768190879334,3.172147249082543,2.784534193771562,2.680569547782432,2.9824870734669235,3.2425315668792294,2.7998113454531066,2.7571018773357365,2.4971193222251795,2.52361118801346,2.873917791588169,2.610726959355248,2.6163511044994454,2.54449315472557,2.7532804971975273,3.603651286427796,3.8367177027647976,3.274209634600868,3.41286589918073,3.2556663688533902,3.4800776055809073,2.3418718948093455,2.667289350694353,2.966003787368609,3.113912126257054,2.955725315452427,2.99170424711731,3.9609094569544507,3.246506935803892,3.0235448576876576,2.903542974393067,2.2867166750510015,2.9980892640563748,3.409635044335493,3.4569926144639465,2.4635976324744497,2.6398375669254457,2.4580953275245876,2.7150293600338875,2.909975160465573,2.8236037824116305,2.8376563548092277,2.7637989241902536,3.2204740592874983,2.6433249976189077,3.066125054309073,2.542409315754335,2.757473462017415,2.649967411464708,2.9030155989226545,2.9285696871151203,3.0711331071097963,3.0681366366535814,2.920545146481173,3.89858138589059,3.912471112813771,2.688541909164295,2.5103929810410226,2.6833528175458965,2.584781312864739,2.7222932980351584,2.4448872166499758,2.894331661319856,2.7646949409230612,3.11131233360888,2.6669527883277264,2.7617290940318915,3.051227033196166,2.991439176891531,3.568534941491879,3.5434999763132957,2.7218202189383764,3.06151889852483,3.0232977771887746,2.9452085002701174,3.4374310955736664,3.1200915785951593,2.903510066286563,3.1750697079083863,2.8344828596541083,2.6660262016742577,3.0767209078422453,3.744548346612918,2.9495857916539587,2.9345314972971743,3.050556013719432,3.283870000313974,2.453748512911291,3.9383068994030026,3.932970933958505,3.6903643608299834,2.9289158816449534,2.707734731526799,2.977847271363429,2.40668702716707,2.3831308542798673,2.639561584733644,2.629362147186885,2.5948862250867077,3.0437311440805583,2.6881679775749183,3.1742357587130403
2010 Q2,3.2129321428027486,2.6298381471318404,2.8007196350142216,2.6433237243978187,2.5459488455781436,2.4766629905610067,2.7386623724130925,2.7998631776890504,2.769944455296358,3.13153829931589,3.050492927948449,2.4043480271352715,2.475723819760205,2.6423384580607268,2.54637769824176,2.477361303710901,3.1868170560546494,3.241645721854273,3.1272671340311122,2.622511230679263,2.518077173451911,4.094347854278887,3.168624314490034,3.28882160646184,3.299671989353034,3.4664415060948133,2.912847848765191,2.9312017715381384,2.7983517083916336,3.03516165359526,2.7792422565003556,2.557930785600403,2.573926120343579,2.7984769824508318,2.6908238260567487,2.794541561092158,3.250555958497993,3.181134649988447,3.0790271862824308,3.0048202977722864,3.035362886038637,3.250125422148117,3.1560074867829977,3.2103790665557677,2.8116933987726114,2.7150974598320397,2.9965426941149857,3.3003472603173436,2.8463813161492855,2.8140874080314378,2.5062126316103757,2.5341814608325137,2.913836153268886,2.6369806898979506,2.646971707474592,2.556017746436923,2.803328233541739,3.5573549698409597,3.998549537087033,3.326788794441209,3.4681809809650237,3.3250788614844313,3.525703702995289,2.355722367277902,2.667935978827065,3.043753444959031,3.177318924454062,2.971083237068596,3.033434550026723,3.963637416817565,3.318232204930194,3.061073204661379,2.897563446862348,2.318391469250766,3.0271006196146537,3.4647505961803637,3.5415358494129543,2.512872606094669,2.6261695536137455,2.462910344086,2.752482538133502,2.954865716860039,2.8351659539099394,2.932332031731629,2.770302705965573,3.307577934563432,2.6934127970168253,3.0945230288738235,2.599463297022391,2.7654385039542446,2.692352311846178,2.987366182376174,2.9882497198253524,3.123995839445623,3.141114744033374,3.0186967033552476,4.002669500269316,3.9615276817405585,2.702675342141477,2.580963279610609,2.7180929486220373,2.602058350694996,2.735315451368191,2.4274492291005565,2.9086143639044133,2.8135103164404787,3.1838767463264084,2.705921967607505,2.786701238112329,3.076961861058104,3.035438523028149,3.6304898068573244,3.596781781906736,2.763796409281654,3.041081883950386,3.0170485669308804,2.9937506215889664,3.427500346815931,3.161647872141931,2.9357158951117297,3.24256619773852,2.8565200149826078,2.6577934816561264,3.078941022802074,3.831150203387012,3.0551274255112784,2.97421548783699,3.0849927370738963,3.2885955880933224,2.437472394975268,3.9980915545239206,4.009886950835638,3.8055634348028287,2.940827934946486,2.670693161200923,2.9728667515354954,2.406202057112257,2.4020168992510267,2.68650841011002,2.568424534691527,2.5926173000969097,3.079206255840755,2.684897447935568,3.1888668699000164
2010 Q3,3.2627317127695057,2.6675657704594484,2.8095706000647085,2.6479758287934665,2.5055295319293918,2.4976959879848635,2.7293170732049883,2.817961426393676,2.8202980143133387,3.161807426193865,3.0688748411968656,2.3929939017197137,2.4912840268441205,2.685235042073702,2.571018730622395,2.51390983854917,3.2290005448344137,3.27105260809616,3.15523935908213,2.6011056579440126,2.547279679712204,4.085527999598302,3.177617402984001,3.344389697068592,3.3232482477188703,3.4899638504827992,2.899414881541462,2.890342272879368,2.8163282808766565,3.0711170660719778,2.807901902339548,2.5300591285901306,2.5492021331001204,2.7935043077744073,2.6872119019820047,2.870188877797348,3.3020748831948747,3.2109091824267764,3.1235073319360565,3.0056960208107406,3.06203355519191,3.3319185520250127,3.2063043616028173,3.2551942916460876,2.8308206207580904,2.7368709328188685,3.0428006232558134,3.3472534629565476,2.8433752502129295,2.826199756901275,2.53038591018562,2.551893681622424,2.9278254015781906,2.636380453395235,2.6552722135470113,2.5857639446632166,2.790976030988564,3.63187919640123,3.9848091380981643,3.3578516045757003,3.5456294501225627,3.3405461050320557,3.568970797660666,2.3578804756785794,2.6779519214554908,3.0733972969217582,3.205234985971394,3.0008567202292613,3.068271113128915,4.113845694285784,3.3961830443082435,3.11936649141366,2.913252908882012,2.370141084788742,3.027573831198002,3.5018107892400328,3.6125228015064823,2.582695259849221,2.6586393055619304,2.4384892089047505,2.731425034138565,2.9982135349245222,2.8608512753536677,2.967808688698063,2.7629777458624405,3.3472367377169516,2.7024834971427394,3.104054763328965,2.5125838848284863,2.785925425178303,2.720018920128067,2.9619524362704683,3.02408875848121,3.1684512204078743,3.1333349217761337,2.9703400035090506,4.076739988931585,4.10888039960607,2.717833557398516,2.5224917575130217,2.7305240465626506,2.6143312114921042,2.726116645901029,2.4204725224920907,2.9488340539279827,2.814183082652463,3.226046868096334,2.7226597539945834,2.802353558685636,3.0981821641530525,3.0599328011574998,3.6930125034450727,3.659705080838668,2.7316542802359627,3.044238516710015,3.0852374426223363,2.99285478575344,3.479877010611759,3.1931195591555475,2.985051323174475,3.278775212484545,2.856429216407539,2.7302838269314087,3.0895582935002084,3.8991680986924235,3.047871169733906,3.0019043475827556,3.049534964034126,3.307991640966278,2.453449509482356,4.088030234953248,4.078569149052839,3.8741949028627576,2.9338131297213765,2.693727649479517,3.0099078194324984,2.4196362976556403,2.4077470503467095,2.6638112111564185,2.586011516745969,2.6342237949687255,3.109143496845208,2.681413501610406,3.2295583681834974
2010 Q4,3.2429509872090647,2.6542785293586406,2.777113225900933,2.642891642015606,2.5156715911075214,2.487008723334225,2.723532482399272,2.80538825129171,2.773582054067561,3.1337486808117143,3.0390347867831498,2.401800375229006,2.453766180520845,2.631085114017636,2.5160762522649938,2.4385069547858453,3.1799973821264866,3.2171508789515033,3.1534559079683526,2.6202722528864095,2.522244176961789,4.029098371346201,3.1830167544999526,3.306675605710034,3.3381365853473035,3.433496695770787,2.9009160738767528,2.8995800187636216,2.739339614248212,3.041862150224757,2.741385143819044,2.519835310658735,2.5613425468921984,2.7839117564750837,2.6819589682898406,2.8124015759822005,3.28341866155964,3.178406066295185,3.0761473212642163,2.976662065929485,3.047281310762208,3.2645409623274255,3.165910878883064,3.199100839927545,2.789454274291792,2.7446500913489973,3.002957852344845,3.291698706323817,2.788034147482847,2.769313248663815,2.4856077562027314,2.513369148804847,2.9211170498546934,2.5798031975383804,2.642107236518089,2.5266069645440425,2.770742294406856,3.5685192953331266,3.9765720772262823,3.3669905036703356,3.5664570465628733,3.320505309912964,3.5074580574539524,2.2758114184142526,2.634300110177976,3.0104873000656176,3.1720717883818095,2.959657664619494,3.0446468297059233,4.037316125984808,3.372339824853157,3.095245454807327,2.879033606990766,2.330387589933887,3.0139131028760264,3.4698893545910856,3.5832617800713895,2.557500555851513,2.679043308015718,2.3954767473344742,2.6922139140517234,2.957226892588541,2.8422068946092924,3.0013543327317325,2.7945677789494363,3.223822819704029,2.6610827494344567,3.0483948984300393,2.5451661158488155,2.7571884413528904,2.6849678942596835,2.9211237956880027,2.982260057316354,3.1341313431758633,3.1128979337846863,2.98032880230691,4.10983039161585,4.089549568805186,2.6749851166000025,2.525542182376582,2.700863999681194,2.5543296320654023,2.675257439109182,2.398170730159058,2.8893967318659333,2.7863078473328495,3.17380206489671,2.676601638238459,2.716463792720252,3.093972230546443,3.0309887214476627,3.7153857021156225,3.667526461798857,2.7442856940262694,2.9691222800741928,3.0430151404879346,2.9284290766417818,3.4293169508100667,3.1694628457395666,3.0043539227946874,3.289403574474909,2.8331792860432365,2.6050682947709034,3.0522647754169934,3.868644320837816,3.03369859147253,2.971657170949291,3.0505847912937476,3.277125585107429,2.4188167700921595,4.0393744389459645,4.030737483028861,3.8168967349359098,2.859204555854507,2.6544440600948938,2.897399902167537,2.377382783492133,2.3936583623996572,2.653935548711113,2.575343202644578,2.5634277970937696,3.0573763905430047,2.6436596675700534,3.136888383784837
2011 Q1,3.2249410010793023,2.6070784329862615,2.745158953694094,2.5787405091293407,2.4694474915526246,2.403002185784816,2.6899663370318017,2.757003991758982,2.680360818103573,3.0699575975504976,2.9552404400959227,2.3335383762932382,2.513936639357123,2.539388891908589,2.4822962131776216,2.419759049143824,3.1227481139336164,3.185407755782348,3.136462887601065,2.511951480454541,2.480268401596919,3.9692449137423815,3.112219031602501,3.241324115713658,3.2721154212391736,3.391232403738556,2.853518712579927,2.8775576035169044,2.7388174932871836,2.996840349786591,2.7301967306476937,2.481376115792357,2.4936078850728296,2.741939929457691,2.6790305533892993,2.80422375968655,3.255217520295269,3.1538174127417693,3.0433962417744524,2.954026633622735,3.0068611871458106,3.199285682842815,3.1331607139598097,3.141440942620429,2.735795427031291,2.6851573312162795,2.9444830964311217,3.299736674622972,2.8066343153426048,2.773819206790141,2.452709140769461,2.440637846984636,2.8460811300288897,2.570507905507,2.592354951151282,2.4577882634698893,2.7311707050269463,3.585078151817325,3.9808257727835232,3.3377444804392207,3.493744711786821,3.2570719534239037,3.480231712663043,2.2480234520077973,2.5356257769515618,2.945436037871076,3.158308633372519,2.921253171142719,2.999848169900563,4.019502393925439,3.3246825449789355,3.0512043484246387,2.8846789997192808,2.2656297922053317,2.9834129559529368,3.440830663123911,3.5716280787653574,2.453432480164363,2.5798164168076427,2.403490317554343,2.711380912469716,2.8789861083635975,2.81651887022538,2.9152181774988777,2.7496582354622046,3.199533407775473,2.6068976807987596,3.017318980640214,2.509321320399234,2.721457321520289,2.6624315155088483,2.892912785809709,2.928577335524488,3.1414228869968754,3.0810843563824033,2.9406716129215136,4.1314652857853496,4.020091814749311,2.628144366350202,2.4636943576010006,2.628342876168792,2.517201242957786,2.6712683749034913,2.3621594297727304,2.8606729099653863,2.7632639572605306,3.1430804466636824,2.6959973074114076,2.721001902310062,3.0520274928138176,2.9667880215806504,3.7330563091982993,3.6506650020772096,2.633473502584729,2.940791328581041,3.0024133069638492,2.907225816060991,3.3288492029117944,3.074494728837333,2.9282719647498032,3.192523732647853,2.757824950313753,2.584348533475489,2.9972519859355393,3.866301278915025,2.954043852091567,2.9480628042706547,3.0094954209453664,3.248616878916952,2.3573211866350463,4.024525168368808,4.042475773764386,3.856453169182938,2.877696343739406,2.5858006805912783,2.8926484144586673,2.332532021907037,2.3420254904327438,2.5859668202315205,2.4990089112852782,2.5452895494213688,3.050196299829367,2.579130855697195,3.194266748580554
2011 Q2,3.2369320187379707,2.57077362654422,2.741065821309005,2.5598945203123207,2.4677283752328485,2.456079503524554,2.694937883045243,2.773934459341427,2.7390051896788776,3.0869116723479526,3.001965696735168,2.3389419832028726,2.3677457980010215,2.577717202624515,2.500867382529123,2.4140336374541946,3.142792131545329,3.190857569186921,3.1318914003237914,2.51166536498396,2.491675998434816,4.00151996850258,3.1581166350317416,3.262478868414788,3.295530251265063,3.400145371064968,2.8882518426278163,2.895801783496632,2.705740471189897,3.0190814809352395,2.72616323398949,2.49374489733505,2.5081028747803082,2.7294134766779656,2.682081144251604,2.784491033167346,3.2617488969166475,3.125832414186593,3.065272449396601,2.957011472086786,3.0113955974356994,3.224755853596823,3.1675317057846892,3.1516288534150236,2.724637136201207,2.6564447183592135,3.0232273592797463,3.301976420583419,2.793814489765601,2.766062141839505,2.4087295732924234,2.4517902944021017,2.864846570217881,2.5684423263792087,2.6271054672395335,2.482540252876855,2.740915250855039,3.560084427699267,4.058932044390078,3.3374827267512632,3.5475164912541604,3.279162560486114,3.4831365197828354,2.2437291242164443,2.5680402103894746,2.9845073086074585,3.167836530719768,2.956432142250429,3.0248647523848766,4.09829544927216,3.385208649948993,3.077246911244424,2.8709764470983496,2.252663185203113,2.992806230205193,3.458832540894948,3.5822605150762064,2.4434283518713484,2.5731652280046884,2.369535349934439,2.748440836989925,2.9111186749080975,2.8216691537125844,2.912550459823479,2.7136830471997335,3.2349959810116284,2.6399981888389377,3.066250827049161,2.548535317949315,2.7291693045901346,2.63558207314646,2.8649726984154005,2.927221485143062,3.120270834754094,3.0599147173134593,2.9372796986483443,4.134590891460797,4.15931782579339,2.6607620901817395,2.473362404910723,2.690431768850415,2.5456270121604248,2.667600544269841,2.36688430003477,2.8801607166762175,2.748015416660364,3.171176411626261,2.6482175726742057,2.720470366848851,3.046293372516981,2.9889207801041713,3.827057367462584,3.6622979863620246,2.6289575830378094,2.9692636287280387,3.0140800574415167,2.9506006513660785,3.375818355484698,3.1514507575319155,2.9128199446683003,3.2522720774308613,2.7929319885084474,2.6206954406712817,3.010363590237203,3.9299461760868235,2.954488717363589,2.9638110719148703,3.0276700129411718,3.254495948802549,2.35953562810936,4.130085648061391,4.086950371766418,4.0028724746247235,2.858033191777719,2.6216505625498883,2.8982104871952767,2.3551401152125404,2.3523589739012984,2.6761905180943457,2.5067994994858105,2.5342241674723542,3.04744335868014,2.6042198020115652,3.1666537739472562
2011 Q3,3.249613114592843,2.607029477858827,2.7537993773565366,2.4939543122352816,2.4652273835174983,2.4305028581177224,2.6918110850396353,2.8022829213476363,2.699660923172985,3.1123881464992373,2.998901403666273,2.3126654016030246,2.423252434351355,2.562797095186954,2.4989353933811613,2.428211178914722,3.1472672724090462,3.184103608358619,3.161526776863706,2.5173667666052078,2.4568686659955015,4.084965258275189,3.1421077205952175,3.293958035784989,3.366729487920606,3.4107247121897375,2.8397694225574095,2.898634956635581,2.7062780119591476,3.043468585844769,2.760246540106444,2.4205033441743966,2.5236175764949933,2.7150632099755176,2.6652756627387943,2.8140738417968563,3.243942500286742,3.148843051765679,3.087612387930936,2.9886140509751975,3.03305624755103,3.233346289973433,3.187232860893406,3.136061523041403,2.787117345987269,2.7148827023714333,2.9737939499592296,3.3373298521718495,2.781944651986441,2.7671904534892753,2.404269188801152,2.4163250037585597,2.881928781217306,2.555102890730222,2.590401403772527,2.4813452762747756,2.7512371578836055,3.646298424683562,4.132997079121025,3.425887032584528,3.633465166944038,3.289345617914846,3.5019908388169854,2.1744373391372265,2.5765504680130284,3.006474122340043,3.205133234549114,2.955753094323581,3.047997221571747,4.1619681816224485,3.3976475986881773,3.09415625438313,2.87001986171503,2.2350373978394797,3.01997427199938,3.553941710398315,3.6678438277669434,2.438032430021661,2.557646546058369,2.3738900705881574,2.6857578399502167,2.936174856644527,2.809876679811107,2.884348453067549,2.7267990722719953,3.2629677654550635,2.606698730359741,3.0090983547040637,2.545315151229163,2.722729874831005,2.6215108548227537,2.875897955522942,2.92560341545287,3.1505164080740644,3.069343104042942,2.9655036914477195,4.246224659733293,4.263773907747713,2.63667526345038,2.4438277617294855,2.6775449153098174,2.5223616296140206,2.692455894523763,2.412421643259206,2.886849020081652,2.758681308623305,3.1951402675216025,2.6504547282682673,2.710976378407334,3.0434761604821143,2.9966374489019474,3.9986417936538854,3.7344794030029553,2.6548432958829595,2.9700632564403557,3.0211084439407196,2.9705962955708594,3.366318098460304,3.1569798962240077,2.945419310835434,3.2553135350633857,2.7878720423928804,2.582143783628974,2.9829569157320464,3.9624738812045073,2.9900296593910087,2.977134122676433,3.0245621163978105,3.2703848194454492,2.380204045105295,4.217514518789416,4.201465440216818,4.067193863213967,2.8335318196985506,2.6807679245717875,2.918096400167027,2.298268651161061,2.325011838688562,2.657953795666795,2.5362737851253447,2.5468245116367227,3.0508440559354657,2.6065678379278028,3.1531428897097427
2011 Q4,3.2540650038456227,2.5726256419069617,2.7430979389266215,2.5415673923590516,2.480793986268894,2.4292753939383034,2.678015645172427,2.8103268318701544,2.7397151072579344,3.095629267846308,2.983925195151328,2.2849888132365237,2.3987096736093667,2.5797471665257823,2.4458604585412083,2.405037207305346,3.158890499180064,3.20806357107505,3.1333288740261676,2.4916286510653607,2.4832116024489665,4.091735649961129,3.145297228457597,3.311182489299116,3.39484819178221,3.4340780373632795,2.798562348432698,2.8735180590736857,2.6881833795068273,3.056068329890572,2.7671942767087314,2.4714861336349885,2.458625366621307,2.7319938846026797,2.6319172386822838,2.728734441108813,3.2764869784069925,3.157996542098404,3.0948019174378056,2.960767314343277,3.0143658754334446,3.3061833730700103,3.180791149662165,3.115444643047316,2.7438789240337473,2.6867344814145118,2.9918644835443855,3.290962140697664,2.767634341249128,2.7417381249898845,2.381120727051593,2.418890614181595,2.8373019959934176,2.542091746636357,2.572730580529735,2.460537462151937,2.7354326650248186,3.6493330887622126,4.09436489350898,3.384938758080723,3.636131287931065,3.2598975135206287,3.4821424114691126,2.2033128941216047,2.551280788508143,3.0027002969300667,3.1919288964457864,2.9859749799277195,3.0519711895946364,4.184858235428667,3.420554728564288,3.083440221430769,2.8721834804921103,2.266718772327911,3.0081071025981196,3.5433356926616124,3.653995238594721,2.4752804317711106,2.545026328016176,2.369322263016604,2.679183701431197,2.9117201450138315,2.8101525736252944,2.8918752440974798,2.675008671645726,3.2187263356676175,2.5909094094781633,3.005268146403289,2.5187634870736675,2.6965428973667698,2.6253846906610807,2.8803617643020814,2.9361153993465647,3.125578695584604,3.1041369170428403,2.9122633818756056,4.249027826806388,4.293558312646471,2.6142257689736876,2.4597731113387935,2.6678920944159925,2.529144452813688,2.666651294159248,2.3749453621005228,2.883510504575959,2.758060214758774,3.206539279891084,2.6503141803514576,2.6902135788192645,3.0364410515653337,3.0263049273768106,3.9925106203698206,3.80489867986897,2.6273219581516742,2.9364617762932688,3.0203300028427558,2.950027845148153,3.4033879716557514,3.1410319176243457,2.9551196378502254,3.248864806657768,2.7819668497538665,2.5624919229574186,2.928101412463667,3.9833717869280827,3.003240836812973,2.9535596723117705,2.9961811795781386,3.2346997022748996,2.3670076672566314,4.203227819729532,4.245414624462157,4.084446625045597,2.853863039080852,2.6162901249572985,2.907916860867765,2.3182781320381745,2.3185270378026983,2.5954414546271516,2.479950822433519,2.5729069822359496,3.046291726676281,2.6087861143825197,3.092804437191478
2012 Q1,3.2559724918453146,2.5617265831097495,2.7461436693749337,2.5348561510830314,2.403955708265492,2.4235655297819614,2.662718415268468,2.810862125045885,2.7465716769718127,3.109086833631728,2.9567952174640926,2.2145825417750546,2.3736951908210138,2.5483715956609307,2.4430995947368865,2.366949762090097,3.1674213586116315,3.158724040345345,3.1305546439037504,2.507362413980336,2.4225299885247704,4.112085056754876,3.11874957725329,3.2830350975507003,3.3470488696232503,3.427641911725574,2.800344738170294,2.8646749414595507,2.650342102547033,3.0499937074487167,2.748110573589938,2.4191729766853625,2.4466454620728055,2.7388808906858944,2.648099274167679,2.7491408790121543,3.240855400990464,3.16881363742118,3.0804218144923077,2.929888507122715,3.0084326613272037,3.288647697794916,3.1787874696861795,3.109937887455987,2.7229879555806815,2.6639082943256724,2.9829604560819747,3.352056007723609,2.7765893624384574,2.7309067637590014,2.3302955221520967,2.378959813608622,2.846129483111863,2.4998682557753193,2.5807330811380673,2.4090137450083517,2.724503905875062,3.6114310076689504,4.174145850116209,3.380009667154949,3.676202977822062,3.2549972780631475,3.4525239262111422,2.140672768317579,2.5476805959835236,2.9873228712841895,3.1914593389614594,2.964728909293417,3.048488240341227,4.255928864740442,3.4124766944793308,3.04397148790917,2.8230928531507438,2.256060122346086,2.982361534685915,3.519718560541889,3.639646321173648,2.3898368080967285,2.5059421437223475,2.368229295228699,2.6205956969340174,2.8523581707821424,2.7965526608356166,2.8525558778922733,2.671073708363116,3.1485460670802334,2.5805754807276586,3.038758348821749,2.5217709419466456,2.691698397040778,2.6157497845381057,2.8658091758591087,2.930957783939641,3.1438926648052568,3.1138385536053326,2.9519775157423296,4.284679020164191,4.351717673802282,2.5901897725363776,2.396429661032551,2.654139883654525,2.458515585467663,2.5939081884525934,2.396919347396029,2.869885386756928,2.755802751609789,3.1995414860289526,2.5982057951775346,2.6764893381289787,2.9978749779234417,3.0290839550284367,3.962643792512733,3.7633411556449494,2.6299311547431556,2.960342092314215,3.028397352718038,2.973714374033127,3.321271624673387,3.1353569120805598,2.934781359977477,3.2323788969103093,2.7863770124681633,2.5602481833630644,2.8600306197356282,4.0323538398109235,2.980852294975216,2.944633858090221,2.985156559536213,3.254190228383362,2.3550900476303465,4.259111849058447,4.230283802281196,4.1685403915794845,2.824767377569798,2.609188139680623,2.857686869717159,2.310736898863641,2.2854872496869683,2.610645959486283,2.463075954941256,2.5085656302219212,3.0387739863733074,2.5847791499604873,3.1507121199182873
2012 Q2,3.3106664069767313,2.6004155942593905,2.763257976139221,2.5232263676823696,2.4755106600490766,2.433245644528501,2.6918245852658735,2.83751850487558,2.7841202843337927,3.1545338298655192,2.9977770627380194,2.2673401703968294,2.3609085624603323,2.572518591857269,2.4700081672851857,2.35585546293792,3.2083903967632303,3.2033900269321265,3.1674106905245827,2.481575490206392,2.4460434407416773,4.214153595359741,3.182720951445346,3.3341533855486043,3.467311153006794,3.481863548177537,2.7864349480186696,2.8557334486914785,2.6904443897606742,3.0832007627996063,2.7699318875430174,2.426523904105286,2.498882115402846,2.6882719328329565,2.642452658458885,2.72735035569852,3.29301404617184,3.191814481673559,3.1743775866334234,2.974147502055491,3.046693673952852,3.346909052717149,3.245562387487307,3.1525620359573248,2.7782835711964364,2.7013793419338814,3.010424341706536,3.426287536962582,2.80045792536535,2.765768849084475,2.3399832785496106,2.4203520303787256,2.8526936873977693,2.499020580835347,2.6024814559151124,2.4302335045630095,2.7246459298074055,3.735412875931817,4.293638526812623,3.4292565423816725,3.712450273356776,3.2745940213135265,3.517796985275231,2.187277557833838,2.5268245661737017,3.03816417238719,3.2758363861203468,3.0203090336021434,3.0999355487421623,4.295696954887465,3.4652111393657616,3.1274469870795265,2.8758517807629174,2.271972466242842,3.0194012739053138,3.6598293564798627,3.8152608812601043,2.4438783482758297,2.5444305021478395,2.307763400587057,2.6461133534810712,2.988120235363133,2.8341738338928706,2.9010114284808064,2.7203519174498356,3.2873154073451305,2.6038493601354538,3.019095783978172,2.5334127057317595,2.739483865269028,2.670586882302332,2.90380611742015,2.9651837270477284,3.1891596805082494,3.1316318877921003,2.9697460037162533,4.48570472159499,4.53349001802541,2.6311418378470037,2.4386307358867465,2.683876299839659,2.507634459405089,2.6553575252278185,2.398762165919414,2.911546044347614,2.8100037559185482,3.257802897339661,2.653168582887248,2.680580130766978,3.052739678876664,3.0392830344466644,4.30804531250933,3.8881643015781386,2.6488715389457607,2.9855862014844003,3.046525002511721,3.001479702960117,3.39423541229531,3.1989784598714786,2.976910388444071,3.281475871333357,2.8006047230990845,2.572349242526063,2.9795410792997914,4.1761657431111825,3.0143619343708306,2.976217527531543,3.033687343752779,3.32106769160826,2.3366316514616594,4.425862069834216,4.406997933580045,4.388248322137506,2.8367075908814714,2.5914882648612894,2.949880504172159,2.343796639786204,2.343406538251925,2.5836738382676794,2.469450612412832,2.5410371930526545,3.1189659794354077,2.61185081645967,3.1620846836892698
2012 Q3,3.3434801001055163,2.580707855625353,2.777262144993925,2.5583062696510046,2.4230311582884827,2.4186421286790623,2.694736226208202,2.8441609897315434,2.7618113087644773,3.161529426836198,2.992948115753972,2.2633353769907436,2.345484072079927,2.5372576503390185,2.4542694495505244,2.3724864464164503,3.1912788381739476,3.2249190096326137,3.1864516924812185,2.4795504680983327,2.472940445834684,4.259814042377461,3.181525256614296,3.3610304042456076,3.484940863933027,3.513120056736592,2.8150684203843963,2.858494661028876,2.6246438098218423,3.1077675150557758,2.785502513418359,2.4541424928553224,2.5158572489407027,2.7165199926336956,2.6318530539122063,2.7612424896197565,3.313393696018893,3.2420116626303592,3.154197832087235,2.990152059772303,3.0583325809894935,3.3451152048387383,3.2900461925782145,3.1661563722944472,2.793700855699494,2.7114410822343933,3.0267753889394906,3.4348224521051947,2.793980317827451,2.7702251971022154,2.3386299888992466,2.395184256611821,2.845568937902361,2.494930749745239,2.600359721462703,2.405400111159877,2.749152126657059,3.74712284440757,4.400615250093392,3.4082085189447557,3.7502023824344337,3.299171785838692,3.4860204085823825,2.100382694721042,2.5398469840613838,3.0436093338720265,3.3175999999779404,3.024166537303539,3.1346950323913414,4.409769647203124,3.5133437214149583,3.13979647743037,2.864426853661506,2.246076731349779,3.0357977895904034,3.7042627499677665,3.847292912376224,2.3819601887312705,2.525156954606416,2.3077141811682185,2.6331758066616096,2.867984716996773,2.8353205879435706,2.939696278844526,2.6536226350289835,3.239866022007662,2.5923620503942066,3.059283721941421,2.4989319387479476,2.737420438518578,2.643479893483874,2.9559122958517294,2.9795964819111527,3.2519247261707425,3.1314658332395897,2.9851255282008493,4.5609638284163925,4.633431223570835,2.626735202919655,2.4262457668862654,2.705085781525339,2.5354366440902107,2.7293808362001886,2.394792600625526,2.9239306692204345,2.800401957625069,3.2976918453645827,2.650760026795703,2.7021085975124057,3.102905408786629,3.080643515752582,4.378156343380992,3.95322485428717,2.6493544893969085,2.9813481976855822,3.044995523481602,2.9828579335896217,3.3833417547081837,3.2183256227818116,2.9929945325086202,3.3550987576181104,2.798349192064752,2.5658710373295577,2.957603399454755,4.206397243695587,3.0225018798439205,2.988612435505935,3.0708157749760385,3.3483096846773748,2.372116691289505,4.554984529860787,4.522953171695867,4.405611790415289,2.8551168621621987,2.5784984626173006,2.9364823532621704,2.3230583900351855,2.309073665011095,2.624770870956126,2.4384782417852406,2.5525971369451628,3.0777031447505037,2.5976317317545115,3.1171911634730405
2012 Q4,3.3250023851740456,2.5670308070955614,2.780606598705671,2.5154004508462835,2.409334956552377,2.4561355152461135,2.673144740723905,2.8485395612412163,2.7656925434690502,3.1559147949330755,2.9862536897524476,2.223047088132891,2.307858170593612,2.5251476465177745,2.4540182821175125,2.3227670595236085,3.1900971046302953,3.209319571962872,3.19474320811544,2.482332804042283,2.4386225590751684,4.257625789394474,3.1825009983975545,3.3546235019592032,3.47657619015619,3.527618867878047,2.8007144768917533,2.7937001925207547,2.6435151672949972,3.1033898793495505,2.7835628271961603,2.420931352722882,2.5098758502634677,2.7099847379822335,2.6376076145377603,2.7411520026088634,3.3363831971419162,3.2300917858753655,3.133045811325106,2.971563117242206,3.0504947389289665,3.3841019726210373,3.2806182110458098,3.1750044033439084,2.803285721796247,2.714413282072956,3.0291674664969266,3.4291023672238192,2.7759964832072552,2.756806883773349,2.3247638702410627,2.328249873232868,2.834954753266076,2.508577957465771,2.5463633535825836,2.400565628875068,2.7433562024250207,3.7712620436155744,4.472482093354418,3.454830746056162,3.765831642199262,3.297991465565526,3.484079723498235,2.1272658962613766,2.5608477651115904,3.035423121622183,3.2967417870029188,3.061444324470344,3.142590049184015,4.427849461876747,3.5412541767378936,3.1329314519877642,2.8532199856546145,2.2636038109650958,3.017031947943001,3.721260189723811,3.8785982269299835,2.377496698578874,2.470140384759469,2.3233366792809043,2.611263395988861,2.9464943894847146,2.8236267089196936,2.9453097509462016,2.668268782971026,3.1869315471642756,2.5567293159337443,3.091677819412888,2.5264461093385093,2.726535958183156,2.646793600987358,2.9575475910542255,2.9771238818344345,3.224192932564383,3.182196896508493,2.995367225712964,4.625550840974355,4.655796578790592,2.6001975519577365,2.3841057275832633,2.6984017785525554,2.536779306835485,2.6897545924231903,2.3998482570143382,2.934371534509004,2.7889109557111063,3.3074995569745047,2.620440633834773,2.661799744523721,3.1156730234055954,3.0563264804177814,4.340051586220556,4.006323048745814,2.6813359378377433,3.0039790059807134,3.042831554318607,2.9927661382400332,3.3781880840550116,3.2462978476215563,3.0088540971944013,3.3266911434958146,2.8126885564544897,2.5782571245646673,2.907879011437322,4.27041841577302,3.0206670389002195,3.002087149754977,3.0258814636743243,3.3377678755359477,2.3279365056499355,4.562321629936455,4.56313481898538,4.4583690781098815,2.8570843599070415,2.608199789507995,2.911143751357756,2.2786464403639957,2.2734760566475636,2.611081697044347,2.478952591835732,2.5529565325846266,3.1116470222660784,2.6206481044740095,3.120911226584673
2013 Q1,3.3385272156717374,2.592492771615784,2.772253369580512,2.5047666196064124,2.3883306566053606,2.4955124590039808,2.6755113605546326,2.8551065875257904,2.739655035811996,3.1498325187820915,2.999976145488228,2.2095966111532617,2.3210885443302436,2.5117624695457628,2.4091462350390245,2.343266395973608,3.185968277413796,3.1960698768307036,3.1579302857586105,2.394886392577873,2.423407970541874,4.2831750869126255,3.1909188239671606,3.365332719761831,3.542475479432266,3.5264233304806467,2.769347923815633,2.8013519385953733,2.568106937078576,3.117213264988372,2.7815441141335064,2.436728338818481,2.459616781283912,2.7345789819993382,2.6500925264270285,2.709169081488208,3.343505667789329,3.20716374441037,3.16874772540278,2.9638247619720843,3.0560399642213856,3.4437561507426238,3.2914883256832534,3.1762737024883085,2.7608124277951824,2.666333580368026,3.0554900263862335,3.4749479386426056,2.796833863190581,2.756411339768001,2.3173724480131663,2.4197138072258437,2.8116875661083345,2.4744869220027494,2.5519236379678647,2.4280590287819375,2.7351378622638713,3.7692588920109507,4.395711008029355,3.479974350636873,3.869601600793328,3.2838512507476185,3.4661440841730213,2.0741900296398432,2.505256073219757,3.0504907454086343,3.3247855809768434,3.033076491850141,3.1317071312595557,4.424499214488524,3.5641803328358943,3.1280505963277436,2.827119268724594,2.2776439669269544,3.0298903092368374,3.7641927063470706,3.90070432875207,2.3254110048298617,2.4683914024589106,2.329340306204372,2.6427587024402746,2.8832580940889563,2.7917680611105844,2.87294264934223,2.701514898895883,3.2640490932220487,2.55573862426679,3.096080554293289,2.5370024980387615,2.7373603588074316,2.6209101283796494,2.953013124121928,2.9937108950014086,3.2035843775153428,3.1619340814918417,2.9790505129987466,4.590407909121167,4.745815499288016,2.587994681363273,2.3666722906012536,2.682442131811954,2.5203443635653326,2.646637140297524,2.4038707031756252,2.9589783365893787,2.803305345254809,3.2796074038573826,2.5835225097009986,2.6821811706365493,3.0537410787817088,3.069824615872316,4.353354273095194,4.02830222312443,2.619631380194943,2.975344047518604,3.046031064001913,2.977947445929991,3.3457249979985453,3.2232380704650523,2.9783666789093552,3.3527590847733344,2.7995645917556113,2.506791342141814,2.9594952439455877,4.267158426986958,3.0520591210241883,2.9708195100506907,2.9612959839545856,3.3049171682031564,2.3735238843812927,4.663684704016194,4.616129718313787,4.519402327752568,2.8419372728329435,2.5910991927263902,2.8614429745216583,2.2404506685127523,2.2321080027807922,2.598106191673958,2.4140112198657637,2.5614038888874138,3.1112449605823667,2.6394931956800254,3.152409916014689
2013 Q2,3.4095124534570953,2.6231113156555366,2.803598453910557,2.5841020499593093,2.4282058077581072,2.4846747112953347,2.713847012994589,2.919255941021964,2.7528101065316792,3.1980317046154934,2.999196520049325,2.266666621710087,2.3742019597996915,2.549243794924759,2.4480829541387017,2.3870490236015516,3.251596823005266,3.252783200737774,3.218840782999831,2.4699531648672064,2.462351148066876,4.309993651967663,3.2204706124834788,3.4229189625303125,3.6028549467573163,3.5818064914321828,2.7860605004461276,2.8515352358713706,2.604497558675107,3.167976560272658,2.805806050599239,2.4539944934762885,2.4667349556062526,2.7339694752294257,2.59497828757302,2.7739612837805376,3.364553322008793,3.2661241112257553,3.2149135836461933,2.9978361474575617,3.0915683733036596,3.4754925571792543,3.360337740427202,3.2197345855906203,2.8325341199203025,2.7291112735984937,3.0906370836171346,3.553558252605606,2.800618784343363,2.7900676777096662,2.3289281974618556,2.4365747463993306,2.8590417005072495,2.510179733288512,2.5847337222185574,2.432120853885995,2.7742106300640654,3.8559398113948773,4.606481776416295,3.520988377783625,3.8307167722161286,3.3183810631592667,3.5134992751475758,2.106655195276877,2.578980861749453,3.0822766474864367,3.378503468527952,3.082168097579611,3.206742196837108,4.5471806677118245,3.586463417991992,3.2085655707686844,2.885871899182492,2.260486981381019,3.0777815898067225,3.8480772807163826,4.0639899480674835,2.388277141139582,2.4591308874195814,2.3173287031777416,2.613098310112699,2.806677645261939,2.8541912874071524,2.9294402999931806,2.68534435662624,3.2598774377699034,2.578308305706371,3.1140369620816193,2.570258091529283,2.776003035793726,2.660011009341734,3.020115790392165,3.022081586678606,3.2829234196473833,3.222316740609242,3.033831536897135,4.840252667474751,4.91755095728624,2.641358104250697,2.387763994054593,2.7332078706516705,2.5291807124617476,2.6994370325426797,2.4085617628722638,2.9718518486307652,2.875831793827776,3.345963380901803,2.642416830871344,2.7231739035833313,3.118104025618514,3.1331528840185814,4.522734525669637,4.143010516385997,2.684555348531314,3.005006143673073,3.078567727756465,3.0073927055364966,3.4217435223320463,3.2673383014297532,3.0162679899215985,3.3752903789162256,2.8113769189933135,2.6143635323740964,2.917550052137446,4.457743709670856,3.0909607684398526,3.002636962625836,3.037472520821286,3.38552755940091,2.410492061618197,4.85786549842853,4.861710925296593,4.682290246481361,2.8433529109326683,2.621673930037015,2.932919690890449,2.310485011770093,2.3319217568120623,2.6318021310105606,2.429388075328587,2.559595829027979,3.106398328804654,2.682774382525178,3.1268486059432936
2013 Q3,3.4641531013689706,2.6470766995165844,2.842170436930213,2.5896693365230785,2.4620159671429507,2.485907180134559,2.7397808399375947,2.927214109670447,2.7942421534498063,3.2495882350967444,3.0431802184777874,2.2216416554582894,2.2898287131941086,2.5722091451686007,2.4684520378107897,2.3652044195370028,3.283703847690844,3.2795252803377792,3.266772983692606,2.480691676325241,2.437344403452152,4.412595627751478,3.289726535305446,3.4694148051767795,3.695394517955007,3.665707719594357,2.8040754006209037,2.829366353960278,2.6876166017891894,3.2229368299173906,2.8459970042550387,2.4539998815086443,2.518494321041645,2.7433195124399603,2.664990599818351,2.8038098576267285,3.4211685705480006,3.3094253838397396,3.2543965467315954,3.05508420626432,3.157385464808428,3.5702343071428384,3.440896877141388,3.2799264284284795,2.8148174122721152,2.725200854147776,3.136080663416929,3.6379078120293693,2.8737461643440962,2.808636814188454,2.3624962497833093,2.4415093578521723,2.9064161517898714,2.5422637701281907,2.573158690858312,2.4635144404323133,2.7880001928267855,4.0236313784427855,4.635769139833618,3.6542695858018823,3.947963682279691,3.3433005975609564,3.51500638028368,2.1713582558817865,2.6034968100335014,3.110563123113822,3.432075079522844,3.156536843526638,3.2604917260845685,4.776139323993494,3.6787853301142044,3.2463676031119855,2.9276686099249227,2.2278126194057477,3.0976928898452765,3.9875681093506485,4.125695767549538,2.38745826713943,2.5503076690900017,2.3378753978025233,2.639040160543818,2.9001511150660213,2.870514554327934,2.99614292728561,2.7108097555058475,3.2376926528871715,2.59345552813108,3.123545145992935,2.5960004320968513,2.7940672559419917,2.6844639027053985,3.054093609133949,3.075987511094723,3.3580986751472994,3.253497317910995,3.084198755226574,5.0101996288436235,5.054036801421867,2.669768866038673,2.4141479839568443,2.771172626565413,2.5702915786369953,2.707401047000852,2.4454383010182954,2.9996488556964747,2.876325090614333,3.3980650704308526,2.649350770984415,2.7446333406887917,3.159769323823827,3.14328997129525,4.668071762769021,4.27865732539418,2.714371876921632,3.0686967430984335,3.1242416758744813,3.0711936163190057,3.399969899930885,3.350728481928066,3.0655773006481835,3.461483924140168,2.8636210431588993,2.551634404414684,2.8972743168550386,4.647995552262836,3.131677454683346,3.037341778678203,3.061929188630675,3.4815785361300664,2.3918694706181016,5.075484594768182,5.087369786075297,4.911747693188451,2.9060866021465768,2.627276501083321,2.9810141703268282,2.3308378149498297,2.2995152117675963,2.6474200445690754,2.4637067749205928,2.555457839812154,3.176254055793239,2.6941208411360638,3.1014572717719604
2013 Q4,3.536767494791691,2.660662347945501,2.8513604107502255,2.595344989999,2.543974143624813,2.5057694761242297,2.774016147343506,2.9637048363502143,2.834973031812389,3.3148712118089745,3.0698741242747025,2.2518167530840607,2.351429977482782,2.5812566223711544,2.5046390424819704,2.3771458841956483,3.3263277007058134,3.3241308483910754,3.3143674931237457,2.528309875488592,2.476500661406375,4.511058948946245,3.3369477009385498,3.5201052716957424,3.8185755827747423,3.7210379104356788,2.8590421578648937,2.8816228016473775,2.6804149118148666,3.2591032226407104,2.8793286939627976,2.4925664356989126,2.5634677455156876,2.797835574818275,2.7029462409614955,2.7851752285913927,3.486206216217802,3.3668215821504077,3.328021499563371,3.093637777422042,3.1996820690444783,3.6893804287475684,3.481597003538001,3.3335397603188466,2.876217588513978,2.7435918679870626,3.2210086532263684,3.748032109054719,2.905697830840979,2.869156739276868,2.330333962659211,2.3988743345943693,2.9042413412692984,2.5252407198039095,2.6038488412868865,2.469484552051225,2.8408009053522876,4.189074036243121,4.822561562099417,3.762624153427012,4.086873180455562,3.3794434135323126,3.5586907058348807,2.1488779085132768,2.5712857485816962,3.1420785457140057,3.5119233191028365,3.2108454920022487,3.3204295313641894,4.820427142736543,3.763724622561027,3.3024619859901314,2.9418456324261966,2.301916668122028,3.1615665589845805,4.08928229863566,4.233759383075315,2.420639615147857,2.5191384569118576,2.3390176216010765,2.6435275835896253,2.968722302540675,2.922367256420403,3.0287887191228884,2.7429484477254835,3.3090778249379125,2.6443455713728916,3.172990173125406,2.63648431624311,2.8136756913604994,2.7393909506316936,3.087901493565295,3.1176254769216283,3.366134746137543,3.2962827882671997,3.133087300642214,5.153292765845914,5.072748125234603,2.669876521406693,2.4393096044754,2.80284909520179,2.6203977763506643,2.7578405846218375,2.4686802744190204,3.0589136755824557,2.9462878972289555,3.482688830905693,2.6698795473609276,2.7408517518474698,3.2337535143109117,3.1944782373994793,4.7650641287800735,4.419014882681119,2.762891804715507,3.0832281552996754,3.1680054189847024,3.1104884694758166,3.481354263460418,3.427265454784069,3.1051432299442694,3.5476559224959554,2.8813213570905276,2.572591982026882,2.9684895013727126,4.849420871813316,3.1815940631084847,3.077083287054821,3.0961636708233264,3.5092438014458325,2.4228399974789157,5.2946205116776826,5.288358728173041,5.0397456980136255,2.9096461175645048,2.6831629380943487,2.9971832674819874,2.336135763646305,2.3037933185642343,2.689447546052027,2.5051367221638534,2.5979866639721503,3.2104602555212387,2.7509642262544043,3.1618258670378165
2014 Q1,3.6145511882519927,2.673866336009621,2.894004010060009,2.632045811225838,2.4776132410147205,2.545918229895211,2.7925108320544862,3.019918738282162,2.8687321643944608,3.3597549849994586,3.0965911271552025,2.2458850167945754,2.375874577845967,2.600444197453934,2.510015591665975,2.3643850532153405,3.3921555067229585,3.325350851744698,3.37425401941324,2.5434100393524472,2.492103193662822,4.614021523226138,3.3693634534809394,3.5925087747466367,3.967749676657867,3.8214026597310817,2.8376886231121206,2.8524478870988723,2.6960744425668293,3.338638440511213,2.9147894779443657,2.5115950492306145,2.58442797075097,2.8204377438158987,2.6896263517328136,2.8061896189100084,3.5468715567703297,3.4232223254530467,3.4196453523119583,3.1293395137866535,3.2272669321304854,3.829844079904344,3.5769419558051463,3.394593574821836,2.936069756164019,2.8084616936357523,3.2800262986789526,3.852611172364702,2.940856614789992,2.9036939802051274,2.3361969587689138,2.4714554201989958,2.9512218927237877,2.556597368955938,2.616680274132819,2.4932832844500687,2.8941603019978777,4.285968153619422,4.9039412923171914,3.862446825088092,4.18197665770263,3.4107011883385296,3.5562123419303253,2.2045794838574606,2.6380281400139394,3.1660830665875928,3.5950560860072085,3.2968525852848556,3.3867997303070108,4.926809784258745,3.8453753925954017,3.358810613430659,2.937757188830928,2.2906887742724575,3.2007320564818564,4.263599471078761,4.375150959389099,2.4649583777382054,2.5376543643270337,2.3937562715062097,2.6756420040490947,2.936593811383438,2.9700865473343927,3.044231032602741,2.7367741298020354,3.2668543595857216,2.6410792278924147,3.28712877534807,2.6168455533945747,2.8575097789678243,2.7479251089298207,3.191677531211488,3.1720833275686697,3.4432448400910087,3.3835010674985697,3.1481924332188878,5.380733414502965,5.409088957133302,2.687576905878945,2.378762596481694,2.8098300264551357,2.620680389160678,2.787259866014978,2.4922814831641285,3.133032057870287,2.9767968361937305,3.5353861663208224,2.6801572678445784,2.7537460395786892,3.227001973688754,3.233201899277652,4.958548580578083,4.641217808932969,2.8257511360964274,3.1254871556221158,3.2195715327159835,3.120300992937142,3.533629339871289,3.5106294629063135,3.149035621414912,3.6386241516575533,2.922012903247281,2.6234397010706028,2.965151732310571,5.060048975908995,3.254908633917585,3.1017299968848935,3.1419139765914252,3.5156612828670393,2.4467688117933335,5.57120746064694,5.621836295895685,5.224110385057975,2.939395300737994,2.6839782414149953,3.0093621644531536,2.3096024799957893,2.3219988715249857,2.700676120453845,2.504001130633577,2.581713787678985,3.258041479475574,2.788554451183781,3.2933507900921155
2014 Q2,3.7832311962345693,2.7600309545837094,2.959268320812285,2.6775943983335244,2.5592510758456894,2.5631127357521803,2.8344457198561304,3.0917186056731167,2.9559684232886965,3.465419243563823,3.179791549781741,2.2960498203564015,2.416086412036084,2.6171658810113234,2.56296413625235,2.4189095379134193,3.46501553290942,3.434061606457754,3.451178347873436,2.56884543496205,2.532174639955353,4.783885814443654,3.4779765860132033,3.7093451938738746,4.197347772518385,4.000021152933457,2.898832114726959,2.879081531281673,2.715813900380297,3.449341534367631,2.9594747834038095,2.5275297960412515,2.6067912878172446,2.8793008921711025,2.7681577155611587,2.853155842515507,3.6726002973058365,3.5444228449070336,3.520754614706522,3.203348062409736,3.337549343975997,4.088529692109746,3.7170428072679274,3.526712843460137,2.9835394175478105,2.857512721041207,3.3934924171525718,4.148655573812912,2.999942610118233,2.9582390709003428,2.4046565539549953,2.4757363487745865,2.9880324598400314,2.591426246270756,2.6870444212905094,2.5176815695870123,2.9437199611941014,4.539933361979007,5.279913502501628,4.0353260261234745,4.4251521758113945,3.463403148966668,3.606858764735563,2.1918426326847866,2.672568822588949,3.2710538469391106,3.7286926957311386,3.3780178441829882,3.5287170851110568,5.205868627069679,4.046764129393863,3.471842598239713,3.0163279088679538,2.3409281631640955,3.288414757382033,4.507747391867021,4.6307145671633965,2.4821131801651837,2.562739920750037,2.4080240840441545,2.7095337586690795,2.957680363079744,3.0385206955070947,3.122912758424255,2.789747978623291,3.2610756573489788,2.7358476592972223,3.385447633023748,2.6837977005644484,2.9214636772700717,2.823357922426863,3.3124842340805456,3.2676774420294943,3.5633748637778577,3.514541477025411,3.2872121523749405,5.743217708331174,5.747364649052412,2.7441925411937054,2.456205663845922,2.8900807302225235,2.6985970454475026,2.826187334750057,2.553252334950745,3.21929139204412,3.067411876128674,3.659487572096384,2.7476066052901733,2.8148353911885162,3.3356833190255357,3.3435142732986263,5.2615786299437435,4.869552456210802,2.8570864236335627,3.16287699638482,3.3090185895351665,3.213283676929163,3.562818882015948,3.6010793199835938,3.298246439616271,3.7890755511191974,2.966014943208991,2.7101146010384247,3.0434432307894363,5.451833422886176,3.3555103414205014,3.180636198219764,3.2401466440634277,3.6607248806265704,2.464178900790887,5.915739046573174,6.132532797173434,5.576881049837851,2.9795352116744875,2.703827282143367,3.087679124652253,2.366880761311259,2.353834120496254,2.7399385454061433,2.5598877638616084,2.643584787921518,3.323007766902121,2.8699114948707622,3.2100471173834033
2014 Q3,3.9197309250936487,2.7802623561518343,3.0042504641213186,2.7065671549070855,2.575528416645362,2.6103808245169566,2.8886935657163755,3.162452197025162,3.0207248137442955,3.531227659625946,3.213859074094991,2.3018999606138992,2.3987038198035737,2.6489235318817013,2.5807459279078806,2.4342902564982514,3.5248932141155045,3.506864074207247,3.560533471618737,2.581346439564782,2.5597582728805013,4.984084562406523,3.585267536839381,3.8075667601811807,4.489196610937032,4.126133606652373,2.9275640018384306,2.8862816249970735,2.7758468241913756,3.554135696299225,3.0393491830955477,2.575025057795283,2.6543854103549096,2.909148518988707,2.7964963771522857,2.8433354127995782,3.797264377588911,3.6504678092713467,3.671631082095631,3.311660888688876,3.4172213829325817,4.334779269278715,3.8769304761063155,3.618470475896409,3.045341083068218,2.8995354805882085,3.5242225206026268,4.312621654389359,3.0679545123926615,2.9976046402139547,2.3844835993566362,2.5341843156556685,3.03463309291758,2.60484793557893,2.7175974023839213,2.5591927052784955,2.9943857755929537,4.810541491350272,5.480336472586072,4.244973472616211,4.633265311243717,3.518895487344412,3.67445343079931,2.2215431351328934,2.661149167264807,3.327966241302624,3.8924125330756127,3.4950530655003735,3.6607794190844065,5.520509426799733,4.258136090953318,3.6206051469738525,3.047470043743429,2.3848196747648434,3.3583093207138552,4.724114703014458,4.902058415904861,2.5448461147319454,2.656635793115297,2.425666125073642,2.738382614396109,3.0272413150762736,3.072006239167731,3.160563479877625,2.824488957288606,3.3064839787376914,2.7696653284089017,3.4858286136373073,2.745572631472517,3.0140166194458025,2.8401581907579225,3.4218797256354336,3.380598802520126,3.6985220123158618,3.633661012414833,3.334890735736422,6.026732092633231,5.900438273274827,2.784826562282196,2.4427032859513917,2.9245311625133583,2.716264279713078,2.8596413986208713,2.6012144809833546,3.291363358938631,3.1273620570020215,3.770059842500901,2.758621787790683,2.8367623024673727,3.39446523017123,3.4169062046498055,5.382860434621932,5.15747160011041,2.921495567152395,3.207060147834764,3.397616070731857,3.312147693115169,3.558916505335247,3.733869126516457,3.4499281508115103,3.9615282613586964,3.0173087848576268,2.7133460004807772,3.025336248211504,5.7357521179837985,3.488699118017223,3.2525940140566854,3.33710880026318,3.7912151084420924,2.4834715247781247,6.175021951962264,6.318567283382545,5.723174791057938,3.0222968958629557,2.7602713734251956,3.13327608425129,2.3571292507693666,2.337814346338564,2.802567625875954,2.586830079987515,2.6682005956865185,3.4137989307682037,2.9358772607132875,3.303677810744986
2014 Q4,4.008441422394744,2.829443950818906,3.0150918217099605,2.7180277925147407,2.634741117963126,2.587243311654541,2.9001049056727,3.2069217311846945,3.0716800489443683,3.59798011497344,3.1972267796390286,2.330544070748144,2.397125457665059,2.6485453589258245,2.587694149995498,2.4606007842308366,3.571273206643306,3.4933461905282703,3.6084732366572867,2.633243631198453,2.543329483308225,5.043649400260009,3.625265329741054,3.8655502348638,4.486490246256507,4.18573492483954,2.8875196934335374,2.9369541673480297,2.77642171164801,3.6269393648413715,3.0509636917537573,2.6059569371419506,2.6906321866648866,2.9315905081819302,2.8059399470333375,2.90695416197428,3.860950392916357,3.752584610760233,3.704359695131554,3.3636981550357574,3.4785483305548928,4.3250428919001225,3.9384698789410675,3.6691056553426677,3.0811263329678638,2.918807367936326,3.5922435114598987,4.3466264795039615,3.0556545892862474,3.012248617125476,2.374643088664569,2.435310604813761,3.0325187421140316,2.6207835198236773,2.751764983207217,2.564145854357105,2.9981711534031454,4.884026247703764,5.573541101845935,4.296130994401553,4.717517662664555,3.5450232458116253,3.6926140296859065,2.2438717667068606,2.664753906045456,3.3517526286790007,3.945740812831607,3.5428535154814615,3.728162959312309,5.447554670134565,4.348711937651445,3.6624483798494856,3.0594315756064696,2.3630458755857884,3.395504619450046,4.7333804543322495,4.857984129666956,2.501298965546889,2.6315282424470348,2.43020271387032,2.7224062933843225,2.995732162958769,3.1218981084608144,3.173644071605844,2.79994724316499,3.3167493449507752,2.7871759174486397,3.5721880076758263,2.7704234089044784,3.0306031855686864,2.875976266275346,3.5084458454531333,3.4628648215696662,3.7844000534802453,3.710944400419258,3.4069155446588293,5.998084139701645,5.919989243226044,2.7751221402626856,2.433842976814716,2.963494522017044,2.732042411891474,2.891364618592479,2.6518172456973512,3.3326954726354603,3.1772399802560303,3.8480446774731623,2.806683249356794,2.8573862956967435,3.4072562398099095,3.4384585979466213,5.477173681274434,5.152317730154827,2.953648731449794,3.2334835429138624,3.4395771880767647,3.3533747042809767,3.5996374942466947,3.78436915775719,3.550818557038335,4.06455155762293,3.062340110517979,2.6575534994365544,3.0351596897380695,5.732808978750958,3.536755134606472,3.298121413108905,3.323749737915722,3.868497748797914,2.5067638465949647,6.051827717388299,6.303699305278814,5.675648379877762,3.037982843128576,2.764831090972484,3.085979191983434,2.3351024406368177,2.369371361822672,2.787569725700379,2.6027188600215436,2.6753087629493337,3.4371094028556413,2.974699039348538,3.2482922559543113
2015 Q1,4.060017184190733,2.832330454572081,3.0332674743865646,2.741923042367525,2.6049967626629735,2.632124596951583,2.8874587981242934,3.2212488486433712,3.0899407723610253,3.6159947035283717,3.207781819179162,2.2970507961404176,2.337644609182818,2.660319877661393,2.5800333708658822,2.4508784470880576,3.57583144952935,3.52812542580165,3.6523730962633056,2.627484259826544,2.5430840223387916,5.089441890545387,3.6282066964390416,3.8977772940404023,4.50252643431536,4.218378458122539,2.8859509574306443,2.880055347981483,2.7813214880514967,3.651136501625602,3.0569514566553337,2.576667623145128,2.639587650907241,2.9283256936711908,2.7969583023256197,2.8996536115619063,3.8853570972027502,3.7987213430732227,3.7619037505001205,3.389012170339677,3.4784906751578677,4.384253380704493,3.9581061860226585,3.7029734788791244,3.0943447071273438,2.9409087027468397,3.6513647155353546,4.405833483497904,3.054957309321334,2.993350571687009,2.369230801628628,2.465802934628765,3.0252371841708805,2.62885592717109,2.7136553691938685,2.5922241951450387,3.0323676796087815,4.920407693538621,5.542605645414607,4.4121676410271995,4.720121902824549,3.5640162303226317,3.6872483123344955,2.209813087804046,2.6703249217165492,3.352041342354095,3.945639940790791,3.6228862789799408,3.7820034518121086,5.6141658991339245,4.398749662474849,3.696614346497484,3.0411389287321535,2.374935651414243,3.4017249976417543,4.772941486485526,4.856458171753794,2.4861777659223256,2.6404104720315105,2.402670101186728,2.6883529134166793,3.025915451547107,3.134698086184614,3.1769064969302248,2.8117920691143503,3.3348669723346744,2.7793813049407587,3.5702095623265393,2.77426623029041,3.0425105202202887,2.8976702290033907,3.5445508129279584,3.4651597090411324,3.782803553425569,3.74516073618858,3.441946559140359,5.964154511753511,5.8307348828097245,2.7883093460646666,2.455968876790352,2.997154891694991,2.755737704403561,2.895047435698035,2.6431075986353307,3.341826101165799,3.1844070921199377,3.8560858280659556,2.7674354038930686,2.8519231104017306,3.4590120838128473,3.4669910976215506,5.343566829401965,5.20166213881135,2.9495717253863902,3.264012772680172,3.463796286404776,3.3931270268674925,3.5713072905517573,3.819112200214988,3.566999729777103,4.092723074865612,3.038796552008183,2.673705668654676,3.0623300912576563,5.783586125065991,3.566576036633185,3.331550628724622,3.3453290519544683,3.915991767379881,2.5177390684294196,6.008453087543498,6.242570535646186,5.646468062476918,3.0705541041683184,2.7540505041664813,3.1082557860789963,2.3383985223543324,2.3388230080768393,2.7851660572561276,2.5720683755935134,2.75197041372181,3.476816197642364,2.9955516180662896,3.3436421916051042
2015 Q2,4.188892523390492,2.864751909229537,3.071629124858872,2.749395749979986,2.645178251834239,2.6735459849067476,2.9425421403575234,3.2626898991819844,3.117129054004967,3.717173607813427,3.281338194966193,2.410457471747916,2.4124328194468965,2.6724446049403054,2.6304085997368634,2.458777727268503,3.6246048201355356,3.6033409773764156,3.735652855329185,2.6431700840044754,2.618797326435043,5.262541389042836,3.714699263879281,3.9853266252852912,4.636680566462289,4.318074930530684,2.942377731620885,2.869717822537123,2.812069345313396,3.7428783403179313,3.1204029428975306,2.6221473004720917,2.704378938830879,2.963407155048827,2.824848815523416,2.928925378661041,3.9919363027010024,3.894088168799049,3.84578921230434,3.462051914282597,3.5609269254443197,4.539762940592961,4.078841954535182,3.749555989318503,3.1436310680921835,2.9665162154583267,3.7023995458645462,4.547564669532328,3.0853919238352585,3.0865313634741507,2.4126455002364406,2.48768806479123,3.0796709115339334,2.642100541974009,2.736574849776757,2.6255481483980585,3.083518213589753,5.062949816725568,5.844239902020525,4.552840151097012,4.926333644433172,3.5775900905856783,3.7472168465752373,2.230788108093835,2.727236333702893,3.4230274484776744,4.056900880109008,3.717192572886076,3.9195867120406076,5.8016621917928,4.545872027600682,3.8034643141622873,3.0919382413652947,2.4168132503811406,3.4973033085239034,4.846826497849225,4.961402159591968,2.5706666114228436,2.6882282752208977,2.4623063770673745,2.774282044755146,3.0361533707224417,3.188450658082663,3.2607217416684855,2.8097985026088343,3.3242934199142087,2.853933408682195,3.8051189722521555,2.8259875615199723,3.1164831676801725,2.9320726986318855,3.6300427182092765,3.554460886880511,3.9226874011370527,3.8396173513571004,3.51595692942154,6.114950191478227,5.932406507036571,2.801646225961165,2.4692113094714094,3.027084178816389,2.781487420515092,2.945655871832328,2.6481720951738064,3.438446626892201,3.246830894743021,3.959917190621338,2.799300055234274,2.840386011836655,3.5211746093194756,3.5218163103832154,5.411927334104044,5.267135119320827,3.009696233231819,3.2685996014966934,3.5285127619698087,3.464950238131929,3.6900427684113346,3.897094964570266,3.700321653857295,4.2316879186545115,3.094820133913358,2.747015433061647,3.051393827570961,5.914055953374885,3.7070234487063796,3.371105631813457,3.4189175133390797,3.998487324903929,2.544886578645468,6.166602878468085,6.437759033312208,5.806694120649581,3.1054607861260988,2.799278979163001,3.1613860522235293,2.3515082785385566,2.386279456865668,2.8855617300142358,2.632042099558027,2.734037153949217,3.568990597326221,3.09933135315273,3.341486686584398
2015 Q3,4.329663786911452,2.926393543374601,3.1203894864272903,2.80759801324799,2.680235825735317,2.6690286297052737,2.994259564638614,3.3313759703412713,3.2346458548869252,3.7905390661411733,3.311770627064644,2.3564237743005707,2.3807127792500737,2.7029740053694336,2.657378669124937,2.4762702602766336,3.7172446793082283,3.648418390856439,3.78094771824179,2.67068484743186,2.622619131893137,5.398473751519037,3.8187641204529994,4.087958397433501,4.821167672187742,4.473362935156234,2.983495886190535,2.976971029964973,2.831144185875605,3.845565080371294,3.1508084417243647,2.614296348897083,2.6749573944900282,3.0356259158025636,2.855575682197476,2.9554266767628783,4.117240209935196,4.009850513733982,3.975209706648975,3.527037932579878,3.61922156514509,4.7549929369388835,4.189765457689114,3.8580558331691255,3.2386371330480195,3.004953642580177,3.8487951547781325,4.734483691153698,3.137183760365628,3.1205717461589875,2.439425533020914,2.482220688747841,3.1373195757341557,2.668613709784166,2.823930781128453,2.621053972257082,3.1079756486268724,5.29460645145297,6.093065915629312,4.709711069714745,4.967404431206836,3.6427221136756787,3.812630398509042,2.2447728729177774,2.720022707757105,3.4752988870675394,4.193922501283131,3.8016459757967973,4.014039538549041,5.872039440289455,4.720394859253135,3.912392774429051,3.11345198322596,2.419775246597377,3.5350373404840836,5.05999790290896,5.177863266573325,2.617462596862897,2.7070910348729758,2.4854877912192195,2.77871769718309,3.0673071539356047,3.2138577699253976,3.28667855181601,2.873236558970657,3.33868645367617,2.885253618441399,3.954921029248541,2.8745068554207207,3.20690991978959,3.0013605389634948,3.743774396006216,3.650312241392133,4.004002381007265,3.9658250321548834,3.626609961915363,6.330947507702546,6.238993226158471,2.834148029565019,2.4825847448504326,3.087321716042867,2.8262205771261617,2.9764983881997535,2.7148727678197817,3.488055064129395,3.3125310535024397,4.057994939099112,2.842808802019452,2.887270223868708,3.598388400463187,3.5760589981990756,5.566116819911879,5.4841782127860315,3.0735371199962884,3.3194205109238766,3.6090586104090856,3.5510216315372585,3.6858375646354236,4.013730778491802,3.8609396770823206,4.408973398457474,3.1548469970202038,2.7257154891942097,3.0681761983873934,6.130115508278027,3.8176263478421046,3.456877190459988,3.4968783870520066,4.095962616189051,2.573815915756984,6.316496245669568,6.702800042252065,5.865313036084718,3.1535553239877974,2.835760393694315,3.1632642902159795,2.370829307993755,2.3792921764310373,2.876821430086586,2.6293439954233775,2.7174299010892526,3.632458043976159,3.1696033331901825,3.33599307006052
2015 Q4,4.454222964344707,2.9805461006767073,3.123751909343331,2.821724871339652,2.7223766973189876,2.7161525374296382,3.0343694097955383,3.378171853184108,3.2533244788883176,3.860593287656953,3.3477100295409494,2.3609454994333476,2.43636355938289,2.7055675359154967,2.6728110999599792,2.5377549869057434,3.7791618426443563,3.703865948258109,3.844200148063623,2.6801879839780067,2.639060006694447,5.507974785493464,3.9147199874133705,4.1547852453452965,4.916464208499896,4.659300052996323,2.9896802670080747,2.97982079061075,2.849192026948064,3.9154355562759178,3.1947543685223687,2.6443471734314103,2.7430926449530353,3.0196572867932634,2.9122215006545185,2.9734907635488437,4.238470425067535,4.142517079550059,4.07375820234564,3.630080008583226,3.6958872846971893,4.874174628259567,4.257875914089372,3.927839910844131,3.2604367205331757,3.009161210249515,3.958093776895501,4.914210761287495,3.1655574147689167,3.1425992354200063,2.4368463265141482,2.514798037270716,3.142877773254585,2.6778343290101687,2.824646150878164,2.6395412734969548,3.1537337880941534,5.447751553835884,6.219847137358316,4.862304447313469,5.135818848615602,3.6507369379895556,3.807556346879653,2.261505084274798,2.753401504587084,3.5205504689680245,4.300423966630281,3.941624217712568,4.157285810391174,6.036982773392738,4.912880394114722,4.0200909652366175,3.1614464525108557,2.470273860493522,3.58348769528912,5.202644786176516,5.269059674346141,2.6139954395543414,2.6983806924071443,2.4918423950779722,2.857559373667568,3.084262787525598,3.2692540614267154,3.302130589362368,2.883428077284572,3.363784965069884,2.9131864152807165,4.126848021826631,2.9647356373189266,3.2260335962954447,3.0544593029093847,3.8864154874484087,3.724089581567534,4.0746789914894554,4.071087473963247,3.695237319208983,6.42956170152623,6.181113318381391,2.863388326828784,2.4606287695600306,3.1350437789747128,2.837321326245202,3.0054036775118957,2.7561489828078543,3.5535124466748473,3.402343197731843,4.111742112361992,2.8724572566817965,2.9379116854012,3.6172857658698496,3.631599655343401,5.680233355466899,5.654975855881038,3.1012527162186667,3.3084666067667987,3.684988719052897,3.591764148252756,3.6874598268861907,4.108461934404006,4.004308913174262,4.6315293368469055,3.18222762842875,2.76536934931694,3.0901626416423085,6.349353834711738,3.9413423013827518,3.545587074822848,3.5808774806445216,4.248137689112329,2.620200048225612,6.43032695855183,6.795829432340047,5.941195271809193,3.1352589042036714,2.832605092565505,3.2570859125714744,2.3909367236565835,2.3800853550466115,2.8852454742799707,2.6776188103843803,2.775644810424312,3.689930621256439,3.262365416728994,3.4220033768212628
2016 Q1,4.588922041534145,3.0142942120326017,3.1721133377005093,2.8313936011990823,2.7391253077877358,2.7396693397504928,3.0321600786215512,3.407772382793067,3.305266780839663,3.9512415169619035,3.381930918163719,2.422187507640381,2.4461109787507334,2.700397044525867,2.654453805038097,2.5077907730813136,3.835414811243211,3.7404518767023496,3.9313140236499993,2.6954467834709557,2.6430195739937377,5.62316444217772,3.9967446463272798,4.247036152408992,5.069098678244688,4.809552291941674,3.0093671775404136,2.9929798461663206,2.8499078183951903,3.989392307075405,3.2334327648629833,2.7052536928070516,2.744569920452158,3.0329815906535518,2.9020105646248213,2.9576952156250345,4.322556599858916,4.279683179576453,4.229041984832509,3.669765722871888,3.747448391649764,5.109293825761177,4.380745882264038,4.039099854198906,3.3350503702765124,3.0416396489226707,4.085299173491433,5.043409548851949,3.187756681379612,3.195511843203749,2.4159082394408906,2.4894330084948484,3.1563467368873424,2.703203704837869,2.835973558089635,2.649399329103718,3.1869346412228787,5.698996911499643,6.503838118424311,5.030562776633927,5.235200663777396,3.6924822957372783,3.8487042663638893,2.246176391681087,2.717946277258339,3.5561353544385264,4.373088863504741,3.9931836200114526,4.287439823373274,6.256358118835811,5.068661777879985,4.144252470142687,3.178224080615984,2.455507237672014,3.616032462282625,5.339441141095312,5.407982265632301,2.6113933827601636,2.7312396749733794,2.477762503771176,2.796632980139348,3.1105878703448,3.27552499970674,3.3859799927669942,2.904110471686913,3.454103729703656,2.933140499384875,4.246299058370733,2.9890726476745453,3.2737961288371045,3.0432025466295793,4.0207572042173005,3.796359095002006,4.198451379828507,4.181613688469356,3.829351236776296,6.62098401913495,6.3759400410102725,2.824127905467887,2.4940382883397776,3.1639607345188603,2.862634591650463,3.025393908411167,2.797358067784611,3.640237136891641,3.4637605937379603,4.203525346628553,2.890809550110886,2.9227775853834506,3.6970926370198542,3.7179768781482254,5.6355201118635945,5.733714543346925,3.1601855274752064,3.3197678576723697,3.7449050981301673,3.677404344371059,3.756271117947924,4.234944580516833,4.186668295509555,4.834168334818104,3.187222039376619,2.7713772506576846,3.099479472164263,6.51485459739935,4.055952094547725,3.594765308297646,3.5972441869967096,4.429503343703138,2.575692376856153,6.547801458278207,6.9759913696472475,6.002207570392944,3.16025966351223,2.8576079853538516,3.2652875532046366,2.3705707870388575,2.3816191823716104,2.9128457637769647,2.7067854929287742,2.8047225231695476,3.713389056726819,3.3579610934733006,3.3900418129678345
2016 Q2,4.774371112280872,3.101751263221203,3.224736962063484,2.9171726825847473,2.810349699442007,2.7972376638660537,3.100802195806315,3.4762262811923894,3.342283653698453,4.078214625604179,3.4422196334700645,2.4119750303984278,2.42646884703635,2.7366894946571594,2.705944536757834,2.5394330753646708,3.8838410785716264,3.7843239689538932,3.985539830260178,2.7534884153469092,2.7074650385666272,5.765055832560693,4.094216269603266,4.343911375343491,5.240886993433975,5.0094598582622,2.986877007707649,3.031864356967717,2.883474065049813,4.111792897394181,3.282446778486125,2.713067279212101,2.7892813863606647,3.134382370116788,2.950858608026094,2.999497469633513,4.5050098278142485,4.4447473259131804,4.3228528028533235,3.8360948810970266,3.854465577113392,5.2547601616796085,4.5461868211062155,4.144294808936044,3.4305017496225854,3.130554961068927,4.266175987287152,5.258966470759133,3.2722168821157838,3.214202614318378,2.442079682482603,2.5181467570074765,3.2009718049346505,2.7382983317977803,2.89126570922233,2.6837606686179143,3.236441169499824,5.91213553981282,6.633856246320554,5.1838037913251425,5.448493885293748,3.729565422957474,3.87275687671418,2.2977616413897715,2.7305726548559672,3.6447796665944825,4.489082961303272,4.1544739142443365,4.433284394202033,6.3906076896316355,5.2075600427867865,4.2901664125178405,3.2306376469052527,2.5254080982318494,3.756299821783737,5.492756605291014,5.496656496465217,2.6615909569560534,2.7360398818770837,2.5375827391313197,2.8638549781397473,3.138046059731587,3.3777565096981643,3.48912138232131,2.9543613076771686,3.4588115591225583,3.0100003119977043,4.485192860251077,3.0777620492181184,3.364601380276712,3.156339475608434,4.188972844068301,3.932002358142065,4.316438910393108,4.357666141108683,3.961881491062384,6.767793506497126,6.44832988192561,2.9210762649589093,2.47394392093721,3.2363555349715356,2.908885162390049,3.1174668229800915,2.8565634980854893,3.765651647722207,3.5709813042545178,4.306826689960913,2.9230249644339987,3.011827333460297,3.742556029758204,3.8245148730400342,5.6637839342009695,5.779627205265201,3.211442108655878,3.4034524790696876,3.8519831864661938,3.7209678058235176,3.81774815728824,4.297636019331293,4.37489709065189,5.017862343264456,3.2563445010571535,2.7990020445645554,3.1441913357668234,6.730998540723973,4.216956714560721,3.663737354077122,3.7498141905519256,4.597894667970689,2.6635921769237814,6.650166088124645,7.1164467161348846,5.992096821125939,3.1973095655821786,2.8767489094139997,3.304194989422928,2.410877464523993,2.397735143433798,2.9823167210252994,2.7186764036685824,2.8384812516879143,3.7592522081496478,3.4698048436597833,3.442139263418903
2016 Q3,4.879639650280202,3.1711859138013017,3.2790287651703705,2.93656322421662,2.8609243803589526,2.8383434716279305,3.1314112301343573,3.5371568073628503,3.4271764145439967,4.147251513676486,3.4802446769338458,2.467764911273404,2.481701028602297,2.7793131066327783,2.7326124749960705,2.5533842703432708,3.955322586504941,3.852656663041481,4.072151127694097,2.808949878829809,2.728672452879623,5.873714562536066,4.155662364149424,4.432504137262091,5.332500946421248,5.123855612060006,3.0078752820768875,3.0266526269582497,2.86887002988615,4.204901231968708,3.3133632917590963,2.7370514262400443,2.8632217656705103,3.1058770019383206,3.0021976842877804,3.014479620736095,4.603636745361368,4.5433551578702565,4.4482298390113515,3.9472304524617456,3.9357045955428247,5.371325829544484,4.620613057189191,4.228358962715657,3.451271683911732,3.1386197416833075,4.359683147744732,5.337471065542224,3.303331135554875,3.255530112268845,2.4603616769557584,2.5565757601601886,3.229194806596346,2.769917185618633,2.89763990590454,2.7232930486716262,3.2644080147066807,6.072720258579282,6.832421975315661,5.32660069278077,5.520774543556533,3.792292080834794,3.907506772669237,2.2343804586159766,2.7627295361582678,3.706051352155227,4.573514168875137,4.203151735598332,4.488014745296775,6.506993163417707,5.322496994156612,4.430821666444115,3.2557909844106567,2.5283660052027668,3.820152544461655,5.597403049316463,5.559095958886834,2.68434423318075,2.7920089791368743,2.5563528061274248,2.8776884946919314,3.1740939336824945,3.4242524950323547,3.523154041531845,2.9431781253141938,3.447209735284851,3.049376532296918,4.620310158394227,3.1594904235691295,3.450659642021243,3.2113473992124866,4.336393290282562,4.007710496392866,4.396129143728868,4.461303850441485,4.07364265059544,6.83742144102021,6.274981932300967,2.8909465347811567,2.504568932537958,3.285128729884237,2.9552556163090813,3.1066630247560068,2.8710401815915056,3.819282556779966,3.6595357239034647,4.374783880025656,2.953989443890155,3.048195209973151,3.8420353948047676,3.8232876682147725,5.574058240172414,5.9532315442860275,3.2730719636492958,3.391936993200293,3.886270424600504,3.805370370804735,3.879925859202721,4.378992126329222,4.525241772953853,5.19192885654228,3.3060433265819444,2.82356377373373,3.1421325507901297,6.788240345038327,4.333405903536116,3.7531888144919066,3.794260904343611,4.7192953946919705,2.680215628170703,6.6785786521437185,7.146075142725273,5.931078559546223,3.2661913774213978,2.934792455648006,3.37416855910225,2.3846591836798843,2.408134738768217,3.0219066065906453,2.734402496364821,2.887523064880613,3.8290535292741876,3.525808937847777,3.4842760816519167
2016 Q4,4.903169055310589,3.2092349793911303,3.2887723518575096,2.9239390754107544,2.848795889526554,2.843823210768773,3.1469497310872434,3.566056289706313,3.464694934426171,4.1746373988897485,3.4951630450277356,2.447998663558644,2.4642452193304583,2.7559381971648516,2.738217561244496,2.591933586414631,3.999413563707401,3.9006914573815834,4.105433084787381,2.811739285288309,2.7379932950407753,5.8894094107412815,4.202048166333231,4.433150133519253,5.322051622401003,5.092739940768498,2.9992157545646942,3.0654227443935316,2.8774195733786065,4.231119408385311,3.311871136835651,2.7494847018406925,2.854526097206162,3.1070729455069754,2.982398982753448,3.060928357145408,4.693361769586671,4.668586225631126,4.503747051587748,4.01384869556215,3.9576725373096413,5.336556589068673,4.642832707788788,4.26782877959926,3.5128156698885804,3.1735634623133833,4.404639304024788,5.333330317297676,3.287306619519717,3.3095342524432056,2.4303347329726757,2.5202945828947696,3.2327126905018795,2.7559998490769155,2.9256571897291757,2.727937116272123,3.285317068252002,6.058804098238302,6.669643625330337,5.276472717957904,5.381277072499052,3.81837654131693,3.9541049290309234,2.2649836188186474,2.7460364694357837,3.7418275021947687,4.556808845477588,4.195871499296225,4.473086942769501,6.413396588957296,5.28465750107905,4.415418960575006,3.2759519366085432,2.5480547066149795,3.8655635516613343,5.575186824561882,5.521163057331842,2.73490789915449,2.826197260191985,2.580277700723777,2.8719054134851696,3.140939066501956,3.4536274791558714,3.5689690519251536,2.9789929877167882,3.5508558311628464,3.068861316950901,4.631895742435792,3.206491772931065,3.4973611852392814,3.202806331882703,4.345589139267319,4.0036313252412805,4.413945540959288,4.501111591615536,4.129360331275077,6.750105003941556,6.274298329979896,2.9013426501799566,2.5070320826578887,3.3256569295005995,2.9563370750053393,3.1134157053732885,2.9243534813940455,3.857324102063118,3.708310624753214,4.382918697083174,2.9798042934615263,3.1028782864149376,3.9128060971117278,3.873904713907944,5.684354215890133,5.9549630099108075,3.2998161291681853,3.373349555307843,3.972069996669258,3.8301406095055706,3.850992620317582,4.420381588701566,4.560959253008501,5.164808288354851,3.2894113340718016,2.892571141849083,3.144147964893836,6.751382608188325,4.398301372639201,3.764721613641423,3.8035476708869473,4.763605237334202,2.691572290295717,6.570399347917251,7.191999837418006,5.83424035375336,3.248101243208385,2.9118436542898256,3.381077110938151,2.3822948127621286,2.420860373866163,3.0238227245532285,2.747282663923623,2.8656393522002124,3.82621123797832,3.575778195108539,3.4786949904020266
2017 Q1,4.953386048600018,3.250860135700968,3.321074561189938,3.0151026492577704,2.8912776520163326,2.8774390277643533,3.181964720454958,3.5885604418559285,3.4662810100510306,4.18577660654117,3.5416581215567082,2.4594436273277993,2.468351699922017,2.7716943263096536,2.7341489617481622,2.5559941114780833,4.056543185505546,3.906797570640772,4.169802160309249,2.798411975796939,2.7580365515881837,5.940407811363884,4.21515478349085,4.4708506775573325,5.366581628325366,5.154454747845086,3.0095807174872444,3.0703640154038117,2.8763774811152585,4.284504419351263,3.345146559682116,2.7665104749695426,2.87310085811724,3.1236786494660405,2.9997279012892797,3.0645203622246124,4.736621727186781,4.712624559025362,4.477693364117439,4.039889381622616,4.019576793429376,5.4249875209653124,4.617847517903371,4.342824680338134,3.5711334342867294,3.2002392444600143,4.418444162008547,5.370856031989066,3.3005127413174056,3.309726661668641,2.403222450261399,2.54490456182494,3.257082169264107,2.7508109181859113,2.9385948127200794,2.7297403494840404,3.3374034250926403,6.051941877367383,6.827692093814683,5.30109773041454,5.455677161939531,3.818650270197002,3.9605266567051753,2.2722503741697633,2.7704679732581905,3.7540268114908493,4.594911487123738,4.221577575034621,4.497206932572434,6.505514196139486,5.297650691412586,4.471587645764806,3.282362092445502,2.5549894718740394,3.887407039434702,5.58228814957192,5.519483255114875,2.7355410464702365,2.85088828603945,2.591644523120322,2.8909936526288402,3.1948862357333887,3.479287596507874,3.6616013930659936,2.9406879186192194,3.422089202897434,3.0717786121255077,4.727091991016244,3.227699533613,3.4979379312084427,3.253442781635097,4.408613141381481,4.076022313454209,4.448135186332162,4.549369930239668,4.210713368090663,6.780502158634125,6.213837616146296,2.887304173231904,2.483313775246394,3.312931010317172,2.974325559181316,3.1421828837585952,2.969093509284629,3.893743148594157,3.7762838086946275,4.371969119654274,2.949421805208181,3.11439492359414,3.901990526498405,3.912299886589395,5.603068685070397,5.9601162053173775,3.33456833791521,3.43638992628547,3.9653919966410913,3.9438518876719577,3.886285841849175,4.431121977984262,4.615429950432486,5.214803759272902,3.2944315270890545,2.8465083995763805,3.1386841580503253,6.767477553365155,4.431731054633339,3.7978267388097473,3.8017859676945243,4.848168915271103,2.714673653876835,6.556537475056265,7.156751051541192,5.9258382904534175,3.2441845459978076,2.9334000390249773,3.378894475071824,2.388348859440293,2.4123419436642037,3.056084375357436,2.751789103695776,2.930646179069927,3.8318973900209468,3.5756369692662227,3.5382240612445863
2017 Q2,5.011614678371901,3.3030668877566254,3.380297610795246,3.0651762913071003,2.9157544401390827,2.940565295994393,3.2417991023379993,3.6802970959399133,3.5785493664728865,4.28749185422046,3.5860085288435486,2.515651735008214,2.5681754415987235,2.803374220021436,2.8000785015176084,2.6053197737335063,4.084659418883911,3.9614132251192755,4.175332725591673,2.8838805496527877,2.8040586486389087,5.961525948598593,4.270712495838117,4.552844583064215,5.440145686608862,5.299972796815346,3.0339429765019257,3.165244199885897,2.931449516019764,4.34865190673896,3.384701196804018,2.804674034165628,2.870319990112293,3.1931823111191164,3.0518675283301637,3.0780287188873534,4.778213864099369,4.812656497098761,4.622844796369369,4.128622312209326,4.099557247504847,5.457362701399257,4.710102730496368,4.42669651489109,3.688611339735673,3.2373563233254976,4.540527773547178,5.528417421384024,3.3522752246897625,3.380769377915855,2.4594662756344245,2.594056183745866,3.2614282035254067,2.798945780246288,3.0098037296839273,2.788369223358684,3.3767556715451064,6.1717935890684235,6.826307827651668,5.382067324671694,5.528512723449607,3.90075554671423,4.015212059645352,2.304422114092552,2.807548702480339,3.847654479995895,4.638040656044088,4.286367072208111,4.542581845104746,6.559031953053457,5.381481116202496,4.518749600377195,3.3563806788230064,2.5845386007421487,3.991672185783614,5.640396701176799,5.608405730171989,2.729532958561321,2.859776067089761,2.589005418089064,2.938289687435067,3.2236314518508187,3.555446987244227,3.6921868975610193,2.990618077122639,3.5090770116291,3.1429116451679207,4.790316938848401,3.322188224134665,3.6145858976399556,3.315335987066475,4.510531448892674,4.158283901775552,4.516871045393421,4.599378120338604,4.250529261962835,6.850615316395893,6.292845481299178,2.928092772172895,2.5678653710889647,3.4221934627510135,3.0398542074625388,3.168572587987523,3.0003590613838793,3.9974176056716915,3.875562288340247,4.4202234815206936,3.0263677479692377,3.1626658189144092,4.021905237642352,3.961196148259788,5.545443463407884,6.167642594901951,3.3861273062392563,3.4826607925494137,4.07333370072028,3.97191536587439,3.950987935508908,4.46498830816597,4.664184437467493,5.319363952089998,3.372151878811452,2.873671021046811,3.186644580582592,6.957652966050391,4.513661526104861,3.880815080853714,3.9010646738291634,4.932185659039945,2.756284153549156,6.604541965587028,7.151800070243659,5.805276620900348,3.3357396107542794,2.938581500177863,3.4276821622763958,2.4173825130815474,2.4169841141572888,3.087618156541655,2.796774646690636,2.9560860806736105,3.94346945039225,3.634742367577758,3.490034539131266
2017 Q3,5.046634072746804,3.3685704435929087,3.4375149113117485,3.099656400434232,3.0219596541718023,3.0121978702461547,3.257927660253012,3.705073203101439,3.674652066740744,4.373500778787333,3.6385159782861547,2.536206326058639,2.5187717120453925,2.842678884716321,2.810784072357338,2.6606792828090557,4.198679385637694,4.032536041592169,4.245153749487469,2.909361935268642,2.829830415400998,6.110321826375902,4.342614433084766,4.587402599348817,5.456019047087707,5.424302183465671,3.090109450611666,3.1412853125508158,2.9349598344159755,4.408006243482092,3.4398008467380192,2.8455894930121963,2.9190350284417335,3.230126258736738,3.147308137337155,3.114546486865082,4.886838443131154,4.881135247908642,4.67096505506704,4.231655822277859,4.174395995306794,5.572971314743198,4.740821090712931,4.5368066883241696,3.73561704892582,3.296038331945038,4.590804748497909,5.560917702002373,3.396866527438725,3.4210787445553286,2.4772573600022856,2.5977342637164162,3.3599179743962058,2.834953356916138,3.033509639365554,2.7899145266981216,3.444125084713777,6.293587865727062,6.961045302559195,5.44646935480923,5.541978030052215,3.9478760520506753,4.065560111207205,2.3491174578221727,2.835914280379817,3.9174280259527836,4.661950737793187,4.341424312589006,4.5679287180546995,6.669423284609125,5.445101739001399,4.56003438047946,3.427864746198456,2.6098174844366744,4.024930078882051,5.7261553363467534,5.642745319136966,2.789619988008391,2.9262662325418374,2.6325598257166622,2.9592101936330124,3.326111828445521,3.607201471990467,3.811150889574909,3.077475148342231,3.6029660151956655,3.1830985985265277,4.845877705634473,3.3723138564707056,3.6952173095126555,3.4145417267541305,4.60461933607937,4.198671187586895,4.598827389028085,4.65918236118157,4.340906592550455,6.8620089797651325,6.2458895732258135,2.9627889482458087,2.538907354951826,3.4878297241132383,3.0552249947641044,3.222786804389712,3.083301748355472,4.045178816637029,3.9700203802409186,4.458110598165084,3.100799302810934,3.237849610178587,4.093044765689108,4.054707895309001,5.690780013251538,6.021645272564974,3.461168276999617,3.528674713497571,4.113413768663999,4.093697955049323,3.93245505062591,4.514487583709335,4.701104217795468,5.442351856247456,3.4395937870878486,2.9543562453936993,3.2308456565312103,6.964570966174092,4.588267806015452,3.9312763984386105,3.974253029063722,5.047816508423802,2.783007810977871,6.594547781519312,7.303193586696773,5.812481037770065,3.3455006172471538,2.960620595134177,3.4980330200440872,2.3893175110797227,2.4248062260851424,3.1413201452980624,2.798727479394715,3.014764378106965,3.976597239853911,3.6727961074246727,3.660000993608793
2017 Q4,5.049311607150033,3.4108010591220026,3.473555660050998,3.1363787092335156,3.0658055867280374,3.006383729330232,3.3081726937494396,3.7454037620787486,3.6966459248269636,4.396619994367391,3.684859381335534,2.5282655204487314,2.6113249835341312,2.8340383202818975,2.8580060243146783,2.654354967550093,4.19007975248405,4.057958780095591,4.284539562789718,2.919340097495148,2.8614451176775457,6.051065979021452,4.399246662460485,4.613756846140333,5.430002520595565,5.4297515851449445,3.1140537510267428,3.1004335981472386,2.9607603008445134,4.447995780922704,3.4855211151476793,2.8714846525010675,2.980884122997241,3.239601668421792,3.098446863427558,3.126150057601388,4.8972271060821875,4.891675415155661,4.668724570572146,4.23323042522987,4.2310667876405175,5.455541987996574,4.743061471666352,4.573165907931813,3.794161587308753,3.319486733934318,4.653125249984651,5.494607853711304,3.3883188045565817,3.4510421240484654,2.4992162543951806,2.5947420536044326,3.357712861338509,2.867228132574373,3.0543811283836746,2.8202392769003173,3.4944278109586966,6.282139821161473,6.9567172196450295,5.3583619080015366,5.516682828132773,3.976228692974017,4.110291807063067,2.3595970645442512,2.815745577134898,3.941984019810535,4.6307742748577505,4.331548799975534,4.5449978567999105,6.543743506833375,5.371495326463903,4.556910404709214,3.4416122902906365,2.6522843251550854,4.0569049426958514,5.650357036587131,5.592584046170918,2.827150579792581,2.9596512156305104,2.659239514769659,2.992458905480792,3.317250307153928,3.662082924487668,3.8454399809190156,3.0645219589613104,3.648641360573492,3.214946947296026,4.8606768801797005,3.463613696455588,3.7675867150861952,3.4175479343633377,4.62552840010511,4.235697378377332,4.586732687655759,4.7138552813024255,4.430595610137933,6.834994147074908,6.235422227995052,2.97239307454294,2.5511620104183166,3.521572099159189,3.1136662996326576,3.2763599535284538,3.1240465574505483,4.085650228537226,3.9932223707684016,4.451357907271807,3.1240578039193165,3.2937844443118056,4.132796311331025,4.03642935183399,5.448480949765031,6.012279858213498,3.53705932640952,3.5055196249498226,4.171189009673048,4.118097391879645,3.9600687575991764,4.532543290170413,4.761467343952989,5.453235109115508,3.4615954537632287,2.974144537137221,3.235571925959145,6.835838784947105,4.635436979924875,3.940312338980435,3.990886837234565,5.0674574790123454,2.845154192096233,6.542896283766256,7.209001690442481,5.685478492723373,3.3611772010061602,2.977445005821393,3.4978040811018203,2.3912957794869403,2.429329887678753,3.1731615730958347,2.8473482965800656,3.0552669318471337,3.9622233608314286,3.7310255146730653,3.682827994467899
2018 Q1,5.0429058795721495,3.4158367550106914,3.4599601354055993,3.1554346989089206,3.122369335627652,3.0259374890034025,3.3129241346944185,3.773985524916408,3.6967668992394045,4.392753295171201,3.6979709491617463,2.5565460604614634,2.588658071482473,2.8360126665926826,2.8705532294983955,2.6415721343334035,4.202663398268625,4.10549214883092,4.258831868264476,2.959522270263901,2.847004795171406,6.012893517837411,4.395115389708055,4.596605447395784,5.414543519618705,5.428101626828589,3.112266967089707,3.1459510203725656,2.9451968167965252,4.449466135069302,3.521392123784811,2.872989968074533,2.9408723874956526,3.2254663653453783,3.1051837944419476,3.122391385891953,4.891869513559237,4.8681849859625155,4.66119095990102,4.230763119107687,4.208857805131339,5.412046161815409,4.744669393639639,4.602192969902826,3.8544283100936068,3.309203300122969,4.611310811493313,5.52547474785227,3.432728103638281,3.471781611497742,2.466190919226096,2.549257898410001,3.371782956392054,2.868201716237405,3.0456217162694754,2.8344947396816846,3.5062805227142038,6.248241366772781,6.768166702085765,5.436268848274989,5.528995754966554,3.9957288172045082,4.150975375927461,2.3561695529696633,2.828510916057236,3.9394521429955867,4.620654119825072,4.320262375508176,4.539412362807507,6.4252498058825,5.36627935459979,4.548915161975634,3.489199091705169,2.6088245722149774,4.116792783323476,5.5603260975040865,5.55073364949368,2.8475074519958223,2.9225779615465965,2.6561107811638265,2.9751099618209613,3.332634539218925,3.682299407456817,3.9164545987932042,3.1154254148055043,3.579190669715816,3.2154486209281634,4.9361226353321115,3.448717205431316,3.80926078736747,3.4509755611999,4.576872128618042,4.252858804223532,4.6452105767212934,4.677557814787264,4.363390575331875,6.709319109416354,6.247021086362734,2.9523070465126433,2.5610018394406,3.5390032823784088,3.1152568373514966,3.277285618428249,3.1571392961522546,4.086092703810679,4.0425356368461935,4.439355042376471,3.1645516335767616,3.3722060928619704,4.174111159913524,4.082273052830663,5.295010617424486,5.938833064386576,3.583817191996652,3.5279106701916305,4.158810098004192,4.112318710415651,3.973214853414437,4.506344846255005,4.782815404997057,5.458852177051718,3.485895658292733,2.9523183783442106,3.2833637436243195,6.820367167775185,4.637792848736996,3.974149449211944,3.9410107305938045,5.117437651061853,2.831075962407197,6.4715087525118165,7.125364075193692,5.713054686857137,3.3892778186101005,3.03034776102371,3.53100823467454,2.3548389635073748,2.408560935834261,3.1924241465051018,2.8510293458141973,3.0384707772430883,3.9901169615216645,3.7140243392345194,3.6749474491562353
2018 Q2,5.0537686168125,3.4918724831919805,3.5429893009889786,3.199630663413672,3.1490171505006272,3.105485542382714,3.3599832861118766,3.807093602650469,3.752766860014823,4.447751790743327,3.7588193522835045,2.607456912029374,2.6374772690429533,2.8436843317721303,2.887940229806931,2.6815156753542375,4.254617829111235,4.109658417001032,4.309782478923795,3.0034916918998573,2.888992548515344,6.0880192716300785,4.457826251927905,4.629246407010719,5.412255661728814,5.54346812596838,3.1025502069948643,3.1362783150173583,2.9676766265255092,4.466445293635129,3.559470645429679,2.9290006766493373,3.0399977510433382,3.293106179631589,3.2008783482381356,3.1453688862345817,4.961691293804993,4.951224128298547,4.675874273950567,4.267776147879388,4.296228950973809,5.4726154115000325,4.752820339329073,4.6716921925327,3.859620304675821,3.356423522107363,4.663928832360181,5.536078684761346,3.5178298243861064,3.5249854006652095,2.535861728209554,2.586390330473373,3.4122308387061504,2.880133802101978,3.0852250260983998,2.9038025843569684,3.5248484317098536,6.294129306910515,6.981457053470008,5.410789531742281,5.43362701081778,4.033466038756536,4.185135183160596,2.343557020915304,2.8788636198940667,4.013374812169628,4.668359375677208,4.313138929951037,4.548157030623182,6.416513161785373,5.386168277442262,4.546437443151133,3.533027443301962,2.6645622255009433,4.09768324522741,5.632703343606789,5.488804393620629,2.8676336620225857,2.9967525156259085,2.7100178984624983,3.0233833113158903,3.36929782126053,3.7260810848154073,3.983203393423455,3.1149445353519463,3.620141201541447,3.2516510679410158,4.895996493927757,3.514069879695483,3.8203385892082946,3.498663847303872,4.671574548837804,4.310807323372898,4.660387693580727,4.751518807756574,4.410122334048499,6.733923436089535,6.071278644797514,2.9893916777690004,2.5616490383672903,3.5941544952701783,3.1916249697662162,3.32919293149043,3.162642068624789,4.146654686020174,4.1104404809505946,4.449770840197479,3.2344774286302567,3.3859571623371956,4.168266226375883,4.138779202887949,5.3838767101631335,5.941339040612992,3.6389484815629602,3.56754655615692,4.2076718436268905,4.143129769019181,4.05849976205232,4.539312008808476,4.809418954850713,5.5159115192506425,3.5338594512949664,3.0167802792833642,3.318010999908301,6.883326472829948,4.687159830617833,3.9983544856543247,4.029319669634708,5.09462524062491,2.832484192494854,6.490463530342523,7.108314718147195,5.6548654630472015,3.42302843969866,3.0135617418016385,3.5928039529644176,2.3842020896574034,2.4716881167574125,3.223262205182702,2.8743661177526807,3.1160186390711044,4.0101464229255,3.7198518197887007,3.641730140509275
2018 Q3,5.086190539538681,3.572786994682613,3.5839412013230585,3.261104179171213,3.2216485463272426,3.124264984831403,3.4046261628963372,3.842095969147533,3.8596065746521626,4.470831857280553,3.800178883698724,2.6136046258028047,2.6615282917588616,2.8888051946681186,2.920757398656371,2.698864236841156,4.299856270713722,4.160899055355929,4.3329857617879215,3.080117986550125,2.9601799730558076,6.172133697139835,4.5246023543012965,4.723076045280888,5.482933457925967,5.5444002128484176,3.1802309332759635,3.1560980307367923,3.0145110617601127,4.5256768690717255,3.6089011027019966,2.9856711339790802,3.0893675496675153,3.3205843280292187,3.2349487864799595,3.1938714900662135,4.980282001576607,4.991025113677577,4.696668339482619,4.307732732771081,4.312715725391277,5.4582550658579425,4.729520882267243,4.751787840071871,3.9495614758609463,3.379554571661545,4.704053732265111,5.546269683107646,3.5191156794300382,3.5604242847595495,2.4997787957628117,2.5696696164536728,3.4278948192824084,2.9293822730983843,3.127901850337924,2.9105920954899913,3.59902207386968,6.357334981610888,6.951259157059858,5.441799046345815,5.497645518096878,4.101875316074816,4.235528766812355,2.360505285836805,2.883457670995199,4.06481949215925,4.647687509457379,4.326784101847079,4.549941678454,6.510703235262162,5.344983405513391,4.556105332531811,3.584215947298265,2.688669795921463,4.150191100046517,5.629622132065576,5.5755919861351835,2.8743164378692456,3.0484882829020186,2.725343496104651,3.0820240265552856,3.402767281972233,3.7870815736659287,4.036507088930861,3.165270008740247,3.6940092400963986,3.3167729676174456,4.944286105329777,3.5746871959778743,3.9064286395675736,3.5882961070438166,4.71932867924281,4.307857767101592,4.635358027161936,4.773970995287587,4.4280561562231355,6.704729070901281,6.154022717495316,3.0241911180611893,2.558940975492692,3.620590592558708,3.2135722450595132,3.401546594948206,3.2537995346901143,4.180176144006963,4.181885189176855,4.4905429686338625,3.3131956492979002,3.5236850330371454,4.315921566213968,4.181997494564888,5.348549104405649,5.918293283409825,3.6992201712955737,3.6112875180777118,4.231752715278264,4.1832529656212545,4.075401515743959,4.577049451300315,4.892162395736644,5.468286997514754,3.5919807893173052,3.035076421048444,3.3674677479833433,6.853433341328925,4.66518717057886,4.034416217768169,4.0489456243516235,5.1843736166118966,2.909695527112709,6.555729376885684,7.083316740500915,5.657672191028337,3.4750706978720918,3.0781198654632016,3.5649006251215365,2.3820701302642804,2.4247948274785367,3.273889291671413,2.9246570513169123,3.188987476382375,4.078177364892309,3.7598158196864975,3.813784091789919
2018 Q4,5.027899453174808,3.593597459551477,3.5947804907805962,3.330510709658293,3.2507406664792398,3.135322793800115,3.4289830517174944,3.8898875665810673,3.8348828271844733,4.471434117475503,3.832459913761277,2.6414239305465927,2.6348884088120195,2.880975526618599,2.955015822831317,2.690117608774242,4.30178685673834,4.162726923705217,4.280234676202652,3.1209081078359517,2.941828038794171,6.133813798741356,4.497166338223329,4.712590945041402,5.390188092884911,5.5780013020386345,3.150204906653003,3.16460308728489,2.9944079604951552,4.505210518054968,3.6235695601439626,2.9641957846096796,3.1151205710818743,3.3210802257786725,3.2438154760215188,3.219384504356456,5.000274829939209,4.990703164558342,4.720391521729287,4.309301651483307,4.284817095476968,5.368306958454593,4.690124177310181,4.720663142851306,3.9292673210752653,3.385035060472507,4.664721405369537,5.476186949054243,3.50914143321671,3.617406495951228,2.530310197644467,2.5844056164996143,3.4178969154960974,2.947243435922343,3.1318457317080926,2.896288861701353,3.59892214977965,6.338279908072456,6.77572471952777,5.41905791297909,5.472287230949162,4.089708191276797,4.274129380841606,2.3923755801869557,2.859291664247341,4.085037473364078,4.602102353950132,4.300382807542754,4.515703652856509,6.401133379218428,5.3332698190019086,4.504809375743464,3.6030041077392885,2.7189773842916654,4.194506019609484,5.548034880798229,5.447833724795215,2.9074196717058367,3.050973833920142,2.7583898657760404,3.069341500744463,3.476580930187487,3.7967840684366236,4.038556667835438,3.188649815133739,3.7172192243284967,3.33859344663211,4.838251037806629,3.5498598704903976,3.9411509533521114,3.6221997201623144,4.679137123594594,4.291139564865507,4.666732074438276,4.7771384140246065,4.421535393539522,6.728177716806705,6.067620954600978,3.0197133445418167,2.5927050269449103,3.694826006044125,3.2631397539430944,3.44741992217531,3.2972148437265303,4.1685783923765944,4.194462755287625,4.449990430498491,3.378642533573207,3.5538959149490856,4.276360436273329,4.201161635982475,5.106871500537779,5.82400987233593,3.7198803204882354,3.5990723291871096,4.239160067856632,4.188001279144406,4.147999396514475,4.528418669541598,4.896158276633574,5.454668516545333,3.6140156962109637,3.0395314698963727,3.3786735811428987,6.740635061800567,4.654451607082668,4.002109098466813,4.037750383534035,5.282018946519235,2.90060438682965,6.431063554670423,7.0309986690923205,5.586850445760053,3.4759984479309876,3.1086384282574833,3.6533435170764617,2.4023216964052736,2.431839902593652,3.288163333105999,2.950217355168727,3.211758909459117,4.115946153795388,3.717000548733188,3.8971049498096466
2019 Q1,5.013285300848929,3.5927258177935726,3.591981985703618,3.3105611777045447,3.177854473660523,3.1986688693458847,3.4277080395580386,3.847282483197631,3.818032772565725,4.4502012463989,3.7610044113383565,2.6432468992939726,2.7204902411225165,2.8639992992366117,2.9147087443072275,2.7123373572266964,4.30264274823687,4.128755534297672,4.267510441467057,3.1111258435613904,2.970516522016167,6.038523702433037,4.480400942273583,4.63195667268592,5.341170990412332,5.553650598413985,3.146867039525331,3.2317030553691035,2.935088927465404,4.438725066730805,3.6144622949775016,2.970308549722771,3.180969895967972,3.3213154516543564,3.2747760233078522,3.198357963704713,4.912771843410093,4.964744447038658,4.684514868544343,4.272256631204999,4.289501491636866,5.361231313509876,4.663406406568399,4.727613289378576,3.9987164679756333,3.382777417157041,4.651652357733342,5.5076248870950195,3.559003751527333,3.621428734406219,2.4645119739053274,2.6004132117295407,3.418275927526672,2.944637459337149,3.159381108331262,2.939224536087806,3.6160896278988384,6.258846215159114,6.7304015206463,5.3400249800111945,5.366148612937033,4.090707063210162,4.270819112792807,2.358811315382957,2.9004042241245966,4.059666621738047,4.550132934816067,4.2066829635917715,4.438595986965732,6.204822408224551,5.2789972292724965,4.463054580275406,3.6024041880863042,2.7147749049681567,4.186102923445792,5.518012475223517,5.4037138589715275,2.8998990487047704,3.03958109863328,2.7638188518616453,3.067656615223003,3.488484845020217,3.796722474896169,4.03620209562229,3.1869341357818137,3.6907531599463144,3.333040916223783,4.783874964630913,3.6502294811438474,3.955400139158335,3.617698215977641,4.654780093282645,4.292854723074037,4.589436810563739,4.724141414494062,4.394375944471942,6.53851927067648,5.834068570499581,2.966481851323581,2.6009554834273545,3.6893080908416773,3.247516672573423,3.4061394567991528,3.307120875944944,4.142081546180998,4.163671934974686,4.396105242750673,3.3926852409090382,3.5383976550066816,4.259634012752936,4.227105052065876,5.162713424000003,5.729986792467219,3.6630241444971974,3.580287650106781,4.199365564389535,4.171774488778395,4.152310239913659,4.462772586988168,4.795164256867474,5.437244639261897,3.6067986214876466,3.018772369939486,3.42333118476231,6.685871957772479,4.61277061255408,3.9819631156456565,4.008025208766745,5.176377381600783,2.932785023634028,6.3574213185136585,7.00967373470949,5.412274506872831,3.4783986543497405,3.086481719252216,3.63278899315,2.3818456382317064,2.4363837713365766,3.293697809960771,2.9366202669319437,3.0822392630220143,4.126626519681853,3.6932957010584677,3.8533787457253936
2019 Q2,4.995878115230319,3.6226529308762307,3.620835251314537,3.373631911485239,3.2984038626421834,3.1839249304450608,3.455978598157013,3.8663976501076767,3.8184084541939454,4.497358911071208,3.812776681317427,2.6708294136931197,2.687641392344089,2.919325610705969,2.9913468538486567,2.7745286564558467,4.304614390054741,4.134065730279585,4.289750584169188,3.1721353420415572,3.0148617035981964,5.996220410109509,4.479032083795824,4.659332858445958,5.324477103653865,5.553164058326038,3.19431356080343,3.1990801279981023,3.010248389679585,4.4843557740913695,3.674044715419179,3.0586094755597313,3.1836059103033616,3.3755982178828154,3.235629524430811,3.2308849052269792,4.933551067761543,5.011241554607171,4.668067662176476,4.299646119038469,4.317924390313367,5.377719556202415,4.673351745816307,4.722707308097589,4.021005240301753,3.4490085541819773,4.680230412223463,5.487189957047471,3.617331536658645,3.668969015231737,2.556254267394293,2.6040288890191667,3.4661422366436985,2.9961416688895244,3.205913104330693,2.9488748286229503,3.642199305094811,6.204193187807124,6.782637596648234,5.35352599565879,5.378645419980432,4.094322679138746,4.282498073963551,2.4043571676502853,2.9289988552772623,4.087074601195007,4.568402524899899,4.24739340891662,4.419882063682332,6.234101454044746,5.252254836256718,4.45834213120857,3.5911228152822394,2.7334847381128933,4.183549075799035,5.476279812987539,5.455362776048514,2.929628245187164,3.03076427963953,2.7837462484874296,3.0650905497141,3.475351346540289,3.8392394597507247,4.120406253857692,3.2158438849731708,3.8742551203509037,3.341936318774178,4.774624509031862,3.6429161919526796,4.042762901260447,3.7038046565446088,4.646300399514526,4.299587846865147,4.63030913069638,4.680394472064475,4.382739235359622,6.501529749581942,5.898249548432905,3.0472978850720294,2.6107448777742204,3.7104660861243572,3.2908397924412935,3.451942002575201,3.3094026308532136,4.181958763749388,4.194806332809562,4.385733082371043,3.4058835616808185,3.6514869368771943,4.306306462158271,4.21926201500252,5.113588538156039,5.753182964284884,3.673636503152196,3.6188923559590904,4.1815016560343965,4.197920355512379,4.19550758885463,4.491251651071001,4.9071862785255265,5.497245868006163,3.635050457466063,3.1076507891039404,3.437400473208252,6.745649731079741,4.607018447347175,4.014506753668509,4.02092969216034,5.224058872976088,2.9516613400274756,6.339333185320351,6.982532851384007,5.454276215978789,3.5213144122998994,3.115743191119761,3.66768519874805,2.4174555465928678,2.4882571782173346,3.3707678523029325,2.97843229586301,3.2157017618415606,4.141970083172973,3.7128152155022893,3.757273631145861
2019 Q3,5.0331615559437415,3.6815707013265415,3.6517824465268562,3.4037282782350933,3.3176602235859862,3.2263331182152144,3.48493075257882,3.8862303756597343,3.856913043458175,4.521294783219681,3.858504065379736,2.7266580516934598,2.7961583989498924,2.937391155880943,3.0298702027556375,2.770611060564108,4.335589093283686,4.185552550617383,4.340761819300829,3.199079121021894,3.047120761756389,6.108536805270151,4.5358494593636784,4.718348048178058,5.408082388532291,5.639694109536588,3.2156003842022542,3.245600095911986,3.0428449631195797,4.513419410946508,3.7091448567459597,3.091558069528937,3.227521960946436,3.3987302417730763,3.329043267778776,3.307173892522633,4.996578644849796,5.068219226937638,4.6926957616213265,4.317068426124447,4.363090317343487,5.367816821078375,4.691873496572875,4.826832109769313,4.01673594916314,3.481174888012446,4.711256840125825,5.528071858278626,3.6238220645372197,3.687603164468666,2.552532258370304,2.622097302076737,3.5090316962627823,3.0546926736692255,3.2271537465116045,2.978601210795425,3.675175078016057,6.329880802994116,6.877866383431079,5.307671447536335,5.430157519978684,4.156286983879647,4.359428632696538,2.470582794509761,2.947778233513646,4.1047917116747215,4.6040634498430455,4.267568306947181,4.47134897713078,6.382972776386104,5.2997723771338094,4.466564831801079,3.678817716726322,2.7504747590125374,4.2281966803017825,5.593153728914925,5.494227589742299,3.0337087258763553,3.1092313460377805,2.823569221491394,3.126759920705485,3.5408861758785135,3.8988072401301577,4.16676206846182,3.311317178333344,3.845611185677341,3.430282175798027,4.82204436806894,3.719370857409203,4.0946728670390895,3.7357553173381746,4.697729990563435,4.3364914198133215,4.661195812533432,4.717346174440953,4.428439398507964,6.677836839239208,5.990197807520044,3.0536925064302634,2.627653225703365,3.767077907729517,3.312313792749278,3.4955666747216436,3.3402952484467416,4.219603048724844,4.187297330068731,4.429250308248377,3.476507536569115,3.661003991948401,4.341608945527811,4.2546181314776454,5.300927311978078,5.849150057342117,3.7399730373610605,3.616861269631238,4.243382115377119,4.220446666136464,4.22485554163054,4.513305117896067,4.857887304064243,5.489242518110735,3.678451909206274,3.119559702153219,3.5024488644549505,6.914197477672849,4.588476031896172,4.017365847604798,4.0545161994312595,5.335772728902547,2.9617204090383153,6.552582515780614,7.101305748553927,5.663715317566288,3.533770948151875,3.132000903801274,3.664047787511795,2.438954500404189,2.4634704168434824,3.3993453877420485,3.025740338943119,3.3418291424208295,4.192692164833765,3.720929280835908,4.025995026789599
2019 Q4,5.026049282034431,3.6838809028929598,3.687593963221001,3.43830953841774,3.3358564368667327,3.30141607780053,3.5300888962378236,3.9052773979495483,3.8828889147282166,4.532847178500837,3.895504943758223,2.7052540574742707,2.7107028942013676,2.9326621604772245,3.0303183712667643,2.7905414996486275,4.3598505924963575,4.21597060533227,4.3403489363269125,3.242514374398358,3.0831360361895888,6.0999682242506665,4.5459895068824165,4.722368574437996,5.4254511666627065,5.724780086728095,3.210837591024191,3.2580954023600324,3.0566587769856675,4.527401394181102,3.7531977470604274,3.1515843928961518,3.312076220834106,3.4293181667992485,3.3526056046025077,3.308690209816521,4.982769602378761,5.026071506828856,4.709569624841913,4.3217666479752985,4.358972667432044,5.389961362894656,4.695040541417704,4.838761114952389,4.057635401926364,3.463128326133778,4.720987449993848,5.49374133612688,3.647162203353945,3.7247478896555166,2.5396273273634358,2.600020318517497,3.494770204961607,3.053212186494198,3.2307977252007958,3.0398524091200088,3.689124128072032,6.356513936772365,6.969986248831843,5.368320596493413,5.430976157677752,4.1455319806513815,4.38706019562022,2.4078262431113693,2.9424552677894504,4.140213726981455,4.611472650482832,4.257223767334733,4.446091024072793,6.241916832814362,5.281302547584298,4.4443520674035115,3.638635180354919,2.750870149544846,4.23040057619574,5.6163327644805445,5.487133525232591,3.037247496389808,3.1175501008357083,2.8636322563791836,3.147723748050708,3.580275810486204,3.9115082752149504,4.285538629188768,3.3523977576149835,3.955305030631009,3.4224257011535917,4.762849142401953,3.7167010569977452,4.158804357971257,3.741677763888134,4.695156267778589,4.329226411682824,4.654495015106646,4.704684241530925,4.368685035344257,6.7179631314907615,6.050788443319397,3.045996221427441,2.551651581832191,3.796192556730983,3.3552258665578307,3.549261939607498,3.412249078430018,4.198713118373686,4.212928393957748,4.404749779885612,3.492866257489586,3.68510626084329,4.362296609842609,4.277050510564982,5.454563773543893,5.778035614717019,3.7833332027677944,3.689887679201533,4.267509488507904,4.218573654597803,4.266966748079925,4.4888678359844745,4.884512052220166,5.487631404398936,3.737857812288468,3.1513977309865635,3.4939588088395133,6.8812633480219025,4.600397009569229,4.019193243248408,4.055502206966664,5.281739884191193,2.9907149468823815,6.576755836686209,7.120875175891093,5.624887368709208,3.563079569719058,3.166173399629381,3.7475004845789543,2.4544660355458903,2.4728024091206557,3.3841381292004904,3.0278272360702956,3.3840633742636324,4.239001619712396,3.753132409318839,4.061372810595626
2020 Q1,5.041726607928884,3.7095178443665384,3.683694064504275,3.4604894468757124,3.366629092479194,3.2825824373332835,3.533241339057488,3.909061092862696,3.914404459166152,4.53761917434788,3.907283491608532,2.7667876672251217,2.680359056069162,2.9525998099365345,3.0308004322954063,2.763338125419652,4.3831415324503125,4.191761210032124,4.32883891473071,3.242729536247109,3.1127634647906564,6.225191230617146,4.536402819262215,4.691254527829536,5.417002252476194,5.708657912141999,3.2452564696978805,3.237932112435963,3.039306850652613,4.497943084947067,3.766543052680156,3.15457062503035,3.3458742697303503,3.446521861617614,3.3251992532160646,3.3176818845488993,4.975854722221695,5.057971455048087,4.706129253145871,4.328781724206317,4.345540417216754,5.416324935575824,4.724300465885681,4.829528979369771,4.03725794047099,3.49020329457235,4.720433013095178,5.564630662966942,3.6813402109658817,3.733245997735637,2.5863344559725334,2.613121139632761,3.521834265647599,3.056211878400324,3.245830573113792,3.0144630145060733,3.6965990902415697,6.4189748810483405,6.874639748037768,5.330310923232256,5.492270296337007,4.186088377372278,4.376821100495856,2.402338643247,2.9715316540630075,4.135785575289096,4.590725497098113,4.266137457826898,4.42789536360918,6.334426926907733,5.309399577205323,4.487425332977066,3.675234067445461,2.7724114588535436,4.257478346710651,5.597072564961102,5.4990917662850105,3.0474125214590364,3.1497182793047984,2.8574398910647663,3.154583347005052,3.6014598563780313,3.929637284486135,4.259501405913786,3.3155679949778536,3.8619705933633215,3.463070757435038,4.809531867212734,3.7880627314915687,4.126827949739692,3.8035241431653994,4.693284604299413,4.3096754869719645,4.70150845970374,4.695567996969214,4.380494230469077,6.697150812745994,6.074933274853077,3.0502283766215705,2.6572311076098467,3.8556913175409133,3.4089323096379944,3.5370201448042513,3.461741335660472,4.211915461466249,4.211735802120214,4.409195592688464,3.543814099420118,3.7274677748957696,4.423486156517864,4.292662948519042,5.286021321394965,5.871596906800877,3.7533756851342206,3.673558396780522,4.240729189872297,4.211910591472503,4.266170809959475,4.498407708027677,4.838766256970982,5.4677831984400305,3.7257481945752113,3.2179501336798153,3.574653770110248,6.872348903806934,4.603996198892335,4.009401064824599,4.049210706796546,5.2392456695720515,2.981109652213412,6.604162711193244,7.07077903731316,5.618490356081031,3.5761746764331477,3.1914421102479538,3.727678272936042,2.4713208553238313,2.45623648583161,3.4494825300372756,3.0596931537348517,3.3157797860166647,4.258843123004419,3.7350727655904565,4.014148455254125
2020 Q2,5.0760680739092,3.7265862966220107,3.7030062531598498,3.520281894992887,3.4097556913732987,3.346287298791274,3.5910152756800975,3.934667130413235,3.8636977223064015,4.591665598875789,3.9429222220892743,2.7736854734553162,2.743690854006101,2.942241556895979,3.0639239174716226,2.8217354478617898,4.352333785169691,4.253617102511528,4.3517480973963165,3.3083166220906595,3.147172580757479,6.2762649025994195,4.561622694120699,4.7228378606886166,5.483908921666558,5.825887941530803,3.2639087018169097,3.240605677615093,3.1146629030228348,4.54654724417611,3.7794240416714926,3.2208480127057832,3.35431887009803,3.482344983798914,3.3159538783736613,3.330384459324008,4.996354161530538,5.119919277838866,4.741373481833597,4.364432329464729,4.389678803202116,5.46102749495778,4.742897529618613,4.888886243082107,4.04165179352382,3.499853945171092,4.738956774764798,5.624058875271738,3.664369704247907,3.7873432180978086,2.5631668252768627,2.635669461772804,3.5484790239744273,3.109281518292573,3.2976489802921694,3.0268828917665758,3.7200613555545132,6.4846878558913374,7.087551470984362,5.273787458779091,5.509282589770687,4.1905131903787325,4.381266921905537,2.4145475783677104,2.9838727089839443,4.172762053960078,4.646791785707585,4.295309443863679,4.43132125243638,6.363748629196135,5.295184358730111,4.525420712338536,3.7039239516880795,2.8029008795542496,4.246750258935573,5.67104663092393,5.577751268486828,3.0717033862157384,3.172419152931538,2.8847414254649206,3.1404927889448935,3.6646835951340937,3.9806507262115596,4.2797532635920135,3.3585444790134593,3.899942483370794,3.5061173785702824,4.754118244508658,3.824925469789538,4.222438750559765,3.8093299695817526,4.7338620234568705,4.314682949313757,4.716166287727967,4.676628016528735,4.416036672553073,6.8379466537747975,5.923035225727439,3.0944396240322347,2.6469057747496887,3.912913222893487,3.406682057426967,3.654380154630724,3.4859530634830844,4.196940883463757,4.257007914535748,4.425992330506255,3.5722647233709757,3.76628164537994,4.489534545907909,4.29708996317075,5.467739900428619,5.7899741581545,3.7967873990355443,3.6585194714736224,4.288675025300669,4.214416099072031,4.20981327177186,4.547254787054169,4.877581394771972,5.532274631540331,3.7431896972975847,3.1733612983024795,3.563615246331948,6.9352365281879464,4.623280395916306,4.043213611596007,4.0994290542284855,5.310952294510356,2.975635529356114,6.552024240975849,7.255657589321711,5.670383783717313,3.5409187717197215,3.180035080122403,3.7430823115022265,2.409827526772283,2.4907891625938765,3.4570812330627816,3.063676620981256,3.3820459197935824,4.334344965101556,3.782402098600334,3.9462351888504137
2020 Q3,5.1403846657014665,3.798379990687974,3.8079253153265866,3.546582516388843,3.426605544704202,3.403308148008516,3.6331308139513063,3.9846081087162775,3.9200513218175206,4.673589236895118,3.9760189938337214,2.799767011665849,2.791965783261542,2.9929834629080827,3.13952133064622,2.870494568311658,4.439327928528748,4.270777362673466,4.4193622785738524,3.3707078366379966,3.201481490294877,6.337421152016498,4.6259352399744165,4.813429866833517,5.58420115277594,5.881182294643735,3.3018667488650006,3.2989826898134504,3.146876733179344,4.599958444356867,3.8507431946903203,3.248488697475959,3.439400572009592,3.5476441534756304,3.4631540138836168,3.410464569218263,5.031595669195523,5.1092264095132505,4.770300095382458,4.383524736246628,4.408579203482172,5.487450364962463,4.793145595438189,4.959218008664515,4.11787805481937,3.5707352107046266,4.799434453129292,5.699157971533778,3.6973882664255324,3.8592764310662346,2.6299350560927897,2.6753422398836704,3.603277574210591,3.1578223584142124,3.3127187117107764,3.073541237401978,3.7934967908146855,6.584831500479044,7.041939859547162,5.4243103712019405,5.514859115925957,4.266399004916876,4.550435760522482,2.4692332810245006,3.0760059383620018,4.263406998684233,4.711070424130388,4.330227991101373,4.520150524452256,6.491526527020832,5.437314223021612,4.583966977881945,3.736016721515084,2.8212070697647795,4.309546880089853,5.7236736569376285,5.734459927554033,3.1768092323902852,3.2084180577242782,2.961188024175088,3.1843083424274172,3.638484114826013,4.035253923779776,4.361540883067692,3.4315879077423754,3.9763472900748504,3.5633754893698093,4.870532008985082,3.9234455774353445,4.360342781472572,3.9513572395069523,4.788389203810724,4.374464214245988,4.783078748864202,4.7442001851514854,4.408064231445193,6.991671994734948,6.288972848359922,3.14842753050977,2.6374595546568607,3.9699688767323935,3.4683202608282793,3.640274303803174,3.5453116982739417,4.2862742059350145,4.259253210089798,4.477279157891653,3.6431996909919904,3.7961811568664454,4.528146053295532,4.382658374033353,5.3397623449359175,6.058838985784327,3.7782140935723643,3.7757351391255605,4.349460483608064,4.334092588066112,4.390469544955798,4.567639399917553,4.980402804881853,5.59808465904054,3.8445655342008433,3.254582989920033,3.5856503252433525,7.078507324725571,4.641083568181418,4.114950503109425,4.063389187903038,5.4111974436938395,3.0878228001260615,6.7968568604361685,7.401492625123497,5.751117113992991,3.6654554998603692,3.2414302959642063,3.817902193319279,2.478925550757985,2.526797926535976,3.5506212464887934,3.1026017161301405,3.4584499278835885,4.3786465638268055,3.7900494730321594,4.225190988900106
2020 Q4,5.223288467236002,3.8588648856860805,3.8577237849210095,3.6525624031072086,3.5424315893193477,3.486405183633951,3.7056942754042783,4.0461513704411445,4.049875680142413,4.747738461917786,4.0564729118707925,2.8757096678440583,2.8852930016129896,3.064582842227203,3.2036582943439282,2.9465333604704633,4.557648321906569,4.397644369123049,4.4996087354113365,3.502922144601518,3.280104438706444,6.498540734799184,4.755880400302808,4.8978241918215515,5.705545461495948,6.017959512065399,3.3767259823803473,3.4363529292192747,3.191421191443238,4.644500049454883,3.943401833760557,3.3441714250301944,3.460698817320632,3.6026687940068456,3.547049013378726,3.4916786567722196,5.209467618223009,5.224243027669966,4.859665046924223,4.4936059638145,4.54955775171081,5.573127464608121,4.91476139005179,5.088598782577097,4.183999921809976,3.6435114782320364,4.871587302664143,5.792262361665222,3.8386977998577896,3.9381665573752285,2.6645874958894105,2.7195585650233776,3.670422974620428,3.268677660712366,3.3840060507899397,3.1898209647369606,3.8557943725073964,6.781442289410129,7.186398182196157,5.481645538035304,5.678772719125674,4.372597086695765,4.674392689843675,2.5158733209412416,3.090000831098335,4.351134251065656,4.795782345928848,4.395002338498495,4.603590791109032,6.497842667624928,5.539783955158691,4.65289508595246,3.8793404610703175,2.868967127761968,4.410234149715825,5.8783314083603715,5.7386042376641795,3.23119466741252,3.3162565905815393,3.003807638004268,3.300406191412941,3.7653593100031717,4.133725978902679,4.51144016365966,3.5268717860946177,4.23467299607273,3.678362076770072,4.940798913353004,3.997314034228751,4.443670820711288,4.05198781846283,4.9029920686376345,4.468147248060244,4.8616055956165285,4.818125719970519,4.5124938134016785,6.968475207916945,6.203909015388407,3.2082258942734767,2.746567634549023,4.032078965509673,3.567283571725126,3.7366073806608213,3.664098966466704,4.359160418327606,4.327621839712475,4.545816382829675,3.7327139156135805,3.8521611923810335,4.606689856651475,4.453712106047311,5.3749895555553735,6.077578390701405,3.8551071171558653,3.814429908912263,4.403676647808137,4.433694041502032,4.509013951770137,4.638582897691386,5.087869899168169,5.718038055665225,3.9422606077496183,3.3409499133975573,3.7787076939358966,7.240492151753097,4.760914683409325,4.21774931474232,4.167553419516864,5.4810223609055715,3.135092394815082,6.821754352291949,7.44040105304635,5.804369176038666,3.7638160568934302,3.331667012365014,3.931000825947436,2.564345006069655,2.5670365598270872,3.6022630086903282,3.227746799163011,3.5149714068699844,4.43578296319001,3.87588768326279,4.308145884524306
2021 Q1,5.285750490459917,3.9312977590381055,3.9148953504866286,3.6971935915808256,3.5844935363803736,3.5752897310476053,3.7457211726906348,4.092605785356595,4.097195093954423,4.823288329272734,4.13184529870163,2.951565304316747,2.8962044546032186,3.107880102852426,3.2616473307547706,3.025836117807093,4.578498539242066,4.489093932400325,4.578783243651356,3.6128673910636375,3.3338276909562286,6.539875160443663,4.855090123408677,5.024458213171962,5.694476416894855,6.093912387923192,3.425377411323403,3.422006265870697,3.254565096065846,4.732819472674411,4.011163622113542,3.3627046779447745,3.5814060273615174,3.643041727326029,3.6495744976984423,3.5280145695169693,5.235884129925742,5.325810589660622,4.9172363227476055,4.538074864937161,4.590198968238243,5.679161017117085,4.981874829426956,5.198193757503906,4.218352439165889,3.713873406946385,4.965034987757513,5.905862533203344,3.88623072398016,3.9756142936953385,2.680035389206024,2.7101039123526798,3.7449287182035382,3.319580119122901,3.4171945908634567,3.21016094618214,3.92690867379614,6.849469644843616,7.1480696703481765,5.617742884236555,5.710218869357983,4.4658743347852345,4.771095753255566,2.596933892198474,3.1690756142481518,4.401205475142971,4.858243522546912,4.469844745461685,4.671756687950026,6.55761681777097,5.5853829186007244,4.69983004885296,3.8911743889545765,2.8630806602804277,4.48658688178487,5.911986893767776,5.757109891180916,3.3717896019195455,3.372316971820015,3.0741627365427466,3.3174912677043134,3.8110862904509433,4.200374796490792,4.652365216098785,3.5970188934426064,4.215968988661721,3.715696192457955,5.097678760308956,4.056937611267015,4.5043974116381476,4.095455362063331,4.931795959851291,4.5685708097654585,4.947228355924669,4.897627717474745,4.631993344087212,6.953049902999634,6.085942099119879,3.2400805933464905,2.7438103275969525,4.0866827331517195,3.594323342535137,3.788262660071798,3.7191255880311362,4.407537830711333,4.442445870620979,4.60858654366255,3.8198425800211173,3.933096852388492,4.730068541665262,4.541941115787488,5.347717323004831,6.013770144241012,3.905634725590568,3.867931656013748,4.479842706313155,4.482650013372575,4.625677759581988,4.690693497181192,5.154026682162368,5.820805448741427,4.074436766798317,3.432265021108327,3.836058455264203,7.193459388577761,4.794336676529786,4.227859055751791,4.23656548612524,5.5429582999398574,3.2197531327518067,6.7698910117967674,7.361743819842188,5.663300513862679,3.836551314788168,3.424201993394336,4.0054937089806595,2.6108523030596738,2.655419958300926,3.711975196247094,3.254227345917863,3.5945775455615387,4.515664704547922,3.88259895697031,4.370762113703071
2021 Q2,5.386607897882847,3.9875673965565093,4.008294231212133,3.755021644891075,3.6392484681277555,3.6195786436310655,3.834650860185762,4.156249892812903,4.151146459576144,4.90877330236231,4.220769894217465,3.016495915330013,2.9289704288923644,3.198753537601926,3.333743026053018,3.0739284981907136,4.665372221837133,4.572934750732839,4.686531073606372,3.6721572414831387,3.4359588386847015,6.658521442640231,4.965054275907031,5.112830013055098,5.825812776203415,6.169558177809111,3.5187123201627,3.464696093869596,3.3572782915587873,4.831559334151787,4.078638684065286,3.5038126847819946,3.7117275791775017,3.738364656266559,3.6919200079606576,3.6303911498446677,5.33947119382763,5.406313636172987,5.005739862347219,4.650187298929144,4.682397471406171,5.745359572750052,5.021785326686411,5.290939096757231,4.3257938915019984,3.78558316226287,5.063944771423554,5.93869237603081,3.935151538999005,4.071401764470988,2.7795986183767627,2.834144997306991,3.820925658542076,3.3782083714287467,3.5173555089670283,3.2731678261893578,4.024613281787134,6.821601511505359,7.100162217577652,5.634471471013913,5.775295680316822,4.56674751677323,4.9582558380450354,2.618886851610681,3.209128711246445,4.4741822011450685,4.935392212592733,4.4898906906493075,4.713605557216319,6.774739122799658,5.609895156043282,4.752409056914899,3.987736074556875,2.9287377243913104,4.589593713315677,5.903385179717793,5.8178126088048865,3.466453218065244,3.4442982848255186,3.1843987826789166,3.4490664710479795,4.000877071661133,4.284204017585526,4.722596714731883,3.720847529438758,4.308909165286027,3.79918900679431,5.158090265842171,4.107421059669831,4.586101811529165,4.206142284992694,5.053633555334872,4.667012028351887,5.00016212722842,4.994284145376257,4.699212771802566,6.943311311844163,6.132255896220349,3.2801370500212705,2.778827308278807,4.186747161483384,3.7109592560800206,3.8885106406927448,3.8103837663252427,4.482616310584859,4.519672721007015,4.70240238484533,3.930366290763483,4.011273095192208,4.804515571811791,4.620598151676684,5.37518282850317,6.119769933955028,3.9654610478658494,3.940056228564513,4.5627415449292466,4.56913285418086,4.768929572664778,4.780583219286902,5.225224602864339,5.843904261954674,4.117988662222933,3.5430130793041887,3.9538411313816924,7.203666918794081,4.912610793860159,4.309478295681905,4.256493703480011,5.719009969407488,3.23907202237322,6.787692935613034,7.321248133022638,5.730204859842324,3.9294378997740016,3.4778932978045263,4.110738354853719,2.63641151229821,2.6421114578079377,3.79678181280215,3.338071558191604,3.650131850464855,4.60182570619279,3.961628086842014,4.4400687975677515
2021 Q3,5.4378579891638905,4.0454926356997385,4.092532620706206,3.887906176504225,3.8435641800086473,3.672079905944698,3.919620233885521,4.2598068491112935,4.182612921355618,5.032180103815113,4.331208367434951,3.1666961927510298,3.1321265731608676,3.219501733103313,3.442320882158654,3.1347989682508026,4.708158237023629,4.6693750666352685,4.720330478377428,3.8139455110815534,3.575438861433158,6.754260444916092,5.109177190208392,5.2369850789444605,5.880007749812214,6.2877791364619275,3.612441812031407,3.552300228720562,3.4203372495604123,4.894476593185846,4.165912699483559,3.675872864179475,3.8171498885135375,3.848692156331106,3.779875657916611,3.70472096798407,5.385130470506995,5.567020371635407,5.113361207731656,4.764351392503091,4.804276967614841,5.70664798457471,5.128497071453461,5.473221982780142,4.379320964732926,3.8729541098112774,5.182651461683458,5.969012102015882,4.0373958829706265,4.204770271023859,2.858539082477267,2.8864401872449292,3.898513187373025,3.479859476053719,3.604016329260079,3.374292324592951,4.108868243060326,6.922036173885337,7.273808290483133,5.776736623618384,5.696768517202484,4.712058337894306,5.119847989462287,2.767874559386638,3.287121368238922,4.585385491937373,4.980841393159915,4.582217515081841,4.726495823267888,6.524102871952389,5.604750060561377,4.854751034882135,4.0859073027575175,3.0382162093858684,4.772674248205585,6.037542547485191,5.877312884420437,3.478442770058838,3.5272187605723784,3.2891980042043762,3.509424218910664,4.213137738623928,4.412994458776562,4.825042505327673,3.802725385557286,4.490462422902225,3.893490808956443,5.17738820119451,4.19891973820456,4.7015573613544355,4.356438695170782,5.203677165473139,4.760490971448886,5.106193784420253,5.078540794652634,4.829652129350281,7.041454241680641,6.135119924861771,3.3675971247855676,2.8359358334041325,4.297638262322745,3.8094208856790615,3.9855937899311695,3.911713261414484,4.6801162409882044,4.702062583045929,4.7585793204505205,4.044267007769776,4.118963175093088,4.905601910645643,4.760282326825168,5.30047225342465,6.176121954294287,4.057682975123761,4.122130956552306,4.6531716118870525,4.693000413520136,4.910731210726648,4.902442439744575,5.322350040031695,5.969050651991439,4.210968410689152,3.628189751130098,4.205157137106446,7.2129278875382665,5.0307894089680225,4.442361183215257,4.340869921995693,5.887635300198118,3.3616693912449964,6.842959762569579,7.471868575841216,5.780241131544524,3.991720716825287,3.6007814094774715,4.249375143894548,2.721463728869141,2.7142612676646043,3.9380639248436835,3.4805980946848996,3.7470152221853694,4.668200792151241,4.054201830360312,4.791237222618873
2021 Q4,5.4883732882157545,4.071686638181562,4.1594159770712515,3.9432060291392013,3.859508599859779,3.7545199429142193,4.010138499076,4.313215566182878,4.223797330140672,5.0776898867025535,4.427066221301082,3.216605634748843,3.0675354783653632,3.321153960459591,3.469508703306,3.1388502719719087,4.804707711589821,4.753594757366821,4.804819116039849,3.878777769367551,3.661112462195346,6.806820895290055,5.173564910938352,5.34122902293945,5.9721711729728035,6.43943657358321,3.603496852063436,3.656261725988785,3.448312022101113,4.990158015613457,4.299426479701207,3.8059439732761455,3.925331259161046,3.8722843971644334,3.8305336875334506,3.832796072374392,5.504965968786702,5.6219689878761105,5.157604521689368,4.851845716661454,4.93546881537807,5.789360660928939,5.1598074390386595,5.510981083142562,4.428453171916746,3.9109996514132157,5.252211294545209,5.949693924828372,4.11038060506537,4.301432150765043,2.8939026032109134,2.90640000767587,3.949068305550118,3.5524376115871683,3.6853220449444213,3.406560415913212,4.217201172212166,6.9761106057168965,7.3481829071571685,5.794768717541695,5.835085068537576,4.860186863837942,5.254981581742792,2.8200630327910168,3.3932136391477283,4.666040998614594,5.007624923369609,4.681606040746607,4.804487657027329,6.679772332105249,5.626072781366169,4.921227791389568,4.160836409482866,3.1132797102232592,4.856561659221739,6.07258072301922,5.9271618460049975,3.5482366466896456,3.5160572943986983,3.3767539574198615,3.5653458980240753,4.243151316164863,4.494298994652156,4.87635190455374,3.984759281239722,4.528127934134069,3.920997801697483,5.481706780947214,4.25258912084578,4.76061714515358,4.462543175559954,5.340192088550656,4.849865476185607,5.160098011903575,5.128186793534546,4.867438087285257,6.96337414952682,6.208611873419694,3.360573826030041,2.9388450268678583,4.38525867402079,3.9084831235056043,4.0491998557296265,4.001063251361824,4.675894069215106,4.8629295870851745,4.83646200494951,4.221207408032965,4.27426305653444,5.1098005145454115,4.893900374411452,5.345894109437063,6.14859356626463,4.1189843756132705,4.163898657941432,4.695530415021187,4.672426054016308,4.982879089113402,4.950077011909967,5.402826853593324,6.008290986002559,4.2908822074329755,3.7086525797743506,4.310023970037968,7.244245661917233,5.097090681766408,4.508250795808019,4.401049686753962,5.891802167030819,3.434985082156848,6.806946816980178,7.33911585079267,5.704032916280352,4.132998456211816,3.6950910162531563,4.371194176973282,2.7446072876575207,2.7802238033481235,3.9760728177618128,3.5621201523131,3.814296777366101,4.835810415395965,4.126389332518452,4.892284796625817
2022 Q1,5.576776018947269,4.1823549432977645,4.218200337083959,4.107941128156882,3.9569056980296007,3.8217990423155195,4.104642523874591,4.394690910624723,4.2818629942149435,5.2233369801482326,4.567971093270679,3.267702295746417,3.210919344352558,3.3656193552198683,3.575851294142943,3.206200224747937,4.930613828723091,4.895993836160407,4.945985684994863,3.9837287536753654,3.7488710254646525,6.964340033153697,5.331228055618176,5.43694463579288,6.013401463119031,6.557639787283167,3.6919564905106297,3.6894466785657185,3.5026122763035024,5.099397539865077,4.336168046896018,3.8453473716193196,4.069319298502257,3.959569380527317,3.900503320698367,3.8863692136618173,5.5536423097785015,5.78889929826932,5.258227429912561,4.982750162553394,4.984387553702679,5.843698108745774,5.2402842907870495,5.671481370270334,4.511602297113355,3.999534899534375,5.476187466294176,6.133549854233858,4.1156578879156145,4.369174460789153,2.911993395309325,2.9436462872327147,4.091985019800241,3.659340872123052,3.754780623619725,3.5495834663229027,4.297878249496208,6.927669681338255,7.385193028291108,5.831431424984649,5.828041672914918,4.970341727103308,5.3791216809924745,2.8130135202846454,3.5044785404280727,4.7879074472090215,5.047803889280101,4.7191561898230105,4.889520731488144,6.567394316097162,5.687305634529271,4.994837445156395,4.2972597793738965,3.193036617553109,4.964115742413961,6.102706485467354,5.879868932944193,3.6081219223943575,3.626377306068013,3.439690239112361,3.687321825680017,4.420809776930537,4.624208965431418,4.995183122513631,4.035918037813611,4.93020558311379,4.049776062633552,5.5407890148197545,4.328279693593541,4.93258406228075,4.547019198241159,5.433452293056423,4.982649794193392,5.293105176525659,5.288297215504181,4.995904182384186,7.147792908349795,6.228050757956949,3.4669301447057954,2.9165150524371883,4.502441950752263,4.045797102712526,4.195019275968337,4.029239156868418,4.814407386251375,4.982363697714138,4.9455930533536865,4.3572049420262875,4.369203984178866,5.2330056214599825,4.967950834094193,5.5259710316920465,6.207107392115835,4.221295054156636,4.282427766341188,4.827811818314083,4.839634493465494,5.039504358565697,5.073740868175526,5.503532677352748,6.1961183575645835,4.367634006582653,3.8098261987620785,4.38878277890457,7.28522193061872,5.175846586900622,4.624373292241443,4.467398500390823,5.907049077177447,3.5177090090868526,6.885452051266699,7.415059635851791,5.860314785519882,4.1760826507132425,3.770227872972337,4.532683147843862,2.830088664817427,2.808088240935996,4.086413941874104,3.6525521787622472,3.971691095856855,4.827923982776198,4.234568335692597,5.0592055570051695
2022 Q2,5.670982528123082,4.277837000329144,4.356605863276143,4.191915854548507,4.023697963870842,3.8831511578378786,4.202377852910005,4.502807558490814,4.4125895668313575,5.348909884318282,4.668345209305402,3.3327415402924245,3.2436671118413285,3.4343391181905467,3.6027785242916672,3.2748673008279074,5.127171737652505,4.996484063778014,5.003643348182909,4.075917033336163,3.8329228868079874,7.085646442322684,5.471259364710082,5.568591929101447,6.125187793376216,6.733231174716436,3.7905052748639663,3.831044630674641,3.550047022031378,5.25507713665249,4.45652819713911,3.996514076910904,4.167259264659188,4.059316066594119,4.051387022591151,3.9936362707066544,5.636523550715704,5.854728081463803,5.31484199546597,5.040268021850861,5.150316349597349,5.9377136809507745,5.315931089423171,5.830702300765393,4.641472329863346,4.137742051378966,5.566578241600575,6.243410040848146,4.285741637007537,4.544424945000199,3.0027908301651096,3.033616137108935,4.171654513427549,3.743481152375501,3.7992293572446254,3.5548072127833485,4.424130395736593,7.052682081053759,7.449722712682128,5.911902932564034,5.950337903093854,5.110349726938981,5.511127671351134,2.908133415813328,3.539333606556797,4.873629704360631,5.189461183654097,4.8522001194840625,5.025313594275412,6.87940108966555,5.745568025540378,5.120144429183069,4.38795471065055,3.2443451142213697,5.127403461243267,6.168385324966422,6.078565959757588,3.6929455246785596,3.679528072650506,3.582218349353385,3.7010166782500042,4.505290015617811,4.7011416620721596,5.069390075916467,4.106332441408107,4.858058547651329,4.133805969242603,5.638431116754735,4.514369362436173,5.059849397171521,4.615609467900443,5.544384891019087,5.0450997799929596,5.374291628347014,5.369759156567463,5.1636770653412905,7.141996170043827,6.32153475192197,3.5432212320228094,3.0446960896514113,4.620822676606018,4.129230714885236,4.357182964118547,4.267670461221488,4.945694931319184,5.077521261382354,5.012203298294917,4.404319119156703,4.439040558630265,5.340584722330307,5.112793167752963,5.432574406100313,6.330869513627065,4.327145876535798,4.337540700788097,4.942912654395373,4.879010148749927,5.19522839048642,5.141877057009621,5.693085214659997,6.268801100005162,4.505413169398031,3.929901142473131,4.532362367577092,7.445711744023909,5.341477209717938,4.730691926567041,4.574303799365366,6.139804932341479,3.591060494763278,6.917555972660492,7.5190991060761645,5.803130728975946,4.339131430611993,3.9035297637738924,4.672730870943882,2.910366318872091,2.8874647634611907,4.2909897841234015,3.7091335021256366,4.022691099905006,5.006943819992629,4.295569233855209,5.155026643102013
2022 Q3,5.806997861245248,4.368250124765554,4.508117483354468,4.257823304699488,4.176865631822605,4.054490963830642,4.321831924853887,4.636851259140606,4.494780520126817,5.556359187962173,4.864566155294971,3.4580923666820573,3.375496122845125,3.562638684718544,3.750801743489641,3.4120967736057985,5.217073988580596,5.115520842243953,5.191398093108664,4.196613258316297,3.952283938537718,7.488167631438639,5.651764396287067,5.801312943813286,6.2338636864967905,7.025235601186102,3.900505662817463,3.8537537725110282,3.708863813388672,5.415767349296488,4.575182111035695,4.12006548097289,4.288259996785391,4.167472227485016,4.177129105898822,4.135606481516689,5.737360051587851,6.093964741442069,5.495493079619633,5.250328103252206,5.307444615878294,6.124842756870916,5.471860224676232,6.012915996991152,4.801329896301911,4.2643326125249175,5.696706148079205,6.268038989234508,4.432300984503272,4.6233163964374615,3.1138040035050523,3.1400855420593596,4.307766029065364,3.830413644264159,3.9148316143474156,3.713545869587308,4.576247709991181,7.444072522569948,7.582275611337413,6.014191791629725,6.017767067599086,5.282275543105804,5.697484114558165,2.9349784920511532,3.6908945529383104,5.079336573287355,5.334248313392554,5.017803020472692,5.1331683390679865,6.987711891999208,5.981605085840128,5.30155445523652,4.490973391952534,3.3316429935639778,5.213229244684707,6.400696862590157,6.163359363347474,3.796701363875388,3.79341752780983,3.6737273360783504,3.840694405327811,4.600553952332601,4.868412679312435,5.311813787139656,4.2190703418394655,4.996105750067414,4.240521559086121,5.902236636915707,4.581622101591785,5.224441629834676,4.859528451518013,5.767644645904959,5.195345041633378,5.526643503393562,5.5470099705313,5.302263897886103,7.380641887838071,6.389346096517473,3.623144396632539,3.0610670652038134,4.803490641923371,4.265817808514995,4.401091165438432,4.320292309481806,5.0658647195053685,5.297692257367752,5.166579935282097,4.58369906244554,4.6126732863407724,5.4832766470260115,5.281457196283468,5.615646815393078,6.457967648361022,4.53893218088065,4.61850234397067,5.107136635549453,5.0366236230886985,5.4388267804115715,5.285494796687455,5.856951951920976,6.355267896341845,4.691233902605041,3.965881940841015,4.661952510247281,7.517550439171037,5.4777868268113465,4.924420490189475,4.750539511967249,6.223991796780651,3.747633447223549,7.166193951308225,7.734425807869673,6.003858477768426,4.427530212492916,4.048158486929427,4.817215977160436,3.0016073028369177,2.9653600844194012,4.393172029522016,3.858905927642384,4.1627068227288415,5.2012268301798255,4.555402352037877,5.240353023688988
2022 Q4,5.840573978393624,4.472294491086743,4.55336591141802,4.385215341826361,4.259439545863434,4.097930200706524,4.379356101649682,4.7211525035563,4.504114604359358,5.64287644059854,4.868223127123497,3.4608630530144344,3.3922877646484277,3.5576961802066878,3.7636764659682655,3.4623149224545675,5.3278969242449925,5.183606481138615,5.209811674983427,4.299187997819568,4.067595874782781,7.452990320731897,5.720677903289585,5.798885718552187,6.320339822518703,7.108790949641267,3.9393262318857283,3.8903556541581272,3.815655316613604,5.460464782777821,4.690113040610481,4.1106955661756235,4.403879631344669,4.234505233394812,4.1615210627489825,4.180368577250763,5.773688751516369,6.098758892372881,5.526368697464379,5.290709307149143,5.3399162553693715,6.18169224321278,5.559422997431073,6.053681772640957,4.923168454255493,4.319044954471578,5.748870335154646,6.419944302494363,4.578806320595918,4.752909251599962,3.135207801517246,3.1624353956819644,4.334684724528755,3.901752486282684,3.97744192637729,3.7154468127931954,4.621340301081292,7.354550519549198,7.631751063462782,6.00796949046433,6.124611927474847,5.321714097957612,5.739087958573049,3.0086781256347375,3.72957763563309,5.125304800556173,5.358872916660216,5.029121120150527,5.171103087574181,7.068094800597076,5.949408607601144,5.274120067673331,4.540032633230896,3.3062514081630687,5.279945693175453,6.393182865887322,6.1541280210759535,3.853792046774729,3.878058825704709,3.7489663775618407,3.7837907718624395,4.644494935011237,4.937877632797525,5.420712279427325,4.2365194220581825,5.010868814436906,4.328426413755839,5.872332669736615,4.675039843594748,5.164968404521757,4.886114541403323,5.808917057436263,5.2362733376010695,5.537258253764413,5.613022637305643,5.340482154301742,7.374585411548896,6.432478386918563,3.645674763227713,3.0788187733437686,4.815137831903826,4.281204957653163,4.474205589247608,4.3373819068059785,5.1437588938331125,5.3694344707054205,5.213204136362964,4.650386418678163,4.7381533399257645,5.550456364865027,5.309197378244616,5.649777589856453,6.429214059496364,4.57201064508572,4.641757196366048,5.175436020002215,5.182243673607486,5.495422890045194,5.382449813074753,6.0281682569116946,6.509295681944486,4.77624523016175,4.02768943309468,4.742266870863166,7.538966943761673,5.549565634465121,4.94106228151231,4.745955270640922,6.368773190389581,3.7842236395290025,7.101382620744582,7.6193156703355704,5.931238139597048,4.4453201364938675,4.162860772222142,4.927189271941497,3.0130501411533714,3.0051864873808602,4.398364988616348,3.8827447009335363,4.361739673557344,5.177008495396773,4.555556919710042,5.232600462535675
2023 Q1,5.754163072677796,4.397953420976301,4.524805616689979,4.303172637422204,4.175976144519749,4.0241211620566055,4.3015772333345845,4.625329313609831,4.514133292017637,5.509858334752536,4.778754679940225,3.404404670359099,3.4144813786585337,3.5431624863996882,3.72969306903702,3.324252769850188,5.154542164806933,5.123715674619045,5.151666445853483,4.237748847859069,3.9531920116160215,7.331174921150264,5.550627356946764,5.7077106303395055,6.169128195574115,6.999410232222602,3.884577803190089,3.8374339966626505,3.7147626356818537,5.383048122451404,4.592623354193375,4.073335487777581,4.302237933482496,4.1849372074579545,4.223352163537629,4.143785648216242,5.658817680638901,6.0454211064978445,5.4242561763339845,5.147142228196894,5.224715639873762,5.922076016502701,5.426341503861913,5.913869595515281,4.811284004570104,4.259070543108827,5.651941361796241,6.30595749432068,4.417861921021219,4.628609777107533,3.0686647528823205,3.0333699780371437,4.235835638342961,3.840178030307469,3.9225723705583495,3.651455016632069,4.53652747905229,7.269012137529435,7.583187437628074,5.940764537794163,5.926632858896207,5.226266976073447,5.619240474406895,2.9086794152416044,3.6399799633617285,5.071498231617732,5.265095944163066,4.974946575512883,5.115316378756346,6.6914057517774825,5.810572235002085,5.254321767757429,4.569160583283695,3.289345571764866,5.226547547300983,6.376378646512826,6.133105435500739,3.8288741878485903,3.807730889119406,3.7172195299482733,3.828941320454309,4.634574375053919,4.862695845994369,5.249222985001614,4.166604616449849,4.8355349596638515,4.216183059704119,5.763207328673535,4.641230850379665,5.186445483574409,4.726059611725183,5.752864213987223,5.165869739949514,5.4857017187223684,5.61274691628227,5.233893737413744,7.169205731846662,6.366810544672689,3.642703582104558,2.9574113556361064,4.774410865162754,4.2289835638218145,4.422551268956935,4.482782146076032,5.032170008963268,5.2952693035473395,5.158744227106114,4.6412730994422295,4.597155762430289,5.455279595568316,5.196030769025375,5.367557562434578,6.29105735072359,4.526991080088792,4.485685115704453,5.034837462264908,4.966271031375801,5.354582586769131,5.2637407594449535,5.925721439165793,6.341637877282076,4.601479712838504,3.94006174995273,4.648316964088092,7.3372147547512245,5.493220420685545,4.809366198267192,4.745217927549961,6.109481294267504,3.805007471872691,6.955782264062461,7.547528329688041,5.6572661800956,4.397544201849504,4.089468251097907,4.752035954183472,2.955413298043757,2.984344945727732,4.338667841128972,3.798279169402412,4.213435068069172,5.165134018051578,4.5779143792582335,5.048397402246659
2023 Q2,5.706863283213995,4.415268651609648,4.409985716694782,4.229800839558255,4.218922779450398,4.067627166125689,4.326342727334609,4.58972490862321,4.511766799909465,5.442504778700239,4.772209549571843,3.439509624319549,3.380598248605958,3.5505174292678956,3.750657220957372,3.402610407464906,5.172491739324357,5.077944469004416,5.131189096043266,4.280372373169561,3.9670507177425427,7.272963339877484,5.51435067040621,5.602745950850242,6.143545524027604,6.944216742743684,3.9244056181343905,3.8355870501409877,3.695960795675086,5.332644405842799,4.597841798144159,4.140324501328535,4.304220375388539,4.2149497977011485,4.158893206901763,4.140522015384177,5.678927622731612,5.744459520164729,5.386008967356065,5.079059739339692,5.158069331959195,5.816667131086323,5.320109353926832,5.93020639837623,4.7683603380143325,4.2480377362782535,5.570127048980648,6.284436965680952,4.4701607467348206,4.72096105777266,3.0862008719816925,3.1014999026586927,4.224449627594188,3.8403331962281793,3.8917996792216503,3.660527834365717,4.4890560105701205,7.190419071205994,7.499458988426688,5.730171340012418,5.78662078172425,5.170620850185835,5.62146628455271,2.859232556228803,3.63995784590605,5.018901096581706,5.190077636726073,4.916978608775074,5.028869450806761,6.894586288267032,5.761969336434671,5.21144659589436,4.434229908425446,3.3136011932249114,5.1398218439677175,6.35220679329032,6.171323726271243,3.8221374393724337,3.834483220340884,3.703807145636374,3.9521621188274123,4.593904257950553,4.854065525923318,5.420301393396713,4.049615387394738,4.967416729127788,4.221905214222609,5.6740594477631925,4.6240575981468055,5.174278569197746,4.8223723124908195,5.6950581837727325,5.098401612317511,5.355969053410544,5.596254695566588,5.202026275168288,7.163699102815184,6.191122555675687,3.661168903477423,3.1247403732495043,4.766403009729673,4.189230375118729,4.420597584951344,4.427343116228343,4.98070129610292,5.167205484864912,5.133736524426156,4.5739694471692784,4.62744881087926,5.349087818941256,5.146379296762794,5.331844008677632,6.356400570827425,4.518374991410049,4.452869020828628,5.017972111927457,5.087527159254757,5.332152544870421,5.2416743380886315,5.652043701944569,6.329351287910376,4.604959934040319,3.9499923110955284,4.5994206062634815,7.305955269450886,5.465157856327281,4.81266522986897,4.709148367743529,6.131854875486235,3.7744711894310745,6.993948488758431,7.42359245021671,5.724727037718899,4.41189405809367,4.05679658265102,4.675308310951332,3.029747205136638,2.9208293618335426,4.39243729741714,3.907166437971659,4.215077912490762,5.204100260652896,4.470869644985161,5.020146661233351
2023 Q3,5.781332425636351,4.432717499060664,4.506988580717593,4.411430063259758,4.310300628828638,4.12774274277052,4.392770222819032,4.652623999913903,4.587710637609596,5.500961912218494,4.822439495356032,3.487200019424456,3.4562569322218692,3.611730737970552,3.808375912670571,3.4384619925893007,5.1961432171086495,5.146143842670044,5.2079045119499705,4.287390055274612,4.003143553353115,7.369036086380918,5.461593704350611,5.716127548178561,6.219447372577563,7.040178770859266,3.938527913433181,3.877522592928804,3.7667063938558467,5.346260432078075,4.6642635922077496,4.176628479867307,4.400329447531685,4.248982877425964,4.24272543872222,4.171045166118591,5.70523735919203,5.926884061139728,5.385156533935148,5.153959600068104,5.196274276861259,5.997486406072658,5.479452453375818,5.8944877833576586,4.846504315587075,4.331114459896331,5.55499265877664,6.301835025528158,4.517970629715216,4.6535724054419845,3.1181033422228603,3.109630669373234,4.299413062444744,3.8684371975334257,3.9466284947063555,3.7013417487841767,4.552033524971939,7.370073695691261,7.414033095143981,5.969080749133526,5.97161754113278,5.204322279884929,5.709803849057921,2.9392398951604846,3.715293433355686,5.071727196515257,5.242487234185911,4.9241346946135565,5.132385198576703,6.811924842744213,5.927163461109751,5.206440163111597,4.5727417497792695,3.3282621108990553,5.13656120082604,6.355742728833284,6.172504328882635,3.8849851959600668,3.872808573730543,3.71697891109299,3.822000628225123,4.677187039050363,4.861762630797719,5.254423730267893,4.276481761149009,4.93539340886805,4.330238072908702,5.726395410498275,4.725601808949402,5.2412402826208995,4.8682576744901604,5.645985569013982,5.172294576882091,5.518364765655328,5.511607395502834,5.264981786217211,7.351757387993488,6.236911853730373,3.693553252295711,3.104308099086592,4.809403852574819,4.284933339201721,4.467666105753109,4.426744461849407,4.988511971680917,5.136722957514507,5.125981695325574,4.611259535591487,4.582315129072622,5.385864219523817,5.154608577175465,5.48893061629602,6.331194452247997,4.585840863106715,4.59729175039646,5.053464904116731,5.007629856145418,5.319682317635489,5.237706115831754,5.846774749917337,6.294020993127917,4.784679364870212,4.041010310845726,4.685114104369748,7.46621355092485,5.3997787805121105,4.85218094275177,4.693112559145013,6.194303188297572,3.701663644595594,7.062239137536931,7.583643597579935,5.750461970660666,4.450223793808687,4.153901617437167,4.7664556064810215,3.0036209107259726,2.9918385976823876,4.361724606140512,3.9007275232159477,4.238271258344128,5.270792710119124,4.568127345744518,5.272421676639869
2023 Q4,5.65908330305597,4.387219853723201,4.472674206684581,4.428847714841722,4.332237259793837,4.136663651066433,4.3637391458089025,4.6150628796846735,4.39758581166765,5.4937701869677404,4.750012922416292,3.4836259768221423,3.5105223300238215,3.596115007749234,3.841568122674064,3.435646279703623,5.0725222183118905,5.025338917058598,5.083057138523672,4.284276610011339,4.07083769555938,7.257755307733513,5.413825468932285,5.624315271944482,6.134994056042319,7.0625642075062816,3.968341552122397,3.8788583583575424,3.759432198228802,5.325836398233878,4.649243371866841,4.179713159078684,4.29984411942296,4.197356998272636,4.132792180319891,4.209762050723974,5.615481284153645,5.80628457456722,5.4047839334041905,5.055895097568462,5.11550628968195,5.843757507294344,5.380350916651192,5.752828528453031,4.775524631852711,4.289235991812598,5.556245892913217,6.177402217695628,4.491064384184224,4.672746343383931,3.1346248312164344,3.17966247556262,4.242468032000763,3.8877803832549747,3.893783009227656,3.6222188445523815,4.4476950319610005,7.180226534172451,7.506214629098939,5.908574937996715,5.945297671487921,5.207912264292302,5.672630528844616,2.9016244840202523,3.6704746150697947,5.089957950566367,5.179606954426322,4.900565019592427,5.013397254978594,6.608920278073679,5.84059244654296,5.137098782138107,4.505166611904022,3.3326528308579015,5.066222544172898,6.189819217548056,6.095054912260073,3.8052249618287064,3.839927262866628,3.798921680953377,3.896178990418012,4.5930359726622765,4.797746759840236,5.187163649973024,4.2106617814294625,5.105206480206213,4.2855153734801705,5.641325444750443,4.72035249292524,5.144619207054723,4.869693892476118,5.6309432538391855,5.110550264569291,5.448833400224744,5.542811240507759,5.192847044264423,7.36265860191863,6.300646213895457,3.7054808068929233,3.065974279392312,4.840249023655339,4.288333602572926,4.460024405782984,4.423835409624443,4.929800534496375,5.058776846616377,5.09390367553906,4.606197773364267,4.654024562094284,5.43167205394595,5.103087108680056,5.5251342395034815,6.327660438251288,4.417776815102756,4.519327083365835,5.040999562747372,5.000110914512747,5.313045579962701,5.193226033715804,5.744495983551904,6.271054142028334,4.70611457617741,4.043318763514246,4.59905225130228,7.317624504832551,5.393665677792434,4.810020037666024,4.668333739389089,6.1903190689060885,3.699173197794218,6.9698886612057995,7.50050898528046,5.689788288226275,4.461449660831828,4.16224243270933,4.699405821435441,3.002424610668451,2.9903521235584374,4.3846290946216495,3.925322618307857,4.1274578101909025,5.298348246789074,4.448709990203495,5.2326056151519555
2024 Q1,5.639813788921535,4.39516402274035,4.448501211081947,4.403248547534779,4.211248669660251,4.097241696035591,4.357877084273092,4.5997137835641535,4.285752503154759,5.409194899638676,4.697179642130457,3.4156102074791397,3.4380660377138494,3.5295760664035742,3.767206149789741,3.4780344799618432,5.068303876412421,4.967030933349626,5.044357808500025,4.3644180175842635,4.03421690366948,7.086131570444942,5.333318587853197,5.5274976954192345,6.1806319648716626,6.802082072956023,3.9480868285465918,3.9067308031485504,3.7068705071387877,5.29483402006381,4.582580353254315,4.158428659432686,4.40993770194099,4.215148011833007,4.238711390326503,4.1922473284647594,5.578842424409715,5.796339699387907,5.354479857543809,5.0120860425020135,5.060370160495185,5.83103352968581,5.311100472953007,5.611748044015264,4.7771342605393,4.228804082878492,5.533688508083331,6.168929844697841,4.487315646073423,4.695365115232542,3.0982679876102472,3.1797193063986944,4.226526469218415,3.9103714319811522,3.8798606046868276,3.6527618979839085,4.481153334530295,7.139837319515791,7.450160550050519,5.670657284623096,5.969650206625803,5.097807037693448,5.615738223404236,2.9461021320686775,3.691177488339351,5.042177958587758,5.175225329292775,4.7812942451757134,5.048580180115022,6.798108559783976,5.774035039349279,5.061520976515025,4.5627021259768314,3.3081125032481866,5.140434505174911,6.192682861785707,6.0620749221197014,3.8816711279525267,3.8643297155414142,3.7446174611241747,3.903882259950825,4.540123714888541,4.761809405237571,5.111605970616209,4.1604008887442125,4.832260349172611,4.2497356855386625,5.467921549097033,4.6925885535608955,5.307192438181085,4.87124141205537,5.559231737067145,5.081340572806619,5.3964198138787545,5.381170574421628,5.204271230238777,7.1959241473615805,6.321163922101915,3.6605125492310755,3.075440622249691,4.765945002637528,4.242920577496255,4.4021904211284815,4.3962308441365305,4.955711628766745,5.040959098778185,5.0749000990477375,4.622686905506553,4.508473398078044,5.320644860055818,5.011584833891578,5.273341530074541,6.1541857833190745,4.429627105538426,4.501764346782019,4.933591035334881,4.9028981908935725,5.255988131461743,5.167244402218034,5.660738754775673,6.2492181311556045,4.731497173508358,3.994187858171282,4.629217391794493,7.257190420135382,5.382791332369204,4.791586096969666,4.537977700538023,6.0023269932615655,3.769810002936355,7.020917556573525,7.475267175157596,5.76437787659089,4.399828338224921,4.111480046576254,4.53149416630972,2.9463730490771622,2.9296024192645653,4.371699870897422,3.9129580799875425,4.2883495903982025,5.243964777190576,4.4068276014834975,5.117125778501435
2024 Q2,5.693869335091097,4.45434577186047,4.508424399017772,4.36292826198787,4.279851078386343,4.171045466786837,4.411183488070737,4.65323650262938,4.453281666409266,5.496093459210429,4.737884007945692,3.4883465610222086,3.6068691314675854,3.6514668808241812,3.8802051612532997,3.495142921604484,5.107957975168671,5.005179450063761,5.140923136912504,4.392781331397199,4.1562462926721855,7.179538863758256,5.418620243439901,5.517174792955194,6.151979796947601,6.88975788450774,3.9520232127905657,3.9598567625384944,3.782015917180239,5.26748757900036,4.6888383678240055,4.1844402773249785,4.391635840672712,4.282807255079068,4.2632369841357605,4.2302711690851735,5.572524922266277,5.837694316513556,5.431133359286431,5.027781210351757,5.089661258957755,5.912172781776685,5.327542394580256,5.67910126584956,4.832877098369582,4.340030356005757,5.530280194020992,6.272259236927362,4.500410341850716,4.675858942026478,3.1140676531814377,3.1267585293734586,4.296955746007731,3.9245158327477117,3.9267427090753,3.7009535572316987,4.506854897639564,7.2860205292101945,7.510743900853111,5.906679201718177,5.9684379666387954,5.1291545277978825,5.6592062135867724,2.9504566306171482,3.745626939830517,5.099098140759145,5.231512800855177,4.88783505077051,5.113435824975044,6.805316235957448,5.801193654484477,5.191952913437985,4.6138235005552355,3.2891849363249936,5.039090280125672,6.239464233483398,6.124231376489737,3.8169496548061694,3.838052042674343,3.799317562014821,3.980802323101856,4.570322301899427,4.7938787386580355,5.393252642337704,4.299746901320562,4.853424203767111,4.338387014076791,5.712757850206453,4.811416461145234,5.257830775591237,4.942081942088192,5.580048969171972,5.126429677853276,5.416786406427454,5.557457930425037,5.234988780576209,7.2203528716332475,6.268451341351623,3.712763672407777,3.0694675666873383,4.831028651197115,4.2996817661446896,4.4869487177993745,4.574530786856085,5.016952173375877,5.092947099552231,5.1345375493081455,4.7123556815441905,4.593370399899204,5.3627311895619645,5.124455460603263,5.500673529216932,6.504324221118564,4.4955452269635785,4.57977113386822,5.034524389340018,4.959912958804051,5.314130233661715,5.234788728816678,5.692087227183631,6.3169869232136,4.7983072179574355,4.062279935849672,4.747730250888594,7.499704485151209,5.3847182642783835,4.7782650392031405,4.658705391693516,6.139728081689898,3.770231660301263,7.1135837913867235,7.587858983970919,5.832102668882352,4.414824816006189,4.187998528372459,4.691698164878722,2.9995323775117475,3.035915173632577,4.411927548895772,3.9472385755889925,4.266016461126986,5.2793290373796395,4.535460781774263,5.140210729191992
2024 Q3,5.788994743887793,4.492760691346766,4.547683433039102,4.504412216285465,4.337234305184456,4.213615226980727,4.45518752661516,4.689814105107276,4.518658199168286,5.539025662324011,4.791847204878436,3.628013463700149,3.495654700350538,3.673896640680134,3.9586056027174155,3.5669224798759966,5.220827141209948,5.140224516998875,5.121344121602508,4.465113527274133,4.194745528374198,7.335730355885705,5.518746888877228,5.5921292250799635,6.274605663181204,7.0815175120326135,4.038989557503608,3.9608168805625907,3.9417466816262725,5.332763117869587,4.746569308351004,4.2703607023370465,4.531966888918082,4.370741988498374,4.349234893155086,4.25383076731489,5.72296517259995,5.924655195172455,5.457794018054823,5.082426684539022,5.172218731956515,5.999837915639327,5.443046575023595,5.815333175975414,4.844258317043518,4.4266099039826114,5.591495241310921,6.376181548840834,4.643367367360543,4.755722465112105,3.1671240511596026,3.2319977386195315,4.3507516298654485,4.028433666095462,3.951672830519794,3.698138254854479,4.54425893419548,7.4772747420164265,7.662812301043839,6.003367966381947,6.052449790901075,5.186215705724905,5.6386094912590385,3.0261435691602174,3.784343325699784,5.185079177944241,5.296911719220707,4.950230788748681,5.161537997189877,7.0570091019109515,5.9579723285610475,5.258694498645288,4.599642015973134,3.3474452217158555,5.108329004299236,6.460754398665827,6.219488810866645,3.907497933211805,3.9662573477473715,3.897040626373529,4.021104344990033,4.735754760037374,4.875582497091763,5.328352896148112,4.33157719442139,4.9402347768473716,4.432957656342263,5.697885126163631,4.796618429868436,5.393093490439865,5.029224839629255,5.64718767614777,5.154595034432125,5.484284568196175,5.557227865282983,5.310478440045052,7.484883281735478,6.47299700429708,3.820713208378614,3.1705455300485474,4.832361857392984,4.358050346704592,4.54535715058333,4.625935231726762,5.041288310314841,5.126640045365507,5.267036558610636,4.762750386840487,4.720955634071131,5.35959613860409,5.141021923484777,5.478552881161824,6.484599624136631,4.572016998606145,4.702758301622771,5.0780391281884825,5.019016822552816,5.275003302204325,5.305196577737201,5.698763285546945,6.357581755287872,4.884789978363022,4.189719513464084,4.813787954646914,7.6330896711907865,5.414145315807305,4.890286560793409,4.844486611181738,6.248075237445768,3.84860667482008,7.159477362822477,7.717295472239426,5.957108105087245,4.574381208367545,4.241079960456224,4.6261099244017485,3.1690460911615226,3.012247627264982,4.494980050766683,4.048272469385682,4.488666929916809,5.347938223983114,4.6181605602988,5.290215963363137
2024 Q4,5.782299999327863,4.541647983629798,4.595008304161855,4.501342482834575,4.433352347268545,4.285452226039904,4.533497873196873,4.684821768599346,4.62937643168317,5.57861681008077,4.8241954679563035,3.597486505235888,3.6205988959045676,3.6918725177110256,3.9743026999215227,3.639077294311808,5.128056905145452,5.06106014039809,5.135036810328103,4.56888132955803,4.297496773717771,7.3193070008600225,5.4632384008387325,5.593809097466328,6.23901475247084,7.159124023348284,4.105139720337684,4.003093105909017,3.8537588741045994,5.321719186610992,4.713356429756495,4.318825875410457,4.574782149812756,4.367378715409354,4.385528101251449,4.290989353197765,5.728236466205538,6.029639807844698,5.390531882805973,5.131909051437897,5.142778758914678,5.949918053377077,5.392013142174312,5.868481592054232,4.905319478071019,4.445538355211584,5.636139503888789,6.390081341314713,4.664244470866263,4.798377924053483,3.252522648557282,3.183623521201342,4.377471335410808,4.051831403857689,3.9879735799912153,3.715729921941014,4.543150686516352,7.525064839947745,7.686698297662024,6.025079878387996,5.957261154793691,5.226502442614671,5.688969032305427,2.9567938650131373,3.764802089985945,5.183859400059985,5.286732725373363,4.9138573444888864,5.176260140979083,6.9554245867462114,5.970417696965298,5.265401051856319,4.632694797706942,3.4083839388904935,5.118188927871771,6.416260814067976,6.242949353028387,4.012510284709554,4.027223099369655,3.868099842852151,4.058732309407104,4.717164771665924,4.8873661607579715,5.4105104688061925,4.264467553150566,5.055753581938342,4.4379933779890735,5.739875365964677,4.746786957334163,5.409258150948956,5.097717517685786,5.648898359802265,5.10457973602336,5.486387311655149,5.575175810204357,5.278525908600533,7.429170157022315,6.505526944072081,3.8191233434612104,3.1617344109843173,4.929655338767747,4.369050977499693,4.5910767594728545,4.6071993454212015,5.0606232130210715,5.1680642909026,5.219303074541734,4.795282969964896,4.779446966843095,5.35890700258987,5.261431669047481,5.508911457564579,6.430010331794163,4.495024604855189,4.648292695870686,5.084526326366262,5.076971733264817,5.216924135340762,5.282560281457743,5.913393126824095,6.439975536521177,4.893783089702447,4.220560401652026,4.813049950525065,7.556611903440266,5.460074101490953,4.886358122940002,4.749448114642562,6.232349438690739,3.9176129287687833,7.172197674105176,7.761697131708973,5.856655060510296,4.5403730211480875,4.23914343698161,4.766974248313831,3.078239121303998,3.0664061449981057,4.542806615334569,4.066559740593545,4.317415100028208,5.332649982820429,4.57448099486325,5.27879521819337
2025 Q1,5.819643363796954,4.603800442548081,4.612890580130731,4.553821343705656,4.522625706816781,4.365509841374915,4.534249767385713,4.769968372205919,4.575655913298589,5.597884458114041,4.80116876359748,3.627421021200867,3.6056488996682607,3.7391897349782517,4.0184299016854235,3.7322762839644956,5.161314426716828,5.061634056914753,5.123476770887832,4.579371136551015,4.302118671050519,7.2493985218792005,5.434010286852979,5.664453790055392,6.30415704812585,7.226006182202671,4.085200231729489,4.101936952945965,3.943143861028787,5.36959912456371,4.755328630003748,4.340679448673763,4.569405170766972,4.382664161377628,4.446919827790713,4.344265639118352,5.758802324923549,6.00067710098879,5.42819793850755,5.1548274831852225,5.187174891725181,5.942186348691128,5.4626543412856154,5.787692230184376,4.969606074992716,4.516436693594182,5.651421665334274,6.390355838234114,4.7490829419109515,4.857770941736539,3.302590034032338,3.309777954220501,4.397427710891933,4.099938765769845,3.972642739966558,3.793553989458172,4.5809969328449345,7.516386454791451,7.681230007184034,6.011140067577262,5.9603299002465135,5.198313350431574,5.690665702190624,3.036248209493472,3.8540013981148253,5.196356306790252,5.356957406288643,5.030428684341433,5.23072933124201,6.8728379301634694,5.912310164673652,5.330886366788903,4.61629563898176,3.349433237630957,5.093437986302476,6.491693872790042,6.128438914999975,4.109353062322337,4.065566954474098,3.9563627111300588,4.044079057515557,4.721111057638378,4.904240240413722,5.384170764379073,4.324270641633798,5.0567805616163355,4.473034689184683,5.813171914095841,4.892102961273264,5.475020257083154,5.089872243401929,5.72239659306299,5.188632778410404,5.543056285613199,5.6759374096000865,5.364504404336677,7.462856148276996,6.338187290919658,3.889628644510096,3.215005684943954,4.961841910392845,4.379265049706258,4.558539009036307,4.573760581963877,5.080545454897462,5.171883614754616,5.233451321857557,4.885104111548441,4.714526348952873,5.461264148487215,5.205176978927475,5.437704599881323,6.420843578650188,4.5345092078385925,4.710663712083456,5.070229394050386,5.039717602435484,5.2809404339484995,5.343355424038038,5.875349607973335,6.544727341627611,4.889012632996202,4.248170049736251,4.740975586002901,7.5696150262137705,5.53469757855051,4.9291400302248745,4.8207812676138895,6.236381476169745,3.9583581346040075,7.084526667537369,7.669472159285127,5.832158710180559,4.609324117203456,4.24074999743053,4.727117085620324,3.1729184094253227,3.0644883993704672,4.55453370578258,4.126610116832598,4.521159052341683,5.292650905109439,4.564851068629514,5.536781948852513
2025 Q2,5.769093502735248,4.522249035293435,4.63368627428081,4.547613219732587,4.568108304947297,4.255292874336892,4.508746401065642,4.7772525935804655,4.4665597100791175,5.571936451033412,4.726342242496218,3.642762518549908,3.7722987997185387,3.7224822724445112,4.038723078093971,3.6604491362452483,5.119069960670191,5.0065796662522315,5.148115060683997,4.6138305372196715,4.341996515592615,7.2574592135097715,5.4090195568767525,5.607961112008346,6.388772428611949,7.024350590161515,4.061292054342176,4.042965540693581,3.851368805985276,5.368905811661354,4.863889636195746,4.363002100234455,4.669461560471797,4.363226769344009,4.434296316688474,4.36596139565596,5.7970015739928344,6.012820384102539,5.4417458881079614,5.0884392404474665,5.174103499769629,5.928987379490651,5.454784063497573,5.717360673146033,4.804565665565025,4.516803782316641,5.6093712284615656,6.366054076463182,4.674101841224461,4.782201994031317,3.249556698736403,3.172611998672389,4.371990580955738,4.090942846118964,3.92001827882626,3.7219531164365347,4.558424630607359,7.539106884031895,7.608328551856887,5.987371478226123,5.95080587264496,5.034480871107576,5.443642926205158,2.960348509109902,3.8297785215518165,5.171196478162263,5.314413499885312,5.004946338000486,5.2037208148983805,6.822187495017451,5.913986398232586,5.271564936073676,4.636718938115232,3.3787957172067964,5.034645352186973,6.4646843669621425,6.043473444008735,4.099890620885757,4.003099642754933,3.9759758106088303,4.0706001766278925,4.678245102755312,4.875689055538707,5.2988578892393745,4.326511582251375,4.9531742986388,4.499808056382464,5.828024208225667,4.823508873096825,5.296386931155486,5.168897070992922,5.763591443097272,5.1214360001109664,5.442163002257579,5.651130769937779,5.290795191090492,7.634764743511031,6.354525845088731,3.8845591421569408,3.2215490093616075,4.943416296060418,4.421339889171783,4.531488086669454,4.601618419896015,5.048660661079494,5.184518809466802,5.17988586017471,4.949042496696334,4.779198674315402,5.351467494731714,5.121232711829488,5.426015180752238,6.4561468602665935,4.571769002008533,4.75036834534533,5.037448341707633,5.024030654159589,5.236640120621058,5.367476560118042,5.872045177538277,6.441274161351998,4.851325670566774,4.360424892993777,4.750897445142908,7.659436441960591,5.527072923807602,4.849010888402897,4.737240512966468,6.251534752495525,3.885817788762194,7.168162822643305,7.668158813733944,5.97839723814061,4.62938074819916,4.342483896043911,4.533168241642293,3.109258070428907,3.067089427258767,4.6152716096344,4.116916735685785,4.404381553699417,5.358583667918693,4.64928856115323,5.301395926509293
2025 Q3,5.881024682552504,4.560575356890689,4.672461585084258,4.672195511435386,4.598959579845918,4.40793070725836,4.61369990677346,4.777303054801965,4.655308400314746,5.657770197344886,4.842629922205127,3.7222667684604125,3.8177398353646566,3.7905453734014607,4.105247988749345,3.7192234086434497,5.091742641187722,5.024912243574504,5.201003102226411,4.648348586227205,4.353881315693421,7.186234934896654,5.4566813484840795,5.601288836598126,6.366755434356818,7.311444101729786,4.136567264616018,4.139162840860712,4.014961993714016,5.376164916083804,4.895698276445151,4.42258039177957,4.65397506223417,4.450095676344511,4.545890288510716,4.417611607272092,5.822541828990653,6.110676421247927,5.464440696495082,5.178550725002532,5.145314694637146,6.027878128257251,5.529562628231105,5.7818185415344985,4.987455173449893,4.572923295312164,5.6769507015646195,6.4861247839126,4.802902941135,4.896454312125005,3.2869380087495075,3.287613208274896,4.416619144760042,4.157963763927614,4.019668645859943,3.77480720731951,4.567779261733199,7.68288565798889,7.804677543708868,6.067106134632247,5.973796742950352,5.171501402781692,5.602088116229772,3.0390957078204024,3.887317066022046,5.296495361522935,5.3489864047079845,5.046162498684781,5.276129025172488,6.783572148590818,6.008473759504691,5.350232349690619,4.67708761549285,3.3752211361922977,5.162991124825526,6.529919174920515,6.257101595206261,4.13410999089673,4.165142534200497,4.075294819846962,4.216297568969411,4.75775208061024,4.943693009171474,5.50932340175695,4.3365786355223035,5.002261788757119,4.5568570792072896,5.897613744943848,4.936744911383969,5.4894585256547375,5.232039352189619,5.743984636173522,5.213323431030476,5.58530549152063,5.5365472781688725,5.346274856332839,7.635869868907759,6.420682589057837,3.9396715505676325,3.2602395829513653,4.934765600573812,4.43763365340699,4.6450214108994885,4.657034681747189,5.185093950045441,5.187184170374394,5.347578358217418,4.959171313267809,4.787415752605047,5.347673377156496,5.220510385684901,5.443145152981546,6.507928935148751,4.563117571617678,4.7258512143714215,5.129835452867264,4.994683254204842,5.263029190053434,5.385779032331462,5.931083415002459,6.508289152201564,4.962792289915391,4.334177343063301,4.7549470365431485,7.733529126705224,5.608363487100747,4.944683150562803,4.901637812420963,6.315003709759127,4.083952824290224,7.291837943336356,7.7699499231051075,5.917504839990615,4.634144392570892,4.321143502173996,4.498734637837028,3.146268387729276,3.1400886119988107,4.654916295539122,4.196466450205747,4.509225571577616,5.432460791866641,4.658294170506759,5.496385712814069
2025 Q4,5.853214256784349,4.630094212858731,4.6831297424025395,4.622182877151541,4.5781334388780275,4.395951838579132,4.623665534863781,4.815672807378791,4.60730949751984,5.624986132466879,4.832419164642785,3.7078809856732335,3.8211634947127435,3.810843008888253,4.1252423378942,3.796012987362635,5.14717933754394,5.018676220578941,5.125429361041602,4.698886997161466,4.451878803892303,7.161144411144365,5.359505103650776,5.555446117066585,6.298001176191265,7.173175991789013,4.1679836410764866,4.264986612365139,3.9948867457773027,5.366128146941165,4.84416370467047,4.418356924607742,4.677029076145769,4.425027133184789,4.563062597199465,4.418783878633761,5.810712275506461,6.067104199409844,5.500542812430831,5.1636430910595905,5.115268231700662,5.964401804165344,5.457583703670036,5.7284861334283175,4.948832139161246,4.59183480094637,5.644953497915531,6.343635454416016,4.7235633528136365,4.898924576910383,3.350087857533503,3.291316120378211,4.3986811608008,4.176840293088171,4.051278379244993,3.800123233623856,4.607918536013743,7.548771436842115,7.544659908398074,5.956760840008452,5.86497805778143,5.083304296490286,5.587765630766707,3.0838208811086156,3.9036580153614726,5.214044623237141,5.292273133555961,5.0882046825815985,5.230300279083617,6.822020001287025,5.912697439292276,5.284711284249311,4.6457620159412985,3.3815314034689252,5.097553558286672,6.366773228173344,6.1344103551761755,4.2166445644695525,4.104961361779195,4.093872633338462,4.178480138564164,4.730065421216835,4.951783383803639,5.398896717021251,4.337833455275821,5.090299638199775,4.554139028077848,5.8788607048704495,5.029383193921887,5.523478472638987,5.307150054703158,5.770783794363894,5.177000621013173,5.519278903389983,5.613906638765468,5.438166863588826,7.4608657816502735,6.338300439895346,3.9344498763050995,3.293351337049387,4.969301471711233,4.465756783409664,4.645250134225113,4.54401064018958,5.106867804402343,5.234413027437692,5.309705444699644,5.009701890160601,4.782507704128438,5.313438395586761,5.155549017184533,5.286332320018072,6.51787000559137,4.564970683144607,4.713438792280898,5.085003429899274,5.016565262203921,5.120753422033346,5.347807776074396,5.8254618127104765,6.5171456418694245,4.907337406874031,4.293863663702818,4.812526888475925,7.591352088127178,5.512903216415663,4.952048777771179,4.80818430147237,6.2936261381025105,4.026329445857966,6.899282451455221,7.465648126568267,5.5240275955043545,4.616114934184019,4.272512510868637,4.409697697806689,3.1240121952110265,3.1334193653014237,4.628332210694945,4.1809525961076845,4.702358982202149,5.358771256154372,4.678936510758281,5.421888284342152
