Date,Bedfordshire and Hertfordshire,West Midlands,"Herefordshire, Worcestershire and Warwickshire",Shropshire and Staffordshire,"Gloucestershire, Wiltshire and Bath/Bristol area",Dorset and Somerset,Lancashire,West Yorkshire,Hampshire and Isle of Wight,Greater Manchester,"Surrey, East and West Sussex",Outer London - South,Cumbria,Northumberland and Tyne and Wear,East Anglia,East Wales,West Wales and The Valleys,Cheshire,Merseyside,Essex,Kent,Outer London - East and North East,Derbyshire and Nottinghamshire,Tees Valley and Durham,North Yorkshire,South Yorkshire,East Yorkshire and Northern Lincolnshire,Lincolnshire,Inner London - East,Outer London - West and North West,Devon,Cornwall and Isles of Scilly,"Berkshire, Buckinghamshire and Oxfordshire","Leicestershire, Rutland and Northamptonshire",Inner London - West
Feb 1995,1.0184114989359652,1.0061689188763727,1.0053185058680156,1.02393570484141,1.0181797918392241,1.0107976720297218,1.0048359327654293,1.0089929914415143,1.001725427394837,1.011751051082602,0.9926655156770161,1.0041143103485692,1.0473403512263981,0.9866248099427744,1.017355851952289,1.0200488654072615,0.9740894361018583,1.021876717743453,1.0299103336389561,1.020159023084588,1.0100325048770453,1.007240297127684,0.9796854128909138,0.9950196573650462,1.0050679329393728,0.9993446188284951,1.0214507781763138,1.0006118043661725,1.0002333878854526,1.002414708843637,0.995144677800987,1.0283839271846518,1.0091032396227702,1.0180109670401463,1.0053530349432396
Mar 1995,1.0125730647074935,1.008183145371246,0.9984542121060699,1.0114101613210995,1.0241495705332884,1.0127813348580104,1.003471430970402,1.0125723262016029,1.0002738050483733,1.0261861688485854,0.9991744095733862,1.0077924176941329,1.047687066099075,1.0068939048323968,1.018321810860604,1.0130164070146606,0.9824559431123209,1.0121981572568575,1.0149095518496403,1.0260674569721397,1.0124638437801317,1.0182162334926466,0.9951732581347381,0.9975883886538621,1.0190160770976036,1.0062466086748123,1.0027820327857748,1.0005576166339982,1.0302717347042694,1.0048036174672026,0.9880917061989262,1.006636207633727,1.0104411305132595,1.0068293889581739,1.019931595837137
Apr 1995,1.0165992416477663,0.9847869247567861,0.9952456179719543,1.0061607222124558,1.0184667579238507,1.0084991605407683,1.0130672234428657,1.0083877134163008,1.0072802661673783,1.0123207052746797,1.0030045125547715,1.0077773283375557,1.0457567790473854,1.008313157696871,1.0124189344450802,0.9985096537798895,0.9789482065766199,1.014400321374943,1.0053327046776883,1.0160938757103715,1.0061078439435507,1.0186421734716504,0.9887408857743505,1.0014458606197942,1.0264599934829104,0.9868260633036225,1.0280180238894707,0.9988527955578173,1.0140233900857045,1.0097567932732088,0.9933294346234007,1.017325126139486,1.0036862077875175,1.021274639221196,1.0263580368338723
May 1995,1.0173914672492468,0.9951475181672673,0.9999914539053701,1.0190488440115026,1.020862944369507,1.0136150133001884,1.0080943777071176,1.0010112882865345,1.0081227720141188,1.027304720676257,1.003566952243609,1.0107964836719359,1.033729865954163,0.998051784372445,1.0219385757184405,1.006651143058476,1.0010310323145348,1.0208049109592838,1.005663655036992,1.0228117956308782,1.0083718606230634,1.0154342853584517,0.9896105625770044,1.0101207661990885,1.0120225964080218,1.0034378677167233,1.0013172334851397,0.9985192723544005,1.0329728500677526,1.0234056818685724,0.9823127066583606,1.0226548839484582,1.0057497695403341,1.0189078706563743,1.0122542385396447
Jun 1995,1.0167209013467902,1.0115190220980768,1.0107025283605613,1.0174867907524292,1.0325752361486287,1.0172679847667196,0.9929140017277414,1.005439298079894,1.0095101992910402,1.024511101504979,1.0159073487770014,1.024017637143232,1.0445477282612403,0.9980479558682567,1.01713135890353,1.0097609895802666,0.9954097332498065,1.0277019585830551,1.0063981761038827,1.0206357367574457,1.0104363434136716,1.0318360915999218,0.9991155534785131,0.9983455675659679,1.0165102791953562,0.9971111096463234,1.0139065581100104,0.9939583433362024,1.048024715596388,1.0225542101699958,1.0011758716694958,1.032676221988218,1.0202833829589826,1.035122939197056,1.0149032419367539
Jul 1995,1.01337476015078,0.9915433016261528,1.0073845646612942,1.0098688114603775,1.014380755388811,1.0055325297215292,0.9922088306903522,1.0115645453165099,1.0071711733143471,1.0058016137039483,1.005143189688668,1.0124646758558546,1.0223274049971378,0.9953531684840197,1.0153472920785267,0.9953708407350247,0.9813937662959711,1.0137436444077355,0.9970812583579685,1.0200896608076264,1.0068530955809585,1.0112994262578006,0.9887016614728065,0.9956956372824045,1.0084826852078832,0.9910694128630939,0.9979490043634117,0.9953152041931446,1.0281886916587566,1.0279968528464223,0.9880842847416985,1.0139936458695005,1.005096919984342,1.017687978512937,1.030120912306416
Aug 1995,1.0129344483839378,0.9862131818467089,0.9960437104071302,1.0061860157977194,1.0187104133340341,1.0047711747565444,0.9960002559216479,0.9900946584720762,1.0079376204484218,1.00865631005476,1.0095239921677621,1.012099670138596,1.0102047002324006,0.9890430308808397,1.0146569984983203,0.9995933768928761,0.9814497579234999,1.0175253048693629,1.0001764942175217,1.0144070864982173,1.008345576883517,1.0140335897150314,0.982245359149376,0.9889330759701122,1.0057089391997147,0.9841621472553957,1.0058322401824042,0.9874325748571063,1.0391982411289606,1.0197330358854475,0.9962739294751959,1.00899770385022,1.0118273790195953,1.0111655750633954,1.0387985624082732
Sep 1995,1.0127936894656786,0.9951667440118029,0.997295317649933,1.0008959596532998,1.0255851319512193,1.0087231099846286,1.000171597286203,1.0038144903201085,1.0097751912135422,1.0109533892384404,1.0051053370050473,1.0168243303584548,1.0221296051740922,0.997003691022346,1.0145300325469817,1.006156497847947,0.9925610730097907,1.024876288984408,0.9993682288911424,1.0196020385446227,1.0081102563299489,1.0077601568432368,0.9945079787720176,0.9921614134747831,1.0109536905714531,1.0065640075917972,0.9970305851960894,1.0013284272246392,1.0387931472033345,1.0343571505011313,0.9851251484041081,1.0153283667448614,1.0135937546835005,1.0244347830266514,1.0276121098675026
Oct 1995,1.0065375850672436,1.0056814256691269,0.9982823630335773,1.0152182495207025,1.013779083609596,1.0037115075009122,0.9807389484494202,1.0043429562781543,1.008448804411024,1.0069408744942792,1.0046325441279687,1.0120266137164238,1.0279959327374764,0.992064571265045,1.0116530985262753,0.9938126526538497,0.9736003609924511,1.0190738650968991,0.9775786768294158,1.0079264141287125,1.0099838963312262,1.0105075322311157,0.9876075923953826,0.9977532124271825,1.0242021723967745,0.9851768506823391,0.9928721882962297,0.9855738377351222,1.054205305853403,1.034785682182023,0.9856137757567268,1.0222510699903697,1.0150940158761235,1.0088993845217844,1.0648479895218637
Nov 1995,1.0252939861905752,0.9977410722615948,1.0065823594099184,1.0154963976225173,1.0195031812244095,1.0088486952098554,1.004524214067583,1.0042612573759546,1.0161249557802887,1.018285421303625,1.0093864921689428,1.0181980590607003,1.0165042885028261,1.0017654258683244,1.020142540220485,1.00358848795298,0.9977557813834323,1.0094797998923968,0.9829105862224761,1.0235585334657782,1.0129651973673668,1.0085912748940904,0.9865218321461854,0.987348479638259,1.023246653948575,1.002888623242018,0.990462723074902,1.00148845420131,1.0428568051944944,1.024783098608978,0.9745087568172789,1.0174484188274813,1.0148933842330135,1.01805782997608,1.0567805518436855
Dec 1995,1.0277155443902848,1.009899182371539,1.0194644760014246,1.013204824118346,1.0354976084130376,1.0018517605527162,0.9961583353324123,1.0033419360092048,1.0210805097487954,1.018292765215239,1.015488588692963,1.0362207441423703,1.0332249407262613,0.9976250091256281,1.013291859883257,0.9991798498707896,0.9819785843672517,1.0216467880464093,1.0023891587205733,1.032080857201234,1.0143179583632922,1.0245838182476779,0.9912345529894564,1.0105063445714522,1.023270984942434,1.0063642329788993,0.9928028431901508,0.9970347619613511,1.059829686522318,1.0401559171866392,0.9900220814415529,1.0304865145162894,1.0246226211175367,1.0247177587062357,1.0534494862116697
Jan 1996,1.0255397029869482,0.9888487266815374,1.001397122337002,0.99910797764736,1.0186161656384658,1.004647108946588,0.9787862869003898,0.9886072378057417,1.012004683946392,1.0055914985036816,1.0144062788129296,1.0232578347149546,1.009624620873306,0.9761583935908824,0.9945362796983174,0.9822821509102796,0.9911071900323584,1.0216463786780186,0.9730788549036409,1.0142490917802893,1.0116956813196556,1.0134996637131408,0.9790543532002901,1.008745107590877,0.9986546342304532,0.9851005119683953,0.9883223266848337,0.9971149358056347,1.067631220893043,1.042431120977448,0.9906733786130654,1.0141457285900184,1.0148869278918553,1.020211696578813,1.0653299471496371
Feb 1996,1.0229481874617437,1.001524597998031,1.0144699262369652,1.0026377194501497,1.0315817762392914,1.0167955484415032,0.9866597092662858,0.9921128622161575,1.0173860370003365,1.0321138701810786,1.0160460025220917,1.0345425564950377,1.0267350637317958,0.9876962708924913,1.0042682657485116,1.0090023414720055,0.9735475605163981,1.0089796053259925,1.0065704252748058,1.0079114667403828,1.0123417198344549,1.0203912505837498,0.9771282401618281,0.9697629721725776,1.0017018068288568,0.9965267817141884,0.9965365427521208,0.9787373604638103,1.0838739591219129,1.0561342190086707,0.9781410431755266,1.0405868088801968,1.0288804695965,1.021433600420793,1.0563753882238205
Mar 1996,1.0197274322158172,0.9913442111506883,1.0033532264407041,1.017208730237656,1.0323649806689108,1.0054823384085636,0.9826063259103236,0.9943471480923478,1.0304832270382887,1.0254957184456241,1.0265165266701612,1.0283427095989668,1.028841163290708,0.9952320196417405,1.012904740214162,0.9986777836376598,0.9825218688183973,1.020493415303778,0.9987275291748429,1.0200927723706101,1.0173397331034606,1.0311014864558719,0.9905218717535705,0.9867651345997083,1.0105404144147263,1.0011486138422225,0.9860973676253102,0.9997280975451669,1.0797578364344869,1.0472048182954048,0.9893981956506799,1.0162208320762525,1.030403821392022,1.0268467699014419,1.0529063078258765
Apr 1996,1.0228663081376528,1.0070052888788452,1.003118925863171,1.0106500643648997,1.035127170552619,1.0240567327284167,0.9716320318685178,0.9956042088907157,1.0264899044963354,1.0035671661003773,1.0277474149500165,1.0456522243338606,1.0189969831686985,0.988969497776785,1.0131747645655929,1.0056544741272562,0.9890609497628305,1.016015004116598,0.9925475938642009,1.0221641695142794,1.0203721259625929,1.032594433214918,0.9779884064274638,1.0016832181433282,1.0083471549994716,0.9961299022973362,1.0015952862962958,0.9887918844490581,1.0651865899075719,1.0804855073574617,0.9926726113472722,1.0128242985572744,1.0253630073134932,1.024859068324494,1.060502421700048
May 1996,1.0347637502335922,0.9915336827142105,1.0257627481282858,1.011920705450373,1.039841535910412,1.0204100299364727,0.9826650998163917,0.9963838320137899,1.0290155777607897,1.0134314223174417,1.0287542453590286,1.0468902811771037,1.0235436420273483,1.0045245553381612,1.0126424498875626,1.0108443650208727,0.9883303119782115,1.0187476917371663,0.9994048423798862,1.025264964599619,1.018953013315509,1.0391603556281928,0.9952367842571465,0.9927277186475294,1.0100980252549794,0.9832999548011688,0.9938863401172073,0.9995405518715795,1.0889482279351383,1.0500860637948377,1.0088650584459102,1.041356580752142,1.0360971954746072,1.0218039590645562,1.0640013315439167
Jun 1996,1.0436633541174414,1.0036826173699938,1.0314788755599136,1.0134348164216853,1.0545014079933999,1.0266636023832474,0.995166676532277,1.0088586693213153,1.0383109410191447,1.0271830350925604,1.0379782835706335,1.0562302129379155,1.0525717194291773,1.0132821204410767,1.0250030063588171,1.021701368254029,0.9910607289661769,1.0288126472600452,1.0061391261872235,1.0398724115247269,1.0317520287802493,1.0541099741855644,1.00054843006811,1.0127972055112224,1.0156765776735601,0.994492775934373,0.999728291725845,1.0065878740012963,1.0971136823255647,1.0702077891727275,0.9992185789696408,1.052162299143125,1.0472470858490943,1.035073836036595,1.105495223686205
Jul 1996,1.0396860852414405,0.9981215379624853,1.0153059302374798,1.0181769169686095,1.0421510341351419,1.0337252470375884,0.9785175255408611,0.9917448125138444,1.0383940926417095,1.0097799309516193,1.0433370716756014,1.047577041305144,1.0100551563052238,0.9933181229684995,1.0222654152597,1.0065460377981237,1.00562705920252,1.0207093903357534,0.98474143618456,1.0338819763189335,1.035746384417044,1.0546297891998748,0.9833238058092043,0.9937397457433319,1.0150045084655188,1.000509334841589,0.9803350817621586,1.010222181994509,1.086208029770237,1.0781681071372649,0.9973142838716832,1.0564659705976205,1.0489669512556414,1.0286670507967068,1.09405838905717
Aug 1996,1.0603920941425817,1.0037824736000607,1.029179258673195,1.0166163520577354,1.0525772200139127,1.0491077109376095,0.9852639821940026,0.9935076526416972,1.045692943283857,1.017740063308003,1.0466791220964682,1.0662521456826217,1.011454488040164,0.9985632695207838,1.0235027012530902,1.0202482323858397,0.999361400466199,1.0173399484625907,0.9909344905746235,1.0429113626330515,1.0381752254886971,1.055994903394204,0.9980983946024047,0.9959143757093426,1.010305585303737,0.9777322292343281,0.9926515302830438,1.017926584129549,1.089190144120291,1.0770825596868963,0.9971429128431674,1.0521935039883537,1.0543382187163646,1.0408844828325043,1.1205705802216972
Sep 1996,1.0581501223061764,1.015289409248848,1.0419391654460008,1.0257511593416435,1.0585956780924861,1.0526736935271914,0.9840688747536028,0.9974408026226954,1.0573026630263351,1.0267116288719427,1.0625702993976427,1.0684364869222225,1.0405166253019034,1.0029356530604505,1.0288738291907678,1.0383121503199857,1.0011648321948015,1.0304560714155735,0.9999297848088952,1.0535170449780369,1.042082235540493,1.0673997128199688,1.007964252863535,0.9930605618541148,1.0281498612506519,1.0097197467595842,0.9940496049862493,1.0042742124554722,1.114799051887922,1.0897964152573427,1.0113373588373245,1.0476512338588084,1.0660435715217178,1.0473770786892906,1.1440458054563765
Oct 1996,1.0616522429476822,1.0184068724557687,1.0379412259391751,1.0330577738157432,1.0675947238919832,1.0476233177153351,0.9865390247689977,1.010001954389148,1.0623894686646196,1.0354184342413155,1.0714812704545984,1.0900724708632672,1.0464962302113727,1.0141614506210237,1.0325443040083806,1.0335675247029694,1.0045587796278446,1.0239994605909077,0.9907860115479673,1.0451351921903709,1.0501157586735372,1.0637770397582518,1.000526274062683,0.9980093715217304,1.039349412377647,1.0024198714372858,0.9856186192180337,1.0215274877227292,1.102978227552359,1.0983796371958563,1.0184272722203782,1.0579673564356842,1.0709282691814557,1.0528913243021993,1.1267833196832144
Nov 1996,1.0813544615199238,1.0228162102096494,1.0502649804999014,1.0402071844218432,1.0744761955595141,1.0559761214879635,0.9919869555873382,1.0125503037875307,1.0718969535497263,1.0263175221347327,1.0775997938122361,1.0876233376641697,1.0389474975456046,1.008020172410929,1.048329876863834,1.0277213281235145,1.0096605356908708,1.035765636538907,1.004745166405548,1.0688464082980098,1.0513033771045888,1.083808379119337,1.00760919936085,1.0059417248263374,1.0221059558348784,1.005236978043502,0.9938709911865373,1.0193369353417459,1.1368679281339333,1.1116565697625524,1.0251137781608428,1.0706338509301394,1.0789037333751064,1.0555915974731656,1.147979927457609
Dec 1996,1.0915504415234352,1.0334942257491768,1.0546165391537738,1.0301970418586945,1.0853930570713264,1.067524250014144,0.9999849249909198,1.0167729140884514,1.080755988985028,1.0371998042231787,1.08801584571724,1.0947569651945002,1.0496980312214192,1.021353413618448,1.0498769904894831,1.0284378021122418,1.0101116064414657,1.0402162855608148,1.0166500188637535,1.0816385468823984,1.0669997772447617,1.1052995761395614,1.0195223009480385,0.9985718987815968,1.054476913917362,1.0181031764429482,0.9970669350386232,1.0201252844280484,1.143146494430237,1.1160228008192916,1.0275130835913002,1.0770493203905882,1.095821780195773,1.0679551268819052,1.1610099036013333
Jan 1997,1.1001730904583047,1.0272132374219192,1.0579941441403524,1.0443776653044412,1.0775798967206907,1.0711825944153412,0.9921799363953004,1.009974598084881,1.0867299439697184,1.0282980412619749,1.09599741280482,1.1103522126973866,1.0295350430618344,1.0045299067117965,1.0509215421639395,1.0483541387255424,1.0010502365177765,1.0355037568631522,0.995266176109097,1.075346031519879,1.0721515088742022,1.0959401420348038,1.005540623161196,0.9918146728358127,1.0209182743827399,1.0080074925264413,0.9719240343927087,1.0246235736329,1.1569932327300172,1.1329883838765598,1.0343802186071818,1.0932977456380073,1.1030038356720588,1.0705079258600163,1.1788278504108367
Feb 1997,1.102239565016488,1.0252372853230536,1.0612286548393397,1.045433428009146,1.0956441828950199,1.098162618666486,1.0105033677569357,1.0101596351299564,1.0967954903212946,1.036875194543427,1.1013344748763902,1.1188555746815811,1.0501312297618632,1.0153501548128214,1.052529490795792,1.0440102697290476,1.01820892178621,1.0409495912886317,1.0019909678013332,1.084645596785432,1.0863843276681422,1.1011916053165016,1.016434242416496,0.9927761118091487,1.0376929577527525,1.0136399639685731,0.9903524042016658,1.0346875810778862,1.1672944540500827,1.127786733248928,1.0324331719151176,1.0796091188713177,1.110204727348354,1.0661489697795639,1.2187593233512983
Mar 1997,1.1207216124959414,1.0492734947130085,1.0693000813336622,1.0572367920884889,1.1054378315289242,1.0892240186476472,0.9943413144569994,1.026219249705583,1.1061862216240435,1.0467394174180298,1.1208191856918077,1.1297926262287599,1.0510331959106405,1.0239619390638743,1.0592759965372756,1.0611915831148402,1.0181729448413905,1.0685894795806885,1.0249037893942778,1.1053706845035023,1.0943006316874808,1.123878017651876,1.030249358400631,1.009761759252119,1.0444434758284542,1.020784893309509,1.002412679570714,1.035713639668458,1.1901862478279632,1.1603849435374956,1.0481425749781261,1.0985491888296794,1.1283875645771975,1.0867348701276218,1.2274612142808372
Apr 1997,1.1330460922278702,1.044677103412834,1.0766076049064766,1.05743686781045,1.1120086726423468,1.1028400665887257,1.0042750261767375,1.0166471593554711,1.1175469726173552,1.049146968678056,1.1299390423072568,1.1469452899044668,1.0689369626182503,1.0275225467229057,1.0719080799136764,1.0520622826205686,1.028094841236747,1.061329247655168,1.017060414141365,1.107920781934516,1.095993784346587,1.1338543692278582,1.0257638775045976,1.0101525609651285,1.0543877538470976,1.0138690186525592,1.004382305801013,1.0363204019854257,1.186802026569706,1.174571747304423,1.0466513006322546,1.1040100951907679,1.140116101644944,1.100630101661761,1.2434344571771823
May 1997,1.1463255790616105,1.050179538659986,1.0908995535435564,1.0706036122861717,1.1210146813232653,1.1170421004928461,1.015272774961488,1.0203006632360996,1.13186368117681,1.050589475994506,1.146846791300382,1.1593465111714554,1.070428249645199,1.0368242001185966,1.082346939777416,1.0607721644026555,1.0319597552898414,1.064892328845756,1.0241940103640041,1.118353013134972,1.1163901740675888,1.146034546988182,1.0347570973087101,1.0148608056937527,1.0645616502809523,1.0218028209751935,0.9921738098167631,1.0584952368382572,1.2153278204678262,1.2052691791306092,1.0621553988667751,1.1201856225964766,1.153302571496472,1.1009720092449413,1.273888017552183
Jun 1997,1.1647734212938297,1.0638938216734266,1.1080025436852623,1.0749389930649058,1.1382994980739556,1.125729920369413,1.0176865933492034,1.0209606097178674,1.1480484382752838,1.056068368663157,1.1628710058964318,1.188883999833643,1.074096372853335,1.0388807638874724,1.0938188589721463,1.0761386290621622,1.0452153200698693,1.073199992042405,1.0378736376243793,1.1379337053582796,1.1303627543012889,1.1651658720077858,1.0499042296415482,1.0164877063005235,1.06172550486992,1.0239370804467607,1.0058998263182033,1.068204934803584,1.2450842489996794,1.2223590462300171,1.0706244722519067,1.1330764701612641,1.172344514359046,1.1114136162392263,1.288748098917218
Jul 1997,1.17239541283791,1.0649927531054633,1.1076359968270115,1.0745538104650283,1.1411679721132408,1.134947319553342,1.0169423900866938,1.023897412371451,1.1586250354367393,1.0534889538680055,1.1766059355822964,1.2022992245956667,1.074687346253766,1.034804869091372,1.1027078098017127,1.0744548834068524,1.0344305279463821,1.069609572757278,1.0202154362544484,1.1440677228820335,1.1300321952371604,1.1711059384983176,1.0382160600367796,1.0179016215475898,1.071651468037743,1.0225113362612364,0.985943278180955,1.0655919021809306,1.2614864205298215,1.2458622521377187,1.0852199303985741,1.126466791204894,1.1962091734845408,1.110371946018683,1.3135409190405982
Aug 1997,1.1947902884420332,1.0738298607825598,1.1273706175195521,1.0794069603335468,1.1533798479960862,1.1550926863015603,1.0274565245607308,1.0347903405304477,1.1847371064089498,1.0430613715100305,1.1950536974253387,1.2239246547342812,1.0711410691552485,1.05530656148448,1.1076708525997347,1.0897043096041983,1.0368768742669736,1.0942749956551363,1.0253172236000778,1.1568190580470827,1.151247423607448,1.182183153990078,1.0562138531580345,1.0087211622619854,1.0711047784041792,1.023426471754876,0.9914435029098762,1.0657722412347732,1.2599196208193368,1.2563177591218944,1.0908050685295942,1.1472802808011788,1.2128708025756736,1.1215549870815604,1.3112925251624699
Sep 1997,1.2039156689148494,1.080606513587069,1.137916195805738,1.0911743336652435,1.160967650034141,1.1620510323057123,1.0248169777642142,1.0372509648618244,1.1796940004308698,1.0646688457181397,1.211778203205991,1.2335964633989878,1.093849237118663,1.0532908561055458,1.1219431555950277,1.1008961337609293,1.0460385843474092,1.0981778888664964,1.0334873941617393,1.1598427656642414,1.1631697555669445,1.190014326241428,1.0569237575490373,1.0305923353443682,1.0797399419432692,1.0315220091263606,1.0060543777233346,1.0688363359634472,1.2854781864320708,1.282747124267497,1.09357698080513,1.15816032702026,1.2282973251874514,1.1366947981362157,1.346296297253087
Oct 1997,1.223961764641565,1.0936100238677766,1.1350764629576438,1.0861065972828783,1.1704315869846327,1.1807710476179116,1.028071555105229,1.0536024724330775,1.2053745401726819,1.0675488832136215,1.2275477173974119,1.252085243097295,1.0695529712775955,1.0526415126146185,1.127959504382338,1.1040896585082027,1.0511426893511249,1.088517641484514,1.0318853451530052,1.1732265954737322,1.1792857845948375,1.213947218844512,1.059558543629978,1.029176152942193,1.084652255663396,1.0319077692239813,1.0109559884642707,1.069503217217262,1.2900645631804069,1.2852732919013143,1.103251291925041,1.1536419159885327,1.2367209159660364,1.1353727501025181,1.352314075014258
Nov 1997,1.2309409551687154,1.093571403285305,1.1555374859455774,1.0930760975476415,1.1897614086274104,1.1785685467963183,1.029315828907966,1.0529264573105672,1.2077193440214462,1.0688364697480752,1.2421196504816594,1.2635321150666952,1.0832639020961874,1.0639895021254226,1.1377752681910207,1.105864698281684,1.0434276438754202,1.0987623022047064,1.0504824226306362,1.1796404339829873,1.1725054900280523,1.2248494427748866,1.071201434338105,1.0282542406019404,1.1009100147644728,1.045217685665318,1.0168386919065429,1.0923916368463276,1.3014006700073388,1.3025859915084408,1.110409566268185,1.1786143086079737,1.2499969791198227,1.1495355910625467,1.3545829509839695
Dec 1997,1.2461897089341736,1.1037439257160226,1.1582815875495327,1.0968432040531073,1.1942050841242946,1.1907662455901364,1.0405186265297695,1.056635476638278,1.219807290764079,1.0733655607568728,1.2523050448536435,1.2827422794808025,1.09629424641171,1.0738602537092783,1.1459948682438716,1.1301597874838158,1.0524338584064714,1.110073251446791,1.0436345815109842,1.2006342730186332,1.1913653306229073,1.248698271544202,1.0630274196826721,1.0297138883961354,1.0967368559663975,1.0493744862926002,1.0176520521456927,1.090954071513321,1.3496284244803103,1.3126761110305836,1.117025787806722,1.1803656582645468,1.2657063391016008,1.1609160964928933,1.3749654426414355
Jan 1998,1.2442890553721024,1.0947213609370212,1.1506811552635265,1.1028424730939235,1.1911607144095717,1.2069980882210396,1.0445154354845985,1.0389773071802924,1.223037449857621,1.0848519597632948,1.2606115230514063,1.2835814967968138,1.08867998902906,1.0627006701816462,1.1506881274937566,1.1161276198619596,1.0545447974093354,1.1025180127364531,1.0491944688626018,1.201059962311227,1.2001746697897426,1.2461095104448154,1.0698538692822255,1.034762141038535,1.1058729028296908,1.040633705067337,1.011369813474987,1.0945889366561794,1.3308464090461927,1.3175046358558289,1.1200549435051828,1.1693027751028204,1.2640061207076154,1.1456761483669424,1.3635423042471237
Feb 1998,1.26909003359744,1.1118727560750503,1.1669447429743027,1.1055508274150914,1.204608385180789,1.2080111036322976,1.0390244354439273,1.0572944578564585,1.2309868511390627,1.0888927333882084,1.2655467980380672,1.2911469929314618,1.102617219984332,1.089955415176516,1.1551617930015898,1.1078875026986925,1.063027275207088,1.1255817478080818,1.0655362090878135,1.2052442547100646,1.200828164134497,1.2532235751659189,1.0778511585231714,1.0384651906328095,1.1033906736975618,1.062327564450625,1.0046840825601457,1.1003408065925444,1.320455163908781,1.3251157425623692,1.1314797891402226,1.1827440196236405,1.2828603859620786,1.1536718104426593,1.3857848409076503
Mar 1998,1.2636231703710756,1.1093582465603855,1.1693045294131537,1.107698836396954,1.2157127640545486,1.2112469725354518,1.043023180798608,1.0658597619916799,1.244193173265377,1.0916896471631803,1.2742823280511015,1.302592979178439,1.0935494673184816,1.0831577600863942,1.1564008997298854,1.1352882124537829,1.0613609411032825,1.1294156997660465,1.0647237559559275,1.212916799042257,1.220575689145687,1.2696653824337591,1.076276695561906,1.0292939906482264,1.1048548505584732,1.0556284903861903,1.022968599811533,1.101211363694991,1.361116753520845,1.35303243957147,1.1268960614536123,1.214074309698127,1.2899092665236658,1.1700571146791365,1.4105403827423078
Apr 1998,1.2792150313441593,1.111617394986414,1.1784100626491483,1.114657026449621,1.2349395503523988,1.2249242161869396,1.0520147556297594,1.0608663448844435,1.2581307747008095,1.094041476499652,1.2905503877044797,1.3279316682066709,1.1129216563716824,1.0777317194815708,1.1699326195477264,1.134847092219693,1.0667389475913074,1.1339365012274618,1.0567447177333111,1.2288471195271462,1.225685737769742,1.2730637558784115,1.0883891296966517,1.0439405671027224,1.114849525748319,1.0566692004373361,1.022726018711305,1.106145898727866,1.3766388991796081,1.3555167515783386,1.134702863502733,1.2063562953906246,1.3046770339041767,1.181241238368027,1.4104786953994708
May 1998,1.2953652736597727,1.1288343380369437,1.1867329459914335,1.1243786448392201,1.2355778690229287,1.2406201838435056,1.050911214195393,1.0642785315706447,1.2713671831409203,1.0939646874601356,1.3058696486970645,1.3422632082240267,1.121069897107768,1.0888635628388683,1.1778942541544164,1.144202668684167,1.0783437289150775,1.1429909448117714,1.0603776834200935,1.2414228413751178,1.2358768386281433,1.3001128172127314,1.0945829896724109,1.0438580566736304,1.1234861777153555,1.0579197260150568,1.0338886982265378,1.1109896771571195,1.4078430696119344,1.378079736069611,1.1490772255873183,1.2083513028533446,1.3239454709110228,1.1968767863119683,1.4330942846226842
Jun 1998,1.3090643841470053,1.1360201970838526,1.2023883468720706,1.127505041951019,1.253568916062728,1.2432215479743427,1.0694969192435029,1.0709307439791136,1.2754106666586889,1.1053886504717847,1.3241213619381895,1.3552671467942372,1.133838709589322,1.095743686760129,1.1930105685863714,1.1408905433402687,1.0885464390669057,1.1549817323252578,1.072081062273207,1.2567495332530438,1.2528184268680085,1.3076918882095647,1.0952758718395472,1.0471734228763108,1.1222856096383877,1.0724109786536515,1.034867045102982,1.11371642509796,1.432167080558302,1.4011523938172257,1.1478138972750294,1.2365165811810725,1.334127991216847,1.1961251593220998,1.4306072711328515
Jul 1998,1.3207903319790066,1.1431706032999822,1.1994716573729471,1.1350712236651332,1.2561613955275968,1.2590690081016847,1.0565714186213533,1.0771497351345758,1.2858547664898925,1.1062252384180487,1.3284521811876744,1.3596882628234837,1.1208666131231795,1.0921040592597595,1.1975803417712436,1.1465020712232976,1.088312146984431,1.1505512481463116,1.061021560532691,1.2593846622866591,1.253626695169565,1.315429889938812,1.101641742609322,1.0449615323293684,1.1397575337506627,1.0669398708263222,1.0264193634548835,1.126571759411429,1.4142520641364287,1.4190639405570316,1.1686735548627019,1.2436334671812495,1.3436555882209498,1.204799874338704,1.465333236227028
Aug 1998,1.3298651999478541,1.136083149411209,1.2153451767182901,1.1537878214031525,1.2746246389942895,1.2661643268477114,1.0511560314679935,1.0767636417647832,1.2958278009694035,1.1050659049991753,1.3400934397095647,1.376596881868059,1.1296752128705194,1.0896361321716466,1.2064914304240113,1.1496730484750148,1.0828580371838519,1.1611833070995208,1.066355000760379,1.2665724526309599,1.266282578474721,1.3303485605550462,1.1041977388157458,1.0418792251882747,1.1358142168307481,1.0673888506081965,1.0241745176976134,1.1197468310563048,1.4429932579806182,1.4372720351188757,1.1726957034085543,1.2564451656296924,1.3550096220410797,1.212306478171838,1.4666024229150272
Sep 1998,1.3354968450510507,1.148919313213739,1.2206194633194452,1.1342355061339247,1.274902939080569,1.2808123298478953,1.0587278185918654,1.0855317580893982,1.2979347682383109,1.1135590610671284,1.3509058493746011,1.3785047994130173,1.1341328844401366,1.1046622787071838,1.2190967769743937,1.1541040345017293,1.0895542250996844,1.1644257162138898,1.072003575562628,1.2831693230442838,1.277761197821094,1.3327582482212588,1.1157173400834193,1.0498883203960998,1.1422030433960748,1.09349800158684,1.0296444025770626,1.1254543714797993,1.4502429579102332,1.4268825969569734,1.1662497780683863,1.2656327531459965,1.3546709700463306,1.2218150177514737,1.48802390174073
Oct 1998,1.3394056018229255,1.1622192248525265,1.2285531198986954,1.1416231408411774,1.2853129080759835,1.2821892092899614,1.0632656353414955,1.085549989024989,1.3079794727082528,1.1178312425781751,1.3460669333891853,1.4003377617874946,1.1424840561041978,1.1147400435615584,1.2201940641349578,1.1679354447232226,1.0937149776830324,1.1712330036266698,1.0913914442652024,1.277252671443991,1.2783822513945695,1.347592225838266,1.1126766569403632,1.0558969582247362,1.1372441042542458,1.078278521893889,1.032597100364106,1.1412521737871404,1.4506275334596581,1.435211043158664,1.1794567311264512,1.2656264041674496,1.360865983802138,1.2282803981673636,1.4753706125360742
Nov 1998,1.3486141384010824,1.154742747385082,1.2280083731010125,1.1517592558315501,1.290680045981415,1.2862420304103073,1.071147285088126,1.091431764675955,1.3155703942336967,1.1253274935350006,1.3668134936677794,1.4040404422201698,1.1473923737520793,1.118133691993444,1.2233203407427546,1.1728693813974345,1.0997563303972107,1.1746870682507147,1.0881140935760796,1.2807479527147188,1.2866587838756718,1.352211381567566,1.1258724412226913,1.0615403999958324,1.1592977337450052,1.0761416152311536,1.0266056001224795,1.1452484824981253,1.4469670170801545,1.4407126781349375,1.1807707338543714,1.254337072207115,1.3749585968960525,1.230458014546751,1.4672966430874876
Dec 1998,1.3644638160061358,1.1651154109365622,1.2376836427333149,1.1632447206104852,1.3054150072955581,1.288877304697192,1.0735432895013484,1.095655598727334,1.3223469084719335,1.133560656201649,1.370609611309896,1.400314263989283,1.144475625844291,1.1229386025417778,1.2382582358983178,1.177297766631556,1.1068435723145484,1.1837697203576205,1.0797473988354507,1.3045513513379674,1.29409331859211,1.3686012098652978,1.1301763946826038,1.0667194461521752,1.148422823882054,1.0821971708199225,1.044271294163373,1.1575507406407206,1.461259862550395,1.4636413768454817,1.188239212016393,1.2642144863898315,1.3853111194330965,1.235852305668147,1.489602164561385
Jan 1999,1.3585747955497782,1.1531280065043175,1.2348078583492639,1.165148610423294,1.302528469777731,1.2863793387022564,1.0753363909488933,1.0870935665728794,1.3185133787475483,1.134511188968409,1.3559089167213958,1.4007429302396004,1.1685638348400564,1.1160571877926577,1.2345634698307077,1.1720407623561842,1.106850771366847,1.185446232526378,1.0826857032794754,1.2955612371774572,1.2962851609948802,1.3611696991935798,1.1218896236337257,1.058569938862862,1.1549198893889914,1.0896068772107834,1.0211588042403623,1.1421735710548253,1.4657589761931724,1.4435816169398303,1.1892249678376847,1.2823002622665112,1.3810471789380858,1.2328732717421458,1.4621553197316581
Feb 1999,1.3608370082131895,1.1828139014420573,1.247121466629078,1.1635510574057533,1.3071580273738157,1.2856061447810718,1.0754092599747207,1.0890117160718928,1.3318628264435182,1.1409352393292178,1.367340759097899,1.4104309179579337,1.1453948711400663,1.1133452285991017,1.239909675105869,1.1754803356686325,1.1043015313345648,1.1928641735026664,1.0925862330673075,1.290597772568871,1.3071029736753776,1.3591669008495453,1.1295777803997629,1.0593967307779038,1.148350558144994,1.0880613995166437,1.0365171545799416,1.1440677715979366,1.4820315055330022,1.4609969275665728,1.1938786777757897,1.2887226544012569,1.3866464778382017,1.2414898460244885,1.496699852137954
Mar 1999,1.3692444569227276,1.176475118608745,1.2526978603015366,1.1711279641096688,1.3185907484348216,1.3067417644468813,1.0802587558491579,1.0993309298797938,1.334176496840516,1.1404421195810819,1.382251202929564,1.4326832380257843,1.1563683897011006,1.124240391108959,1.2399720534765337,1.1907382576325052,1.1020422175095275,1.2032757718321718,1.0956609352091937,1.3222745402511635,1.2991697946402805,1.3670204021338712,1.1402701698719495,1.0567343145387895,1.16741590512481,1.091821045541067,1.039772923197031,1.149083369476923,1.4918205515675214,1.4802281881065555,1.2038795944001173,1.301521340782593,1.400955493341577,1.2563705776013927,1.5040914640478198
Apr 1999,1.3870292444372743,1.1841350707579443,1.2716755182569062,1.176226003889233,1.335965662205595,1.3218504533231652,1.088102595898737,1.0995656480167648,1.354659877154137,1.1505757833702244,1.39865098451711,1.4492981725207152,1.1535793848242955,1.1436814315325314,1.2588883258241503,1.2010591557790202,1.1161187050731347,1.2193537815632904,1.1005798453079683,1.3172564890380882,1.3212942140303887,1.3855613642088516,1.1417440047944272,1.063468576305655,1.162907536436041,1.1005985823745204,1.0500926680581566,1.1564241973811649,1.515227603353369,1.4842312443072099,1.2109325276691438,1.2926227647736783,1.414123555173298,1.270899900516915,1.5180541275381725
May 1999,1.405230096350043,1.1962422544675806,1.2770341499001323,1.1852479612088858,1.3466900204574679,1.34671168895314,1.0891177055175578,1.116919682384371,1.3654907247207688,1.1590752088231822,1.4162544540482063,1.4616034807276634,1.1825918012645373,1.1444961753140825,1.2718792365746823,1.1983250043544738,1.1260336641620954,1.2226099394121936,1.119897983933359,1.3369443845779727,1.3303621904651197,1.405978587568525,1.1598251819584124,1.0659333340260286,1.1803870403951344,1.0948066650541692,1.0370596862973132,1.1744809746184932,1.5301346503013489,1.5224301365444568,1.2214344576764469,1.314820832523997,1.437118294571347,1.2778924183926417,1.550729176874459
Jun 1999,1.428774417437694,1.2051728500467518,1.2949549779138083,1.1910691008519048,1.3699011896941808,1.3562081029415227,1.0873684638728172,1.1148218170955488,1.3798880241072915,1.1728659212785237,1.4400053042780474,1.494981418614568,1.1806877428048592,1.1530599709124303,1.290573110809534,1.2065417096551954,1.1225339645593233,1.2366878276238036,1.1153963947359744,1.3494815094691286,1.3534894447199235,1.4307934091942094,1.1632496645616175,1.069404120887924,1.1928195498755236,1.1073489679837805,1.0546854879791174,1.183916255285509,1.5749798934954782,1.5495851659975828,1.23627952151645,1.3179024798424521,1.4554799708359205,1.2892438204664836,1.590024333660772
Jul 1999,1.4438350416839356,1.210778768554198,1.3006922427850467,1.2064276402479364,1.3850689466258745,1.3728334086437766,1.103175516822131,1.1136617882795081,1.3965441104921172,1.1689980510503548,1.457017142047128,1.5166811034173882,1.181894643062766,1.1475632547117003,1.2993957855068885,1.2127880017787154,1.1338879735529748,1.2475528745078446,1.1167771859126074,1.357860210502264,1.3700536892492514,1.444025955937909,1.161093552575545,1.0814670451682191,1.188600822831589,1.1204185666881739,1.0420932157342022,1.203359762680443,1.608495360365881,1.5619071123005501,1.2530648013298575,1.3405189890197302,1.4802067531745677,1.2976476942555943,1.6138263970533886
Aug 1999,1.4594458794491803,1.224122599783042,1.3329080724611102,1.2105021725301806,1.4164105407181597,1.3990723235205118,1.116089633507408,1.1268942184037607,1.4231000981825872,1.1845898527562517,1.4843480325287741,1.545239421824219,1.2024285543753734,1.158625104581413,1.3152101664116118,1.2374333352453144,1.1459919747568073,1.2665738066357402,1.133291031671982,1.3816285920031417,1.389785413307297,1.4663577998675483,1.1754103434482541,1.0826790231186931,1.2196160904250437,1.1294854926936166,1.0555243443062898,1.1994521094036261,1.635008526624184,1.601915703711253,1.261383399353309,1.3463979071715038,1.506336293568596,1.3118851587138642,1.6529993385718873
Sep 1999,1.4987740447557034,1.2279491384917935,1.3340723545575957,1.2185059855146452,1.4367017462650153,1.421052111885134,1.1002505318816647,1.1378954266491852,1.4447830653749953,1.1931465762327487,1.509987184251617,1.5756946024442173,1.2111842466648017,1.169020201602992,1.3290782341127114,1.247613570457979,1.1416683864352053,1.2697111463612227,1.1370914636379563,1.4072034595058338,1.403831174356331,1.4872076278434967,1.1880367885545182,1.0897774760582428,1.2238882557343758,1.1311279329972421,1.055887211490971,1.212470057105613,1.66576686912076,1.633333921364943,1.273578910923597,1.3777310948765322,1.5345617377023086,1.3236344596111687,1.6744009344981852
Oct 1999,1.5163794686578353,1.2474423522953286,1.3511029638792573,1.2297439731347186,1.4625230547159287,1.4473857306021378,1.1182551501802298,1.1416835914246222,1.4727650775831764,1.1988068202009023,1.5404948657820585,1.6038824550595263,1.2084277103070522,1.1687748060909213,1.3498487290221302,1.2661933154044651,1.1531185205762524,1.2749872203343817,1.1472272798908143,1.4269777669954644,1.4243169130940203,1.5140747320833075,1.1857548089953904,1.088182476534595,1.2334161890290196,1.147201773269084,1.0651291341716658,1.207534674637082,1.69880786212112,1.6710816224870475,1.296717179887238,1.3911560618655041,1.5568070823553875,1.3372536047834676,1.7071787831322833
Nov 1999,1.5404764205744363,1.260424141143322,1.3663583424583265,1.2401341568986195,1.4896587786539468,1.4636429549828929,1.1205063426720197,1.1497473525214097,1.4965882590642134,1.1963691596436556,1.5645719655254742,1.6412676972507678,1.2210362139690574,1.1824824265303566,1.3701261183619282,1.2815412427825383,1.1564861600878045,1.3052700442875766,1.151152044019442,1.4353984528371557,1.453945249597674,1.5480977330109904,1.2036863264953563,1.093202054052986,1.2325036179503333,1.1473713876412162,1.068023631279186,1.2271650583782303,1.716303850847958,1.7060531281494409,1.3220201736546295,1.4092601026361264,1.5852544103965645,1.3548232517853958,1.7602744492211049
Dec 1999,1.570670644383764,1.270765947371312,1.3861126785536118,1.2538824162227344,1.505967346761074,1.5020462231935665,1.126862742866021,1.166426589367357,1.5244144561439288,1.2247549414407541,1.5954067590495067,1.6756417157709622,1.2234913975072619,1.182588126272692,1.391211671858371,1.289357619002323,1.165338651262775,1.3140189285533668,1.164317827226628,1.472183737604091,1.4805632098983526,1.5712507689508914,1.21618253202291,1.1072679292618781,1.2716737294095848,1.1598780248643645,1.0692743413636538,1.2391000029279404,1.7600106347903215,1.7353351867850262,1.3256933402211901,1.4219221670143898,1.6221228396324645,1.3732274347408975,1.7854736508013707
Jan 2000,1.578406843706765,1.2634844095276279,1.39634835567434,1.2699378612057988,1.5127924375964032,1.5016596676094287,1.131530487405903,1.1547028327337128,1.5308276896122832,1.2161408767587343,1.6065230031809632,1.699606706647616,1.2228259205639385,1.1830865993248552,1.405757470308536,1.3061587436792463,1.1709646390401418,1.3112843345207374,1.153846261070375,1.4837511327172999,1.493857013275468,1.5792764424838897,1.2107214234272872,1.1026681468140174,1.2749868486356686,1.1570902648710235,1.0651473662523363,1.2281551134124669,1.7810799263165016,1.7355191918785404,1.3354711696886516,1.4291226511610153,1.6303349978979236,1.375221857165518,1.7857195305371119
Feb 2000,1.6060859437494766,1.2843977618470868,1.4001042633076057,1.2690586899214966,1.5318582083410441,1.5212493614114737,1.135393427766991,1.157904701376562,1.5581880122194856,1.2313507753544117,1.6303548823905196,1.7173148078254223,1.226881303134588,1.1825167863987365,1.4209103047334959,1.2930466650465706,1.1730843218867908,1.3366632100984386,1.1749989339073368,1.4898359912966128,1.5047458804310054,1.6064135480572148,1.2267473505139819,1.1028155771683135,1.2784800424294362,1.1404801856936109,1.0682628820953266,1.2477250493510046,1.8031847919923414,1.7749751886399514,1.351144816869858,1.4119164086828628,1.6542333570647447,1.39405849623226,1.8000849742512426
Mar 2000,1.6308695015366441,1.288710228427439,1.4242974634411227,1.2810575613778892,1.5660292272864171,1.5341986669502137,1.1394027463265262,1.1783168306336413,1.5899686948101575,1.2574360404570712,1.6563027261168743,1.7470501729959191,1.229448938692351,1.196293546374929,1.4438518525552289,1.3141360101247286,1.1840772028717734,1.3368049295523579,1.192669666747764,1.5226387528833423,1.5358409759914384,1.6372255694715923,1.2321760432382103,1.1208884271521493,1.2985037145263156,1.1734095866542156,1.0763673963679767,1.2768275167415102,1.8466744335635725,1.7960373697218663,1.3801314412791992,1.4779414046738135,1.6862568659450903,1.417209907160039,1.8454080269940722
Apr 2000,1.6591966882511813,1.3102102722082343,1.4453754211556409,1.2826547819682963,1.5953956118624533,1.5769030139201068,1.1507144927412467,1.1861489380994548,1.6200516299099337,1.2454533026840167,1.6912980355256924,1.7934707404028567,1.2452282181502885,1.2040660273082326,1.4738458121579885,1.3259531569824845,1.197232145334385,1.363184879873078,1.1968742235325076,1.5499912278475771,1.5627397883596168,1.6710076202862534,1.241491221339413,1.1169572775164935,1.3014074954486656,1.1796192941924228,1.0984064865244163,1.2779995449950048,1.8839438937435706,1.855145036100931,1.40501339930283,1.4763174605902187,1.7169253946736565,1.422826515788713,1.8937957973516089
May 2000,1.6855399990939253,1.3264776979370696,1.4605041033302875,1.2855071244675844,1.6260723532908299,1.5891643378210432,1.1542869455753244,1.1912171811746677,1.6415265129883254,1.258412182613678,1.713778765126046,1.8239854657123358,1.2479457718410694,1.2177438762698098,1.4916675454815838,1.333063900540439,1.2009420904052817,1.3701139186776077,1.2187970128706351,1.576505687000596,1.5741745523379338,1.7072126407975832,1.2583280171785842,1.119713945120239,1.3214657487198815,1.1785343719365693,1.1038478039874153,1.2921460368845414,1.9086620706643966,1.8680850700612817,1.4408816663901625,1.5128525073270018,1.744221567272261,1.4478389623899193,1.9225241865526868
Jun 2000,1.7117455545414513,1.3504315751977038,1.4857254687582124,1.3119175466222597,1.6462394192262886,1.616887896713676,1.177282406475131,1.2057792061617283,1.676540478158374,1.268545445802244,1.7551785406429479,1.8619993359730502,1.2577302867606093,1.2179682069076208,1.5131904665313078,1.3527990968224792,1.2177770235787004,1.3866930207548662,1.2200783188348439,1.6055223166701287,1.618419942070193,1.722133396056984,1.2700403587835998,1.1205623921992705,1.3421663199796001,1.1995933635047502,1.0961092199607994,1.3100270376600631,1.9659389363261497,1.9062764638399425,1.4474219167944153,1.5239959998121944,1.7778232159794995,1.468783139310352,1.9446797334132544
Jul 2000,1.733113019773657,1.3499107639643793,1.490221860188651,1.319794719127957,1.6587530485446897,1.6322869437255194,1.1654758722120953,1.2176443328260664,1.685248878734256,1.2855845560172445,1.7623917543935401,1.8668872875190987,1.280081089870378,1.2190759379215161,1.5396546572425505,1.3704329995576245,1.2088640336590584,1.3920097865808039,1.2153023182089242,1.6226299297614444,1.6169031121652988,1.7476193058019447,1.2800848522205577,1.1351443514630035,1.3590363888299177,1.2076111489901276,1.0970118852187678,1.3050966685060452,1.9789164403959598,1.9025566398599556,1.453272130319913,1.5662570029843788,1.791966261840111,1.4874325365977865,1.9624188595520362
Aug 2000,1.7546296758560125,1.3738298557413475,1.50931281959487,1.336342929121694,1.6858497778080606,1.6493547399376762,1.1722424535954306,1.2396887790369722,1.711264865050203,1.2966247560272226,1.7754104180642278,1.8787466072064236,1.2963162424143702,1.2467963224813585,1.5501641906388135,1.3686399122616735,1.2217839264367198,1.4086819042222531,1.2167636882409825,1.632950199722212,1.643310307387244,1.7669623824674887,1.2869854427197127,1.1401148554172067,1.3716837892472553,1.1998369386078218,1.1091572608054283,1.346016888029988,1.9794901241538045,1.914944808617954,1.4627243839184862,1.5951703251299123,1.812602609044544,1.4972087449930367,1.9860369146661236
Sep 2000,1.7562652958615357,1.3721978252870184,1.506843516871228,1.3382014691292248,1.6712282452940237,1.6591419425892804,1.178581352723601,1.2294057333795607,1.7189086779793332,1.3013062876953205,1.7765444332410454,1.8821334551228475,1.304039030623074,1.2394007391068331,1.556070786928698,1.3819681766107788,1.2327627300339539,1.4030368464255651,1.228415028238114,1.6571561135099437,1.6649735459031343,1.778777489004714,1.3056440276128283,1.135470683094084,1.373844241905429,1.2177446932045926,1.1341166160991385,1.335881073128443,1.9901763352696926,1.9016446303510703,1.4880203003021286,1.6064102643549556,1.8082904019453923,1.5227986806982876,1.9515594515604868
Oct 2000,1.7565683014430107,1.3754510926711818,1.5268812581233528,1.3560101306697316,1.6939808615990868,1.6658496694483615,1.204328312812782,1.2340023526956703,1.728144088941319,1.3093306712140178,1.7832974457177315,1.8818037788350164,1.3021849205437905,1.2432802821744446,1.5688635441218206,1.3842129724009784,1.2361831835060988,1.4333123720140484,1.2499099994530583,1.6521540440399782,1.6510612391405755,1.7922740232614056,1.300236340886091,1.1419316213296415,1.3951343259369053,1.2230573234627002,1.1225981547368908,1.3531329755101729,1.977483819797601,1.9146284450408526,1.4914057551576294,1.613441988784431,1.8125569161852164,1.5119556344024587,1.9488595179322332
Nov 2000,1.7771138413484875,1.3901945965586895,1.540582978894837,1.3628862630638956,1.69662021410479,1.6686379693083815,1.1846130550901144,1.2365916661646696,1.7240027790021972,1.3029799978759065,1.7952491780014788,1.8902078046357607,1.2982591368712453,1.2529199579538401,1.5632536377662845,1.4023555741593416,1.2421633766606557,1.4399912396318153,1.2545033684034521,1.6598220834414343,1.6583101770085351,1.7813380113867539,1.3029618677690598,1.1469997105582945,1.4104021932546509,1.2136707896398387,1.1198154196590826,1.3551859686599494,1.9821142989633116,1.9408396401788042,1.504242631442241,1.5854408946403793,1.8067240753919174,1.5268580891509789,1.9431606144882607
Dec 2000,1.7864231234028851,1.4036909031509694,1.5556877585168825,1.3808454283430425,1.6970409541570028,1.687899337318309,1.213370853144603,1.2436065313544897,1.747491370998225,1.3356227093537971,1.8083862628079246,1.9089553525198273,1.320939750194371,1.2686585611920258,1.5915780729169124,1.4084775589748422,1.2458835747605896,1.4468564934630108,1.2782744661957472,1.6898586009540575,1.6840327292585744,1.8057876642801962,1.3432115181655868,1.1499619898584716,1.3973514500934419,1.240137112626639,1.1304745884068756,1.3765406515195295,2.0224908184307555,1.938027693552796,1.5058581663308652,1.5860774483875095,1.8271747255430508,1.5463771783343445,1.9731963178268994
Jan 2001,1.7751364574468889,1.4010826805936096,1.5335556715080534,1.3563738166623542,1.702817835451792,1.672322208280432,1.2075150302689583,1.2523688944607911,1.7391477459929299,1.3073606547607808,1.7983981291118571,1.9128878979514283,1.2924759816231322,1.2586710015188871,1.576938854002751,1.3943424071932524,1.2435972926040966,1.45455895389313,1.2695975712526466,1.6730427217027526,1.6753328672212056,1.793366984824541,1.3135414510324426,1.1380521679534408,1.407391304792272,1.2139964874437892,1.1240613067764178,1.3750783711427381,2.0379726404261613,1.9423872746212814,1.5277349488696725,1.5774652347292848,1.82334725836718,1.5348530108564509,1.9917317330944784
Feb 2001,1.778052453235152,1.4262000034437987,1.554553804618376,1.3793424231669915,1.7224139802689404,1.6870322919670049,1.2060178712857739,1.2382287335675095,1.7530297064557339,1.3242088169556043,1.818949838681193,1.9058692742690384,1.3076891528180057,1.2715059008618614,1.6004852737134903,1.4214607924518994,1.2425240010479117,1.458735694756401,1.271428877548039,1.6810370896295317,1.68912491388221,1.8124207772011716,1.323024841053039,1.1637157475578577,1.4220680255477927,1.202911593787174,1.1347078039771565,1.3823192244958802,2.0232248372451367,1.9408743622863605,1.5295249115726584,1.6111099091812422,1.839627073787132,1.5419294220707944,1.995219405409145
Mar 2001,1.8034799669916044,1.4314360117302036,1.5743853496370392,1.3906973798223585,1.7333943529169586,1.7056264929300033,1.212698871567733,1.2565287786086454,1.7732323547194657,1.3435567855234036,1.8351093563131984,1.9154893023885227,1.322042639106565,1.2910190456193433,1.6150721379650133,1.4137525054272315,1.2450941104955395,1.4845318261320208,1.2739068407813028,1.7107787386940618,1.7042809076390453,1.8283855087622336,1.3394296038865292,1.1651428639310004,1.4320645938439451,1.2219288682919718,1.1348462785747113,1.3967468061273012,2.076238089815422,1.9774812105811035,1.5432283864661063,1.6272406666797359,1.8509093245319177,1.5765297455596714,2.0145377777141587
Apr 2001,1.8195473711357513,1.453568049504363,1.5795175778541128,1.4034011240289128,1.7596670870503461,1.7230601902225102,1.2270951874725224,1.2720820027971704,1.7929898650280005,1.348684941094799,1.8602871423244174,1.939421099483256,1.337171138489917,1.2872546128689464,1.6425222271904087,1.4452308374835086,1.2552128996338514,1.4909862320202378,1.29811230239829,1.7308101077641729,1.726456913795283,1.867107297492686,1.3629321956439397,1.1520608592039787,1.4535878395597932,1.2605132271112618,1.14634643574744,1.4415335426266365,2.1011923230162193,1.9826882024260206,1.5784057035651522,1.6644971728084375,1.8799152187891373,1.5895114243806616,2.039371503873343
May 2001,1.8548690444097726,1.4635489083605413,1.612906715689786,1.4374876997800898,1.7787278691218158,1.7496890841284753,1.2259000636779116,1.2881311503533663,1.8152608143063063,1.3795961696786185,1.8870802125954593,1.9689946356852257,1.3575342210375176,1.290437340836837,1.6587831105992938,1.455118634906093,1.2764797062698707,1.5146004230579477,1.3046891843006216,1.7524211667629566,1.7498675221878641,1.88867544137949,1.3772019663003507,1.186947048682276,1.4768202351574458,1.2709438535087951,1.1601286618423192,1.4443231524029625,2.130069333093629,2.0220925157644696,1.6038707428433143,1.690170963390891,1.8987123061494062,1.5981609627859612,2.0857254872890785
Jun 2001,1.8735657366556533,1.4876012375258605,1.6290178386120904,1.4266625709275773,1.8129325306152464,1.7774439114341904,1.255089342897939,1.2955881962753162,1.853378050756988,1.383625354508254,1.9200814603942753,1.9986076051585064,1.3632550338305014,1.3293240646955098,1.690830859292243,1.4987218540556924,1.2844664295321915,1.5243122416181505,1.3107225397872955,1.7782597162716096,1.7690937969118157,1.9290132157621844,1.401379727961592,1.1862775912631087,1.4904430347890314,1.2982937647849988,1.1708270063296222,1.4484159858692995,2.1620364875965326,2.056471555473135,1.6279399332008742,1.7074913759887078,1.9312209834470997,1.635712510535888,2.10846081859408
Jul 2001,1.882591595010719,1.4946219819516886,1.6313875395770165,1.4397852018693689,1.8237061578827714,1.7875764929325397,1.2496730719648457,1.3193599596405947,1.8708374838570097,1.3969733331935714,1.9342120794913142,2.0253426907799956,1.3604413169881049,1.3472261248174395,1.710604535722618,1.5026246405612216,1.3005074702445762,1.5444757295703488,1.322044633418227,1.8009683650985602,1.7815185030412228,1.947970274282903,1.4008013331273106,1.1841814920151552,1.5188656425752887,1.2884017507979264,1.1683717346644575,1.475349864287014,2.1811222855135397,2.0876744402803586,1.6617327446157724,1.7286550422295488,1.9471401157166701,1.6411100788024864,2.139473871798724
Aug 2001,1.9077499511833433,1.5138249024764314,1.6631843040955645,1.4707477390126482,1.8572229572319803,1.8301776921610455,1.2613059070578412,1.3292803705517466,1.8936729390976215,1.4133646677072809,1.9613956654021547,2.0454925161081934,1.3836339862328515,1.338742352356858,1.7500126657969894,1.5003758078723033,1.3163821358317405,1.5456651540035142,1.3343716433651451,1.8325421963418553,1.8145113764639744,1.9756307942807905,1.438157422895173,1.209186841323804,1.536709365127863,1.3086563340244337,1.18930616787897,1.4962013461892552,2.197781533322147,2.1134336918053984,1.698545517300722,1.7701764483056732,1.9779688787735314,1.659415127463676,2.1509212358536307
Sep 2001,1.9370268734081402,1.5275447150180863,1.6779656201779263,1.4723606369399487,1.883225903995385,1.84711646076634,1.2620822952269803,1.343223068586568,1.9145548628019269,1.416564013497409,1.9742314976448743,2.076632024127217,1.3832714909884634,1.3400031858754562,1.7738412060630078,1.5458887766159977,1.3240483370966998,1.555081717147572,1.3596079850717728,1.8542331310666793,1.8369047728723953,2.0264106714418166,1.4487375351928788,1.2236893186595084,1.5592292695079948,1.3244043990310193,1.1952178211686266,1.5024966115575715,2.235954764013809,2.1309287525856275,1.7225631855593027,1.7687577281843543,1.9936793596205455,1.6820609119730503,2.189207491800014
Oct 2001,1.9496483567471925,1.5468614513375236,1.682124823101932,1.4976246835702784,1.8993540369586228,1.869268211552126,1.2828078695708445,1.357152423054698,1.9339035374871554,1.4343814352693123,2.0009028202297556,2.096703795953045,1.3971197878486497,1.3657876596603353,1.7875090536612075,1.5356573672815332,1.3237058729713902,1.5865735683013231,1.3556701935570181,1.8774528521314664,1.8622806493011537,2.019976053458316,1.4553336012412594,1.2095957821710013,1.5747500748579415,1.3281464161481051,1.2199748707411253,1.5188190404572648,2.2478368839518588,2.1556194919796083,1.7258579586146048,1.8254471843768765,2.014136820589502,1.7082549260857705,2.1751670807746173
Nov 2001,1.9651220447849354,1.5631655644624778,1.7163285524800196,1.5023212562468848,1.9041641203893471,1.8929500706799676,1.2905760741951788,1.3562844723105498,1.9586908451870262,1.4409623119110277,2.0148420148493122,2.121111473889646,1.3831952706631987,1.3878831364373898,1.8153249228553432,1.55401166532118,1.3384195119446631,1.6070708654666195,1.3745566370480355,1.8962787309116427,1.8649804951867204,2.0569332606818698,1.4720377101379114,1.2219401797865186,1.5997952095593506,1.3284966842048551,1.2267823693874118,1.5558681290314986,2.2628623231794815,2.1608504845374794,1.7424342323795945,1.8384988999453125,2.0343887832140055,1.7127762158357058,2.1869292061802437
Dec 2001,2.0116677323255847,1.5815871162661266,1.7204119473428308,1.5264557368561615,1.9272131991308832,1.9052417237301003,1.3013024455967017,1.3773397401682264,1.9769808386033356,1.4701425771325018,2.046837758776672,2.1469299289175816,1.4342351328991467,1.4105231524766282,1.842634459347183,1.5859354056861747,1.34598081180991,1.623468986520573,1.4035190758993434,1.9359130336741046,1.898516607675142,2.1018508373223956,1.5043420973530908,1.2419748204138497,1.641575108363248,1.366987711541772,1.2600563019539568,1.562938661377196,2.3028106089957765,2.194838135101375,1.7756389766203389,1.8781082639417235,2.052226553080543,1.760719120808363,2.2120519656063533
Jan 2002,1.9858422570655183,1.577936672015568,1.7220025575268474,1.5114834686723715,1.9328546767508874,1.9182114159020354,1.305558226637616,1.3773505743464238,1.9838076690421376,1.472090480820765,2.035577678408794,2.1512604035924294,1.433494867069103,1.400909914540451,1.8393304471974963,1.5710807104268634,1.3498718645818497,1.6198051042017951,1.3882361438225306,1.9210407573525716,1.8936162280864652,2.0822804420699383,1.4854053862404166,1.2343036737975261,1.6194960003225305,1.3683308573077635,1.249114091328107,1.5545905849887798,2.2857954106999023,2.187452665739344,1.7821538131028936,1.8782828008711652,2.0521523764143703,1.7401390606378064,2.1826194265312795
Feb 2002,2.0149492836706844,1.587269131899859,1.739287735370868,1.5306661345811228,1.948348545627717,1.9449761727919068,1.3175256866012333,1.3898430218920406,2.0029321643336897,1.4664950653668505,2.0461451998478752,2.1511155605058074,1.4584887071229748,1.423820921542875,1.8454183560645523,1.606954463518933,1.358305532811368,1.6413900147814386,1.4058281367334249,1.9471467993729994,1.9130606159781263,2.096897108215623,1.5050085300681146,1.2495771819674406,1.631010028035553,1.352307483366806,1.2432787364485696,1.5875457575156833,2.2997441063006,2.2008673547656703,1.794746108703131,1.903454597689546,2.060008975728884,1.7750429833480674,2.2236848963208398
Mar 2002,2.0485749653516807,1.6166914029676975,1.7646697037209758,1.546606520117265,1.991128904604622,1.9605654990437171,1.3328555404078646,1.4094771984962462,2.027556740626115,1.488118675391538,2.0774864691841772,2.170301285609842,1.460975158282174,1.435609559185653,1.8919696182410957,1.6408122149455824,1.3674248098122583,1.6679675608443207,1.435617926294422,1.978491003623919,1.9392967582467053,2.142001701259175,1.568664102039941,1.266215690030409,1.6661076800732892,1.4013171561191344,1.273300859606214,1.6333135102874972,2.3461735049822234,2.237597144276058,1.8418513107498276,1.9443179793346583,2.1001235256555892,1.7945543320978192,2.2202537139992162
Apr 2002,2.0732097444973605,1.6523413799453697,1.8021320683150146,1.5828272979891371,2.0127534087765846,2.0023684265821147,1.343673302660595,1.4263603500363395,2.061350654498472,1.5200479765512922,2.1053340685765654,2.2149531857563747,1.4897121629542858,1.4665620353145357,1.9404826683376832,1.6441772781106518,1.3883414234073315,1.677495126175799,1.424529623558641,2.017331552341094,1.976561726444483,2.168934676330002,1.5878998788504528,1.2880639341433038,1.697733981790173,1.4165903184650874,1.2982797761394254,1.6546410885813636,2.362031457333526,2.270874318401473,1.8639196270544953,1.987456791053659,2.119938015075308,1.8308126127483897,2.291074994041222
May 2002,2.126335452533401,1.6785911040280326,1.8286139428462953,1.6188811640486087,2.059501081309394,2.048959982882894,1.3918363452676414,1.4636430414032924,2.104366865403146,1.55879372776911,2.1478558288566125,2.245721310240437,1.5179167329104044,1.526552094351853,1.9704682695893612,1.6821868599208896,1.4191399452669857,1.728972140460115,1.478973058813982,2.058889516909091,2.016632100176468,2.2167902135650963,1.6212149838783694,1.3162756960847426,1.771471369957895,1.443775884558185,1.3604694639678667,1.6893611231527061,2.4081890386151437,2.310181262974881,1.9242550477704812,2.058717522296589,2.1622230011475367,1.8748787036943075,2.3081444863134766
Jun 2002,2.1749880611334382,1.732339733245179,1.8903676722998384,1.6591449413272197,2.119346943345249,2.109720993821279,1.418784873679371,1.5235234181908184,2.1622368593658505,1.5942081493945566,2.1994474578626355,2.3030224235678545,1.5219486868165006,1.5587904509545767,2.025790967999196,1.756281941455674,1.4547361261680185,1.777983922950118,1.5042171093894172,2.119547684415662,2.069481477691224,2.289069636451728,1.6720867832853525,1.3488668090634544,1.8078366299905655,1.5278806837806922,1.3770254492479133,1.767384198266452,2.483487556862262,2.3533756410147566,1.9813100284580225,2.1665502731004453,2.2108677112151773,1.9249057666858518,2.3661167925668423
Jul 2002,2.2109747721503332,1.747797091987463,1.9088744116606422,1.6950115468602602,2.1593444018297934,2.1489235994874845,1.4397501127978338,1.5301642619540048,2.193182760210429,1.5926308826101814,2.22315815226725,2.329214874258635,1.5749995405841766,1.575693289256563,2.0692872980802726,1.7659556263167826,1.491557204850198,1.7903814844218944,1.5338020839574167,2.169674345261307,2.11069020117188,2.3116327078202867,1.7122756320168686,1.3664941150860876,1.837742731095685,1.5217479589702216,1.412702357728146,1.7879102390986867,2.4897695882598416,2.3970178672802662,2.022717071404837,2.1753708835724237,2.240313330011418,1.9548136766267037,2.3914431479647926
Aug 2002,2.259273579153177,1.796394113699686,1.9544485016274236,1.7303878431513038,2.216071147276342,2.202192844285228,1.4794152977603279,1.5777326879224105,2.24534807184827,1.6325791944939914,2.2796076552814672,2.3882092939251574,1.5846077109745935,1.6285498121507302,2.1172414950785843,1.8459337002832794,1.5199120534410948,1.8349087854470272,1.5428748293985117,2.2133020446057885,2.155895858671874,2.3713598694555005,1.7565797921776711,1.387678899504335,1.8829812786690818,1.5509024981002753,1.4381368090511044,1.879114485472229,2.5341948076845453,2.4509137172166815,2.1091769326235514,2.254239026899878,2.271328212683766,2.0048804488959298,2.4432354371256686
Sep 2002,2.310874318246184,1.8379329417400474,1.9925381735998506,1.7669447559140183,2.2643556640612283,2.2447113719622354,1.4775139827071364,1.5896125071752494,2.287123632475963,1.6650274155137,2.306250253227648,2.422450159942391,1.602399454580096,1.6793865099828438,2.154957298607535,1.847036635341675,1.519890669824374,1.8567620714883155,1.5743358192433192,2.256361390934329,2.1994190356386274,2.428883872081401,1.8098643491342272,1.4106041942684115,1.9325868789564722,1.5883294411078626,1.4590376610108695,1.8999994050315847,2.582270930464664,2.4615808740879777,2.142610871860362,2.3243646063107755,2.3081660658756755,2.055883015939238,2.4227084270694177
Oct 2002,2.3609067090259126,1.8672106319027997,2.0274015316246268,1.7899204195101384,2.2863475227517407,2.2915013353930203,1.5112182711956483,1.6098656854278695,2.311247289495281,1.6763514247869287,2.3444146325207713,2.4574421039913505,1.6248042355182195,1.6893031877187321,2.1746901272841654,1.8562412490607874,1.5632652132877272,1.8840330938511034,1.5951456519937062,2.3032431874501142,2.2406363270831533,2.468302648462102,1.8327917226144919,1.4473121640771738,1.9397988393737002,1.601072446203786,1.4817813970093618,1.9419373915018987,2.5902784723672485,2.48660361289362,2.174798409273205,2.3384470051689776,2.3391660214776353,2.08044278332451,2.4729250237779783
Nov 2002,2.3991066927278157,1.9049597553177062,2.0685215498016456,1.8437931725556955,2.325911174966723,2.3499625639223107,1.5343557331301336,1.6605719931792242,2.3576360934246448,1.6928965222695147,2.381002970424914,2.5014144087330896,1.6748645228584942,1.7366831085410461,2.210530507468314,1.9225591357194658,1.602477232315808,1.920196296832779,1.6206973646689624,2.338510553676469,2.26981334283994,2.498686951115336,1.8857056674101003,1.485178869651961,1.9740407237050426,1.639858737166167,1.5447446696426135,1.9842276471555145,2.620021309015178,2.5402016441054203,2.209727596702435,2.436811927041257,2.3710409178660283,2.1327084009208606,2.4672719324211245
Dec 2002,2.4441685168972893,1.9445488683061947,2.0903266150471715,1.884113592399045,2.366132453318842,2.3695475409911917,1.5829059369563114,1.702023320458323,2.3965961739910875,1.7281748620957134,2.4287337557624364,2.53997064007504,1.6823424016505524,1.7971523524080495,2.2537515268075072,1.9652460108039909,1.6172004025020377,1.9444348808173757,1.7137133381690286,2.3866249586458497,2.315134619811901,2.5607554968599473,1.9178272067499436,1.4953652152353385,2.0210078474400066,1.6753488653200488,1.5818342080281929,2.0187051035718686,2.664903171622858,2.5721898311467677,2.2523845148230848,2.5080537456257646,2.3973576747119067,2.174374853522003,2.4630665828131044
Jan 2003,2.4683121833565624,1.9604140462904318,2.1209874752824653,1.8671413953150358,2.362090803491372,2.3987495760022366,1.569113379130682,1.6742842226932937,2.3997036506393004,1.7292921682608353,2.4408292502221722,2.5680574808327905,1.7064507639034001,1.7636185346862994,2.2503434569279377,1.9630222840044422,1.6344580606584402,1.9521933188077436,1.6638501961903769,2.396852632891865,2.3273381376189892,2.5462666137508334,1.934078619863261,1.50955111532367,2.0263387740037664,1.7049379941344063,1.5742912130581357,2.0399283237754795,2.6666763767844603,2.5896843723858924,2.260340671526294,2.4734035601753224,2.4087942575497903,2.176494432422789,2.476603598425022
Feb 2003,2.472167609050692,1.9785003279402325,2.1393908080250115,1.8928286272122845,2.3906209766761206,2.4255765171918373,1.6008503177960478,1.7105219724604162,2.4513455537148543,1.7691868826445143,2.4418919230393805,2.574538219073257,1.749390407656496,1.7772303631364554,2.2876044940660067,1.9963621725750258,1.662622910702548,1.99282108708391,1.6902930873950095,2.4467436226856645,2.3624393987309884,2.6023090161265823,1.979477013240674,1.5208176200774393,2.0482253729435285,1.7251166675092748,1.606540695850429,2.080997427766197,2.663889238078524,2.619108601979487,2.289969255979936,2.4801535825811403,2.427673537784522,2.207289645442841,2.4725155778192307
Mar 2003,2.4981661825077284,2.0128295618128034,2.163268042318841,1.9345843422771603,2.407068313551514,2.442061098285634,1.619653080880322,1.7531187534126396,2.454771606180773,1.7676782652003689,2.4721194526201065,2.6039279792820977,1.7699837875113902,1.8561379984838375,2.3103681047420963,2.0289640379355114,1.6791963699167525,2.023900783693355,1.7106877398908773,2.4789976449085076,2.3782737342092277,2.6105760563893066,1.9894220957557094,1.5639925591450732,2.1006023116572794,1.7565966201879566,1.6050765072732018,2.082585990365584,2.6930782182385586,2.632389034102974,2.309487056016733,2.5576897685945026,2.4428707856314755,2.2283213417946937,2.4458700475702204
Apr 2003,2.5098900905877017,2.037142914548757,2.1670530509998858,1.9777590937142728,2.432040105868362,2.4640076043279757,1.6573003146617802,1.7849697643224236,2.472195413031127,1.8093434598948184,2.495170390408225,2.5912069024101068,1.7974767609599556,1.9165658641949945,2.31579810569739,2.0457235142534262,1.7236777689065752,2.042029481892634,1.7766453537298612,2.478035887242161,2.400354068306028,2.6375581770936907,2.034835304191883,1.5913613244542992,2.0949143294594883,1.8145226004736381,1.6502827071435358,2.138737344017048,2.706177448989683,2.6169438759675407,2.346822322155186,2.5703661689463173,2.4506094060602375,2.2675134421738954,2.4814536539847536
May 2003,2.525716636886284,2.068975865591284,2.212854423347576,1.9812617710006168,2.441823630219273,2.4904735785242207,1.6796225760832222,1.8225395016443697,2.479473531182873,1.8470003337179088,2.5080257232985708,2.6423166915471734,1.8512387124722105,1.9555293719528184,2.3507703264568716,2.0918971795768457,1.7510779505661742,2.0822379677601077,1.7885646972436509,2.521908234946388,2.436150726978397,2.65594788249378,2.062636501360899,1.6506747894865181,2.156246957868714,1.8355354616757993,1.6956490907193442,2.1918922725908834,2.7474749216528784,2.645963576890466,2.365189509582958,2.6302415006539057,2.469129331796593,2.3003611982659553,2.485792344836415
Jun 2003,2.5434760352964556,2.118617427998597,2.252792101415315,2.0274679780668756,2.4825192409837054,2.5249880089500594,1.7169022853793139,1.8750047731131352,2.516862862175403,1.8994467574643532,2.5285727787086922,2.626644034644866,1.8600138725477704,2.015865274279701,2.384953887945458,2.128615144377109,1.7972211593550342,2.0944549113732043,1.8327465503790517,2.527047575279574,2.469503037327359,2.6615746887810805,2.0978219040057855,1.666554757517057,2.1879734320731004,1.8735377463659855,1.7609714777019865,2.204489537703132,2.715170404459281,2.676440519975298,2.398650666606241,2.658337515967513,2.488470027390606,2.3532905102853796,2.4662544356509173
Jul 2003,2.548035860632681,2.1210362720364673,2.2545659425007867,2.041572202023469,2.4632520932368696,2.53180896856862,1.7244299801350977,1.8766071727453943,2.4920876242962513,1.9159686961814664,2.5304502314724235,2.6312655052086598,1.897589955165768,2.0206829620413362,2.3802912217981538,2.1687167960506746,1.8158642370979796,2.1351751041594342,1.8325111758343766,2.5300576537712334,2.4634489448525843,2.6658641539447405,2.12676137793249,1.710643040520204,2.2083228118595843,1.899565440169828,1.7752076960710041,2.249130949188407,2.7310195465703933,2.656398504133167,2.420834366753212,2.6753584403056654,2.487719705558577,2.3414486384432256,2.475010872973497
Aug 2003,2.5626606272486336,2.148899039490931,2.290390996996917,2.0742931087177654,2.474478800679394,2.546833941667283,1.8063399542350442,1.923208930899379,2.517078604891079,1.939863760882401,2.5242723403350293,2.6428374649661612,1.9640125509955328,2.1063824612795576,2.3902691193163625,2.1844011304333586,1.8657018365040332,2.150408656883146,1.9055090379646733,2.5296200179267054,2.4800566292675725,2.6658720759051726,2.1582459850293234,1.7361392059956744,2.2313343495605724,1.926636471080788,1.7891917079408033,2.268540764778863,2.7182671354252865,2.6712180739160707,2.4380935198929246,2.720410517051639,2.489380802192158,2.3861528157183622,2.484586697338415
Sep 2003,2.560274855772165,2.1682693553090906,2.2971342575657254,2.099846882562909,2.4969840169567337,2.550897735441056,1.7869672808506978,1.930784591082707,2.518478900271704,1.983662845735926,2.5311355976665357,2.653991753201864,2.0054213525911364,2.0940094483832787,2.4150323287118844,2.1814692169798198,1.9039445816444356,2.1856550609957095,1.934956240209796,2.5518527866251635,2.494278672576005,2.6929169621903837,2.180937663088631,1.7593479399213925,2.2520518025702128,1.938999176973019,1.8237530358741096,2.2674725530634703,2.735544875974456,2.677992850816187,2.446107425609931,2.7416764444428128,2.499855877495861,2.3940519739379753,2.488071248648119
Oct 2003,2.5776737331401742,2.204347410945236,2.3282552396008804,2.1386515251317593,2.516431171411854,2.5877238477646096,1.8334323622961848,1.967743677874499,2.5445405839275232,1.9994805557694129,2.5420850046802608,2.672070625757853,2.012046649409041,2.114778392278598,2.4311858499389074,2.1987591467484995,1.9223441643119008,2.1905047285563373,1.9590165739945922,2.563353007435959,2.517495194768055,2.7239102437076945,2.2007044887616525,1.8242845834159187,2.2952304662660516,1.9909427129256039,1.8544521038899082,2.3090307464683653,2.7348102633587716,2.701692678137046,2.4668285465639017,2.782658534493331,2.5147714526250384,2.400872195611936,2.4868792317461423
Nov 2003,2.6030829706310517,2.2174213531184206,2.3547372099885058,2.1733045891674316,2.5325450845374,2.6089227247304647,1.856866411278898,2.011964771613294,2.569983220440701,2.029202356206157,2.5794066506984934,2.686460625330681,2.042599436591459,2.1561069934336383,2.4687555591696415,2.264140804159941,1.9858387272195404,2.2511202707289466,2.022251750133264,2.6166537036547735,2.537833832263165,2.748792170214756,2.234654036664831,1.8428045382601037,2.3142110926150643,2.0478305683050837,1.8588442017170286,2.3347853589031367,2.7815864827794687,2.7193116497134304,2.525500496444412,2.8081356923940226,2.5357764245154177,2.4382966546831395,2.5109661413859317
Dec 2003,2.6297138610298343,2.2776127169505225,2.4021186201158686,2.227930282545186,2.5696215885061804,2.6586489501827946,1.9192426612129552,2.045305964496068,2.5996511270412785,2.0832107233495027,2.601583823420649,2.692139043141454,2.091160524419744,2.222024525964167,2.497753790319845,2.289480200254073,2.0436929408077877,2.2768066704467467,2.074838392368595,2.633107932740291,2.584492797021964,2.7717569037130545,2.269431281611256,1.8896662126018156,2.35120691381554,2.0844965003870777,1.9354013371396597,2.3603761002517265,2.794654798019583,2.7447660185066463,2.535289241322018,2.8469914247883468,2.5535404473994094,2.4666234080879557,2.530384074934497
Jan 2004,2.6415971165784713,2.2603598002053666,2.36521232917604,2.2123027928147456,2.5592886598085065,2.6776108870175377,1.9269601489276482,2.0441796699071695,2.609940199671039,2.0671561995336645,2.6158765440260927,2.714895322466516,2.1298641267591605,2.2267083740089,2.5021320126875963,2.3127691511706003,2.070835217976231,2.2859124119419847,2.08117652781926,2.6174003627868108,2.5950589672144164,2.7705580348929955,2.2430169139605107,1.8631059786304769,2.3666870649983704,2.084144102869054,1.911399670792991,2.37441835759919,2.788300427884279,2.756665110159622,2.5547842545076653,2.9192713019375414,2.5538035711724905,2.476827042936774,2.559409727816776
Feb 2004,2.639899831664346,2.2736304759733987,2.4142306208431377,2.252477892200287,2.605718697973456,2.697627963419039,1.9394208379005466,2.0614038837359394,2.634168825766406,2.0833915684419453,2.634109671645101,2.73503805513953,2.137625034129758,2.2134128713386887,2.5140446385631416,2.3323860330212787,2.0756645307466997,2.3069505643756942,2.143266367414445,2.6528412859896475,2.6062865849320356,2.7729405998851306,2.3008504249286195,1.9165895023900212,2.374369093424897,2.133375460212726,1.9535108059025785,2.4036046886959337,2.804846669682812,2.782797588892692,2.5596156182664904,2.921729414732349,2.587557643363723,2.486165486140149,2.5645197909413646
Mar 2004,2.670880867637825,2.299191507017814,2.4469475037792203,2.2644405514563846,2.608200297806934,2.700198681095517,1.9666021402418274,2.100031819467925,2.643212966575457,2.1237208760815203,2.6468869987640615,2.7542775623973554,2.206086699161757,2.260302506765284,2.5500009124292866,2.3616875945491373,2.100663090478705,2.324956455850449,2.148614060296442,2.683395437309306,2.6318492025065447,2.8024140261612183,2.3146722974804512,1.9799265486882127,2.4070476774607394,2.1732052469817735,2.0447187368054753,2.4507956279489,2.8352103815033765,2.793819684834213,2.600249138632797,2.923299401008834,2.595478270547993,2.523487369250517,2.6052769006281093
Apr 2004,2.6929495836025175,2.3407540598890004,2.4846869591393053,2.3122386348043826,2.6542865756640235,2.7372618373168516,2.0484761742289375,2.1506269978691677,2.6777038263414816,2.209321496548244,2.6770176769502427,2.7793277706011605,2.313619941562654,2.34620318646179,2.5849117659994594,2.419791378058887,2.1889669353917154,2.3890541705848496,2.22974636838,2.706176150207263,2.674078563021504,2.822491624690331,2.3705841366079254,2.047932958408503,2.501373208638329,2.26690607868803,2.0667985967331872,2.4734786603270793,2.872071744770739,2.8009686417593858,2.6811122148160957,2.996746529330393,2.622741134535339,2.5657014271925656,2.633191846398123
May 2004,2.742499158482545,2.3908473985802203,2.5039827533701295,2.3659269194277055,2.698797067819666,2.815765325448008,2.1426016181086824,2.207704951279888,2.7119091088126304,2.2278411106860165,2.7051304172138115,2.7999025139572686,2.3437268388024,2.3927457561646284,2.636820973407083,2.4681807670836013,2.245809178577579,2.455245969109611,2.317250492589315,2.739968221310682,2.6941528200153555,2.8807660344721455,2.406322447863712,2.1292791294393956,2.513666545791958,2.3248306774765286,2.138959368974905,2.534183817592709,2.9117329584926974,2.852020620390237,2.739707041825773,3.070277996338363,2.6543855048178213,2.603588369117878,2.667790596488375
Jun 2004,2.777877118837288,2.4334567806500305,2.564436260092657,2.4337151320503234,2.743681366653883,2.82214076385696,2.1670062169013744,2.241881861122059,2.7423855368794787,2.3115373801402423,2.747288550533804,2.8363048232581054,2.3938841515719416,2.4592165917949806,2.6646550682225687,2.546788206307623,2.3309491473384005,2.495950131611312,2.372031292048009,2.7939395212012994,2.766411469175192,2.8972712910474123,2.4574922784830555,2.1656311353652686,2.5872840008180202,2.3592440234368963,2.1862727609409967,2.5451503646550866,2.9426217681338045,2.885229614820853,2.760904762130015,3.1207603500572527,2.6758460327529137,2.673307196305462,2.692584936768747
Jul 2004,2.776726027406598,2.4509116265718447,2.5799814218162456,2.4675507551649276,2.7607029766938536,2.846390095784248,2.2090430922694906,2.300419401317367,2.7428006546831765,2.328921416581617,2.757158029359751,2.8736787097455925,2.464532411387637,2.485458666058022,2.7151495095551783,2.5503151720521884,2.391066288047019,2.5174557309553283,2.4271599775564208,2.8044349624626452,2.7613794428471947,2.910146902121504,2.4936937122524934,2.2257218025263725,2.5946581601189287,2.3996453411694976,2.2382430327869764,2.6122719145425024,2.967789447994012,2.904320552141165,2.799083434423104,3.1857134729155705,2.70158200675646,2.685474367480219,2.7181060135500412
Aug 2004,2.824521271233395,2.4911460158915397,2.612480915024109,2.495715203450431,2.7893335403724335,2.8876242580934406,2.2353073268604584,2.315375525974409,2.7684848288379866,2.393014008882323,2.793712702024299,2.900852810831149,2.493725523016431,2.5507627943389024,2.726077200948322,2.6115346201861485,2.4323022305616995,2.5517936297177024,2.4424628204807686,2.8427979597905932,2.8045739214801055,2.953210509477613,2.538121549740263,2.2548981897230234,2.6594137033987604,2.4407190642822183,2.252164293601899,2.646908263404114,3.0070823574987924,2.910581647497183,2.8656711394666288,3.1702752025291248,2.7315036573145783,2.7120342128602175,2.739599398771782
Sep 2004,2.841844400861226,2.4982040326313837,2.6385869597711786,2.509302701290452,2.8090000237377524,2.899329708329419,2.2365011451565047,2.332189373009372,2.7915519469326546,2.429639744596224,2.8065818145666883,2.9311380140294587,2.484778618239183,2.533884490444971,2.758723654056403,2.6287090708281577,2.4198947567743025,2.5536468412343782,2.5080094298833058,2.875203611526644,2.8127134874763384,2.9736942857766038,2.5626606724903676,2.2650950076025964,2.620104156806535,2.468695874113702,2.274768174818965,2.640576326503914,3.0160851484398745,2.9095302822264073,2.860358160659771,3.2256744725321678,2.7409418442738063,2.7542781330175856,2.744114476809082
Oct 2004,2.8442120974018485,2.532786709902193,2.6489161659082296,2.5235958021937446,2.8302762858691395,2.904740020830362,2.27814536771858,2.381225109438693,2.814778859826973,2.416825837308145,2.809465328830335,2.927664250592382,2.51982787818231,2.572602869997196,2.741880007068103,2.635427951239438,2.4580742816341044,2.582885196651944,2.5140708792424875,2.88242626381512,2.838571567728775,2.9898104192811785,2.541497486427069,2.3281941842208336,2.6729833496082147,2.470169089142665,2.2677718848441275,2.6729218374666233,3.0185974207968145,2.9320363164304983,2.893085510353987,3.246475253342243,2.753116075108916,2.737573372592478,2.735600518228886
Nov 2004,2.8495706076118728,2.5295465954734335,2.6706928105147827,2.5495539491080117,2.8268062025418836,2.9180613685230106,2.3114579055494486,2.38120423131384,2.8122079297510205,2.466169603777362,2.820276657760396,2.9381964937580234,2.5044529394364696,2.5721567276152726,2.771159556542564,2.664568501155196,2.46138223664562,2.630364741136166,2.5432284722333827,2.9139550008822543,2.847214343336411,2.998968246198246,2.572422395673914,2.339134563473253,2.678040880061948,2.499697988906273,2.2928317558625646,2.684144876272126,3.030501780982566,2.938826040161431,2.8738169073566278,3.283528514917591,2.751902494452614,2.761333926130275,2.7326796256667354
Dec 2004,2.8755601820279906,2.5824228609503037,2.6772532510237554,2.5623253156750216,2.8461065116457447,2.902297982913937,2.294886901148233,2.397558128610038,2.8193682657474515,2.4661911070166576,2.826426999372712,2.9370793078394497,2.5329215145152233,2.62832807922244,2.7839181442893866,2.665306788158763,2.5085717680909694,2.634387939098615,2.5499058416930254,2.8933420327456902,2.857643788133609,3.0195477559135786,2.5807974476421323,2.378090901235327,2.722511696010904,2.5011203167485108,2.3208522013295254,2.689765981655704,3.0402866004215854,2.961818117562878,2.87738150961773,3.183633092716081,2.7634004578233182,2.7855616050198906,2.707912265409726
Jan 2005,2.8492962262297845,2.5246434258550514,2.644576766768654,2.5299962110585117,2.827861878193547,2.877401374790988,2.252778183447778,2.378137445750156,2.79981128614467,2.4314539900946315,2.8161949946278155,2.925834144433356,2.519445371820418,2.5263231755994626,2.750075821710979,2.6944251176956056,2.458143386018079,2.6209308996844007,2.530635540231424,2.858237339995343,2.8104269106944004,2.994610278799911,2.5566925289914897,2.3309555208731627,2.643571508485504,2.515317549271313,2.289403983594713,2.6693782740043543,3.0407192697383048,2.9140342580095644,2.8704234978734853,3.207305606450589,2.7457271751561856,2.7192970371306777,2.6859578561276423
Feb 2005,2.845156799117834,2.5512395332180233,2.6498955923957705,2.547816803271145,2.823341394365695,2.9042692975865627,2.3074476892239493,2.383940763259336,2.795940926775996,2.4406908759354318,2.8155120968473413,2.93788671789426,2.5308180147840376,2.5685858096915912,2.7533837608957112,2.6960314411217876,2.453165224507377,2.5996314446042637,2.5064749158873356,2.892346703001255,2.8632697967525957,2.9874407634674442,2.5647406413838696,2.3052188874817983,2.6512312378768557,2.4916625064663567,2.3020629108805823,2.687477679954501,3.0168403319742345,2.9260718384732196,2.8714195409132124,3.2144469247689846,2.7514842476644974,2.7611698708689745,2.704725847020709
Mar 2005,2.842973987989124,2.568062255890265,2.67521679078241,2.57444054984988,2.826768161903295,2.915541184414301,2.3185241575974604,2.419655060091047,2.8046032191682904,2.489949431543255,2.815416102067168,2.9111262315202864,2.6170312385653514,2.5809340618692507,2.774017934431596,2.6622941891221052,2.505443300758418,2.6416922651836616,2.5242503514059744,2.8802301850264476,2.848084354935458,3.014159062789255,2.570666395620896,2.3293873576838395,2.7196135766166636,2.5334254118076376,2.343533318144279,2.6863483096759864,3.031168627417763,2.9211557452079435,2.885828908890406,3.2285428160844503,2.7609889071345295,2.7480718547975784,2.7006158264611964
Apr 2005,2.865594786350358,2.5710943719534103,2.692327522926733,2.592510934190549,2.8556511411046444,2.9382174248654884,2.337287550342951,2.4388669426083833,2.8251790248175204,2.4797730183810516,2.8152567215396407,2.919277825422007,2.6047979653991495,2.613326213446527,2.794381800765996,2.7060666372957267,2.508282518975717,2.6393196622621837,2.5821938465771583,2.8983514756882065,2.8705096400992245,3.0259232683031994,2.584134838336124,2.3691598579372792,2.7237192108228103,2.560593868624798,2.2993468944165145,2.6924589993737844,3.0220446877000082,2.9225717362348558,2.9012055082492156,3.2461495575173505,2.760903550438404,2.7855277423212903,2.7453962558890197
May 2005,2.881881246671377,2.575655525328512,2.722152518702652,2.600859552349175,2.860246811293367,2.9436837599981676,2.376571293238243,2.4591247256737576,2.8386714476094266,2.518701732927698,2.830785154817286,2.93171275799941,2.611439093486806,2.6253998423782354,2.8059333504891004,2.7053740041372505,2.523871855279551,2.656595626809201,2.602132268654726,2.9208240146903632,2.872298628120745,3.017210507760303,2.6015491590781377,2.3868559407439234,2.7908735108422773,2.579164413848035,2.371171305698387,2.730962584263723,3.045137341887313,2.954816057816824,2.923986917803882,3.2479620214000815,2.779888903728526,2.7937924865896497,2.7685285859064903
Jun 2005,2.900754675143066,2.6066065941410264,2.732806467611726,2.6298222722092395,2.8694076534279955,2.9597764834785134,2.403234783756365,2.4922799760754515,2.8516384983949172,2.558213780059101,2.851722381523945,2.961549032734111,2.6287582039958868,2.6539157721965827,2.8374933374804976,2.733144604416645,2.5444166166225908,2.682676848567501,2.6049656311761424,2.9409142841840463,2.8922279550502776,3.0388043973088164,2.612834947451868,2.4192464710621655,2.7847413006591055,2.6324161127181984,2.381202192091397,2.7324956712144104,3.0513949323734,2.9648758618158597,2.9434471347292956,3.336720678215814,2.791741301060084,2.8149892937731678,2.7876990947427567
Jul 2005,2.8764552968268835,2.6027555872469144,2.719473022787378,2.628498964897968,2.867825596728367,2.975334085492464,2.3745266344550164,2.4663599453962353,2.838543078113371,2.5498972946156147,2.862471534274419,2.9457561437079334,2.6506647795318137,2.6665691867264214,2.8316525485962862,2.7461673236584576,2.5778364287333693,2.6768553766091623,2.6020731851563643,2.9397823116199584,2.904025282194689,3.0518312566140935,2.6262648302040597,2.418942959386429,2.774265126302446,2.5893641103384066,2.3907180197368705,2.7093539863840315,3.081421988516322,2.9536850192301616,2.9571084619783643,3.287490233990247,2.7754750786969233,2.7982167394614264,2.788450900124624
Aug 2005,2.8910755966353117,2.634444810874594,2.7322999298322443,2.6485856098352043,2.8874997999891674,2.974627114410683,2.4068452339851225,2.487363142459117,2.8422527906757624,2.5526645611939287,2.8679635175408507,2.938596581696407,2.677828827093373,2.6744076806527057,2.82226337109188,2.7378221966723046,2.580432704941623,2.672188271376656,2.6181756897286124,2.9437732770547673,2.9146904991901694,3.023697564121981,2.626938873888144,2.398731417975966,2.7782182519688985,2.6272919102145553,2.3961202780145605,2.7344426775434085,3.0534907329173855,2.9547790630376047,2.94317108926398,3.2889248197333067,2.7922147863930227,2.8107610218621777,2.7929640535003815
Sep 2005,2.9034614712690185,2.618961483023673,2.7476930808259916,2.6536031754543794,2.8980754504142276,2.9792565731993874,2.4051999004337947,2.5151594359637164,2.837522928324368,2.5848936701577485,2.860708256502239,2.935134923927471,2.6563108218619016,2.6597915797241094,2.830099663761597,2.7282612969918043,2.610952548061311,2.6775539497672534,2.6086610612492716,2.9543017977468815,2.9035323289273114,3.051577126671129,2.6334842107126777,2.415732506777004,2.7695818480658825,2.5982087603024357,2.403918482078954,2.7329746496677974,3.1016330628880877,2.9765954167297366,2.931604736725568,3.325839361833151,2.7812863589135812,2.8236756294103458,2.804097763191689
Oct 2005,2.88731004287923,2.6346364531960313,2.7248448971450925,2.6460783429825727,2.9034938164578468,2.981778437784557,2.419588689913975,2.5129287705074015,2.832944567706934,2.578127133311148,2.8827796582725727,2.9655910098986458,2.68031481259987,2.6589852446652693,2.8425749493338555,2.727594242626983,2.601296790680578,2.7084553749075484,2.6101529369780354,2.9609992745777194,2.896255617623883,3.0663186313460384,2.6512626519240206,2.446612441837977,2.7734791123289626,2.6312530059467027,2.407550330701271,2.740063306781662,3.133638330361457,2.996511823295515,2.9630768862075527,3.2826740220565345,2.8002101243682227,2.8224852821853093,2.808941928756806
Nov 2005,2.9072658576560766,2.628407245260807,2.7476321658281293,2.6731364020458805,2.924016685139357,2.9971331883262256,2.4330497224494088,2.5178023343282137,2.8479628263398795,2.580587228654183,2.876818059293784,2.955400002405985,2.669223113164909,2.6626341853067323,2.8510425244201754,2.7560555907203743,2.6045565957795294,2.731523527161927,2.640746090598,2.9703707929874565,2.9326937067083128,3.0507368251111213,2.645916435817094,2.4524183076416914,2.7964647126716704,2.6348699506892017,2.41556374496526,2.7320749849420514,3.1242735408594484,2.99184300881158,2.9702616134112425,3.342230147450409,2.8110606695322247,2.8399093263992543,2.824463814903091
Dec 2005,2.9294184460098887,2.674165959422112,2.767307995231965,2.670532540954771,2.938279138609735,2.9971834574913943,2.4595638218878255,2.5415163808399672,2.8643828209403255,2.6412452905761024,2.9099028945327157,2.9700981642714366,2.7044102849849074,2.6863822879154906,2.8902589049665197,2.776164989912564,2.591200003887628,2.7264237742107023,2.6766239093608197,2.9928531252025237,2.943169346206516,3.080565840705011,2.660286678039133,2.49761428293771,2.833942682402261,2.669341633318294,2.415703131991248,2.773157162698553,3.164533336720407,2.9880758912488994,2.9910964057594827,3.3530743408998362,2.8244471419623607,2.8389511780488936,2.8333791783049302
Jan 2006,2.904691120105536,2.636287792062821,2.764675468557257,2.66655603692042,2.921587596524844,2.997745047337227,2.4437448509787822,2.532931044493977,2.8625160963570075,2.5986973352186657,2.876045995278646,2.961537600722911,2.7404995640975116,2.674597334441825,2.8566726733315777,2.766074194845051,2.6396878028406725,2.70756724503694,2.6277217492562586,2.961638190548169,2.9445864632331107,3.097453084660467,2.682328376954058,2.436080072877408,2.8167424314894407,2.638074646714349,2.394211744988714,2.7476215092087997,3.1509550215614435,2.9762516152933207,2.9859970280739363,3.300078517722301,2.81853117017432,2.829315053171436,2.83641670043839
Feb 2006,2.9479410380554807,2.652848147284897,2.7884610344549037,2.681268382023721,2.933625101747617,3.0273048240568894,2.4999612383191527,2.553474886098601,2.8660775956738465,2.6204438762084687,2.900726074600826,2.9852563362778963,2.7572531071971786,2.676412592971179,2.8900481385364762,2.74930608264255,2.6179656910178353,2.7264104901132415,2.626713421831349,2.9833665066727613,2.952879041294973,3.0847460396101085,2.674257708025602,2.486962328895795,2.822298730096887,2.6786135103254223,2.4258300746121173,2.751620612791346,3.1774306223715683,3.006288300496681,3.010047790631168,3.34207585217735,2.8525984019820196,2.852494965176485,2.8592447539627726
Mar 2006,2.94719230581996,2.674899676984768,2.788323442058402,2.710100562163406,2.953247195268193,3.039851241065095,2.4827468696262915,2.5856314034649435,2.8979005564791644,2.639923722549295,2.917884460954561,3.010771596926664,2.730500798270017,2.7182441224109954,2.9131685278490043,2.803159732332966,2.6344275026180886,2.7378992457926716,2.6411804646967756,3.001793717577307,2.9710776674909645,3.103233358602857,2.6846617119089022,2.479913083620792,2.8513307129035295,2.7066690878603463,2.4575002142456315,2.8098443535592863,3.2031396999145283,3.009152638428841,3.0109065037973477,3.426211492729423,2.855571403050341,2.881360020010375,2.891788126797623
Apr 2006,2.9609375953457766,2.6858526035515284,2.8020000489562236,2.720594510530526,2.995858228205094,3.0580599194339646,2.5051991850664423,2.597443264334442,2.9124234450469566,2.668980507595478,2.9375541254142226,3.013116956233753,2.8200930639385056,2.7494488100337064,2.935614095253527,2.797205173617044,2.6781165767949013,2.7468245699786658,2.643858374461304,3.011404029679778,3.000291497828587,3.1203077660124237,2.7203449262510353,2.4976201160941667,2.864668872397218,2.7268952374154445,2.48710258018471,2.8244301125142983,3.213433408097613,3.0428088526564756,3.0529307669692507,3.389819727640008,2.8718564915823532,2.88960021047963,2.928820390871742
May 2006,2.9947536632312097,2.7195732733862146,2.824354003138319,2.754331174021812,3.017788005946573,3.081265019764279,2.5287503151920876,2.616192594754999,2.9359399945396794,2.6794256405594727,2.9718313800340015,3.0456930456465225,2.792647397282548,2.7318448565797016,2.9690950638509843,2.826036325446555,2.676086981495079,2.757923068903362,2.7031951640889487,3.0518052899967096,3.0042987642515726,3.1392418491847174,2.733935950014008,2.5144039674072416,2.9152690823259775,2.7118674075609603,2.490193978892735,2.8433116624460726,3.2686461045107045,3.0666573972095588,3.0646749538142495,3.411817548222663,2.9031569674280204,2.9072395236151927,2.9929155435195183
Jun 2006,3.0196332440612834,2.735253676733989,2.8442416530494583,2.784905875998053,3.0734940018406567,3.1181360703179815,2.566829448973276,2.645500112695244,2.968338283788132,2.712793680523526,3.010045194134059,3.0893665728088253,2.8318523472637356,2.7756567358510758,3.0009750078297532,2.852710390291595,2.728691763569296,2.7812650152143883,2.7414107124128617,3.083716329615478,3.044006915044555,3.1662317133568822,2.7525768366031023,2.5407626472637226,2.9214114378218707,2.757546670437534,2.5187886450403045,2.8593487120597914,3.299765777121332,3.103101276269954,3.1007949158563353,3.484938835801267,2.9354958589472355,2.938925859358384,3.0196172411606494
Jul 2006,3.031236516934582,2.7288059371663627,2.853385407769333,2.790832198731498,3.060612299735082,3.129314104862101,2.5607148287009545,2.648491044879202,2.974000992059066,2.693610178855973,3.0136864884047845,3.083924717492815,2.82277017639787,2.7979265741238506,3.0084839762381472,2.8714539586538597,2.7146523844050066,2.79231492343082,2.724026786397428,3.082145042528964,3.0501883506470944,3.1773975044188654,2.7436878105383347,2.5575642050091965,2.9280123122777884,2.7983086222887557,2.5285558859424975,2.8720694455609013,3.35420639038846,3.1246170955243415,3.1222194347503884,3.4763830347413616,2.9380510312651182,2.957009039655815,3.081190014199184
Aug 2006,3.0533718258548714,2.7412989133190004,2.8753837847505612,2.7928998282107926,3.075898383239473,3.1599822097294017,2.5911739194720576,2.6507026515483654,2.993461893619783,2.720985029398097,3.044993581823583,3.134713004262766,2.8905543887154455,2.7790305994423745,3.0274157837297007,2.8957897321082684,2.743557597048022,2.8198425452341693,2.7394066330173663,3.0913668166733745,3.069931941362395,3.2252734905297973,2.765612366532923,2.5278156752798773,2.9455084885854745,2.7625120695955334,2.550380748497754,2.8880148849214295,3.3654417922781303,3.14548331720918,3.1195659325753233,3.528503518872624,2.9513858665242854,2.968478481580454,3.1076156883631074
Sep 2006,3.069516980257611,2.7733499962187156,2.885995300524705,2.823451580848021,3.11424196481336,3.15820457953956,2.5950310516315755,2.687391540479445,3.0141387353977533,2.7375791890043915,3.0700422558833957,3.1591459659941115,2.8976537142711845,2.8045916924377265,3.0651871766790197,2.910556327248587,2.7682817830140722,2.8299692932397154,2.7426584439343746,3.111340462984793,3.0846130175115585,3.2360362240638634,2.7730804601354957,2.5624804138551807,2.977957529605932,2.7904847700462594,2.558603299624415,2.907750625843796,3.4171188515620017,3.196586179620374,3.150013209634161,3.523302296994894,2.980039530823907,2.991507676765978,3.161698439445666
Oct 2006,3.0875745798761063,2.767593470742128,2.9102650121329643,2.811190017066671,3.1352880670732013,3.180413052085001,2.6224960145912,2.712394072338659,3.0393799895551346,2.7447586651704188,3.0822938150318575,3.1885669981315634,2.8731784529954933,2.8137230851342627,3.0819016426762533,2.927054754728491,2.7535347698167354,2.8344437961691424,2.7777736804378885,3.1404986514417965,3.0875297725791953,3.2417834642832766,2.7838010623491942,2.5579574938260756,2.9997670319288603,2.807277946389938,2.5727225630288206,2.9102356188290006,3.4515014300074656,3.2193999017976695,3.1578541063897823,3.5468137292758435,2.9966613178338335,3.0130629666366158,3.176707175683086
Nov 2006,3.119652965499889,2.785211152269825,2.923898251684757,2.82327898917646,3.1675850817643916,3.2222764629613745,2.627209523437275,2.7173037428076654,3.0643018746832773,2.7959124899955894,3.121672593690493,3.192511339861964,2.9135592957302467,2.8300674161979464,3.1062156401881147,2.951853852267461,2.7785384529083648,2.8742856036588686,2.789917483051102,3.159806831177764,3.1178265275984174,3.285782315433587,2.800920257127906,2.58171799048604,3.0065584596101784,2.835102330893788,2.615159741727849,2.939379980382469,3.481534916772284,3.2385914231875383,3.198039696767591,3.589247883524059,3.0299019351016727,3.0199126091221693,3.198239462265205
Dec 2006,3.1541486443944433,2.828100528223324,2.952042017966778,2.8656231161465406,3.202429926354107,3.2319379126911176,2.670259178229086,2.7613960140567024,3.0827564556439446,2.8225270767101014,3.153514894414295,3.247457296976368,2.958138449460308,2.8571885245900117,3.1477856398105626,2.9670536959414906,2.838655913909707,2.902250306998303,2.797617172304216,3.194897159759126,3.1666068260839744,3.303942036621408,2.845346888934277,2.6742783473907616,3.039542338629787,2.8668009377014783,2.640773757112675,2.9755680955283004,3.537669990550586,3.288932546290303,3.2225802629176727,3.6117256334212304,3.066510271791659,3.0592542948438433,3.273527253824736
Jan 2007,3.1530768382214616,2.8012593387541838,2.934184976605723,2.8529039293943126,3.207113309521234,3.248072396158608,2.65623038516097,2.751887160117858,3.0754570578553517,2.7945410575307625,3.1585782037211008,3.27675119041946,2.946542426035797,2.8623690678891984,3.1368728404507404,2.9309101098675057,2.835358626510365,2.887740701957734,2.8212263881563113,3.1737925381475747,3.165797901810876,3.348259649601378,2.809821554155216,2.622980573812901,3.0420808821569514,2.8083602280004913,2.6458670316718016,2.9559200880335816,3.545712942181328,3.2981437919741694,3.221936768908152,3.6354099495034333,3.0736355142929996,3.0484152780076146,3.2841772633646245
Feb 2007,3.1834828644137327,2.8190804418159954,2.9458780982994925,2.880402498113565,3.2159685665629527,3.285475179769679,2.6572378114037116,2.766876148039511,3.1238278914273714,2.8039322893526424,3.182102939253972,3.2933902145012084,2.9628335230217666,2.8282306481747157,3.1390677297881613,2.9431324944599364,2.845652990011787,2.905590487108371,2.822102304913323,3.2028514053975177,3.1653139132257064,3.346901142844004,2.8284872301604618,2.628574878022123,3.0416878850153233,2.8369821763867114,2.65151160539058,2.947689309686334,3.604697758304763,3.334992359790233,3.2551898897853446,3.615827394588268,3.1066862620009035,3.06790250842757,3.34875917364126
Mar 2007,3.2012598004899737,2.842964765001885,2.9795002211511474,2.888857246839233,3.250066270736536,3.2874395412133213,2.7016090341710526,2.805535727070213,3.145266170106411,2.8434605551033307,3.195847699016199,3.325468746013541,2.9667730169373674,2.8766701314345258,3.201872632222494,2.9684110483709776,2.860717586344454,2.912484175997145,2.825068473990678,3.224410539624165,3.225107698399097,3.3934318923678344,2.852526995816598,2.660367301663345,3.0898091579772107,2.8848621400226593,2.6456672373991963,2.9877542701530166,3.63437322690133,3.365622631198806,3.2720529676142047,3.6626030067649666,3.1301401757354337,3.0765766906643957,3.422402537731572
Apr 2007,3.234804715949548,2.8353016836290283,2.992684981254694,2.9214936398740416,3.264418794205392,3.3155292869767017,2.7271051789871543,2.8147528644822986,3.181086758324049,2.858403145408317,3.2374849536100276,3.3751062580927944,3.022903612128238,2.9203699435971937,3.219795600790674,3.0026769476084656,2.860180559651881,2.902049630637659,2.851407053994148,3.249981365768804,3.2187740814421226,3.3982944861283286,2.8555276049316634,2.6447949522800216,3.099630839825228,2.9338825620411284,2.666762616323989,3.005201331020419,3.7324844079518664,3.408099182387884,3.289636958854652,3.6699984317961447,3.160326192457077,3.102913797836199,3.5261020528614897
May 2007,3.260359699148983,2.8846605629240067,3.0052234058059173,2.943803357344853,3.3051244763333436,3.335087517269828,2.7350193956687434,2.8224781622662185,3.191790366417263,2.866406008925494,3.2853101754909457,3.4147419795701497,3.01709170736674,2.939798211676197,3.242648131644924,3.0120515800411045,2.8892421495525635,2.9436704880725184,2.869955096752473,3.2846572000258125,3.2455794906187094,3.4587019115229243,2.8636230163157173,2.682779613456637,3.122358113653517,2.9295952479042056,2.699784677533018,3.026791497608677,3.765198939743337,3.4493772080205045,3.319772273657635,3.708660027776408,3.196472785002211,3.1277878989516568,3.5689687740088356
Jun 2007,3.31177489854856,2.9008458717350845,3.0346221128946973,2.9739962026886544,3.348214244156905,3.3656941152535493,2.7550323262368868,2.8494109309388955,3.223313903705617,2.9098744173825435,3.3277902610123147,3.4478751640143774,3.0800198640027485,2.974733222414105,3.2742476668704263,3.0443697451497815,2.9087832571988597,2.9922751693039475,2.892187274246104,3.333590389037542,3.290784992058927,3.5313837033699023,2.901741510369805,2.6961803880877433,3.1769570316672855,2.9442750421127446,2.723089512358484,3.0313306901474237,3.8411711390743153,3.52496166169652,3.347351200858374,3.799691987959748,3.241034224037994,3.1561293432174544,3.663082114111486
Jul 2007,3.3006805713851017,2.87793469490153,3.0510309304166587,2.943177655675993,3.343278948702627,3.398867450022051,2.76360793135167,2.8642665270881174,3.247292852230129,2.905629870023868,3.3556820895797905,3.5092814605883014,3.086554720943137,2.9297584268738626,3.2814982363785887,3.0516896547093872,2.924686035289805,2.987867619878795,2.8917790954291727,3.329396892967822,3.296060871942208,3.5404857405836876,2.9063482233066305,2.703271988122754,3.137000208336424,2.946903509619638,2.732272054325128,3.0660688204773696,3.911930686205049,3.54567254187725,3.36433425533694,3.768931709468401,3.238666542908734,3.175488759631941,3.721859655741392
Aug 2007,3.348118636415271,2.894878424770924,3.060281825792049,2.9597945049967076,3.3555655148486188,3.410283607746409,2.767325454767711,2.8722069028858503,3.25311538741466,2.9181252134554807,3.392264885007492,3.5617553333291063,3.1336079812568642,2.941448845124144,3.3126866058573374,3.0504637074027134,2.9427029735809502,2.9738451046655263,2.9276258157235637,3.366917863467742,3.3228126257983703,3.563290442971009,2.8903498827621896,2.71640425127408,3.1644007814856216,2.9627831430405602,2.724254975307871,3.0552469663025272,3.9425599712155677,3.5702441662226834,3.37188648435687,3.765612298277549,3.2803352498686285,3.177006249799079,3.7968355113532466
Sep 2007,3.3682708708527134,2.9061822533988706,3.056603026468962,3.006177079413548,3.3945703840606702,3.4172716647873624,2.795613612913778,2.8683172077436554,3.273920419533954,2.9319365506264843,3.395458284297868,3.591971669482309,3.112193288951422,2.9890674703740236,3.3156087843097484,3.080867760899734,2.9476134600148014,3.011219388347383,2.908017155993843,3.390334123427505,3.3197926563190907,3.5981508431796456,2.911258228080195,2.7185653648129424,3.197918213635263,2.9830861404083695,2.747770475680163,3.098984151632682,3.9614228439088652,3.608767307285658,3.3899163980305915,3.80649427222064,3.285253420510489,3.187370191427705,3.785126253680012
Oct 2007,3.3733659789658303,2.904590729454308,3.0496229970536635,2.989526733900438,3.373049863108316,3.444255816216609,2.775976936823343,2.8817688691282872,3.274287842149624,2.9496886794575765,3.41409613358169,3.5985336960748815,3.147029135271623,2.966058972950729,3.3210933141172254,3.0765420787742284,2.9612330217746057,3.0200419161753427,2.8865746124321596,3.404996996653521,3.3443602197135243,3.6113150226029815,2.9091816029199817,2.7410331342120084,3.18723034946528,2.9565907163935345,2.7580398752231954,3.0628831853552008,3.9990056284459263,3.6161012322844077,3.396786433622371,3.8252530634030553,3.2820756653657255,3.1641956783589453,3.7978956786433704
Nov 2007,3.3685987808947835,2.9267011651732626,3.077131348252946,2.9953243834814427,3.371220612779859,3.447483182370847,2.8140166282062222,2.879567567099927,3.285298920828183,2.9399184436932715,3.4238994771459224,3.598677001064412,3.129951329773234,2.9721866784970827,3.3325200621168105,3.1152305722201685,2.950936865376736,2.9876571342701705,2.8981735756050435,3.4035985082883387,3.369178603800134,3.623664204868829,2.915770644628031,2.753983184872945,3.162139042912583,2.982121906699921,2.749415254082529,3.0872361068961904,4.01404859516798,3.6548166652842453,3.39283689541297,3.8303524542578025,3.2949507118087062,3.175372390445859,3.825597659650187
Dec 2007,3.379672764627468,2.928019063033405,3.0599677421292015,2.976712129796104,3.3839080166922137,3.449282346661219,2.7881446660762967,2.926339238156616,3.2830238789392694,2.956748097836849,3.439036563100734,3.6202544225473114,3.1406258056115917,3.004304275389827,3.325112169144334,3.1378145112562876,2.9656266907124302,2.98518915463074,2.9314728229985128,3.434971750937677,3.394677302152888,3.645201231153584,2.9106008265121153,2.7601086689218666,3.234244048163465,3.0051785311421755,2.7691572846652015,3.057218521991756,4.019478054839963,3.6352459114433815,3.3759053971357593,3.774437541904845,3.3111158225576727,3.197908006461638,3.7957482391475166
Jan 2008,3.3713060685703025,2.9167652453601334,3.0091144922117072,2.9541590365316703,3.3416631597731454,3.388994248624059,2.753158774939496,2.861441106859153,3.2695161962774724,2.9341869974778305,3.4180741838017275,3.5972119924350867,3.1213025138803507,2.918380706640307,3.276298940554871,3.064985032293688,2.909565860046888,2.9550930068531684,2.908363895520715,3.404321373716614,3.349675101973639,3.6551915894787688,2.84657038035858,2.7198674664418054,3.121108056427729,2.987316955356946,2.774522458246228,3.0578516530037514,4.002486955998314,3.6424789888482745,3.373715394281795,3.755059274148878,3.2834085408651674,3.1316939162005353,3.755739785898295
Feb 2008,3.3399007042047137,2.9020757669759165,3.027800230262064,2.953656178255164,3.3248113229232366,3.414030006953784,2.7643277791748337,2.858404610459054,3.241870462715253,2.9144031143410567,3.427800289928316,3.590863533166877,3.0907251156580644,2.95486553176795,3.290309416674228,3.040720434942581,2.9159848321408273,2.9302974105281585,2.8726476583637455,3.400727741853031,3.348564105898098,3.623843653711132,2.866028269360392,2.6980963085235667,3.1681560845151497,2.9665823078743565,2.7319750654107096,3.0212236799926906,3.981604393364803,3.644032894924919,3.383002747164863,3.784287022035715,3.274481982888195,3.1246230465329403,3.8013705036431924
Mar 2008,3.3270610431946395,2.838362728305139,2.994758623521611,2.956663744930671,3.315227650302708,3.377800060950146,2.775318144370151,2.8362326859205385,3.229517781170538,2.881288622619733,3.411426962039598,3.5611388950503096,3.1132366106360094,2.9190103891898755,3.26549664312458,3.0469893095788465,2.8983210636404104,2.979805807995123,2.9056158474636247,3.392605371434077,3.317472136255621,3.6255979675982597,2.857264752434,2.7241945155696756,3.0954914144730914,2.9723565710954345,2.7582387273871576,3.005279692117709,4.012203259245147,3.592503402338478,3.343494865406325,3.7085160874074257,3.2579132557164727,3.127020340019154,3.7421686877600693
Apr 2008,3.330994067841069,2.847953701125833,2.995909451029579,2.948284443004119,3.3002093977596743,3.393390326159172,2.7799313712967484,2.8345626700406887,3.216877774432428,2.900381486752492,3.37809395130129,3.5702631229235897,3.114195669721572,2.954758607162501,3.2557280554541173,3.0156528650479495,2.912242473141625,2.963124680177153,2.9129838990805528,3.3845872887352417,3.3541796262073276,3.6176771910099093,2.851233591986951,2.76217244987212,3.1242339054823005,2.975306219059192,2.7722055616882146,3.048850194377155,4.01195811332611,3.629430676364621,3.3604989739158158,3.794473111421386,3.254597898770072,3.121798978036486,3.7645181764570586
May 2008,3.3503115087653343,2.8931003749652984,2.991748485793962,2.969258975101951,3.2824520836648095,3.3713211555155254,2.782499368606581,2.8450114268849496,3.214851955858892,2.8772898110694123,3.390683028614403,3.578514942461676,3.1337673380789672,2.929362265633423,3.2536138147834577,3.0128755696711647,2.906406547254505,2.979509485147631,2.850203009942511,3.394655864458638,3.3467365011648944,3.599085551254,2.871549306860627,2.7332672371692364,3.153574890140538,2.973100090976187,2.7657658979310007,3.039798044095157,4.0326676188261565,3.606889387666779,3.382147250448802,3.7898907803763495,3.238035346202671,3.1194758540529723,3.8012467970211077
Jun 2008,3.3216209155638006,2.8712223052065697,2.9668459192714307,2.975859462002386,3.283724774381589,3.3365047719785825,2.756370438702435,2.827354860704038,3.2013397997238866,2.886596947918931,3.3416562333948616,3.551546825355484,3.0896790283107896,2.9374118026337004,3.1880865802581817,2.9773786968533305,2.902271535697363,2.9456119390573194,2.8729937863542783,3.3483332219989204,3.319997900977979,3.578831400281196,2.848395474917149,2.7027539236899414,3.1437704634552985,2.9577415807229097,2.732131685852698,3.037931661570422,3.9858520387833405,3.6428899713888523,3.2979312259477807,3.6969038374417966,3.242639742545999,3.0900011020735345,3.745796741302668
Jul 2008,3.2917777409868876,2.798618212239264,2.9272104645887804,2.8632651195633394,3.205223161858094,3.296153733635799,2.695486870610277,2.7906432741400504,3.1424910654419476,2.8069255964627344,3.290445837309612,3.501846884704028,3.0626524404039532,2.8386721058082007,3.162802469478699,2.9245990172260705,2.856262007450491,2.896904649398499,2.8088449463662504,3.297457253144695,3.2509010769785576,3.5217978903015457,2.7943474619075,2.6661241739954575,3.0480074546902625,2.928384297750252,2.7283678203537924,2.9692390145352943,3.869857750346067,3.5889236850651445,3.245020550512287,3.665910153245791,3.1962451483846666,3.0492631400611376,3.72775701804037
Aug 2008,3.2069196860758726,2.7633452525634064,2.921582456258385,2.8751903616964802,3.1381456225280844,3.216564548811683,2.7053701593315163,2.772969336913421,3.100465083605467,2.818449626757077,3.260688049049711,3.395186545995861,3.0835743605449393,2.8149633560454324,3.1112133951894707,2.9108206202709495,2.8303362244351935,2.8684229752454438,2.7881127990393244,3.227687483948546,3.213501312881136,3.444648637787829,2.753272048824659,2.6082378547627583,3.0350584970708185,2.8453256836614877,2.7037601836167338,2.9573520018518518,3.8559423078651425,3.4588271050290547,3.2133231714253174,3.5827799875697677,3.105580527005979,2.951501577034051,3.600469159962448
Sep 2008,3.129307867633556,2.723042211611399,2.866674094232754,2.8444313742487086,3.0850113611094927,3.1316026997419715,2.6658615977468534,2.711832012031363,3.035077326600387,2.787043836829724,3.158112726373674,3.3510926126513576,2.993405889679535,2.8200297098480136,3.0440419998937607,2.8617304125053766,2.7643092764452497,2.8518967168196054,2.798341598609244,3.144634813484765,3.1465504235207424,3.427647884984954,2.703626723991057,2.5636236458230925,2.9744998264196565,2.827371184839523,2.64132286882581,2.8788953437127676,3.7676181280448047,3.4178804115665535,3.1947982260617844,3.600804960673422,3.0398222668859387,2.9311721351602915,3.577988333040965
Oct 2008,3.0622323807990766,2.682820064351345,2.75369917104076,2.7876476121624676,3.016341793556995,3.0777480183458508,2.6170357408479137,2.623455290958358,2.9821098206031094,2.7347530562505105,3.0958868309768053,3.283670477756715,3.0390596961666634,2.756688068340291,2.9833864480162706,2.866533762248445,2.776661372806631,2.807352258241235,2.742232295249477,3.0963490815749917,3.0788076798258297,3.348187358239681,2.639138495063845,2.5561157837390165,2.948441528637269,2.8399669565890875,2.62448710854596,2.8035905303271904,3.677511737948944,3.3193087775434966,3.125187903991544,3.5209574996281066,2.9767723788360234,2.858952872076658,3.4547344694567736
Nov 2008,3.010350603660124,2.6707479136759504,2.724478823772018,2.760842049359059,2.973683359031214,3.038642556196101,2.6147746035005257,2.635164864698952,2.920791071558211,2.674258447986942,3.0118082819064687,3.21566957314872,2.939133640972355,2.7012817075199447,2.9508727499396974,2.8053025067615938,2.72690225335053,2.7285277866187783,2.6632769209591154,3.024490325531392,3.0284811388733517,3.2622577382638074,2.627428065269292,2.5046944135213804,2.9149704079041467,2.8768657691347275,2.6988090503323567,2.7626639070457286,3.6581193536059056,3.2941080339854794,3.059240729023396,3.450278077715415,2.9414666116593593,2.8234648821822517,3.437547391121988
Dec 2008,2.9645977933399545,2.614760460319238,2.673777249320611,2.7191414068737623,2.916440213287982,2.9964958790918597,2.4921071068114427,2.5807425434794475,2.862712002279757,2.673339542986944,2.972989652207308,3.1627832873861825,2.861495263384977,2.759195083877928,2.8757720275386545,2.7907865518735733,2.677508573310096,2.6925786130043656,2.687036049163987,2.985222754728377,2.9888357731533866,3.263340089382858,2.6127708933835287,2.4697888155941317,2.8569238359899396,2.7178414933485757,2.532358614486609,2.7590902250033142,3.597798999049099,3.2661663241541063,3.0090342038459132,3.4490563691536087,2.9023105534318345,2.7792408291146042,3.3816753193963627
Jan 2009,2.8945965863090426,2.5511799010730516,2.6607954018382927,2.724580065200203,2.860849594856126,2.9506560252300096,2.511226647455152,2.5872240055303406,2.8088517556714443,2.5802661123631156,2.9365965315725373,3.1120654595316193,2.9046200866076526,2.622734427710334,2.8484094366355035,2.747390131952278,2.611439755277592,2.6615503134390024,2.5677006693396196,2.930359826449324,2.895895845604237,3.179137303251991,2.5628687066163196,2.4697633657168705,2.8314620971495255,2.7118356701608133,2.491037491721642,2.69688889913782,3.523510321734469,3.184782119821643,2.9388474809753884,3.3751183653431527,2.852651072582833,2.7373096662505203,3.3153787281343137
Feb 2009,2.89222859492602,2.5725407321963893,2.596257070123446,2.645962766999426,2.837981526765359,2.9062802816939777,2.4614556625794246,2.506741491197901,2.8029906751089255,2.5352211181355258,2.905098844656408,3.046085479952212,2.8765072338318256,2.6369231532011703,2.8017450931623933,2.646492015325964,2.60224055855712,2.6275204368313507,2.6076802084329995,2.9251913914114382,2.86381894878146,3.1340432317069893,2.5085775180981282,2.4626127043954136,2.777264141777985,2.6808755189718654,2.476356680712393,2.629015356293213,3.5126263614999416,3.152880438859047,2.9234702317322783,3.329147622266092,2.7929944997100264,2.693083008431136,3.2841154074826133
Mar 2009,2.8422409295209357,2.512817370750306,2.6392498707596084,2.6175960973501367,2.8278934358328045,2.865745611654382,2.473107414335688,2.5153981760223165,2.788429141312612,2.5363314762894325,2.8826390424836013,3.0205811551018167,2.905057083485678,2.611040243862706,2.79842790753384,2.694918869223547,2.6287625566347783,2.6292806039723944,2.5406507747875042,2.8837341645903787,2.8241438013309708,3.0993283685389637,2.516729653718268,2.413818926926033,2.7576227879447854,2.6696000068543606,2.4154480933581026,2.635599827384575,3.488870410657533,3.1310603574417795,2.9117855401683936,3.374619620236958,2.8045986116461017,2.6722156781932207,3.2974707043208697
Apr 2009,2.8471347637418125,2.528701398107697,2.606061948772474,2.6166176896354867,2.8314700541101674,2.884377508174168,2.4748232366839815,2.4886616716149943,2.77944342997892,2.556371037686435,2.8816785259987654,2.9919236177013366,2.885296604670705,2.617325277633422,2.7934672482392977,2.6501864325280136,2.6305866128632722,2.580892820708762,2.532582275917867,2.906057068751722,2.8287801470914538,3.0755961919526977,2.526464596585765,2.4004204201233192,2.8041410754829585,2.6592136726530975,2.4633056636058317,2.671301528363176,3.4881074095672493,3.1085969709183967,2.940240045543633,3.368222965249877,2.8002728954827387,2.673610215854352,3.317515131882344
May 2009,2.9061737783956567,2.5031954562020635,2.64178149358621,2.654868500040362,2.84836073483866,2.9244387703089867,2.4856188633713554,2.5127872854147664,2.811477951477741,2.55954490113874,2.909113144655187,3.0156233756686914,2.8609803474540336,2.681630350247363,2.8360919332117276,2.690692731817987,2.615998377207048,2.65124850309532,2.5113605901558502,2.9161878806965484,2.883938422518826,3.126832765023572,2.5190483095155076,2.4165150047658024,2.8268711193292746,2.610741183502395,2.4827506051451533,2.6775920419286603,3.521969842444588,3.1006261688057326,2.964902134331863,3.321068880639685,2.8463336849935317,2.6894035822694358,3.3730731897492885
Jun 2009,2.896107139253062,2.517206296197504,2.6494585634045094,2.6398604974178994,2.8818647831985773,2.959738896758927,2.4634829747585116,2.524064025435635,2.825558307760356,2.547232491832321,2.947403055835747,3.05863110100429,2.8942141750770904,2.601992727125183,2.837706705034635,2.699880170387726,2.668118412815482,2.67023877190354,2.5339310291539197,2.9157064526921506,2.8952937070024416,3.111792810208377,2.5543432200750655,2.460675157972702,2.7893982232871375,2.589657640448845,2.4672854754740223,2.6869471557869735,3.594066619930213,3.1686930142179333,2.987023079977566,3.3864994988573094,2.8686334422109927,2.721500315007532,3.409594414535996
Jul 2009,2.9291330059211216,2.5497383766538317,2.702761277315267,2.657401415982119,2.904524754716983,2.984226290502002,2.4995584565532516,2.530361349064751,2.8719227364664133,2.5598005121287084,2.9766352908307274,3.0926902615142695,2.905511656250679,2.632163732854034,2.8750345235744543,2.7431247661504745,2.668488162152355,2.6442706850071724,2.558341038081623,2.9605189485131005,2.907091981227751,3.1477478855974654,2.580380128425969,2.353862103729773,2.829406420277569,2.6418932713502534,2.477861082718411,2.726117007464294,3.6228981636840794,3.2293694949650686,3.0302346199317114,3.406184892183772,2.8913338289116495,2.7356911480597264,3.485030258150454
Aug 2009,2.9631394802880133,2.5597007084893315,2.6937295592486605,2.659138956332664,2.9644951756431817,3.0076224722869926,2.4867231847116873,2.5177770567172466,2.896750695773553,2.5901656080078546,3.014657668452815,3.1249464466697248,2.908818569678655,2.6456818940381597,2.913112442277784,2.7389622217550915,2.6903560764592336,2.6633353419315933,2.5628179403836553,3.003121436742655,2.953346888233864,3.18081357537003,2.584872116658564,2.4140923434097985,2.8740060412019033,2.6451615819168284,2.464406465279787,2.7319434640884497,3.6332284659678518,3.2617895372202956,3.0452272811220387,3.4415540807101084,2.93591013284296,2.76563457992544,3.5045863793487366
Sep 2009,3.007075219097752,2.5930937328557677,2.692231394116579,2.6720977831270147,2.978295221227247,3.044630619189188,2.510684749677999,2.5547519117205066,2.940634235511025,2.613034284935937,3.0743073322872623,3.1716035166102623,2.893706350013217,2.669541181488044,2.9242683559990152,2.749191716220887,2.687556291520353,2.6661265622595653,2.5759897936619884,3.005540748979337,3.003632189215057,3.2388556787636604,2.593679357287648,2.4384166301690122,2.88819433425891,2.664845636607191,2.48378822422954,2.7241016039682475,3.687654840991625,3.289641428437886,3.06551491501773,3.4742221473933848,2.944561300652186,2.7939749054713965,3.5675719288444236
Oct 2009,3.032025202456073,2.572864440009144,2.72686421870165,2.689441222176578,3.0059779372069584,3.0821719491545627,2.5571499870395877,2.552990170014202,2.957285443691022,2.6105343035442448,3.0830852315826385,3.2261292986891705,2.95748201082601,2.6405135091682617,2.9369609561744108,2.785192309451233,2.6746107202200164,2.7111370011576255,2.562706546589939,3.0404172707116652,3.0048717107071248,3.2701502000078464,2.618749489337859,2.4466869831217677,2.8913574461729787,2.6938307629992644,2.51051694833108,2.7083890014501035,3.726550699467479,3.3524105367509733,3.0946949742315226,3.4465441997651154,2.9776663947977666,2.811419167960038,3.6166714966620286
Nov 2009,3.0737543911362435,2.5891677850520924,2.7590372615339986,2.6980563120207135,3.026547681727548,3.0969855276723854,2.5549526084008907,2.569343816485667,2.994621431828368,2.629300452199634,3.1151171288156667,3.264511435350977,2.9878580851809406,2.676255589582057,2.97430328414469,2.786252251706978,2.720579128408805,2.75810446997285,2.5619878742097977,3.0575648142552687,3.019229551073068,3.2493112489726372,2.6133002058700856,2.4886882717854575,2.9211094186408886,2.693401657299943,2.488355693103882,2.7459751502368284,3.7485325796732814,3.364530175210715,3.118162766787243,3.5114035325717827,3.0167874541133997,2.812000736271188,3.68934621751281
Dec 2009,3.0882733714703687,2.6175292003000092,2.773132705087503,2.7140673430651794,3.03986646190403,3.1209755648706303,2.5331872428902007,2.585657747709909,3.0090114826441217,2.6533456661784025,3.1480117941644923,3.2958802238528255,2.982754041957674,2.70340405421678,2.9779239107534305,2.791239179262565,2.7242087242037485,2.747697110555867,2.6010873770370404,3.0929768769270183,3.0430159518673285,3.3226206950750163,2.654252733363967,2.4527183571863747,2.9576444669361646,2.717216181682786,2.51797088835452,2.7720813679899927,3.768262397563459,3.441503781326454,3.1303696508061902,3.5223003811600186,3.0325536711261716,2.85103157132572,3.7026482615638034
Jan 2010,3.098199026382379,2.627334504218541,2.8113759921780797,2.7146329635939015,3.0696003180623195,3.1517128000582977,2.5193244684909635,2.595140057057815,3.049949227024894,2.6039719696118993,3.1780294560621543,3.3225226809976887,2.9909805356738315,2.6614285568049345,2.980098523241736,2.769655515203816,2.6880882496946144,2.789909339701615,2.5629537748039204,3.118381879325082,3.0390623761087783,3.426943161157574,2.6316818267044937,2.4546570679879847,2.8902920041134363,2.682559265743643,2.5154307004781424,2.7482056983929337,3.8184579095282327,3.435881405587909,3.145229871578424,3.453922062896663,3.0559606175931275,2.8674172429546365,3.764462247450441
Feb 2010,3.1202292980311106,2.6624498985579166,2.7545139613573673,2.7306559540353508,3.071382301149481,3.133781276385445,2.5245804462221506,2.59063815774642,3.0230941733026375,2.6293653411972566,3.1957071369984087,3.345270539723317,3.0051649629722244,2.6713573156955297,3.0118210440327107,2.7914636354912745,2.6882707894093625,2.7173390114370832,2.6016849033299416,3.106148687454869,3.074885381511336,3.326182979017265,2.6557203435583148,2.410484442556573,2.964794432018104,2.6931037518672096,2.5308150328794645,2.760617299227227,3.8579651218704303,3.460276708942248,3.1525457905053784,3.5174536839991766,3.039266520319306,2.8615971094294776,3.747472220012703
Mar 2010,3.122748253454794,2.637140601555058,2.787090899546547,2.729799005975388,3.083081481662308,3.155057157496431,2.557261435099369,2.590011375163621,3.057696607163506,2.636920774664531,3.190690337908883,3.3571017626638233,2.9734655049070513,2.6567924198461754,3.0431229028070295,2.8288845910445692,2.7076983365644662,2.697057535148067,2.603108801828818,3.1258944915024194,3.0755808283236155,3.348085123938181,2.6535468431931593,2.4650505206749944,2.9425077017738075,2.698528994024547,2.5051240129592354,2.7527890865833546,3.8588375382225686,3.4785528282918543,3.1671956315042764,3.558164419711172,3.0682451875184356,2.8524358147903612,3.8053037935155034
Apr 2010,3.1843990161576774,2.6630839822353174,2.815163229045459,2.7471225879809715,3.092412261274649,3.178849489786871,2.523922410390473,2.593874576520947,3.0560505075467623,2.6469947124103363,3.2064996059814996,3.366208890040243,2.9894661413648405,2.705444618725476,3.042180971924043,2.8294538670538083,2.713294396673471,2.774949952594889,2.6014798323723514,3.1635759773025116,3.0830865394290266,3.3378226871061067,2.6737779242494963,2.4920687220777005,2.9630478822830133,2.7037565598275446,2.540777784756744,2.8032218220520138,3.8958168449862405,3.4932318288783755,3.2050720751983093,3.551753576116816,3.0817184152087718,2.8764623480365406,3.8652865002128514
May 2010,3.1817584542540627,2.6435773011872623,2.8044656186180155,2.7574193386213217,3.126192301942641,3.169604369393527,2.542460733027538,2.587309399231879,3.0688385737913615,2.66511797426793,3.254265791838393,3.3740085942942137,3.0710417146530955,2.6623705214325772,3.0367828466680464,2.816503249341554,2.7353951609110676,2.7534218781975337,2.5847955808282315,3.15324179988112,3.115096170482893,3.414390063864791,2.655927966028513,2.4136321984282474,2.9659575719264337,2.711810363525183,2.5286292978402747,2.7986951775179367,3.917718391780043,3.518536104875683,3.1906363990718374,3.554844769882629,3.1272997515663388,2.8728729994400943,3.84294318084777
Jun 2010,3.2041603979916298,2.6526844753822405,2.8227160567100533,2.761589884051079,3.134153470183679,3.1877168483995946,2.5827253021558563,2.5970692096995074,3.090494557114974,2.6721237142649374,3.2700991010082237,3.4065916634891877,3.0053747398397297,2.7278035812570165,3.086089484703429,2.842435784674595,2.757380533686083,2.7602937166043353,2.6123716585676466,3.1752674277161907,3.124828115024688,3.421692403519416,2.7090969026219454,2.4549331488934816,2.998079720073131,2.742012303518817,2.5469527075083898,2.8114298774792643,3.9782883552232033,3.558104277479461,3.201379662062653,3.565961483522772,3.12798986933875,2.8995841809638723,3.826052306035902
Jul 2010,3.2151212237416797,2.663985815773461,2.812532410335655,2.743574704459273,3.1433592454987593,3.21791926604028,2.551773483718611,2.6036033382105703,3.102072251984896,2.6397114888619297,3.260016783260308,3.4150385934381435,2.971394427859837,2.707810626055208,3.0848225482080784,2.865305747630047,2.747690882576096,2.7703571564408875,2.6299237463174054,3.1950466194664626,3.145375623474786,3.4529521050731535,2.6850132473102706,2.4638997470129786,3.0050159994893386,2.7187995089136514,2.590711429993311,2.788657340756135,3.966521661177121,3.598637796910604,3.215783496949042,3.6032764082278916,3.1453633751294503,2.915622513257636,3.9148369326211054
Aug 2010,3.2194853366982135,2.676766727977857,2.8301564432094386,2.7593309855103594,3.144261686165003,3.2047642855251195,2.5642513207721267,2.6209086107666577,3.0962939647966787,2.6704561263510453,3.282995377223603,3.414468314257714,2.9984761821704358,2.693793850643618,3.072667339540756,2.855379281043177,2.7456813019819264,2.7905067960833265,2.6322520858290432,3.192417565198703,3.1436301865267247,3.448660210259751,2.6944965348996845,2.474047243862363,2.9923516179489265,2.6839237518150347,2.5547976683683067,2.794545733596844,3.9716601925109627,3.609818800572905,3.207822667134943,3.5926626414933835,3.1546150008102294,2.9031573838195013,3.9644284920885764
Sep 2010,3.2159983340027667,2.6879883487904723,2.8425832837649225,2.758214625175695,3.154019360637804,3.2004964411638976,2.5555023855966446,2.610290959355136,3.1063145388709996,2.6711009937704633,3.2790601195950946,3.440557089943091,3.0002285915301665,2.7111208179300155,3.0755753429070234,2.8763161610077255,2.7305106268746093,2.7484936130928683,2.587410763918055,3.1949189797785684,3.1488737929932378,3.4295056607363157,2.6748298903973438,2.4646079789002773,2.983552844870739,2.7479959652629486,2.550153609766999,2.786831594152707,3.985486562210674,3.6101551985251024,3.2219895754870134,3.622464299420314,3.155798190493568,2.912239524375117,3.9176501451633774
Oct 2010,3.226050979356259,2.6572944907838973,2.824403537521669,2.724991340074052,3.1321238379706355,3.1630111886656067,2.5152197510603305,2.5854098505137117,3.0795510264430743,2.6519449344575707,3.2631312633815304,3.427543248285786,3.0240837654831876,2.664299716143495,3.09883473828922,2.8339917284951257,2.7432709535076834,2.7584724320628964,2.6277871929687007,3.1941053315233683,3.1234164671211415,3.447935816744679,2.646920102414464,2.4237906248991847,2.948949591434836,2.6958669851558623,2.522383826241153,2.7656452772271205,3.974567996412212,3.5814204954084703,3.191390302397969,3.5511934944229018,3.1291939526388917,2.8978756053048507,3.900884801998826
Nov 2010,3.202150556792629,2.6606055987019768,2.7909863973580995,2.7222977673524116,3.0965974320226355,3.174891167870215,2.529697413995467,2.5700885204406654,3.0732069972108937,2.6650083703266816,3.243970282816543,3.396281413872354,3.009447567706737,2.64497561002869,3.055961181138399,2.763893584567185,2.6761925322064557,2.793039971240479,2.560968583240378,3.1550109290590083,3.092030736806198,3.4058923204584937,2.630423883502178,2.4489543177345183,3.0097520413735426,2.6831923575080046,2.5481729598943454,2.797597161411066,3.972745940341141,3.5934031337663,3.178095319079864,3.5734967778115156,3.113462148041608,2.885449687722787,3.9010071380018543
Dec 2010,3.1692839534655004,2.6504921618245754,2.802605094590336,2.7177937332188176,3.075810193313821,3.1651747189331942,2.5119210861172525,2.5509614151553515,3.0688593114735028,2.627347002850762,3.2341694260239793,3.380675858730044,2.9566333576643795,2.6775702177123635,3.0267990318153233,2.7995277187627026,2.6998138315166478,2.7512931088218147,2.6094153707702796,3.143738922022727,3.0963058852483467,3.390070479100935,2.636840064746816,2.4309566655106134,2.9759936819127115,2.6603387621269317,2.521792251250895,2.73539303366721,3.961047875398553,3.5880264231190213,3.159937956886866,3.5116125766938997,3.107664623393972,2.879371225651948,3.8955925317991467
Jan 2011,3.195460937184345,2.609416221267877,2.8037264438258984,2.7139387214257393,3.0607187904068005,3.130955355903745,2.4580389532844866,2.544205369076345,3.0196402501499238,2.6305761815351105,3.197073324597763,3.3928702861138182,2.9271452926056076,2.6512725221425977,3.010577506782176,2.7862386794129574,2.703054508440416,2.689166664896897,2.5461686108658084,3.1474059685009674,3.07399526067443,3.4360448385126494,2.624931383797474,2.381421065091293,2.8994378134880687,2.64748875147328,2.488235747437047,2.7651595047530573,3.9966598007780267,3.551278897613646,3.130184826862685,3.5412590791766894,3.065240553795144,2.862568255984964,3.8708412840919717
Feb 2011,3.1515392745703257,2.594812027243887,2.7665608704894944,2.707622767069544,3.0427565539264902,3.0906332672591033,2.458187680480279,2.548344574234388,3.0428753911962616,2.5768886170483105,3.1931693353684683,3.3218835419482113,2.979251125618652,2.6095573838335753,3.001699231445539,2.781443287014202,2.667253131580119,2.714450254864444,2.592708941590951,3.1334720344317795,3.0607727235209814,3.3799430389517555,2.6209354567120613,2.3422009317024717,2.9613198059972023,2.637789344150601,2.4694638540779277,2.6852457588555367,4.022815521407744,3.547523052993629,3.1200890624395523,3.522530279650543,3.113244282336906,2.846375661288996,3.9069245831768518
Mar 2011,3.1615863691838877,2.59751862115951,2.755412463272605,2.6685357067553355,3.039806070183891,3.108484665999105,2.493474398412222,2.488348365526679,3.0559121984183486,2.601139063230844,3.1985591535629574,3.331296294270845,2.9849612782115775,2.6212563249734,3.0181216608242014,2.7749379889717742,2.6683812029198126,2.732246251327297,2.5165712339937785,3.1277022030965553,3.0409154518746133,3.366725715011575,2.5964782107917865,2.4165205809672234,2.8780347726801496,2.6308289841740753,2.464343735127426,2.745425978152793,3.940128994162845,3.5523732117679585,3.1207375150977024,3.487909495431026,3.059373046997743,2.8492919748128855,3.9581493470845137
Apr 2011,3.160920139355643,2.592208435217718,2.761487638182871,2.696284599427561,3.066405983434147,3.143119841057172,2.4832908359469683,2.527385689545316,3.0468525995050295,2.621483826067956,3.213358954883906,3.374355274649267,2.968941815777723,2.6360044252036925,3.0075313709348563,2.80990469607384,2.667343689439648,2.6993652821988574,2.5427134365209283,3.1216623298755297,3.037486456739759,3.4065858232909716,2.6415318258372498,2.393834587982404,2.9365328592121696,2.645240170573514,2.506283184540503,2.7383663064132615,4.001836729388642,3.5842672037589334,3.1466301381444715,3.5242016715997404,3.0963491216374788,2.840741694182195,4.016921093503887
May 2011,3.1689381703060513,2.569499349842581,2.7714245391640184,2.6956874741749792,3.0563482611145942,3.136515747923056,2.4901977277027103,2.5520376706043293,3.041313176712222,2.5990849089067134,3.2232433815999464,3.4017112800673486,2.9559916163588302,2.6275680213613883,3.0133484019422667,2.7740212944493434,2.6781990927041948,2.720455076774764,2.5194819791557514,3.1249910648219803,3.075336373630199,3.398473394668475,2.625627313056935,2.3792821541075426,2.892320639002445,2.694425018729883,2.5023469753648584,2.7502118978612087,3.9990233174191694,3.586525102635129,3.1339364016775075,3.5148688522083544,3.0869727969737966,2.883714486430423,3.9974298936729404
Jun 2011,3.2011796314960606,2.6188267072299305,2.795647015752658,2.6958538711798474,3.089199450033249,3.12169687001806,2.462780945487763,2.543307451872396,3.0741974104999352,2.587628993859465,3.242542175239608,3.356197942471399,3.035986408413682,2.641126270528484,3.0410822860976303,2.7708263341314754,2.6832282721399032,2.7211589704777666,2.5517054623898643,3.1585959565502852,3.0999595144914665,3.406222217474972,2.62570694484914,2.374826543973603,2.9441229382557856,2.6279444284507463,2.471502713642668,2.736133583165822,4.046870536739169,3.5997476061642155,3.1524446334392993,3.5165330946168005,3.1054536272737905,2.8477947350423434,4.046301427694696
Jul 2011,3.1840039442280124,2.614677959569878,2.783397134068449,2.70035141130972,3.1018437208341227,3.150335167795729,2.4590060545341768,2.5230392924499934,3.073099904326641,2.5912613741001818,3.253107514278977,3.4275485759846784,2.971282998968483,2.5966311812957854,3.0394525958903427,2.80322035546825,2.655887286657637,2.7481460830018167,2.5398905529306726,3.1509720261238154,3.0745581329957505,3.439866723661577,2.619350024776804,2.3559122568009183,2.93856541111744,2.6283971663578303,2.474910354605552,2.7484933877801554,4.077047130019978,3.651617521806799,3.171174538339337,3.5695210358316216,3.1300347245345312,2.8382292653861505,4.109315100718914
Aug 2011,3.2052323888242094,2.601168134902788,2.7861019712409623,2.6813195748074667,3.0915281819322287,3.129078744768263,2.4459950570146654,2.5497415329095112,3.068622449395018,2.5909393511200696,3.251795612868112,3.4620977497510377,2.953626112800507,2.6410712949265642,3.050215532627826,2.783568629134774,2.6721322791717173,2.70063092841235,2.545241832499115,3.1592699611377015,3.074627891075622,3.4452539769007284,2.6312834657617947,2.3614078383878288,2.9453503555941385,2.6392632834483716,2.4759092897689174,2.7729914267982827,4.119349940082496,3.6597845896961423,3.1419978484645945,3.52030964760074,3.1155768793291796,2.8665159377646767,4.0714627329124
Sep 2011,3.179996862635758,2.581375378825289,2.8078854701392775,2.7091496425062553,3.069889141602553,3.1190488855350966,2.4712971006683624,2.5218462830746247,3.056508723280004,2.585527276448299,3.2602904903715384,3.438803989808947,2.963399704050493,2.6124089101847896,3.0344138329631587,2.812312286024219,2.6581347062143714,2.7420576640292667,2.5053162018931414,3.147407535718858,3.0511566756074067,3.458198865524844,2.6235707350923185,2.3445722626115795,2.9376516660096814,2.659682851036553,2.465096164013462,2.729559438559944,4.088161530563312,3.641416715087502,3.1511663668366117,3.5388436607686815,3.1190879399887383,2.863286256320514,4.143145521009165
Oct 2011,3.174078909580377,2.5741787903494435,2.797825254560427,2.683293094199277,3.072168999905354,3.1341213347095422,2.449293783379549,2.5001185304945293,3.060024501839894,2.581937810195544,3.244782132120053,3.445016512180032,2.9268229662779115,2.5744658475361217,3.041269796115627,2.7825737205448204,2.6426920562688343,2.6974004257794877,2.524696646689635,3.165595991733062,3.0580317044972776,3.4301086016924396,2.6127446591794965,2.3561782027260274,2.9267647846886593,2.6208903084181565,2.481845655118754,2.7361207367537466,4.075990411907733,3.653345343093212,3.1539704256028385,3.516360851534966,3.128657326325445,2.8618898736648846,4.091530801593134
Nov 2011,3.1853466030462636,2.608894748773661,2.8029571689922186,2.695813184935815,3.088046968148111,3.140626886892747,2.447319169844991,2.495580155685903,3.0680952662039074,2.584763055552622,3.2486255987391783,3.445325195076601,2.9049170884594018,2.610635763860186,3.0466067709432165,2.7901205842601344,2.6234870415250984,2.720618691284133,2.52680171412823,3.141678522620576,3.0528651264534177,3.435264553406981,2.6079936982888516,2.323391582381564,2.931075735410453,2.6457619684135696,2.4649119995826334,2.733036654022266,4.094736936688417,3.6532436623828484,3.1309713771640517,3.505180998662759,3.121056576766672,2.859618137620421,4.108945203061373
Dec 2011,3.207567801970223,2.59809823761915,2.7801151032429523,2.68564089238459,3.07426261858675,3.139257118235617,2.469033568398394,2.5050046153717185,3.059157344264185,2.5805363288438623,3.2570074691225055,3.482610072847947,2.9456158131787,2.6211382633500855,3.0379126145774054,2.7760768281602655,2.6518143875713034,2.718037084415413,2.542642559096383,3.1447562657432115,3.0626222170788764,3.419327078580747,2.6206159552874553,2.3751514394145814,2.8674226142789685,2.640456033700273,2.440893706647821,2.7379826405407526,4.152240452590738,3.683644395157559,3.103585874447387,3.5385276680452487,3.117958829096335,2.8380111827428673,4.120356691615212
Jan 2012,3.2049408480668022,2.5717313838482494,2.7741294072690024,2.673273927005977,3.073595682642188,3.109260699829441,2.43037891128302,2.4805029845334055,3.051228191891477,2.5587690562076135,3.2364042905597676,3.4326237014018988,2.9074248707448143,2.557994432871138,3.030285025161574,2.7964943915082237,2.6006557006089026,2.68902342530188,2.4866450994765557,3.1517663486463783,3.048264827835025,3.419733572422041,2.5719833361912294,2.3026499176225768,2.943748340541587,2.5753816075142426,2.4922576909439935,2.7244729816686886,4.135602037008912,3.6569005786188993,3.12402417119735,3.4755560477540994,3.114134633635556,2.853980759917538,4.182845984408028
Feb 2012,3.197832142310848,2.5674848524257863,2.779803219777424,2.6547604940587046,3.0738577153110684,3.114315249985193,2.408272600720429,2.474967146947583,3.0483302551684077,2.559453968623329,3.2561233893060675,3.4264134019989685,2.9201205467999762,2.5448526540367946,3.020943014877505,2.741689060808243,2.6122110349802807,2.675309364096018,2.508638554012981,3.138425691607908,3.035954812173278,3.451334698117504,2.5901979849426575,2.307207831396945,2.910109961381196,2.6277181776406056,2.444393519883921,2.700409517824686,4.156027250703649,3.704991143439232,3.112503065436625,3.4982064580958268,3.1296493944781325,2.806306374727349,4.134483842057994
Mar 2012,3.188196858129967,2.5800242240039757,2.7983465782874153,2.6783179375440462,3.076636939755767,3.109823925657586,2.405918442650097,2.491521953811258,3.0677115316866708,2.5803612771225928,3.230521276852078,3.4315602244405254,2.9449496823105177,2.59268577533135,3.031073853335753,2.7789456590642185,2.6051999682503273,2.7427310516435948,2.505578481466473,3.118911538127799,3.064379252365741,3.4210142910911703,2.5921545106000865,2.3206748516819786,2.8957602700683664,2.6275416007228185,2.424026754466395,2.744509759054672,4.123280875818544,3.6582690968182647,3.121792979686901,3.490296773293096,3.1111233092924957,2.862360527415144,4.170066885484417
Apr 2012,3.2469797673851852,2.568258396538115,2.823327142393646,2.6596403805603934,3.087951637568954,3.135206466933873,2.4368279914702144,2.482701110837405,3.0879093170229748,2.588020175529445,3.2796559768238245,3.5493698886325653,2.9286557776898685,2.6400666063684426,3.0544533596747416,2.7820127313404357,2.6628936933586473,2.7070856906998793,2.514882285564189,3.1805590099805348,3.0851613207770785,3.4843229351714466,2.600667633497948,2.3163711946517243,2.9371015678305334,2.6016071419791285,2.435748431528656,2.7171074108071913,4.2245921596494345,3.7256519353041857,3.1345201561788874,3.5778767852191558,3.153951374382513,2.8497093031048566,4.309431266695197
May 2012,3.2405197778881534,2.618960379578331,2.800312856282666,2.6746107347047623,3.114745315597614,3.165111433703396,2.3989728059953963,2.505662260350936,3.0871713198034203,2.5778256010327816,3.3028415877482282,3.5578034502933376,2.9074869071261533,2.6042328584299064,3.050840323231668,2.7875027689826295,2.648187676406823,2.70125668121052,2.485946749869007,3.1683584466348527,3.086173877517669,3.5318649977164016,2.6388402689124626,2.3495241239089104,2.9270944875699616,2.6160644568825027,2.4468114330619297,2.718711534954231,4.312379169395657,3.7584372348211774,3.1625571800194203,3.5332675334882233,3.163937546114656,2.873391363764224,4.364440008633177
Jun 2012,3.224904757349867,2.6366134118644973,2.821378857923499,2.7090407305061883,3.142473313203799,3.153819363689607,2.472648693075561,2.5162725157645105,3.100760367909941,2.6124253478696686,3.330980236750425,3.5435079004635783,2.893945612843233,2.5996409959788376,3.0821269295313902,2.785373326875074,2.6604586575674385,2.6876724129658305,2.5134135499484147,3.216339503832801,3.1019413256023736,3.520500871915531,2.626947192858835,2.3655146730610803,2.961981668105811,2.6240839194699457,2.5047773938767164,2.7356654752475373,4.3194727885,3.8160753176051396,3.1540334555178977,3.5508688020513444,3.188446363081892,2.9030613328144117,4.417423385760541
Jul 2012,3.2630030129769345,2.5932798565632047,2.8224963806413776,2.7019574502343375,3.1086245412900513,3.164594504084129,2.4322239171004183,2.491821609996912,3.091039157503925,2.580208974843802,3.329047225289415,3.5647653049197343,2.9272541789191027,2.5888581697049036,3.07175628151454,2.8004529732001906,2.65099583712912,2.7177544491552355,2.468977880785729,3.1897229236969764,3.1219982575156546,3.527235526676094,2.6363135674223885,2.327543761846175,2.915864048221097,2.6184257967945355,2.463705215681438,2.7451394181062234,4.3162591450214185,3.8075642649198707,3.1544764420809472,3.543074863388149,3.188743381294209,2.896100215958592,4.4369189459239236
Aug 2012,3.260768448917047,2.5904915448347525,2.814648840378743,2.6830712649584956,3.1469334505108724,3.154585161891581,2.403947264707479,2.4863396896747303,3.108930046380436,2.6022357424162963,3.3354775142191406,3.5937995728209295,2.9259335261069532,2.5879712343238337,3.0951429203943284,2.764018475726564,2.648830874941822,2.740309763669902,2.510892478409327,3.2174003586443427,3.1436306749708582,3.549219063011658,2.640796051980275,2.3365601203449615,2.9321087692490435,2.608499539896836,2.4592605788895185,2.761953576562007,4.38338696600144,3.8297202869885387,3.1659340989034166,3.4911782833358185,3.201025586181954,2.876412818256468,4.453924001965553
Sep 2012,3.274509249193715,2.61610928226459,2.824278186149374,2.6916777304988067,3.131574870990688,3.1460456578183256,2.417218906495024,2.4855250317764246,3.102180136224063,2.5632030040716827,3.3462732305092513,3.57189171991291,2.9258481374917817,2.5942773208245433,3.0957678118344925,2.8330843110305386,2.635265605407995,2.7163653872884024,2.4631811213553645,3.205171664874695,3.1042806155569624,3.523951105212591,2.6494868742577844,2.31372054110609,2.9177770065575612,2.6061757445186764,2.4596357541358786,2.732956791294523,4.384681683504176,3.8081279148215845,3.1775863265730058,3.518195119977521,3.214050875219213,2.891098435407013,4.457685289111581
Oct 2012,3.25309158090294,2.605256264800719,2.8147358480055833,2.678565290153965,3.1200952656457606,3.136374070959436,2.4105928594891695,2.468117715714748,3.1020559133009846,2.60074928631146,3.329524871621175,3.570203262412261,2.863750162458652,2.568355227794415,3.0765288893774834,2.8110095582254,2.632403961672533,2.720587426879387,2.4582924825039845,3.2187448906442504,3.1105429973061764,3.5506087671105018,2.63916586860851,2.2838773815457576,2.938678225815433,2.6559125118516484,2.4091655709536455,2.7416039018733938,4.387906043751829,3.8467005738954665,3.1731422541410708,3.5160942195820004,3.190361007272778,2.8734680185339174,4.416178650528752
Nov 2012,3.2547983810043415,2.583033984282942,2.8252260807473024,2.677036517786681,3.1394858684623226,3.150855458758835,2.411947101024149,2.476340003736374,3.1114205446081713,2.566080323465559,3.330580696765306,3.574907104475818,2.897880823140209,2.5649243267604542,3.079777125663365,2.7687318896922495,2.6236822610101886,2.712105066444473,2.5044378750124197,3.2001727732802405,3.120689791934054,3.5350945632637676,2.624463128373473,2.295511421728734,2.909105003253367,2.6254675040023514,2.4376340830062,2.72844864411934,4.407009536358807,3.832343088132241,3.1555290113492283,3.5355281138656744,3.216591176273624,2.8845468124473865,4.419961669522927
Dec 2012,3.260766969195518,2.5957487175809035,2.827333934309167,2.6808714954547086,3.1368223644154574,3.146225272069325,2.3963027216378032,2.484404336529575,3.102864125357032,2.5823019350167433,3.3455479446103418,3.6241181833620866,2.9006952684817904,2.5784824782708404,3.0789894560392517,2.8158777809921025,2.6284445266533916,2.7197105352846416,2.464201852408625,3.1826813791583293,3.1298839247968746,3.5447495312606265,2.6335190446401917,2.3067755832908117,2.9220671523469774,2.6035042341519272,2.452348847594085,2.7730450284195127,4.424244522741516,3.86268709998322,3.165880168680192,3.5136361237880878,3.2125317594194898,2.892207576835107,4.550817685133994
Jan 2013,3.25069640086912,2.604481321731209,2.817570207137562,2.67353892892677,3.1222167147144217,3.1446122375526726,2.3721044519655865,2.4331902167238337,3.0859756730146817,2.5354250034103805,3.343753863614037,3.593897394589941,2.857771486565332,2.5390403808015107,3.0625019666576985,2.7984888571182327,2.6190056710006355,2.686436525983265,2.4841353350007194,3.213797039272587,3.125988158854663,3.544058273098766,2.6139771436985675,2.280976368191742,2.9238630959353107,2.614771444359939,2.4015688799811064,2.7313860105370735,4.3681970692167145,3.8723684866750885,3.1434747621518504,3.517073523084281,3.199790116614531,2.84753380756235,4.506818934293285
Feb 2013,3.2619307056068485,2.5857498164490345,2.832988017838252,2.682185333409926,3.1320466995728014,3.1317393976998877,2.4081827782800294,2.451883918366727,3.0711368124236818,2.5916000120868197,3.359763712579496,3.614550719905706,2.8816840345397927,2.5465564793625224,3.091013729124007,2.7643091411506093,2.661357910388123,2.687083154138257,2.4466484491520384,3.1679515667671745,3.119757499816466,3.5639620217347416,2.6136678961216067,2.2836898023194916,2.8854254401472583,2.6182076430368544,2.4389340503457677,2.7243661445425795,4.417565870438802,3.8463238211474238,3.134243440806028,3.500095807338434,3.1807187897434743,2.8697668931316374,4.542957806711195
Mar 2013,3.281058370889066,2.5925408297169716,2.8132260863239837,2.686634358002553,3.143981779157341,3.1607131542117317,2.376782701548488,2.473211962749999,3.0883091744203304,2.5561753409775316,3.3416772859571156,3.696128669949018,2.886204777002008,2.5483871951103705,3.082803048015105,2.783696730861123,2.6083852184356404,2.7231943619303087,2.4721319071644015,3.206813925710413,3.1247252732132864,3.587123063841415,2.637735203106308,2.2802893572059277,2.9172594485273184,2.580362893109012,2.487117505400098,2.746363561460378,4.410731571231697,3.928538625781497,3.154625723591616,3.493611658324852,3.2063887364697434,2.890340089425252,4.576651429392264
Apr 2013,3.28891555231836,2.598001024494498,2.850419915902216,2.691164012008249,3.160707026091183,3.16466588233395,2.4437098908520225,2.473857122667755,3.108482944952924,2.6016693416761814,3.3772266940925175,3.6774576583492395,2.897141001411899,2.579820370848143,3.1184361103385996,2.7864618739471374,2.6287599242649846,2.691383808912697,2.429800308654334,3.2193591661668153,3.1569687468593197,3.5670064197805935,2.6433070278670052,2.3094184783510525,2.9300526554753032,2.5939960492878,2.4579798937337216,2.745189859008468,4.550563258570174,3.9084080577492712,3.176414876592329,3.5053511320373545,3.2449117943741297,2.896935172297613,4.68960013035442
May 2013,3.317422253589657,2.627554078279275,2.8598982617751063,2.7020898412019037,3.1676360476773895,3.198395815988879,2.4184494581168563,2.4741377282751063,3.123059809469109,2.6090337648226942,3.3681990716817722,3.709746162839368,2.93236745250418,2.5634645596732413,3.1167233677307635,2.812376947246907,2.6229848187087645,2.7520678894568458,2.4649309739916285,3.244776319426799,3.164970785704595,3.6509876075907375,2.641493893319672,2.333288408553052,2.947855331547392,2.6438041331282878,2.4637189338959824,2.8007430398628856,4.5792884098716256,3.947860423840475,3.1642992804715036,3.5356793939223916,3.2469828511510377,2.9287064688206312,4.6752713290516486
Jun 2013,3.3746127533609336,2.6602257500511,2.8808054273266763,2.7300538296762284,3.186808656743533,3.181261420310517,2.427968704887446,2.4921016606362003,3.1543492312693773,2.6038855939930468,3.4341496911515224,3.7290983663653727,2.8978255283688967,2.6172657158410138,3.141745281701362,2.830697389714845,2.6594396721983498,2.7657940586973964,2.494216960398376,3.257850214651245,3.204344039659745,3.660112457210387,2.662319918649853,2.353934890338916,2.9507926490182683,2.6383808262511086,2.466029041812961,2.7722757396791238,4.639067817894354,3.998987743872948,3.2068524351814065,3.603528314100149,3.2976404793853513,2.9420586160268947,4.7701064199898315
Jul 2013,3.361434610249466,2.6396948233217215,2.8754939021807364,2.7417887098997618,3.1995602814289543,3.2047587153651955,2.4248878350312384,2.477848922047368,3.1641094576023643,2.595648861111136,3.4295799394224264,3.7806404151335915,2.9048584534105357,2.636362856919795,3.1656317606915043,2.845240427233774,2.62558614877675,2.749161970587598,2.4736618847934926,3.2671499462428004,3.1996570141763123,3.6802614733209076,2.6772377834990335,2.354756005710554,2.9811440256571524,2.6401711257629703,2.44531567808395,2.7839052337993153,4.6833578305354155,4.0493240171488365,3.205349080119194,3.543326968084284,3.293814359701868,2.9227405007792204,4.855192820947157
Aug 2013,3.385792349731944,2.6398184846575616,2.904077603053845,2.7460215605370606,3.2116642915808518,3.214592060122866,2.4327823910495656,2.4865115732823866,3.187405865477661,2.616476062200436,3.4573889133396363,3.836459118977124,2.91567311912282,2.633153125479104,3.16742029714845,2.845576172670936,2.643191081758117,2.7301836689679777,2.5200724318961685,3.2987848413845926,3.234736696980569,3.7510395170559185,2.686876476788525,2.3252820746697602,2.990644317532085,2.666532147777725,2.4418635991812616,2.771148424991798,4.75953919149177,4.079138360112823,3.219448018942614,3.5635147405773226,3.31571558416465,2.954072162198507,4.891989800973859
Sep 2013,3.385381344020088,2.6520309085562404,2.912671544756022,2.717921846479959,3.2323330817019955,3.2394972040548864,2.4503979652168937,2.517495294115017,3.1905332102230632,2.6375907786094657,3.49555082245889,3.8530983784202246,2.9029748070009,2.6204087332201236,3.1950544667982492,2.8495710191020307,2.648737637137035,2.758237557527124,2.526871553503009,3.32046718185977,3.255823073947458,3.7905041898758096,2.6865474925747916,2.340476818279051,3.013678267036665,2.702903002842615,2.500796141343427,2.8137169074180606,4.80823615138899,4.072409043714769,3.2248499059455757,3.5518937994397954,3.338217335659231,2.9564871848594585,4.9742934329627255
Oct 2013,3.4295660835524853,2.6653177265260863,2.886899305086553,2.7380254095216165,3.2525582881222657,3.2463461156563094,2.4064666179034635,2.5059438684642728,3.2072520027487523,2.643681990653652,3.505710193433059,3.8794122219173213,2.975198265762066,2.604929954935243,3.2091143899332635,2.856433594722223,2.6709314985494914,2.7549625643978914,2.4919460078823965,3.3405354199340938,3.2504812650453485,3.8108827491158634,2.701056471950517,2.292958958718917,3.010168114554131,2.650490503077947,2.488324116802394,2.8215491013572827,4.871975863540875,4.1476157265270865,3.229709037715786,3.567274139204138,3.366935265373708,2.9807104505350654,4.940471008479107
Nov 2013,3.427279434788112,2.6817374370550855,2.93428834121284,2.7700959150814084,3.2649536772463352,3.25027044384661,2.4517644879583615,2.547998826227599,3.227051769639766,2.653936333891119,3.5230210912668065,3.9372905599727894,2.9439358938677556,2.6378151531881002,3.1975957566345414,2.8593090581150973,2.67858945308219,2.7662246219386777,2.523052740489357,3.336871506109521,3.2823543481261974,3.8744922719361754,2.7262591072329014,2.322957108025596,2.967023602823284,2.657871512655553,2.476224848775041,2.8376447209642106,4.896421496079239,4.1553228067815,3.232403118073679,3.5961159927520177,3.3556576419739867,2.988295607254127,5.041913946179293
Dec 2013,3.472573389806462,2.679703501976084,2.92680502791972,2.7873351887383446,3.274981240485572,3.2717161295575483,2.4542511077780667,2.5428716621874967,3.2401651984619964,2.6671862452533674,3.544533446593549,3.9782472301864824,2.9820018596070574,2.653542394601838,3.2693371154801745,2.8858492110698544,2.6842474800263503,2.8118239164606673,2.545037530742474,3.3696423737103043,3.3045476424671714,3.885852280521363,2.753224963829969,2.3580638258321347,3.0284876146004724,2.6856543313209222,2.50845733469759,2.8638798796588145,5.022758045935614,4.210778392315501,3.2750557102828974,3.632936381500713,3.4160009336535855,3.0245181210183447,5.149461237619434
Jan 2014,3.4877394307836034,2.662334237988118,2.9327772513300463,2.7704177666596923,3.2790736074996842,3.268749682175085,2.458869969878743,2.5238124578856036,3.270454670351239,2.6429902295731944,3.5849712981208732,4.020336590778076,2.905989511848272,2.6075845699358418,3.2383258642114363,2.89653686017218,2.683002349255402,2.8263415788536888,2.5193456189674603,3.377454120151671,3.3214302425565516,3.916599769698113,2.7436078704777263,2.322791667821314,3.0340923651923175,2.690505656619292,2.4869266710959552,2.8795015118589027,5.057666442414169,4.266395388314023,3.2574969820343025,3.577088264852909,3.425886923134376,3.0321841520883717,5.254119304770364
Feb 2014,3.498339060676261,2.6845371266378226,2.94377131787931,2.785424753315772,3.3083920514349683,3.273578925968045,2.465929740475795,2.5278692464624424,3.2753870772322777,2.6707564344588137,3.5953248839000826,4.0991563241023,2.935103277564135,2.6542934168709262,3.2712092977917737,2.8610225379768717,2.7244553857681635,2.815175873025147,2.556958967890874,3.3979744364433544,3.3440069960198056,3.9688116775620914,2.735315314716953,2.3195644881302986,3.0492676719950826,2.685525247013073,2.5126470249678303,2.8943631383482726,5.144450162441089,4.268139340453134,3.27607235573453,3.601422507952635,3.431610319138486,3.038507680634367,5.237684995105661
Mar 2014,3.547459727666153,2.722954122740406,2.9933385245333852,2.8041513352288923,3.3326570441240677,3.3110479550184837,2.467694866997344,2.5365361120042027,3.2960264836967017,2.6891906859381876,3.605719405405945,4.133811492457397,2.9785229757086573,2.6472137965865956,3.287385155731264,2.9053734741134596,2.6794612156595994,2.8200435402995896,2.5651283702873506,3.4104622249173318,3.3657370222707863,3.9832217698133676,2.7612688425347884,2.350460961813926,3.062937983271445,2.7155023865816306,2.5075810227607476,2.9097489851586733,5.236828387717802,4.345407033131978,3.2941350085914616,3.611965928841873,3.4546804236722624,3.073779835128261,5.3880885541811105
Apr 2014,3.613099141734466,2.7514327811294215,3.004787698908426,2.8092406380642783,3.369112053169719,3.353022318200186,2.480305481469815,2.5833654412316274,3.327420572848803,2.70424382058405,3.6563332030891096,4.242489889557484,2.9791754780577704,2.6490171835344962,3.3323958486346115,2.9070725585850528,2.720628198081528,2.843343858612147,2.5482049590320988,3.477020251588365,3.4326880855085524,4.0957093651187595,2.7859558358827208,2.3838510153701824,3.07952282810649,2.7153830936328838,2.5597701646870767,2.933618408672139,5.422582720473055,4.414127869030029,3.2928967107805787,3.5935077140179956,3.5243288021305146,3.1010499681193378,5.47876940063387
May 2014,3.660040389869812,2.7417530726056167,3.005434798572257,2.807950745504282,3.4248279774203407,3.3602018117601613,2.479156084992897,2.5894188386889527,3.352922929002075,2.731063182812714,3.723885050781641,4.326424385097768,2.9613822445587976,2.702489635221026,3.3744635427782614,2.9395937464392636,2.747408404144801,2.85438120580214,2.5875520850875042,3.502093030418055,3.4667244074968964,4.2141129301138935,2.8158420724635063,2.374017119448221,3.072898308305904,2.7402324150808344,2.553969855070972,2.9331975956593475,5.513347238588571,4.523835653812865,3.3356146812549503,3.669480262309057,3.5594820894538035,3.1313686500715265,5.6434886375043085
Jun 2014,3.7102352879451916,2.7848511413235433,3.0672771448770817,2.8454027504408357,3.447622589475034,3.399624445937108,2.517408962848362,2.6251481562177656,3.398514053940305,2.7348537867994946,3.772280500745151,4.399401281643897,3.0043427700508802,2.700908927501238,3.399045284677337,2.9576345343037405,2.7540906369132947,2.8996165137978114,2.6025783236331805,3.5389875623122093,3.4793718688662776,4.252241205955136,2.828076891257245,2.387016741359636,3.1270734810417133,2.755313941205355,2.545446183443178,2.9630896438417063,5.569887283454268,4.653854520631683,3.358843535876275,3.6553078025774046,3.6250172881024274,3.1528868273941377,5.762720613481411
Jul 2014,3.7610710543493178,2.78813550687188,3.0740575605651324,2.8587249716464465,3.4606456814869726,3.4108984103388686,2.503717803487095,2.6163445256640028,3.416792684610118,2.751245391069101,3.8142362542171138,4.49397561979114,2.9738431365165163,2.7047766567077183,3.4116845811604137,2.982210137579808,2.7568449895098874,2.902238742820946,2.603691956822206,3.607565078862362,3.5477905031762025,4.321011383249652,2.823356173257158,2.382910676063626,3.134243695253339,2.7493184861176916,2.5755980675501333,2.995473340909545,5.6939392385696355,4.731236247032985,3.36704837472557,3.688358203238672,3.6749935914780565,3.1533876987122293,5.792784919456561
Aug 2014,3.790707826684848,2.800109638850862,3.087491033473198,2.865291699792731,3.4975581046408135,3.42263983694406,2.5140146306775653,2.627269497508646,3.4721273013042637,2.777351462201928,3.866959847445451,4.616353071611698,3.0210946602622575,2.7405094077615715,3.461533713946338,2.9699141510226825,2.76853192213297,2.9109540000421004,2.6339510077167514,3.624424212283211,3.593288576729071,4.430400812289511,2.862556068562481,2.379148198134191,3.152276852876629,2.780900217019537,2.601714855745288,2.987463766155508,5.769851277784223,4.799615974406548,3.3931122187677465,3.7123283827028764,3.708058600746815,3.1923800417209995,5.851011823174921
Sep 2014,3.8091135280817205,2.797906986190426,3.0812573782499952,2.8942511381250084,3.506382829327127,3.448519701405477,2.5084222805148304,2.6325060384911763,3.4780644163701115,2.760674452251205,3.8838606038576313,4.60644806349624,3.0186642739731395,2.7215814132348686,3.475452988389183,3.0080479202638166,2.7739716157371084,2.9295553027387564,2.653096138073769,3.663977407808062,3.6107439891706177,4.4208940487244615,2.8477286549620726,2.36906027919503,3.1678785832634127,2.764210049760454,2.5893184762141064,2.997215252967941,5.78566188605991,4.801240704819596,3.3920679061160235,3.746317348004837,3.7327837920159666,3.192464770533134,5.770256477956229
Oct 2014,3.8440318941132188,2.8143247982701967,3.101617313551788,2.867091141548426,3.533681683888257,3.4259187871423844,2.527257639177348,2.639908471083908,3.473991297727019,2.770835751519391,3.907641978555127,4.604243849177393,2.985542643087792,2.693814840520478,3.488118095462498,3.018637547386198,2.7705833929856727,2.905287914382637,2.6338645509878575,3.682514700573441,3.6277530676208554,4.431049926386675,2.8684662359167223,2.357326128060168,3.1453198012588524,2.776658283470041,2.5789368012172997,2.9780553043130062,5.747247942241601,4.780134566456955,3.382142984165398,3.731254397431113,3.755186485272697,3.2093753967133183,5.769841120627702
Nov 2014,3.8628616865709597,2.835221063710399,3.0863551035081453,2.8888656420971124,3.539806111780305,3.4330477441401532,2.510300940110454,2.629114262467171,3.497399824151108,2.7837534074497126,3.9069604243513765,4.579064498455692,3.0380430464012576,2.7355475162866933,3.4904573040870455,3.006642325321727,2.7949661432018438,2.9311099953850057,2.595279824338736,3.685186870691153,3.660472557478484,4.439826601128947,2.8610589083738533,2.3627742001182614,3.152979208622009,2.794051165918563,2.595318439162416,3.009794542074595,5.7790063203150215,4.791133728086018,3.399139296699838,3.730038129663557,3.7693744535571607,3.2254098067766344,5.698370530469162
Dec 2014,3.888405103616115,2.833952609762672,3.127800555371567,2.893279734174395,3.542435329447576,3.4358790486476556,2.5068929296381555,2.648524758251994,3.51407175918236,2.8072630782732513,3.91611579729256,4.535696884294294,3.0005630329090676,2.713864394100652,3.517790533290664,2.9855228466566537,2.7671100017364276,2.9437084054782114,2.603732126864781,3.7284859240611223,3.665495265660467,4.490642084376835,2.8823580309717576,2.3765240081280607,3.1611844071555883,2.806589994223172,2.624218359336269,3.009341796435997,5.776709864377248,4.802978621283302,3.402604787098718,3.738338321162333,3.77327602562749,3.24299877851264,5.822831806488891
Jan 2015,3.9098094378283657,2.8233499235407136,3.111070798282628,2.8851073014635706,3.5503682819850444,3.4472940560861614,2.4860691799087102,2.605987896402719,3.5144672128913217,2.7942126304016552,3.9080419331036094,4.575852086892393,2.9753757127282463,2.714434658813995,3.5027549351846208,2.9950707682106485,2.7721754963178173,2.939896716351145,2.5987280091645095,3.719495922009445,3.6642745996395485,4.49168784712545,2.871816851612288,2.3529039675650463,3.1281974135308896,2.798398089216821,2.579445671295443,3.020163750411033,5.7317553926602045,4.841171884176135,3.395277034647902,3.7397992506437268,3.7813502980310143,3.2187836641421756,5.723659413685876
Feb 2015,3.9096825930881836,2.8461331377463646,3.106982627330294,2.893674531091971,3.5547416955461935,3.429652264163787,2.492118395690938,2.6405942037935595,3.5336934943903433,2.783142251126177,3.9320469813742442,4.632268962036483,3.0028978409542058,2.739951768357047,3.5148416988336257,3.0176954608749993,2.7725274040540926,2.9360346954211227,2.626398014552246,3.741203813490289,3.662317788319868,4.476051469781467,2.873756136199299,2.358541877756801,3.1755843749221966,2.7917405376837494,2.580316639057266,3.028814298681772,5.777735696481979,4.808309894099711,3.415712461972817,3.6758445596993194,3.7893851623315746,3.222378025249147,5.592527246689281
Mar 2015,3.9228584786769845,2.8602386662357153,3.1394612844946352,2.871524521669897,3.574280365273031,3.4526131552118193,2.509799821904103,2.641163329716081,3.5328712768953525,2.795740302554115,3.945749213168851,4.602742839959702,2.9673384473192455,2.72500059084252,3.5262644058682113,3.0090535436189776,2.7604254332281424,2.9368439071461494,2.575124885399726,3.749286807549707,3.7067783811386708,4.558252264442252,2.88274078939576,2.359976820161678,3.1649938005392495,2.775161102736101,2.6191164664421436,3.0473175285153835,5.819128498128719,4.829190679240272,3.4434352954060397,3.7401486512616984,3.82180308234329,3.2530396563825072,5.774751086874205
Apr 2015,3.9909401939605482,2.8530554890851256,3.1496755019111897,2.9226819514414806,3.618417338013375,3.4945121950593014,2.5422741934852806,2.675065664540219,3.574556793105204,2.82181905826161,3.9981649212848493,4.653794039497725,2.9928841123058496,2.7314924307276622,3.5462219812443134,3.0078446727030146,2.783930588799242,2.962470871962951,2.663783200963164,3.792303451160557,3.7091349513222114,4.611560546040772,2.905690823172379,2.3798122274548157,3.2264616417079504,2.8227794347406414,2.6143586776060515,3.0746090019634504,5.8754457246682374,4.909998167633837,3.4127206912882504,3.8028813016759058,3.8691471985847774,3.275624264159495,5.791938088621506
May 2015,4.020523666224503,2.8706449494326867,3.1573111494646984,2.9253229899529187,3.626993777335125,3.5171850532167275,2.566012219360297,2.674670448449838,3.6078014020064444,2.8503195794510297,4.013539545886363,4.756802583365602,2.9731747548115757,2.7460727780595504,3.602656405186956,3.046445512972406,2.782466396736875,2.9627671986663255,2.645366411398528,3.834029211249295,3.7612465741223997,4.6220615870797666,2.910787953059447,2.3757897690319676,3.2005542516268677,2.8202024581461744,2.629632255592413,3.071276429043822,5.983244382568342,4.974334784242197,3.4331369163753873,3.786680693821145,3.9118098882377934,3.2904419354457577,5.777052982302088
Jun 2015,4.086215234306782,2.882512818169089,3.1739877805507275,2.9413431175878424,3.6672648520600677,3.5246973203933423,2.562122463715969,2.6918489404322683,3.6439352988757316,2.8469971677174977,4.049060735153343,4.758137554818405,3.0513354445399536,2.760177574487601,3.618246349387764,3.066977989642888,2.821124534716146,3.0063462606214113,2.6654223730314412,3.8461928282042406,3.789822903964927,4.696039342985616,2.933489088699358,2.417032098211045,3.2428189454763063,2.8223616300519447,2.640233125482751,3.1014203827588998,5.991711220049293,5.009526238031345,3.4561688003885425,3.7843879904996465,3.9538996178587644,3.332657447072828,5.914364931031445
Jul 2015,4.140913644988239,2.8963523136436207,3.190888999756347,2.961676826180595,3.680235397034242,3.5482813040164074,2.5461856935203513,2.690548441620207,3.6452449172189896,2.8824920515506496,4.10874522371279,4.873201776703862,3.074241784647587,2.7602191679354684,3.6489706337593444,3.057872433725025,2.793405849150066,3.009951810840328,2.657301540347411,3.908265878412903,3.822688242940443,4.788890578273908,2.961629613219877,2.4167558504433844,3.248776471128762,2.845337126707652,2.648057806401998,3.0921636050222,6.120953723093635,5.071493748431189,3.4525764321101597,3.861710051997577,3.987611671337613,3.323262272751166,5.921189478391212
Aug 2015,4.188890049431165,2.939658464425158,3.2396380512402128,2.98064780071465,3.736337917908886,3.563365780431902,2.5617258530632316,2.7109660391052643,3.6887666771439793,2.890283333648853,4.1486969812319705,4.9444044943133045,3.0793018692711187,2.7874593701040493,3.663495071733304,3.0930880529396747,2.8118624000185792,3.00503830339933,2.688712842918777,3.931315077296306,3.873276605423026,4.82700877208917,2.9617821548811896,2.3995239150865024,3.2876363966301834,2.853606211429904,2.657700736425156,3.121587943948219,6.187097153412721,5.153061170199056,3.5081928374491724,3.8236429735678406,4.019506288085241,3.3587995117326046,5.961936696256421
Sep 2015,4.214126985701675,2.9490171060489607,3.219829359063542,2.9893361304013606,3.7475091497733106,3.592348370388006,2.5581171144328767,2.717580812466674,3.7179815867405313,2.8951094316039336,4.176576612197562,4.984167446523288,3.072785645186796,2.764463970696662,3.670684468884241,3.0806896406266713,2.817693582366845,3.0529958690402634,2.741258126865256,3.957577335662452,3.8986252855634023,4.9213473320820125,2.9675468181170137,2.401210093411323,3.3064543958345833,2.8929007216439127,2.6916513253654992,3.116643448472939,6.1894440578060745,5.174681053472721,3.50886846561838,3.8831714906200565,4.060047457026879,3.3493746943227,6.030712066826791
Oct 2015,4.254889899286378,2.946951533089401,3.2273882636135363,2.9911758605824157,3.781061172052568,3.601705623697456,2.5613265721260117,2.728957457497554,3.727349362447006,2.9212166931984047,4.2015869143280105,5.035508343308691,3.072452143949086,2.7721573958224583,3.7037185478280055,3.123628473336091,2.8195152467670237,3.0093887160998554,2.683301122344267,4.018331182984936,3.9340706797692238,4.947424580782577,2.9862589559033466,2.399266207950607,3.279414217710582,2.851685973538853,2.678714676187135,3.154661719285661,6.244712006551729,5.269621106108427,3.514065234181274,3.845298105329254,4.097124367867168,3.3861337181246762,6.044478818194322
Nov 2015,4.29758680414966,2.9766966156919614,3.2338421097931,2.980960566417049,3.8093945837189147,3.6026432834764868,2.5802823842968334,2.7342502939683695,3.7588614586855056,2.9201976235807825,4.240746228887228,5.0563541655982025,3.047783779342001,2.7921849983794758,3.7214961115536718,3.1019435736615,2.857080505307266,3.0174990131272366,2.7222462762569366,4.050024847527734,3.9450570625680386,5.029908043037018,2.9809049897025686,2.4245755318985895,3.3009400686945947,2.879752922273469,2.691454331079898,3.149569019909753,6.343326683857762,5.252316718826989,3.4863792267451967,3.874655052119779,4.107003034312857,3.4163627671763606,5.995216980157927
Dec 2015,4.336146609204488,2.9712285489553745,3.2658876544494526,3.0224503778288208,3.8249507485243575,3.6328728060446913,2.5905564583144862,2.752230819104032,3.7829084593735423,2.937167195970901,4.2565446890892185,5.07255177944576,3.1416666773488484,2.8093988832693615,3.739779389135704,3.0982185755472966,2.8444192755929842,3.03098908549094,2.7129814855970307,4.091813167193193,3.9841022759712557,5.09573011571667,3.0126911769549647,2.409824926390116,3.300847407402549,2.8845987477307746,2.674800554225083,3.1524998347028337,6.38190481252709,5.306187221923571,3.5051414067501443,3.84259175319893,4.170609236333879,3.4146038392303137,6.116100666910241
Jan 2016,4.384754594523049,2.9976447026790085,3.2554862338440533,2.9933617616872334,3.849347603608567,3.6381282361315956,2.5495043575996257,2.7139074019186626,3.7853142738280825,2.9190383302328975,4.2897839776087245,5.138768630522859,3.079663905060165,2.765233944426114,3.749125277780171,3.1327544690530607,2.8414624308240706,3.0345222115377037,2.7071422009875006,4.109352045668718,4.01191833911892,5.081569496324669,3.0129273337047784,2.4042527928199666,3.3019761617566106,2.893303131818946,2.648598035340855,3.1750703308784134,6.453838939539373,5.417326282997097,3.535872791841441,3.8403449618030066,4.180470128398347,3.4244212469633606,6.110873934721867
Feb 2016,4.4122286859189535,2.9883512583378713,3.277026712865415,2.9967467224172504,3.8776580090914363,3.6738631275784974,2.5670999867619986,2.750370345913767,3.81350267587611,2.9311506100447535,4.314015091868425,5.189426339380785,3.111841441733477,2.7562255874074806,3.7655892693200887,3.1313856401850133,2.8671705581242075,3.054753126560305,2.703375207190846,4.139978183460807,4.062168791702272,5.212924345621782,3.0149389848998833,2.402837761959292,3.3340577787105112,2.9018290835551257,2.662843822813877,3.198629801640012,6.481082727354246,5.413206212986562,3.519293134352997,3.8804037339531554,4.242638952206064,3.4691035695457932,6.153149194964881
Mar 2016,4.471526541923821,3.007519691734142,3.284142580009297,3.0041813550158842,3.8978771326064066,3.659937472763389,2.5928439032821418,2.7438768123944066,3.81708055312246,2.963629134687342,4.349334283461393,5.275234886853322,3.127158785472673,2.7791078380517624,3.806534448667645,3.1182268994820586,2.873939019096526,3.046013706434167,2.699236696401195,4.195501207047784,4.109377406675091,5.271797694104221,3.0303027812052603,2.3924838099373265,3.308316406739085,2.879093558158099,2.7217952488917376,3.1910612846305386,6.522431584122732,5.415361721438607,3.5435265968064336,3.9295821185195243,4.274997460151643,3.4535277346325515,6.156438025477261
Apr 2016,4.517524211350432,3.0391849420967643,3.3153702770254303,3.046986265048529,3.9651837312243083,3.6537450294981464,2.5769730202127596,2.7677297296133014,3.871544846009631,3.0036696646521706,4.411432824972579,5.312896160299669,3.061764960267497,2.802246308723913,3.8489117178644032,3.1450562035106366,2.8919109858019785,3.101820420991014,2.7279445831688816,4.270260275525626,4.16391189756945,5.316888872450197,3.049189775745934,2.417691595508555,3.3149595496099566,2.9193738379799528,2.7289230767976127,3.2537542744924783,6.621005907973558,5.511019700036667,3.540289004567503,3.9121554394014417,4.323747039519512,3.5277088516967408,6.271105732360792
May 2016,4.6043164882445105,3.069811466614998,3.325937424408012,3.0647712445810376,3.985348174724241,3.7016055144576314,2.58459551207639,2.7912312280602674,3.9230140506188556,3.0241817070393173,4.419506767381054,5.360345342802302,3.147654772410279,2.82205915969465,3.8885426006277903,3.171636104461634,2.8803457397368253,3.1395821964561463,2.756446174203635,4.332948401655577,4.206395107905482,5.443655177882892,3.088065301766588,2.424715323568614,3.3348854809702213,2.9347293822506653,2.732832655504465,3.2199551819482592,6.651740799679338,5.57594171705896,3.6025262439309067,3.864328546160589,4.375170122989274,3.5617339212064674,6.173524023090949
Jun 2016,4.650724052887975,3.111705851754925,3.3587487107540364,3.072208386469202,4.0153904965838,3.743838623138969,2.6203687786201537,2.7999308019934226,3.928692501173002,3.0380940005654464,4.470712035817451,5.43821198484803,3.1173116764561786,2.8673600216241524,3.924435827248689,3.179519735511187,2.9128032392438374,3.1468322053158433,2.752455426589472,4.356334047967754,4.249191256590724,5.4611032577434715,3.097546907287884,2.425315036717406,3.402238409744339,2.9439064119861937,2.7508196113130183,3.241964060501915,6.697358502909508,5.540945197623252,3.6050053152001267,3.9474479093961334,4.424722043068234,3.571645957539452,6.149910605308871
Jul 2016,4.68774322635559,3.1157173459381404,3.4087015523937745,3.0909984014349443,4.057301408226473,3.745946500587236,2.621937422549976,2.824228126393006,3.9711171150776092,3.0782546490112557,4.511998689457755,5.5010608198877,3.1057433583449208,2.802620779699404,3.946810153013134,3.2316013258200047,2.896014685025741,3.12138547846679,2.7771439262931,4.420287452375689,4.284999321390651,5.513722809505524,3.107404169194025,2.4431835570720275,3.399544642110324,2.986651943819618,2.7562592290317705,3.2572786266646276,6.732318398114759,5.65454665375416,3.6221379893144454,3.90455127909908,4.442191456240812,3.5939651464427578,6.196682566470533
Aug 2016,4.719656684542512,3.1414381693785707,3.3945968944528864,3.1040252107779525,4.065087114071394,3.764793979497149,2.6436410157022245,2.8034876069480354,3.967842708405738,3.0708471743978674,4.512299257202569,5.497424837070065,3.1139130436825004,2.8269972374703394,3.956839136769182,3.207116591937926,2.912416790405398,3.128705074057067,2.7833061190260273,4.438108922637649,4.299363536859522,5.533614529337739,3.120598781481482,2.4504106781223074,3.3955680848371737,2.9827266404286954,2.7532324570312365,3.2782148384072354,6.75893683982691,5.646795295901702,3.621461449306355,3.951947226561863,4.479642953149813,3.6196401394679767,6.185787798159943
Sep 2016,4.735699419725419,3.1317766074604765,3.369239000857143,3.1021256687320373,4.091313936730322,3.7827988253717164,2.6205010365757047,2.826364020729496,3.9959437532437474,3.096152008608337,4.500755180497087,5.4460350916829405,3.1371413225116314,2.8281376618018577,3.9798713752227997,3.178677470214788,2.947469313500185,3.1638768303436127,2.7934295766386046,4.449235736786579,4.325433732068058,5.572851223099275,3.107049667210494,2.416397793391688,3.388270182480099,2.9576130141017116,2.7491502847886222,3.259925252580962,6.76867339827864,5.59247264086258,3.650196494110646,3.9922784444072272,4.4616713505375065,3.642691378482356,6.135751970895034
Oct 2016,4.735353955211384,3.1306730974636383,3.377641051039484,3.084875413766951,4.070952082953493,3.797974282209638,2.619897332897478,2.8306807309517956,3.9952934600540986,3.0579842736996166,4.533956514894096,5.4735187141998285,3.0852356257097666,2.8278012101455317,3.9757442942673626,3.197871669857979,2.934801744653219,3.1256026836153676,2.7716576712235583,4.485794686474915,4.330357212792297,5.54132699419903,3.1133832924730678,2.432188657277351,3.3726320279189173,2.97862362629575,2.7792103958947902,3.2761713424040524,6.684595276361016,5.612918464329077,3.6165179834545875,3.9841818431084834,4.442528139330337,3.631856103859454,6.121730029232756
Nov 2016,4.73477690506798,3.14949307686756,3.410468880895821,3.1028130199259656,4.089528531688804,3.7878278270441057,2.604089163647423,2.832347724931332,4.007934076299246,3.111994583541472,4.497441898129008,5.428169858806348,3.158252736594819,2.821516403595709,4.001741009825657,3.2201834647824965,2.922901320300186,3.1491847150700787,2.80522523408723,4.510172264342104,4.320883709665526,5.505241113229706,3.136458646517857,2.4142838756359466,3.40775725231303,2.9389941852118446,2.762016473934382,3.287057421822636,6.728755118275668,5.564211874433514,3.6573163003884597,3.9838358297092813,4.449168462122627,3.6414428950224758,6.1443136948651524
Dec 2016,4.786136006487269,3.154686439678367,3.4290522421324057,3.1261561664792907,4.120760745438394,3.806603816735985,2.617517686327186,2.837444345692389,4.024960657773578,3.107983921963089,4.545289401318916,5.47565279113029,3.1416379832127426,2.826433655589925,4.007957164654258,3.252044992082561,2.9589853567536553,3.1850627424472826,2.820065365209991,4.543552446909172,4.3256220193945865,5.552446245750506,3.163534073682141,2.4164347685139247,3.3974522712409874,2.9625015493921065,2.7557813452056936,3.2887786752276265,6.701209385936213,5.583357230464331,3.655537294399884,4.022169228723726,4.477203129297632,3.689836024460307,6.1076472095188175
Jan 2017,4.822392095196947,3.1931159543228835,3.432905348167967,3.1287921962169976,4.098275587373873,3.8594691376052244,2.630796509468586,2.8157825609232527,4.021535231621537,3.0925925283004645,4.559530142173784,5.4558921255183055,3.184967165455836,2.8131048813955797,4.015473522540434,3.2517190016356845,2.9060639413926963,3.1381616889318886,2.8198665334292454,4.5480839954836805,4.367994223728622,5.559074075460561,3.1455298351335945,2.426072465211632,3.400314994247633,2.9272056812824245,2.7620346788619607,3.316308695477357,6.712684115400164,5.560735321132373,3.6468669494986377,3.97833425880248,4.481894261887964,3.674420901822437,6.112929423642522
Feb 2017,4.776642726889526,3.1944517700857826,3.4165487867087516,3.1162817633772284,4.1280332093684144,3.822589588000017,2.608231849608788,2.8360908165265433,4.03890902283841,3.1013457993527167,4.540786521082153,5.538131986103691,3.108065222686929,2.798998390482487,4.051709238578415,3.2325012816754124,2.931848810964086,3.177606458184685,2.814135874067309,4.544415845984943,4.3782209892338635,5.561916601193073,3.1395440775019865,2.4057177951394237,3.406342657911857,2.9785403050310078,2.7996151578955835,3.342195174923803,6.7330714525414574,5.592612316163146,3.674612873847142,4.014837339923698,4.497367376229948,3.6923690422977202,6.1346419314212275
Mar 2017,4.822100246557039,3.2074747457707704,3.452052278788767,3.1346218754642243,4.134284927461684,3.837726355081595,2.6312864137873255,2.82714240844213,4.0453352214445,3.1236914441114583,4.551047463927599,5.501445182102267,3.1335610201246147,2.834636199026369,4.04465577471819,3.2476768678304966,2.935674777949977,3.197179910458337,2.8253953070329905,4.55607192358444,4.3851678858432175,5.54663955236936,3.1591316689332114,2.382542751318411,3.422856325201068,2.95734969325156,2.774413372029976,3.3564572014406595,6.720225258672075,5.657993994633242,3.6471955578863136,4.031781419632672,4.485260841569555,3.7252344636135746,6.073681928126875
Apr 2017,4.83934518546796,3.2144468383821794,3.4862866374814163,3.191723459588205,4.168630431487506,3.8585275195021485,2.6622611135525056,2.8403424291337256,4.073549002535882,3.1608775556057163,4.581039202647968,5.51679112410703,3.1831407613048146,2.8686203647600275,4.089998835082349,3.2693804072982995,2.9560607459606216,3.2055873471792378,2.820172062514307,4.61093628838525,4.431714223716915,5.667447717895745,3.1871840205404602,2.4176168096116335,3.422827939167996,3.0038573325157514,2.8395285284360745,3.3516846516719094,6.720133741297998,5.679250582293297,3.680803406912216,4.015476334981982,4.4995934041509535,3.769529398758554,6.116654944395571
May 2017,4.8747251999910075,3.251471957294408,3.5114715348935666,3.1760110470269134,4.212763317905676,3.8815329485774703,2.6675444107321287,2.8947095933733977,4.100398916316009,3.184069619517805,4.610198149726587,5.586489994985451,3.195197859976359,2.859653793562569,4.122579330366024,3.27511746654231,2.9582869018545144,3.2121588100181926,2.8116709216620204,4.627634601712671,4.448913322485084,5.687072940598663,3.213844144191915,2.4625132022503746,3.409540954591567,2.989913061776284,2.8208154166244657,3.378807340592282,6.857140117255903,5.70828714380046,3.7296530745521004,4.063195648036828,4.532480979133982,3.77517938672823,6.101180949153628
Jun 2017,4.8858039719417405,3.2869377212192505,3.5236191653324953,3.1815998545548414,4.25050628138867,3.887715601366008,2.6828097748786446,2.911248500289652,4.116893550601387,3.2124794902068134,4.629916881288106,5.55929905404475,3.207544991653139,2.8703920501410893,4.137286503521668,3.294176862447033,2.974097078366956,3.2559242852204964,2.8593829631538554,4.667318998131758,4.520821534139876,5.6723369286007275,3.240792464389616,2.4527178158518113,3.483038364023278,3.0444778316539254,2.851371445001814,3.4002844124752905,6.8169133879423205,5.726684651294656,3.753588752840104,4.097184138934564,4.562519287125861,3.8044909270936262,6.115106731598575
Jul 2017,4.914698572208036,3.296801816439682,3.545946563173872,3.185217819273859,4.269144709335856,3.929453736430037,2.688580273704899,2.9102423785445715,4.15543447975807,3.220546215697324,4.637606462546738,5.622355830434859,3.209354023416199,2.8804362651649744,4.1624778323409135,3.3651751830010297,3.0143693038475865,3.2567660464814976,2.8911282807493217,4.702031580723405,4.529671457066707,5.731086077642281,3.246007398434245,2.464006170523048,3.5044017868210764,3.0365113717229923,2.8434311043037024,3.4254408110666836,6.81323550020278,5.704831324290853,3.752482310507273,4.061746274910937,4.563565559018498,3.829650706260937,6.10847440027182
Aug 2017,4.9219753888803455,3.3282137254510955,3.557791239699926,3.22470800433922,4.3145521049959425,3.9726455592538463,2.7161252455770226,2.9164819375916924,4.155855324184456,3.2513146772684887,4.6724153364295145,5.631466941845995,3.225353956411067,2.8691828438658677,4.174251010452551,3.323100355699173,3.0196063227326735,3.2893719277304245,2.9041439700640717,4.728718341910415,4.5489070678155015,5.790638514604576,3.2561193722007586,2.425421591789955,3.579195403072614,3.058147736020598,2.840168359233075,3.4583359798706,6.929178429312024,5.730991551235601,3.7923947212147713,4.142234208201014,4.587515626393138,3.8577141224424696,6.135956333694619
Sep 2017,4.931337769774886,3.3387836565911355,3.5587549300802213,3.1995554676840854,4.294964234656719,3.9627041399139857,2.702186558239199,2.9200517578953757,4.148037394034151,3.2509730565378967,4.659354881107384,5.6493487700044716,3.219646609172716,2.8924896481116686,4.2174312953549755,3.349075997126001,3.059779315577793,3.279334280388614,2.887563647885292,4.74484425829753,4.561219310496459,5.764582778059835,3.2772155297377092,2.4549914836952866,3.4954821552657553,3.089713265842855,2.881515099805922,3.4639293531984734,6.878241633439112,5.742377413970549,3.7856408206914667,4.1242009093839425,4.565723250546721,3.8795567377715394,6.098913252617824
Oct 2017,4.942813135532615,3.339166730473137,3.57159955337894,3.251108772735148,4.301521928512545,3.969689508647447,2.6835423514091516,2.9303625050260664,4.179621880133244,3.2655000130705742,4.659247617805348,5.522786483635119,3.1797292977177536,2.89131291070274,4.225643297318748,3.368928430948059,3.042816171725266,3.2618892397222243,2.9050558506687687,4.748750743959358,4.5850271256860875,5.754913293629791,3.270929946287474,2.4595249211942103,3.5115938511825453,3.0875827649672964,2.8652174271982465,3.489170939733705,6.82710108535927,5.716997567157526,3.766995043886483,4.113126802843954,4.576402818024669,3.8702416914856546,6.059819920792496
Nov 2017,4.9325786516145,3.358473503852188,3.6031307037184117,3.2408021664196047,4.3163172857184255,3.9842954240112936,2.7148803059496305,2.9564602803718536,4.172952563257488,3.2694132628885275,4.677530308710475,5.561816075274021,3.208646096845375,2.8641913462356943,4.218088379329818,3.3604552043022453,3.0394570000633525,3.319100032525266,2.8980531216099616,4.731596219937546,4.5654190126306,5.726689235778109,3.2939466987299526,2.455229364400167,3.511762351445723,3.0774025445555213,2.89110471853074,3.489892077315214,6.803885225353908,5.617760028609203,3.791790238156789,4.136966815318052,4.570334321682836,3.9007015711691855,6.020203776651306
Dec 2017,4.965679662286939,3.3823265794232564,3.593080428842684,3.2519996935275968,4.317432015366773,3.981870691542543,2.703986220590824,2.9541970208943784,4.182213791347593,3.2839568609442,4.659822550285017,5.6110093432233885,3.261174464772305,2.9250378830802384,4.229233398698525,3.394332052716924,3.0629098583140526,3.3053058670832134,2.9154349073269255,4.733299399821781,4.58658170388731,5.7076875084389505,3.3213091189037973,2.4729196318605187,3.5339467164559784,3.1080937426399795,2.893410794957652,3.5021278239701754,6.786832473195869,5.697675094118966,3.8121045451003157,4.201322822689867,4.5620536808071925,3.910734214770681,5.9865927970002035
Jan 2018,4.928286266452901,3.370207569712653,3.57038012215168,3.2512160329343724,4.334786210199759,4.008647053191538,2.693795696153469,2.9343777461874088,4.15659726396695,3.2825625159612724,4.6471342930767365,5.558931070511047,3.1993404827855656,2.870491262731591,4.226663610396619,3.3808488820108606,3.0700263705100745,3.2784584023259233,2.9287669265799328,4.741716252003322,4.597762831493851,5.749237002274347,3.2850180361346544,2.4167757331152626,3.5188781305333974,3.1091914085624293,2.8854073223175662,3.4859421185541195,6.69085114135682,5.628619809938509,3.7961431641971384,4.203835759182524,4.565206601457266,3.9023956320803497,5.933075156450188
Feb 2018,4.962295428549274,3.370783360847969,3.6022709589929187,3.249396980545644,4.307005969172543,3.977398361151514,2.7180861125836833,2.9499587840684427,4.178918484571301,3.2989401269119836,4.656171702181658,5.431331831951309,3.218329166554014,2.8960004983807672,4.237210782013466,3.4011465917182155,3.0647128009883082,3.2763516572966256,2.9024446660138823,4.722447707919953,4.614488910884636,5.729298733737696,3.332871090521677,2.4374377805832714,3.5490040133940868,3.120048053478745,2.8498665379833015,3.4916119495769933,6.751160612505515,5.649494438865668,3.8045400589683953,4.1415348318240754,4.558002748428109,3.933614868039931,5.998836234510757
Mar 2018,4.933248939718226,3.3733576567509083,3.621494141505644,3.26947801375922,4.313821182178027,4.027591546185437,2.714172035996775,2.9465585838152326,4.189726341266217,3.3005587952636426,4.652574416696429,5.515254835080504,3.272620690496453,2.8683461725840633,4.26113894463384,3.440849686837265,3.056580428303046,3.3105353022799138,2.9005063843472105,4.746201413441078,4.5657336228688035,5.734759952114649,3.3234514675592073,2.4319608536473414,3.539609697192863,3.0867017212324335,2.8868823559849224,3.53453020647998,6.751073549543111,5.632260902874359,3.814304749360291,4.231331917893666,4.5680463084040595,3.9283522166356004,6.022505974200468
Apr 2018,4.963635394858441,3.4088254401589837,3.6287256483969093,3.266147745341283,4.356086551373078,4.018142409880391,2.7534787954794067,2.9670950672734744,4.198458300322652,3.3127172615788543,4.6821346728938416,5.526739836371887,3.241680304065549,2.9044873951930525,4.2572671305586915,3.4041827255832198,3.0817545102081207,3.326231852292733,2.9516269705425318,4.770088715369673,4.621623239045572,5.696202134223027,3.342585418716683,2.479165627869556,3.559609195568872,3.10022938732101,2.930807621544386,3.5059694960029786,6.777550953938189,5.560572435121289,3.8058442914599238,4.232904699550363,4.554619783758071,3.952270986346572,5.904954709881273
May 2018,4.965323886112593,3.4142955912758874,3.658884432694196,3.2635392300840294,4.353626537283099,4.038181763137506,2.7228671383241103,2.9764104997888636,4.21138050503049,3.3293761543376768,4.698619918170534,5.587653188555117,3.2111268897018523,2.9006182334649204,4.275299349927926,3.444026900709981,3.1000869222397536,3.318926595439979,2.970837558640923,4.767241813039067,4.666058613887569,5.83443841405192,3.373991038467994,2.4983828281778186,3.601700707931502,3.091951395957646,2.931565911285505,3.5317869304555574,6.816507374960655,5.64818959169659,3.865111332484312,4.218156250775353,4.550786835343447,3.9400209406464954,5.917136857928174
Jun 2018,4.962348107436434,3.4625641606048334,3.6795278166125525,3.325634416867425,4.396890440141498,4.071045557909569,2.749164405798421,2.9891304533222502,4.220768340645696,3.3696123672750913,4.71252797394391,5.550252208550479,3.2229725450686773,2.9154918363562885,4.308624101506953,3.4588255646908386,3.1511914888577013,3.3727985319721263,2.9666921544431086,4.788393042493022,4.6495597662993235,5.775613713665677,3.3880854117124812,2.480623531483677,3.5771702421782647,3.1625233075050865,2.9357156593536455,3.537911008839181,6.768128255708104,5.630837295279199,3.8783842967176625,4.249923989770013,4.595252761485995,4.0225962253087495,6.030749159278755
Jul 2018,4.989845677325627,3.4947335662573007,3.6924797281319464,3.3301636096749374,4.402244595077823,4.107611245630994,2.763634237133174,3.0047436502351332,4.2226591473476,3.3943846340546457,4.722162841270265,5.561072643857021,3.255610086543671,2.9255278543650824,4.321203541581087,3.499594595165321,3.152392932867808,3.382060399353497,2.9625455184901095,4.813028472721309,4.6613847247559965,5.806626260693363,3.385616154192759,2.4481306072234896,3.5762892965928224,3.1625163179614497,2.9351464731726598,3.5855008317880044,6.81069362845472,5.633653583503588,3.8847843273854483,4.300802214143338,4.592480080212985,3.996296461247173,5.973962255063749
Aug 2018,4.995428177646999,3.5118125909152504,3.6939104098318003,3.353769559486924,4.407645201552885,4.080597692043523,2.7646002797580036,3.0325636494608768,4.22983942610091,3.42875924912186,4.740640636604727,5.572997248296286,3.318182742045656,2.947556762820799,4.340621752899547,3.5087742061389995,3.1614038202920436,3.3695806632866736,2.9989805796226556,4.833053121797558,4.692302497789496,5.772246461616138,3.405817350134029,2.467201255648749,3.620122978251669,3.2022011916503574,2.9778911101122705,3.5863450338218024,6.744251149418961,5.6676373814169105,3.8960260584502273,4.28366655672735,4.58736074425732,4.035168746232183,6.0601488514602
Sep 2018,4.9758271132862495,3.518357115724542,3.708431951014026,3.3309526379873953,4.422709309358938,4.082995583640522,2.771016023054517,3.020574632356888,4.237969222211246,3.4443084472872205,4.739813192348194,5.576069307536093,3.260683335329412,2.9469073967630677,4.345960306606412,3.540463054904958,3.1787965273140975,3.3743224072907125,3.0075617208022973,4.799832169428366,4.677570802592311,5.796983270822296,3.4351304344815063,2.4500454753846035,3.619652868535742,3.1808700946185886,2.956932814501042,3.6371451727836996,6.735226854356982,5.602461398140478,3.931716145898409,4.2720746371323015,4.5877224701921175,4.045516144048126,5.957291220505872
Oct 2018,4.952169026211698,3.509774063776072,3.702651808837416,3.3447605170975474,4.395337263499452,4.10413059329326,2.75903404426311,3.0355416998258806,4.212289729587795,3.4072927179890735,4.690785724525113,5.524360572013507,3.263059477295263,2.9412571001853056,4.326131705198354,3.5433786285063285,3.1759943022333843,3.3728458924745532,3.013415434631839,4.854503267355564,4.659294137495778,5.770614949508337,3.4454484304593285,2.481662354402252,3.612196547739131,3.1580693592208684,2.9300562373580274,3.577672490091992,6.7318190041499,5.5815094481388146,3.9033370756965353,4.328608762587696,4.568580195987545,4.022243804455652,5.829791611219211
Nov 2018,4.920316167988744,3.5294631050441354,3.724795014373799,3.3770647878465927,4.424086862088352,4.094674368432466,2.756000879964614,3.021746712991694,4.236038166238068,3.423482622764979,4.703247378714004,5.5091168933428465,3.269198966282713,2.932425740871085,4.3237549648735305,3.554838829447566,3.1931828621704956,3.395617577103699,3.0269212590107957,4.834765656944319,4.679604395082773,5.732715485396408,3.4643778229998476,2.4759423685093815,3.6097756968221013,3.218795316820849,2.984204848765577,3.60970616619512,6.649496318314175,5.598288829147678,3.910787887777857,4.3230213150164865,4.555475446340529,4.051335200730842,5.924674104946565
Dec 2018,4.949218095857134,3.5434825689577605,3.744346988802232,3.3534083999180564,4.408676731597264,4.1138812669990905,2.7821998826029146,3.0492336411533967,4.2312011997574315,3.445521276565792,4.687399812802345,5.403474205463844,3.25680125076902,2.940332967491148,4.339324202186597,3.49491371906803,3.1880946583081053,3.3630132468372307,3.0050528805136336,4.8379691337415975,4.645177193024341,5.741333774859685,3.4484619609526277,2.4780395353076576,3.5852043438854015,3.2159296238003643,2.963083278161622,3.6188206454275744,6.645771220713876,5.544521895583155,3.897729620381186,4.313788122829114,4.522748081775737,4.039761698555604,5.845185310716168
Jan 2019,4.926533715518994,3.515586607523917,3.7029371546964858,3.3503442066754463,4.396100166953497,4.047409535609743,2.7754502941174644,3.010242714431294,4.210298330963568,3.4392469633635465,4.677204972590324,5.4318235725953965,3.3229622218950814,2.9076522348609535,4.3284616019581685,3.553757895996929,3.1848651433599864,3.3945095536212597,3.002632640639893,4.815768202066206,4.657329138688468,5.719039389969233,3.4395729111882694,2.449196197771548,3.613426077771592,3.1803496917749268,2.989313675601675,3.6228037805097095,6.637956101439159,5.470488815507252,3.906500463062373,4.378135381643274,4.480869387900745,4.028774542962505,5.813047259943391
Feb 2019,4.8807373831216925,3.5282606634280427,3.704976607252601,3.362435623397519,4.387446759953917,4.083693928217728,2.776252931638744,3.015999562746844,4.177565930041115,3.4544867427987693,4.632329323583194,5.488416527789538,3.253480872484235,2.903318446042803,4.321601818845671,3.5200396078464764,3.2011122334018505,3.3727370239200383,3.0272906607678287,4.802578774590468,4.624510254279152,5.725371889862384,3.4545986696175546,2.4420184761126356,3.595901328890325,3.2248877830989033,2.9689169514909493,3.6054874593627364,6.609432877691649,5.545384579312506,3.8821928579222442,4.30971547204749,4.484862021862983,3.991979574309581,5.772715213101285
Mar 2019,4.937110867598304,3.5059958379381144,3.7229575570359588,3.3714540611778276,4.383437990445808,4.067831673321381,2.758188094172196,3.05109241641033,4.176341031778332,3.456808473712823,4.642810212591763,5.4341304819901355,3.2886389767324506,2.8673038585607893,4.296066994746395,3.509059087798752,3.2235076580093165,3.3556831912848764,3.0266083920790203,4.7456538433562185,4.656000362130728,5.708410565522661,3.4554764176153436,2.4454106735245786,3.620589188417175,3.188715335705557,2.9838736475971275,3.6299761390029044,6.55047461867993,5.465743652051594,3.8905725323515505,4.278238017739653,4.507357966336688,4.047405839490174,5.728886882117225
Apr 2019,4.885908098818127,3.563595021768288,3.6873751026377675,3.3684821680420782,4.392456394917175,4.07178881252305,2.7688555095598857,3.059826607244928,4.186958938770526,3.469641585983383,4.650904470612378,5.409636471159624,3.3281400923812474,2.9411992515949814,4.304841421751345,3.5529265411365554,3.238420416672237,3.4118290673271656,2.988869179954371,4.8072011940275905,4.657127961379086,5.730863256576251,3.486661745552227,2.501480577627166,3.655992366266602,3.2056480784180685,2.979323229292571,3.629370615057438,6.611097586925952,5.539456133379211,3.9076803937115505,4.316245753451726,4.4781249953842295,4.053541852686305,5.770914776213837
May 2019,4.88587705258538,3.551534539774957,3.7289186295913077,3.4006207214983775,4.426906082743803,4.099072050220891,2.821054109361221,3.091927743745419,4.204591313044427,3.504898653504786,4.64890477194987,5.485868167399718,3.2895306822144517,2.942658037819847,4.353296960791557,3.5677632022542403,3.2407582983223016,3.4580162651008495,3.0473295930930173,4.805816393833186,4.649900302732117,5.684887186133997,3.466742661741324,2.495319093527928,3.635765365070579,3.227975463466733,3.015816857852298,3.6361680006610437,6.582532886559787,5.496183294834422,3.888868298112622,4.318886664001829,4.4796888839314395,4.0739274252175885,5.753755440874964
Jun 2019,4.913025599143484,3.576686037264142,3.7666871457631457,3.403549350126219,4.42507597522432,4.095561239498153,2.8019537627783353,3.0702323322573495,4.236693668824691,3.543365213781804,4.66457636107369,5.404582327112823,3.295867475227866,3.0011036616964457,4.346577425902544,3.595370116879268,3.262184680897599,3.4544714688426126,3.032745445141345,4.831391472940797,4.6780066577006485,5.739674560138554,3.527147508387591,2.52399794960084,3.6654917044351256,3.256486222226561,3.037889571669284,3.6626622824292463,6.621075970426718,5.507328357110501,3.9332773928843805,4.35739613884956,4.475262417391658,4.072575879147401,5.798176129089944
Jul 2019,4.931172619377807,3.581456260824168,3.7405491436545506,3.3927969034725987,4.4305811170773595,4.138324671086758,2.84809560547232,3.100944044713177,4.223809454740714,3.5302953506954093,4.689462372326998,5.5179165688850285,3.337628858134699,2.962994352594253,4.362887925364518,3.6002230798179315,3.265853733737381,3.474486797941272,3.096894916809116,4.848804213128436,4.7016916042077685,5.7736129366592,3.504140670456397,2.498780130549019,3.709675279238423,3.281075347593949,3.040070531459997,3.6728898966048806,6.691462981851817,5.527955040197676,3.9508179711775866,4.34505195065428,4.5128399225016445,4.091391959853536,5.9567635818820195
Aug 2019,4.920104340797883,3.6067810390226027,3.779598452269923,3.4315107876489814,4.439938404543455,4.135417633188505,2.8372971467989148,3.143511507115488,4.27558596886128,3.5528239014706258,4.7124502755378925,5.511287902059224,3.31962249559657,2.9870826200293075,4.386637308515675,3.6659180478229323,3.32608766016578,3.484609845978522,3.1037079972073913,4.8455188003386604,4.707378496819344,5.729891059756499,3.5379497954248906,2.5018681136984116,3.697049167175854,3.2759891629356317,3.031582648660474,3.6775704263260134,6.77518305640305,5.582387271601977,3.9509209219731494,4.401810387737431,4.52904742298591,4.098855881518242,6.0273864726574
Sep 2019,4.9357111667121405,3.6377357678058297,3.75987040123429,3.41161213360804,4.453843335205511,4.130605912068968,2.8535745285917686,3.122000726708698,4.235446551320148,3.545466464044089,4.708719186413182,5.500201939671404,3.3911544870013572,2.990939601511413,4.3854669253801974,3.59999324751256,3.2946330675697797,3.4716378168921374,3.096965427584746,4.850517201257801,4.729522566008185,5.782862291288941,3.52438341959233,2.51813515924282,3.684695185017767,3.3224845067822963,3.0371286300309874,3.6836236852589597,6.764195093148246,5.635365579350751,3.9640739988555893,4.471960172749618,4.499380872425028,4.134768588349731,5.934874045998291
Oct 2019,4.9113109779629225,3.641607533747323,3.8051626713359368,3.449168631494431,4.476289336009085,4.178808866699282,2.8249013740676028,3.1176666912023916,4.264459677416067,3.577507793642702,4.701504495534412,5.478043814180503,3.3604898111828105,2.95829827381191,4.382032175769168,3.642308243808465,3.313082319183765,3.471357427299584,3.148839596726125,4.853057868545012,4.699261030943965,5.766645342380773,3.5424238248448887,2.5150674095495673,3.7232310098026415,3.3136147607361965,3.0320102146245493,3.7003437668200165,6.728190423625942,5.59789436527544,3.961813337381697,4.445967763553225,4.495946743534236,4.112310053013543,5.992086293078521
Nov 2019,4.918928145823015,3.6411985201283334,3.774892399401139,3.461724001673068,4.477133980815045,4.16208709889818,2.8426659773548586,3.1241904741427744,4.258834479300194,3.572217100657065,4.7147815477853765,5.526479197282307,3.316379374390639,2.9745559795988923,4.392923000314642,3.6634123237572234,3.3576401805040055,3.47192637401877,3.0833686833946627,4.854854335495325,4.7399779955922,5.77784593128523,3.5702167619394314,2.497025954377019,3.676155051570106,3.2893332493911727,3.0698343417009366,3.6859155492216984,6.792524106682669,5.4983562799313415,3.9875701878085454,4.404028370191593,4.4989152512901915,4.136477087308153,5.966910989551487
Dec 2019,4.910738983036636,3.627445372138597,3.7670980693424676,3.438572470978469,4.454268754095363,4.1657117947402895,2.81464423071934,3.1260205557856713,4.250489839868599,3.583819174676984,4.700005291996233,5.581543817325288,3.356115220425562,2.949570243768102,4.377481038628299,3.6436870070107092,3.350636925333129,3.4885851919311928,3.161968558422643,4.844247233376748,4.705068080814153,5.745097782908281,3.57943271097412,2.4992577825476316,3.6847792447515886,3.3122435261553775,3.060369159216696,3.6927480703772178,6.842774424767757,5.548012135919936,3.978144544785345,4.424963809709509,4.47849277214799,4.1157830112078635,6.030680766701991
Jan 2020,4.921391575859726,3.6499505784288786,3.759928180575243,3.4661551578357335,4.470737130492247,4.165255491077821,2.8512509664480725,3.1113356798635565,4.233837704720962,3.5908544091825614,4.700994652319469,5.498062453172202,3.371459593509262,2.9820209186323603,4.377223235746397,3.68518476355149,3.3278628783966466,3.48979435528172,3.1065401684041776,4.825891486213204,4.743956894104468,5.768629962692047,3.5721091734193395,2.5293285581872524,3.7054583979080187,3.272864824571707,3.0430054153716752,3.669659367778427,6.730422863374465,5.568272727889738,3.976061293720971,4.425195852653704,4.495669518331549,4.11407177521938,5.932309133420775
Feb 2020,4.937704265269218,3.629587062013094,3.7883328700982286,3.443841519377474,4.443092205313206,4.155701547428382,2.846190374755519,3.144656002612411,4.237560465808182,3.579720574370695,4.712630267855258,5.545882063583912,3.306637859048456,2.952854734969345,4.393594377490345,3.6704771851883087,3.3658876193206093,3.513231646504115,3.1386121146763224,4.846347344378735,4.725499260136465,5.763133593387661,3.58140385793304,2.5109809253711544,3.7335857875208847,3.3330695006364843,3.0627836757717306,3.7035287898145386,6.758157279355365,5.594014743236294,3.9981162199340323,4.4207844475398215,4.488989385497426,4.116511051168664,5.981641870266597
Mar 2020,4.913643173018462,3.6476926572044714,3.808082567329986,3.4650798087553794,4.489208917331008,4.192407469598227,2.8553300567354882,3.1443299123432107,4.254519866692765,3.6349156745317974,4.712035324652603,5.535209060416685,3.3823626133868143,2.9912866379023666,4.386002193119958,3.665126373369705,3.4073937948325144,3.50697419694354,3.110460058382186,4.875692072428469,4.69365567058384,5.855559621300115,3.6231088252391515,2.5434376136526184,3.7169405900703096,3.322804327172643,3.06003922556975,3.7156869870057307,6.721171260393039,5.631854331884809,4.013245719773872,4.444736069743754,4.50491688819616,4.165382506793103,6.014315066734969
Apr 2020,4.893014189635572,3.6177609005423847,3.7964032213573065,3.4303387097777995,4.468681261646307,4.162376561248573,2.8418473075986626,3.1118809179925684,4.226332300061873,3.564472933853144,4.742980062779167,5.543484540217519,3.240070384483995,2.9857482303014353,4.390837969622187,3.7211907637925288,3.3785437592357286,3.519598669144503,3.0809590277194743,4.845453084948075,4.70234023266996,5.867124748217564,3.578170994121432,2.4888184816101426,3.653388302103046,3.2861409197603897,3.030805587726452,3.7050920867200947,6.769052325260909,5.610108175983825,3.9476889738552785,4.399637965332256,4.476529997624815,4.1699129291700405,6.097097797040791
May 2020,4.929940334896033,3.699275794879386,3.7707628686534265,3.473302620936629,4.5117146676614865,4.202138632701837,2.8554996113464233,3.20361287733485,4.2428153242817945,3.6423529754879023,4.75995234256622,5.527113103664852,3.3698071837276458,2.999094596524903,4.445836796922126,3.6527969894630785,3.356109157575641,3.530074655630023,3.1526802909488043,4.898080458465024,4.761216842911495,5.883574706698408,3.632697682869734,2.5514774393251933,3.7516605216177963,3.3680820724425233,3.120775000608223,3.7220761445434283,6.886956420743864,5.485366806339661,4.020608354529954,4.447205136485579,4.491824303296194,4.17128031008312,5.9131673554059665
Jun 2020,4.9921951824245845,3.68066384943097,3.8430247844753107,3.5066745191765345,4.550095494474598,4.215726870736578,2.8680222841252543,3.178596139442338,4.305918440955309,3.669006303146299,4.7348606601740935,5.661193220935685,3.399811739262368,3.052189822621212,4.435541884949532,3.715693048938576,3.420717315401128,3.5281351393770266,3.167278184786662,4.907415182939002,4.750340734719203,5.8142246691482695,3.6572974259953983,2.5097263849608664,3.8050194390646617,3.3551382071627236,3.0980962467342246,3.753911411290059,6.871473580635655,5.663485871394873,3.99534155759001,4.458860380898081,4.55380854701854,4.162022504808335,5.939641906650316
Jul 2020,4.9947807329888745,3.7305074398937705,3.862088950227698,3.5372168120356062,4.569142845475866,4.205566897015569,2.8957957498794027,3.192262624001819,4.307979184474611,3.715072473369283,4.77619692735824,5.634309357658291,3.379290398950869,3.036928191888377,4.450645840164925,3.739410039198172,3.3930396380573185,3.5363644075916616,3.2107537590837336,4.910417442042424,4.788373752965083,5.89839499214774,3.686380156147844,2.551753165990131,3.7703389963679155,3.3976735631485306,3.0943753240750302,3.784514411702538,6.924422554048947,5.719786168946399,4.026470267276354,4.5599894407004715,4.550187860828263,4.190365601212051,6.134077227922569
Aug 2020,5.003578660523358,3.6904295556700015,3.8747813199027865,3.5613195060188487,4.58847568101242,4.23322594442376,2.910687389567315,3.233230526558623,4.350204037950668,3.741835201064091,4.812137130237399,5.638474801216437,3.4341715488015625,3.0320879733515036,4.442590472211102,3.7257737137555615,3.4355360010842526,3.636853881197764,3.2458130037206048,4.888894427012932,4.829299715958293,5.9014286524409965,3.682166924333072,2.5744127913004737,3.806916471738216,3.4101749421203666,3.140683542877962,3.7596969251068426,6.9897087417224055,5.752065627937217,4.080452054242487,4.643495960871243,4.572050476183885,4.23129559108504,6.228617519042962
Sep 2020,5.020754468203027,3.7523075476391163,3.8989157309647604,3.566569250112121,4.608143058133702,4.28075047919034,2.912957092414272,3.2686058647249694,4.3568381579007225,3.784916346331716,4.845868787078707,5.689071994425955,3.4490741158863063,3.105079100448645,4.510815739302221,3.739248496801336,3.4534280808852995,3.6122577027660694,3.254210043629135,4.943311876804873,4.813801768714173,5.997864630232092,3.691628008169095,2.5859339834597255,3.829462771358762,3.4384801172492803,3.1297110275306093,3.829940838604671,7.019825334521271,5.776243266898945,4.123480431593942,4.631320685486677,4.607945953972683,4.227517451328828,6.151138571373551
Oct 2020,5.068199278782121,3.8113602548310475,3.9300032547560417,3.6197889672015786,4.65152391990371,4.299460917773007,2.968895750681916,3.2993204212453837,4.383297778333152,3.822837778916704,4.863233411906149,5.75001634753963,3.4880165939917194,3.1229583748338285,4.536249464888395,3.8074800139800113,3.4888688204538423,3.6268454300292414,3.2656005650473103,5.000623038395894,4.873456627168146,5.988527103268516,3.7416501079246314,2.61117726328041,3.84446847033842,3.488470513826723,3.171948920650975,3.8205554976293823,7.00804171723105,5.77716470491187,4.138712602206927,4.69504888893457,4.618655653407133,4.244028303711926,6.185083704274528
Nov 2020,5.103915936519363,3.7963569331546503,3.9499923668711703,3.6290721194191367,4.693140046576407,4.337799859491203,2.9705980991292265,3.3384208693106983,4.430974371199026,3.8425144509457203,4.922680735318439,5.798735296680759,3.5203003987544177,3.099137763771958,4.5646224756661065,3.845986947179931,3.556645488305556,3.6500348209510673,3.314712918829563,5.041624786796539,4.920048712434819,6.034424996528349,3.800771366386287,2.6021916035818853,3.8822122166968316,3.5208137623774176,3.2400854199065554,3.8691936821951813,7.09320204442794,5.778674006967659,4.1805570295445875,4.708261024025794,4.656586595149534,4.334828304647824,6.206136079355076
Dec 2020,5.13240981020784,3.832636275670394,3.9636826912325236,3.645665928353957,4.693134552587493,4.396073579625335,2.9829374850254347,3.3462950159128835,4.4353183503827625,3.8621717027140634,4.937916884740705,5.793589399469878,3.5544764384274923,3.150418566501805,4.582120246788047,3.851393285305863,3.5970310222342645,3.7395800286152365,3.3363215441787135,5.052323275201797,4.9387705950437955,6.131091818106813,3.7914722996243606,2.639007688606761,3.8941175363587415,3.553320172661715,3.2029338326432795,3.8884985477919916,7.114108297092823,5.867699652493524,4.212130396951063,4.762845155288821,4.683684244516686,4.337618031499828,6.18057939347339
Jan 2021,5.131456031406042,3.8369225357038395,3.968555764081129,3.653631227057173,4.7213039112057285,4.398654656961371,3.0205679927816647,3.3738886092099367,4.475387390830437,3.8854373521470507,4.967622525414012,5.789702432105892,3.4787345227661857,3.1553172663317115,4.618135569203521,3.8722967135961417,3.5845225436422186,3.702496725642408,3.371802288974041,5.0834019335505465,4.955047613680646,6.155988191937668,3.8051474237892995,2.6530139383216946,3.958152175350943,3.5886567869461703,3.2252199150603125,3.9103112991591984,7.097322330393636,5.792591584952088,4.212534661304554,4.813552259327507,4.700293748650941,4.379821557363411,6.156678254974805
Feb 2021,5.159344117218196,3.8589094367039114,3.995842337444138,3.6866790405841767,4.718146318563045,4.4087187149312665,3.0261812202073815,3.3654896292917287,4.486626096314433,3.908367312101118,4.977453019902702,5.7986693625484875,3.551711247387598,3.135594210671727,4.634039976346922,3.912309151580798,3.599410208305226,3.726854290021609,3.427639812710494,5.104598126556922,5.0073612902788565,6.175118675165972,3.8092869800726468,2.6424183278139903,3.9258499924571075,3.603607838017689,3.2161092940472713,3.9633120660623566,7.0468046270726665,5.83878705202403,4.270067369535505,4.85344899809213,4.718799792947254,4.378617158160728,6.064666119538933
Mar 2021,5.19719510689987,3.903599774138854,4.011925232444835,3.711011387558025,4.753589552160648,4.432350496338261,3.042082800775251,3.394134129873162,4.511460113558017,3.957890463797877,5.012569763643401,5.854493374683861,3.558467908208749,3.180760755485226,4.654401677463381,3.9166154536474056,3.639795233375286,3.762167461169622,3.401870409893551,5.096183824013625,5.01737520426092,6.164836062279896,3.8429250999563793,2.665810384630583,3.9700338706038463,3.6206227142953065,3.235320465885321,3.917842644945807,6.972199901241487,5.840211276452846,4.294154862125864,4.833217630123002,4.7258116422511405,4.39183514610396,6.095051701073175
Apr 2021,5.193122655289018,3.8874493238408174,3.9866963693401694,3.6982167393136955,4.723028170805655,4.405612992594582,3.039886014508629,3.362009715171397,4.47947085155564,3.9042396675536772,4.9964061181290615,5.771571556651462,3.5226770272415444,3.174643043516698,4.649336389037891,3.908616154258382,3.670097786175382,3.731774099460355,3.397824652270087,5.109031499295212,5.036782954728087,6.050295716967611,3.8440047749184956,2.661273188583195,3.9476027124981736,3.5691381723028845,3.2345244201126238,3.956492805647339,6.965381095639859,5.848538183225946,4.23948615407906,4.857525859855857,4.707443248616127,4.403606316910388,6.11907932121562
May 2021,5.215729884889431,3.8744748861857565,4.027712209193703,3.7119666249020176,4.773651594974026,4.4070923704901475,3.0504399164189437,3.410439232043027,4.484626436485536,3.9741260154490687,5.004263657144051,5.79043209593054,3.6260814611243073,3.1710572290066574,4.660317337842039,3.965966005416999,3.713346400864696,3.7470808856138937,3.439926750802286,5.124025390020588,5.035397792038038,6.053972533608367,3.8792217145908796,2.7079925824942768,3.9533376068399217,3.601916787308433,3.2631301058377034,3.9693229757455617,6.8770323614730895,5.76978724133055,4.273786228363385,4.964496538660932,4.730736131327938,4.420651515738822,6.012092180782306
Jun 2021,5.3245546496251634,3.991335006570179,4.148532760889507,3.8370674409650376,4.877695301006797,4.602791154104082,3.164305626736642,3.5316182325119105,4.649232085955284,4.0824950541883185,5.1374582648718174,5.930875381775025,3.673715666109617,3.2630774521709935,4.802330649372565,4.0542101767447365,3.782669533987283,3.893082983187722,3.5553441907066152,5.271252578979161,5.1318731904418415,6.2713607449938715,3.9852599037923904,2.7600785211490084,4.109658069142607,3.743923123754738,3.3724617096446865,4.116628329648892,7.024262887305986,5.959326257001405,4.460501932229525,5.143726594366755,4.828674342628878,4.518875933454257,6.148742248462454
Jul 2021,5.1872996225768775,3.9435781244490853,4.032626716864177,3.787457544426311,4.781003088387338,4.432553995428417,3.1091268930162155,3.437267984500836,4.522861152317577,4.021147222379832,4.982514093513728,5.7896731945200965,3.663100407543983,3.2034772700793313,4.6837222346302,4.014061518909724,3.830263850620621,3.810237379429518,3.452708017205642,5.182928371894079,5.1137101315450915,6.029020439661184,3.937003272150076,2.728725949943895,3.9780681758344243,3.668414742300042,3.324407412320075,4.041966280327488,6.958816156849377,5.701152270610565,4.343555510750288,4.939894485999994,4.708460528396443,4.543780871163741,6.118469662447717
Aug 2021,5.364943893839183,3.991761744544915,4.162969633444386,3.858364826252666,4.884021629897452,4.558238044197918,3.178737346784869,3.5213597913124133,4.596909297705234,4.093177376652889,5.158395614118494,5.9558616082261775,3.665052125602655,3.2701476505550944,4.810221445764333,4.070328478268034,3.8813658818388945,3.892658403644609,3.518332584941261,5.302177122914051,5.191952997652769,6.246590718432733,4.0056733653547365,2.792799475923631,4.087019447365052,3.732152176559116,3.4102315137545403,4.0780076227855,7.095544366877648,5.846884714810034,4.447522545381041,5.160369656900358,4.801758000093405,4.6053796632603206,6.210011472815402
Sep 2021,5.3871249254056846,4.076837419436015,4.234889187157072,3.897419565998269,5.001868622390198,4.674277339940904,3.249614387884357,3.6222095495313207,4.729938113365042,4.192302478243407,5.242957850483359,5.964002721144323,3.7691397711349692,3.3511783232558363,4.9280860341564665,4.158789476329648,3.929398168502922,3.990339453270273,3.642381159454297,5.357350532973707,5.305244877535824,6.317270942117001,4.0839824517423615,2.827089276952251,4.175879955197772,3.8076351995276743,3.443043599992393,4.178531204150108,7.125536205790209,5.946279096763964,4.592623991003178,5.295211142262703,4.8937048325230075,4.680080185735322,6.1342531148903054
Oct 2021,5.39211295835979,4.019709772838097,4.212622345494853,3.9169142959642316,4.971441535915646,4.639870052991194,3.2234727749739722,3.5340427358861173,4.62182068897047,4.143383182985086,5.154937353463409,5.949899585933002,3.673327131752413,3.2700107293248473,4.932722978599625,4.1814831404946595,3.9871443453047966,3.884937332680247,3.550194567181115,5.329066978191803,5.233784548732871,6.240001510291277,4.073121162442612,2.8036067622405025,4.136816752402562,3.738026625426618,3.40833975703869,4.133208463812791,7.010500617606979,5.9379744940866095,4.539556600134663,5.195120234245416,4.8756118534434565,4.675937576497636,6.141362004056473
Nov 2021,5.438225627023409,4.062854363852834,4.222066220152748,3.963515561039022,5.001767539013476,4.683754785544874,3.2701513151431025,3.559029685716197,4.692227239383274,4.1974800564742765,5.217902459626438,6.022336820737808,3.8206406748323016,3.32383347056144,4.94729522542714,4.239420248156288,3.9804514773222217,3.9600625661873288,3.6398770071459006,5.384990914724861,5.292405790098463,6.2282314944452715,4.112151276598479,2.799493715254182,4.183500452405645,3.8868096208915714,3.4531902629866504,4.204849272863689,7.038354527748017,5.953879387451322,4.646874631045184,5.337064825560367,4.916976764618419,4.69921050600702,6.078905367134011
Dec 2021,5.42632423145566,4.08686865534116,4.256168630690368,3.982376055397445,5.029979790356574,4.721637544042909,3.271052759799075,3.6048355041865,4.775849626408889,4.244236331095268,5.294052458761797,6.01994160789501,3.7718521599345083,3.3232934956836586,5.003189454396484,4.2463552389697155,4.033824918680056,3.9822090011868525,3.646344236759941,5.446565136942517,5.346006073897194,6.337537869760853,4.14013374012911,2.878835598702875,4.204607660855446,3.8486814178965223,3.522019507165416,4.28359012351367,7.113916930495796,5.939957061075008,4.629554747121775,5.352166636887553,4.933467892857484,4.739661922641867,6.188339541813655
Jan 2022,5.485505144998914,4.1436724793266535,4.318540330983827,4.034301939443547,5.108879698783415,4.799697327924341,3.3314254451161656,3.656892058705118,4.744676002100493,4.305466987993423,5.324792576656436,6.068934292387581,3.775576757666928,3.3756788579690884,5.013055909046537,4.239427539193959,4.115394512996542,4.045081628399887,3.6769098286403428,5.452290417259699,5.4447046669091375,6.391191535119931,4.182540548890123,2.8449665651375846,4.307325555420872,3.978354632610661,3.5340765370745335,4.297434556317093,7.1431797672050035,5.91385047691261,4.7342718307705285,5.337154807752535,4.957952169662072,4.791981021402343,6.284266891972257
Feb 2022,5.500386276193138,4.175663914120334,4.2933858735499015,4.019058305347212,5.095593211229956,4.820890750782702,3.3040150577886194,3.6997443858052117,4.84013501791764,4.268562805566738,5.351671772806503,6.017410137349792,3.8842828372317655,3.3949032258991756,5.032854961249553,4.339625329311097,4.092000588838703,4.077849090763472,3.6513983607318377,5.502266785112421,5.435947322034317,6.384607681671495,4.189400504458467,2.8811522094322752,4.31952991370748,3.8976383435845054,3.571313513812381,4.322845301586371,7.13904910832883,5.993658441854352,4.7602943786445895,5.426594500836765,4.9983116681384185,4.815071543218023,6.1563577395066895
Mar 2022,5.524958981053525,4.200187401736059,4.32019021355597,4.05349764391551,5.172602546001063,4.835908902883874,3.329643229406118,3.6701557271131464,4.832141037498172,4.324675327825026,5.322814425353893,6.05257145105841,3.806121167522727,3.3643974695111276,5.10199214331763,4.291163200693402,4.108192511517705,4.028688899886289,3.7172919060365603,5.518159167867057,5.475289782718188,6.393268000312247,4.236058132323636,2.8722793678388596,4.265187514814987,3.915822426238788,3.5760096345354335,4.303873350101595,7.117991095235999,5.933215204969264,4.705913541626522,5.50760229868216,5.0506803837034795,4.870383875644911,6.268683352047061
Apr 2022,5.55747966539915,4.221017146451088,4.386723540904918,4.1031123645307925,5.185154552307794,4.904012885413548,3.3364109720309356,3.678330192389041,4.873987088787672,4.343093911259021,5.395650399452306,6.091252222797586,3.909496137513473,3.4084368346662393,5.150118545092097,4.345918823303687,4.114586393564138,4.15939088847589,3.7574513570424224,5.55721066064526,5.541614706195906,6.396876081286805,4.316038469298216,2.886511713949616,4.376490643448948,3.958843363020119,3.5144921446000783,4.412783795611016,7.194754698603313,6.003389191641583,4.802875351956463,5.5026811750750975,5.066594195010647,4.8682428535704645,6.261623376618313
May 2022,5.587399252906261,4.2511654925797355,4.448015848605015,4.140472745599906,5.255960323884409,4.9424813821034,3.378523353107413,3.7428888299171357,4.888581348656893,4.397148923735321,5.448875112215359,6.104248127006235,3.9489575997022883,3.4319631179903247,5.206711157920182,4.4257274609072335,4.243961167117302,4.161253748491343,3.771586546952679,5.578852676214733,5.541459545682825,6.464291845949742,4.358772248345615,2.978586875959254,4.389001566016689,4.014401811801941,3.604647882431705,4.419116560869705,7.2195708140861745,6.133907536914881,4.864855976927071,5.690217829000395,5.124873205325792,4.930980810513491,6.207685729472224
Jun 2022,5.704071779171661,4.2910065035814595,4.444859387982265,4.190946133620807,5.310378475314413,5.0282141261720446,3.4140942273432264,3.781528972253628,4.962657732976855,4.47558639918253,5.503932418495933,6.193243453403327,3.971000717176855,3.5331847822197195,5.243502904246189,4.426162914913076,4.262235548408008,4.2261479160708,3.8674035161447917,5.622216995450739,5.605035505160612,6.580522066239923,4.381089699399522,2.980037171498736,4.416470635417565,4.103628716301531,3.640932488834569,4.449152266556616,7.271785774025305,6.134933788396126,4.903488312730864,5.5552042050985255,5.161013424470076,4.988677920912872,6.208569098883285
Jul 2022,5.70239277671336,4.331245320663172,4.548321058707704,4.247567546548518,5.405958553470832,5.052859819762579,3.4712829471534405,3.844358382391233,5.065103374656383,4.516936679109549,5.593752154318451,6.288444506036369,3.9624770917613232,3.521989675437526,5.316198288564129,4.508757889712341,4.297957967995564,4.244803153491094,3.9274035664081146,5.751413352002609,5.695132603856091,6.64137778353982,4.417721501741004,3.029104219410286,4.536589817268805,4.080534494448225,3.693859683577258,4.545542871902197,7.284290174756116,6.162281015284813,5.039957694945971,5.629700500634944,5.226223395388721,5.026420245360285,6.383352947558971
Aug 2022,5.792212240714779,4.373241247929659,4.576556057827294,4.253453500694868,5.477842816340019,5.0973465022335835,3.4906237251933416,3.873307274503,5.09883885796067,4.555661903412334,5.645958486857677,6.285296965387026,4.001690801025037,3.553748632392015,5.334812979954368,4.51777752976862,4.3015234330883265,4.307164221844087,3.909474142094078,5.755873047099034,5.704893990715436,6.614695081320334,4.495840511888313,3.057128964352174,4.539715141528343,4.158554797409667,3.718728714791285,4.568838770911887,7.453213639568022,6.221031715254634,5.056628974564628,5.800243628402945,5.268769626743915,5.1122578350108325,6.4614459699650135
Sep 2022,5.809967398391988,4.409474014878313,4.590234765756303,4.314433045780322,5.524201582455221,5.157638867440668,3.5412541026993476,3.90132141313294,5.107415617225749,4.603143027416504,5.659694201777849,6.350815101499793,4.067237595455096,3.5624873249717783,5.407859085376977,4.5538688023001495,4.3748093074570695,4.356557172467903,3.8899394631932083,5.80906937150938,5.764319704506474,6.657468718906958,4.480825744512724,3.0535958534700476,4.577162139064171,4.186165219857783,3.7389487708779185,4.637609235442249,7.374521246017612,6.2817635832069065,5.063817626614087,5.864378820539267,5.288372888431436,5.1567004806847025,6.446076000656368
Oct 2022,5.859242828831784,4.483841388109684,4.619755872095732,4.3060888403804825,5.546477645100047,5.136842385464908,3.5383042959164728,3.9287154209672437,5.128279998081802,4.6376168503485165,5.6763557434902605,6.346032615658595,4.0987673134402245,3.6271299197957303,5.392928224026056,4.64336956164818,4.410185158302471,4.364638136902561,3.93927260687752,5.807221519184555,5.758906790693375,6.736523411311118,4.515997182109828,3.0775827666932267,4.571796913168814,4.224395074909361,3.7563145021374176,4.638038230481855,7.351170244785672,6.289897712256373,5.139571796273162,5.840142845294332,5.279251028031735,5.172578674642475,6.374663920349453
Nov 2022,5.792673455269392,4.488125051944354,4.6555931358823015,4.340887158825975,5.524892105531582,5.15978143900502,3.5182825066607935,3.926295607175761,5.1374221211515945,4.579456913868029,5.697263831076402,6.387140902780224,4.0482283861545625,3.5742776617132757,5.4025387545015935,4.624706288696875,4.36726305031468,4.353317777197061,3.9892636214505965,5.841775213673356,5.769348520990629,6.6950869962694135,4.517323922124033,3.074177675095076,4.581776199019132,4.245741016830746,3.730438169098133,4.6617835885949575,7.329583584194529,6.208525707163394,5.094270897404432,5.815902678116148,5.279162096071541,5.171340460800244,6.414468244452009
Dec 2022,5.771907366909281,4.442755339765028,4.613829456644619,4.335302711232345,5.519188944528128,5.157480937205123,3.455206164580223,3.9112849626050075,5.129358567598307,4.643175139122087,5.675180737437263,6.316382102469036,4.0106288990565915,3.566402675457824,5.399457063127272,4.60857781290348,4.375000634849074,4.35352969451972,3.9764560019421835,5.79486259203023,5.764253662596184,6.659673456657552,4.5359475805566225,3.0632713662112843,4.545960412147811,4.214668194588926,3.706630707012073,4.58468551680909,7.40982203040444,6.183506035369499,5.040034670357472,5.765501727475814,5.310621672584834,5.184943030002861,6.359211168383777
Jan 2023,5.785618246413584,4.378405762002811,4.633349607409703,4.321860844591007,5.504138658817505,5.121587464793854,3.454428218516674,3.8409867062507286,5.076350262463711,4.54510412615906,5.605965371044883,6.267504647040105,4.016696477980938,3.5790257397343157,5.343711473598209,4.539572461671605,4.345269917673305,4.340979375655603,3.931078207919625,5.718839616311477,5.743522862841241,6.6526593051169876,4.514689224150047,3.072023432803273,4.509665980544494,4.205612583388204,3.708371713312961,4.62198998581886,7.226324861335378,6.272987738997326,5.0515740811514975,5.7111379821721355,5.297303525185606,5.148665343460782,6.216081412065376
Feb 2023,5.7244733204963225,4.427587942363712,4.5668216459721025,4.263004323444802,5.437615886203861,5.05997513785063,3.4828598218715627,3.859342520175551,5.055367187346482,4.597829499338794,5.536336912854787,6.212360243935084,3.980276451439721,3.582179414659086,5.29259239275317,4.555371811899667,4.258139378480026,4.3035855855462355,3.9480410667411734,5.736529358393399,5.695927715261619,6.604466250879771,4.478790494506998,3.017837730713394,4.518735269042761,4.1378315686097915,3.6642725033508268,4.546947088628987,7.286288626085835,5.987331155852598,4.962876309553327,5.664747288909412,5.252060890204455,5.1167819806453405,6.23838660666285
Mar 2023,5.64536863111841,4.389723611762201,4.55664009053951,4.2311664589596925,5.381890532033325,4.972515309901434,3.481306449979924,3.766171567443439,4.992824990488777,4.510063446735904,5.558885869816185,6.205355409000081,3.9924615266522903,3.464570997533536,5.299254203310271,4.559603693826272,4.296507133504183,4.256955531634679,3.9393223751592186,5.632977209778663,5.583662084563674,6.534585901804935,4.423976983081098,2.9645818956705265,4.439142423164812,4.073971843611933,3.6889261164857685,4.481916542002802,7.19046350405422,6.008406496680593,4.923601277727762,5.687926174446605,5.205193427366738,5.044387764795409,6.0987402884348505
Apr 2023,5.649943256104257,4.3263627308299695,4.4957941348516925,4.258378442091153,5.382065334915186,5.040500689653162,3.4462329051863843,3.8627174711002548,5.017048935024531,4.532965820630557,5.483720634802697,6.2053840237922175,4.0097208491206935,3.544369504650085,5.237620416968364,4.455592753274251,4.241784922978366,4.28747624735656,3.9360773153022075,5.578056553791954,5.59089162990038,6.560954798864425,4.465741037862243,3.0057687511438003,4.525621786723707,4.1578997230330685,3.6961985803892756,4.499323416798261,7.181724313614008,6.046902170799019,4.898393111915982,5.600995690990329,5.2039825380118225,5.108425745622105,6.082565814990224
May 2023,5.671136540896456,4.422026272339112,4.494852484575474,4.265255805557893,5.400955709123303,5.001540061149239,3.5252423173585585,3.8580928899647415,5.02192301994209,4.56027795032472,5.4951780125790295,6.147750286551753,3.9981758906579357,3.6056660667942655,5.236068649837257,4.60561318825545,4.278626067561447,4.314220918713167,3.8907824872324013,5.580893028967748,5.626404913230264,6.470677301093939,4.47369795309544,2.997886429061235,4.409393009882789,4.084650432992772,3.6623262644150896,4.529013287809633,7.134207399137541,6.068431891888772,4.901185441236409,5.6627477609605394,5.1628403655583774,5.0411061869472285,6.310146259706977
Jun 2023,5.6910736330170275,4.4121125718397645,4.500594235845984,4.296513444498963,5.378100856433204,5.0463643975041546,3.4993308771341467,3.878129074131983,5.0473366137878735,4.607012391756308,5.515023533707988,6.220400031069769,4.064364662067751,3.570334790491651,5.2682927527364765,4.562306956498342,4.332089883323826,4.31576170631216,3.974996199541595,5.629561363965068,5.649620860063096,6.556373430715051,4.501491628151953,3.08077001461777,4.506009809330947,4.125050946846204,3.69945203985766,4.484892226324064,7.158362894434513,6.158595200434204,4.973209562359319,5.7732988566012695,5.2294145296050685,5.062870681559077,6.1207984323370095
Jul 2023,5.754104514870074,4.48281977328369,4.5850772075934,4.302746325911106,5.433924520731514,5.097326815438213,3.5141322327916122,3.9109233612236203,5.095844956410175,4.586201726117684,5.528695489235872,6.284098235949871,4.030633534752846,3.601900327128799,5.276879671294009,4.559091122207172,4.352580123694374,4.347654830028053,3.973051531928938,5.689730132406443,5.661703032840574,6.586731044516511,4.514951128274089,3.007119621642213,4.549138279171618,4.2185195161454985,3.7459976924929026,4.5385371411705115,7.250057433455203,6.107846799692443,5.022143325163127,5.751357872757264,5.211866073879874,5.013496372241999,6.2532010454286695
Aug 2023,5.68823309109493,4.447540788567631,4.611776822316168,4.313630103662077,5.446705604644871,5.086380680979008,3.5240771173614904,3.9432778009464657,5.017715799654152,4.670401815782627,5.567007669176559,6.253560936380809,4.082926193600865,3.620035643786688,5.286698710036747,4.562231430264063,4.356098960935691,4.354133398734253,3.93296920389856,5.649784235382058,5.625358196297143,6.611916388173253,4.501736201238668,3.097120213609302,4.605365975701229,4.221178063052739,3.732135534986703,4.572189999286433,7.2555351423532635,6.2310090798449345,4.985771564119204,5.862899023527918,5.243763090102294,5.027031847763355,6.298018315500864
Sep 2023,5.720888579979118,4.442699809708853,4.547805375157176,4.355335165781289,5.479726820709553,5.092586786750934,3.545974092020772,3.9390933522308327,5.0318249367685075,4.620139177039586,5.524320118047908,6.2387625358694105,4.033468952767891,3.6132252904791433,5.2521625706445,4.617691668197157,4.403201328719212,4.381422232319722,4.02223991896123,5.688566876170111,5.667820338183402,6.60250766938771,4.503911755406538,3.0530177274742547,4.522121366297592,4.1742496580664,3.7011703988178426,4.576564948678807,7.243274266132886,6.1285018905048645,4.966695568990886,5.745749977669612,5.207558993927444,5.085233610631834,6.202002905919736
Oct 2023,5.688983764938383,4.438899226118853,4.576988266227398,4.31244438504874,5.452411821390215,5.0518924470613165,3.50383814903588,3.921456976024078,5.040757528091229,4.620165011978204,5.5500493667835595,6.173594091949874,4.052292776562898,3.6169432037545417,5.261915323785073,4.597977662314547,4.353339133008302,4.330904664518585,3.9418767523563325,5.629085679492431,5.629354418278568,6.501721330048769,4.528470510866654,3.071666276773441,4.548471774984734,4.212263664479081,3.697423758842684,4.406414169861478,7.2289921151673555,6.1548063882339985,5.033254725336839,5.846343357061591,5.214403015349825,4.997151763856897,6.2472373599531785
Nov 2023,5.635013370973669,4.393116082568533,4.541108628895855,4.333175394394933,5.435963272807115,4.977399621968076,3.5340227101900017,3.957519355604687,5.010696513383607,4.645307430400051,5.463827271935735,6.110585414139244,4.04297578707551,3.6459567615986366,5.211338384877783,4.546199423176991,4.3182674622589055,4.285807879439329,3.94756781239766,5.592037645988876,5.584031924917822,6.513252224600747,4.494900260042505,3.028747201753678,4.483331221455386,4.188565379572119,3.6894469677665658,4.5000039217711025,7.250990732946836,6.042457567117718,4.988136545532042,5.7098566872660905,5.155648569996259,4.977402608439119,6.3095721025506535
Dec 2023,5.562994602574273,4.392412575122496,4.540810910026799,4.2465649333489415,5.389060268511108,4.907920444466759,3.5605729953048004,3.908998917932144,4.947094704243163,4.588606803332481,5.413698396141365,6.0784301669082055,4.118756682966619,3.564340002154516,5.159040046884669,4.65289897034115,4.360486706039645,4.3693323924224465,3.9358250730420274,5.597855266686384,5.50399493455151,6.483102271220085,4.523103176139544,3.117585279080138,4.495925684921788,4.177386991591435,3.643252931046931,4.436413045593841,7.128928822417359,6.084986846770834,4.877954881730143,5.668766306549811,5.094656600417847,4.953262531464933,6.102494305894071
Jan 2024,5.636729453714949,4.341349382766939,4.516398646692797,4.268410939387256,5.42784333173276,4.977650996661854,3.482327816367559,3.888354801973659,4.8707561374807025,4.632837647167567,5.427291304774255,6.196800082742649,4.135952260433707,3.553092823131383,5.158291890778813,4.469847004143508,4.29346620733445,4.308203538443527,3.940387473462441,5.554130198841078,5.470327658441842,6.514067348432775,4.441361007798813,2.9953190338880984,4.532672217458621,4.19429767880094,3.6476638737987064,4.421770713469093,7.191663405746904,6.113917387945632,4.893291097955831,5.65519745544678,5.112119445884457,4.906701669240232,6.2539849929155285
Feb 2024,5.570400759881773,4.449633921820858,4.5718230069115595,4.293908430126546,5.34212478115621,4.962903911796937,3.480231278594347,3.904696962291849,4.88102428415785,4.684393009636607,5.396127370339789,6.135268660450352,3.962223623995695,3.5748337592588464,5.171389508872944,4.547569652112387,4.32782326966057,4.2650267045445815,3.984032740662939,5.509659380791453,5.530087257963691,6.469810841363855,4.495969756311187,3.047707096374542,4.505533348384169,4.231618177359149,3.711146398841312,4.466863171493495,7.117650135002521,6.030301724674224,4.911489782308417,5.658701357060644,5.119429521358515,4.948612850979938,6.197905488394107
Mar 2024,5.614482692132441,4.396646404794155,4.530650728084274,4.312803194794898,5.322786489256428,4.889793079852597,3.5222326669846558,3.909294337025782,4.951938860548489,4.641225223497206,5.408673198402434,6.062446186641914,4.095729943727826,3.562868979509976,5.194127185705367,4.533106925750327,4.347766538378348,4.333993485879732,4.009329972504015,5.577674692990926,5.520563938278924,6.370413062951069,4.492228789915715,3.036993898160511,4.446583168520927,4.233545986113995,3.66999778214056,4.5634812926057515,7.14108474237294,6.033439219320239,4.810438065560407,5.723617113362606,5.148456404364436,4.994957374441856,6.13672162462174
Apr 2024,5.638688369334309,4.390259492834115,4.49325877070303,4.280467568269507,5.347196102369958,4.909399145374273,3.5556344965252786,3.889433032477564,4.9525547915346975,4.677991897035668,5.393519498273435,6.12827249473593,4.002954989716532,3.5805096346243293,5.1573840092545,4.554258683076365,4.3680232111274035,4.33154343007141,3.9453455001098057,5.562541560581032,5.498947177008574,6.546141570460928,4.463316455045902,2.997615565617795,4.492918298259198,4.217664991658576,3.664139331324538,4.476187394689089,7.2241956913833905,6.034091044745546,4.915142830346268,5.689843465806861,5.173331003415273,4.954074105097921,6.173735135260148
May 2024,5.637307122905502,4.432741595452385,4.6512369416905806,4.332898841054364,5.435819667844469,4.990667330740406,3.557812873970752,3.9993524309356996,4.995467934391804,4.703320672893637,5.468624865724973,6.161918066109472,4.114361803167026,3.607262695950117,5.194864407538262,4.58454847182517,4.411223234978584,4.373510568803309,3.995151739586919,5.596405283472989,5.5197311723010225,6.542431479617296,4.549630140150682,3.0833005126066664,4.566181388821378,4.285871597855937,3.726290822678138,4.544485678969753,7.225934986867551,6.215607898214816,4.935255142730163,5.749766287582332,5.227372972772343,5.048709542778025,6.330999754863861
Jun 2024,5.67132075856733,4.493456525236214,4.614678318821727,4.361598148845721,5.442451841592583,5.020847332011884,3.6201598046532095,4.026730511942659,5.0646214851950235,4.753012242650608,5.513806057882203,6.200429831246897,4.138030774127349,3.6433869360682856,5.211528207547215,4.631742688162246,4.410438554020412,4.428588992482687,4.007782797917063,5.601756357409521,5.6100667645794875,6.618185312573378,4.576468954492291,3.0860306062755045,4.58274054159474,4.216932820628647,3.7177874105606383,4.506220123830287,7.333045842862064,6.136442838283556,4.939744429122053,5.726382199322445,5.2414816426209505,5.026609437701109,6.361894656686384
Jul 2024,5.669278226667909,4.495946945664782,4.608420759572394,4.389875424879376,5.514654020050999,5.070686307063884,3.57542412124045,4.010782586641974,5.050555998000006,4.784283070197585,5.520801481209683,6.2737639888088514,4.140369093127482,3.732019856690392,5.251481276928868,4.642650936744518,4.45766252204662,4.464659410068928,4.0620018657239205,5.615287691816943,5.593234268166362,6.657743112823606,4.55659288942482,3.054504474297365,4.606248878562371,4.314340315121792,3.663876141897462,4.519754756851356,7.365310709725417,6.246918185567722,4.996449663900016,5.7308811293140645,5.26318742055942,5.029117782762634,6.326672920988874
Aug 2024,5.787724489845787,4.545316260951572,4.612696557376781,4.423697553398093,5.496218590591531,5.123685135212316,3.6488819274426727,4.072640716258518,5.063043269068949,4.786519992118962,5.574225934636298,6.345401292670373,4.107402543613977,3.7105252446620685,5.244949781547647,4.7144845716168815,4.473096820584065,4.477381602619086,4.092146098730918,5.674520956672508,5.624173121864939,6.682249661354358,4.597424594923806,3.130687343399106,4.609242192982859,4.386855563226603,3.7697629923033293,4.572680879093055,7.4384391619724735,6.223153014056583,4.967263369328258,5.6898164582392186,5.329038441266822,5.052860783693375,6.402787063913745
Sep 2024,5.735701838887611,4.499678089419631,4.653740727895618,4.412510700053005,5.531680638002298,5.027546950150726,3.6656937712781246,4.0931920888208975,5.031966901742538,4.763692426447714,5.559007924128425,6.34398724579198,4.16733979258308,3.7739095842275967,5.244076057957223,4.646939824022839,4.5189767167602,4.457838958223327,4.100241396149016,5.713697851235623,5.633954618282219,6.689226058835947,4.619460753453058,3.1920369475653048,4.610287991031694,4.354125043463986,3.7437314947382303,4.544447666259041,7.441467372462036,6.260009009517703,4.985656550067127,5.6998747496076705,5.286989012114633,5.091994713201529,6.4642344377745315
Oct 2024,5.74542256233488,4.552873217337891,4.636359277434354,4.45415965165389,5.50805238645264,5.049820775355375,3.6309451894464053,4.091579758790138,5.006319145906222,4.816037638417599,5.5401172020054785,6.290273324776251,4.219347521492885,3.677457802315437,5.227271426949806,4.6854649159729655,4.473923254106743,4.460347386785688,4.117746937993031,5.677420956291586,5.6337810745128225,6.743377081747746,4.6196883405058555,3.1020535665423803,4.64598652602304,4.37973451065512,3.781406662255291,4.518906315256177,7.331202099967807,6.2195510432988,5.025186943432079,5.73535643335233,5.285684477109759,5.077816624127525,6.299459885397208
Nov 2024,5.7288766198441925,4.543073712896749,4.641681091291723,4.466737007439213,5.51423460430696,5.036590526712436,3.609556849482779,4.076712098031487,5.056806650345408,4.852927516743594,5.526689074829018,6.215960798625683,4.1626506954727125,3.7171219122956933,5.248215440658799,4.660516494548637,4.524049724248499,4.5344656940059265,4.1288967308784965,5.6812407982889965,5.646309051440286,6.71617492737793,4.63635285335849,3.1405344686042582,4.625181480141313,4.3678460284329725,3.7690647677714373,4.569145186325417,7.458095656803653,6.245665136667068,5.014421370973903,5.835502403661001,5.276040511372179,5.110968251696848,6.482577699449984
Dec 2024,5.730476001959987,4.57596430753528,4.658081446971463,4.4556944027184615,5.545018328507541,5.028524813786889,3.645989481604764,4.089828433375801,5.059942644067899,4.860061605499398,5.507926776031372,6.339066234921827,4.197089582899088,3.7307958784072137,5.270722349983031,4.660851799453253,4.487379952100877,4.468350140042325,4.1048052075616335,5.7394152583607845,5.62415779360973,6.697139305569663,4.62142581278907,3.21938963098208,4.63027156714318,4.333179028975629,3.7411803445884635,4.535163054852869,7.422149370811721,6.213549754326023,4.995554044646566,5.678895590214814,5.290600353971809,5.081554929423107,6.362590463854587
Jan 2025,5.748926112794029,4.581359107179975,4.624735697985598,4.472051957432979,5.482553509817989,5.030676310847048,3.6300246036361976,4.0481817879466995,5.041400602270087,4.827422272370748,5.580484464690293,6.328554910496164,4.113151581098252,3.7979166858581315,5.295468271127997,4.646617553950402,4.4810592149932145,4.524506018664993,4.13964008057619,5.695516433630893,5.659683849796818,6.714003707124082,4.64105918671827,3.169046281001514,4.609137130291888,4.355276233720836,3.770408662513405,4.571407681895732,7.403635582521028,6.204246034360652,4.991166133091477,5.778099897482021,5.312389343445951,5.066300145723725,6.416947795993802
Feb 2025,5.780427698450338,4.58137380210269,4.663115017475863,4.484914209081729,5.58264817649828,5.038233631803266,3.642242374310288,4.139411957306513,5.041303576319839,4.829761897432577,5.561070610302521,6.295345798814129,4.226006611480524,3.7146377035219174,5.265705516959867,4.683336908304567,4.510598036946591,4.475534784807744,4.152409334014362,5.729073409934436,5.628720512401304,6.721981951925857,4.671642282891197,3.1664368717703018,4.620447350835244,4.3498166948636126,3.7054513345061797,4.54437457189816,7.388228746946739,6.152548240412547,4.990394561578899,5.729564386824569,5.326705966475376,5.054381536033409,6.2646642596056825
Mar 2025,5.788638692939312,4.628986926982427,4.717644709201955,4.481524436983345,5.560834512666285,5.0421165384574484,3.710235139795694,4.178661214880618,5.071337160158782,4.897137791415354,5.556908867619917,6.355418849812913,4.273145164472825,3.8138871006629973,5.279157509649357,4.722715924495434,4.522098175078481,4.545239600040373,4.233093242275307,5.718519804772906,5.642527438706757,6.770958429209702,4.651586395423538,3.258341520251091,4.670326875894296,4.43074434307629,3.80227257805836,4.595463001125477,7.351793018642018,6.149910677204789,5.036806755670729,5.799455545678011,5.339968204013459,5.130213184242889,6.235317534985984
Apr 2025,5.741387372938548,4.465675047268434,4.679517949375014,4.427264600056621,5.393195719687416,4.871701386541731,3.6360965869024504,4.095662487938231,4.986118674175881,4.746298036561817,5.530004785380127,6.247248763196638,4.088457172905395,3.676070843018682,5.220030847447418,4.737570676999563,4.531809068820124,4.464886235299018,4.150045444969375,5.653305780048191,5.55774275222077,6.541393723544072,4.56718211241994,3.105332480250504,4.525878903566465,4.300062588706001,3.7155974683227555,4.49345042500908,7.53742905261804,5.970275674650616,4.813375472791199,5.472762819111778,5.220337181043122,5.009123424177565,6.387857088800248
May 2025,5.70573100061384,4.560905859254499,4.684149075920531,4.44828722008645,5.509956121874573,5.018259992966695,3.679799362477177,4.153359572583772,5.041952943091803,4.8469507060754555,5.504079513754128,6.301261442873,4.205936605565238,3.758150131869296,5.238298587461051,4.7546484781831895,4.552441409139026,4.488623038063819,4.1996219141755455,5.710272050993921,5.5832100890128045,6.665077540406945,4.684050219292568,3.135834001318345,4.614531993108061,4.371899503193216,3.7090059337436307,4.57147346505469,7.320473226828622,6.108272915838203,4.870839926986218,5.488007826888419,5.340170046338844,5.066920202688192,6.282081407234171
Jun 2025,5.794561154031914,4.580721518494649,4.734242467658759,4.499979420416154,5.513103999067153,5.008640553807786,3.7053594969162558,4.15016744991339,5.057651929880279,4.927518078774737,5.559426452426441,6.362373592655608,4.236113058964879,3.8104862325700877,5.2569768473295975,4.753980094923286,4.5269517118361025,4.598499351686362,4.23253694762048,5.716758392410247,5.634143216799205,6.746649476204449,4.62689721016206,3.218740849461021,4.688745323145655,4.4197114021393356,3.776130584451788,4.594093719534195,7.366663171200023,6.205774634743133,4.971020021967349,5.502343567928543,5.285195275910876,5.096846378008597,6.4042605565013035
