Date,Hertfordshire,Birmingham,Worcestershire,Dudley,Sandwell,Walsall,Staffordshire CC,Warwickshire,Solihull,"Bath and North East Somerset, North Somerset and South Gloucestershire",Somerset,East Lancashire,Blackburn with Darwen,Mid Lancashire,Calderdale and Kirklees,Bradford,Bournemouth and Poole,Dorset CC,Central Hampshire,Greater Manchester North East,Greater Manchester North West,Brighton and Hove,East Sussex CC,West Sussex (South West),Bromley,"Bristol, City of",East Cumbria,West Cumbria,Northumberland,Cambridgeshire CC,Cardiff and Vale of Glamorgan,Bridgend and Neath Port Talbot,Central Valleys,Cheshire West and Chester,Wirral,Flintshire and Wrexham,Heart of Essex,Essex Thames Gateway,West Essex,Essex Haven Gateway,Suffolk,Croydon,East Surrey,East Kent,Coventry,Cheshire East,Kent Thames Gateway,Bexley and Greenwich,Derby,South and West Derbyshire,Durham CC,Darlington,North Yorkshire CC,"Barnsley, Doncaster and Rotherham",East Riding of Yorkshire,North and North East Lincolnshire,Lincolnshire,Redbridge and Waltham Forest,Tower Hamlets,Hackney and Newham,Enfield,Barnet,Devon CC,Cornwall and Isles of Scilly,Blackpool,Lancaster and Wyre,Gloucestershire,West Surrey,North Hampshire,Berkshire,Brent,Harrow and Hillingdon,Buckinghamshire CC,"Herefordshire, County of","Kingston upon Hull, City of",Breckland and South Norfolk,"Merton, Kingston upon Thames and Sutton",Hounslow and Richmond upon Thames,Liverpool,Sefton,East Merseyside,Chorley and West Lancashire,Powys,Leicestershire CC and Rutland,Leicester,Conwy and Denbighshire,Gwynedd,Leeds,Luton,Greater Manchester South East,Medway,Mid Kent,West Kent,Milton Keynes,Bedford,Haringey and Islington,Camden and City of London,Tyneside,Sunderland,South Nottinghamshire,North Nottinghamshire,East Derbyshire,Nottingham,West Northamptonshire,North Northamptonshire,Oxfordshire,Gwent Valleys,Monmouthshire and Newport,North and West Norfolk,Norwich and East Norfolk,Westminster,Ealing,Peterborough,Plymouth,South Hampshire,Portsmouth,Isle of Wight,West Sussex (North East),Thurrock,Barking & Dagenham and Havering,Sheffield,Swansea,South West Wales,Lewisham and Southwark,Central Bedfordshire,Wiltshire,Southampton,Southend-on-Sea,Stoke-on-Trent,Wandsworth,Lambeth,Kensington & Chelsea and Hammersmith & Fulham,Shropshire CC,Telford and Wrekin,Torbay,South Teesside,Hartlepool and Stockton-on-Tees,Warrington,Wakefield,Wolverhampton,York,Swindon,Isle of Anglesey,...144
Feb 1995,1.0274556701618627,1.0155026691582003,1.0018989141035137,0.9963371930595109,0.9670884567477206,1.0066825793522192,1.0081700519664551,1.0197095960723732,0.9943094935217996,1.0200099423789053,1.0183367755866854,1.000011473201451,1.0029327464392415,0.9748868841222178,0.9893565705298917,1.0151769459512172,1.0205990176657873,0.9942824823334311,0.9950019149178981,1.0068718269772003,1.017118202200699,0.986559912118008,0.9909295622446529,0.988650185107963,1.000105472443163,0.9966226763013554,1.0265378307703943,1.067629372565305,0.9854790103030076,1.0123631033358247,1.0041201729702136,0.9896916686636804,0.9921896491513521,1.051549321708763,0.9916619013878623,1.024385184448614,0.9932991751130141,0.9842893700299268,1.0352954530005472,1.0472434949088236,1.0152771473508022,0.9967393106073477,0.9927940247656529,0.9970903991982133,1.0480199020330234,0.9925305863295814,1.028397940387458,0.9977868816886277,0.9625496564057604,0.9961398233640376,0.9965030805973445,1.0783301853227423,1.0007435156111695,1.0081784008586185,1.0284271314989153,1.0215916225852153,1.0006118043661725,1.0003834778151033,1.013201079873805,1.0350848226304823,1.0417310598612788,1.0071733984443216,0.9949757035011438,1.0283839271846518,1.066649169385492,1.022837402381122,1.0201725256553245,0.9947940338011427,1.0127595341874034,0.9997623254921344,1.0128625667980924,0.9856517270516183,0.9992135919228253,0.9788333089962574,0.9935555411677909,1.011568376005391,1.0082730547705188,0.9967466667647235,1.0948136813566018,0.9929705835912501,1.0030284478483071,1.0373273164702412,0.982234333713066,1.006335934207492,1.020286631458164,0.987666727476478,1.0146277695004164,1.0127024977262278,0.969469630191228,0.988627326759071,0.9985427901692174,1.003522817609385,1.014408031982864,1.0146566874344645,1.0217629669505306,1.0316161392690941,0.9912789928428877,1.0105314696052594,0.9871689710675259,0.9747234002697645,0.9861646358427185,0.9849646836521899,0.9619431327710872,0.9763479129958591,1.007526368573479,1.0510088349962554,1.0233640406271443,0.9368556794003922,1.0183993494033738,0.9990762087689784,1.0385400377555605,1.0447137690593953,1.0351855016149782,1.0294550723461775,0.9824745067887867,1.0123322068635685,1.0008392826045462,1.0033487098439557,1.006600337981922,0.9902445299615514,1.0014982626715156,0.9947955228903927,1.0059619293235795,0.9678887924434526,0.9685824146570784,0.9984690892366734,1.0291868639511477,0.981612732144844,1.0592808477372657,1.0468694714498998,0.9849396502016201,1.0229974821152332,1.00616660530045,1.032285378799938,0.9975704412385595,0.99772528191862,0.9474250467306339,0.9915204113266718,1.038111511515378,1.0195242211225148,0.9735609625253594,1.0195732851241677,0.9956128524055986,1.2160968542988297
Mar 1995,1.0141549328275834,1.0290263527674013,1.0072572172957606,0.9849760181397009,0.9909324202741016,0.9876587110650283,1.0158876840523017,1.004804874730248,0.9929482310583497,1.0357025189066098,1.0166376810064277,1.0007350475764767,0.989398638914864,0.9878986606436891,1.0022780935282032,0.9989085718289625,1.0240527450748556,1.0023211681141868,0.9997100795825846,1.028722815532016,1.0332907764146475,1.024571360249338,0.9898147458022701,1.0027318463939716,1.0090121953682454,1.049159048350978,1.0382548932886952,1.0578301428149386,1.0252532461930945,1.0190495925676446,0.9996762808271082,0.9962011894255217,0.979110721191276,1.0344815473930924,0.9665527097438623,1.014185171932549,1.0258051144217997,1.0242970677618808,1.037767526587349,1.0387433377355784,1.0137864289621317,0.9865150041976609,1.0122032655666364,1.0087434620677733,1.0171131622608136,0.9743661222267878,1.0231279266408866,1.0159878694732722,1.021626591837399,0.9870752574598028,1.0050479466903777,1.0543222800058702,1.012446752310084,1.0119625547313096,0.9966162440397547,0.9911634146468814,1.0005576166339982,1.0111007797249683,1.0399558196016572,1.0612162065319377,1.0486532866479974,0.9880163290746897,0.9903274202288039,1.006636207633727,1.067680927158944,0.9942050083456198,1.0041318326027266,0.9900400430307535,1.0116762601963327,1.0058219452057053,0.9977551948685623,1.0097395256014552,1.0149470202403619,0.9593173515546655,1.015421499767117,1.0058131574714344,1.0160414575579275,1.0164302120135,1.074163286834556,0.9826918756299444,1.0135169158650543,1.0240966306539183,0.9742668783097017,0.9983914677186855,1.0027333280437636,1.0035144009799766,1.0061933758889816,1.0256662255342572,0.9910336423967474,0.983086298791084,0.9938186908158577,1.0048336878941455,0.9971121436565775,1.0252491343616608,1.0005916754809416,1.0138297342602323,1.0484815616086933,1.031933039361535,0.9968876310898698,0.9990023404227231,0.9880976753488087,0.9991455348224701,0.9830805736039755,0.9974666639583116,1.0007041073740326,1.027117967153619,1.0193827434412808,0.9702032170548195,0.9865920198122987,0.9791603628115486,1.0566111330193566,1.0347575261667254,1.003534407782254,1.0401983205099552,0.980140401577092,1.0150411420924292,0.9910754336146106,0.9901257490550885,1.0080184785261517,0.9785012435303803,1.0030756841211552,0.9932638030038684,1.0089983243807985,0.9631257164703769,0.9918042409994712,1.0048524450770135,1.029174209470343,0.9658954179251178,1.020536387648438,1.0329151042031879,1.0119450283481601,1.0254505123189026,1.0213741136465397,0.993283067023038,0.9879613734223949,0.9852706866838117,0.966570162232322,0.9785123656520799,1.0493402460282586,1.013539783325698,1.0066385517809455,1.037049754616693,0.9940742487125183,1.091897475266569
Apr 1995,1.0239831320669572,0.990157325948399,1.005861897618914,1.0068144764050575,0.9972202795931112,0.9699494278346985,1.0006503052850273,0.9983720871493285,0.9706789018371059,1.0276371137404434,1.0144599331917477,0.9836307497486914,1.0212537066653848,1.0088627203594498,0.9805584955330713,0.9952871571493909,1.0156166356602296,1.0047997096164807,0.9912436864000025,1.0089226154529225,1.0194245530937986,0.9967233590473649,1.0121657830078479,0.9991782049410477,1.0242955879524798,1.0252270660493958,1.034480308710166,1.0528870512476753,1.0221388274433159,1.021733750268768,0.9722904205665148,0.9977238304309429,0.982988395793236,1.0667154910084766,0.9792401078215367,1.0156764076290161,1.0041134527717857,1.0108064422139016,1.0492049466060558,1.0232705087330842,1.016216457931936,0.9934552037659753,1.0010873779930816,0.9922057755164573,0.9955206066609358,0.9695509041616579,1.0406232357467775,1.0208283496649975,0.9765411653124878,1.0072988745370728,0.9990293395648516,1.080798258066076,1.0218598772299554,0.9965066772694925,1.0276591797741041,0.9919309577308819,0.9988527955578173,1.0054846723827378,1.0760542705054732,1.0228687020619651,1.0532460388054545,1.0010394696831586,0.9990442423851473,1.017325126139486,1.0638683871942478,1.0123582250525964,1.0042023836838074,1.0075629778578536,1.027975606405401,1.002333769762539,1.0211395207859444,1.0200419061964991,1.0083331561252693,0.9629184853705466,1.0635633762986725,0.9848823620867379,1.005820545485619,1.004486308645646,1.0539272260856856,0.9920546748814572,0.9948138469230291,1.0375904722003855,0.9294005076969082,1.0088325375699474,1.0075095353830739,1.0066283649799104,1.0478957016133201,1.0200240597369092,0.9812190079670231,1.0076721522124055,0.965025712687652,0.9784239089527145,0.9956547009458347,1.018562506755454,0.9873644945773283,1.0187580326952772,1.008015204263714,1.0396948923156772,1.0092999284526503,0.9815279539607941,0.9817892951383348,0.9726881653345318,0.9789249226160401,1.0209239500932572,1.014797474490261,1.034588456392862,1.01248832486478,0.9493591819701195,1.0037134130319856,0.9823016432211404,1.0173816891789125,1.058336388076497,1.0153466979901322,1.0375483784096102,0.9708217419605867,1.0161930637766619,0.9991316220684041,1.0131858069730473,1.013043246367447,0.9787151079590733,1.0016983645453459,0.9785686010653204,0.9928210039918938,0.9785916832475441,0.9881917129694902,1.0062246083684367,1.0272865916172451,0.9973110691511754,1.0123860589374938,1.02314736092038,1.035799327999497,1.0040119430004766,0.9988944195438797,1.022263104507073,0.9707611532335194,0.99544031691185475,0.984479161139181,1.0008856270141577,1.021653463280375,1.0542678901028313,0.9654960515951537,1.0426458343393363,0.9932379888327623,1.1179901246246307
May 1995,1.0262368357989207,1.0096687514148506,0.9974627368839882,0.9837833865935385,1.0000479305666758,0.9831966993675224,1.0127426463977964,1.011592566152881,0.977716183001902,1.0299919776548982,1.022735125583405,0.95708878479064885,1.0023293224728007,1.0077987360696037,0.9858655622626523,1.0102572754168004,1.0047008884063995,1.0067209331694442,1.002528742476584,1.011020525924708,1.0495804471515804,1.0078202680574737,1.0009383571295152,1.012722344105909,0.9992510519755808,0.9943076088701858,1.0502931687525392,1.0145726547708238,1.012763931340577,1.0194901838871506,0.9932807782381458,1.0070856893348048,1.0452120325395526,1.0524665025786086,0.9473271556271576,1.0144406219516728,1.0173537843462492,0.9901912896841949,1.0341161954026397,1.0531976337055793,1.0196771214581193,0.9942012291099667,1.0010035582244738,0.991148567653179,1.0114279003034485,0.9975989298765345,1.039570725479412,1.0339846353562414,0.9870830367798569,1.0190675010451842,1.0258474965408586,1.0611559400739432,1.007059683713233,1.0171833983980803,1.007743319449913,1.0042196272442736,0.9985192723544005,0.9919154051196534,1.086878199842989,1.0847011804717506,1.0421457353328603,1.0093761223621467,0.9845452151254956,1.0226548839484582,1.0710885326014725,1.0243452614876154,1.0225341565174892,0.9999682994112268,1.0322806201892931,0.998092148566159,1.0407578387635503,1.0006182855039496,1.006345392101411,0.980415069859172,0.9882890760888265,1.021261598358686,1.0241501015072723,1.053609081007484,1.0750984592060955,1.0171408411616951,0.9875313375597142,1.057259266773552,1.0110548091691325,1.0087407249767102,0.9909362622851229,0.9719727449385083,1.0402814034732224,1.0078599826226842,0.9834904100996694,0.9683528976803766,1.0174575545314433,0.986441455887038,1.0099966982881616,1.0142154676537596,1.0081237912904915,0.9911442995517131,1.0607410461616793,1.0418161330841522,0.9852998125059225,1.0148545915733154,0.9858354456180304,0.9660109635693769,0.9592585565311748,0.9953917558858448,1.0134310635010375,1.0570013660873945,1.018489143873543,0.9700782108961626,0.9878049874652233,1.0088912509554266,1.03583943800346,1.001197362915233,1.0276505690188116,1.0385724344076936,0.9652514610283974,1.0163678397416451,0.9874891725561789,0.9950800441213784,1.0103655278018324,0.9936975952074281,0.9942964963021146,0.9930326298349349,1.0880745353898298,0.9595045395047259,0.9721953619110633,1.014175759701357,1.0304292059550968,0.9885406725096717,1.0219984102534936,1.0470094449120597,1.0294967050887183,1.0115455465339964,1.0024490220913804,1.0074532926989173,1.0062331647457643,0.9730010020176435,0.9846525231197858,0.9803229577135779,1.0251760372720284,1.0074487294319636,0.9680873961918136,1.02672383190061,1.003588494144392,1.2092855219563388
Jun 1995,1.0287421616297223,1.0134931986932767,1.015456856687662,1.025670587862036,1.0050207920441152,0.9867673629458871,1.0150172154243207,1.0180457214948835,0.9994697669246849,1.039635043774089,1.0280559160705147,0.985335151719201,0.9721372465820804,0.975687300957643,0.9821968078803954,1.007328587704896,1.0179504211662749,1.00426658742454,1.0014198482290215,1.0457020766428409,1.0323335140601555,1.0376809950970012,1.0041855837738796,1.0193813224914092,1.0076214488275794,1.0185058729898373,1.0553673251112379,1.0293870332014319,0.9970302057983161,1.02113684193438,0.9928869792628104,1.0299023904798086,0.9925280329605994,1.0704054489175303,0.9707753304469255,1.009670781591784,1.0114811788549138,1.0185624568997895,1.0370926111428884,1.0431944790884726,1.019642527960611,0.9947506304391392,1.008841166510188,0.9967644507284392,1.0156481875489245,0.9960501472182145,1.0489704807451605,1.043686490413071,1.012725385629515,1.0030978208183046,1.0026699493344406,1.0398079465277192,1.010698442021457,1.0139410376508866,1.002088663725006,1.0099147340785872,0.9939583433362024,1.0109557418972874,1.0674670884969835,1.0325256096702897,1.0643291861735458,1.0070410355253006,1.0058538954539835,1.032676221988218,1.0405036274728716,0.9942782287361638,1.026516974124568,1.017130960998262,1.0225407101286568,1.0101835679656543,1.0406739769604683,0.9945582667037804,1.0137287263456511,0.9815767342603849,1.0244166772222625,1.0139392196273571,1.0457861400367838,1.041722357224603,1.0573882244522668,0.9428042473737902,1.0192109309675361,1.0312896602767136,0.9840360943119645,1.0267604406635664,1.020117901263109,1.010995365725957,1.019004761067073,1.0161752171691427,0.9784727177721954,0.9900865283265042,0.9886335285694647,0.9848878731256335,1.0104358208872943,1.0100788613620286,1.0139784891987338,0.9796489663204229,1.066178869240181,1.0700435282792147,1.0002772981859036,0.9867539105292253,0.9970190528239089,0.9900447008796808,0.9957873274590118,0.9827972216204883,1.0224004460306413,1.066003709126103,1.0385649779962223,0.9867126174106763,1.0180843483899222,0.9746814402522507,1.037440653869195,0.9995477966958928,1.0479478995510791,1.0164566826109795,0.9707663819020117,1.030399186145768,0.9849017695140803,1.0081489582002219,1.0194157817211005,0.965988935961257,1.0116026853777362,0.9788995723524264,0.9943947907933751,0.9899480807739132,1.0353741166407617,1.0016701215522934,1.0312314437501617,0.9743001294453434,0.999322357196187,1.0154526549403398,1.0240596702816709,1.0352344791794086,1.0058737882561892,0.9977616722103448,1.0186946628288491,1.0014611200417138,0.9774321002560132,0.9908389529139513,1.027529048941923,1.023534205679086,0.9887577539843632,1.0293408055263968,1.0260707520403847,1.1211612275471061
Jul 1995,1.0215897099414128,1.0174236141191222,1.0109330249558277,0.9847205972416985,0.9922982453213776,0.9367421454847474,1.010157665187122,1.0210756314479341,0.9743049663660125,1.007696513091787,0.9946562252835335,0.9867375783035423,1.0136236046134952,0.9910413182500297,1.0028473295617215,1.0089669705355206,1.0238232950637631,1.0056021143726503,1.0011733883869256,1.018186274234565,1.0300345676395215,1.0161866927080194,1.0040858181041856,1.0272298595869285,1.0085134880523425,1.0141908934462307,1.0322630726522284,1.0105537497553525,1.0340971974888618,1.0306102189862172,0.9726041190111246,1.0049920099586764,0.9869854215979927,1.0518068001786085,0.9746390593708059,1.014687846917209,1.0191404287976813,1.0157175857891074,1.0485016489298808,1.0395691328935508,1.0038113469098717,1.003932511159981,1.0031292265900458,0.987984856252808,1.003601286202611,0.9884753922799869,1.033211011585202,1.0329113469586968,1.0062993977164423,0.9983229901999189,1.0084845472050752,1.0604092833809902,1.0034818493127067,1.0063388084105547,0.98647592868175,0.9899535316665574,0.9953152041931446,1.0066413176193802,1.0753583352617437,1.0154856967053014,1.0244261400839476,1.019666624782683,0.9912947575377165,1.0139936458695005,1.036312915195982,0.9889684171618737,1.0135739332204203,1.006081507307666,1.0210738813372313,1.003997691261734,1.048364921090894,1.0040211548673301,1.0114505381612684,0.9625491592995504,1.004829948257047,1.0126233394018107,1.0170880666859718,1.0450760758966953,1.0499448581393138,0.9839214089054358,0.9806599322741822,0.9880368574330439,1.0294477524898744,1.002912814496016,1.024348472584006,0.9501175004185429,1.0160525624329773,1.0060328743096503,0.9868807878089558,0.9790395836165451,0.9806346307454453,0.9841027869200945,1.0106440006274995,1.0180964157401962,0.9966012959716598,1.0055049716881004,1.041237782912196,1.01346598697761,0.9831690780568988,0.9803278833102538,0.9816614942900718,0.9946813515679523,0.9799218923457717,0.9645351294610889,1.0120293770506044,1.037694645477621,1.0109166217957273,0.9639754176283272,1.0086026737708553,1.019488923387031,1.0078775202997765,1.0543103657726496,1.0464840256594365,1.0239578333605541,0.9681655820940545,1.012769006618607,0.9816729223827162,1.0329374732139298,0.9926288240682709,0.9396866263971166,0.9810867737207133,0.9741966180889731,0.9967790838630878,0.9932833111253893,1.0030665374337169,0.9983302408500503,1.0357983965083306,0.9873616422095951,1.0101699313588108,1.01575126027081,1.047129464203968,1.04460137073464,1.0261352949892646,1.0241637612460204,0.9824207035161033,0.9866347505346155,0.9689601035410538,0.9811867592272772,1.0104711802187598,1.024851862078688,0.9731998422969985,1.0231762456492088,0.9928239406071692,1.2573460805222503
Aug 1995,1.0252577372432428,0.9978171173122942,1.0060392131513787,0.9955273762698643,0.9944493561294343,0.9657087409167766,0.993394000480345,1.0002433846069227,1.003148723412867,1.0229074591238272,1.0010198337385319,0.9684080109060466,0.9696188257561767,0.9992474185360318,0.9732669847683583,0.9934145306087849,1.0303710915519357,0.9877593154250573,0.9968659091996487,1.007196639572227,1.017993368273712,1.0407270048534132,1.0152510992402992,1.0068787667530141,1.0143913237163131,0.9962741791369009,0.9898740868555487,1.0462417985010934,1.0086455481008556,1.0193990505483872,0.9822714778475711,0.981271641419564,1.0020399346861142,1.0579796177651815,0.9706251783116647,1.0172802277806092,1.0144716893777477,1.0026044482081162,1.0245081653482107,1.0386611423754237,1.0131118829835024,0.97920901214189,1.0163559924557677,0.9975670558584291,1.000349896609784,0.9755827053169358,1.041144867296635,0.9989745851510112,0.9734756929681929,0.9965454886104876,1.00817300881937,1.0720219582520851,1.0063233682911732,1.000820857703124,1.0040173610920113,0.991501775354217,0.9874325748571063,1.0088354898254983,1.0336665009665562,1.0791744780356511,1.0361079965630788,1.0072268380054517,0.9955516728049459,1.00899770385022,1.0624944905037725,0.99561668221172,1.0156301822351301,0.9953766219606345,1.0211352862694918,0.9989916562676155,1.0629578425754314,0.9935367440581152,1.0126580252528519,0.9541354456537435,1.0118622614396342,1.0082595052925765,1.0270874991132388,1.0337237857212478,1.0557823416835275,0.9790466065742238,0.988049674276312,1.018570883457125,0.9790974650685988,1.0026669437195126,1.0085570439306526,0.9428058337938823,1.0890437624520777,0.9952759355559532,0.9753986772940941,0.9851040885306453,0.9934561683514886,0.9881512825441287,1.0059777214792875,1.006452729594679,1.011541991634736,0.9997875576895237,1.0412887164283706,1.0760268600104885,0.9739923629357237,1.0069438702933196,0.9862871931120073,0.9761269166884281,0.9684714133209468,0.9906402812867593,1.0090975665930055,1.0221791816578816,1.0300759586119865,1.0074738165204962,0.997344652305499,0.9868673594875089,1.044289783879332,1.0350668310144986,1.0427096622797232,0.9996725631590373,0.9855323181798259,1.019813173065703,0.9840994682767775,1.0328649203138498,1.0116913738054238,0.9716376110642772,1.0161720585746008,0.9769677639909945,1.0118319489575587,0.9802814430887565,0.9979115741095793,0.9962970493118657,1.0339030126719926,0.9832814046512669,0.9968195530467142,1.0549642509969779,1.0392999174124293,1.0620819742903114,1.036024858946675,0.9921667153782431,0.9840591596881048,1.0006016958543873,0.9560920264735391,0.9542687907995107,1.048416196284958,1.025466320623903,0.9317121047848878,1.0061586423289435,1.0172676325558718,1.2784375275057471
Sep 1995,1.0191481868951662,1.011232074660542,1.0124236609804396,0.9754961654329913,1.0100950313200088,0.9885272512546005,1.0069031226594995,0.988682214380741,0.976760571296441,1.0296937157203225,1.0257072961015146,0.9866886880015248,1.0383737928567331,0.9968286178489139,0.9805401664271964,0.9951178634607803,1.012272756504424,0.9847565718464582,1.001415380768909,1.0149327577661837,1.0195699757222871,1.0077688875910134,1.0035918291358614,1.0103596392972516,0.9933201110462457,1.0182479718862143,1.0063335023222302,1.0462692544782923,1.0074455065427508,1.0283252889147017,0.9768698170453755,1.0291010907370866,0.9863528592857338,1.0681614723175425,0.9388321141224768,1.0539482229002424,1.0078342545838699,1.0201149025602982,1.035093194073403,1.0344960109187722,1.0114146223699445,1.0072554161739815,1.002465641902463,0.9930189327961187,0.9780985709230421,0.988692986044578,1.0240103354904582,1.0072567147973952,0.990844984496522,1.0036839744069612,0.9969822859426588,1.0538904598615977,1.0031239968024281,1.0127982776559568,1.0088289502502716,0.971237103131807,1.0013284272246392,1.0084949471276734,1.046285732138945,1.0906622495683767,1.0221242511779065,1.019793049414201,0.9893986346798851,1.0153283667448614,1.0369684046125902,0.9801612480870134,1.0246175843057799,1.0044336179024709,1.0214061806206043,1.0047971855289748,1.0742463290696047,1.004719447945643,1.0146075118202778,0.973814124542313,0.9979502446568143,0.9990250768568709,1.0317638253767407,1.0630570515184838,1.0600546253284326,0.9973649125020866,0.9995030478266771,0.999594730510515,0.951707243772727,1.0186234329258308,1.006061351955066,0.9733183513667215,1.0520351776629604,1.014932759064567,0.9821603739348711,0.9814530594077221,1.0075831078589481,0.984580102674196,1.0059408008179587,1.0341977882309696,1.0154344360278484,1.036791308480646,1.054471606457541,1.0661456202829842,0.9866025604362526,1.0035869568090894,0.9882859063931156,0.9996183543589868,0.9704872373336895,0.9922437529876093,1.025141604599972,1.0327660748601764,1.0274549830056656,0.992566716606444,0.9858819252492247,0.9984918852761682,1.0279866022799216,0.9865103969586633,1.0270526929389252,1.0050708665512242,0.9626595959258348,1.0224428791836873,0.9857613660830701,1.0125625366445086,0.9993096352772246,0.964705317277072,0.9911151768046021,1.0030222098941826,0.9640558599512136,1.0163176199305322,0.987981513993622,0.9888521849308537,1.0278898709399746,0.9961151198307077,1.014368792116585,0.9840302762242803,1.0366398178068843,1.052218958682577,1.038170145575208,1.0019386193840674,0.9751632137224502,0.9862226787980017,0.9582949377780213,0.9692054629243926,1.0360153740975246,1.0225109023461076,0.9976019319682985,1.0219771763639791,1.0131061945604616,1.24015641459473
Oct 1995,1.018297669102316,1.0421746852898692,1.014963463639669,0.986394353973722,0.9607565507677899,0.9958859201348734,1.0095668704926786,0.9963671681151058,0.9659409560135058,1.0125165958830722,0.9848115460972976,0.9567360296455295,0.9721042613540837,0.9965912647647275,0.9914793949432587,0.9936931916121051,1.0377642381226506,1.0001688332287484,1.0096737059392287,0.9863433263486957,1.0107211297801593,1.0249870152514853,1.0007649435283537,1.000556422520649,1.009980012861971,1.0005509375952415,1.0148017186667533,1.0389769900758095,0.9878331732858258,1.0132902339898953,0.9761614337075338,0.9893732717909692,0.9803415545737746,1.0439106185982854,0.9454297434185854,1.004947011950284,1.0164124162561974,0.9953857975798147,1.0246054338031574,1.0250273401655237,1.0060459672414603,0.9842082474527836,1.0051868608189767,1.00061090151981,1.0114943111239165,0.9945512690018691,1.0310388788484075,1.0209654019625352,0.9930604090478271,0.9926848489436909,1.0207667042270128,1.0439300537855738,1.0196817926614896,0.9997291135577197,1.0020681216840164,0.9837042108731552,0.9855738377351222,0.9977187205755303,1.0764550588875248,1.052094379789828,1.0452346119001357,0.9938031126314764,0.994908809698935,1.0222510699903697,1.011032333769497,0.9619118112845644,1.0097545217459827,1.008824311738341,1.0182230071782266,1.005359403681984,1.0653413892820252,1.0151524317229044,1.0166614011261297,0.9524519098970953,0.9824912805914184,1.0111184328009781,1.0259154877330108,1.0729788823970836,1.026472031829848,0.9561531522235803,0.9732780987527634,0.9995390030362405,0.9639822314528316,1.008436095001585,1.036629890965146,0.9458648366785681,1.0419512983416739,1.0186992338530998,0.9637315187615518,0.9906284774832855,0.9946563328961898,0.98124963702164,1.00834925631309,1.0137793690931303,1.0030761461998798,1.0052158940615965,1.1000234876598958,1.07141560897572,0.9773717202302874,1.026798821760884,0.9998385829628578,0.9809414717064767,0.9739265751905503,0.9656547052655137,1.0020892458562936,1.0042290472299715,1.0319246718169908,0.9927464006555483,0.981622328149328,0.9999348188680456,1.033726205222272,1.1161053913897871,1.0333984120043578,0.9820266946503037,0.9570644341198278,1.016289551249266,0.990038235291746,1.0145691454551635,1.0027076058007325,0.9385638800602292,0.9801280887119319,0.9687494142387927,0.9518274113859881,0.9688183048163207,1.0199200832553552,0.9872317289809669,1.0254519503130315,0.986510186859312,0.9934794529959285,1.0209177530821971,1.049289221893806,1.0425193900334155,1.0360923144327858,1.012268411514799,0.9826471753339956,0.983360650913011,0.9700637757816232,0.9528202985380964,1.0374484888275526,1.0164885494768865,0.9759583931877688,1.0309574847714742,0.9975642764262603,1.2372053507554275
Nov 1995,1.0369336759079926,1.0188953021537146,1.0175457821398108,0.99756862279673,0.9881045263041939,0.9625575944993263,1.0108650025362471,1.0062935536047328,0.9690811107518538,1.0163660988202161,0.9859607504672226,0.9899355250567773,0.9950278456320577,0.9906238857113682,0.9926279142978607,1.0042136165290403,1.0418007863218237,1.0089380184352554,1.0081375651927178,1.0151000003069666,1.0355834902861114,1.04485520788286,0.9861166615721432,1.0045685777073095,1.0258890295670045,1.006240240687535,1.0146352148152793,1.0159963871569773,1.0234855446212032,1.0342975783706678,0.9782948393420564,1.0313994356401752,0.9784719780328892,1.0555537292135657,0.9377164701322189,0.9991155197676057,1.0194725820110815,1.0221631191011242,1.0395947374720886,1.035235629916963,1.0034510928314853,0.9891432148136717,1.0208600454133425,1.0140075735437548,1.0151498786073259,0.9655789039567088,1.0249602480882676,1.0132598455363941,0.9697879396654261,1.0013458748992943,1.0032489731494194,1.0981574635883726,1.0194736960752404,1.0132873508706706,1.002825800416012,0.972134596582747,1.00148845420131,0.9990052776246585,0.9715545557756985,1.0792603175614572,1.039883302242555,1.00672864682793,0.9836005819788385,1.0174484188274813,1.0494144671062995,1.0018563802984197,1.0179496818642926,1.015011666841832,1.0248624216548983,1.0130670315064578,1.0649086280819973,0.9871498102283932,1.0187245334528061,0.9706520235941165,1.0103103341248607,0.99433124403025,1.0294896420679183,1.0576930462725633,1.0203790997615512,0.9920827165927681,0.9804752049667349,1.0263300832914237,1.0259043510385188,1.0176463634385018,1.0126767785061406,0.9881940825293212,1.082966984838229,1.0119048180756278,0.979006119034107,0.9638673970431597,1.0055059211540316,0.9955012193586474,0.9958704837481612,1.0138841461344525,0.9983462697237109,1.0146933383613137,1.0634984316929208,1.0489242886802461,0.9895776203813769,1.0017648793801295,0.977222595732057,0.9865569524870107,0.9652416470613617,0.9931653978576948,1.0106798080029917,1.0127365536873543,1.022595121600711,0.9936765324415612,1.0107635174077667,0.9908909136789559,1.0588895638406033,1.093750210853621,1.0278919993620979,1.0245837980380654,0.9313248060343057,1.024531626884743,1.0098439727877273,1.0230099583813796,1.0072456760193715,0.9628368901538906,0.9825312440253438,0.9858022496444256,1.0062522045536086,0.9939516106750607,1.0155648676786606,1.0127706232390041,1.0338096994527675,1.0002229100261695,1.0218192098473609,1.0027783935585377,1.0032558940241496,1.051471445916087,1.0592844485527757,1.0212638619811707,1.0019540383614767,0.9732164836970427,0.9713879778053431,0.9467139222048029,1.0345954880356942,1.0076278480642764,0.9510489179234347,1.0277886311798936,0.9995968494750361,1.2358822620332317
Dec 1995,1.0384281294938102,1.0338105777384197,1.0214278177291716,0.9977506837314386,1.000037975843981,1.0006286015952226,1.004199136717948,1.0279321405260993,0.9954624092683659,1.0405930527657845,0.9852961974712584,0.9990847585668249,0.9628900850234912,0.9770102032336087,0.9749869800497188,1.0107946866123902,1.0220177448064067,0.999301988629987,1.010087203569173,1.028947794054123,1.0085575468237693,1.041057489564358,1.0114508717585846,1.0178366060164996,1.0293353906825367,1.0609613073254736,1.0543786177388965,1.0065742827502826,0.988683074774332,1.0271550552450677,0.977208629193489,1.0058766200523843,0.9910800384488725,1.0628552516801573,0.9330614359397209,1.0045284873048224,1.007556379814382,1.0456157720748724,1.0434855780557195,1.0456628677439674,1.0121643683357728,0.9973255126151384,1.0029640522213987,1.0123463642010273,1.010561955222318,0.9866114785427219,1.0311838707332495,1.0295725981177624,1.0017543126265345,1.0006531319710208,1.0418338980946522,1.0779266010412338,1.0178988914506506,1.0198341354934628,1.0047552990090038,0.9763742554973119,0.9970347619613511,1.0090709469005303,1.0644879727121492,1.064468296666252,1.0657137021511718,1.0135407782287023,0.9928648202375205,1.0304865145162894,1.0166751300249623,1.014638077822293,1.0174520967094733,1.0141176512839076,1.0253760199731838,1.0226382288738447,1.1257155176585825,1.0080914334667375,1.028773155679517,0.9954010274339593,0.9934422214670056,0.9784926678456406,1.05801147266541,1.0489771161961798,1.0454881478740972,1.03359331740579,0.9927594572211326,1.0142528014182557,0.9876881936241653,1.0231458293677536,1.0177148761349497,0.9635834737913059,1.1028753551281703,1.008973383447508,0.9861630855739746,0.9813786207656571,0.9874217141047138,0.9702618129057438,1.0215655376538806,1.015297728627623,1.0240607383281692,1.0034586719786318,1.0936035232533168,1.0427596555485419,0.9935771993496043,1.0013629522613443,0.9879395754903244,0.999111919418999,0.9686992347881682,0.9722296007238711,1.0078554574521115,1.0559027365972125,1.0279002386000446,0.9801115932660689,1.0046249255581163,0.9614786019949351,1.0451269599758555,1.0774344629445265,1.0685488073239797,1.0349115478250186,0.962077798811256,1.040244142208883,0.9997234724816352,1.014379584314453,1.0122726567002147,0.9713360920996664,0.9984070094973014,0.9865442258382546,1.0002336831712653,0.997673071717941,1.026016955847963,1.0228261984914895,1.0284508522810236,1.0120453304247667,1.019950867830091,1.056110077287766,1.0673022764307283,1.0519809903203605,1.0345331541011507,1.0158431997917967,0.9763405646819724,1.009559949599545,0.9668687125781393,0.9590414512673301,1.0329114524705165,0.9990442633378313,0.9447855063350168,1.0380864291901852,1.0241742209265565,1.348186233032719
Jan 1996,1.0321401316888539,1.006476962531504,1.0039431816097304,1.006205996545722,0.9651624026794555,0.9625751714381656,0.9930037623276787,1.0095608804379688,0.9971601208393545,1.0323128488605389,0.9959504544181094,0.9932796860544577,1.0022320878076567,0.9481022963170942,0.9559745432294219,1.002912547160692,1.032193380199349,1.000644910072308,1.0111857273330136,1.0219771618214857,1.0072086065431116,1.0189095744990844,1.0131668184565175,1.0195838956622119,1.0251696320729884,1.0286310490631438,1.0066111870868186,1.010887747752744,0.9780214842628959,1.0109230140452319,0.9512983374004893,1.000300633975551,1.013901453151997,1.061763302973605,0.931215872940466,0.9929078282212878,0.9986685158966031,1.0008682286683674,1.046617067504786,1.0198828279117735,0.9850771852612568,1.003161253874134,1.0040958693351556,1.0165462822629716,0.9609700445040131,0.9846187926415414,1.0279418801271465,1.023319033423804,0.9720277601699971,0.9863567490251964,1.0363876570254278,1.0368716903928568,0.9921259211509343,0.9905683793641386,0.9808584409433766,0.9864278394346087,0.9971149358056347,1.0112286416522431,1.0333573885035003,1.075822071562847,1.035607171157302,1.0120208779506534,0.9949617963206838,1.0141457285900184,0.986079097211255,0.989822217665783,0.997619936777333,1.014937865069705,1.0123479354360965,1.0149145444500416,1.0890786817438833,1.0167353444198937,1.0104998779987424,0.9762117893206588,0.9884722828758437,0.9772037847520706,1.0298849848587956,1.058715490034289,1.0035906489925779,1.0296259704155737,0.9484995656083651,0.9951147785247342,1.0405507965298935,1.0162962311413724,0.9985740250726511,1.036567992317213,1.0654233158346362,1.0009531970739904,1.0128906672290727,0.9723556234639179,0.9696709956828045,0.9788850901627669,1.005763147357801,1.0123691165556328,1.0057947122016437,1.0214237035081821,1.0729683488915864,1.054242866747527,0.9673843954738865,1.0018633981729175,0.9986212635766339,0.9518614323312353,0.9886327376669014,0.9732399095860845,1.0164744841967739,1.0155080346793013,1.0223194160682803,0.9567489920903982,1.0037436379111302,0.9735469400732965,0.9935946125996907,1.0927927991949287,1.0590327150007564,1.022246377298731,0.9470453485156175,1.0268806258011347,1.0021020476961136,1.0355092601461644,1.0058901837661616,0.9539807256811333,0.9897288075998719,0.9796915790845838,0.9922161125803358,1.0117373842350708,1.0509981887508044,1.00467642523463,1.0225459311280658,0.9878406647993453,1.0207746222028449,1.0386420297846544,1.0295727889029833,1.0888316572226573,1.0664524925122185,0.9812699022409941,1.014040557589231,1.0076913030099763,0.954702548018254,0.9810450059950323,1.0343740225840194,1.0034695715792716,0.9603762178822338,1.0073955292235288,0.9961873500646354,1.3152401143851515
Feb 1996,1.032019806226335,1.0168528990201025,1.0298831011485998,0.9720202893446167,0.9902148134205854,0.9855486588754537,1.003608422806377,1.0099059759708642,0.979482292215323,1.0318308437084804,1.008633758065111,0.9927418389442065,0.9706743642721191,0.9888515674971211,0.9661241752169161,0.9772292870918909,1.034916222613266,1.001866791318527,1.015626901815725,1.044972532307412,1.0358746270729522,1.0487305822490849,1.0219094577937389,1.0127459686849496,1.0289506831559252,1.0536773148979037,1.0336261214209097,1.0220897834993228,1.0064801076680527,1.0091522592026576,1.0034217482570196,1.020026586733101,1.0130427140933587,1.0577460340151035,0.9797156076617146,1.0483992156176036,1.0058129503053497,0.9882771369574379,1.013711648889184,1.0398586414191522,1.005316104425772,1.0078662181146572,1.0037379867238945,1.0115049668995435,1.0264358779445248,0.9731298705446558,1.0250441751209627,1.0166206027681923,0.9627646867913446,1.0101245534787016,0.9832743344047128,1.1070212853105825,1.0016674229293685,1.0089377884669197,0.9863792917559757,1.0011101632799169,0.9787373604638103,1.0377132163324236,1.1206371259785937,1.0956001400040896,1.0016096582290888,1.0382554628284555,0.988597015412981,1.0405868088801968,1.004465794090406,0.9867161516458591,1.0249133138300521,1.0173744812035639,1.015974300813471,1.0189851549047282,1.0989720801581688,1.0218163932188336,1.019326182240487,0.9777704501333074,1.0134802026216994,0.9658263489675726,1.0505036436511437,1.0755802921244195,1.0591126715562185,0.9852552242336312,0.9891092891091134,1.0101418293471855,1.0107550350168666,1.0035224071759281,1.0165085270469698,0.9934916635409445,1.0906643822275264,1.0090328115084966,1.0226816123136995,1.0197450477034853,0.9708532147191155,0.9823110702132344,1.0104299961049457,1.0106434283343804,1.0244449827985511,1.0103315234101304,1.130968407147654,1.1110617953134785,0.9746599498576983,0.9918656385099112,0.9814779358715379,0.9731211770130739,0.9541263733757925,0.9530154546959706,1.0129256142651357,1.0582221099972435,1.0439604901644302,0.9518768471753857,0.965311777310163,0.9790457138275711,1.0231922050055764,1.0571065628301506,1.0775417077891578,1.0146133719869888,0.9268628962919471,1.0241889794440049,0.9962001655256314,1.0266043896071868,0.9988830331676666,0.9524121061706919,1.0065361798308063,0.984860000367692,0.971764522080609,0.9576705772024274,1.0267683338493288,0.9906459131346734,1.0272029786590486,1.0297293394465834,0.9961492505574524,1.035707204541367,1.0701594043648965,1.0421045926848953,1.0278834490358266,0.991828449779275,0.9580667017789632,0.9902894185871818,0.9082781954657543,0.9882027057943396,1.0149522467820808,1.012185670762545,0.9884478167393681,0.996054297929112,1.0041121786461893,1.3548999712921346
Mar 1996,1.0312005028289843,1.002238530334967,1.0219214355611235,0.9859079229768041,1.0232640322447688,0.9760456901093236,1.0230522689109023,0.9961818754148213,0.9755414690405443,1.0314688217817478,0.9942635099815885,0.9601445199753933,1.0212379679165502,0.9817449330870768,0.9777432143040266,0.9863253200665617,1.0246310592911547,1.005751565536483,1.0318787356970107,1.0402378604669973,1.0329174786983293,1.05223160918329,1.0122337369529506,1.0299786643955675,1.0203254421285426,1.0284336840317958,1.0202798827540414,1.0337252133912,0.9971290289738008,1.0274173492122556,0.9780716739171765,0.9911198916252575,0.9781545793049142,1.074431413801923,0.9290775298401485,1.0107441810016602,1.0317078448284716,1.0044697370864766,1.0270943307643474,1.0370543553804672,1.0080901009485272,1.0136984247596093,1.018276739935395,1.0171550241576437,0.977358067096994,0.9813866155208681,1.018778502822296,1.0324742581676392,0.9769968661796775,0.995779884821145,0.9957971888264644,1.070546977707842,1.0038441405042762,1.005925590055308,0.997078364961836,0.9832193677479427,0.9997280975451669,1.0144020899258235,1.0901920180863824,1.0830085599736916,1.080996390909633,1.0432424107074503,1.0031202617960573,1.0162208320762525,1.0206668858031187,0.9875404123620082,1.0387491542314216,1.0256293903674278,1.0357740039894556,1.0195687926814232,1.1177901638755332,1.0094869189395286,1.0299973674691854,0.9727258767215761,0.9837981033381772,0.9977313629585702,1.0415819244590614,1.0429186510361996,1.0635422127213854,0.9841502812562113,0.9931125100827709,0.9960894889439278,1.0353619444445337,1.019349317198072,1.01366073680749,0.9489715817338983,1.0667157968804468,0.9925386060201282,0.966674048391752,0.9887742537405102,0.975142166458583,0.9831561327042504,1.015507056108212,1.0346192229981406,1.036186478726203,1.0028583867288066,1.1173116557601257,1.0701515100501613,0.983910274168798,1.0256446787590243,0.993687084627366,1.0005376261441463,0.9664252936945171,0.9899378620143379,1.0278504200970169,1.0263473744815221,1.040907191482388,0.983370395358888,1.000605396761409,0.9778332069732181,1.0326896388071098,1.0088099371131753,1.086511381306855,1.0060282132953624,0.9344845958900039,1.0432469316963906,1.0189926819412756,1.0167970912233713,1.0328400194321115,0.9633996006092936,1.0037460848643815,0.988776350014865,1.0209328372711601,0.9980770344689576,1.0530238439689392,1.0061661088680762,1.0307799633802068,1.0059527399560229,1.0137865749539494,1.01374420381813,1.0550114635255865,1.0285640178170572,1.0705331775617741,1.022356120470811,0.9590750124399391,0.9896445808072154,0.9391991429899786,0.9649170070630554,1.020366277072398,1.031897253365916,0.9587948069473293,1.028791324015944,1.014010828089499,1.3519869250505463
Apr 1996,1.0340727957541964,1.0238085507397952,1.0154435055460125,1.0154855706475112,1.007690308985297,0.967233700782804,1.012032577693613,1.010728231564783,0.9989957433758302,1.0313205597737927,1.0210528585244207,0.9975258888404855,0.9467457239045551,0.9735493580485074,0.9848603012727308,0.9913721251526202,1.0184307129964234,1.0278661198456547,1.0326792789196337,0.9774406692404858,1.0163888352767596,1.0615683171212815,1.013413554980408,1.0327219144057387,1.0407410094140983,1.0380506192344177,1.0432740275618035,0.9908218402992771,0.9964465883155366,1.026389152185006,0.980804043083956,1.014614956437045,0.9803660576774957,1.0476641437542962,0.9375430117784046,1.0250353475781115,1.0151747500630621,1.0212048988093752,1.0226547936579897,1.0365302811887276,1.0166585137850441,1.0509852594274358,1.0337028952292653,1.014691534715848,1.0074556552470992,0.9775223200535059,1.0523189213670132,1.0268724451131936,0.9966898996650088,0.9984689356948321,1.0131766559209658,1.0654928399043297,1.0046760294540824,1.0032967468191292,1.006445991226664,0.9834496575550562,0.9887918844490581,1.0290432725015486,1.0729500213466434,1.0901135546264502,1.0720513556527322,1.139859413246319,0.9988752068410919,1.0128242985572744,1.0028616320231343,0.9633346241370003,1.0296041166008332,1.0304902639923879,1.0307563459528093,1.0177389962482457,1.123438733294059,1.040285491966943,1.0254846192650173,0.9497689177160504,0.992928682604204,0.9899580819228859,1.0432095239069337,1.068667835188352,1.0463185497677654,1.000346825206058,0.985200248450992,0.9869389136672694,0.9578520634873805,1.0225298506204978,0.9805632835074773,1.0018246169829257,1.0471774091992703,0.9951245170894615,0.9716410993952715,0.9748892433683435,0.9817943085918561,0.9702416779412627,1.0132847882867542,1.0382602543821986,1.0195114596014105,1.01719780206786,1.0625186205317987,1.0755972410625618,0.9799334167041742,1.0082905834447393,0.969771594960732,0.9615871306595706,0.9635146221903472,0.9606217307936737,1.0272212000183032,1.0377401894611538,1.0365843187374217,0.9550088305855315,0.9855340003423363,0.9700238467352272,1.0326410003444355,1.0481179309497703,1.0425420886697225,1.0082439464186785,0.9373742529865047,1.0270772466974456,1.0118235746524848,1.0252103540463553,1.0047025167428265,0.9711842980524308,1.0064755326047166,0.9832908626298122,0.9813129739461255,1.0076324642064391,1.0244133588504925,1.0101460228887824,1.0529030750321338,1.004368470253752,1.0245090270199493,0.9874180342035299,1.0795102474707161,1.1119535871612103,1.0582724858159187,1.0103098155805834,0.9956608769849311,1.014377432403433,0.9761432403296781,0.981827746324014,1.0437497948323982,1.0246142308868877,0.958764322252738,1.0177029592547289,0.9993780917693537,1.345400451650527
May 1996,1.0487048961750074,1.0186825101087904,1.0436452366784155,0.9684399444674721,1.0054329037385168,0.9787637921891699,1.0103845094759525,1.0223967785161059,0.9855491065672153,1.0370824641921486,1.0182725166650948,0.9690679344834825,0.9761958522903259,0.9726574131105229,0.982444228095825,0.989853265818422,1.039198028025224,1.0106968642110443,1.0298984584830473,1.0197316065997857,1.0293249346137892,1.0541935372478637,1.018851985262449,1.0309845384081882,1.0340824625433318,1.0404778790843094,1.030246354629621,1.0167964855651999,1.0215285002052974,1.031467700462883,1.0035747128374664,1.016685011888549,0.9908748814071555,1.0569385080905878,0.96866917052039,1.0185994475460103,1.0241632916963814,1.028863712304948,1.0434107946033726,1.0438076516961927,1.0176048267853848,1.0268779435926119,1.01488392745641,1.030403573061867,0.9830851335753454,0.9862732757878081,1.0242273594288152,1.0470932521770344,0.9946948957176088,1.009755562525537,1.0243381830874403,1.048721000091012,1.0029382623881526,0.9931228247391662,1.0104720076085831,0.978521435164958,0.9995405518715795,1.0277645106540525,1.0696444411846497,1.1080052336595878,1.0684728721126062,1.0274760640534042,1.0208394575190733,1.041356580752142,1.023867092165154,0.9944585862442931,1.0438707681660548,1.0311965708250415,1.035453876264437,1.0338473877881698,1.0674278401416486,1.0220727002580998,1.0341405547132807,0.9847413682576732,0.9983224260130966,1.0027063047054818,1.0630854283874243,1.065920092980702,1.0670143729641735,0.9712571032828513,0.9868881966274687,1.015550027678948,1.048625988749132,1.019945071480595,0.9878657766456362,0.9547633037384612,1.1476907644268262,1.0031642425565472,0.9974522131193948,0.9765093359540125,0.9918388208972865,0.980452157546328,1.0158135386714373,1.0222026774603974,1.0276773270065669,1.0015340894202376,1.1209205179827946,1.150957766957439,0.9978048819488332,0.9969410524895514,0.9939748693976699,0.9867523881392523,0.9692894653699333,1.005366535157208,1.0257023568929555,1.0262645962850834,1.041969500432811,0.9832821009058409,1.0011786991815095,0.9714636646602025,1.012161784526333,1.0484372423054082,1.0770174190203652,0.9894613276190981,0.9564061637079718,1.0344636341552655,1.0135143698469231,1.0153376474821463,1.0294244395339096,0.9560826309593117,1.0076324521901825,0.9784839515924723,1.012810749737015,0.9950414204659203,1.0437166434315048,1.0109884048371793,1.0415238900497061,1.0105973801287023,1.009266088778544,1.0193495221179205,1.0689120551576012,1.121984040210919,1.0451646140752473,1.0220905824148538,0.9915472904643929,1.0160652042445948,0.9371141616103064,0.9579650582001016,1.0251636818855927,1.0199058421545721,0.9442457628906504,1.027367877096705,1.0188395443537324,1.3306111770579272
Jun 1996,1.0515511076915254,1.0170934549145882,1.0349301574006933,0.9971094852474279,0.9775120399984513,1.0214058808363786,1.0251923269061736,1.0402531817371807,1.0102697292815055,1.0596242634739248,1.012094539661354,0.9937587511086411,1.0110721373777705,0.9992319609758135,0.9894094010584276,1.0052987108804134,1.037440215753556,1.0338899854204537,1.034597040838592,1.010801299459601,1.0233475159297474,1.082094168379583,1.0180189113414517,1.03690398725257,1.0711426950776946,1.046381352933026,1.057135276728576,1.049777547125613,1.0266900064867535,1.0449463579345488,1.0047647099253172,0.9934802895813539,0.9747082776860734,1.0670558972848967,0.9600249381035443,1.038048914709206,1.0356730565847405,1.055751071321682,1.051001360673974,1.046428166059015,1.0241685725567833,1.0284358171669534,1.0311334936450844,1.0429933113742227,1.0116174435424758,1.0048939873934097,1.0382967306115156,1.0520976503880208,1.0013722807186285,1.0201352644405124,1.029591177528709,1.0376936480808079,1.0066812178665427,0.9958879726867278,1.0133615054175944,0.985746266539327,1.0065878740012963,1.048813329548777,1.1120275468876721,1.0968644344962726,1.1028270060380883,1.0496513564361323,1.0095011637353501,1.052162299143125,1.0077238259912917,0.9994874605157235,1.0455819146988632,1.0391070977454662,1.0535371592731324,1.0427680948319835,1.1130702844725173,1.0425952189473053,1.0359371898828575,0.9945028562469088,0.9892433197192918,0.9962215279265118,1.0622157638458107,1.0867017551256524,1.0768004918029455,0.9769279540639714,0.982325305562325,1.0450788926538568,1.046580224847994,1.029951054398255,1.007928525568403,0.9873426799072923,1.0960640248338553,1.0172134237375319,1.025616524652188,1.010388678019803,1.0166125005905418,1.003622488055065,1.022261515745905,1.0274099730434554,1.052225423425962,1.0160972182637953,1.1197391413637074,1.231098542777303,1.0076366180378153,1.0020884572632078,0.9955933784780665,0.9780357087150163,1.0012012212557928,0.9952707278785494,1.0471275081602824,1.0434102887342083,1.05812483511657,0.9974380940156791,1.0298580347325839,0.9817045690280952,1.0419798594131777,1.0706431283460485,1.0763879872155615,1.0281641780817947,0.9522278422828301,1.0461882776508606,1.008934617305715,1.0491248299974696,1.0414505715788456,0.9790907003831013,1.0141812570911295,0.99467971776615,0.9875689691936042,1.0014829789693604,1.052018208806525,1.0351496786667935,1.0518116665659842,1.005711470272638,1.0239175527512892,0.9872140242789298,1.097688365202968,1.1353023851392317,1.0742820808615945,1.024226039433909,0.9713604624959917,1.0077139290524075,0.9999572739907564,0.9712475158267259,1.0218608290174604,1.0384723803883522,0.9862455027292896,1.0417472878976761,1.045526124763568,1.4791121484403162
Jul 1996,1.055939874500612,1.0151848468658144,1.0127009133191975,0.9779392231622985,1.0155988464957788,0.9788284391222372,1.015609363946458,1.0292493576628094,0.9857143407457383,1.042243868825813,1.0255778723746047,0.9801583900118971,0.9664750998782262,0.9712495290993189,0.9846226601691449,0.9640174106165277,1.061223747294268,1.0214445481153072,1.0410669272224693,1.000898877210594,1.0388217946900506,1.0550152637619874,1.0369012441579992,1.053965134023144,1.0339719389894781,1.051151264694937,1.0141037946366334,1.0043561263269962,1.0023242980361484,1.0321900062012423,0.9879289444675736,1.0402734408611463,0.9806474788242183,1.0557454369132049,0.935898247122814,1.0078664528874175,1.0307616397666814,1.027813824873707,1.0468464692969508,1.0444795077624027,1.014809244722052,1.0433352306290653,1.0291486029640777,1.0372467622600745,1.0139735149942102,0.9942432156295488,1.0591411656230239,1.0587172164251353,0.999792794439048,1.0117004764921353,1.0086106109548199,1.0491131314853572,1.0080719813686678,1.0130358446113263,1.0045590677572669,0.965149218055943,1.010222181994509,1.0423664533187122,1.1247376441040433,1.0729665185307429,1.0844139666870278,1.0565193108617517,1.0113476363000589,1.0564659705976205,1.0231312346824346,0.9762495128406424,1.040813745844413,1.0487499283858104,1.0517126495066276,1.046917555708443,1.102022010435155,1.043672476390378,1.053858817237228,0.9847621940498235,0.9543953703219581,1.0110209601455526,1.0547095907904127,1.0956124226095514,1.0662656328896059,0.977125415920641,0.9748287217232439,1.024262504615514,1.0051048325143377,1.020837780067687,1.0061716642299752,0.9965219958697836,1.0234184652119314,1.0041817065501757,0.9928242365635888,0.9820650384194531,1.0068690126042146,0.9892174989531911,1.022233862164708,1.0550395160321564,1.0409711151107395,1.0207340521278272,1.1160595005537763,1.2013589652881427,0.9891870129227731,0.9979203271157835,0.9649772922693132,0.9797323586570585,0.9630268769437732,0.9708873726018815,1.0409495117429617,1.030137955916662,1.0541980355266847,1.0106846693760259,0.9947331096573313,1.0005985460113114,1.0480282312836984,1.021126246052415,1.1072605952531596,1.0102489342625165,0.947467142433161,1.0364872277888306,1.0173833068851903,1.0363245373098429,1.0351245282646964,0.9788096416910006,1.0247494618070914,0.9942028618513236,1.015824268656772,1.0112823041278345,1.0190489830441567,1.015858351722126,1.0478065105016592,1.0223613196322114,1.0434869394066564,1.0327442701110852,1.0946948311912978,1.1587624869830822,1.1024028525411327,1.0317923540391916,0.9982472948975646,0.9865986848727861,0.9688297043112757,0.9709604127673824,1.02828045457125,1.0269150239586244,0.9801747832646308,1.0323102723722826,1.0238610041641583,1.530975344872386
Aug 1996,1.0758750796320677,1.0201055270843202,1.0386973502477068,1.0032730746489096,1.0183171693026778,0.9913403719649114,1.0211651763752458,1.0338622690738766,1.0039340823773832,1.0462408481606444,1.0351560024665467,0.971306624510432,0.9656723846193624,0.970538112422128,0.9694244868344296,0.9843238919850721,1.0704287506018977,1.0445919454003714,1.0376317365272847,1.0178819426885697,1.032894930115012,1.0699692370940266,1.0250480365505197,1.047177928993228,1.0585785296379342,1.0764181559315924,1.0342760004890919,0.9826728939893455,1.0159188311302465,1.043427407979071,1.0028065267137274,1.0292639007795583,0.9912371243275704,1.0517246664352542,0.9360279021289728,1.0260702303961349,1.0591490194533695,1.0383743408400559,1.0577593096620146,1.0396451908678352,1.0246821918359452,1.0570630947072037,1.0494659852922337,1.031066451187933,1.0002829691536577,0.9924337935242646,1.0399034975148043,1.041035688155844,0.9912772212449457,1.0182118816789885,1.0146707799775099,1.0660750605387868,1.0050232769812895,0.9903768667394142,0.9952366809257114,0.9978550199256702,1.017926584129549,1.0654468225814673,1.111302229107124,1.0653197984509037,1.0652879106635895,1.0591105671359369,1.011029264896883,1.0521935039883537,1.0347897094739724,1.0137204334757384,1.0498727095198594,1.0524687377625024,1.0591696749358974,1.050598639942976,1.1201992744398068,1.0349856900132466,1.055624674674156,0.9904827883759632,0.984997791421457,0.9936329769663895,1.0751288433398483,1.0918839750248,1.0759648078478998,0.9908240814833055,0.9662155056794929,1.0490994255551336,1.0531913323843112,1.0261362037006179,1.0238909302561323,0.9606391370571066,1.0675032491734961,1.0103099133746976,1.0160035131260303,1.0102705206555715,0.9930235346289505,1.0143193732924047,1.0219660417733298,1.0685278280010577,1.043452420116167,1.040747225159063,1.1293847689037855,1.1719232750346145,0.9933519515970355,0.9941229457681899,0.9964602884444049,0.9928592917901119,0.9556595810647202,1.0214802684121915,1.0438839526364374,1.0626033882196897,1.0603696251517822,1.0049738059016597,1.024553185511756,0.9877716251276674,1.0266712505703675,1.0813392815997804,1.1215546527423526,1.0339998809627433,0.9542748045985227,1.0512793176264632,1.04481958468053,1.0526502956321817,1.0375533353862771,0.9789195461393982,1.045477388865967,0.9767013617449078,1.0134008773225711,0.9991407642307294,1.0381969298917029,1.033124838791646,1.061647643301176,1.01162897167423,1.0604357782238507,0.9989688996033946,1.116956752700749,1.1231819513844545,1.1285368371371125,1.035924600441755,0.9825596226878459,0.984506863388806,0.962411244150267,0.9714051873971673,1.0188989414664562,1.0230121644642103,0.9690850260869587,1.0156874291574074,1.0293511234506225,1.369493536410683
Sep 1996,1.0740466524938472,1.0209770826301288,1.0475529900109477,1.0022968433985242,1.0126549607251016,0.9859020989434959,1.0184789234161935,1.0544866361429717,1.0254214895899236,1.0679434306340094,1.0338075523332586,0.9697835080214908,1.0300012305521278,0.9834293268206806,0.9952193146264205,0.9826750026140956,1.0763798472877624,1.051199946421688,1.0554039329064164,1.0541769775960155,1.0175573010936871,1.0932411168935638,1.0408849232751876,1.0575425744674394,1.0574442005054365,1.051673872854374,1.053817940629805,1.025405314412664,0.9994782361613199,1.0410285259604297,1.0106648797244804,1.0229845055984228,0.9989319377671805,1.066601818247549,0.9691054197838966,1.0583415529792728,1.072382111589876,1.03464050886549,1.0613905320712729,1.0630653420588763,1.0355747838291505,1.0401392427040674,1.0748630104461172,1.0415242372746003,1.0308870584817855,0.9936581477475352,1.0498207200744756,1.0568341921436766,1.0033661012561468,1.0165242488084385,1.029078740184276,1.084309101240489,1.0317782892409577,1.0074385549433946,0.9965527046527741,1.0004630369426242,1.0042742124554722,1.06880489974383,1.1603044815546486,1.1092763133863968,1.0937957881739857,1.0543634641480255,1.022801547780734,1.0476512338588084,1.0075540679764938,0.992997541543172,1.0506237657431259,1.0650775878307746,1.0736192502936,1.0593816521066635,1.185489026795696,1.0572531670892125,1.074481469149675,0.9933619607972388,0.9780055534257771,1.0183628349899985,1.0884277551839217,1.1080472464367166,1.0792135311848985,0.970012413967096,0.9777385563906702,1.0332200911804559,1.0681742511877652,1.0410966702732833,1.022320579841224,0.9731799867325689,1.1036084648187634,1.002316678156539,1.0197900374370905,0.984465058327316,1.0169462601668933,1.0049246331041675,1.0357510954459688,1.0572108140469387,1.0460578771559041,1.0226009099461548,1.111143259197745,1.1867289706825868,1.0014770862080722,1.0106802111355246,1.0174952039725718,1.003167798056613,0.9660685329103009,1.0198744785597116,1.0500721794098549,1.0604009642398935,1.077007692041115,1.004445003207943,1.0317604360913157,0.9913022800338288,1.0300144072645272,1.0908900914760802,1.1037450060597331,1.014944235549152,0.9636193146991506,1.0618984011717352,1.0297998974610205,1.064702172757446,1.047210275304646,0.9857107379215521,1.0472389509967839,1.0173234016927106,1.0068318857388627,1.0220175146072201,1.07286538075958,1.035663409537623,1.0646031699415437,1.0384551028691806,1.0595973906678362,1.058137839184459,1.1385438009384383,1.1740100730516858,1.1629490716154829,1.0392722998642367,0.9833598390856156,1.00386697514794,0.9455919471529158,0.9403269266123561,1.0562750316865455,1.0207115620123406,1.0040702984818919,1.0119737042485006,1.034241797010685,1.4351643165779013
Oct 1996,1.0734023953202727,1.0447662690531234,1.0433155292207785,0.9925517098502553,0.9931318857587121,0.9947975943765004,1.0274594438730202,1.0461948722679635,1.0135011126618827,1.0719281098842521,1.0400029702159683,0.9600560754352369,0.999883734511137,0.9979767697992744,0.9733386046821316,1.0170683600771075,1.0621402575918224,1.0452577035112636,1.069864938456153,1.0248123456531022,1.045988704803987,1.0779982919110724,1.0571199106831182,1.0855031722062092,1.0952089445046866,1.0769815639902134,1.0660025165382798,1.0188924492888791,1.0088249853452504,1.0491747013013764,1.0159247699169178,1.0305049757063067,0.993306338461526,1.0620308899415767,0.945725105675207,1.0395995169913677,1.0703306055433957,1.0388025859995895,1.0646005015396178,1.0460693708450246,1.0437754192261248,1.0626172051319231,1.06844719757218,1.0447483171852516,1.0346256344994342,0.9946263692444116,1.0727270943662435,1.072987103303696,1.0143368617479105,1.002953107888709,1.0265170736991458,1.0696518911750028,1.035422320108224,1.002111710501752,0.9987190721287225,1.0056250474315154,1.0215274877227292,1.068898111161587,1.1418165120591925,1.1254167947792946,1.085229541034415,1.097522198012085,1.0290652516715069,1.0579673564356842,1.008997185290672,1.0016862926585663,1.06058268092891,1.070775914016435,1.0786157791682114,1.06926244047929,1.159045824501157,1.060176638081157,1.0784307880594675,1.0084935204878658,0.9419540453133547,1.0104914631078328,1.0975693323901488,1.1076670722401099,1.038527472574232,0.9753285151359609,0.9936328848804571,1.0262753628572814,1.0574102984034817,1.043972154005912,1.0396289602649478,1.0075903529023307,1.1212220176496437,1.024412172396209,1.0109143637002276,1.0166217384583554,1.01582049174739,1.02174452983154,1.0340810734048267,1.0684411327098098,1.0342883874518871,1.04791000782763,1.1172960731239072,1.153702255854663,1.013219842208401,1.0226642269030872,1.0137025941957107,0.9931751433088302,0.9754660371094794,1.0029815883337276,1.0655849100604438,1.0622006061814848,1.0826442457279755,0.971415365458804,1.02786226938748,0.9917150865841545,1.0366928448892534,1.0778091193084525,1.1133662330930247,1.0034561818846017,0.9555319436286366,1.0655988264733627,1.0345990743281908,1.0668140336822203,1.0597963831925892,0.9681231234655997,1.0298108305898872,1.0110941440983918,1.0162275599783785,1.0158238524615046,1.0542767348150384,1.0426931366113796,1.0672562272919774,1.0201944397739373,1.0394173948101317,1.0527237404864218,1.1362217099788579,1.1209170470876848,1.1380223892497314,1.054835629943742,0.985797753392126,1.0523764699134979,0.967009181184535,0.9442101312525646,1.032181476456555,1.0496534195471399,0.9988414996427238,1.0390739398163147,1.046371032385434,1.4178065316430248
Nov 1996,1.0976086789935504,1.0376195782732158,1.0450500196184365,1.0025792785622158,1.0352765309792187,1.0138289904551985,1.0392832857519292,1.0645147525965624,1.0255838231410483,1.0846640218563346,1.041079324892771,0.9705263128270206,0.9837853353588326,0.9935973717019707,0.9904343127850679,1.0070468343750858,1.083797247486336,1.0545655527136784,1.0747905613470745,1.0288387061225532,1.0285447121804727,1.0914215263848972,1.0562328031495996,1.0953627014275984,1.0865654421477542,1.074698772849014,1.036162818230054,1.045826723125798,1.0147101294621066,1.0671894614504558,1.015458901133478,1.0308257521978528,0.9955008816113885,1.0720744980928274,0.9772736595061472,1.0280194342970213,1.081036222432184,1.0602883621182586,1.0710242720082477,1.0783493001988398,1.0437651744202576,1.0796460396037901,1.0768544878208786,1.049873785752137,1.0296282235485488,1.009182575104794,1.0580543348033955,1.0787973397237323,1.00647757356275,1.019963977549277,1.0325266584528339,1.0428009268804155,1.022522964657981,0.9984508873049553,1.0039210511719638,0.9995645144785078,1.0193369353417459,1.0855069978540428,1.15376423536865,1.162226700963854,1.1186745101409614,1.087200595593458,1.043399095366532,1.0706338509301394,1.0424260744538956,0.9965869193555428,1.0643658091575197,1.072844111231795,1.0849940701165695,1.0750703276601563,1.152440096202236,1.0733225859429851,1.0830684888715498,1.029735810724614,0.970441097470599,1.015064343132413,1.0863273011082508,1.137373143560058,1.0288482107297308,0.9860874108760018,1.0100859308671537,1.0523209374715132,1.0467754523007282,1.042822413601727,1.0158869815971707,0.9951882604116417,1.1220800167562728,1.0284354359800776,1.036653291729183,1.012178387352844,1.0051786124529518,1.0092044843119556,1.0377120450639878,1.088479875235904,1.0500315529351132,1.0486998789893096,1.1688044910930235,1.2133859106476577,1.004274504805204,0.9992195038332372,1.0107705173751529,1.0020817919861162,0.9865686685510257,1.0199025827633061,1.066119851794003,1.0794619758158546,1.0914328140221503,1.0041952104445973,1.0104803999421388,1.0149042684351286,1.0644859255745835,1.0548808974630448,1.1312635096809631,1.0492646529831786,0.9566110039981554,1.0792073586944024,1.0465092281215707,1.0788469810013572,1.0717932869018951,1.0158113211105233,1.0537997878506289,1.020370704359484,1.058746020212094,0.9950677713972403,1.0787474283435003,1.0536329751386044,1.07714521908606,1.0300276723936972,1.0721839342023707,1.0400402987896111,1.156018715500781,1.1673565198155136,1.1667058998502218,1.069910255674065,0.9994906726577433,1.0239677456310756,0.9664870246520028,0.9633135740953079,1.040343260459967,1.027562356349169,0.9733928726640846,1.0190813104702512,1.0449089904441309,1.499757421760512
Dec 1996,1.1084480871510107,1.058627527102122,1.0576996420335623,1.0162096497720259,1.027343872003727,1.0185864696107918,1.0301826893800283,1.070146618442332,1.0391851429769419,1.0892103524717476,1.046435736896629,0.9957044157803817,0.9963532603341386,0.9944266089017709,0.9986296134751673,1.0123191761863861,1.1012504007569828,1.0593595430883789,1.084938002298604,1.031299201287831,1.0425509352174973,1.114921412800331,1.0651789419210178,1.0896463268244325,1.0814920543051127,1.0959466453530162,1.05347049502393,1.0443890364862332,1.0112766858209097,1.0706059441020193,1.0058552576064446,1.0536769071862684,0.99367280256565,1.0767416632655773,0.9895714749971191,1.0468969545859963,1.0908437369628183,1.082675771559231,1.0885435522141358,1.0841612181359985,1.050495369572515,1.08561663998107,1.0958559947291273,1.0728608661753565,1.0317595733331903,1.0052058683126208,1.073620063128698,1.1158264491854835,1.0342664002732738,1.027739215100784,1.0234051647262286,1.0319677814216708,1.050189937262857,1.0293667079288882,1.0219195761508184,0.9821904586625477,1.0201252844280484,1.0997464892798792,1.2038691334581637,1.1407297704672352,1.1465819865474551,1.1169210897234112,1.045461875685278,1.0770493203905882,1.0176327933717981,1.0078890468832535,1.0745781608903928,1.0933647958696802,1.091766359110875,1.0951929810277699,1.1259673629410227,1.0759726445145787,1.0998653318376148,1.0026997969736058,0.9733095477989061,1.0477438288966936,1.1042812989077677,1.1317803942752152,1.0766938056078577,0.9783379863238731,1.0137900379171245,1.0613138880984525,1.0869934949340159,1.0573107763553131,1.0177524943945937,0.9968458545760768,1.0887701133403045,1.0246817184356891,1.0363214685819389,1.0273314773126525,1.009818487607428,1.0223664316651782,1.0529958993685486,1.0933562151540732,1.0641678195191453,1.0720005481772337,1.199824693936057,1.1698094743379497,1.0226506018099997,1.0173773021245918,1.01707778419526,1.0264177767549396,0.9934438760140932,1.000079733211189,1.089479157877354,1.0770605454896398,1.1042194416847149,1.002918756870702,1.0345723385628132,1.0196320069599232,1.0490474612691107,1.1204041233640092,1.1385856269194838,1.0272083528668026,0.9723024413371384,1.0910228343678436,1.0540608194191583,1.065934167851977,1.0839905783218493,1.0179498775716405,1.057414955890909,0.9997962250482543,1.053392185564861,1.0103381881375286,1.0606377501907138,1.0629188307915605,1.0856155687687836,1.0509090267016816,1.0842309406205781,1.0299663615609689,1.170707052995875,1.1883049745696168,1.177899096328558,1.0509009761284192,1.000892170535176,1.0107810710681138,0.9565430101049764,0.9691567976304483,1.0595316985176053,1.039768515283658,0.9762301671915179,1.062345094029111,1.0612831218778889,1.4336944260140636
Jan 1997,1.1197997195402025,1.0385466145066677,1.060714841409307,1.011134585248773,1.016848659763494,1.0142204952430172,1.038460624741485,1.066278388282864,1.0441859411206873,1.0873078127525342,1.0553054301755784,0.9649679280417423,1.0425455212693708,0.9845174424828721,0.9876926423267076,1.000247914518043,1.0982663837529436,1.0676244123085064,1.0886163180712212,1.0353750469248755,1.0421747694104249,1.1013905656006664,1.073629959100175,1.1155668968207535,1.116787184415709,1.0816477746242965,1.033273551737809,1.020277362129479,1.0189498791436118,1.0724705912622103,1.0306002566435941,1.009770291444394,1.0033782139903877,1.0556220508804701,0.9458177203470385,1.0455422301351078,1.0926808896725877,1.0798787465238051,1.0824602433260648,1.0789132847998881,1.044846333366326,1.088432788833496,1.1011011609548493,1.0790546627630428,1.032848631945555,1.016841084123371,1.0850738212099773,1.103226014070324,1.0092986471398502,1.0172868717754031,1.0138276942070634,1.0683064637133242,1.0194971417809415,1.0229717731981671,0.9822927470807061,0.978778097564651,1.0246235736329,1.0904892621658728,1.2042366434756226,1.135726043925698,1.1171019021409883,1.1131913699850695,1.0413933285187826,1.0932977456380073,1.0451680489343516,0.9925468238678898,1.0760189590830338,1.094650125809164,1.1037512695512945,1.1122750620848105,1.2059009823757285,1.094655381251638,1.091381019928833,1.0223607662406717,0.9404220983164011,1.0310227953529825,1.1123699444144601,1.1479287151772464,1.0675800698276903,0.9900803047578404,0.9819054380797331,1.027214918216518,1.1023648475884582,1.0503067136078719,1.0145993617933493,1.0047863637763716,1.1074860084179619,1.0199772027479574,1.0562386680739984,0.9988909328282387,1.0047765634994352,1.0241114832280036,1.0518538972534204,1.1008515515472783,1.0649123628462995,1.055161885286835,1.1825027344720747,1.2107695704531027,1.0005480777352536,0.9923614039837038,1.005690044200215,1.0164062250953056,0.9768477721769048,1.0011077706490361,1.1078134583834354,1.0886121756206315,1.1152018537048156,1.0155441014131974,1.056495425162286,1.0315081064821463,1.0594003735234334,1.1077787502405234,1.145889542413934,1.0345506725461244,0.9949584329726374,1.0949988188822242,1.0488978840784264,1.0940872644416435,1.0852434056485885,0.9984267512657331,1.0670408809286986,0.9972194633686187,0.988085607383053,0.9834078602520955,1.0808827340671339,1.07240325136027,1.073696230602784,1.0446503357820753,1.0629829712463823,1.0363061412995769,1.174689907900832,1.2591757172942486,1.2167018815479904,1.0640451437078766,1.015136102682595,1.0471911157491598,0.9460449214707779,0.9696050519362345,1.048371911615357,1.0647479255168861,1.0335262065812703,1.03637568929704,1.032603671727273,1.5262335880307896
Feb 1997,1.119471204235681,1.0477823176976642,1.0670759120371986,0.9894296094669947,1.008205336613125,1.002914063194666,1.0426957438334026,1.0756616454900048,1.041554414798956,1.0973718535963755,1.0686657651643283,0.9913626412791524,0.9709827859339429,1.0143713301085375,0.9963356137419411,0.9737779673964947,1.131613042482838,1.1008544237689095,1.107649867238231,1.0368966738780976,1.0430653922712727,1.1276194296075224,1.076432287978567,1.1086362379627477,1.1107747835550161,1.120019589652341,1.0441923151652084,1.063157248012317,1.0553523867720418,1.0619219766828738,1.019777471253211,1.0521749637010165,1.0122281621151272,1.064571606975719,0.9687206157041462,1.0472308403266568,1.0934414493769784,1.077182063547427,1.111892340269496,1.0815394713944941,1.0468584860371093,1.1027700053947584,1.1210642735833831,1.0746696353946539,1.0355551227755921,1.0281927093130698,1.086105869491977,1.1049946195958225,0.9849933818657777,1.0299367831252366,1.0087832145858835,1.0968962249985157,1.0359051218956545,1.0242063867461464,0.9947258108666405,0.9958387511201984,1.0346875810778862,1.1000628922281768,1.2249699169659864,1.131230405581772,1.1276249724141103,1.0879310649599667,1.0496138572281302,1.0796091188713177,1.0713224259303904,1.0237270349427339,1.0927270285662118,1.101654030954766,1.11319839109283,1.102236233097533,1.1576713368723406,1.100141584690439,1.1158386671551865,1.0057123804101133,0.9697475869464159,1.0394010590308198,1.1295706483808066,1.1326853474091119,1.0593013347415938,0.9883259897790324,0.9935192843632042,1.0688330268636999,1.059171392440452,1.0552841706655587,1.0240811842239725,0.9849155693510503,1.1753872385842985,1.0454598659718377,1.0496956725167381,1.021333253849744,1.0178295710161658,1.0480289970112593,1.081178276718891,1.1288734706635883,1.0814556468875451,1.0770051252424013,1.2050092050139338,1.2996388238638532,1.0055705077779582,0.9885387848802557,1.0174928624196857,1.0092683549142811,1.001527310510665,1.0478835997792568,1.092982548329229,1.0780770850147308,1.1258738692710377,1.0235041360984878,1.0527419531942255,1.007055323046003,1.0806453195571921,1.1793235161962796,1.184671596298214,1.0628258344009112,0.9562072537202653,1.0906962405182308,1.0708022816510587,1.0875107246122935,1.0874898168794087,1.0153013365077475,1.0676739610185346,1.007028733073067,1.016589637915458,1.0217893992119143,1.1097438034691762,1.0665859594377174,1.0908475450094426,1.0658008787277753,1.0934929416534624,1.027017553574171,1.1910073473933,1.194739931158542,1.2199848884558233,1.0712769232426491,0.9980750973092344,1.0448356486340165,0.9222639115034206,0.9811402060222005,1.0349544067360117,1.0210813335983222,0.9963900745336577,1.0329214666481237,1.064651785897743,1.5970284751404673
Mar 1997,1.1430134576280004,1.0659548942104133,1.0746188722311996,1.0288204127522627,1.033711134328298,1.0179885131548803,1.0559497645424163,1.087801690028924,1.057253150998493,1.097061280231179,1.0679906216832875,0.9641166313910452,0.9828719813560329,1.01758291327011,0.9963122529400823,1.0199915785561935,1.1215742074714816,1.0850379771306553,1.1091073096331003,1.0626196546941813,1.0626994811414752,1.1532235352018212,1.0838602771615877,1.117607145670759,1.107538382631707,1.121001653779731,1.0356813289935174,1.0818611909898201,1.023736966956846,1.0866363666862267,1.041674634683476,1.0515496048251456,1.0082615664877885,1.1169800672110937,0.9946370130724128,1.0560749612334381,1.1108866194011233,1.0944942840309335,1.1167111213013958,1.1170445078130298,1.0608360236696206,1.1086705928884333,1.1236121317493624,1.0846000468440506,1.0547173731518036,1.0372278342607344,1.1023771382744934,1.1258875842454816,1.016703986412689,1.0616296932327338,1.0392351058713865,1.065177392009357,1.037411888305255,1.0214057667342484,1.0153127081539404,1.0120676742838164,1.035713639668458,1.1101229464755604,1.2150832577769235,1.1890131945588591,1.171839662409207,1.1746799611266814,1.0634236899251484,1.0985491888296794,1.046035405654584,0.9975992568239391,1.1074276309805282,1.1295367936008354,1.1284087251323982,1.1301712463216196,1.2243023797810002,1.0988154748771106,1.1307406879211246,1.007433119413045,0.9737274226899848,1.0214148238830028,1.1521862376431835,1.1793500203050373,1.095892288280896,0.9888312401611067,1.0032796159504096,1.0380489352968982,1.0903914474353678,1.0839166771201942,1.0546883732437087,1.0108784833953686,1.1633676686905736,1.0358268977493765,1.0758205020626062,1.0197854559148718,1.0178097639725634,1.0543360010467966,1.0851903958259153,1.1373917066457022,1.0889756248647562,1.059930622974024,1.2423337017995633,1.3036749395307343,1.0131030436855877,1.0471689036556866,1.039585520612831,1.011728281517945,1.0016610415679823,1.0097138344537508,1.1014538161687313,1.0737485869022152,1.1393921906228577,1.0263761734864674,1.0553388143862432,1.0386022219274873,1.0589798613236483,1.1905812215945974,1.1891935543170176,1.0419955035477515,0.9784228897692422,1.1037578805677553,1.1012831132409637,1.0948672741958856,1.1250485786783038,1.0364647558851399,1.0916919589873468,1.0176566383466494,1.0422814887145992,1.0084932737433594,1.11049501470138,1.0858958069570641,1.1098892672855472,1.0616632823206986,1.1079704565416668,1.0449862264326315,1.2333372282360646,1.2529381412454972,1.2109460179762832,1.0839717988434041,1.0234884676213873,1.057719929591785,0.929365283269543,0.991497181197138,1.0725692480024072,1.0537862238298368,1.0406499050963958,1.0622223065675551,1.0626655364249653,1.4720611118569766
Apr 1997,1.1524984268221277,1.0696330843051096,1.0822757504444274,1.029338785932677,1.0170365484358035,1.0223379790975673,1.0597554284631943,1.0849634279385618,1.0474774597099552,1.1165854343458372,1.0743769061329418,0.9834085626700798,1.0246165819585908,0.9983595050635272,0.999245340122402,0.9889872702114297,1.1384478600455552,1.1046566285141204,1.1176599302004384,1.0367521882400652,1.058743572930313,1.177156594434232,1.088005868629381,1.130969805791688,1.1356373002272013,1.1159669935908412,1.0835483897056306,1.052750795822718,1.038929615633266,1.099979091400529,1.0515286793021614,1.0316425525323205,1.0209580914103973,1.1052196837757882,0.9716855925243605,1.0443006402889898,1.1241567834294943,1.0819639162473311,1.1318674333403853,1.1128212729203364,1.0729512513963442,1.12838353125062,1.1422036364952417,1.0917066692017452,1.0478088068165134,1.0339845479844927,1.1109245480356649,1.1205265173716457,1.0167256505533768,1.0299108887993889,1.0255088965308001,1.0960877353104856,1.048184060822044,1.0180392042467519,1.0072094869111612,1.0138250688434358,1.0363204019854257,1.1172796395463478,1.2254745563878866,1.1589147900728827,1.212382750840095,1.1593129229344503,1.0619345725505471,1.1040100951907679,1.0828642952234748,1.0153223138145424,1.1108358341617766,1.1484208835979208,1.1475789357474646,1.1466994273054048,1.2032068102339173,1.1289938082631745,1.1523717411681476,1.0398443412390015,0.9830571353871328,1.0553222686834691,1.1620736991597949,1.1958187684981851,1.0619235560287499,1.033786876829977,1.0112806542169581,1.0585216394991437,1.1060056667918492,1.0861496593136915,1.041090875576193,1.026809204057848,1.1279362112197544,1.0393690615273832,1.0789290867246526,1.0439331085051862,1.0181016300655967,1.0527803036079784,1.0838477935864808,1.1246314259471495,1.0865246871342658,1.0743624484765002,1.2472878102834861,1.2449199054572875,1.0257180395985919,1.01204270177645,1.044532196572109,1.0281979981253166,1.0103951280963637,1.0226769035586563,1.1292970525092625,1.1105812999110387,1.1447683900124417,1.0402254071374328,1.0323325805496253,1.034753206312031,1.0728322605141962,1.2137356177759182,1.2110072380842056,1.0388349304432984,0.9864073089941082,1.11368425004993,1.083350020700777,1.1254975942201422,1.106716894585764,1.0271424894033467,1.0975161437134984,1.0111532210228589,1.0306420276401667,1.0428478031102508,1.1226246690246653,1.1114835440509547,1.1229731573769497,1.0872656267646565,1.1423744519370749,1.054598107323272,1.2684409296936712,1.2321616331173353,1.246235974511275,1.0831660608001175,1.00692353585817,1.0406879288692839,0.9772445243085615,0.9882742208179226,1.056487526681332,1.0369322210403638,1.0064501407185316,1.062102272067788,1.0634354808854172,1.4817046341175424
May 1997,1.16856850868368,1.0659003830611429,1.0878277587656229,1.0317041212048501,1.050375425947484,1.031729775798421,1.0705478110995155,1.1136835417356243,1.0702130104847616,1.124221044573662,1.0862270072495421,0.9951783785811916,1.03527000985082,1.014174245036539,0.995553413473122,0.9898255267751179,1.1575364625152003,1.1180002464639665,1.136985062882249,1.0546250140961788,1.0487199665848366,1.182998421375932,1.1060306983245245,1.158980207649887,1.1494122335996648,1.137134632975721,1.0736304600171886,1.0666184850236788,1.042181587219197,1.10151294042025,1.0431924767383634,1.0532528744244103,0.9977847355052956,1.0971520788697893,0.9996157859727812,1.0612785143677572,1.130920432534921,1.1150161272954056,1.1414533150793407,1.1138726215667403,1.0839448624684918,1.1325949205213603,1.1623907676615735,1.1044095953215298,1.0560847840084002,1.0379440817043628,1.1279115569782105,1.1546708189261299,1.033431148828446,1.052209791327617,1.032880131219374,1.1016133560909447,1.0580816521002165,1.0174367674751281,1.003912357503965,1.0043433171383405,1.0584952368382572,1.1333562279954874,1.2200784211017481,1.1661858535986787,1.192733662295179,1.1775466489788815,1.078495725042757,1.1201856225964766,1.0792666040969459,1.0376685316736147,1.1107324823204923,1.1606850387627157,1.1626029508130107,1.1677706054591743,1.2469429416162063,1.16849294413323,1.1583078159660904,1.0391442749193465,0.960138732041157,1.0588714839804834,1.1751200726717985,1.2259257412309326,1.1026657475846835,1.00512644463326,0.9907820733385516,1.039386825091198,1.0904112989456451,1.0836462299526473,1.037378939218616,1.0291683998547616,1.214491679808351,1.0461471036015917,1.0642598597839792,1.0431824070196447,1.0335857392339143,1.0702626849981003,1.1034785995291352,1.1623919744758784,1.0975546702852992,1.1021201309603947,1.2805079345037382,1.290514947400348,1.0371819723222169,1.028250314180686,1.0522394361254301,1.02772414963113,0.996334660123416,1.0199369535694103,1.138756915115785,1.1100679077781073,1.159112118203578,1.0211532599463082,1.0653018619186325,1.0353942558401368,1.095775029532511,1.2334418070569333,1.2409800418058623,1.0595447173568056,0.9977628129340192,1.132260434409233,1.1024918100867802,1.1280479731747335,1.1272772175211552,1.0379437790914583,1.108415239246331,1.038330652663632,1.0625920404439848,1.051023525612982,1.1689406116634307,1.1276760738587004,1.134580638057383,1.0932781656000987,1.1385248519832458,1.0951144569029987,1.2786997851591182,1.2537289201722601,1.3082976392990182,1.0754563852295014,1.0311561702422638,1.059165413465269,0.9725772900126579,0.9891192081438805,1.0765192335657263,1.0512142052936941,1.01106429733464,1.0833949027994796,1.0844747732961841,1.5348390606391824
Jun 1997,1.191541904628579,1.0769007601731349,1.111051778500073,1.042849777810836,1.0361943152304796,1.0513740719497917,1.0793006699064636,1.1261344160571896,1.0718159767874353,1.1462714329032537,1.0898548624326345,0.9952747876433782,1.0263132121095662,1.0146937138631196,0.9980893988802079,1.0027355534347158,1.1627095326283252,1.1353865002633956,1.1462933816814695,1.0400895176473812,1.05478862481907,1.1973557581661813,1.1137628712525145,1.166088708945855,1.176303026807421,1.1494100014678912,1.0895270101683612,1.0535906374033848,1.0614934040085444,1.1271231462447826,1.069510031660651,1.0432130196837817,0.9867826516769559,1.1191333377658943,1.0020667361076554,1.0436847325989536,1.17472591703875,1.1054740966923118,1.1553090930348333,1.1399380089316191,1.0946065042714617,1.1559470182708382,1.1756098647909126,1.1241192695476756,1.0913306026285383,1.0461236098423372,1.1459379231053812,1.1692547445378025,1.026090262058705,1.0753945839452257,1.0473737959292195,1.0770232581598138,1.0526375236263183,1.0234341416265547,1.0293066772847705,1.0101931718209451,1.068204934803584,1.1553826186194807,1.27158947563999,1.2184292526496383,1.2217856411747048,1.1874865242360446,1.0869643304539722,1.1330764701612641,1.0642663173367004,1.0272401889919915,1.130509303432597,1.1928302263793928,1.1943834260432737,1.1797359354691732,1.279674662967563,1.1734275816220716,1.1791021801410644,1.0494159431106629,0.9636023344169435,1.0614781973886653,1.2089642038000479,1.2638367721308104,1.0736977183336736,1.044799802420243,1.0223775928937215,1.073199464089594,1.074499494670176,1.0946562250357545,1.0685527154909138,1.0250336076235027,1.1442654505232435,1.0466973730868812,1.0818386672931464,1.0566949934742929,1.0410003642366672,1.0778427704237248,1.116407937957941,1.1726015746798695,1.1310124697864279,1.1295970277503842,1.32988297597556,1.3055082535547036,1.0300369600757817,1.022807192384053,1.0635867167074167,1.0354641076238191,1.0187817261720837,1.053622988119826,1.141234633660467,1.1257658257530676,1.1770300330531438,1.0621330141703487,1.078910298037022,1.0374656357345013,1.1044345965889306,1.2562013547261965,1.2446574110846997,1.0650016982934343,1.0159070697287882,1.1395208452198946,1.1195919000904624,1.1480572514207263,1.1474696790651793,1.0704400468510875,1.1175838157260447,1.0351125690286553,1.094031646376058,1.0553435662747193,1.165007711344511,1.1251001722553933,1.1446883608450424,1.1086597174604227,1.1566353852097344,1.0732964315741733,1.289050513202349,1.2869113163956576,1.290040464735342,1.0771809512238644,1.0514209645572712,1.062489984505385,0.9674770318798049,0.9779538069209579,1.0626145778765925,1.0597052907657076,1.0363024920007806,1.0876281662202825,1.0936997970175895,1.564021382843002
Jul 1997,1.1994308160795655,1.0839760798535938,1.1134438946118415,1.06667867152422,1.016762721002597,1.0485063831712826,1.0772191466982541,1.118849370142577,1.0721490420408821,1.1382098654403534,1.1010990204709967,0.98480890596839,1.008596048824968,1.028635122064043,1.0061632072510132,1.0133707699750982,1.1842516373127259,1.13543368728916,1.1561819171363734,1.063746326754309,1.0550449100923833,1.2126862621093266,1.1323646179584854,1.1780421393235332,1.1943277171013633,1.1461289313148568,1.0646585315644923,1.0882767264589377,1.0542855310009918,1.1315367909243113,1.0521475151772246,1.0613412423552202,1.0136810074243485,1.11282591674276,1.0073745328669799,1.0689892364238867,1.1796176305564499,1.1505480022037193,1.1677632265831657,1.1274025374459353,1.1099352740148243,1.181806445320343,1.1908776652547886,1.1214980541661383,1.0777211362051087,1.0419733779237743,1.1325127888289424,1.1654302814814923,1.036741466760059,1.0514194610578211,1.0526270395562638,1.0975024245537723,1.0656672995760188,1.033043693698346,1.0095257133543605,0.9931609872508637,1.0655919021809306,1.174734703503834,1.2761574185201827,1.2369871294207662,1.1974897279108436,1.2176376816922467,1.0951792797804838,1.126466791204894,1.0591104682561427,1.0190223749963219,1.1457026429441046,1.1964741868095587,1.2065344606889046,1.20239818582338,1.2692596893435522,1.203655472635774,1.2116206665428149,1.0626081075689255,0.9334679365482964,1.083835600896212,1.2164661739869131,1.2662430892481038,1.0880492316219263,1.0035769608502347,0.9799973181339205,1.0768993762822474,1.1122873528685768,1.095226162745075,1.065544198474528,1.0394284239969254,1.1668365395479432,1.0480248913267576,1.088402548390151,1.0419357045040205,1.0440438298912351,1.072324803725018,1.1305553889220692,1.1853590518392463,1.1409922232078709,1.1146325259166718,1.3284655991264755,1.305668678326067,1.0282504538427992,1.0216119749998152,1.0626017618134032,1.0228374249322232,1.006410086313973,1.0445578096480483,1.1548585623854892,1.0968595167061546,1.2005770883209483,1.0170127555006636,1.0915906342775878,1.0501885787497072,1.0991850543509438,1.2746375647293362,1.3026510385997716,1.0712151452400032,1.0220631078213258,1.1439595540861223,1.1415947762460135,1.1612425194591214,1.1585264540495146,1.0495877933678772,1.145528632527164,1.0194115520558673,1.0406429951533565,1.0440910231362386,1.1929843578562473,1.1427219288721677,1.1520678592511229,1.1051982251033936,1.1458877852410532,1.0549129719264276,1.3444826753303238,1.3257089912189932,1.3251766439192516,1.1053856073650152,1.0140565536558217,1.1102083461144918,0.9627384695088146,0.9818772305661939,1.0652696820485612,1.0436120335093848,1.0349269885289123,1.0844112798907588,1.1010862914288548,1.6748926755662943
Aug 1997,1.2262137711514522,1.0999863636311724,1.125926694160809,1.0440466048007588,1.0372812968228624,1.0506324988211915,1.0859010037743688,1.1523791674361088,1.1033643576923187,1.1439907251963888,1.110185150164896,0.9993826000206679,1.0456524761193042,1.0278775965135285,1.0175525974413815,1.005247395112174,1.2013380401410585,1.1726671582832853,1.1834697080288554,1.0321061904685347,1.0444779513698774,1.209947789160392,1.137721589301024,1.207008980747073,1.2124476542248,1.175584145187079,1.0732074613091025,1.0733646667762573,1.0652918425982443,1.1498027926985463,1.0806070728769024,1.0695380486830093,1.0244172694810334,1.1198034243950208,1.0245083952444438,1.0835216836995178,1.1763772563595347,1.146811174349542,1.1673273099395736,1.155305635779527,1.1089081938222176,1.202828384991532,1.2190818979791502,1.1301826113113258,1.087087865800881,1.078419465907793,1.1492506563276095,1.173657432357622,1.0304851813365472,1.0711290232858042,1.0370453242228281,1.1478330244155304,1.0684771688593024,1.0216793093263588,1.0144369552653214,1.0171594052735906,1.0657722412347732,1.1855170079156332,1.2762322723914694,1.275685803267002,1.2340814851407655,1.2386897266483197,1.1111873223156903,1.1472802808011788,1.0558578193543784,1.039697946189677,1.1471887390758129,1.2196094858314457,1.2296969445818768,1.2231672955204793,1.2852070475477513,1.1963090882801655,1.2270183178803973,1.067004494430805,0.9222175388731613,1.078971593264468,1.2391780142297355,1.2942026730294354,1.051550721168751,1.0249949768205966,1.0032313733478038,1.0836161073550006,1.1107814984683,1.1075857219606249,1.0393382950349959,1.0339380681543124,1.1816428909511794,1.0585904127113177,1.0990419974461023,1.0275665524750615,1.0448468562618305,1.1115855691419505,1.1494017995196661,1.2121914312192303,1.1442334223330564,1.13751393631271,1.3258736488705591,1.3272425879801326,1.049934823823414,1.055256982971018,1.090637258179728,1.047639901991216,0.9962132327672728,1.0717211879013806,1.1688984363746109,1.1110776725253289,1.218351950056271,1.0265547069886571,1.0843635618343777,1.063159850669424,1.0966208355377784,1.259407726517283,1.2934480900509542,1.0757644388742111,1.0078341276778007,1.1717994069558086,1.1572131741072986,1.1648890667673941,1.1774493368055037,1.0750426591256559,1.1391203226428248,1.0386571925155128,1.057309519940092,1.0385772495998649,1.1915924290261168,1.1540881042859732,1.1750149006826645,1.1531618693280183,1.1771173366889132,1.0609121142511369,1.3430640351372594,1.274038186304875,1.3254697788958436,1.0954778339205586,1.0346305416376937,1.1015026835438313,0.9604487765958316,0.9740619058754202,1.0959952098704182,1.0622587422183576,1.0380286246086776,1.0779293977807551,1.108742340525743,1.76587623604351
Sep 1997,1.2374305076063576,1.108603439619049,1.144772786500834,1.0497578939502215,1.0585434372004912,1.0379346675479308,1.093753642571343,1.1522533522318361,1.1013041800040453,1.1658136778907056,1.1156885415652313,0.9937267279584053,1.0126907933949252,1.0235642929236777,1.0120143424561032,1.0141687108663229,1.219457216506383,1.1700269189165817,1.1852018453635427,1.0619979776007586,1.0683633536633217,1.22521083898201,1.1560218874621957,1.2230313606931231,1.2476235468116659,1.181546587539163,1.0898299159464007,1.1017543118427833,1.0732821599816156,1.1633418448012076,1.0890039391559976,1.0594129728582355,1.000975195141191,1.1374455033869988,1.0037226976471942,1.0932192402060026,1.2032931217823581,1.153874630354403,1.190431176334521,1.1418145677510156,1.1322884556839574,1.1949838065081075,1.233023113674268,1.1355977878137173,1.0890277410908975,1.0699560163622663,1.1687692005924797,1.1879367235100209,1.0458971854547359,1.0777544830324703,1.0474357921178414,1.1251644657422928,1.0779210259146295,1.0248896670357603,1.0148737741520089,1.013145541622526,1.0688363359634472,1.1869121368824522,1.3017297010562243,1.3065903694891228,1.2351580818071504,1.2678331814387132,1.112218814595516,1.15816032702026,1.0787291695305745,1.049067412378765,1.1571024406136157,1.2390217632942435,1.2337374528410006,1.2444662272363438,1.3107409963670777,1.2379266758920489,1.2309931938624896,1.0763441344480806,0.9877721837912907,1.077553713390962,1.244091132567142,1.3176888168898757,1.0814452350739734,1.0165316558590303,1.026120835729495,1.0654386492488452,1.1156388523929774,1.1189600982478873,1.0610219869511792,1.0510514779038729,1.153184426508425,1.0621915118717693,1.1243954800551954,1.0649543886070865,1.0564226849218565,1.1230077814204795,1.1421840601271334,1.2375381632462326,1.1581064747746896,1.1298699427719219,1.3280429190379075,1.3033861358832621,1.0465589899998167,1.0323891793531557,1.080004198673608,1.0303969421983947,1.0027267422183936,1.0804755471780474,1.1804208222932229,1.1449757863331256,1.235398635111037,1.0570479591442787,1.0964387087598646,1.0605017462905366,1.1248103751537104,1.3136925363799667,1.2968360241452963,1.0694289936858836,1.0177601579969782,1.1773142259027651,1.1352193824546648,1.1686279263749848,1.2041866537203487,1.0711521780659603,1.148431306638414,1.0495402705892405,1.075827334364489,1.0593381701752684,1.21935610473668,1.156632057527579,1.1688852384015838,1.1333811422500362,1.1785635559714742,1.0873670717832216,1.3731897556851593,1.3183550574748666,1.35556493380245,1.1129304694429092,1.038579861012513,1.1028589113639802,0.9645195046811812,1.0051530545658596,1.100357946039224,1.0796996078210972,1.0487219296801156,1.089821426601158,1.1064954390352293,1.563362148041937
Oct 1997,1.2542308035013954,1.1230873631632052,1.1381325744332536,1.0634377962067303,1.0613854080035796,1.0487700955053756,1.0948170854405013,1.157746497693361,1.1356964483394738,1.1685841061213251,1.1272317399038039,0.9849165007878612,1.0211917711691554,1.0262581672302775,1.04206598394507,1.032183234772956,1.239513230317122,1.195931227161893,1.2048559597116886,1.0586491974245849,1.0578329331322083,1.2535327819788826,1.1754853290951632,1.234060835149461,1.2441670202817587,1.2048184809566689,1.0832267948718084,1.0555229239071482,1.0739926312079955,1.1725268639521178,1.0957682181253197,1.08063853788201,1.0113824459296947,1.1175374951702945,1.0110735157160198,1.0998792547346121,1.2135398555246704,1.1625308462943051,1.1970036587289699,1.1585369260568903,1.1291438277667751,1.2190462906767867,1.254451786714344,1.16310638068108,1.0998417782452943,1.0700120257675407,1.1828976278230028,1.2125612351675916,1.053915424237234,1.08200500684781,1.0356111933321976,1.1003478500573103,1.0806471838503147,1.0294381618777886,1.03086935917247,1.034324535165358,1.069503217217262,1.2263538167250896,1.3320661085654018,1.2685438529919117,1.252664443767777,1.2528332805118068,1.1238776634560872,1.1536419159885327,1.0877643892763873,1.0608439375279233,1.1569436685636392,1.2532791687957694,1.2654031369568561,1.2542243777995756,1.3429979725115713,1.2549896753071625,1.2516435583828482,1.0664541400906744,0.9416518539992768,1.0956878035552264,1.2717390925575396,1.3098920787517592,1.0691324878704522,1.0457314712824017,1.0037761433403938,1.0784847099479062,1.1085208147108883,1.113466186059288,1.087207767799736,1.0401835941957018,1.2020760088541473,1.066350291498106,1.1207285356338172,1.080296138869538,1.0547837411494243,1.130741990436442,1.164540523687068,1.2457564476112526,1.1619517554422771,1.1630669503609212,1.3569710636311942,1.371475040285999,1.0491304556582606,1.0221565072673628,1.08580438225667,1.0331477262654312,1.01803460053441,1.0634820040702515,1.1819472316371236,1.1325861102276529,1.2349437893353572,1.0435819553330334,1.075627201293338,1.0724282210404497,1.127746133911626,1.3222780354075672,1.3123992061459426,1.08445375168749,1.0242891701926746,1.1883866341623135,1.170050222491166,1.1825974977945,1.218019030130809,1.1015095550102032,1.1565794943364622,1.0497411960239864,1.0645083026044275,1.0656984552619406,1.2201095347003896,1.1919170703321134,1.1763279070078707,1.1631056085197613,1.1791175623696475,1.0568269454973336,1.3904748004144187,1.303058182045747,1.3477710191161056,1.106721198539522,1.0440972575143554,1.105157587984157,1.0141516538125979,0.9897771904225064,1.0877869264141145,1.0743953540676203,1.0381405163418647,1.0987997977365682,1.1358746607561856,1.7411030527759892
Nov 1997,1.263140589453373,1.1121495224373599,1.1631339142229615,1.0752632537750668,1.0438604884618001,1.065367494165528,1.0976740171046675,1.174639380393579,1.1252030778617337,1.1844923649370758,1.136556871130794,0.9833297752611693,1.0138818303403432,1.0279425463761283,1.0396375306449088,1.0295216392509097,1.2327760481157113,1.1848991982641874,1.210516924439929,1.0538871007303188,1.0521126200509323,1.257348990341685,1.186388781338471,1.2459944160303724,1.2382334126496313,1.2291313817895193,1.0866254243779423,1.0815908155649416,1.0895635389331768,1.1744373346351078,1.1005608158322522,1.0435673966469645,1.0295194347511656,1.138090774993975,1.0350829960510932,1.0881014001710105,1.2293390766943315,1.166314525254917,1.200710658204848,1.1632459325180247,1.1388086514678295,1.2300344635904201,1.2666088319844613,1.1517756602697216,1.1274319109197124,1.075092586659849,1.1704083942234553,1.2263576304041075,1.0416302531486687,1.0934781623427543,1.0750443013645874,1.1123617436512931,1.0994596927468252,1.037716679659976,1.0357985018159168,1.0375380655164743,1.0923916368463276,1.2489665524952898,1.3559098629919288,1.2900520318843065,1.2596258875642197,1.2696381444083442,1.1285453737268716,1.1786143086079737,1.0863709934861603,1.035017638356657,1.1732191003667771,1.2723009251048005,1.2669514989775617,1.263504410872199,1.3196599364512978,1.2600102060704768,1.2699487545897852,1.0796382161408962,0.9539393797449985,1.0974646097425869,1.2964495584011717,1.3427603072462575,1.1090539358882978,1.0294711693444931,1.0276958174197768,1.1077743393167068,1.1210413697664838,1.1197522233243606,1.087651500776196,1.048372232530544,1.1990741989807159,1.0690540115836806,1.152163110246897,1.064424607930523,1.053594560879633,1.136366987363766,1.1760778598787818,1.2292196233504455,1.181439530959201,1.1407587312287035,1.3438222157865916,1.3807410132360878,1.0535506575611588,1.0454325971160525,1.0947906076286134,1.0725120998138409,1.0425309570998924,1.04967627836822,1.2113484990480883,1.1525815157108477,1.2476938951314265,1.048844972747989,1.1054459373474241,1.089756374269909,1.1365548946893038,1.2859642760017866,1.341291660717769,1.1070467992102975,1.0376714665108397,1.201480336550405,1.1625673314941387,1.1799110103272474,1.2335425163266704,1.0768211867727588,1.1632410454446487,1.062837787374727,1.0368516851975478,1.066261446488443,1.2315161895134494,1.1956007472710652,1.2030685656852431,1.1588886228458026,1.2208473529291004,1.0816364137336292,1.393015985088146,1.3512953789431925,1.3657158104139782,1.119838918134268,1.048682411820693,1.1110063772978844,0.9549965426366026,0.9857167603568857,1.087116787272741,1.072734779621748,1.0551781081719747,1.1026670173564046,1.15393580244779,1.7898097932190062
Dec 1997,1.2788739803966505,1.1357502540597086,1.1508763346020014,1.0781431954263538,1.0543798538005147,1.0646930649259039,1.101140310896237,1.191194706548353,1.1414500332897206,1.1914023128576439,1.1396938525385285,0.9999131057539821,1.039761807608155,1.0381764949796002,1.035397163759761,1.0240045029894786,1.249305918814747,1.204592546280743,1.2204284769108267,1.053600709123925,1.0551136141296904,1.265200925963916,1.19363126246255,1.251685632114631,1.2659932252972788,1.217175951431624,1.1009317200049187,1.0912361403928286,1.0888680060839946,1.186516511069857,1.1225174530544788,1.0495052215768494,1.0363374609016183,1.1466235847117967,1.030304104455146,1.1137884864340954,1.2312516769784108,1.194964762587693,1.2179835167901079,1.1882392746632346,1.1527034032278136,1.2488486657574571,1.274724473989201,1.1637746221755745,1.104103392545186,1.08595552215499,1.1947376413614188,1.2441342023201976,1.0510632751408606,1.0877972038555987,1.0685774217946054,1.097730282032025,1.090788268407788,1.0391730060978293,1.0331006311406656,1.0399823911571697,1.090954071513321,1.2420404704079775,1.4289079133657399,1.310794221132724,1.3066307446611964,1.2985595155199157,1.1377273289502394,1.1803656582645468,1.1013570378681412,1.0453446431098674,1.1912491254617648,1.2847522114809653,1.2785524062961378,1.2814277965568852,1.3430161838866723,1.259060339341496,1.272107420847785,1.0867141796098552,0.9680681330688337,1.101961099955864,1.3066078089758384,1.3357282332542049,1.0952479162080042,1.0333035977025051,1.0193545987249049,1.100365233788812,1.1310311454213446,1.1401956390471069,1.0997217609383725,1.0488712651214165,1.1717789204110207,1.09605136223222,1.1538878641407175,1.0824602708676778,1.0686565676419795,1.1283021842371712,1.1965148986720668,1.2825419299779173,1.194737902050174,1.1895259601833479,1.4114417626838172,1.452110896133074,1.0711500922946693,1.0494751320347002,1.0812165000046021,1.049427358705697,1.0229885750423182,1.0666723502399842,1.2219299451891785,1.14820335608983,1.270316331554087,1.0414108101566522,1.1284918747593478,1.0878850930001076,1.1462956049878605,1.3001718143898586,1.365221980897888,1.1139925061792286,1.0349770920760903,1.210339393604024,1.1698173269790193,1.2125891080877582,1.2477795692939997,1.13352806423704,1.1985231419296563,1.0692759291503642,1.0765379131181525,1.0535275621437525,1.2882101081681172,1.1934288527671826,1.2028524671278396,1.179728572505722,1.2156048251530887,1.075972233449905,1.4073718229689196,1.3594120074935883,1.3751770961882692,1.1277829849913412,1.0458604125257727,1.132248032505107,0.9557127615692559,0.9855124282962596,1.1111910969330048,1.0551978667296882,1.0571363296323881,1.1031537703002223,1.1537234466552055,1.7968984211121533
Jan 1998,1.2784967952082513,1.1199829619649138,1.1446735125553291,1.0541886903246287,1.042120668311557,1.0526298902722542,1.1040029122488406,1.1830498830825695,1.1438564408713583,1.1816495916893768,1.1504138258936276,1.0054223468423917,1.0251024438291159,1.0394087137790142,1.0151401457905962,1.016168356397367,1.2667809479389622,1.2252184134705217,1.2316441472947952,1.087412944639843,1.068860829924147,1.2679184931775804,1.21227309145195,1.2473520133737466,1.2885562964740116,1.221889016191218,1.0955487350574797,1.0702292124224262,1.0833028947251329,1.1968644297305535,1.096042913516841,1.056924059655095,1.016824238636569,1.1316408338150765,1.035280343071858,1.1136862961169287,1.2410625696889472,1.1802722633197993,1.225488676951877,1.1992105931491317,1.1444273707686117,1.2495758794587015,1.2904964824842469,1.16279598650312,1.122119071984928,1.0796553728905536,1.2180963674710072,1.256771142439625,1.0396539681633,1.0947410929716075,1.0647879895385695,1.14912207943768,1.1069269378967554,1.0380513717849302,1.0363540825951278,1.0266080484988966,1.0945889366561794,1.238543315720374,1.3750762185210825,1.3033507868508927,1.2904547234541761,1.3026504934839784,1.145025908214588,1.1693027751028204,1.083490488737709,1.0670156623716938,1.1832616924097838,1.2919810878253224,1.278059733344455,1.2813882161038048,1.3562589263031115,1.260005065624738,1.2776389077733774,1.0788613716222595,0.9418805285158349,1.1281031797403378,1.297189437359445,1.3543647402885255,1.1129622642688797,1.044850912267554,1.00920448275399,1.1033125779890782,1.162328527585386,1.1226590269373025,1.071810534493748,1.042828726378411,1.2042509893030915,1.0735444439659627,1.1210554347385844,1.0821936194124335,1.0755354882996333,1.1570466038412544,1.1996506179518809,1.2760535617917552,1.1850605401204244,1.1807434149249076,1.3845213980516498,1.3681470277291685,1.0582501895878238,1.042458174074989,1.0945923792700636,1.0651305711135077,1.0499720340921936,1.0390406819594868,1.2130756086718923,1.1348133097408655,1.2693083034223525,1.049341375088064,1.1169570871937533,1.0966979399695114,1.1439253071212152,1.334121787565928,1.3594137296749755,1.1140496941605966,1.0391347367140054,1.2122448839486553,1.1804662594220137,1.190716415017768,1.2546623990913732,1.105940100054241,1.19729151363615,1.05838861029637,1.0665453050293041,1.0938336491086824,1.2320644643583407,1.2079452537939925,1.2192853285308005,1.1867378977447856,1.2058200951638844,1.0821925226180906,1.4256871803165585,1.402760504461151,1.3550217006003844,1.1510564903609288,1.0464311283496779,1.103025923801263,0.9842584170534012,0.994641972389969,1.1112739906751852,1.0418189903542363,1.0527939130690986,1.1006735150637044,1.1499452868226099,1.8783477415754997
Feb 1998,1.2913810176229388,1.137019411438781,1.1605352690617359,1.0817264531794268,1.0686066360917983,1.0831238619703025,1.114504091425985,1.1986108443115266,1.1731749723400289,1.2166639514171276,1.1595058867821795,0.9964131358045833,1.0237697860747104,1.0340195630131521,1.0240989078611973,1.0417485013930108,1.2774768368615839,1.2039630024647165,1.2423095310309762,1.0797730435277235,1.0723371571670584,1.2689422359328253,1.191125657748457,1.2718124574615244,1.282984798624661,1.187829070721554,1.1231762544540929,1.0774743321771032,1.1214372539800768,1.204297057141055,1.1000107363547196,1.0561892342870072,1.0332324252832032,1.157045149929331,1.062610498268227,1.101102941106703,1.235934552911308,1.174391225065365,1.233773392817776,1.209684087857881,1.1527132385722967,1.254395935722516,1.286825867514165,1.1605969968421215,1.1284560550987708,1.1137469649975373,1.2102372711227818,1.2647437637007168,1.0473936914696031,1.105052321252126,1.071416530436812,1.1258192382511274,1.108977574245886,1.0638941992406568,1.023688909938365,1.026326656170892,1.1003408065925444,1.2506535665717513,1.3279830377299366,1.3007800106666894,1.2932030321190984,1.296202575918544,1.1560460758294506,1.1827440196236405,1.1022465468791895,1.048898840511091,1.1950452877962139,1.3039667305837497,1.28148265127852,1.291629939311853,1.4006781512842745,1.2687901497515977,1.3018693235970067,1.0944374403329107,0.9285664610624889,1.1265457829466534,1.3167500462301163,1.360060384595202,1.1051532137713904,1.0803154654437104,1.021654565070124,1.1362366352185824,1.1572991537359407,1.1392374224375146,1.0801961716271076,1.0551462912001481,1.1811954460101437,1.0888192841129982,1.1986505249375876,1.087652035381538,1.0640617925122275,1.1662722259909089,1.204799832521403,1.2640198519360573,1.2084536200383982,1.2008069862606245,1.3918447981832616,1.435539618734495,1.0790908455489523,1.0678923896543904,1.0862290307791944,1.0627780053093825,1.0229327668837151,1.090721596322519,1.203935918383364,1.1503608362223294,1.2919295512093611,1.0655339299932975,1.0896889330937596,1.0926560454623764,1.1626502376615746,1.3450236582243855,1.3567391900902959,1.0895017760836927,1.0277402846825245,1.228836594035636,1.1787134208500005,1.204627297373675,1.2651481217220273,1.106650488766611,1.2049494178647602,1.0575654957869882,1.1012404122611743,1.080920696700351,1.2627520115361643,1.2461234334028775,1.2320259408567347,1.1755121790724379,1.2267082177534758,1.0567761319740305,1.4211697006487478,1.3595131130566909,1.3662035222640592,1.133578262838834,1.0498545663968766,1.1407172544926139,0.9861804490867161,0.9879480796948072,1.1089059147637408,1.0717093413956003,1.0475320498541072,1.0874324661997183,1.1597682307588648,1.8401824264905973
Mar 1998,1.2949410327223545,1.1374110844243546,1.1642175599899336,1.083689401363831,1.069676859733952,1.0423424192669901,1.1177419909179613,1.205414000966082,1.1377054689715753,1.2100543262882772,1.1589422946332368,0.9876910045111931,1.0463636274541137,1.0336323072624591,1.0286289310657957,1.0420969720893574,1.2754115550965557,1.2200509492124256,1.2504051013470294,1.0926628277977093,1.071851284851522,1.2934120420453226,1.2177194117924752,1.2710501248787769,1.2883014817786818,1.2334287324741098,1.0912735790638974,1.0954365431875155,1.0978178584708913,1.2094896743739618,1.1285466331565712,1.0703532091177317,1.0285596751652413,1.1665633291436908,1.06174679641771,1.111476747965084,1.254860963361415,1.172017509874756,1.242974483016785,1.215543484705052,1.1550861221986588,1.2596139074280264,1.2901039124585256,1.1888102788860624,1.1440722358868278,1.1042594672111123,1.2219537195767451,1.2825430894673822,1.0593818734366238,1.106372266110021,1.072025108741656,1.1182713231068027,1.1022510540838684,1.0437333162476743,1.0324781711877073,1.0590508028509165,1.101211363694991,1.240723535357242,1.3925026634359081,1.3402063024750284,1.32241012299544,1.3189890580266928,1.1478580798502849,1.214074309698127,1.0997049299513002,1.0709662117308458,1.2042340452918625,1.3120368465192664,1.2976925893302558,1.301020196428708,1.4127132080962455,1.2878201020822924,1.3084210955250315,1.0879702123831756,0.9628523278250842,1.1263464058888006,1.332236050492813,1.4168016908351284,1.1190601931440562,1.0520539361772479,1.0288866491334814,1.1121274330724278,1.1118042453449535,1.1396589538408062,1.1117667976642591,1.0636816348326654,1.1990239851234867,1.1030893044650154,1.1668619902312405,1.0923289074693414,1.0653502238742656,1.158643188414491,1.2116586914685652,1.3186691010390073,1.214087213869783,1.1922072639877663,1.429493388497492,1.4786120239797564,1.0868304339054258,1.03739875973363,1.1035602160749618,1.0595395128644698,1.0304300163425275,1.073083695856399,1.2303340672876408,1.170797738842786,1.2938968043845327,1.0714392007432385,1.150987668989461,1.0891202046415334,1.133394803986695,1.3328624980415107,1.3561078322762814,1.1381504860230525,1.0396711340308653,1.233231659663729,1.1916061548841945,1.2360515326368018,1.267585588385777,1.1264188824675225,1.2349229813632405,1.0741020851893794,1.0632247605184744,1.0635194928553244,1.2798834903093292,1.2250346241459917,1.2368515345182163,1.2064506376974045,1.2335461931534397,1.0511330295538288,1.4722608715400047,1.4266601053681511,1.3974344195096764,1.1421682889723148,1.0624730713177408,1.1357009388789732,0.965460920192511,0.9762517044026152,1.1313849156829443,1.0787861486873498,1.0394057502620786,1.1027126263585074,1.1798015627782037,1.784982682686825
Apr 1998,1.316194093368583,1.1333553339595537,1.1806317778578643,1.079813568347335,1.044549755106845,1.083037676621683,1.131528086698974,1.204677149555299,1.1556605425606046,1.2330750187619002,1.1671814435552144,1.0323322483796484,1.010730420147944,1.04623235094353,1.0429549873601482,1.030288179100504,1.2856868519415785,1.2427156644075499,1.2720916086264629,1.0942143160658382,1.0757767301944505,1.3093048598406256,1.2236787481237743,1.2840206730404293,1.3306502734048573,1.263624967299954,1.1161390337512591,1.1089703943127929,1.0802350763038118,1.234208049206403,1.1146723795387168,1.077038936197733,1.0567385381100003,1.1798356522059787,1.050965781591679,1.1230285173292025,1.2659644122793878,1.211240730081626,1.249908421521119,1.2272556160876473,1.1655349273406157,1.3022253022355226,1.3143304021380033,1.193855235935364,1.1395596823583092,1.1055203979816821,1.2278418734216918,1.277960810815374,1.0897214028994935,1.1054554618703065,1.0866103775136722,1.1187189568152553,1.107864735433707,1.0559180031256254,1.0369950408423707,1.04632000858055,1.106145898727866,1.2574907533060784,1.421535772062844,1.3445006144727325,1.3282142487939688,1.3264118797622144,1.1567401956365735,1.2063562953906246,1.0872749679454208,1.0717377068656964,1.2263894804114963,1.3239776351317742,1.321786361279775,1.3170264030609813,1.4403905714523457,1.2914484914299318,1.315008993458134,1.1027981591516156,0.9592138765187455,1.1298484713883818,1.3353572821371051,1.4037510086349103,1.1020041751977079,1.0449678946311396,1.0311456218859263,1.1269480345421266,1.11601300313053,1.1551302892676294,1.08916512611985,1.046671547014709,1.1842040108710947,1.090793970419987,1.1856613887512957,1.1016786712098183,1.085937126257991,1.1724233250553306,1.2243264437373433,1.298681952572106,1.2293407392003175,1.1893009220845818,1.4375266319603919,1.4651319410042247,1.0823620641794578,1.053635828433224,1.1150359847820874,1.0696148385998228,1.0454743741907602,1.0804509282674357,1.2553038942415242,1.1675801661705403,1.314354279555197,1.0605767299208309,1.1558244056370086,1.1156168471319712,1.1508016121199527,1.3486519434326962,1.3883539996786822,1.126264861555656,1.036531752097569,1.237832531274557,1.201029760036575,1.2477914514294868,1.2881746051868692,1.1113875975404774,1.2343914788700787,1.0654073676252505,1.0555950196409938,1.1001258198358508,1.2974966561809849,1.2362386410077248,1.2531309337901961,1.2149132109150482,1.254932581523764,1.0655888038167158,1.4909702563500078,1.4575423379609105,1.380980181200562,1.1249664394073369,1.060362536548437,1.1450333849195067,0.9856751360634526,0.9905826687706113,1.1288101530733443,1.072378725632109,1.0701784005755777,1.1336683394452116,1.184524118282557,1.8877113548026794
May 1998,1.3354370071476032,1.1533766088991366,1.1855787541419558,1.0968186276719378,1.0783459992401765,1.0983552520626712,1.1382853821818846,1.2112088965678107,1.1742124147195452,1.2277636238124618,1.1822180898156645,1.0156475528032554,1.024474577265557,1.0498128810695508,1.0489497871143683,1.0135116697971016,1.308769488614903,1.2559973410373304,1.280800882163584,1.0723689679020205,1.079561928713658,1.3271924591690576,1.2320906787989006,1.3025903326469075,1.333965577679328,1.2543102985567902,1.1314946247406168,1.1112884884243948,1.0807210240598337,1.2316245621897906,1.1334266282382246,1.0791955174311731,1.030063270092276,1.165312220477282,1.0299873644118553,1.1348386828347874,1.2855239394733406,1.223659395171825,1.261408762049934,1.2402340422516471,1.1801799418055452,1.3087900785071516,1.324204550613242,1.2081932515429494,1.1547474916585403,1.13220809754057,1.2558881665729194,1.3132992430456027,1.0868132925316853,1.112384916255255,1.0815972538643146,1.1638575445945636,1.116641327800321,1.0527552683108024,1.0470810043346652,1.059502357895374,1.1109896771571195,1.2950669864661124,1.424721625990184,1.3913069158255904,1.3388934200110776,1.3330457513428846,1.1710274718510703,1.2083513028533446,1.0713143818499145,1.051586788363761,1.2305453911980142,1.3417513251104172,1.3285802182472424,1.3451922011520603,1.4448485265544297,1.3173799810481,1.3335751743259787,1.1227010851186654,0.9676468991100348,1.1333337354862751,1.3615571502945725,1.4203957091204082,1.1090160496127008,1.0811015430651802,1.026912200496532,1.1430547086895189,1.1103371552935963,1.1667602516138555,1.1296975259372257,1.0651528634083978,1.1650559757177295,1.1034606779879883,1.1811478787757979,1.1101447403021854,1.0731746653233505,1.167509864342612,1.231209315135432,1.309042795411187,1.238695258943387,1.225975064149202,1.494680171852788,1.464373544026024,1.0932238240089998,1.082748344985289,1.114444277176081,1.0731942900622113,1.0581320911079086,1.1032658708205891,1.2640281611362383,1.1924017618866363,1.3276189258398188,1.0996408735542658,1.1390782109858557,1.1079637586921738,1.1674079693814343,1.3827462648558972,1.4238232972260194,1.1202627572419797,1.0718957169211645,1.2543036055772445,1.2274565159987336,1.2692943477923664,1.302836975231719,1.136410771012258,1.255177890526403,1.0748585541159172,1.0801035767625216,1.084418583145205,1.2973060956591205,1.2391089562536923,1.2546751623345438,1.213641243542843,1.2677770413344698,1.1103999630821857,1.4767655785939897,1.4760282399231979,1.4277056800628927,1.136376569452974,1.0772913471071328,1.1474971957651716,0.9853434980301522,1.0000498370477398,1.1329337669015704,1.0844026939115534,1.0921951845169542,1.1389441680865828,1.2015623152909742,1.9912745680923762
Jun 1998,1.3459182761033057,1.1566926948460219,1.2017495216598453,1.1162406061751347,1.0804499640915848,1.079369620037602,1.146924687955089,1.23468676127504,1.212049179201679,1.2521101857222403,1.1841866347844794,1.0468533696948654,1.0557344601623322,1.0541817029493223,1.033108671119825,1.061315070148987,1.3083613400516185,1.2586898459628613,1.296602360818423,1.093773512777919,1.0819241996176918,1.353653445736064,1.2523361501684316,1.3219959238931802,1.3496809376842596,1.252489209194993,1.1351521970925824,1.138108818071651,1.1112386560616518,1.2544906702216971,1.1309217661480726,1.1210128278310227,1.018177555009451,1.1772648365065637,1.0642298055255863,1.1135522710762014,1.2956715380089388,1.2464499187504232,1.2799629427498895,1.2496333729073816,1.1914306483016064,1.3060839616317446,1.348202235725987,1.224589903734425,1.1558616496503664,1.1401112123392878,1.2730840707137203,1.3135801588748788,1.0869868927423174,1.1121956648371232,1.0756275734587881,1.1286229967236487,1.1210041744326913,1.063743491723489,1.0527725668209806,1.035188588755483,1.11371642509796,1.3175821907722427,1.470676482729981,1.3830686318866008,1.342354700888115,1.3733715847554282,1.173098923028395,1.2365165811810725,1.140967878380993,1.0826366875891456,1.2537493646532405,1.3568361935340016,1.3407776292420812,1.3525792552560971,1.4687168707920772,1.3249324000391944,1.3406775338696613,1.1222651599158984,0.9914578852243108,1.1346971716912881,1.3795548472330745,1.4329255224273634,1.1034769015127295,1.0983149759717776,1.030080364996301,1.1053077190050349,1.1490024502440035,1.159426897391866,1.115572217306144,1.0762711581216862,1.2147910337097036,1.108691039850577,1.2078978342342295,1.1107701344031093,1.0836511067680594,1.1955710634549168,1.2470339823538747,1.3174148014408573,1.2551156048334176,1.2572814990925536,1.4965521624496827,1.4712061764856803,1.0970480974384376,1.0615930000556124,1.1228414873784323,1.0904992985754995,1.0446026282524614,1.0487877515538373,1.2721132642549131,1.199675905563608,1.3361452293025997,1.0905556747128242,1.1618414715141485,1.1308508361114822,1.18543009786137,1.3571141524815287,1.4839993487996996,1.1456344560571263,1.0404738747699287,1.2505530641287455,1.2290128599874912,1.2236330882615918,1.320807972296196,1.1573014866916511,1.256879597704997,1.092772603321101,1.0960529591068624,1.0992814359585803,1.3400744593121143,1.2464976846901268,1.2706436640435113,1.2256465665417995,1.2753126274155953,1.0554154690052708,1.4955390696659774,1.5075657190365575,1.4278720192732177,1.1471897032363707,1.0684321703499595,1.1589834019022014,0.9934801677655212,0.9989084136074116,1.149889538375144,1.0799255506131529,1.0838542563716935,1.1309267957960494,1.2115212399784578,1.8456886481948576
Jul 1998,1.3622212603321096,1.166294751193858,1.2036582805764895,1.1095075965436345,1.0948065942878733,1.0926241399535372,1.1425774582690118,1.2280527269677652,1.2130219364784574,1.2451781517741285,1.202564132076323,0.9927949165078676,1.0490298566675558,1.0655191037516154,1.0501928513826455,1.0460251375092209,1.3270489179689506,1.2728942857024248,1.2993730075334993,1.083856032195647,1.0917813467131907,1.3429575502810014,1.2670893721464198,1.3175619773286287,1.348293018746407,1.3033761898740714,1.1368222435342337,1.1037446441240741,1.1210244342732913,1.2565807950331598,1.1483045816424864,1.076779371015245,1.0649817451053802,1.1900250109055284,1.05380585732105,1.1059767779778058,1.3073859070907758,1.2428215691032438,1.288943717115943,1.2534636778113206,1.2004936838168287,1.334598532994233,1.3551733222652353,1.2216722865127196,1.1783428417856596,1.134361836140579,1.2559233155679346,1.3265039993500232,1.093583608760824,1.128791678061643,1.085244395002155,1.1593017701926267,1.1323742808817716,1.062993261643814,1.0437098881991485,1.0555699619236503,1.126571759411429,1.3018576090557312,1.4516460039042247,1.3766408526691327,1.3722958958666758,1.4038716871542796,1.192005636271018,1.2436334671812495,1.1208959762610713,1.0754620858559325,1.2385647000446987,1.3642387062444354,1.350813736847471,1.3582355472194487,1.5028161444346595,1.343550041706827,1.351115008885986,1.1139604042035902,0.9503420927047538,1.160258765922472,1.3782115425462662,1.4600311313433447,1.100339167946557,1.0701289820182118,1.0319740498054844,1.123331360845229,1.1880914724137435,1.1790230284727623,1.1382676051481924,1.098114831849259,1.2974858650704995,1.1134619418295149,1.1929091987352893,1.1142169260306751,1.0954942129846181,1.20269865250038,1.2625445755357694,1.3274636526591121,1.2605418412324765,1.2473474621975917,1.4912416840241878,1.48256542562733,1.0935312270037065,1.0414116154073925,1.134722328346193,1.0633278386248706,1.0702206745430998,1.1006385467999142,1.264058910145003,1.2004745833173525,1.3550616656988994,1.0754248144471308,1.1411148780772822,1.1241301381763438,1.185676958056776,1.3948695959972193,1.4622825837810658,1.141727278094935,1.0813816144874813,1.2598295267251582,1.225984621174308,1.2877355528545662,1.3185710552546375,1.1639426621241573,1.261454029922881,1.0846067299082651,1.0998614279128918,1.1157734103711825,1.3313850883341234,1.2716720914435067,1.2744252330226795,1.235105776049334,1.2384112663041116,1.099313650495092,1.5272261822460966,1.4821903545617616,1.4730978283503366,1.1674728575752622,1.0788029797867826,1.167894926589761,0.991433641186832,0.9909937548085684,1.1259048658376825,1.0881591913022115,1.0738061257161529,1.1590620041985296,1.227638292618154,2.132823066136823
Aug 1998,1.3631671374189533,1.1534931007640372,1.2036709205413636,1.1181039500259582,1.0623036293205903,1.103458682216149,1.159847680784554,1.2522493278109696,1.207973298719797,1.2778205935323728,1.2083322416670044,1.0105735284532231,1.0319615893663647,1.0583522857203713,1.0509563654127325,1.0495014650655845,1.3430140652214377,1.2732075509444174,1.3070376893915487,1.0837932772657544,1.0774057007099276,1.3656949033691812,1.2739213460977818,1.3313208645825942,1.3662988782138974,1.2929854237995435,1.149055542110142,1.0995356885759127,1.1010617631024042,1.2778928041757005,1.1534094817542349,1.0770257379583799,1.047186425377635,1.1983947868063214,1.0599815857027632,1.130820475780596,1.3092223870728874,1.2533590356206763,1.2861531938434332,1.2611138627262752,1.211036098493772,1.3432387913068327,1.374956120318304,1.2251746908333925,1.1722894172907208,1.1377661520463838,1.2880571389121849,1.3377169596487197,1.0977343742484,1.1276135776560061,1.0679674743931962,1.144829196628562,1.1325797964840756,1.062736040033625,1.0472206031396842,1.0493183259222107,1.1197468310563048,1.3365864018156242,1.4832122362067075,1.3847945212917543,1.3616796723192348,1.3874004706327152,1.2017422291697508,1.2564451656296924,1.070132468225431,1.0666071835983095,1.2604961899491136,1.3727063147331293,1.3637611739576436,1.374934468493178,1.473155790104715,1.361119090907609,1.3601444303469101,1.1562646529549774,0.954459805433192,1.1576231331256988,1.3987966510516459,1.5008989277188987,1.1054697933042734,1.0822840451911966,1.0271741095533016,1.139674594147883,1.1857155400338342,1.175364812708784,1.1391303217435529,1.090174100519391,1.2672294626837866,1.1206421207274204,1.2258135887059112,1.1401279032995084,1.0882653527410857,1.2187165938178595,1.2541796912935912,1.3366901565228042,1.2755510918526787,1.2645047553931144,1.50387589627512,1.4946784113177707,1.0870600488590312,1.0740350044698928,1.1362075635459894,1.0780039449248329,1.0626478996749464,1.0949055498943725,1.2880786886795115,1.2165503257196237,1.3604574314455287,1.0709468037437717,1.1347082351025426,1.1332255605805917,1.1772563155288784,1.375759893639188,1.4838591404651353,1.1452193885714685,1.0688613341242774,1.2723851364956957,1.2396163740066517,1.2620513298939882,1.329939398174943,1.159821337067302,1.2750640076133255,1.0863031508655638,1.0799654143234787,1.1228573746963093,1.3699246464409647,1.28700758066591,1.2906487853156203,1.2484480160529061,1.283786113391256,1.1560963953230914,1.5364179740125383,1.5250140621921766,1.4842002657207785,1.1694406622145619,1.0915566689239833,1.1632120039834677,0.9839586024794531,1.0006656782374663,1.1582499087693494,1.0776499562453672,1.0719349040816277,1.1465570153109024,1.2413758105626398,2.1688876148600245
Sep 1998,1.3749867617150784,1.1734625567611607,1.2177125652098069,1.1194583136723866,1.0980397702422173,1.0874276493152768,1.1471219057229778,1.2555042558175955,1.2255624577591286,1.2665186631915666,1.219951628390491,1.0094621494713536,1.0290403839834676,1.067671524279272,1.0531146541945935,1.051399188484686,1.3510949021308987,1.2942077678366273,1.3100567305565831,1.1015306547381025,1.0813083538462065,1.3687464848990885,1.2747993182946902,1.3286747900859117,1.381716089446109,1.3016148811421187,1.139016688143892,1.1280973939337255,1.1184802804452076,1.2624200979725038,1.1456281968010327,1.0917562078100564,1.0574950785758082,1.2097092762276402,1.0611434085342615,1.131899422647306,1.318565539860831,1.2545083979234541,1.311212880510351,1.2819043858108257,1.2317884028365766,1.325567630003781,1.3763138028947877,1.2366377707705865,1.1762640184968447,1.14511230456359,1.29897734189933,1.3368029499150644,1.1065239830306977,1.1345346334882065,1.0768127687034565,1.1799559708824798,1.1321522174491254,1.0732233994927975,1.0510527383424928,1.0510861506598308,1.1254543714797993,1.3287786476308905,1.4720139418551628,1.4184397928896078,1.3803799135629164,1.3752468930322008,1.1933192681136584,1.2656327531459965,1.1088205263984865,1.0681263846648197,1.2587187949907512,1.4000505311750027,1.3727387358483463,1.3734456823577785,1.4693743584909704,1.3743544704024684,1.3704411599836717,1.1352251856884257,0.9608839024750939,1.188034993421468,1.4042205680980853,1.4825917211856914,1.1382494755250956,1.0571460778771584,1.0277780824606249,1.147051599322849,1.1856401147933024,1.183575406160763,1.181088779696659,1.0899342353175914,1.2097602126279954,1.129843916185023,1.2228514713144716,1.095964667225862,1.1147347675974593,1.215889062075049,1.2803976979459408,1.3488828615292734,1.279621988294062,1.2719526877888063,1.4966472699731213,1.5373633725173161,1.1049735961221885,1.0772054845347243,1.1536923604469196,1.1039367965591875,1.0506422813600194,1.1161795625992246,1.2928920675395212,1.2111082674734788,1.3526903334272566,1.0911228248671268,1.1563224268453969,1.1559316266412274,1.1948676569016252,1.4173147505594907,1.475050654103969,1.1789114912277578,1.072969562681314,1.280201831093337,1.2460903902519302,1.2773629407467302,1.3570851705645377,1.2128562843931359,1.2793541792668197,1.1304728350975863,1.0846319468494248,1.1243688493651347,1.3312850295451646,1.2790671454423905,1.298180931442862,1.217841980862287,1.2801064768802968,1.057319123684569,1.560994750582267,1.5993303897877607,1.468965157799454,1.16912067710896,1.0887654262168494,1.1604620810909139,0.9800972395570529,1.0258039958572802,1.1406916756443135,1.0968518520644943,1.0763339263290141,1.1594793798462557,1.2428417604356563,2.1174814586573194
Oct 1998,1.374934147348048,1.1854427904096063,1.232351080883085,1.1074682471629034,1.127119266060029,1.1025963581573985,1.1627973214402534,1.2569647889316513,1.2295934125508556,1.2733773075036796,1.2246002044916169,1.0225588962011605,1.0212722981335245,1.076563193482476,1.0468111352210776,1.0548040537516343,1.3702827686494417,1.2795026970204444,1.312932511526954,1.1006206743172353,1.0979048720808602,1.3836956500051005,1.2643656775189487,1.3400530167911295,1.3994154628290507,1.3076778229020714,1.1440010658710624,1.1393929323476613,1.1151308096022161,1.2934399707352646,1.1598465789864396,1.1204292411469639,1.0613831408476315,1.2071370658837202,1.0819143724983102,1.1549157771084557,1.3244602896324102,1.2646768248354736,1.3159018696542282,1.2589374233667936,1.2129095187349,1.3717125565789405,1.3749041970065194,1.2402820067655353,1.1843907137772625,1.1501501458481915,1.2810518793670636,1.3591348341782952,1.1001003687999005,1.1274558323502148,1.0901539435309568,1.1719851816120264,1.130551585603685,1.059409794433662,1.0504591533934633,1.0639931503124391,1.1412521737871404,1.3273259356767366,1.4679718848896213,1.4437648802020173,1.4182584627995332,1.433584587220475,1.2002499501919046,1.2656264041674496,1.1028162913985255,1.0814605569111073,1.2847212800231274,1.3828608764134234,1.3831738449763948,1.373179860617559,1.4720800115690302,1.371290586406644,1.3802861874715988,1.1440922103692532,0.9575059191335316,1.1947060440929802,1.4137723960033377,1.4749963691472294,1.1372572873770521,1.121049985132489,1.0385094741275207,1.133838190978629,1.174855132372782,1.1954056522367993,1.1324219000530766,1.0925493450668768,1.2669555505930357,1.12347790299753,1.2399831081544195,1.1302097022818467,1.110446139860611,1.2313586150199824,1.283301857458348,1.3628664461712998,1.2698123903219414,1.2827823552634763,1.544946893597137,1.5120653523225114,1.1186641911045696,1.0861180888532853,1.1568215938423843,1.08091895488183,1.0689603321945251,1.1067222792931986,1.298394437153693,1.242011449025698,1.3641377759501025,1.0696302847402768,1.1539523068655564,1.1536301967955698,1.1887026346840432,1.4189237119270477,1.4591296452357991,1.1629854729777858,1.0816590733974332,1.2871586907782184,1.243385772331608,1.2941946806543037,1.3506286943514498,1.1695357096171926,1.297435133418902,1.1070327342647528,1.1014373730080844,1.1201540105326495,1.3419223325649947,1.284278565549111,1.3006903778174532,1.2599073155849534,1.2855973845836903,1.0542493254953784,1.545409562272686,1.5204104149512294,1.4797031499772357,1.1815378907695977,1.0668873248283481,1.193661188991185,0.9935808607919941,1.001216838633345,1.168332581075744,1.1085869353092228,1.136893882282653,1.1518420380157584,1.237013335736219,2.4459477273396417
Nov 1998,1.3918226169264172,1.1936900310790726,1.222535762862629,1.1091111330036474,1.0704690024003323,1.1060261500875834,1.1639489545003179,1.2608328103986661,1.2449936697700101,1.279913987767652,1.2287953640922142,1.0114824227990271,1.085509541969253,1.0697928923711657,1.0545932716789297,1.058376767992083,1.3384205975299728,1.313121798039634,1.3230056203889409,1.0808447837219097,1.1063919826780144,1.4328926474133987,1.296941124603815,1.3438149227597684,1.3996601988351276,1.3260910537364854,1.167747771338231,1.1144805026412954,1.1039218924586878,1.285861795394772,1.176903077743356,1.1067098289856296,1.0767710857933428,1.2057705243453871,1.0756799773991463,1.1416358786920922,1.3156456496104576,1.2633127029246578,1.3165032879339484,1.2621140979807963,1.233788433492466,1.3682959882181955,1.3883502446335128,1.2552487916376143,1.1988504964646016,1.156612701175413,1.2996943359481066,1.349074782111365,1.1176955956561683,1.1485300799335858,1.0943013667839432,1.135582146611933,1.14958232804985,1.0565294076434317,1.0522473260715877,1.059130276618262,1.1452484824981253,1.3446657284719261,1.4549739926687686,1.4111287621072708,1.400562287602171,1.4100722531434835,1.2125063761481611,1.254337072207115,1.1299242296347038,1.082903818160448,1.266299474090715,1.410837501623805,1.385474851855584,1.3908842062384337,1.526014045372499,1.3779384368563414,1.3874734368377633,1.1558897153144287,0.9414125064915592,1.1670830771493745,1.4249337519114187,1.4983961936597219,1.1303215468365408,1.1030981378298426,1.0525525099982467,1.1567722509869787,1.2130982381561028,1.1898531612624759,1.1611296144761207,1.0955092247387264,1.2586441157573731,1.1360108470031358,1.2005130793256817,1.1633486506014252,1.120297789218665,1.2337840651008611,1.2695969506092746,1.3642880895172018,1.3109020560732743,1.2869398832293395,1.5244469549115784,1.5206099404388635,1.1267062976306397,1.088257008063551,1.1534345901226937,1.1009104199636521,1.0896039153738875,1.1082430031908652,1.3112452599616786,1.2305379430260892,1.3736484191034999,1.0809311110393032,1.1591088916488608,1.175117634685281,1.202961661039326,1.3927401189989805,1.453314802280016,1.1504187706485007,1.0694158291828273,1.2964762747187264,1.2548281879925383,1.3094198995344164,1.3524213769192064,1.1844625082680653,1.3012217460108617,1.107834340862982,1.0969916189648852,1.129542478727666,1.373294196977619,1.2915860714411096,1.3214982898112015,1.2609908648138544,1.3155088111628688,1.092013773767568,1.5372501704637194,1.5393024539101636,1.4637485193975313,1.1856251487714908,1.0808218603343693,1.1716861837296806,1.0059198868767993,1.007570548307677,1.1685987871864252,1.1092215025810372,1.0555952807160527,1.1722634970858288,1.2545108505712548,2.1267771736633785
Dec 1998,1.4021525705062317,1.1835243963551927,1.2266754300428098,1.132943964571405,1.0732565192964334,1.1277863407760256,1.182923157120104,1.2739170923152623,1.2801222932154084,1.2977153860790998,1.2292317175737724,1.0255710525331605,1.0497132561460425,1.0583798191994591,1.0634611407076355,1.0478518422722256,1.3630538473213976,1.298541005847812,1.3274375147877906,1.0974838064055745,1.1087085982899807,1.3980323692067487,1.2945470414848104,1.3517583430235005,1.4171619650035296,1.3439596735982025,1.150289584250176,1.1328390251390899,1.151839940544213,1.2935129770878664,1.169720738771421,1.1184871695506728,1.0937929423874768,1.2215230687650827,1.0560253780627806,1.1258416836443033,1.3602484025414365,1.2739861546962719,1.3287611710691751,1.292389499462784,1.2509683459171952,1.3515841173467582,1.4166293675884438,1.2488641432541014,1.2216326491889005,1.1630226613112997,1.3152164254434993,1.365793831099657,1.1271389000755765,1.1589832013621209,1.106705850001709,1.1313116670098282,1.145950421327353,1.0711683413734918,1.0685828592854418,1.0587835756924076,1.1575507406407206,1.3623240904600082,1.4913517632838529,1.4610916174882056,1.4347429541081407,1.4085280391256856,1.2194023618636682,1.2642144863898315,1.124889836495053,1.0988161842760376,1.299394007880206,1.4163070270170377,1.3870234299823614,1.4011185004333309,1.539440034931987,1.4068082784371396,1.4007939017918956,1.1730192075184054,0.9802379565195599,1.1928465730833535,1.4173121028828246,1.5238745419216388,1.102828193781582,1.105088537220086,1.070033377706809,1.1459061724541253,1.2199015412151255,1.1960768366908245,1.147463589131551,1.0886457330519486,1.2538054081005867,1.143085653265076,1.2616991110015552,1.1390859896650098,1.11840453395709,1.234138561370129,1.2904340149399336,1.3692686927617095,1.3010921805156632,1.2870002884550458,1.5276180289513372,1.5391653486211916,1.1283342754970216,1.0520272812502185,1.14826107296072,1.0984518408202706,1.0826677006339709,1.1265296425092837,1.3216447114454783,1.2369822449476027,1.383916931186176,1.0998905474029106,1.2007090955896031,1.194339696253643,1.1899414339072905,1.4124983256534165,1.482891061393323,1.1934556264937217,1.0737624682562619,1.2905235270502322,1.2744816364124547,1.3257419310096898,1.3752346121180232,1.2199364276280524,1.3031051224663168,1.1054623217658937,1.095146421862793,1.13717008252347,1.372404964159984,1.3164862169715645,1.3085392008801289,1.2726413586057272,1.3303799848049944,1.0960317640079866,1.5403585924493293,1.4977440189975233,1.4862314905330274,1.1877002914244092,1.0972738543270628,1.1917347525985276,1.0198089120967069,1.0090891724524647,1.176117055277783,1.12042397787273,1.0808279351637948,1.16210294933823,1.2768704294088427,2.40988085033952
Jan 1999,1.3902254862718304,1.1775730148662416,1.2270734410733999,1.1401622187413316,1.0760121837042844,1.1036336766322485,1.1735569358886526,1.2740684158651627,1.2413927188727092,1.3032713497730988,1.217803229156627,1.0293265428502676,1.034967885454167,1.094648474803262,1.0305472934333808,1.0613575815069511,1.3640941146157857,1.3132582876034509,1.3320000938433991,1.1135069941483027,1.0848105242628736,1.4106414811425507,1.261551701693426,1.3411461665417264,1.400751712443425,1.3170204831096644,1.168490103988138,1.165147573910768,1.1071302881441016,1.2931417644724732,1.1740989049714663,1.1169564016489222,1.0920557590982554,1.2166469006416882,1.100639575715234,1.1474625788812198,1.3395150856923166,1.2691293304650437,1.3232296550186748,1.2877889260161082,1.2352418854780332,1.3620903496565209,1.3885229509877128,1.263180209526489,1.1574463159769104,1.1638587847508775,1.305619951916093,1.380310357258807,1.1262507823200576,1.127879464558869,1.0819593936829563,1.1401116502998103,1.143431388599651,1.0810523932736826,1.0475192383334402,1.0339999969942815,1.1421735710548253,1.3569917175102477,1.4977665421314803,1.4818437061916172,1.39695554273348,1.3833370159215204,1.2152614660521341,1.2823002622665112,1.1043230665493429,1.1010213008846845,1.2913065431494457,1.4011946446126988,1.3851028191722825,1.3931113366047947,1.524498266454554,1.369261968494937,1.3856131718805789,1.1544891010124583,0.9420260965411839,1.205866260580752,1.4173108916915182,1.509712689193295,1.090146847927382,1.1004322861141689,1.0627681015118673,1.1311115403073109,1.2728270954314516,1.197210568188028,1.1517803174271868,1.1077253666400244,1.2554260991115918,1.1356259504848618,1.2399935263153765,1.1589798299586886,1.1412209179055726,1.2441622586820174,1.2734175435390824,1.381706331881827,1.3044731854544778,1.2776926318903779,1.5262804176860838,1.505180412460213,1.1233886374270734,1.0859986815998053,1.171864705112314,1.1011799945321334,1.0397464599046984,1.12923573077813,1.3220300904662872,1.2286908905394325,1.395045917326365,1.0797915986540902,1.1677594691295352,1.1821942467567825,1.223434067529497,1.408607284574323,1.4833455002982163,1.1576597937563398,1.0753902136906954,1.2993214631247463,1.2438213346073215,1.3217827465727985,1.3638364533261083,1.2086083638500635,1.3011666992746376,1.1066969787609267,1.1195564365406279,1.1211251714085209,1.3730042277624421,1.3371600370923884,1.3234410156398295,1.268916247297303,1.307208236878474,1.1122572396165333,1.5460450420126857,1.4945177451505451,1.429305301059863,1.2178090216689195,1.0937620786902529,1.2038061067361157,1.0200674831547172,1.0217824174375454,1.1882951203489966,1.1152076467416077,1.1047203014592901,1.1732988645558595,1.2835318449985524,2.5091518385576705
Feb 1999,1.3941763364495523,1.2086604044974034,1.237445697911404,1.1343706551419632,1.1782190715553502,1.1062683577657744,1.1734363111894135,1.2828830458406024,1.2422808288844571,1.2962574400308458,1.2276547091859484,1.0204882328744904,1.0417573106489375,1.0734941367139645,1.052925943985785,1.0494459446616535,1.3542745966191687,1.2993061536495456,1.334357637972571,1.114544111014218,1.1114275822458164,1.3992752072447856,1.282685731124548,1.3702861704611358,1.4071774027747352,1.3346523370692966,1.1564436598104988,1.1255475113052975,1.1358523015209736,1.3037593198138138,1.1700394171640873,1.106218518764869,1.0931966487882092,1.228750159560842,1.0839489780632487,1.1553799146003334,1.3489434581518107,1.271398460435204,1.3156810569243373,1.2774571788363114,1.2424489818673705,1.3601942854090576,1.3989899566014408,1.2838943573189074,1.2021871133887194,1.1796281545430194,1.3077168237649144,1.3671583284866593,1.0887912289248014,1.155510770017536,1.113766229955874,1.1634758621623171,1.1471080291553382,1.0729184417796145,1.0558178152319242,1.068788213451083,1.1440677715979366,1.3527034977580337,1.5560255762026671,1.4192272236665708,1.4127291218200586,1.4142844339251939,1.225078077058922,1.2887226544012569,1.0855469789066947,1.1311398080748523,1.3103370998964328,1.4070101346150719,1.4062213631201728,1.3975914438077122,1.5443359745124035,1.3967710063941947,1.3868683472825527,1.1617971981439705,0.9541294269745005,1.1995351495622282,1.4346347681569298,1.5041081852070708,1.115230269511312,1.100825469061048,1.0665729017787138,1.1622679177155038,1.2351121745725675,1.2014772543525927,1.1514614508701035,1.1140500901353632,1.291121281936152,1.1375295252618778,1.2465718635899443,1.1637067526313227,1.1389615718181105,1.2331970178257627,1.3047520091480926,1.3883329628283554,1.2932698996224794,1.3259552319262546,1.5533165480045825,1.5491166255646618,1.1122809874716553,1.0835658369052044,1.1840303482329884,1.1051302449906468,1.0781242001543532,1.1240487224349012,1.3258549230136252,1.2499866645731672,1.4145249603298224,1.0787416798284988,1.1648253524909973,1.1698512278848783,1.2187183243555058,1.4556834729026629,1.4950571102499872,1.1555529391542965,1.096885291345417,1.3037278601432087,1.2754327203010272,1.3322032140305042,1.3605670630688045,1.200273461159154,1.303831702930789,1.1109430722296652,1.1337381394879602,1.1092563703059402,1.3841417875502282,1.3084912784304654,1.3152977743066623,1.278363198091192,1.2856044947005711,1.0849867962343884,1.550492029590944,1.539301492207352,1.4795386364668632,1.1974666537309253,1.1200588672554044,1.1765597409908526,1.0002084036088663,0.989971597629396,1.1628629732269182,1.09657488462216,1.116664783762286,1.1462354691276166,1.261386850574401,2.6472929903841913
Mar 1999,1.4070491510971215,1.197877589327143,1.2358707095235384,1.147330929247132,1.118486861701939,1.1156417194269832,1.189743136898896,1.2994865765384447,1.2523487105423272,1.313960515816908,1.2388934783761647,1.02010379770169,1.060568202228132,1.0884326331429226,1.0774899247111558,1.0610241666260347,1.3780764051531385,1.327659974096077,1.3483782444618155,1.1046235659285366,1.1012922297587875,1.4059506640090327,1.3097607112198362,1.3666676756933274,1.4336335378569645,1.3422683314691752,1.1615261515335795,1.1517411010566097,1.1331465200525013,1.296664240045605,1.1886456822543447,1.107543756941281,1.0674028204844856,1.2446855525090317,1.1101357165892316,1.1911191978636706,1.378379230230272,1.2843622820788916,1.355564082948546,1.3135679973574483,1.2502178032873998,1.369651185523201,1.4096866422519723,1.2554871622172978,1.224831661542286,1.1805795210322052,1.3105542439851128,1.3945550804491273,1.1385022131793687,1.1697152080684645,1.0893735178848718,1.1288935256529806,1.1582759844692136,1.0753312457406703,1.0789464767908976,1.0577465207747367,1.149083369476923,1.355010081324167,1.5409083224457296,1.4682673106457438,1.3858858887557208,1.4222954617078143,1.2272984201779422,1.301521340782593,1.095638918385145,1.1191620897347112,1.2991892937565441,1.4242173337828343,1.3933654561372308,1.4237295408658845,1.5343685434988976,1.420234258528008,1.405965729464954,1.1737612479349828,0.950023376068174,1.1837745592204378,1.4597615545091096,1.520466018421113,1.1184548722843037,1.0819688462008423,1.06682092412004,1.1598752935322507,1.2538534322339168,1.2176920423221624,1.1614421031414175,1.1081302572467129,1.3068317522160962,1.1394956108344285,1.2717747499129133,1.1540606579238288,1.146539996247966,1.2578460094963269,1.2975852067463634,1.3627529269569778,1.3171967934801934,1.267252888443471,1.542637339775229,1.5572159853044063,1.130077464692297,1.0744321068130298,1.1735132322430792,1.120209858710056,1.064396355956848,1.1303562015828508,1.340997596285125,1.2510455796358952,1.400587538668526,1.1023617139275557,1.1643288837407113,1.1668615132738922,1.2253077582743794,1.4056446865135832,1.5603919940998947,1.177065200532191,1.1011415961627415,1.304192005572342,1.2560153592526657,1.324969690871911,1.3687534010227616,1.2167393412075047,1.3145816123201837,1.1134806718449362,1.083369175484682,1.1096720199608585,1.3881693981742047,1.324877569830874,1.3422863776908514,1.311344257075426,1.3404093124326977,1.1054760248878732,1.5882531164877483,1.5830156623957508,1.4970975356256115,1.1987890535681687,1.0968561309079194,1.2082196329304509,0.9999676602991894,1.0127903144420911,1.1895384569775358,1.1056092719972435,1.1104767854158155,1.187540635053067,1.2816255176264872,2.559665601624226
Apr 1999,1.4232772841633061,1.2244894779121336,1.257804508773779,1.133328737023681,1.1249949170031908,1.0783851762466825,1.19569382193797,1.308717245338029,1.2688181285041162,1.3284089771885736,1.2583598818375374,1.0236780584789067,1.0714935889429118,1.0903630204711252,1.0793583372017692,1.0358255164108574,1.3944392708924302,1.3369183650955,1.3638319233462006,1.123745496440826,1.124771472693068,1.433612535416171,1.312639248547503,1.381227913318166,1.4402419363161636,1.3919858950248087,1.1529111024887533,1.1494474812991657,1.137671340381738,1.3300207517474896,1.2089838318685662,1.114172017886191,1.0709844610414099,1.2669983066997779,1.0780475140653192,1.1910205051976288,1.3486050040508755,1.3023799003438494,1.3497853684077665,1.3026288238069292,1.263627672255613,1.4055058426072284,1.429777556228725,1.2824660689612175,1.2317657905795034,1.2041004069617511,1.338167489189613,1.3935879084814802,1.1285176688837948,1.1620754349264806,1.1016663697473144,1.1598542357644268,1.155589939793997,1.0761019096868403,1.0681362024493768,1.0783486954156951,1.1564241973811649,1.373210039745017,1.532089519554183,1.479077773763673,1.4565253425656717,1.4465241223480279,1.240673545798127,1.2926227647736783,1.1457906398329527,1.115660728505678,1.3093112704821055,1.440300925579761,1.4234578032326193,1.4228354787187414,1.530516756911452,1.4131634129581994,1.424807543471606,1.2067752893113612,0.9793194194610128,1.2057206955527304,1.4710202210141912,1.524002607621767,1.1330542596571906,1.1448432226184877,1.0551661522272187,1.1663028752845095,1.2752184755754241,1.2348418761374553,1.1881991417707582,1.110786834656032,1.2820781033671407,1.1535277040703875,1.3127046334757255,1.1646104715853103,1.1488189269587128,1.2906027773921078,1.311268755146443,1.385084461613582,1.3278332243239008,1.3057940892802944,1.5967535871953418,1.5593637308709498,1.1510736972187217,1.1169982084188497,1.1856142157924008,1.1152937413842945,1.0868480929439033,1.1212821037378566,1.3491981083250426,1.2679220390030848,1.428677347451861,1.1198770391033541,1.170417963693581,1.2070562046328157,1.2154767055272349,1.4455844382422862,1.5515398144411348,1.189719606843914,1.102181147914487,1.3310031865014793,1.2732444893270511,1.3464566713772157,1.4000330986768228,1.1973464785871457,1.3219156502227316,1.145599600638365,1.1033727691569089,1.1144014470272081,1.4202664379909309,1.32894056014704,1.3579890719479186,1.2995098038149837,1.3738833897916656,1.0977206596032287,1.5942830910105992,1.552084239328584,1.5079097984645344,1.2130519180519856,1.1054744985998914,1.210812294407444,1.011555063639994,1.0181228036303351,1.186367021401998,1.1042254368869262,1.1007417466695644,1.1904303775410172,1.2904631120841201,2.758315989641701
May 1999,1.4403262185664478,1.2346286042978052,1.272045075231528,1.1392621127101907,1.1266183075316407,1.1192012125829875,1.206055600556689,1.3156179329073796,1.2909631851731205,1.329951661130064,1.272526642394944,1.0312812033122374,1.070200839248273,1.0935144641756682,1.0786660602836982,1.0777249629310695,1.4357955659800181,1.359603628283976,1.3810987277055713,1.1243943545698591,1.1126762122768987,1.439234306018282,1.336702632202554,1.400552763579431,1.4676342316616147,1.38335076309235,1.1995322552089367,1.160470107266373,1.1429294557188958,1.3378031125121463,1.1893369763698838,1.120944963098496,1.0773892730739383,1.2696333022187116,1.1137653994576078,1.183859119998785,1.3852469903077114,1.311280940306888,1.3934457481782365,1.321682996551128,1.2888367838014325,1.4296752760243352,1.4381965195643693,1.2741385016614026,1.2234772473192266,1.197947761254497,1.3345644172397966,1.4284845477680461,1.1441608314158285,1.1866251154710388,1.1157352546955799,1.160118958719506,1.1690722840543628,1.0771746220104437,1.0559996204975601,1.066107017236453,1.1744809746184932,1.4011248205994353,1.5750810431899755,1.4988383893377673,1.4702150196303765,1.461561374313086,1.2509535307157034,1.314820832523997,1.1462464210645116,1.1112835326136834,1.3259423351313542,1.4578037364081549,1.436187236768189,1.4537398163982969,1.5505752889737656,1.455468593804966,1.450395538297572,1.188041910682866,0.9550523704062338,1.2088390970792997,1.4751438219084452,1.563857832726203,1.1700665059919584,1.1392313670253427,1.0662693088256925,1.1737572691006353,1.2510461989134933,1.2387711046463157,1.1709403597838963,1.1247136383825809,1.3068748128154606,1.1701899605027228,1.3034039989272652,1.1885773070015748,1.1492924625472887,1.2875706941452494,1.3270534699183603,1.427576673620583,1.3601010436548946,1.368358517705122,1.6192013855307401,1.5803106080434752,1.1535332395910947,1.110519414612641,1.201551250889526,1.1264226520285026,1.0806066016935258,1.1780160126497619,1.3660172546464007,1.2817919537056344,1.4384494155640206,1.0933904273372814,1.2053559090336639,1.2019285561971906,1.231832363838177,1.5107346148475918,1.5957236002746413,1.2158914064095712,1.0983367302072282,1.337524890190782,1.2942671294757395,1.3567585249325884,1.4092414550546015,1.2151717547632133,1.3301555493196837,1.126764624184704,1.1497751244954633,1.1505518595514137,1.415410800924236,1.3412928978456289,1.375551970231891,1.2980706580909251,1.3415111114967313,1.1088342753684184,1.6357355918646994,1.5853100248650587,1.510309727664414,1.214170211262534,1.1200560691765311,1.238417400805551,0.9839371502099077,1.012897021283567,1.2093190952857271,1.1227382655695697,1.1170142035015778,1.2065591404339544,1.3217118186628052,2.7119970348586357
Jun 1999,1.4684815296609564,1.2408794461062547,1.2773558385726065,1.1653085155749394,1.12042904773609,1.1442239953092517,1.2000069328163072,1.3390565311400133,1.3251419463811904,1.3534418282456793,1.2967520644188537,1.0144406330443105,1.0724742862293564,1.1005739392008307,1.0693207441618973,1.0737438434600144,1.4207357846133712,1.3763639968491734,1.4084578206870706,1.1456623861828907,1.120337647161633,1.5071365383561406,1.3462792751865025,1.419231803783411,1.491325764701434,1.413006267994711,1.1843861646552902,1.1810344724235033,1.1717719852798036,1.354196966755871,1.2059969588754686,1.0989379797471674,1.0899322799103992,1.2813586936133794,1.1052136205624996,1.187976532218875,1.4050591557865462,1.3233710769500637,1.4048388754597836,1.3243047339019944,1.3052359103440954,1.4558524348803732,1.467698245868831,1.2969648598594339,1.233720666068358,1.221030612425926,1.364804237044899,1.446168980903837,1.1483478430856322,1.1876443450918617,1.112434667930815,1.1769294022799153,1.1872408712207496,1.0836415695384527,1.0830562971733166,1.066640947639574,1.183916255285509,1.4125195418457301,1.6319728569719003,1.5941206000669663,1.4934117327763634,1.4827064724781918,1.2696708949938573,1.3179024798424521,1.129391540027962,1.11026787424063,1.355526773453295,1.4889091939056216,1.4500490149047702,1.483546056587446,1.6068801604250849,1.4849213083499502,1.4547571623166182,1.2205485582421873,0.9893620835324952,1.2325315336394322,1.513718202505816,1.6016286646019473,1.1600627278454678,1.108669776100075,1.0854104536619404,1.1799155398808063,1.306309457149868,1.2590611353564671,1.2208702005163241,1.1202820422147948,1.2736586257785552,1.1743501266618468,1.2970895530476425,1.2155917986344604,1.166052296442867,1.3051878533723396,1.3399642286867297,1.4476546798350642,1.3561720080547324,1.375974034996753,1.6271171787179552,1.6464057011676445,1.1529744895617546,1.1113508760271016,1.1893464984369955,1.1366179921847142,1.1059319603169824,1.169717999025703,1.3651962434465177,1.2876485083954672,1.4582759436782673,1.1186438090247952,1.210200659416418,1.214445816616272,1.2603650576959906,1.5007384962411805,1.6043736154516548,1.2137932524879098,1.100429290749359,1.3509796069586648,1.3022742921348602,1.3730722154980926,1.4296248867048835,1.2496986428768,1.3733742559996387,1.1494154142846582,1.1416526723385614,1.1271515722019048,1.4594484768209772,1.369157188234075,1.3929661386030532,1.3155828884508498,1.3547368516797973,1.1201906794236431,1.6749308233678732,1.6156618749289393,1.5761968141277733,1.241178773075623,1.1206299112388582,1.2460870240671218,1.00487144702376,1.0193190251373148,1.1944750219857194,1.1292028697891268,1.110626205983388,1.215864338531639,1.3405659544248527,3.062800980010132
Jul 1999,1.4835693161762793,1.236288470852906,1.2952841090979832,1.1555495900504889,1.1257340922149963,1.1456276518875752,1.213579763481425,1.3288089129173013,1.3130894599340759,1.3752484615666658,1.3040196195401068,1.0523839829757347,1.0382654273497747,1.1118764355399298,1.0705125854409656,1.0751860513369789,1.4516366566888952,1.392104433277538,1.4065999240588376,1.1342870235004217,1.1271282057212655,1.5286963350271645,1.3546219567355033,1.428482017265776,1.5120283111612067,1.445378632749414,1.190845326782101,1.1688797480187862,1.1624477016799843,1.361818094663056,1.2231256183317187,1.127813948322946,1.0873500575500739,1.2870398975694317,1.1290319764637515,1.168871880184171,1.4148981718045408,1.351111842368147,1.3899527973582295,1.3352844078010553,1.3164472259472744,1.4754837098264266,1.488108898928482,1.3364486001754456,1.2712002012267851,1.2310026117065198,1.3838360775975507,1.4474576093039488,1.1730111525302673,1.1796621442609445,1.1287723119467417,1.1899021200956097,1.180427059336898,1.1029607616045694,1.078067555618796,1.0548942839727236,1.203359762680443,1.4338446608945072,1.6031345022684138,1.6179183918478142,1.4941468548011327,1.530171979297518,1.2865059071505025,1.3405189890197302,1.1502681165719868,1.1321203522856869,1.3590546784008297,1.5067284270438213,1.4881765637702542,1.5020224325259293,1.6267619721885778,1.4866764107402164,1.4776346044710293,1.241833851378728,0.9504340859208689,1.242218593457437,1.5359955118291089,1.6024218208007959,1.138971736665949,1.1326359430343185,1.077005994024014,1.1848650607075404,1.2530689346975055,1.2564091554475803,1.207199900194819,1.1652054088113843,1.3445385694386158,1.1774814084530556,1.3315000305987572,1.200063494456402,1.1716818184195166,1.2964349272451654,1.3537728194237628,1.4522439906359077,1.381372338196527,1.3429081480222143,1.6768428411815426,1.6007419073701588,1.1482792826849662,1.1119900035393582,1.216915260203529,1.1208326026599011,1.113587715532047,1.1287634156463888,1.3890517933696203,1.2931773731934018,1.4909586396536636,1.1361996146022124,1.1977085518084845,1.219654859560234,1.2614781262448471,1.535649823261178,1.6203325632465244,1.2416967327259705,1.144840171852458,1.3645663252733065,1.3143771527523798,1.3813935158410855,1.4596682859598837,1.215070131868465,1.398703906794151,1.1458887923156789,1.1389136355769807,1.1352297486506013,1.5046234990308263,1.3940191057812674,1.4118021074876752,1.3404474767726102,1.3917109679311923,1.1231390541544033,1.7220433067889263,1.7032922728929345,1.610091658764315,1.2633280839777368,1.1470875995750882,1.234137239569336,1.0216102871867325,1.0167641782689523,1.2295365493804968,1.0997050326990148,1.1263123367600438,1.2012592959979111,1.3498618217234148,3.093152660344172
Aug 1999,1.5046134344406639,1.2628852679501068,1.325653518374558,1.1701269995743921,1.1326645860776636,1.150019583246234,1.223736172449072,1.3655569430824186,1.3508306211780206,1.3923936168141675,1.3356857616261149,1.039680998786057,1.090977288680516,1.133473023984055,1.0886563785847447,1.0681618073102188,1.478677173785304,1.410846987263881,1.4438589759845508,1.1367986632195506,1.1290985852290316,1.5619164491341204,1.3851038160579638,1.4540824121900622,1.5322691050278314,1.4930368606301532,1.2266397966019933,1.1644922735466208,1.1684783106759529,1.369902772761492,1.2430257763583645,1.1443221394133913,1.0963281156818756,1.3131823732490047,1.1217498490829492,1.1920648648311003,1.4389410887530674,1.3550000409010114,1.4385365784470125,1.3679630655312434,1.336073595726483,1.4979884400073455,1.5141554001495279,1.3381911375456663,1.2540490132650017,1.2461266354227545,1.3904940538948558,1.4773365823972533,1.1893956151689802,1.2118604888303695,1.1171342195855583,1.1720254840479558,1.2116160499932358,1.1049914992870657,1.0778851619714176,1.0819931783492922,1.1994521094036261,1.4759541124509492,1.6415954450557972,1.6014621688837052,1.509197399795418,1.5698305851717063,1.2995990882924497,1.3463979071715038,1.16541937029661,1.1251905443402201,1.3825975231365593,1.532015063407746,1.5113300293953613,1.5425877972885742,1.656090991292952,1.523717327024276,1.4963731784980694,1.26927086768119,0.9756625177286948,1.2808912833206332,1.5743144967897755,1.6305096892976765,1.1719704468874588,1.156883113325438,1.0893944822868262,1.2142462400498069,1.2605624631315764,1.2717798234788955,1.223091041221108,1.1650990553570184,1.3526218391839844,1.188334471064427,1.3352229672257385,1.2200014249458149,1.1920461464918333,1.323738067259695,1.3950271902191183,1.4871428109388607,1.3983469513987559,1.3797909181576784,1.7287016552168593,1.659553546973348,1.163980240806074,1.1128278661021647,1.2105496881515279,1.1331358898690214,1.1088088281931077,1.160150301780979,1.399860085549318,1.3017024091254596,1.5141911925798246,1.1196951305959686,1.2180156137135365,1.2349609797166197,1.283665115318978,1.5518214986677317,1.695194863195952,1.2453798493239283,1.1408934132062998,1.3811448701832787,1.338227170756037,1.4291364469322692,1.4993823167045874,1.2180043381976924,1.3997143653232869,1.1715905966868154,1.158408947134843,1.1633307713577496,1.5354462613922664,1.390403949053904,1.450290417206642,1.3607778065346026,1.3780967707764147,1.117496773258857,1.7676349732855752,1.7279981152094799,1.6447044751145825,1.26059804528794,1.1464286535894872,1.2301402302902074,1.020155154633183,1.0345622213658545,1.233841211724227,1.1469521438634362,1.1413287933682208,1.2357412149019078,1.4001273322931227,2.763482295662582
Sep 1999,1.5410565696432852,1.260585495590503,1.334894989484457,1.171030755390303,1.1328749781015932,1.1558098570978443,1.227580132433097,1.360539441474878,1.3596469480967306,1.4165454062621416,1.3490057574166412,1.0358282678357225,1.0425891227825361,1.1228133897916517,1.0994653441404225,1.0914281580780356,1.4990385072185355,1.4420769228523127,1.4663416125719293,1.1513852504457922,1.1378139229879483,1.5719933580733414,1.4024512127355317,1.4833508974606144,1.5666944667565819,1.5029241753526807,1.2186925859880844,1.2010019184674725,1.1661864771110717,1.3934235032332005,1.2530010736540802,1.1628968771961876,1.0807841405950995,1.3029533013352377,1.1135453823282067,1.2123853691588704,1.4733624223036463,1.37062697804174,1.4492747510621862,1.3928900010734122,1.3468549896407132,1.533476542905798,1.5323680950207605,1.348211273481026,1.2639768298806942,1.2478660292738477,1.4130982305345292,1.5081691702158795,1.18372385347373,1.2164345365479796,1.137359267932948,1.1995747764298148,1.2159674811771406,1.1058761443792926,1.0856875647975692,1.0776105102958144,1.212470057105613,1.4911140192124144,1.6735400176926347,1.64462261694851,1.5520968316339339,1.5836875069374525,1.3033165845623114,1.3777310948765322,1.1699074162334464,1.120228260013216,1.4086814595788102,1.5685241658939915,1.5400444285617472,1.5552884882289613,1.7442585068614467,1.544409588995927,1.5397328378508066,1.2585805723353662,0.9658897767410782,1.2678428352849085,1.5993940555205575,1.679634700059092,1.1843361167140276,1.1625920635891596,1.1007654128065951,1.174766942531539,1.348420891882269,1.2750013613731697,1.2072620758207036,1.1595973484010245,1.3152248636445698,1.202636132607913,1.3859297078675654,1.2321987394678366,1.194171834568865,1.3384395248071672,1.4099976021539413,1.5067673203075254,1.4225790068177382,1.40080769880859,1.7382866894209572,1.7051071465751875,1.175854912449668,1.1397287025185239,1.2392020262422914,1.143335319219323,1.1048590532745062,1.1972426733989872,1.4223750644513278,1.3294597855168748,1.5462027552752822,1.1302851200365975,1.234708839757158,1.269381792606885,1.2835587507688477,1.5657784108628852,1.7122822131939368,1.2433956103690198,1.1349832675423186,1.3925887278702647,1.3817343450951458,1.424155880300764,1.5208485388900526,1.2925593610198605,1.3997590793483918,1.1746463060488936,1.159291276126822,1.1605781024087645,1.5598002010851288,1.4455518234270188,1.4635263231906817,1.400332009564015,1.388854915285661,1.114273049564984,1.7848241952641255,1.8027447150001348,1.6726523371457123,1.2821013297365242,1.157853506285877,1.2928859995206472,1.0136929068004805,1.0428567141137137,1.266468830835652,1.1243494667180411,1.1429828113831706,1.2426129163157427,1.419257963955838,2.987398390092791
Oct 1999,1.566963153837898,1.2900841506762106,1.336661236714819,1.1896695926030858,1.131909331737678,1.1758441405922067,1.2460522227133932,1.38837719857394,1.3440186577662347,1.4505439290684137,1.3681349561058238,1.0525708687363426,1.085244167634803,1.1309361916991967,1.0989984191129505,1.0812362504054467,1.5355767222953458,1.473628153863462,1.4943535946595699,1.1489263807417314,1.158102871343132,1.6440946360448552,1.4368303360967087,1.5118255838443053,1.5906423605552127,1.5172314896229897,1.2207011595949995,1.1933619556955959,1.1762558428213215,1.4179340994822653,1.2795665679447317,1.155047924364337,1.0910454274146633,1.3153655336242622,1.1341947509181387,1.2163624326151319,1.4888961883203229,1.3980986056594564,1.4772804020430328,1.414747572122682,1.3718199161301987,1.5299284346058182,1.5776000940457189,1.378323830030964,1.2965172578332897,1.2517095735803876,1.424468036771297,1.5132235899012485,1.1928782958464559,1.2149608762399653,1.1286672955248231,1.1935349724367903,1.2237121709051204,1.1187524066333439,1.1006444044965173,1.0816173045372262,1.207534674637082,1.5335737101495308,1.6692573431726976,1.6819312764720251,1.59926799283082,1.6132506102925417,1.3423543315218274,1.3911560618655041,1.161814937474718,1.1584024806807685,1.4226740162601148,1.5892711645543838,1.5659008403909092,1.5914507741817998,1.7427266169007554,1.5845274318478122,1.5483143132834711,1.2863772850363338,0.9801561392160286,1.316936412512796,1.6465410808108347,1.712922854977622,1.17477569226199,1.1793305092423803,1.105562488539154,1.1894181093615261,1.3119187462011073,1.2896776401888363,1.2196537925519788,1.178372347197531,1.3681363458671978,1.207503491124561,1.3890335845736619,1.237432105419813,1.206548951925422,1.366824846552166,1.419315852462357,1.531910672477852,1.4373880844670441,1.4246516522284252,1.760274408476437,1.761905948940015,1.1713177797761225,1.1392620534187636,1.2498181223304614,1.1437767443514364,1.0926771812451501,1.1725124348774607,1.4491855115736523,1.3235162148379676,1.5735064710141147,1.1371052525953111,1.2569532648964563,1.275173426935184,1.2954195124995371,1.5777556999357887,1.7831135054654903,1.2564655001809248,1.1512193581064452,1.4322193713610514,1.3809805446941048,1.4458514121321746,1.5502462520065003,1.2852911938577092,1.4166976945663088,1.190597539179351,1.1693887161826264,1.1765961250376549,1.6272235224894926,1.4452895522771247,1.4933902097043137,1.4052965292892396,1.4176863027041127,1.1125483987794025,1.862708854553108,1.8039520709475392,1.680710293267234,1.2880070923074316,1.1668928187804284,1.2692378759500775,1.0261926649704847,1.028866501151248,1.2551850947538725,1.1533171412436343,1.181433666664444,1.2578109445605374,1.4599564998055368,3.1474636376768648
Nov 1999,1.5899470040301902,1.3035915470254467,1.3569342789629826,1.2163724761557668,1.1462682408724303,1.1734380748070448,1.2548286753611932,1.4030125879385529,1.369859954792361,1.4693799505035103,1.3880255688274203,1.0502991095734022,1.0762994102122527,1.1346682547971423,1.1056363896263737,1.0966267677197237,1.5480611772171067,1.4881692552242827,1.5099838290423158,1.141756250930417,1.1482805376283196,1.6679846917176304,1.4590258882371145,1.526038425178318,1.6155009579460342,1.5650060820001328,1.2275609026519916,1.2103231016211362,1.1735864208959668,1.4343325255921897,1.2973008119974083,1.1368594874978797,1.1180484756806912,1.3506345674277802,1.1512962758436558,1.2274262436720726,1.4929166127831721,1.3994172867413077,1.513855190476187,1.4184709455113993,1.3831775807829192,1.5907701688436997,1.5947894751456462,1.4202309086338292,1.319725261689543,1.278768278207796,1.4639572607709463,1.5560798690825421,1.2172905739452402,1.2179874413025318,1.1452024507712208,1.2305959250099723,1.223425773421044,1.1267029625680707,1.1002560903293783,1.0901742874888845,1.2271650583782303,1.5448486142880509,1.7029872364439236,1.6806355185880402,1.6357650942976971,1.6356073560456152,1.3697774137984386,1.4092601026361264,1.1703844629951001,1.1533973946441443,1.456320686297561,1.6343201371041773,1.5968136136899256,1.6293419305559418,1.7637717588610549,1.6208284315297272,1.5734210034834533,1.2963939775372333,0.9865990705483167,1.3298643300817654,1.6784422739539808,1.7675797321269564,1.1864927479000014,1.1734173795211746,1.0977340372387978,1.2083061404041326,1.2737948975347193,1.3082888686309233,1.205083932192339,1.1638562955808904,1.3769230180837282,1.2189610734429672,1.4056711655907046,1.2406811494358891,1.209716155587486,1.3726260914057253,1.4523468463266518,1.55832025667922,1.4643338688333767,1.44492521172828,1.7871387029925208,1.7909495320851387,1.196398291027745,1.135067476891595,1.243899008815465,1.1613509391584453,1.159635009148353,1.197236205353919,1.4655770037331752,1.361122889278799,1.5888763966070043,1.1460088969931193,1.2835826531495402,1.28754635346717,1.3456753631353373,1.6343603761854382,1.8103953734426363,1.2857392896874733,1.1791879025486902,1.4604912477575474,1.4245237517889757,1.4900663861701047,1.5684443120231057,1.3185452917708103,1.4456752683092606,1.1762352815965418,1.1751228174741744,1.1608041166062293,1.6302767372872624,1.482877118542188,1.5135831361416077,1.4233731889764276,1.4220700583847594,1.1254665376087554,1.9050215997833677,1.855330179217431,1.7487283200096984,1.2983022441815972,1.1813486549088104,1.2889876787135153,1.0276657506961442,1.0314859843676412,1.2941920898467854,1.1466922203881957,1.1706397259965333,1.2564910858431193,1.5030347374897797,3.092772815555343
Dec 1999,1.618102478108724,1.3177878607822966,1.3877225008671192,1.2125887107206366,1.1621098883931247,1.1715248183171039,1.2707456345191004,1.4192460290087312,1.4207981908802294,1.4880178597317952,1.4230200508029616,1.051207362965817,1.0578013514932019,1.1581337682220019,1.1251500064493414,1.1167527438472329,1.5983636187776342,1.5234006018265578,1.5431477861171634,1.1769045592790066,1.147273292843588,1.712132369283622,1.4669904207344078,1.5631330842619109,1.6547917129688006,1.5832532011791731,1.2402512750006311,1.1985046957535952,1.1948569065107117,1.4753428472936674,1.3064232549873558,1.157157640210534,1.12917659778564,1.3505429832082658,1.1916918990945935,1.2259737886242765,1.5342772306759493,1.4298448250760116,1.543226832263089,1.4596072169845793,1.4084079734291064,1.6322933230157408,1.6498808531475673,1.4227680715266384,1.3000769192301411,1.3014766825032198,1.4732843688250512,1.589353557191029,1.2142939944328863,1.2294343593008084,1.1525311860300305,1.220953754132319,1.2575723496914593,1.124327274841061,1.1079517520407278,1.0856382605765262,1.2391000029279404,1.5868388276485637,1.7209172687524688,1.7707903266032228,1.6379741363735127,1.678129645433968,1.3764413601072292,1.4219221670143898,1.1867433707720212,1.149003656445018,1.4604579741509838,1.6537829526418737,1.6302630367255013,1.6637070794639748,1.8315994376932103,1.6549150386631581,1.6106221895496389,1.2925475003155416,0.9782402778160513,1.3422910816896325,1.7075312798587987,1.7849363511980136,1.1948852336242322,1.1666729035331818,1.1066098906358595,1.2162761410569596,1.2689495244055176,1.3172573299757682,1.2216364703422735,1.1794949111668434,1.3567015107417624,1.2332614141629095,1.4450093057747713,1.2900335884666905,1.2352224348499043,1.4120888286060214,1.499340903560799,1.5896030342518235,1.4895272220964264,1.4992719907571086,1.8457420487055514,1.8423723995062444,1.187478029371422,1.1381829878258516,1.272040264898748,1.1806484693912578,1.1391462799600138,1.2262865500767786,1.4972384232206364,1.3817897068832075,1.62269892182657,1.1597487068768615,1.2778604229532315,1.302848365224987,1.346237269388799,1.667936034302168,1.8262859117750276,1.276455571897217,1.1602597929628289,1.4757331741352069,1.4380854296569745,1.4964120185381768,1.6135172667019977,1.3400136483685978,1.4619987321456351,1.21955537732652,1.16466773151124,1.1610970780503507,1.6600657765163116,1.4882048122608869,1.5295825914291432,1.4600153258207298,1.4696051945237611,1.1602514451276202,1.9514685712297213,1.8778163778286063,1.7409105136828102,1.305443994675285,1.1716459390400662,1.3165437082227507,1.0497273144235066,1.0357892904092554,1.2790802107315036,1.1474221961137674,1.1915051850806218,1.3038122176074878,1.523606512446295,2.942639667395278
Jan 2000,1.631232204005595,1.3101790365390658,1.3931754923455872,1.1826163616212477,1.1056679750473777,1.2086350179621386,1.2917063038745344,1.4276896518325801,1.4266535249847914,1.5020486916477236,1.426333325440436,1.0593967906164539,1.0609751939314023,1.1329582277853498,1.1100552729491433,1.1147353641226518,1.5873927083678825,1.5244799237689597,1.5619083798740943,1.1656020686178372,1.1596037561472368,1.7388919769962536,1.4863784536521614,1.56459411765396,1.6755710039648446,1.5612571994221665,1.232922488107801,1.2086084263080201,1.2010832602587374,1.4834325231137093,1.3287541813134978,1.1449356503787111,1.1392805449562808,1.3813196753595014,1.1379450205277954,1.3020113223935201,1.5576773394216479,1.448624118279371,1.541695170891331,1.4588920028220216,1.434022475447588,1.6656869855084795,1.6223276754770233,1.4569811580172993,1.2793965511994245,1.256288431156786,1.502350151595608,1.5739332163418145,1.2127306707608612,1.2330554678962875,1.1504626341788602,1.2242997078574482,1.2638659795384912,1.1287217617284508,1.093961096116204,1.083170139828276,1.2281551134124669,1.5846684911031994,1.7543047710421245,1.7394335277126831,1.659378149524687,1.6918338448675039,1.3828330479993327,1.4291226511610153,1.1817110901771,1.1818401595845516,1.4738439711875573,1.6718591370748714,1.6350478669986488,1.6747069589351296,1.8167139219690829,1.6469370351039578,1.6108055823142466,1.3129882567705629,0.9776766430170102,1.3621024899350898,1.7281755636874259,1.7823366686764077,1.2180380013814305,1.172914411755929,1.099423047201993,1.2189672730174788,1.328326147585529,1.3205116451735106,1.2586066198061774,1.1706388499624363,1.4216816964749632,1.2250245919698337,1.4612349603448986,1.2552042457071286,1.2088964947464578,1.4151030018713013,1.4874844534902463,1.5847613718741016,1.5139420694312427,1.4622736052273053,1.8305317371744887,1.842599915017426,1.1853264856711219,1.1318830117631429,1.2754402274850298,1.1657945086358392,1.104238337741152,1.225039173100338,1.5055089624701177,1.3631107576121422,1.6428845388638054,1.1642196176768047,1.2394832033134742,1.3093385287431343,1.365633324133939,1.6166149918479744,1.8285193665173427,1.2934922074218658,1.176738855370217,1.4816843691804171,1.417431029400337,1.5144592514418234,1.6376540579864725,1.3548975457882462,1.5089249992953278,1.2062699737510323,1.2041789019211795,1.1885137326775486,1.713572342763884,1.5003328994390286,1.5448904753097399,1.4768740612233302,1.4994750454348933,1.1363852381859456,1.954647399157543,1.9383355679918648,1.7777644912749144,1.3420515778338495,1.1773867631155652,1.3300678639011867,1.0218677533451446,1.0506271822007136,1.326435263389476,1.130410651623723,1.186809599410873,1.305573055976694,1.5432453617521793,3.314659714186104
Feb 2000,1.6587928993083725,1.3266040322593642,1.3983552692196581,1.2156956009729765,1.1880970487252147,1.2115264585286125,1.2911503919103025,1.4272163165555558,1.4138539226860853,1.5156152174832342,1.4427287950284435,1.0576216803170615,1.1164552447073972,1.1336075078423935,1.112537842244516,1.1119178794945277,1.6102308113465924,1.5519051183195183,1.5844083471130481,1.1488040439333875,1.1776019000785125,1.7836386376414621,1.5071359713453707,1.5850903189179173,1.6954057310885182,1.5781832419112658,1.2277438473243365,1.2136498600665373,1.178643862149422,1.4835017931971768,1.3162059366495316,1.1708272765846126,1.1192133205373325,1.3945046121980202,1.1911582828574818,1.219845008599065,1.557539230379366,1.4435452001800066,1.5438735923732303,1.4786083231895666,1.4473520699424982,1.7022517666008652,1.6733759306136429,1.4909696168064879,1.3305713828542107,1.3091468327577958,1.497907517373868,1.6196823319325424,1.2360174338782883,1.2562649423098362,1.1504605361804214,1.20231583905364,1.2564316793975447,1.1133132044070668,1.0976976439528097,1.0863316228665,1.2477250493510046,1.606042375152563,1.7527071105367646,1.8218848969777386,1.7166471320880028,1.721971880997242,1.3981468894799995,1.4119164086828628,1.1920429559111712,1.1545124260278314,1.4965853390429231,1.694895862382479,1.6587329196186464,1.7014536637060735,1.9456058303700405,1.6735035576698287,1.648342135104925,1.3371184506086078,0.9895086821576702,1.3760053297511496,1.7366975564885199,1.8247422643254252,1.2065325297891654,1.1834683645499022,1.1251205450766266,1.2568681757227829,1.351471378094881,1.351825515501991,1.2434308349365877,1.1864252266026278,1.4024945995941775,1.24046343619611,1.488255662859394,1.2743677801789486,1.2417566577873633,1.4242280656016655,1.4829815596253233,1.6229206218704755,1.5073724450350496,1.5065083920576297,1.8706681860412002,1.8938869809013827,1.193072393079224,1.142298128497933,1.2785780276590666,1.1741260087282155,1.1522308005036261,1.2239672194782434,1.5219437913129685,1.3835845025929194,1.6613286456948009,1.1788970306952584,1.269853435126476,1.3373672561387218,1.3934411110103104,1.6764800444827144,1.8378462889261946,1.2969404591149039,1.1951225480932344,1.5020565659362435,1.459259748521387,1.540721575224643,1.6192185371492103,1.346574459357471,1.4967555566119668,1.1888510052529286,1.1556169733225403,1.1687371480636337,1.715147402565444,1.510660777083549,1.5600594613594976,1.516511252556865,1.5322632446034168,1.1379153943006086,1.926298814544683,1.9447356103326425,1.764251572334038,1.3320891685573042,1.1982034055180244,1.3447648051195065,1.0091202568258555,1.050612037314511,1.310359025517831,1.114970488438891,1.1919016391914914,1.333975190110332,1.5539812096900247,3.0867925976507733
Mar 2000,1.6851754411021242,1.33423691685343,1.4212602820570448,1.2048484095040053,1.1762471577213072,1.2064626799654603,1.2975159521779562,1.4556657428086486,1.4344144286322753,1.5487328228848058,1.4587221247272395,1.0650629627797636,1.1080465124462007,1.1434329051428906,1.1213085892872763,1.127755008006922,1.628562163633028,1.547732588815568,1.6170935421610475,1.1980425651541087,1.169638258920292,1.7984356147339275,1.5324351298184722,1.6227661449004995,1.7409084792173877,1.6286541878877163,1.2403985574332281,1.2162406553862026,1.1989532851472766,1.5204947069243182,1.3484514134645782,1.170750647000788,1.1386077377158144,1.3722488803694044,1.1822028759693644,1.258368160013933,1.5854957452396676,1.4837268241054913,1.5981602234422718,1.4932180597771625,1.4690801442742938,1.680909860250896,1.6998144844547871,1.4732699338903699,1.3379040282593089,1.3253843224143893,1.5382337717233903,1.632337140682681,1.2454069580051197,1.2576775853982258,1.1660262059336763,1.2373264909551889,1.2799275763127904,1.1421365756731043,1.114194340525053,1.0979068199665938,1.2768275167415102,1.652751905332277,1.8008964559395433,1.8734803949279806,1.7345342841655988,1.7310106335364783,1.4329072777276999,1.4779414046738135,1.167445588602758,1.15887713169487,1.5296200168523801,1.715200624077841,1.6932179941089531,1.7253961675349205,1.954011307159345,1.710018190551359,1.6723734288686585,1.3466134226563196,0.9811451371778783,1.3895674753631355,1.7789576230935842,1.8448569338834901,1.225012615482685,1.2088547646197212,1.1575809078242199,1.2591141254404918,1.3488343484529108,1.3645255710653434,1.277510997462539,1.1867561802160584,1.364069100437413,1.2569228628395153,1.5016301203033573,1.3335278699583348,1.253948012988422,1.4585030567427346,1.5450232063573115,1.657308015143546,1.5789776700459004,1.5189683428978933,1.901218338279902,1.9209580764621978,1.2053189998714717,1.1502940337577476,1.3029407866936618,1.1764808977654146,1.1432871529505917,1.2159585588522888,1.5427103022601443,1.418192871577405,1.6904786983034314,1.1761869936266156,1.2848568341949573,1.350710931830281,1.4123995184041704,1.6642292709907454,1.85703300711242,1.3240492004410669,1.211036400773883,1.5378024854416399,1.479358076106685,1.5388212920905684,1.6707988516204193,1.4123922277964056,1.5377208861278637,1.2302173378654782,1.1853378860912882,1.1999934494022484,1.7612020161613902,1.5463521617000138,1.5935700044540748,1.5486422956405463,1.520831222025375,1.1442196708552863,2.038036476831022,2.0023522788469363,1.8252439318018523,1.372221989464824,1.218017150769545,1.3591259287398068,1.061326512813527,1.0618110166738985,1.3058937384236529,1.1607176512947246,1.2136054861944598,1.347202343407568,1.5885853701435453,3.6272166602287106
Apr 2000,1.7101274248098883,1.3622557629526337,1.4344768795305873,1.2450769035740943,1.167945386424567,1.2043475330249902,1.2966646335465926,1.4795810376610004,1.469894469887422,1.575679064238286,1.4756977364273371,1.0700113146402137,1.0975698875486088,1.165620180996068,1.1353093875542153,1.1304243939501726,1.6965741572826085,1.6047400635682023,1.6416025368981628,1.1932244172778406,1.1758593464137899,1.8449267633750988,1.5679596421966064,1.6436889217099124,1.7793645872549344,1.6639815467476706,1.249970956817423,1.2359224648690972,1.212870254626441,1.555171484111517,1.3467609200955337,1.1732860065220208,1.147649962713916,1.4009492836861328,1.1969693666390102,1.2744471585223562,1.60435511793488,1.5377589224573636,1.585513247524137,1.5341004654417794,1.4929842709803842,1.7177390466536533,1.7276798974083178,1.5050184535175528,1.3637624715045176,1.3522689890365118,1.5724472981942095,1.6924705946092526,1.248639890204632,1.2869160702146187,1.164849929270341,1.222616825598264,1.2824444030273336,1.146710268120408,1.1347647071245117,1.0992713898218718,1.2779995449950048,1.6744031919368108,1.8506471970081317,1.835789286474853,1.7645439288217972,1.785134578636349,1.449994527786748,1.4763174605902187,1.2144806607716574,1.186016137967544,1.5503269302831446,1.7553972348607736,1.7298710579105023,1.7786315274691737,1.961016569709766,1.7496418717679327,1.70099716043082,1.3788353456302818,1.0189845603683596,1.4245282208032086,1.8366732035456255,1.9269996784179908,1.234567486091949,1.1958378555023255,1.1586494793869482,1.242222328187132,1.3720344655423826,1.3564328233259342,1.2638907960201993,1.1969713048489226,1.3929901319579894,1.260554164171175,1.5230198918991396,1.3040629708779052,1.263219045261029,1.4856723840787376,1.5474684347007475,1.6768646145169634,1.5676873451066766,1.565366372927799,1.978785852721971,1.9094582963066655,1.213805928721513,1.1417346914706623,1.3184117305507734,1.1783069418621797,1.1423988899738524,1.215559406046148,1.5775907332513903,1.4125543161892584,1.7089081692644745,1.1870403497509425,1.3019376961694733,1.3662288735205281,1.439323394689567,1.7298473511679189,1.940798376168362,1.3490998919163295,1.247363551356716,1.571880677045543,1.4989773184998307,1.6146007945095426,1.711116180226869,1.4214394868577302,1.5563164318347282,1.2329344259012411,1.2316759468434288,1.202034526479892,1.7764860576149752,1.5886968538875297,1.6196493059356292,1.5777435668388282,1.5487434210584619,1.1238162334611166,2.0859000673492067,2.0746608117347143,1.8757274655770777,1.3739908887053407,1.2202201390897718,1.4059406493701492,1.0375016822102858,1.0578321239847663,1.3334361607489116,1.1797168413668415,1.191215919629038,1.355789771247655,1.6411740951625007,3.4656614306737596
May 2000,1.745913924680961,1.3674337458995718,1.4563647169739737,1.2626881322278278,1.2039482040720888,1.2429231457417718,1.2968484364863375,1.4842342990163233,1.4801866533613823,1.608575494524897,1.511706804602917,1.111521244646048,1.1119095997015713,1.1616489193350412,1.1252701448444928,1.1481114300210842,1.6923792335510786,1.5967835192336128,1.6682305313850312,1.2075934346281334,1.1746644293430752,1.8804551381443237,1.5920231966295697,1.6831880943952402,1.804171791513667,1.696818604063383,1.2562096694604123,1.2373270128149043,1.2160170518963487,1.579506910213722,1.3283641619997972,1.1763826521303777,1.1509039164214774,1.4039192420846973,1.2426455564731305,1.3023379172884049,1.6377523375978755,1.5426756093025802,1.6308149497133866,1.5573418941293644,1.5262971259029,1.7695643464456756,1.7671723166878013,1.520010241817473,1.3769711613851736,1.359379296860197,1.5733264428943525,1.69274251482927,1.2474837079066319,1.297021952564759,1.1632542696494415,1.211230482180252,1.2966608672364663,1.135635924094935,1.1401060635350417,1.1315565322932617,1.2921460368845414,1.7421212362939857,1.9025252438768423,1.8854019651612788,1.8077159568882377,1.7993246817141835,1.48441679577618,1.5128525073270018,1.1752755493657774,1.1829877474769182,1.5700277613464146,1.76552456963256,1.74999377835421,1.8015440112392638,2.009087064697876,1.7574249243435287,1.7295468140182886,1.4150205979378578,1.0047801602972128,1.4385303140239352,1.8592158708254352,1.9389377774901273,1.240211963730908,1.2246767669010663,1.1651742188608565,1.2434686713083458,1.3986776875075821,1.3788268161201012,1.281451802069997,1.2097323885042666,1.3469151578413419,1.2762268074819962,1.5582853955942937,1.319585468294824,1.2801118601190509,1.4976058556073621,1.5850478923886406,1.6937663677589951,1.5893738478879054,1.5678290403792439,1.9741103422449457,1.9760954795713417,1.2295963757241608,1.1660571888722786,1.329595519952213,1.2097194607200783,1.1836682005286019,1.2165424015226587,1.596477909742046,1.4457469148905135,1.7482772752334061,1.1932245661983296,1.335249973669642,1.3693174119081983,1.46916477417518,1.7756518081743764,1.970554502577599,1.338929307102376,1.28105884067613,1.5986835282614127,1.5265367680204005,1.6152121012982905,1.7122091442894485,1.467172297274618,1.596624257819952,1.249800117116104,1.2156176056571248,1.2092482992864104,1.7936423089998852,1.5922466767340906,1.6579108204041262,1.595895762743796,1.5939777492722396,1.1313472370477258,2.0907435382883612,2.082795114600419,1.89634100377751,1.3868191532711664,1.230320368814352,1.4269940941162165,1.060065834902779,1.0586226403352499,1.3429656108749242,1.1622586367341665,1.23717375378833,1.386382996027686,1.6493286919622239,3.569741605332999
Jun 2000,1.766917632963581,1.3966932139606076,1.4910577510938894,1.259495570440558,1.2028409880236557,1.2682264682515334,1.3291778353727333,1.5088381755034268,1.5207138276496515,1.6301763719576776,1.5158016467281392,1.1013848055875488,1.1297049135096564,1.1905950255809281,1.147592749017233,1.1379390037092543,1.7309827967548805,1.6463090674114529,1.6931734743535598,1.1950679800639177,1.19558268406942,1.9073337294048678,1.628367385352005,1.7207137215917825,1.8282461218287227,1.716491541096887,1.2732844168743824,1.2349379510677554,1.2068858432539322,1.5869179495195438,1.3850530284866165,1.204813698272731,1.1590557331018772,1.4264344658665173,1.234000901941723,1.2825865648891477,1.6553874161127318,1.5881004412320685,1.6593177949645732,1.58804392481692,1.5407453603853019,1.8115437224905147,1.799980320850571,1.5488263047678121,1.3971272031824777,1.3606960775139623,1.6296073607222559,1.7189458921252196,1.2332336658794658,1.3060390161188875,1.1893720746296528,1.2444537618840636,1.312401640906878,1.1591188606965046,1.1394056754077664,1.1176809638492538,1.3100270376600631,1.7332798226785557,1.9351079810449692,1.9978253883349593,1.8388186185655224,1.848829404386495,1.5018893019280297,1.5239959998121944,1.231033711525715,1.2001080897781624,1.5946409715729963,1.8136487663039484,1.7903206279101127,1.8447849873195232,2.063071290225077,1.7989553330110906,1.768754166455245,1.407871855805211,0.9885077680629016,1.4534727020489757,1.9002086557352453,1.9915015357030024,1.2449189209758016,1.219253254728602,1.1829850782512985,1.28509552373739,1.4327049514792523,1.403035254643203,1.314828112753998,1.2443982250366015,1.4881569725923547,1.295377633944643,1.5862435986565078,1.3347420739734066,1.2991712118021603,1.5550557077764091,1.6215830398141264,1.7290493298347387,1.6077364703073238,1.6107763268401625,2.0110554217080994,1.929798826035385,1.2322184138345706,1.1661098687330236,1.349408862810567,1.2031222152911218,1.1931988077763547,1.2703727322697485,1.6266426713386424,1.4675577984132766,1.7774028123961627,1.2028891880398112,1.331824891926034,1.4058849035923644,1.497803223131875,1.7950985926482905,1.9454318772973311,1.3863335385046074,1.2776844532978564,1.621061437409517,1.555707734083178,1.6562848091004512,1.7666451456782064,1.474256961006819,1.6370925369720026,1.263500956813554,1.2387134753028555,1.2269609578936285,1.8531245628911386,1.6246937713544618,1.6772471183314999,1.6477986705714907,1.6229032468488456,1.1532107431117455,2.156204460214607,2.1316538335996804,1.9255241945042225,1.403573717527299,1.2479481068349827,1.4273236048695492,1.0222170114164464,1.0572995430934546,1.3884443171921161,1.1979330137724657,1.3017087980792938,1.4223158714589514,1.685354445154995,3.124527934948468
Jul 2000,1.7895707320876038,1.3895001158190332,1.490330459438141,1.2701956996153414,1.2370937383569183,1.2295912497068702,1.3338790531899918,1.5228736506628355,1.5116730190719625,1.637937718234946,1.541035361127352,1.098532734418254,1.1278366798190758,1.1849318784850469,1.1438950407097295,1.1449436783416262,1.736263770833219,1.6563967355570033,1.710300256952004,1.2225258706277322,1.2076374701228865,1.9806394354544696,1.6450455146455765,1.7354180891705684,1.8393805996822534,1.7324565709802886,1.2978623836835723,1.2589276490993897,1.2287530157193596,1.618008441350061,1.3954726137362845,1.213885595347895,1.1589064785761216,1.426385473484104,1.2335326206876263,1.3231962227535943,1.7019108905901374,1.5815830187632705,1.6802145202856138,1.6092118661824943,1.550844413795064,1.8087356862658401,1.7990205804291706,1.5611264008929833,1.4103514124310632,1.3873329867945507,1.6303558560718883,1.7603988619451165,1.3054073400921058,1.3124667794112501,1.1789015762549953,1.2610450466985477,1.3403746811215698,1.160180813120006,1.1342800755349924,1.1202501184650764,1.3050966685060452,1.7814426701538213,1.9518013941433439,2.027681893032363,1.8478420657235914,1.8450546874312141,1.5114941185849717,1.5662570029843788,1.1911656273814537,1.1884382844901409,1.616431942870111,1.814165461801936,1.8138563783384622,1.8492038218638138,1.9995085035401892,1.8199923228530626,1.7721099796818902,1.400103152163565,1.002271787972954,1.4874923238244602,1.9024821445720306,1.9756130216022139,1.2325666289586745,1.225785115687174,1.1760745332605747,1.2791468178897145,1.3749968539247361,1.4221057289081698,1.3329146618619945,1.2192053849657163,1.3906912017986874,1.3161744939330322,1.5781181060758434,1.356634724244036,1.3043235663580792,1.5525741577407366,1.6140894257181722,1.7091640337417238,1.6579873986773552,1.6178004662475391,2.016656781200927,2.020223672955668,1.230773648981812,1.1578642618913693,1.3521532827508527,1.2172206523833229,1.197356859260514,1.2561069863363485,1.6428373219668633,1.4839448338859709,1.7989305541715535,1.187113346306171,1.3304957039132344,1.4448788613502366,1.522619447016126,1.8143305350807073,1.9464699807722532,1.427348362982487,1.268124260884971,1.6362548293278707,1.5627594970711354,1.695760397223648,1.750230873883039,1.465177496500714,1.6220336627404097,1.2860039212137089,1.228782921501097,1.2237228398153415,1.8628134483934877,1.6560812957619888,1.6948877135280815,1.6361899678269212,1.6309384722877958,1.1531022901049126,2.1282208881112434,2.1480138182208908,1.9404747425600923,1.4262123677750942,1.242522191233512,1.440817459131313,1.0427433603383753,1.092442581477942,1.3459838142140845,1.2180199922877522,1.2588081637909259,1.4096349606275635,1.6881407280921716,3.5186355436698173
Aug 2000,1.8097772754600006,1.4220584583068512,1.5096404899876545,1.2970321527813178,1.2084954608983158,1.2947879537853466,1.3564314862101554,1.529902423545923,1.5299853446027296,1.6764379884160672,1.5620113236666187,1.0942355036745106,1.1346181474576247,1.1917169902636309,1.1810300260389206,1.1589174957688382,1.7451478905884676,1.677056219337384,1.7431582275551538,1.2352776263490906,1.191721442461329,1.954456613055151,1.6534398086867346,1.7548656101634659,1.8637274457051887,1.738413958545956,1.3183310243089077,1.266606565013936,1.2571600607938127,1.632058580172949,1.3970043666904433,1.1949855730207288,1.1765808930107093,1.4454126300837804,1.233206274635864,1.3215816642798741,1.7048087906550269,1.6219263766256424,1.6856649585202839,1.6083021012644487,1.5674018104744907,1.824309758388137,1.8009235119381166,1.6039463057404186,1.4495305303316266,1.3934638472169234,1.6419921777363942,1.7784403846554437,1.2857566944207852,1.3248888965679293,1.1890410352592373,1.2128220749362213,1.3383175666834246,1.1509902514917973,1.1597578875008088,1.1156996502564203,1.346016888029988,1.7971132357826516,1.9080983422687738,1.962879421691342,1.8471153183760451,1.863577259048865,1.5154122946065536,1.5951703251299123,1.188977179760647,1.196625491595448,1.6366769280869422,1.8361178788027057,1.8108951677955583,1.8592592866518376,2.000026806105472,1.8080600224255021,1.793315621902536,1.4545966549208333,1.0080787098320003,1.5194413127563497,1.90728896569231,1.9890146281712298,1.2092363779203879,1.2688379414629245,1.1733279058348804,1.298129419775146,1.4906204894096895,1.4339476065307117,1.3276514131868593,1.2775296004921957,1.4179429450590912,1.3526974734030286,1.6255559314833765,1.3636489492846713,1.322884870086336,1.550928570055652,1.6407487340194633,1.7771590437267046,1.663015782617735,1.6103572371314951,2.05569134894034,2.054985800467804,1.264023882218338,1.1637675760537654,1.357063163873123,1.2247118157855827,1.1923743509931686,1.2865100698650869,1.6456499497803898,1.5111591254477335,1.8277960869010605,1.188541178332829,1.3514155745058807,1.4307997490260125,1.5308688199783769,1.830949694363081,2.0130752816810316,1.414231147889049,1.2949372309973854,1.6559553129752265,1.581659496866624,1.6859467869538127,1.78046480283397,1.4868711480393155,1.6593786320387494,1.284930336253229,1.2240260836690116,1.2413264588225787,1.9178913271871658,1.6844925234407024,1.727702504714289,1.6902451814248305,1.6242599210328155,1.1589056971361078,2.164230889367006,2.124800676144437,1.9515282256324125,1.4315940531358622,1.2523675812475366,1.447277079396696,1.0603309634107663,1.077190365558225,1.390479970749615,1.2039277178448786,1.252752173628401,1.4656068717538016,1.701469060310093,3.2273725694536366
Sep 2000,1.8068356163757726,1.4237495901893589,1.502358339228736,1.3061805141488372,1.2113300406888732,1.2517262166987833,1.3548009988591492,1.5329812624214743,1.5341324910797256,1.6565880585757902,1.57128296371059,1.105135855514083,1.1004828413434462,1.2223081725878313,1.1654916628415581,1.175053714610146,1.7624538276654005,1.686606083573911,1.7355822087840307,1.2355900130219684,1.218438301793227,1.984825263265214,1.6587101918355052,1.7507217534133255,1.866896977735292,1.738711715673919,1.3214582529290513,1.283459981512212,1.2393847093997201,1.6482176145725247,1.4104675307062822,1.2104476973941465,1.1623635590390156,1.4382210451821413,1.2546047362902237,1.341055503362234,1.7255445595110794,1.6189812484150274,1.7023343826560766,1.6638039289909672,1.5760170586031776,1.8399210266106205,1.8263479431893286,1.6063837479073577,1.4545274873535636,1.3802792073203194,1.6678482219431967,1.7823681676504606,1.3021159708564194,1.3384610340686696,1.1782130400870208,1.2363391871142562,1.3499336445911225,1.171488341664031,1.1909650220217278,1.1402380454248928,1.335881073128443,1.7871266703847966,1.967590758226493,1.973891527630821,1.9050166741906711,1.8822670034144693,1.5459292936292583,1.6064102643549556,1.2039445610658264,1.1948027603570675,1.6124920067921948,1.822139112208433,1.807032510242117,1.8528249327200839,2.0406917453801117,1.8112420702410517,1.8029748865234299,1.4512786322215983,1.01822240969492,1.5050929252282677,1.9078943407105164,1.964628927611907,1.2401875811537955,1.2373599335284016,1.1886267319737627,1.2901612705598415,1.3824130166984607,1.45874276459981,1.3615886305160503,1.265575609644206,1.4469273595235999,1.315339766031231,1.6386569696582243,1.3477975444381713,1.3337004272725668,1.5840313090241098,1.6636517534083162,1.7987528583133006,1.6817180140595522,1.6236351304447587,2.070942399203456,2.0077965067316215,1.245430870917103,1.1956113662083063,1.3942164388051923,1.2225616456807789,1.2223082681200228,1.3252723944799298,1.6749233716045622,1.5279875333690243,1.8094167995466668,1.195153764868114,1.3604508300758273,1.466972251662633,1.531466391235133,1.8029732212952834,1.9069438512257264,1.3961326893078934,1.3140208247095722,1.688074026543381,1.6083058178653664,1.7059336768625526,1.7720177503419139,1.5264803964237068,1.6613448904837025,1.2949893472077085,1.2534157946199005,1.2750216291969854,1.8958321020369517,1.6921253075422769,1.7073757187089027,1.6631763157689625,1.623514601800493,1.1924698558902438,2.1195728108925005,2.123463297468735,1.9204788022962684,1.4319728102533065,1.2482764690510835,1.472321299481801,1.0620784826484002,1.0936477052792082,1.4050396023479685,1.2237272260379441,1.2546300325308126,1.4440051838405557,1.709207966614092,3.5092684699928998
Oct 2000,1.8129417223625501,1.4138171030264883,1.5232599010989722,1.3078247938406782,1.2229512848194881,1.29285501530574,1.3762874292923126,1.5573161641881104,1.5490660809568488,1.683705212057634,1.579768461419104,1.1204067149242407,1.1208788176889848,1.2255763829453568,1.1700275426671434,1.1587431224396862,1.7615286321876287,1.6998096801378628,1.7536656021917787,1.220759732250891,1.2214696405651913,1.960317337594267,1.6543179055676924,1.7660945986183798,1.8579042497983391,1.7290607062974446,1.327574743008827,1.2678730208139846,1.2300755440751736,1.6607516847955304,1.39718216425408,1.2120473515674883,1.158921761343973,1.478126866397706,1.237490105758402,1.3245042737417048,1.7077926533874785,1.6159573389856945,1.7165815988484818,1.6380985155843002,1.571960764569343,1.8957227630491886,1.804873004866004,1.5949075443058256,1.448580383426807,1.4073518493150654,1.6843809768380602,1.7887212169933855,1.300828325942311,1.3456837644743387,1.1902912565191535,1.2837851923796915,1.366569217805592,1.1770286874796014,1.1734702291593313,1.1267586937983718,1.3531329755101729,1.837507047558392,1.935389423706057,1.9857207990949879,1.8752072743242223,1.8909546043783811,1.5549462318858003,1.613441988784431,1.2402117494149185,1.2454242946406866,1.6460232839860325,1.8405051931456184,1.8183275432081192,1.8557832606852207,2.073440010301439,1.8121935770793252,1.791897393174666,1.4594741739329862,1.0270815826625415,1.5332664653061874,1.8900721395471434,1.9452580835215494,1.2708500985495153,1.2680587665979912,1.2232746855209253,1.3148619246563193,1.4519068376517927,1.4421806152890142,1.3340974618814978,1.2679441672765694,1.4465034786183937,1.3419919523874149,1.6123325723927526,1.3751315451309007,1.3550452023877315,1.5524062646236942,1.6480166342267157,1.7581577707575715,1.713710435214735,1.6396660292671992,2.0319526068222378,2.0374211145382217,1.2616690279370242,1.182233478014349,1.395865221319689,1.2243602101488982,1.233194299690155,1.2591596444547886,1.6549572398024481,1.5520424898517906,1.8217324777784276,1.2099474258064848,1.3587106493783871,1.4865501445046063,1.5451938475538376,1.7861494144633256,1.988835125430614,1.4336870739666978,1.3025011798167805,1.6996809832495288,1.613408467421843,1.7337969089446665,1.7947593210966202,1.5325609195385077,1.6785356657933437,1.297068679654956,1.2645068800732522,1.2545928003783247,1.9068286592023305,1.6641645567668701,1.7285064261939849,1.6774143369834582,1.6485919727660927,1.1722755532435656,2.0944391126492174,2.1126361070427224,1.9326165930408568,1.4616479478773472,1.2969541890642176,1.4446250773216516,1.067305763674868,1.081134357416515,1.426091287676466,1.2115708211664704,1.2877790417818256,1.4893299827318958,1.7165250093607618,3.3617216109490187
Nov 2000,1.8243916537357991,1.4397465414482609,1.5429765305807468,1.3471163173556253,1.2389852808284523,1.2783871886171057,1.3874613907460864,1.556385528359535,1.548338067957721,1.6914308996110983,1.5747528328718683,1.0928126389160462,1.0973833031634723,1.2165522530056978,1.1742803476926218,1.161594319828744,1.7613220344350617,1.71036218227354,1.735025959395773,1.2449380139049577,1.244073183580703,2.015598278890537,1.6947429390024433,1.77730453378764,1.8681229899928147,1.7281600135852755,1.33257811248889,1.254853234722058,1.2688125946195656,1.6499126076959296,1.4317793690921417,1.1931474572236014,1.1781815584153537,1.497267541204999,1.2530530124967556,1.3374775706583344,1.7219413064829587,1.63967060407329,1.71220824185126,1.6324261939150408,1.5767692170987295,1.848178716817743,1.8101878072248676,1.6176168455111422,1.4377231799075387,1.422970583089773,1.6786014862525935,1.7837963940024044,1.321461019133769,1.3487070620693284,1.2068928965874561,1.2708545559337339,1.3872586070555288,1.1678322724057622,1.1897278238423945,1.1265650617223855,1.3551859686599494,1.792600447843621,1.9561513844704022,2.039984370162505,1.8696979914361727,1.9061946580823794,1.555413733833321,1.5854408946403793,1.2333991199667498,1.2246622795615045,1.660102940816713,1.8360320216184438,1.8212585204288485,1.8454842253189927,2.072641764472856,1.8475879984756844,1.7981597791431847,1.4968194844368339,0.9971140868869138,1.5517059266165663,1.9180826540231706,1.9763476267973228,1.3073929165751956,1.2727746978814423,1.195441082517174,1.2977963456374844,1.472218042471894,1.4663116039518405,1.3435643514858826,1.2700532600405747,1.4814077129556351,1.34380360569572,1.6476299796482874,1.3586039502821423,1.3079327369233742,1.5803713187879422,1.6610339027001693,1.76634617778543,1.7011448992681815,1.6832976037528726,2.0380163468746537,1.9937272317768555,1.2647393983494684,1.1834714151645391,1.397311544459771,1.2224516948957578,1.2228448979979678,1.2818087006410888,1.6777449448336061,1.542369008152065,1.8154297110393822,1.2307596337158226,1.3843536977368263,1.4534955576086905,1.5292846468343644,1.7623372503438457,2.0135940609326655,1.4294631884870763,1.3294802103174268,1.6987958093859241,1.5915838557082431,1.7289473583640822,1.7872691739340199,1.5648635088048806,1.6813662609301767,1.2857738330691868,1.2604634521925826,1.2681117088655276,1.8863616313553,1.7142709884538954,1.7173010920315273,1.6658918790955581,1.6458789505643252,1.148811806937572,2.1060837989887697,2.1073722983997554,1.943035861385122,1.4790183758106823,1.2739722365788448,1.5081863782053682,1.0603671566898625,1.071920895411677,1.3905110542157724,1.2270771152105036,1.2807943177244034,1.4860680989370252,1.7095055040308518,3.2628189987596956
Dec 2000,1.8397233943384297,1.4542546577288349,1.5498782643295808,1.319196996163652,1.2686382124617508,1.2940206338991673,1.4097487667553064,1.5861372043975799,1.5687844629998318,1.6985421999324053,1.591285802807441,1.1438700220412872,1.1287335842814212,1.2346764295102388,1.171947269641759,1.1675238436899769,1.797113224684574,1.7121540406164182,1.7683503365914968,1.2505358824524402,1.2438102123903925,1.97262014071161,1.6661264310137396,1.784069558705817,1.8697789159146139,1.742885882582705,1.345468206539737,1.2814812529067008,1.271257838225035,1.6796689047109492,1.4392818407254864,1.227216334123641,1.1851759108259678,1.497340194049228,1.305012288526491,1.3458201240259773,1.77686521506307,1.6460420356633683,1.756032957710618,1.6653191094170958,1.6132545957583886,1.9214406370819896,1.8441811908817456,1.6313718117806981,1.4855077551311697,1.4268357939872756,1.6841558480326462,1.8148137796314996,1.3402161484103856,1.386013339293735,1.193106471471357,1.3052350087132532,1.3656269158926715,1.181725458194306,1.194228283450374,1.1409510787537234,1.3765406515195295,1.8445447504511903,1.976537321368846,2.08827073307858,1.8743855718411566,1.8825608966129126,1.5624788616150997,1.5860774483875095,1.2231989279026798,1.274672765994101,1.6477683060450468,1.8603133937428078,1.8223201949893444,1.8812710065457547,2.11028965613538,1.853077388922472,1.8060775807563574,1.4836008857291434,0.9950483002817131,1.5951188026012524,1.9231648968584056,1.96838849482172,1.3061831271075148,1.277887947118131,1.2229299807742455,1.296881750060372,1.3799769163336406,1.491943146848862,1.3427084161883467,1.2605558064794258,1.4947106868355888,1.3670349615172555,1.6629251618705148,1.4007093106294888,1.3673280842607727,1.6171697111196168,1.6753405027794437,1.7901772708415564,1.696162860331673,1.6844491534131276,2.07627233758607,2.0372469149153205,1.2844465287231932,1.2002683562433423,1.4498036983031504,1.243502789364409,1.238729482030554,1.3714493628797144,1.6982733458764376,1.5331767958778693,1.831626049630843,1.2233256508420898,1.3831278849566784,1.453404823412043,1.550395830078114,1.8175630962373694,2.02153224631898,1.45572284551264,1.3256291905714541,1.7080940852713264,1.638268383822103,1.7549987147205386,1.815972083751743,1.563969008554026,1.698422067512688,1.3380354529142835,1.2702779000504145,1.2616011317959144,1.9303235704442343,1.7052163785526278,1.7287752428190812,1.6857347419838817,1.686949464663469,1.1767278593660784,2.1376735954862522,2.1426472166624313,1.9463069633609493,1.4556501015710512,1.316521591888585,1.4839752968879067,1.0886836950147674,1.0852733464975346,1.410698800351047,1.2199523905115988,1.3076846278487189,1.4977540984596398,1.712768070721803,3.4628993364764273
Jan 2001,1.8302499651780106,1.4366794913975276,1.5354056010468289,1.3484152951180461,1.2609485564540717,1.3141706639429527,1.3762269204263151,1.5631286196601872,1.5696020529220385,1.6871421585957267,1.570433514159445,1.1143333203204444,1.1101157032548175,1.2382657536703776,1.1929591123490446,1.1707963172199627,1.7714194696179009,1.724089469003985,1.765269749858808,1.2349905900451428,1.2157804432608483,1.9440952643066627,1.6831144762215398,1.7885385278650707,1.8986379076164235,1.782203709105413,1.3342254568329315,1.236965641961664,1.2607019119500567,1.6668677366353262,1.4225086172497055,1.2067896557750095,1.1751802637775255,1.484889194751071,1.2761414590593645,1.3586695696280673,1.7430872039646765,1.6548126797718008,1.7402023168618632,1.6384563882619125,1.6012640618866618,1.8841431593278015,1.8385371527961107,1.6098401059541474,1.4828888375471287,1.4425372987594167,1.704878688462064,1.8235495432751123,1.3513049779976043,1.3679167550910898,1.1848218828644175,1.269001439425658,1.3663688611973692,1.1778264498507658,1.1708637152555026,1.1262046573130562,1.3750783711427381,1.8090236571370388,2.0097397108660195,2.057513373707761,1.864097915506065,1.8814536058539932,1.5873094194190742,1.5774652347292848,1.2650632757609228,1.2474115147742688,1.6591534107556716,1.8439865868743037,1.8229531268896133,1.8715519050751803,2.0559439001446225,1.8559913986321652,1.8046827740343467,1.4470334791466524,1.0179963447672933,1.5048526819292756,1.9350730171717332,1.992178789302563,1.323047303887785,1.2880492700742605,1.1955060439745981,1.3134300194701864,1.5327106735601328,1.4765089218439533,1.3704930476658161,1.270604001795823,1.5453184262612898,1.3766208029303302,1.662812412564278,1.3955906954682291,1.3633113574927225,1.5984081903330203,1.641997469003525,1.814509668158412,1.6952375555879895,1.6417214879440671,2.060546933805673,2.0637710217343135,1.2708819046150883,1.2018856726860205,1.4150014917137286,1.2064352937780844,1.2269129717850962,1.2867126508847329,1.6832183176686928,1.525621986466829,1.8214902614353294,1.1729703301166283,1.3765574380449563,1.50238119804744,1.5376951630618292,1.8221254376856193,2.02508192843633,1.425197156020292,1.3181679017340315,1.710404615315809,1.609894846513074,1.7667214563900122,1.8310855253517206,1.5625597575606904,1.666201146460032,1.2758267895694655,1.2948759824646479,1.3184219477539965,1.9495563432930407,1.685786110077711,1.7391279351478428,1.6588699304292491,1.6624738223629605,1.15978807728453,2.162482194171227,2.2190202985315532,1.9728949935926936,1.4706444852063199,1.2999553605454124,1.516505768991135,1.057529938579535,1.0568849675092575,1.4413964358295366,1.1946433724399645,1.265969493501064,1.5185166232012555,1.7168952513396918,3.42385964915982
Feb 2001,1.825719865997491,1.4749891224047584,1.5537230109795794,1.3364629251725118,1.2722962754497087,1.3484876427671513,1.3995221003130842,1.585409690698397,1.574035547078298,1.7190394897600334,1.5971069242972944,1.1228962714923778,1.1458107029135627,1.2383143549774591,1.1689383006428127,1.156827526305537,1.764016995531732,1.7400668177940608,1.7668346939937853,1.2411635115404687,1.2076732392858838,1.99793948027287,1.7024718543599782,1.7838625522989147,1.8599683153487976,1.786406605942089,1.333989389582245,1.2802744084506037,1.2666439337299014,1.6885353288252087,1.4381659544537944,1.2134591388037759,1.1425200369623154,1.5177136431062206,1.2614192055207298,1.3985001877619851,1.771234098673771,1.6521411658288085,1.7164057523414007,1.6656631529589356,1.6060795622721826,1.8714748013834963,1.8256762504505522,1.6319364927624378,1.4947284201085371,1.4323771832967904,1.7158028661642266,1.8269574327715492,1.3727966329406465,1.3936934474733145,1.1955059181892875,1.2768684800634864,1.3850867510691651,1.153200603242687,1.2032451717265915,1.1434643509241997,1.3823192244958802,1.8440428997933547,1.9894130382868174,2.0584004222530865,1.8864774473840549,1.890321384076475,1.5906538533069994,1.6111099091812422,1.2419168803874245,1.2266622945964685,1.6659576584998943,1.8729183363510649,1.8261982111738142,1.8909470402223747,2.054226084973077,1.8461401906008958,1.823557101603534,1.4748199344933248,1.005737243593762,1.5608156512885536,1.9468592083680238,1.9835788178132285,1.2991685668947244,1.3241903953359826,1.214148215108828,1.3280316689568845,1.5342900408510562,1.484751429193722,1.3613668339017768,1.2761596606514198,1.464407908041177,1.3701501173080113,1.6554383744168937,1.4171844328995886,1.3604791089291592,1.6202170291997355,1.6732534968058577,1.8028474764107811,1.70688199537673,1.6674682438984987,2.0701659100719128,2.078465279638786,1.2825495476862763,1.2278822195696697,1.3863023511741253,1.2229607261987947,1.2322024283561708,1.3049678422527566,1.6691889873868107,1.5781566071849757,1.841875779496008,1.2391122900934894,1.3949045488868965,1.5432999458962429,1.5608567448089263,1.835851287363385,2.029104614702452,1.4617253967704014,1.3353258594192996,1.7238927391568521,1.6447807087684203,1.752953675557392,1.82190475474139,1.5562855993203846,1.6972000982678872,1.2894775258300002,1.2618924364567619,1.2803676734083123,1.9313205900880315,1.7072545613523358,1.7521231965718342,1.7294184693270611,1.6830225269513863,1.162383001094952,2.158288358741597,2.1425924716435145,1.9683599632296136,1.4791170004660221,1.3094083320979928,1.510284286121778,1.1125312120861954,1.1037387116464352,1.4212108701689583,1.2096790539032358,1.3249124100878857,1.52450412716231,1.7217605657045523,3.6833039363574858
Mar 2001,1.8556984113891073,1.4857642938057063,1.5761871231679179,1.3618753163648414,1.2448623968590575,1.3226042435633194,1.4207435395647119,1.5989160760508265,1.5868747430393124,1.7064652558740099,1.611763136150245,1.1068273055922628,1.1377491073162918,1.2688119209816513,1.194498341361662,1.1686909246565622,1.7808155677443487,1.761492366102622,1.8054639372397012,1.2474126657924123,1.249351424700619,2.011202347944549,1.7234585119942083,1.8058757945118866,1.8882766885870184,1.8038739883597352,1.3388419471521116,1.2935084994421235,1.276976383998517,1.710970356178241,1.4577669079816098,1.212436358155618,1.152156569118158,1.548385836475096,1.3006947380439626,1.3404549437650337,1.7809766135727518,1.6887579213009112,1.7771694241544431,1.67163586477175,1.6372891218091905,1.8894159394875105,1.86578300966049,1.6569417064750311,1.5164469550188684,1.4481812061927144,1.6913024619934969,1.847309302819103,1.3412743702439933,1.3757225997923488,1.2137742116210022,1.3013662938187562,1.392457773186486,1.1737619471854197,1.190114705789261,1.1386208770631494,1.3967468061273012,1.863155718303071,2.0649859348739716,2.08287570443147,1.8773617173398585,1.9259752255100955,1.5959554745245035,1.6272406666797359,1.231540875577826,1.237881142502146,1.695529257787033,1.8803856976742326,1.8493285768724315,1.8901580877019608,2.083330503986037,1.8997859216999253,1.8240973637477345,1.5000630059400066,1.0292322729846417,1.5586665838543647,1.941966574346043,2.035476858459748,1.278523489569654,1.286072115230058,1.2269868528627634,1.3291920169059825,1.5700873648406488,1.5067045097010903,1.3975985406217206,1.2562020422216427,1.5136248340343463,1.374850970979441,1.6636215146974884,1.4328546354366685,1.3936240247254916,1.6485981737945385,1.7029966003065409,1.7968192160733085,1.742558610009985,1.6995046531635358,2.1618372361975284,2.059278816483172,1.316107926461396,1.2167480147531249,1.4411856823397151,1.257637051284876,1.2581670823766027,1.3403318500508172,1.730258899029359,1.5932263480544526,1.860226183473121,1.2377387532986346,1.3600609860850257,1.500739509754048,1.574440555029521,1.838942385801031,2.014625588556528,1.4557581509365165,1.3638593469536913,1.7512158577824974,1.6491342774299753,1.7541529735179355,1.8418160530917955,1.5965823544814024,1.721481432146023,1.306221949921789,1.245643760152432,1.2904077293366873,1.958683760266103,1.732009453096133,1.7766141256542107,1.7018930115940387,1.694257333219403,1.1613963282631383,2.1920249659152726,2.231464271917814,1.998284062300878,1.494008085066127,1.3211389451542763,1.5499945507029025,1.0872940243930276,1.105451812950928,1.4682373752197573,1.2225614134577496,1.3181226403973163,1.5571214409595089,1.7220897194169569,3.6645476034554645
Apr 2001,1.8693522608581357,1.4978107231786812,1.5857536889103958,1.377285361127257,1.3034036199610501,1.349637576620345,1.4215765372685445,1.6067217639132385,1.5808741844823955,1.7427436813480117,1.6231081040584254,1.1681227321108743,1.0978426421810594,1.259971319805241,1.1833904507608028,1.1931298787892863,1.820909891593853,1.762708005393317,1.8234572214020797,1.2792497135583056,1.271175243896313,2.07571882014486,1.728308910251944,1.8370977645128228,1.9297288564581516,1.8202345254517194,1.3650876687062912,1.3069195924186714,1.3060945394711092,1.7281405225942752,1.4736329581376297,1.2083398923824342,1.1931990755929645,1.542965075937355,1.3055377208339067,1.3744358305265019,1.7976167878795262,1.716675562808629,1.761650314907069,1.7195142631726101,1.6544004932076888,1.8799830084062334,1.8991287348437276,1.675284918159703,1.5475622988954554,1.4772130509139134,1.7503809418821756,1.8490223627567224,1.3704065574868118,1.4078377913152107,1.1960610373782248,1.3483235763156673,1.421478122735072,1.216148540231617,1.204750841253671,1.162433542833989,1.4415335426266365,1.9087406242741494,2.104790259432241,2.1157354786656692,1.9666932953685177,1.9377773700792333,1.6269597211733238,1.6644971728084375,1.2227746143923668,1.2446809659451146,1.7096951111843517,1.9030244677740074,1.8700769787551126,1.931529983898346,2.1326008174294975,1.867509350269677,1.8671275065659532,1.4795476025594423,1.0094379217577425,1.5914938182529084,1.9679042965301272,2.0278815757421502,1.3527652114508446,1.3198848453686411,1.22415150482921,1.3653174261224168,1.5818340200840015,1.520086275266591,1.413969082699059,1.2680709169507505,1.6032562921081628,1.3924648131744042,1.6985019170610947,1.3869215266207875,1.3805651772102105,1.6616588791945932,1.7039893540256235,1.814728223963654,1.7293069210822112,1.7155485003262636,2.1663394811843664,2.0401375332857894,1.297456593153367,1.2175572849925516,1.4672527434705678,1.260953069937676,1.2294552376853551,1.3793674140679315,1.7390831559194688,1.5844805005248876,1.887153334910289,1.254168742837399,1.4332334729970384,1.5272631166046657,1.629231624372752,1.8788747034872695,2.0752387733361104,1.5231515872228119,1.4050183269386363,1.7579552260755347,1.6592904963043722,1.810939278930596,1.8483143614533417,1.5937075386135622,1.7543672321073125,1.337028108387999,1.259032297974918,1.2947068616527386,1.9608228075975782,1.7405032421298903,1.7988151741323564,1.745208372677949,1.7228369427982757,1.21871247550093,2.2185698701736416,2.293734116983993,2.033738314719957,1.5032956046417263,1.3344661501325779,1.5777705898540875,1.0701986805135386,1.0848460121535974,1.4352388145054569,1.2599669553654462,1.331425755223897,1.5484587088023403,1.764611994327001,3.6494129881686868
May 2001,1.9060381774801427,1.51665585454465,1.6094175539430353,1.390220072294504,1.305636039675979,1.342624438439383,1.4611473669465633,1.64436047060703,1.622958755461124,1.7662864570516836,1.6486383617910176,1.1261936147870342,1.1567491445678657,1.2579458626497342,1.197521135580899,1.2071237636227419,1.84962782439002,1.7867897487648559,1.8371715012965517,1.290721705124342,1.285305684418937,2.121312256322494,1.7512259961334844,1.8659835183402058,1.939514253962809,1.8384369462345578,1.3611052620680935,1.3497506384514728,1.271516930323138,1.7467319971531912,1.4922192715952516,1.2363007585773957,1.2159475166054294,1.5589978004241531,1.3352669759413458,1.3822587674120566,1.8387337129381327,1.72635182074117,1.7926307221836562,1.7343488149049784,1.6671679916161923,1.9326489624598022,1.9128102994488394,1.694385084976495,1.5439333501671795,1.4977755155031547,1.7745658056175577,1.893784764602202,1.3689986970117534,1.4292979601142812,1.219509784771831,1.3034659157162465,1.439764839502498,1.2191499059345896,1.2108258138437868,1.1785441581341793,1.4443231524029625,1.9024433925241007,2.15435073686376,2.1570400735758173,1.966593891013376,1.944122257375653,1.6621337287125306,1.690170963390891,1.2512931275572825,1.267502156784703,1.7387810359913878,1.941609711780515,1.8896680448938663,1.9464009551709396,2.143608271651156,1.9352839173036918,1.8844734113183756,1.5428282741450337,1.0482164314385738,1.6118270011011782,2.0011629673307687,2.061884747779549,1.3350091968195346,1.322830236468188,1.2376133533957632,1.3774812817835753,1.6473069135002074,1.5290542394938864,1.4158250426093502,1.337487450585117,1.5683545523703086,1.418661992600571,1.7389725108523812,1.4307719801344607,1.415161309802351,1.6888131424336095,1.703901148741082,1.8650140572237774,1.7601654119501724,1.7481901225558507,2.1325735169468594,2.1521033045969693,1.2961867335966548,1.2778883555424954,1.4924842680212764,1.2668800966888687,1.2573595097193002,1.3697343693154502,1.7608687765885231,1.5991113206063252,1.8951598305788657,1.2500006058617341,1.4224290471959646,1.569144673480181,1.6346790890094391,1.9432848598878265,2.1119262028420525,1.5269812207307742,1.4254989250700192,1.7843059471055165,1.6747017664384147,1.8283340717918042,1.888906648373969,1.6153434431123737,1.7943188437742048,1.3674208205956357,1.2584301510348033,1.3292745285753076,2.0325961156106365,1.7720263031302004,1.8103228946752983,1.7489492275682763,1.7396788057184922,1.2177640116168411,2.257140355456896,2.2870827345413347,2.0387492310830275,1.550779037308819,1.344636028296656,1.5706405160361339,1.0979781786938805,1.1438600522493572,1.4797497466579927,1.2632951807603727,1.372994100741385,1.5855914847783306,1.7852901021750158,3.5611685154220045
Jun 2001,1.9298236467856265,1.5470479058566775,1.6311996708363476,1.4007610444764185,1.3201063579265078,1.329278133439116,1.4443200577688935,1.6573710916284845,1.6657828633916754,1.8030040519329051,1.6737070720778318,1.1558984096394702,1.1622307456614944,1.2859424484878164,1.2170978356715736,1.2040544313385158,1.8947185603345187,1.8034259814209206,1.8590880687953208,1.2896350354292527,1.285504581069128,2.181043758902272,1.778284400636058,1.8860412381606322,1.9604404739320263,1.896201698311442,1.4088965558979867,1.3022965437379919,1.3383013114723004,1.7738860577443447,1.5365419962634648,1.2521539389660914,1.2176810838504315,1.5890447960986707,1.3284638554199357,1.441183160120247,1.8355221626962328,1.7684536589181186,1.8173259549539669,1.7671263163354263,1.703149290143053,1.984850297939442,1.9514955667950762,1.730932985435342,1.5755017906396047,1.490716132983532,1.779563810650744,1.934939223649583,1.4341182158343952,1.447306044910178,1.23250191637742,1.3441692430989882,1.454727595920246,1.238910931513513,1.2336256191181956,1.1871996836353371,1.4484159858692995,1.9575150459423598,2.148969259813474,2.1967075180173787,2.016374753082423,1.987612831417574,1.67999535205937,1.7074913759887078,1.287373164615282,1.2971806509481019,1.7589752014637077,1.9621340964934435,1.9373654273559002,1.980672203368657,2.221260209530632,1.975626490603738,1.910496218346839,1.5492681791532645,1.0382101282936353,1.632966753439778,2.024197047583734,2.072611642981469,1.3537179484740616,1.313323239106713,1.2543050083768688,1.3980358959811674,1.6511451993834307,1.5700474289392305,1.4456323371365842,1.3068957157662373,1.5421987991662136,1.4358246598474316,1.7372653299061598,1.487858059047806,1.4116155895563112,1.6989613701209783,1.7402988451654118,1.8711838386850215,1.7988044599974122,1.7471739338039904,2.2066265466632,2.149073351457706,1.3445410366502821,1.2582099304057344,1.5244492025520182,1.2864468628620942,1.2832823376267943,1.3844835796626704,1.7918533215784778,1.6327737305136785,1.9281734571346185,1.2620370759975101,1.4412073881356169,1.6097521960108703,1.6673673776659759,1.9553311249683345,2.167536547516461,1.5602827749339834,1.441502257744021,1.8323810780451535,1.7136623341880977,1.8859394755958352,1.9350118204311582,1.6534970719578765,1.8105751364616829,1.3987353598537755,1.3045223836013544,1.30597740976431,2.0677258529222,1.7881288178296013,1.8393619802633114,1.8096489612780378,1.764278384482214,1.1976718158615547,2.274422091232728,2.3097269133585643,2.086194575684775,1.549280318952643,1.3776431718737836,1.6259093171052408,1.1170211915352193,1.1201176077893549,1.494778931369357,1.2566093291555978,1.4054001546860095,1.5993877033114932,1.810342554760058,3.9182918489093184
Jul 2001,1.9437827992565064,1.563907741848269,1.6301490411408357,1.4281501471397653,1.302405240653084,1.3570693300033032,1.4638444850295718,1.6599136479072327,1.6418119280919239,1.7941485699265767,1.6904639647585928,1.133878447025278,1.184511910330391,1.3040508792234564,1.2386792683463428,1.2382604906561199,1.8827052519800216,1.8253978079796669,1.8961254441839994,1.306255660457906,1.292489382083093,2.2130949981617003,1.8259080421263498,1.896534626805671,1.9830188635519592,1.9117100489272574,1.3944237643977135,1.3130772530068637,1.3184940215483052,1.8068178343859194,1.536316745173821,1.2743386871384497,1.2203646801662518,1.6093606370431968,1.3301242407376577,1.4377247069723715,1.8601464492996684,1.7814124880364177,1.8274598120131986,1.7980037402499187,1.7145925073263837,2.037549160523088,1.9414835043002239,1.7243057600624345,1.5817544584186056,1.5082449403249918,1.8024420041223654,1.9492391727542235,1.4019299291510143,1.468783881392058,1.234671594508444,1.3518880148022931,1.4704805606628235,1.2295693421553318,1.2464733279778175,1.156672876447809,1.475349864287014,1.9731852565061194,2.1575754308669137,2.2195718880952633,2.025667819184161,2.038941047861517,1.713553217151648,1.7286550422295488,1.282688384816412,1.2637573596868308,1.7885719051858837,1.9684986047225792,1.938224381439572,1.9930166220485448,2.173834703571245,1.979455367756323,1.9197254221388353,1.5632042653382932,1.0443739939191548,1.688876060451519,2.0419200464544076,2.140269592519662,1.3596839055646985,1.3608976190147481,1.2501943322303544,1.3769792769438902,1.7530457401178765,1.5689308043891765,1.4856586974827029,1.3604294542358029,1.6514337839561688,1.4465923639655869,1.7291359876565113,1.4830535641579863,1.4450710825550797,1.698304785285308,1.767661497776336,1.9071304181253352,1.8247658549771182,1.7443086150446725,2.2440510190231597,2.1906539384440236,1.3766445739253286,1.2735259906081393,1.5032309927886016,1.2834546934197157,1.2678819483304864,1.3922635933604988,1.7834364135450917,1.6540270058524071,1.9633416734517521,1.2747381879339879,1.4538954754353057,1.5937586948589233,1.6940861917080456,1.9995284386773626,2.1836387614051023,1.5496183186114787,1.4915011645869365,1.8343253147407022,1.7747305645652007,1.8918163543990407,1.9327580591052493,1.648484835894799,1.847322021182323,1.3833905245248823,1.3110409865454644,1.3432207305401564,2.0679357979767334,1.7971251816119425,1.8558744835710317,1.8335566428823045,1.8226043890978147,1.1925801277337214,2.30762385884931,2.3297605196980715,2.1046863013785773,1.5627290636699445,1.3854188270704946,1.6440151352559715,1.0886638050622308,1.115217421742199,1.5239235203592643,1.2857460228318653,1.362696839468037,1.653813615164152,1.8365350900251496,3.9157780938813818
Aug 2001,1.9678397348243089,1.584476767841664,1.6761658255637009,1.4269675701399502,1.36019973021726,1.352218256941961,1.4872914206697152,1.6900056965474792,1.662087877528325,1.8413438966609699,1.7264136478728336,1.1536027361457222,1.1416332288231057,1.2951800650716956,1.2464337431983763,1.23951072601069,1.9255347910920237,1.8749568844174693,1.91002758661104,1.3227517331525402,1.305229625539888,2.265875743620687,1.8341554978533068,1.9590770028186038,2.01079145522907,1.9539317167935517,1.4171897443952635,1.337257635906637,1.3331940776518445,1.8383522571079516,1.5332476304502571,1.2621180220537094,1.244450446965021,1.5975959110461453,1.3733207853139373,1.442150406724725,1.8983897961111131,1.814644236371487,1.8513114051526027,1.827736416130004,1.7630802880470822,2.003960820385219,1.959006682569584,1.7793999338385447,1.579545608975216,1.5316298992887234,1.8286956704798034,1.9738645858551331,1.4472406756580825,1.4820757021511746,1.2481133208533453,1.3909142159131835,1.4900609995055631,1.2391610220873082,1.262448323095227,1.2032504190874609,1.4962013461892552,2.0111245420042243,2.203540988778418,2.24876050590803,2.0627043936979024,2.0707650562789457,1.764901379342771,1.7701764483056732,1.2849304898489187,1.3313888697400078,1.8004032649323987,2.001486742140856,1.9685170215491306,2.031354140517386,2.264122305384312,2.0104696324658144,1.9406384963761998,1.5555388443881504,1.0374654484148078,1.725705123649384,2.0833241059014678,2.1513130134346157,1.3501187135393207,1.3697752680511666,1.258421583977852,1.376104906012956,1.7123249212779483,1.5948421565942799,1.4833450803147958,1.3830450298111243,1.634729553527536,1.4795330204137722,1.7545551665636405,1.5271590612342234,1.4475459887828581,1.7363704861894924,1.7607593093363842,1.9453073966167294,1.8577983468725887,1.789569834881517,2.2267667475408515,2.217230929815882,1.3618149844663816,1.2636209712179598,1.5619240350453851,1.3217069591624937,1.301604753174051,1.4537782313524796,1.8105089571167712,1.6674324630631867,1.9935273203989337,1.2975830625144318,1.4617230823287948,1.647141741191033,1.7256312215315002,2.004190398568819,2.1919251509241215,1.5969688051392597,1.4947935684101514,1.8481743704765312,1.791932368306864,1.9680192713592908,1.95771249801105,1.6911862744282327,1.8652397821946765,1.4204812534320712,1.3299772320553138,1.339306590791721,2.102333887785051,1.821806010775683,1.877572040592372,1.854482554200578,1.858378304758308,1.222626925226791,2.304003489169862,2.3306129521874714,2.1376104560822133,1.613594622650073,1.377273843178926,1.6735951508615872,1.1289235502342547,1.1494960979836462,1.4956209575713268,1.277487074617518,1.40406807389003,1.6853758951294757,1.8868614758319537,4.044365658955521
Sep 2001,1.999748313839436,1.5881490329387968,1.6901599793595148,1.4413754950578588,1.4044175323696149,1.3742304154193803,1.4885182779077075,1.6996966824330109,1.7020624090396608,1.8683818902421963,1.7462274878964188,1.162489363531048,1.120003223703975,1.3044211375190098,1.2619292333222656,1.2480613552574713,1.9720850563603134,1.864407505775962,1.9338070781618766,1.3081063144898362,1.306145638844181,2.2994946583666644,1.8409222625931079,1.9613061312200901,2.0431153014058125,2.00486826243458,1.4123274091082492,1.3434937981609958,1.3358058872655734,1.8533215789985849,1.5700956740865235,1.2845893009925768,1.2378727530423184,1.5844952530085026,1.372738034596542,1.4877057266042222,1.9551001378945334,1.8397082012840313,1.8941089365287622,1.8241391851513056,1.7781918100627592,2.051684477573946,2.007965623006294,1.7681803698030125,1.6159698953105457,1.5393798475158191,1.8822402367526807,2.030914758829701,1.4572547093618526,1.5025834166997134,1.2901802747376396,1.341094159803035,1.5170875657362857,1.2400270753265283,1.2793354146201512,1.200843507432108,1.5024966115575715,2.047303998400354,2.250247197412008,2.2879264198195757,2.1015157808441147,2.0837874208029454,1.79006375638037,1.7687577281843543,1.286469364241334,1.298779958203479,1.84300377719042,2.0107196484309844,1.992995596326472,2.0363212896622733,2.3097274942698784,2.021321793394415,1.9563561491031216,1.5871867983007986,1.0378796449117553,1.7289594164318516,2.105314229854664,2.169246611117356,1.3752268978681246,1.4298172818618462,1.2938494706386414,1.40482664632677,1.6990023540983326,1.6166118328238395,1.5067960933462548,1.3468543474475498,1.674179307767686,1.4714010610686126,1.765256599826134,1.5432656212718938,1.4438854673322243,1.7883231561758375,1.7958491402000203,1.9363175337974912,1.8639493686929522,1.809131426407875,2.247215690557212,2.288540030638846,1.358579885951695,1.2794459734602024,1.5529520363662992,1.3362652201136607,1.2912079352916,1.5030238202267234,1.8352462068310116,1.6927238899012025,2.0216078325974673,1.327166045902409,1.5012055647673885,1.6951554209275592,1.7787068180278252,2.046986038977721,2.2194473019763357,1.6521941781016816,1.5281501713661763,1.8863746820203655,1.7851530942392515,1.9178022301733904,1.9613678042296054,1.6995663447301952,1.9276344675676922,1.4617879316072888,1.3178169683971332,1.3880746864180578,2.131113356292402,1.8497575764100964,1.890348848076684,1.8797969172732791,1.842137737514005,1.2441928122825938,2.3584495325320995,2.404199197746726,2.134310842258286,1.5966529188293617,1.4178535522761202,1.6714525747925353,1.1195095732006364,1.137084898994563,1.556422232428313,1.3229189281006397,1.3839925371597677,1.692752050195155,1.8803320459957908,3.936694669288662
Oct 2001,2.010811652449963,1.6081119113695845,1.6864530830375235,1.4665169282914277,1.3402649068020651,1.42049122709434,1.508966473858254,1.7052246554450121,1.7164000531555983,1.889466006891544,1.7556014554242716,1.1632875996320653,1.2102688213255546,1.3359014565277898,1.2881398096413912,1.250010811024843,1.998008743640624,1.9028624475616782,1.9596989001670382,1.328306699333456,1.3436159977463855,2.3269678224243333,1.8797978459529863,1.9896248003460357,2.0605208220866524,1.9894392475446372,1.4238604222072084,1.3575512958504639,1.3650858774540404,1.869201526785473,1.5710113683231512,1.2769339227119734,1.2279723555641595,1.6250841151932671,1.36420106728343,1.4928402592788188,1.9337986317670257,1.8498213464177056,1.9215038520063428,1.870561140905661,1.806084914979016,2.081491463012465,2.0080266950386036,1.8242555537433374,1.6159455235952525,1.5668313461949392,1.91059139422995,1.9976407140611336,1.482357448913946,1.528569424567265,1.2683536667948057,1.346116387872527,1.5249121589170458,1.2577941660963412,1.3080906023610146,1.211452169523202,1.5188190404572648,2.0675659397316926,2.2240109577186846,2.3131086403766568,2.1084653331011314,2.1193730683205154,1.78940375111332,1.8254471843768765,1.2934380716959115,1.3227714901159557,1.8536155386616593,2.033837914094717,2.00459334703285,2.061822224200659,2.3526792493868505,2.040604989682996,1.992616882742624,1.6032503571662355,1.0797695062783845,1.7608872285105597,2.125309358401455,2.185239440720204,1.354081651036809,1.4800539965903643,1.2745289560042414,1.4204727533318993,1.7441606937200638,1.644678320244468,1.5749396326858842,1.385948160902681,1.7585954153382237,1.4993390805485842,1.8093406753003114,1.5254913228683606,1.4783273183151229,1.7732423119738305,1.8103442533932523,1.9843678742565432,1.8718312825089964,1.8179990296362079,2.275641778761269,2.2609397342467643,1.3852962799000916,1.2969619022796688,1.5964928869088086,1.3331477907764755,1.2962582359104469,1.4495508623942168,1.8537605098647103,1.7111367730557598,2.0268207760106693,1.2775122269520949,1.4804758097918576,1.668218846577277,1.8003270828086861,2.007280041755422,2.266274226966111,1.6351384713507422,1.551562925276874,1.9143744318305334,1.80613238862887,1.9358396411922787,2.0035738228614424,1.752326943833481,1.9098091782038722,1.4513918186853263,1.321665980883308,1.3989626869311587,2.1834376389053634,1.8561516321506197,1.9090609755631451,1.9018626517644595,1.8801636949718827,1.232220799879603,2.3790268717021337,2.3501433308911195,2.1112450638265496,1.6509118940610241,1.4444849394460342,1.6743030940860668,1.134048308241457,1.123795576171366,1.570127153831174,1.3224119171355697,1.4557565398086183,1.735628109290141,1.9194340853722665,4.082082073264752
Nov 2001,2.025015205987572,1.6371809742690588,1.7190967970778113,1.4901525990702937,1.3784332552506688,1.42703366759332,1.5285429048035504,1.746428718841507,1.6876891131062268,1.8895233071223054,1.7853930193828838,1.1843253998107355,1.1568206656898257,1.3508758221287445,1.2653159913997216,1.2504422678708094,2.0255734355502018,1.9103341823734115,1.9737593292775129,1.3543303843827963,1.357005981333837,2.3267487546717485,1.8858355287470507,1.9927128280030388,2.0802099896699646,1.9795635865802772,1.4104133920466069,1.3502151765290358,1.3655172448799369,1.8935455160011954,1.5911030670369641,1.283524967389766,1.2609799963044979,1.6646210369222503,1.385777247316128,1.4801417858379837,1.9726967517167524,1.8696228189829576,1.9359473872007669,1.8798605928065044,1.8332923551567595,2.107892275761155,2.0327829323373714,1.8282019544092372,1.658042280136554,1.5637410400076293,1.8919240257790402,2.049739769828398,1.487802437055421,1.5279411005081245,1.274580092947994,1.3880259218116373,1.550222686848655,1.2689552735392504,1.3203009874183866,1.2280552604380766,1.5558681290314986,2.099215054198709,2.2467739171211454,2.361373033309582,2.1393102610450865,2.1356255411507385,1.806961421804176,1.8384988999453125,1.309085130086187,1.3220672554222896,1.8607143242115551,2.049158693847372,2.0196642181048325,2.089797072523821,2.2603640365312043,2.054929081774043,1.999246592968414,1.6329025916911972,1.0821788858950838,1.7832854065664001,2.1514550025358465,2.2083862046445857,1.4000307906804605,1.4520495692767112,1.296091819174134,1.4417348222590678,1.8220062817360996,1.6483506229916356,1.5279541017212517,1.3958761604888363,1.8265031444962019,1.512887770170641,1.8300404151233103,1.523160049577479,1.4840918829348633,1.7967792389173451,1.8210817478486183,1.9787360945200714,1.9196618472162676,1.825096300229952,2.3022846838166813,2.2616986712678258,1.4058539247540898,1.338327576476352,1.604404424219261,1.3558720072508232,1.3327249530648089,1.4955548175008062,1.8569966710448678,1.7462439100857934,2.043524084283881,1.3266800892943482,1.5186128449548246,1.6976790416173209,1.8167996912579423,2.0244216999164,2.246538778729046,1.6705666215069188,1.534892108274871,1.9408707910418377,1.8472895742269324,2.002399280220895,2.0281494673871516,1.784618676682179,1.9361304028139463,1.4295322566201145,1.337792765844576,1.3942173757218619,2.1808639991084364,1.8903483911725865,1.918957463196292,1.8997813897127218,1.8937265092981685,1.24455584249528,2.373414832385447,2.383775518081414,2.1338344108795138,1.6513673650132072,1.437242699447042,1.7092154332766802,1.141620100115102,1.1474681667639632,1.6148480475496905,1.3394016420808696,1.4479615500747185,1.7708837596883116,1.9208012589360917,3.995901313020442
Dec 2001,2.07547555261432,1.6523559141179316,1.7108849339368672,1.506405705015156,1.406111428339707,1.463497567053241,1.5485283200840265,1.7650850374290064,1.7202973086949889,1.912702242931366,1.7952892188117002,1.1732895392922396,1.193171302931759,1.3526288170962102,1.2871056326587405,1.2704815853302844,2.031559432043791,1.9377784595478234,1.9790098933611562,1.3745574824179685,1.372419666372922,2.3231450414239427,1.924069138240482,2.0357088173930666,2.091680511011226,2.030096727953223,1.472058992770999,1.3807793795959027,1.3994471804505966,1.9146967095458363,1.6295601747764785,1.2979826624555584,1.2837796368084922,1.6664532036960493,1.4168106747876466,1.5015389544638051,2.009288069603422,1.9008908022749784,1.9765892447731581,1.9036375811962472,1.8444437623059147,2.115585057065842,2.0838619978814794,1.853675221071016,1.6460484434912925,1.6010455444416352,1.9388553489619866,2.095829202543677,1.5329988932383767,1.5516357609000258,1.295993069352598,1.3852032096350941,1.5820574774828302,1.286990574149138,1.3481595358274234,1.2736706115043932,1.562938661377196,2.138705795094349,2.290294462781694,2.4569379468673995,2.18483476508917,2.173576467781324,1.8395360301099213,1.8781082639417235,1.3301541247811848,1.3471379792920324,1.8676242571721966,2.070847206906377,2.0384472400606835,2.1165422599796235,2.324636495939928,2.1181039869343943,2.0087208438680917,1.6256851366849854,1.0889509522036962,1.8237247184924368,2.1914674771930014,2.2136892354366617,1.437711717185914,1.4272992561915898,1.3531135802092074,1.4505532867048736,1.83609720446729,1.686323411789421,1.6208939087791152,1.3904254238720595,1.7944050520231505,1.5356509334217732,1.8590139269763177,1.5835480388407543,1.5038785094794382,1.8273200603748927,1.8778290020181467,1.984939047473937,1.9323411873731133,1.860470840773037,2.283265956807181,2.2965295322984036,1.4282288783043835,1.355749639315238,1.6285553089879976,1.3702056656906778,1.3568356230088912,1.5900959272930177,1.8999074353166538,1.7725823631806268,2.056403237476807,1.3158949379484897,1.5380285153016326,1.7567249600106527,1.8697187585146888,2.0338046902783167,2.266544032646423,1.6939521032220994,1.6018555609251803,1.9570990939575887,1.8599286392504373,1.9673102242127072,2.0613117176929476,1.8590014252300182,1.982404352028169,1.4965900949467583,1.3394300245424806,1.4123389056171662,2.192948096180262,1.925027155562136,1.9435156929254105,1.9869744270036054,1.9417330952615521,1.2787482817580353,2.39802476718831,2.439604380379837,2.18829733356005,1.6544388713857825,1.4864281123313647,1.7218330180012276,1.148342470206604,1.167061035886547,1.6044472354118218,1.354561431324296,1.4682491459025828,1.8083044685183558,1.9504665953746556,3.790939646903425
Jan 2002,2.037234830141208,1.6326865940166977,1.7235224118898846,1.55260117668493,1.4057821980684466,1.437948298117211,1.5294321608869634,1.748400315011713,1.7236957059924858,1.9265405152632191,1.8010543026474046,1.190584674421078,1.1788116060461182,1.3597032249158363,1.2757466653806373,1.2659431259267164,2.054598616698366,1.9489170700637763,2.0013018277013668,1.4159092706873362,1.3586847415301175,2.3026465219135535,1.930882570440901,2.0094740696633093,2.122284093914664,2.0278303387516945,1.4640950931942054,1.4005139000272857,1.3971867391314843,1.9309291359707474,1.6269894134160383,1.2948103545723222,1.259806382089283,1.6904535465178483,1.4219530709780572,1.5169195308411865,2.014965265269733,1.874076048743699,1.9366977285755165,1.9149450616046264,1.8370813375919384,2.1662437373793813,2.0530771972760813,1.8612195224929153,1.6360212835304113,1.5936604891667188,1.9295822666110403,2.0709804050031253,1.4830867416300357,1.5397005339687357,1.2749570876454406,1.4164123305746774,1.5742796338315173,1.2955609984120482,1.3498118400966483,1.2321913817925492,1.5545905849887798,2.143642510647258,2.315524824435261,2.3842470226207637,2.154775179196204,2.2016699477877113,1.8407846415020293,1.8782828008711652,1.3769384064646384,1.3528002835696114,1.8890713330637718,2.073148769056361,2.0329004402481936,2.1011498351201463,2.3651980797743084,2.0852573211963223,2.0135754265212817,1.6458410091025115,1.1019095550908569,1.8399603936933775,2.161996728869529,2.2066428699947864,1.401568760679803,1.4396636472429962,1.3093359409432779,1.433454398465511,1.7969752068141174,1.6741968576672308,1.5982474925194639,1.4689041804693697,1.8767164556511717,1.5382797985620202,1.8535595716046003,1.5640819310415464,1.4886107549841199,1.8270074345011829,1.8289102055081183,1.9991130145226852,1.9583849985748822,1.8782425078579725,2.280169312976411,2.313558607754213,1.4252337541491231,1.3127753540305254,1.6116854078103835,1.3649227092532197,1.3539464513650765,1.5050751087862533,1.8872513459877507,1.7244617140711616,2.065595658866815,1.3011599004763528,1.5022592944791482,1.737202546589141,1.8132700235309638,1.9929361442437181,2.233582000353395,1.7143427095037276,1.5891577104149714,1.973209490890637,1.8694905884034017,2.000317043129528,2.0490623957876872,1.8089307175984455,1.9630206669549677,1.4814066455838013,1.3236604556132965,1.402900342142783,2.197795745053551,1.9102495609360488,1.9563745332136837,1.954983873135322,1.9243956040168757,1.2577181601250298,2.3765068898843933,2.404963414629859,2.115385938177589,1.6584822732866062,1.4581778299574528,1.7363059561183762,1.1531149232419096,1.169688320192915,1.5725872294505576,1.3686040912408586,1.4736891643271242,1.7660206999639292,1.9067374915238122,3.98829638959667
Feb 2002,2.0663972578345446,1.6437391997101658,1.7323324957761648,1.5292816869246726,1.4571657608033446,1.4782256267462524,1.5603794664247383,1.7870122561348165,1.7517706742348444,1.9469050325974802,1.8231073830941231,1.2065933435927005,1.1826772320758523,1.3792369050464768,1.309179342392681,1.2767744719404868,2.0471246079761474,2.0078483926706374,1.998570187163725,1.3775098246070634,1.3722999345945943,2.3407011774133037,1.9113027494584598,2.032603709842896,2.0957979675916856,2.0433836900213116,1.5123711475776047,1.3861196827010474,1.4235428164692723,1.9287778356461642,1.6507283559559343,1.3002066005477393,1.2809388049479202,1.6855642404100868,1.4048700098046658,1.516191838057007,2.0441339187654766,1.9119568556022832,1.9611792431741373,1.938682072851221,1.8542038252463942,2.1423210834541653,2.0504798583902275,1.8875415364134747,1.6306655446270057,1.616601676960872,1.924807578599579,2.1001549847344716,1.5361640696359586,1.5324957942291506,1.294113454753949,1.415256648421292,1.583202071467752,1.2955350907448477,1.3456184311000334,1.2232203508405597,1.5875457575156833,2.125386783735052,2.3195869163453233,2.3971197425101054,2.17180111239846,2.168028979331073,1.85720072188322,1.903454597689546,1.3305532748437738,1.397137919941106,1.8949659447387053,2.088011615214609,2.0627001015919415,2.108469511435303,2.4074749605051213,2.1108161926468716,2.023187690701727,1.6302267677453972,1.104441185767472,1.8135007284205584,2.178133855181359,2.2295885628468577,1.438340582575892,1.4680850626428812,1.3358939614165464,1.4367978111233568,1.8437286797108252,1.6897377255598425,1.6208928834239082,1.4233335110094532,1.94831552941234,1.5387978095907953,1.8648667671336465,1.553610123396246,1.4977806463483883,1.8599083116719586,1.8773800132313803,1.9916924333698354,1.952933176756788,1.9031619801208273,2.3311394888760617,2.3230732283233837,1.4408649088530685,1.3613961295593926,1.6439388763903287,1.3857216566708226,1.3445062467817632,1.560718966927138,1.941390074175477,1.7811583634082386,2.0693469692511632,1.3253105867429298,1.5540078563352562,1.7515905568125365,1.8457767360499748,2.078311725129093,2.245374392214155,1.7024815203505002,1.5956138385634362,1.9891864684247589,1.9019582970123152,2.0921482838235654,2.0532988111553996,1.846239388497496,2.0067552804491613,1.4530654262952771,1.3788390161283854,1.3938069300588258,2.1970091802419254,1.9555601169647945,1.9602459332827171,1.9727760621784378,1.9302654321566706,1.2718097369621906,2.3918977189419706,2.4109947428469236,2.1699133934034114,1.6607347250410276,1.4934471166574692,1.76387629987719,1.1496529479110313,1.2017653865870241,1.62115264826661,1.359937053769204,1.455914818596288,1.7814213535129648,1.9500670291659092,4.27356543290829
Mar 2002,2.1030311959127976,1.6898139417652203,1.7708510897269545,1.5292258403910686,1.4376850302821098,1.4891476061734135,1.5682081650793875,1.792048513382386,1.7831041573518398,1.9877068373269164,1.8541917553679783,1.19667653109704,1.215071996563429,1.3725117151883306,1.3051146811134948,1.2839869243752635,2.0868101270935537,1.9817860806099055,2.0350153587595963,1.391671086022248,1.3798905643861838,2.4206652724073563,1.9334546930891456,2.0653282165221403,2.1281598524490906,2.1409130686767783,1.515151917665919,1.395692580765519,1.4075684587677397,1.9736045143386691,1.6816934031798227,1.2907806720742618,1.2956938648809366,1.6980275351439906,1.449132749554592,1.5657867809816453,2.074935930912363,1.9405131308273003,1.9865847452824763,1.9658701509167793,1.8890256616233045,2.1576968374272463,2.07478547194325,1.8927796870001588,1.7053890678320474,1.6248913647395506,1.9693076641036538,2.1264966590806704,1.6125933081367931,1.6055012953222445,1.3055433192864099,1.470069370422851,1.6136081059353915,1.3362245444844172,1.3878858852672895,1.2654148609024891,1.6333135102874972,2.173807333476822,2.334980181712028,2.4945110908192136,2.236962844692666,2.1927863407358004,1.908411795630803,1.9443179793346583,1.3740633570683214,1.3988374585687393,1.9322613909031425,2.1170540355626395,2.073632000375257,2.1456324453881104,2.4185725923002948,2.173879840776278,2.065223601192044,1.6712875818714332,1.1105107909993042,1.869308288333302,2.1988860113673794,2.246175918732401,1.4610017576994543,1.5022841199064911,1.3505859890277023,1.496933070982941,1.9116786832040622,1.7370828848953128,1.6022909754921517,1.4965484997435057,1.8664482190057967,1.5856568696836906,1.919979644208994,1.6241516718339843,1.5366032672708594,1.8571042151680568,1.9050427073468879,2.053639735253433,2.0005855358640683,1.944086544759564,2.381443548684956,2.2981360128655592,1.466060908221891,1.3644063778276507,1.6879699319547394,1.4402094229596032,1.4204869086247318,1.6559251493017604,1.947383463069201,1.7908837812236122,2.1172317772353826,1.3548776608695934,1.5733141113743978,1.790597877115433,1.8935242112062818,2.1104980475193336,2.30863993539049,1.7659869729547764,1.6520898587272208,2.018950277998508,1.9297307407502131,2.0935889643589123,2.0906932032420236,1.8757789792684407,2.0422674839693675,1.5247399109304791,1.3265967553034288,1.411502414903033,2.2387782601287243,1.9599288486524917,1.9825359935240494,2.0011529303884292,1.9731158375703224,1.2468482612349925,2.4014008251252545,2.4154867784171454,2.14113843033894,1.70472841548171,1.534695756919427,1.79484601068169,1.1874142189639232,1.2062941030564256,1.715118330496391,1.3926143269111326,1.4732690818619743,1.8310848063948764,1.9847215826322067,4.563925288621915
Apr 2002,2.1265163844233483,1.7158936668163287,1.799746424724591,1.5993962705928888,1.513483374569983,1.4998691372633752,1.6012678837133452,1.8327836355451732,1.7958744830047302,2.0096826154006577,1.8890424662525591,1.1869545320683303,1.248233352154011,1.4061401181176714,1.328522245424426,1.3079215450836577,2.1343957858007263,2.023296462259842,2.0899327405884875,1.423352765036691,1.3896511576491792,2.435961544055289,1.9623989468729386,2.109464575957394,2.1676466928352713,2.1232861964723497,1.5500513002661487,1.4098928642083142,1.4374821825832225,2.0078031446742024,1.6871487424509644,1.3184441885120615,1.2928603986313478,1.7418184741783374,1.4621242263438419,1.5923927181348847,2.1018269898812854,2.0068994318497753,2.0372669112177904,2.002301131757517,1.9416972617794204,2.209217257008085,2.1163385529834167,1.9312777474004517,1.7155346605668438,1.632641067270076,2.009869264894781,2.1472732459726145,1.621266066251402,1.6370855211479298,1.3424585309283492,1.516936770176194,1.6433088643203209,1.340433420368085,1.4193569448659042,1.2963904278766085,1.6546410885813636,2.2185025463422807,2.311383744961872,2.427783212832595,2.2567484377116025,2.2279628432242533,1.927250607475874,1.987456791053659,1.3905497566215035,1.4003635165188895,1.9636471630719883,2.12612037355919,2.107032151170478,2.1658600964745593,2.434645338874547,2.1783334878875653,2.0702415249831203,1.7210414614934773,1.111280809047448,1.9159858306474797,2.2481660960681737,2.2860245059501523,1.4374471246838183,1.454433597453211,1.3639961474264233,1.493283942714798,1.9188267029287354,1.7665764253012806,1.6797677011670202,1.490054216050219,1.9641127000274867,1.5837384759013584,1.93236560133093,1.609153096203526,1.581407825678097,1.9085088890953503,1.943925760188024,2.078737292558176,2.0183620339799346,1.9849502455738222,2.4157744581665352,2.3861834375275426,1.4930367096162043,1.4039371606943987,1.7151671374710429,1.4545827027213942,1.3897919304125783,1.6443545789249068,1.9735255765700905,1.8298214322522006,2.149536172577944,1.3516601326477609,1.571975012519282,1.8470221374351157,1.9764900875519191,2.123068470218233,2.383119228659849,1.7960895273966548,1.6806619169073345,2.0529268178563496,1.9623140953948361,2.062980836694778,2.1308194090462194,1.9045697288567274,2.0635133749096672,1.5494703028935346,1.3897397844804302,1.4345288123261482,2.277653950681012,1.998808774487012,2.0151436147767066,2.0369427636684656,2.0079260160092467,1.3099276259927197,2.4975048692293056,2.5003843801916927,2.2177248685670965,1.736479804076835,1.566692725065856,1.8224068666415725,1.1982340996098473,1.211361415960148,1.676835679137388,1.4204903178446673,1.546882549294249,1.866260429197936,2.004376126859422,4.555009746746119
May 2002,2.176755227812151,1.7439577459478004,1.820426096010513,1.6112961785473645,1.4890025692559419,1.5975680252070117,1.6396192929756688,1.864442668549153,1.8156735915852262,2.066738014237871,1.9432888694094665,1.255500245041362,1.2031511209278438,1.4581216743125622,1.3618474145371,1.330613323543197,2.163634664824917,2.083037487822847,2.1059327677301476,1.4587813477949574,1.4178649066621758,2.507925311740245,2.0405065219067144,2.146133583496573,2.1897010675274484,2.1927306449877713,1.5827306615169527,1.4357136065954663,1.4975294815571325,2.038525302309534,1.728957025593447,1.350165253961682,1.3022128788391436,1.7815889838347154,1.5110023826562538,1.6101280492454522,2.159175769487109,2.0169155643642895,2.065693214084339,2.0531871644362276,1.9870463475201567,2.2536226146400553,2.132926765430611,1.9806681969954845,1.7453568974271416,1.6952157522711506,2.052577951753769,2.2172109627722794,1.665894174968229,1.682649915640087,1.3641241759305915,1.4737289253598662,1.7113078390241279,1.3821504408715424,1.4809394631896293,1.3492511148306063,1.6893611231527061,2.2666976881011314,2.406476636713417,2.53824664374404,2.2668118541799944,2.2529260173236993,1.9862783302319091,2.058717522296589,1.4022343224402545,1.4726299104332072,2.001797295622401,2.1655673155855255,2.1552849361891475,2.2002489993605447,2.4702917702201583,2.2271004884043717,2.1239309376383875,1.7450005036515106,1.176001087896801,1.9220246620145247,2.272695903549471,2.3379119556115584,1.5047756407651276,1.52507289095084,1.400361394902004,1.568679142806903,2.0034072782086882,1.800511324261801,1.7236533834557153,1.5532493016778894,1.8916626638453162,1.6348668618426045,1.9661194736275505,1.6562753286513774,1.6016481695329223,1.9569405868680572,1.962310767691537,2.117006617383329,2.0798819844319354,2.0324075902118706,2.439963682045584,2.4045373388269953,1.5629646953228278,1.4414223810704794,1.7676958234058193,1.468939301937901,1.4481898077933617,1.6934693677022328,2.0170159229983815,1.8977313384825467,2.1843579070110106,1.3777898039034215,1.6183658721405982,1.9036243287989136,1.9874168616079249,2.1310209699554408,2.397252983431854,1.8042148382332264,1.7576499484143058,2.0954021091221477,2.022419638344281,2.1425393476153203,2.1448410185258124,1.9544385558271933,2.1128451940419972,1.561261219865257,1.4166889954756732,1.4783119415645176,2.3140136119489054,2.060250206414028,2.048362992346467,2.092420683812065,2.0633839838567796,1.300760441662819,2.503465461764454,2.483006088574066,2.2532958706987345,1.795776366981141,1.5940389362742946,1.868771960003509,1.2086770320329039,1.2490923794418516,1.7293328662718346,1.4702450029039247,1.5698120933019535,1.9577999890833058,2.0463992546064436,4.74770560535846
Jun 2002,2.228139821383244,1.8063124325623225,1.888283782451347,1.671163922688033,1.5382506313221704,1.5827462351886357,1.6916014378200424,1.9290196383059872,1.8804286329059852,2.120772965785295,1.9953624565835903,1.2617772715439282,1.2780271026101915,1.4666698554266522,1.4252084684370063,1.3455343696244906,2.252708787869854,2.1284233683570113,2.1723384939675388,1.4622590500046653,1.4582525993028188,2.559699083912294,2.0831568897563333,2.2100810077812025,2.260927000551054,2.270645838344847,1.5830157821872375,1.454431964409862,1.5276630845528743,2.0700270573995345,1.8206798586327604,1.351042320653071,1.3738604145595585,1.8276328277015375,1.5446167358480962,1.6465454372556685,2.1933231932260635,2.0762805924521164,2.1562691669399046,2.0892852607393495,2.041539163239442,2.3125036737796445,2.2181761876342945,2.026772551470657,1.8060396535869014,1.72972053432937,2.0967943853458832,2.2794345498000714,1.6761437878432728,1.7062451301368298,1.404661756168378,1.5700256984379886,1.7500507811653119,1.4210144205782649,1.520166189009685,1.3562046039212357,1.767384198266452,2.372875391521514,2.4740421175345477,2.5540733569903904,2.3051474551453466,2.3028336864852204,2.053749849198052,2.1665502731004453,1.4738134979921276,1.4999429074065609,2.067047737020017,2.2114332885289385,2.195261835485433,2.2442229622618712,2.565990147846373,2.274223854525165,2.167787600296167,1.773992810879115,1.1869282619116255,2.0073217046669503,2.3253758611481863,2.361489735227359,1.5233998441142522,1.5578417317716642,1.419677260797991,1.588847434784623,1.9912019491299897,1.862853831370353,1.7779234948124216,1.5698868754736144,1.9462836728469424,1.723456784679352,2.068930975801837,1.6734532378387994,1.6303062404131676,2.008728142421898,2.0501037808141302,2.158454717817591,2.1394084581354345,2.0495778300918004,2.5488905116670892,2.4810824510697005,1.6037433191556272,1.4641080973814442,1.8205676841173617,1.5588798000334267,1.4915039433276358,1.7273515948159002,2.048670506644481,1.944710161516637,2.249436261170685,1.4254867881439695,1.6557914131424065,1.953015950906482,2.074649167248685,2.2362448385623757,2.429826658112135,1.8759109220039574,1.7947731084153173,2.1545990783373408,2.04575981408936,2.211388732930466,2.1942179004116023,2.0236403148142164,2.1915677887646234,1.7029460915792585,1.4292274180820699,1.5492383203476616,2.3762232431268324,2.0976411383271887,2.1022855787462493,2.181773139836725,2.18272016439405,1.3433408765608603,2.5528679913252077,2.589798882519412,2.283674041531667,1.8540771690286633,1.6383304138225854,1.9026124839100425,1.2473360986160473,1.2943877329497973,1.819592624283767,1.4972282020714052,1.640542199863055,1.9783031992632911,2.1177946954657068,4.715013375288452
Jul 2002,2.2648661281734435,1.8273566383960764,1.900672014245132,1.668750444534595,1.5306060882839012,1.5865846103605241,1.7158585141994929,1.9490982120177254,1.8904479600393975,2.157472957969667,2.034255686180432,1.3024249291482164,1.2383915327024295,1.509725826383421,1.4380056606395502,1.377720455169852,2.2929341574505075,2.1670393804942996,2.194243029627084,1.5009113980325495,1.474370228289087,2.5856130606463483,2.138663857062654,2.2362411801483075,2.2749001304115324,2.3133185266539185,1.629338615805038,1.5030808584449893,1.566209053184468,2.116259554685725,1.8361296219956282,1.3837096980399899,1.3727087001187595,1.8323700483008858,1.5858873550639458,1.6638938865595436,2.2601934217562367,2.141934540180926,2.170698027594048,2.171348499835274,2.0916025776226563,2.3184087485602336,2.210886937261324,2.08013298121355,1.8713323232329584,1.7625016469259371,2.127684569817687,2.286603031735831,1.7387595592531064,1.7510646754301393,1.4204247754461552,1.5664092710720199,1.7787161840606251,1.4230626109301192,1.5673759850343227,1.379515125222603,1.7879102390986867,2.3832596757138287,2.4574644131921812,2.6042710266836986,2.384975236820867,2.389350384430235,2.089600549289213,2.1753708835724237,1.4799810455722826,1.5072512257933433,2.1125115584916596,2.2296254645361944,2.22876136273528,2.2695208802473346,2.63050540323749,2.300990996865541,2.2070813118470074,1.8269692972660536,1.227132499700611,2.0490398050672067,2.3642402285791437,2.396277277117944,1.5651669478334025,1.5935083163662982,1.4228551551896365,1.6014403251557732,2.1116026218286432,1.9034117432096058,1.838868758680191,1.6206565910323998,1.992376387011099,1.7176385092465996,2.081435376575299,1.7113111643185535,1.650094806785686,2.056298493691577,2.0680457032549433,2.216780948555527,2.176352476677043,2.128222339136913,2.536561496690071,2.468960335814992,1.6134824396902743,1.463763825032323,1.8484917154063512,1.585576897846963,1.5104444391588998,1.774078738078551,2.072101232082745,1.9690527625259913,2.2730050655314034,1.4670208527796975,1.6808893451813602,1.975424362681862,2.1343383441112556,2.2137420664967005,2.4788397696942917,1.901775400022459,1.8525197293045927,2.176647260528942,2.1307963843197144,2.251548621203201,2.220731986750632,1.9945180811861019,2.2026650924906654,1.6704344595818523,1.4752413098364123,1.5762340503971375,2.393331577592839,2.1241747561256306,2.1582636060200726,2.2134931342206254,2.2229649282779724,1.3362456517273436,2.6000711676513273,2.608014463190113,2.33467934041554,1.894743880939357,1.6811379641715958,1.963355081748087,1.247234884193013,1.294353992926241,1.7894338141948556,1.508428671541367,1.5972315318632617,2.0196331987468477,2.1246578510001455,5.660526733210415
Aug 2002,2.3125531161751947,1.8752260914228418,1.9666685906699315,1.7229908899453505,1.589730121141714,1.6203135716776815,1.759071915983381,1.9788657731665127,1.978452952881298,2.2227436251089823,2.088683035806497,1.273935358893958,1.282533860850691,1.557571844696999,1.4675057253649106,1.4046018447956188,2.3427453767266644,2.23081905992387,2.2239558846570766,1.5300096871319557,1.482950286680918,2.654257075478597,2.1968140604745248,2.326662364120426,2.3512158983020406,2.455795782198906,1.6385012406997432,1.5057113226031482,1.6239945301733842,2.1507401006411477,1.902066478956104,1.3827855882413516,1.397540482444951,1.8826948200563878,1.615471817838746,1.7229350562717451,2.289783002626018,2.2000991994476045,2.2285737709598745,2.212835443829644,2.1361619679283086,2.4059281763255087,2.2520569123244716,2.1169850233492906,1.8660252964454926,1.7876987670866349,2.1882532349021924,2.322142294043514,1.808265411739376,1.8067979876690503,1.4530686200131109,1.6345339888829653,1.8287720126563214,1.4684596764591311,1.5843817933396431,1.455263999274222,1.879114485472229,2.4676490148173755,2.5045527171706876,2.619247177321088,2.4485111317700654,2.4284171827343495,2.1808834956406242,2.254239026899878,1.5496097538812086,1.5725408547142394,2.141847567132877,2.2800379645513034,2.2586736648684647,2.300549860367783,2.6684212421421405,2.3530868882439,2.2168858150576805,1.8623433830385534,1.2148609835773456,2.1189254155512347,2.3966006534411157,2.474123939973831,1.5313874863880483,1.5886617850655564,1.4602140368873873,1.6522236274598927,2.100579797659804,1.9441309839990264,1.8873264994547996,1.6818199179058455,2.1564459092739825,1.7953387748377003,2.197552856950606,1.7683993047382025,1.6832342040964734,2.1210890959490243,2.106990299152473,2.2472451384797307,2.247489491907469,2.1172535074022316,2.576198533537134,2.494557520342589,1.650022062971492,1.5511154455941782,1.8896153437326415,1.6254015894764293,1.5182190358264152,1.8617459413092847,2.1383564492391303,2.022461007128385,2.3105552612909745,1.4850533817167906,1.7671032714814974,2.0275792351838327,2.184548546375046,2.3216875580986516,2.5099069415010367,1.9583586948131937,1.9381035077767887,2.26421694420059,2.214890866384824,2.3115299404953182,2.2672195226253042,2.0597070033557237,2.259512412097808,1.6965085000964117,1.5219488490880444,1.6134748772128513,2.455466935673498,2.1747725367379296,2.20988476763385,2.2647890443500067,2.254100059694294,1.3948336368191245,2.6462395849848557,2.652013724131944,2.3766284029940765,1.9191823151255727,1.7316632903677154,2.0173801246120275,1.242456579482225,1.332772853937882,1.8775083499540812,1.5739486454569984,1.6944856190865858,2.0575565333712897,2.1703198281992635,5.314837366674757
Sep 2002,2.362477837196175,1.9175532046163861,2.010099913305345,1.7811504517259076,1.6416320824304935,1.6746731446310816,1.809044376406881,2.020151959525009,1.9638378902246671,2.256209617759202,2.1258961978522555,1.30880065906916,1.2855397986745083,1.5600287924863914,1.49438247464327,1.4349103797441416,2.3940675770256163,2.262185536510174,2.2663265564043757,1.5689354473960446,1.537058479513923,2.681131078355594,2.227100932720708,2.342449456266725,2.3910679663855996,2.5390470872360598,1.660680795532758,1.5298205386689823,1.6538852434693894,2.188843273636405,1.926162012656587,1.3962602656890906,1.4055167175836187,1.9147307261669493,1.6030955139034704,1.7310233275436349,2.319103164702321,2.2166070670971956,2.2504672239655386,2.2864610970970296,2.185387292987455,2.417586814206925,2.2834494602009716,2.1615830509897416,1.925553064271072,1.8157565302604866,2.257339488500902,2.3869922500507634,1.8748563744763926,1.8430502998963605,1.4383770067096482,1.6380527567965495,1.8661516983464015,1.498403398442601,1.6321748633004742,1.4286407335151876,1.8999994050315847,2.5102063634867973,2.561089547914975,2.7069859606228373,2.502636415700471,2.424383680803842,2.2201996470622034,2.3243646063107755,1.5438155939316613,1.574126892407293,2.2121367648031076,2.3107817876814276,2.3106571267839295,2.3321944720609133,2.6776561491352546,2.392041197319923,2.274147343149437,1.8746802857041447,1.2641447674290582,2.125871468786475,2.4424414809923856,2.4640299710597167,1.5936038253403977,1.6651282751163956,1.4809779199120576,1.6510171244562708,2.0184372754422784,1.9888762719484465,1.9814750545654851,1.6489946912815185,2.1679997497984296,1.7860545270343104,2.1923008303207006,1.8011793070577147,1.7147065912733939,2.1646471106983816,2.150376243259656,2.2717918641971635,2.2696448882374223,2.2026416924969383,2.6099970394714167,2.4507286029290696,1.725312320994764,1.5499000010278527,1.9412593584887181,1.6828334867210435,1.595670484782776,1.8813966934962514,2.1877558991635064,2.0639757553866462,2.340286163930582,1.4649398766043618,1.7496756968863092,2.0086586993194206,2.2488103782457345,2.226125723199515,2.547779003309377,2.004646016739627,1.9347462095332018,2.304877510129353,2.2389911422445037,2.298452708443694,2.2821477690417424,2.0828597892725527,2.347016599749441,1.7454528645178986,1.5163097718223473,1.6203754179760503,2.5043371939913817,2.240639722082145,2.2291877442173886,2.3380022226608563,2.326999207736043,1.4136007990441808,2.672441220896805,2.6818627565617743,2.359221806460574,1.9227816169935406,1.8070022779236226,2.0828532339703183,1.3128929898086157,1.3592459331340738,1.8644718461634469,1.6012488596124066,1.7380026193239508,2.140562439776829,2.2282736395895,5.127594121363527
Oct 2002,2.406250744478215,1.9491462642019999,2.0507856506330286,1.7672739191013245,1.682474428465525,1.7255627037090817,1.812976349179373,2.0544830772380265,2.0386765036545196,2.304034888023681,2.1682428467491754,1.3398944300618616,1.3097240024837815,1.5899356054499358,1.5272164385727522,1.4110636837709416,2.4392205271138985,2.31969851726063,2.3200534832821154,1.5830905087954419,1.5479407380615515,2.6995265820471888,2.2750511146240266,2.3977690623568275,2.389565285460987,2.4713210620222146,1.6875846924147164,1.5388034945660392,1.6976644492172683,2.217096841590366,1.9098545480932434,1.4481761783709297,1.4545472194011464,1.9174957810164064,1.657603780966004,1.7644624260466244,2.365081344382029,2.292670904848172,2.3194816887080103,2.3066155354967077,2.19148958671206,2.4647646641088437,2.338789859342189,2.2216184720213294,1.9390562205055097,1.8602281771889508,2.2864925882895357,2.396970001789165,1.8845272108205455,1.8701311733619543,1.489645239504951,1.6589624012038993,1.8873038312517594,1.507609602212525,1.6479760250978224,1.4855632504620868,1.9419373915018987,2.561709237618155,2.525956842382667,2.7571854725149123,2.5424053101309925,2.4154604608185863,2.2491752463649703,2.3384470051689776,1.575096670855111,1.6122268332452716,2.227985908609833,2.325132363117102,2.30286652902269,2.3546162729234634,2.6882049787105573,2.4355182456670192,2.315245690697849,1.8849134150455296,1.2521317984872367,2.1506383696480413,2.48892793059024,2.490180203889505,1.611576155141575,1.6763018673554022,1.4906543843104894,1.7106519060880934,2.122207853789652,2.015025587844018,1.9385325663793298,1.713013546738059,2.239941545933141,1.823643495021739,2.282932496464268,1.7936130880335637,1.7485294374784683,2.1943110927932956,2.1891303627587173,2.301302483295533,2.31371519211929,2.2500651824428033,2.620148842356659,2.536537644171109,1.7242054320014442,1.5588056153314251,2.001466633138725,1.7032238028500264,1.6506870752575986,1.8655195328632221,2.220318968228006,2.0993144493019433,2.3701446411645963,1.5265837653729273,1.799707740000495,2.0702932071311757,2.2252124846813754,2.313758481323718,2.5712224967911346,2.0571787956487335,1.9732493826236612,2.349224129689461,2.2435769853914374,2.3674990127259115,2.352813431272941,2.1459725226566104,2.4045278501612293,1.7571899771674793,1.5657071584608906,1.6235327226364633,2.4964147734935644,2.2990198283350325,2.2531955008339137,2.3478787617596866,2.337810199512177,1.4620511896686832,2.699779973766356,2.712017271366529,2.3986924437510173,1.9820308231844244,1.800101467320056,2.129771146068874,1.3463283885335806,1.3769024319145655,1.8959024018584127,1.6532038735866827,1.7613815490270395,2.1222987864716094,2.270012088915507,5.711090029716315
Nov 2002,2.457545467905221,1.9896878441316679,2.0814153440290992,1.837800195695609,1.7130014484435143,1.708313447318181,1.879941670668604,2.0912440839875575,2.0793530634314608,2.3525314656787897,2.220441080486913,1.3592094806133164,1.3436985237655954,1.612371772201906,1.5560902641539232,1.4777901178276605,2.4948993536485067,2.3852799272487974,2.35774794338481,1.5832628464512832,1.580067371400921,2.688236476418608,2.3166420678426127,2.4397581797504633,2.4473479823518463,2.5401142217229853,1.7497185262246957,1.5769952570022638,1.6994533612553044,2.22366048367152,1.9628689186761301,1.4623427248793635,1.4671618805927211,1.952923501985661,1.6790726464809227,1.870644713125976,2.4169411160249212,2.3509445772233333,2.3042088274046377,2.3355150539994933,2.243533830959573,2.507006066200285,2.380912643990438,2.250760664205291,2.009897503827953,1.8855805514178432,2.3010169619632457,2.451833262629854,1.9576003499067658,1.9130733492909788,1.5220205009046677,1.721351084208517,1.9113743226821351,1.5702737058429648,1.696013979822915,1.550839992899576,1.9842276471555145,2.57883439920171,2.524992877137225,2.7774428129388355,2.562921388162943,2.5100304120653165,2.29566568547493,2.436811927041257,1.5904468581857893,1.6454134874058568,2.259160947285594,2.3696083450325736,2.368449538926638,2.380043071700997,2.8171959145792975,2.4717674745093303,2.3333769879261457,1.9807452651697999,1.3317640416558927,2.1995669247695844,2.5268165458936926,2.516705642287582,1.6127096647283559,1.68498015475069,1.5522421606855872,1.7262012879620863,2.2501894118834342,2.075616966394325,1.9993670291544863,1.7730502910402919,2.2246240341169403,1.868786283012099,2.3263432423286776,1.8368063084550639,1.7388249586952922,2.2050299975803043,2.2449752001886423,2.335484854949655,2.3798765925213456,2.269491502939785,2.659912585594164,2.569387609180479,1.7684321434446715,1.662624654638464,2.045876994731724,1.7664740258383314,1.6610773515118458,1.9760295649157822,2.2998610784360083,2.105416484948716,2.4204063606742827,1.5820554955241877,1.860195291803142,2.1309878378378673,2.3030413477698666,2.2906134965595473,2.6289802723686138,2.0630272240243595,1.9933226159683286,2.361977790372551,2.2997915706396896,2.439447206292526,2.3892219137473134,2.205929952365881,2.428399439540055,1.7567202106806759,1.5963839600939258,1.7059892484232477,2.55150391876196,2.3039641856847752,2.298594101602135,2.401505215860066,2.4030073440940836,1.4719239440615695,2.702660427472346,2.710409051858201,2.376044321418907,2.0178240441904003,1.8405351682986377,2.129892005433288,1.3942390284128432,1.422475125367503,1.9515306309614486,1.725644630007962,1.7667811418560757,2.1892488491608533,2.27435031182841,5.281869482257107
Dec 2002,2.4865623557403174,2.0346024476269053,2.112634478909173,1.8205052311660053,1.7750286931702282,1.7832129057556798,1.9211424159633852,2.1207698471425123,2.1007069618389895,2.3991669871117294,2.255686564107828,1.3914386487439188,1.4231495691509417,1.6809006793821257,1.5778239493409392,1.5230957019478981,2.524758201009692,2.3730003003276687,2.3752708086235734,1.6250901279370553,1.6307913251794448,2.799556782179833,2.366213940089586,2.4888738772276806,2.4647478547035764,2.559821497459108,1.7437377257907607,1.5996575362176797,1.78292842414264,2.300756290592636,2.017975385090697,1.5092207376619344,1.498096164074563,1.9978000308695825,1.7425032113786887,1.8700867659561256,2.4390859092186554,2.38621898707763,2.367267825318897,2.3876232758515212,2.2605226279925295,2.578145458284512,2.392827216356911,2.300891762471643,2.0155076556886233,1.8911277990564457,2.317195898128518,2.5167072138561637,1.9984880866064763,1.929785763851899,1.5348932186703592,1.69899023501509,1.9504097644360878,1.608994691098542,1.7729681840310085,1.54414500190594,2.0187051035718686,2.6574505416222935,2.55690494273422,2.8420609926054974,2.6184125021145257,2.4456067893279263,2.3342240222066493,2.5080537456257646,1.6265835091447407,1.6715733026834931,2.29045541060456,2.412512475003674,2.3936051209762352,2.403633059947089,2.8517227437072776,2.5075975680584532,2.373773338129116,1.942222603798015,1.372092107042997,2.256174421075312,2.5644856274531582,2.5910994677743826,1.7050747823024222,1.8306479241346256,1.6239156191710113,1.7854052337978876,2.1932543516929557,2.114037992694795,2.0724660634358543,1.7544468891473977,2.2249697983631695,1.9224136129439517,2.371192432209189,1.8600453592275095,1.771714823926729,2.2744129017023034,2.2997893644783582,2.392635999838877,2.426163421913329,2.38105252449566,2.702591306116817,2.566592485122785,1.8343575369984877,1.672006234388703,2.078313443702105,1.8253978865571914,1.7097560043632094,1.9727072890729278,2.3045697248728567,2.190915269872129,2.4298878565388904,1.5726305720667277,1.8929759399572827,2.126648945594312,2.3092349111567216,2.2577694441332845,2.6788419346134744,2.1352405196756017,2.0387671802252307,2.420261428843547,2.3292009959673763,2.4459472183339934,2.4335733555182055,2.298754059544626,2.4713472596354786,1.7941638029375764,1.6005170160353326,1.741076722434336,2.6084763760129044,2.3781013925587113,2.335219159612471,2.4885455966509813,2.4437047362775917,1.5548534092377222,2.7171885297958456,2.7649748536500725,2.377153341879116,2.0381991016905436,1.8610306509544974,2.184191426731347,1.3743149315571443,1.4435788103276985,1.9819859189975806,1.7593287867247345,1.890917070800636,2.252018588250117,2.3229899775285934,NA
Jan 2003,2.5139593389552912,2.0539370056904622,2.134063462795542,1.8029929464219965,1.7795746179696461,1.7817182233883921,1.9091336982354055,2.145598676066376,2.1274239360306115,2.4063854896479717,2.30096751846107,1.381919725805149,1.3125190411324852,1.679643734594038,1.5625563990485294,1.4857873691039885,2.551991472111324,2.392079242780897,2.376228985648889,1.6211280051222237,1.6208982261282394,2.802158641704341,2.4000680152500817,2.539269816691629,2.5204346902775705,2.5270443413567287,1.7762446245290582,1.6069252290233673,1.7894149226090792,2.283760317595856,2.0185989799109665,1.512490437198731,1.4980484202334647,1.9826590920587515,1.6739976449162028,1.8894731499755497,2.4857049305181924,2.416391934947725,2.3773836972939315,2.3672446060150074,2.2809889518651745,2.5987488773772327,2.4000693709583367,2.3197236384006907,2.0575123273615894,1.9221803667347352,2.3808492924573295,2.491288526395142,1.9851539516501246,1.9728956686066101,1.5487836953696716,1.7905110033161975,1.9823410703946787,1.6384877016182606,1.763639936007121,1.580016355712606,2.0399283237754795,2.6471220970831433,2.5054126867227917,2.8477623544649933,2.56988285471022,2.556526433042978,2.3403337532707886,2.4734035601753224,1.6109217040176893,1.7129277821647446,2.298788173849601,2.4112736763406093,2.4159228869630813,2.4178698529194835,2.8769695016401466,2.547161037539534,2.366580133465281,2.02998958969715,1.3232477863452003,2.2006349512050294,2.5766711989737487,2.5544060191792455,1.6857499681334231,1.7433906520990166,1.598706289131087,1.824387984553521,2.17901433752759,2.1339350139064646,2.018481485735577,1.7795141186421795,2.357032658799577,1.882934272098018,2.4548476554139973,1.8296341423089313,1.8021878025035125,2.2715460223225215,2.2916519399856847,2.376498265235959,2.4349900259513757,2.310013554253991,2.6644451789360333,2.5653462712549935,1.770120732137215,1.6897246271979345,2.1076422498902265,1.7826888436282669,1.7194222051632637,1.9806636225221732,2.332190055870894,2.1491182534333526,2.4510266892940535,1.6280803667108712,1.8563288377207243,2.169864642648703,2.32458864221839,2.3114045227703524,2.6365684499631854,2.10235656213056,2.031544317019677,2.407006292154755,2.336242909823023,2.47043858559521,2.438302455894941,2.267315193825408,2.495316249883094,1.8239029086847751,1.5985868520184143,1.7593389905097254,2.624823818159967,2.390827196708298,2.3540302248939575,2.5037413064381284,2.4507214383413394,1.506360913392659,2.6966192278439314,2.8063608643295495,2.4017762251800785,2.0669706161487533,1.871946398957842,2.2409075645008367,1.393617216042705,1.4598476133916642,1.9851591049378772,1.7633517125841833,1.8620434636596732,2.179759226966791,2.3149240321852584,NA
Feb 2003,2.523142984731609,2.077830473766991,2.174792478799195,1.886101378341953,1.7632984348760685,1.7953369762298073,1.9413596817966472,2.1585246894240546,2.159243960341224,2.4044959962779315,2.3084010215221586,1.3864892888834364,1.4017849914964067,1.7038415614558233,1.5981101105033924,1.5349095537404098,2.5763426044470306,2.4363039231479977,2.452183273950332,1.6498133726822442,1.6714836782094937,2.8081547893814025,2.415786947473761,2.537175946241565,2.4868355683848398,2.5887392095073496,1.8598532513788824,1.6202019219533166,1.7813206800847041,2.312648147157086,2.0537362785509856,1.5324459180942844,1.4956319194440104,2.0185712990962834,1.7467214742771657,1.9056333274591053,2.510369101436434,2.4254656637635366,2.4342567317959407,2.462963834801719,2.3017998127848216,2.613919470638314,2.400568633290444,2.3481345188709306,2.0865752840092373,1.9868509264144274,2.3918425552058915,2.5425691158465265,2.056735573021464,2.028314864687035,1.596963339992231,1.840941272609537,1.9993197644633214,1.6389192106189172,1.7732553827712119,1.634041753586286,2.080997427766197,2.710076109212227,2.5311383550153126,2.8320005185487984,2.6340497429136684,2.5291150076012823,2.403046294825506,2.4801535825811403,1.664453795942163,1.718879613642787,2.3221385198924414,2.3945563613898364,2.4267805444601738,2.4365141332629667,2.879853212791844,2.5704730110553013,2.3735772171944713,2.018355421081846,1.3664853623797475,2.3181602181136065,2.597995947307973,2.597850564765566,1.7133601830009833,1.7431602183960375,1.5984189672064273,1.8273899527851194,2.2893034899095714,2.173448957897686,2.162451658944005,1.857958396934798,2.37240092943705,1.9349101120067798,2.3996574647690063,1.8438124078144809,1.8410338455554884,2.3587677616900864,2.3127320635347908,2.4204840131671905,2.482687965531809,2.3486115359323123,2.6969106735058506,2.578328279710903,1.812073097735639,1.6543635546766642,2.1465673002200525,1.8485809641320103,1.7344158303193247,2.050178319524136,2.303700236243277,2.2001409620658183,2.4707549900319385,1.6825793847156927,1.928773294768084,2.2134657306310217,2.354548218250339,2.2841639538947764,2.708395652905347,2.1143501866521723,2.006009022768114,2.4686372472711122,2.4323797242883836,2.559259404928971,2.4691032992465622,2.335607835766268,2.5409132728532065,1.8728100821004423,1.6125112021163586,1.798187515130617,2.621238918235458,2.4069506877445077,2.3580785216429487,2.476094672064968,2.512671015555151,1.5195804847493124,2.6948000640160106,2.764699610390572,2.4055021412551403,2.1144218425252554,1.8886857709326599,2.2284960660346815,1.31436630936997,1.4520939391989434,1.9794147878848707,1.756690204571558,1.8194104212617046,2.23185570375618,2.3578238217091614,NA
Mar 2003,2.5335592440669057,2.1017362585813197,2.192235665555433,1.9315187730390582,1.8624986674717714,1.86414595531816,1.9768385244904856,2.1778231137867126,2.135824528512152,2.4319368315466017,2.33531452079979,1.3758899207974111,1.3710475793684982,1.728276727853593,1.6164674260254328,1.5209122837958935,2.5837273129443896,2.4518411840423733,2.458144178553436,1.6568041600041747,1.666448414919821,2.8032976365269655,2.4230332444542997,2.562918575579643,2.5385900726562975,2.6303371020723234,1.8586777417628904,1.6721008984072168,1.8058826264846186,2.33590662983442,2.090407703993388,1.5288098934759884,1.5463824969277753,2.0727429774837303,1.7829108623312546,1.9428088733377833,2.5459115469017664,2.4823398876899887,2.4303590832034208,2.4935039300488553,2.3217227875262916,2.630609908051714,2.401654276999187,2.3508725308016536,2.0923619471426704,1.9878670699791827,2.466942520667998,2.587025680228658,2.1041156761688207,2.048444581869184,1.6008643449460676,1.8088860846187127,2.0471997747803465,1.6968237047269803,1.7818502467005677,1.6177119373006357,2.082585990365584,2.677664075467712,2.602260988112487,2.9449964750884146,2.657035928265541,2.574576413615628,2.4166052606544466,2.5576897685945026,1.7122986091984218,1.7738226395893097,2.339511851926318,2.4522801468386177,2.4712136715727002,2.4447739965374535,2.8220076110828107,2.599379656474718,2.401638921454743,2.054300324723845,1.372214796468949,2.2872322837473216,2.6248127616093146,2.584851830808918,1.6791669233097362,1.8255510977802052,1.623222306169432,1.843664140216262,2.2934094064466124,2.190090770934874,2.1436399084651847,1.8557467700915957,2.4685437494287985,1.9889958691349527,2.5157308423571405,1.9098857022526734,1.8575736757852725,2.358429715456296,2.339669170253476,2.396177854975817,2.4719674481357115,2.367260683150926,2.6890677059230277,2.5441972629544,1.9116605450721944,1.713252805036606,2.1889041566062835,1.8630298545170425,1.7583877295025097,1.9887971142820557,2.331157129137087,2.244133031184998,2.496035557696124,1.6534335829038898,1.9569981083206223,2.270322736064864,2.3727411623652737,2.260863138111852,2.7521977860910334,2.172992557043468,2.048944118786607,2.4643505548289144,2.3807920224045174,2.5217917009148105,2.4946543978910642,2.3913708316297995,2.547925144519185,1.8739117223168857,1.6635731357701224,1.819913040287947,2.659028908271653,2.4430909326789516,2.383602663982188,2.4962084546686505,2.5183369414789394,1.5779127546436824,2.6888440142661563,2.704156766783777,2.350500236790257,2.1147284690188304,1.9482664963598222,2.237104591000946,1.4294996104103972,1.5054499996450044,2.0312272844453343,1.8874789166764745,1.8792933488766677,2.2867023627581253,2.330791825637088,NA
Apr 2003,2.5488833618303737,2.147338632050528,2.1960167422860675,1.9537362731846792,1.8478063778077343,1.8446988912936306,2.0390412190362666,2.176646382605132,2.2053335964147327,2.4479615375736383,2.331190738803532,1.4403638786836326,1.4419047377346756,1.745828879612784,1.6686128084845764,1.580931409418842,2.633263379486926,2.481645345177688,2.427888758226781,1.7212442024667376,1.6883291607478204,2.8297145268081545,2.4559944593969627,2.5690139674713066,2.535419330816263,2.652356680501182,1.8787978618532069,1.680970374660496,1.929050644038648,2.3587100220740003,2.114439493055449,1.611067771851302,1.5501389349464703,2.0850748093617075,1.8104792962793874,1.9514356825087353,2.559893757508858,2.491543186357025,2.4355363935603567,2.4712347686440306,2.333151009387812,2.631808379829869,2.4489869407667335,2.345616569831411,2.096303682874786,1.9981746277327195,2.457296578693222,2.5907614801493137,2.074378705750755,2.106892093407769,1.6895180908778915,1.938618749041125,2.05606108662108,1.7346944361275345,1.8341226624957823,1.6692860540317684,2.138737344017048,2.741475337818417,2.6111698746818455,2.9456888841614006,2.670087216429613,2.544188949805706,2.4449788723176376,2.5703661689463173,1.7587888290810214,1.7934563219981057,2.3652539963281787,2.4652522588573804,2.4586715237276535,2.4514529704641292,2.9353332160509016,2.587973359195335,2.437787840490841,2.083878229266199,1.3923020943535802,2.2868393380647873,2.6043258239959446,2.5861766517802254,1.8022274505001568,1.853814748516801,1.6800094127191603,1.870667530130239,2.331476024751228,2.2202535250046145,2.174861106680144,1.915576938749699,2.480640048222022,2.0274805070815733,2.50530082942571,1.9521066788058312,1.879693672556852,2.4232414883717266,2.3838341309038626,2.4232909252649457,2.4608677729169566,2.3998832788295528,2.6894727494182993,2.614379587012137,1.9477737639018524,1.7848742112387366,2.1737609495943704,1.887498056356485,1.7824891572015351,2.1201880195135563,2.3694475966268858,2.296511567664757,2.4928760793987887,1.694810300640598,1.9480540529223358,2.200997125011235,2.393015759091651,2.3499447428174562,2.6759543021194676,2.171845112265732,2.1384628800776957,2.574677107037685,2.388635565444742,2.5288878867012667,2.5265372419543697,2.3692829850239967,2.5706858054602852,1.9665782295234902,1.6745993779348551,1.8813844192636093,2.6274115030401592,2.4329943571689463,2.436862648620587,2.5442523756766833,2.529732124500352,1.5040151452399277,2.686832776003665,2.837832020804085,2.3630284175954506,2.1512569754335567,2.0043927132378596,2.2290315829447267,1.4228209386359534,1.4934064458919019,2.081286297134382,1.8805633551152825,1.9077853670619642,2.2352263956257468,2.349827468182888,NA
May 2003,2.5634805597675236,2.179688060287594,2.230930031568429,1.9699646540011886,1.8657393623347465,1.9028824305162233,2.0417186173031223,2.232616130392738,2.228098434986543,2.4812076996617947,2.3834274632821115,1.4145767585103772,1.4603684642762302,1.8099021931191175,1.7124443223054635,1.6001920296185828,2.64085465007281,2.494938713837759,2.4559278349898097,1.7356507765123992,1.7406580792398028,2.8639016350644377,2.4788931856764123,2.5828858437366344,2.590181179413145,2.603921976640154,1.9314303893039824,1.755976281742481,1.9734835901955088,2.3717719850726655,2.152869589488423,1.6434166609206549,1.6045444878052035,2.14594491614517,1.829257439817713,1.9997134131320324,2.620772200362454,2.4841778716745764,2.509556355061548,2.5161304108192484,2.3973116106698824,2.7109343015079426,2.4988900046273086,2.4211935702373553,2.1127163669911124,2.04735490216897,2.5052782739238975,2.6162522011325478,2.2002719237462625,2.1177481309398702,1.701305500630725,1.9211733948534864,2.1032024346329825,1.7702586445480524,1.8556546624380523,1.7288551885104437,2.1918922725908834,2.7438569060159654,2.6519799103243265,3.015766877676033,2.721716053422017,2.6352785439065034,2.465951469404178,2.6302415006539057,1.7296774419950385,1.8120434259444345,2.3751315086869007,2.460893154041209,2.4644755145065194,2.470344855891318,2.9149485105155652,2.5968380673978144,2.4533676550375985,2.117466569253821,1.450117361917818,2.350316149843297,2.6282618854950734,2.612531372088956,1.7727405133721112,1.9110990019976752,1.7091013987376433,1.9300218984403248,2.4158415341365944,2.240868287209594,2.2060212743938656,1.9571309581237482,2.6000554461218144,2.0623538325538937,2.5101140044352075,1.9649514983516176,1.9445740886975258,2.3952677887725655,2.3892153624131236,2.4790184462896225,2.522986512583792,2.4209403197074164,2.7353198448594345,2.5647324424331885,2.003052867118128,1.7819430075583604,2.2460765923144654,1.9189976337685655,1.8211783662561385,2.122151646647898,2.4300325828549654,2.313751969981067,2.4986216723360473,1.6882855678007027,2.018331507082649,2.248296505867172,2.3952471491433154,2.3513452494503584,2.6907091417974187,2.2087923631777127,2.122447984134093,2.5167925860629605,2.425756090912183,2.5836242741185225,2.540628994140097,2.435704250364861,2.571604033598179,1.9604751464813956,1.699986105042591,1.8894270546944307,2.6573934887927564,2.463318244578871,2.4393842473334617,2.553164124390047,2.5420167075768196,1.5884940574847257,2.747445974111109,2.832114532709515,2.3323461634940252,2.1630623936057685,2.0227712063003294,2.2449454141882077,1.4679161363703643,1.6198088926060883,2.068211829127368,1.8955074966641976,2.000323719986955,2.3449148176209906,2.38015217378876,NA
Jun 2003,2.5840646742790065,2.233282126812604,2.2824072877471,2.008776827343436,1.9399267655422405,1.9069887933627951,2.081354229448353,2.2654677379231165,2.2636313192968283,2.5075349112237353,2.4114305726648966,1.4750881865429075,1.5052050423995471,1.799029901388359,1.76854642614085,1.6733172263998173,2.690129470953109,2.5197185250270993,2.5003240105534448,1.779605722891268,1.7996228767942841,2.838731756471453,2.503388968557967,2.5739466028566453,2.559878227317935,2.6840977013609586,1.9644744863410237,1.7709683647615213,2.0444274060017484,2.402425174205969,2.1700027112095563,1.673322778080443,1.6198080100252548,2.158280602290331,1.8925566257084683,2.0967769559932807,2.620239745222742,2.5398532607673165,2.4834210975349413,2.5419066923521156,2.414014558643818,2.6657267366585455,2.5192993278744114,2.486797768920051,2.2046524275190453,2.052737583321457,2.568342695028234,2.6367856299895984,2.150431912108184,2.1320165944799108,1.7430664887765552,2.005033596883965,2.1266344847071443,1.811069237872048,1.9524828184618064,1.7718787059898333,2.204489537703132,2.740928804691482,2.5834327500732805,2.978246543594248,2.706909210000437,2.631380008022914,2.4823761659956256,2.658337515967513,1.8104753026702916,1.8919554435362167,2.436900876905237,2.4968128669113954,2.5172151916070358,2.4949074728014775,2.9851248107521084,2.613231675210335,2.453255848936404,2.1423060904005538,1.4993770054866211,2.398817467892087,2.640533814239295,2.6359483093265923,1.8256831424403543,1.8895010764404123,1.754365812288212,1.936532054745118,2.424674402666072,2.2940369905592592,2.3524476615213237,2.0168928207225063,2.590492223857468,2.087235645177048,2.5091644926917307,2.051638287142005,1.9696011707589625,2.4360819503706854,2.4068428394168326,2.443557920791967,2.548370781162382,2.4443637957472957,2.7391504298301457,2.6334173241476835,2.057249904571994,1.8361799758457185,2.2638955096201863,1.9789763279826287,1.8917703832179138,2.2128268937754267,2.438927924874871,2.381623251207967,2.5217335303894326,1.745580573832324,2.032605974871993,2.282830955363534,2.4489587509128183,2.2970518043402186,2.7963915963735095,2.2252065299486437,2.1707365083825345,2.5498722997146883,2.4279206079949787,2.623307311055255,2.566224316670203,2.3836440882372303,2.5706426720299396,1.9919068162199185,1.8151627338298961,1.896647085070373,2.651720466841062,2.480999979461293,2.4629381885702837,2.5782386898171885,2.508361119839473,1.6686765665000234,2.7014142604958,2.7521724697718,2.3401471636416393,2.2051373297483825,2.015543789671584,2.3438330556528735,1.459043474132175,1.6223715522052289,2.095033863201735,1.9656177358476596,1.9418279530143783,2.380731656570063,2.394489482431607,NA
Jul 2003,2.58071008900945,2.2246424254459836,2.262347629681172,2.0144367014082105,1.9210977968669514,1.9835480187453935,2.0890636950240817,2.288944591640259,2.3069040167266563,2.4923175779186746,2.425401736693112,1.4894444296876537,1.491573618026439,1.860639063488589,1.7988861723005458,1.6464546594371225,2.703456472681889,2.5128800698164633,2.4889867318954493,1.806080478325086,1.8252643255719396,2.912131203324261,2.5069692083730724,2.6248248259080205,2.599664588476932,2.6607826739926943,1.9773852524903293,1.7907707023534989,2.0414425927043345,2.391938380825474,2.227962064171434,1.655641029231248,1.6680187140601865,2.2036252048559373,1.8993024854375011,2.088400636111919,2.616873458236356,2.5460189019359736,2.4527362797564813,2.538331414462542,2.4250095407924954,2.6798961628875038,2.5046979722546037,2.4573286258039353,2.2065262348940347,2.0761107761565136,2.519864033668725,2.5869089015827553,2.2117629707732815,2.161410997800384,1.777626756856363,2.004884743064401,2.17025689506027,1.8301877902496382,1.9226079196104682,1.8172443254713044,2.249130949188407,2.7416074660914775,2.6017446199631373,2.958925339122002,2.704461276071266,2.6083149259327816,2.5065925744347193,2.6753584403056654,1.798962006903456,1.8329215196273936,2.4262746718811314,2.4669283553578643,2.46684775701708,2.4823883896557555,2.9069450037931284,2.6280196408171954,2.482265093157032,2.1500951223134996,1.5177919466081196,2.388749686562906,2.6313380145160634,2.616822806277952,1.8199748728583844,1.9216156794091936,1.7523550620193018,1.9843728794812887,2.5900238058061547,2.3008578139668057,2.323543546855157,1.9623269883102266,2.4991449058440645,2.0858886952181965,2.526693827153193,2.07123491987656,1.9951613936394617,2.443783182794072,2.426079155070015,2.475058480079299,2.5406009802100242,2.4736295396398544,2.7501592346206403,2.6252304905768287,2.0564918890369963,1.8772246306006337,2.2713374193449,2.0345585220302405,1.8996935735636362,2.1704990705601035,2.4536159746548534,2.3055297325554975,2.5133896586545093,1.7799646248538876,2.0993063914698804,2.3126816376789896,2.4111554954321766,2.2820177523443355,2.7445248548749044,2.23149776117688,2.200144382611755,2.525496489283077,2.4856584888621645,2.602123353728915,2.551549899085582,2.4447025227413475,2.661677080070285,2.0231038126444734,1.7864970677475551,1.9832022523166741,2.67216230187674,2.508322930257589,2.4473200766452923,2.5343600110475624,2.5879242912841063,1.6705848803719658,2.7159605497440737,2.8073609446930594,2.349552013443313,2.223793701772129,2.0116176308625633,2.3395425685391578,1.5469765484285376,1.62435653243208,2.164718207528992,1.9726576482449896,1.9493734546807593,2.338209986654983,2.369333999811592,NA
Aug 2003,2.5955136456897736,2.232754166429634,2.3123600223556346,2.0687744000224213,1.97770485462223,1.9924275973860501,2.1256451962570457,2.3208223460072346,2.2776263674634687,2.5021031827394213,2.4426511600077125,1.5426094165153452,1.6353035792946458,1.9156161971998107,1.8329434995709573,1.7092879006960002,2.6980026734143903,2.5431263230265655,2.4964867377649127,1.8417171622496704,1.8805227508248619,2.8712920841554372,2.5191393637460586,2.6287376950969845,2.6249532759718774,2.6569878819283783,2.070000470298438,1.8241573400696964,2.069119812784173,2.4071668989096615,2.2127971014740098,1.734508030555473,1.6915357264215896,2.2023593993150645,1.9884263534439162,2.1395833253913907,2.589932000285401,2.5606336094494746,2.4501779975702536,2.556634880431141,2.421549811652339,2.6813672346071296,2.5127970545130105,2.522868890311622,2.251974570171754,2.11331273795893,2.5732470541351873,2.5920913722213106,2.26683937602874,2.201724475108825,1.8072632394971455,2.1272101531551164,2.1986816607097457,1.854018180400058,1.9483467751392283,1.849866721575182,2.268540764778863,2.7593563741174734,2.611371409973508,2.9072637963711303,2.733898850828819,2.6364734167074557,2.5235618053779603,2.720410517051639,1.8782031042092246,1.93597176255406,2.412590267281425,2.4618853126974143,2.481708837206265,2.488443055857756,2.946974097632372,2.662861308186448,2.467717551766796,2.159623150215662,1.5052001311325134,2.378302287774541,2.6362507948892517,2.6120719821259533,1.8942821858159435,2.0003690694710885,1.817369593689802,2.0554753975979856,2.560175980250527,2.3377006388751194,2.3812331413330416,2.0179369371411346,2.4939393160298873,2.139681497251769,2.5948952033345183,2.057437659723696,1.9866372850039635,2.4075058243252077,2.391102646313021,2.4943774970950017,2.5172918350528453,2.47963887449408,2.7239549286106857,2.6044643153566467,2.161610775405757,1.9510783566161798,2.2732587303736205,2.0512835758540016,1.9733844237668257,2.2041380940339317,2.4677108114499204,2.4058732719157345,2.530712623468503,1.8156671799950985,2.1190877045236047,2.3404728369009216,2.439824572379332,2.2957313139076208,2.734852368146852,2.2638967390307574,2.1815400187357237,2.539166535157544,2.489364708327238,2.6423154205072783,2.5253670323258874,2.4302338026875008,2.6174804925083133,2.0524816663839784,1.845222652622996,2.044471465831416,2.684380553151123,2.4991267703337536,2.481371473535822,2.6123714372052476,2.5957345997575736,1.6922843541013635,2.7068957721810567,2.7716671837979936,2.390407962888852,2.2533262374071867,2.0699415000078525,2.415388408211154,1.5958572408827478,1.6298804951128039,2.1589142566593087,2.005154427862725,2.008760403897139,2.3575122812794693,2.371060904026272,NA
Sep 2003,2.5920090443700565,2.2608906105747746,2.3274873989162965,2.0101150379548103,2.034218470924968,2.0205985491957468,2.1463443828278237,2.2961300760156407,2.3355573839823633,2.5254806249468724,2.4560329078099814,1.5485200153469783,1.556586631931959,1.916582622229347,1.845989352087969,1.6902058015005494,2.6940759816151445,2.5475661465323856,2.511384704566468,1.8249057534746993,1.9341980019513079,2.905629190070712,2.5040461439123254,2.6151623898394223,2.632253710328521,2.719375467200147,2.077663964951459,1.9060776313931864,2.0635791679492246,2.4342708675674314,2.199838897368816,1.7710182632273468,1.7394334604923019,2.2772099972294186,1.9797877611166734,2.130372705650643,2.5868457521458588,2.5503891727701946,2.526180498897127,2.597016573190604,2.4397321375870327,2.6975340654289095,2.5060513113738203,2.4962197469919887,2.2352038243071224,2.122413180246728,2.6134172632221073,2.6427723481941996,2.274776126767836,2.2187353363713216,1.8467625440982434,2.0938966928478253,2.2186796834368847,1.8893216990423005,1.963100381355054,1.8420764242633032,2.2674725530634703,2.768797896897447,2.6422881734467936,2.960724018267041,2.712364919888417,2.6602098957598903,2.529237941125896,2.7416764444428128,1.9129432623593439,1.9205309118922351,2.4425270252299525,2.4750737895180923,2.4886685557069907,2.4764267842936776,2.927135308119313,2.646496938160572,2.4952136525668323,2.2352211498648575,1.5944139397777524,2.391743775287217,2.644948683509902,2.6132651832425773,1.934801842897343,2.013546114419735,1.8541226117179197,2.0267813095281553,2.5372538052583953,2.349265447532477,2.388689155223501,2.0690943119467637,2.867621688985354,2.1538779402205788,2.574297160259754,2.151312392112417,2.064230714372931,2.434483623578121,2.4346924684215376,2.506247094981921,2.57795372062167,2.4508812040006753,2.7258245480352388,2.582077215478698,2.1680342611630308,1.89374497492703,2.3052170228241136,2.055829160916415,2.0255953598759486,2.2154514934370875,2.4835505208918143,2.411502780577582,2.5511836413128024,1.826921673583291,2.13822043906259,2.306043736618418,2.5041411964044262,2.330739265690109,2.78718152756817,2.2880008872919366,2.226894945849146,2.540722373995007,2.5310879707655762,2.6905137608106466,2.5575764476641734,2.413853871070979,2.6639410007167603,2.0347307091624165,1.9140580030968353,2.0803486857533193,2.678872769939885,2.5034793830896396,2.49096719149485,2.5300919947045877,2.602174296617573,1.7297759625420808,2.7258015593848857,2.8245042468162103,2.3805845166307433,2.287299291325473,2.1214541193394076,2.37972216498885,1.5948663034912105,1.639964707206659,2.1926416805125664,2.0150353401092294,2.055918373766188,2.3769262382251397,2.3496206407145155,NA
Oct 2003,2.610659755862468,2.3099256048297634,2.3565747334802554,2.083407838204175,2.0302961224809697,2.086629196420671,2.195770428371716,2.346376313610819,2.33124163933316,2.5489840150460368,2.4769145993710904,1.592357256873893,1.6143157556696701,1.95302697816527,1.8823868303785822,1.7522904757480582,2.75318498088106,2.5876359332093024,2.5474375317152638,1.8991362220035657,1.8984464814244597,2.9027311994679588,2.516248894883195,2.6316825226880076,2.632266113208262,2.711871829173209,2.106474254366928,1.898702563172336,2.1829051068818437,2.4578046133998925,2.225479316739106,1.8165683309344978,1.7512168937829558,2.257086240302824,2.021722462861098,2.1740158753025933,2.633598873972662,2.575880685223789,2.4961299777297854,2.566054468007075,2.4581962037213563,2.7247750380188966,2.5141347299964507,2.5322652874100213,2.2513945201873367,2.1342772417451927,2.5919330020926243,2.6680874024528523,2.2968431378133602,2.2595814552067677,1.9023563908079635,2.1497017007517414,2.2622441760715946,1.9388908773652562,2.0276919971687977,1.876105886272313,2.3090307464683653,2.8064800542358705,2.6140801999141994,2.9540501020883276,2.755425462679721,2.6799281775551567,2.551401458090284,2.782658534493331,1.9333071712006282,1.9766598333842833,2.4740216889591142,2.4779665941183153,2.503224141485029,2.4847285851545537,2.958308354754132,2.7011385992344343,2.504790798081132,2.2123346718588572,1.55140395202044,2.3811287257216325,2.6754456132354756,2.634056417574502,1.966003001305708,2.011617668494379,1.8750231442328538,2.0807790191635926,2.4921503828013396,2.368367567005626,2.3892356661905048,2.089055488845537,3.0578332891702162,2.1596721428857757,2.579102037492415,2.1155801500454774,2.0812408577328787,2.4796714821945494,2.4610617374473716,2.5279663304309667,2.5841800659086664,2.4762288712526166,2.7389451206464526,2.5621230533712045,2.137738984856234,1.955967246009204,2.302934928405543,2.1034674915279026,2.0181218750183207,2.226613066276713,2.484135747817457,2.415402956554182,2.5815376664240732,1.8535124544429098,2.1600227256302444,2.4018492488357426,2.4626018296059384,2.350253089760774,2.7742902047542937,2.3332984559423195,2.2445637178732087,2.5709915686415807,2.536292824399196,2.656199154747516,2.588993063857902,2.4444081470790637,2.687598815057639,2.0914634519896347,1.9335969765604573,2.0210392799775194,2.685961519637593,2.512228092404007,2.505359354714267,2.6075002181811775,2.6788327304808015,1.7745216589433523,2.730451650385608,2.809520137319254,2.3656273108366155,2.3008935280348184,2.1009688285631465,2.377591762225406,1.6425923301472756,1.732651418209463,2.219307195458651,2.092230622630084,2.081270388009591,2.4173403845371007,2.380509603578113,NA
Nov 2003,2.6335085940204315,2.3184030370048263,2.3713370998868957,2.10742215316788,2.0749223032653763,2.097685330622099,2.2202885907259744,2.3804133048985285,2.2676739374106027,2.5511530731520065,2.505705821243956,1.610185837762799,1.616726115101125,1.9891234870084942,1.926207495996708,1.7991828965387466,2.755475385462027,2.6119776298672606,2.557329114090054,1.9396711666853188,1.9563008230956935,2.9473763453471427,2.5808682273315324,2.6797818424461277,2.6557611383621857,2.710800047346521,2.165475201546392,1.9004755550787484,2.172975623189674,2.4988615806223695,2.288109792857216,1.817825912907186,1.8368675936571572,2.316849572631977,2.0459197712001855,2.2435380727077963,2.660107557686166,2.6062560426846058,2.548219908516409,2.646242104883817,2.4894585583957642,2.7210898086470623,2.566122305174151,2.5769245260491562,2.294142909318902,2.197604570577386,2.626048112900935,2.688786935283572,2.3243902862724206,2.2666951443053516,1.9147099409982415,2.181767597976511,2.282074530940596,2.0133878083852426,2.0380786082329823,1.865782186353886,2.3347853589031367,2.8489175001265883,2.6845500088901004,3.031362560543594,2.789534903456635,2.6911329857531165,2.604919578267264,2.8081356923940226,1.9733804215375184,2.01283255722411,2.4908463224322652,2.4959400621542693,2.53077266962545,2.513782513219567,2.989766186392244,2.677863540382148,2.515563169082755,2.2451459722082823,1.593120961320176,2.446799959667325,2.6899155889482276,2.685789908415505,2.0847880796661555,2.054252183059574,1.9290188609502974,2.130909838857411,2.4908530547219505,2.3863264851631727,2.445295004971048,2.126005103708802,2.8406128417207155,2.218439285312731,2.538243932754672,2.150480459970746,2.107911940091991,2.516389079221718,2.4671954915304206,2.523667732496579,2.600602428679035,2.5370511839064083,2.761670274296262,2.5969824689243715,2.200914409232254,1.990616256511659,2.32591687507146,2.1499048474356632,2.0676114635732397,2.2813561062187446,2.5207006805559096,2.4709612398430436,2.5875734352841326,1.9554572945592334,2.2066576257378916,2.38441870176535,2.526762982200601,2.3206432920699056,2.790203519057173,2.3519805426399962,2.296649855871972,2.603005036437888,2.555990213733833,2.7623723736776475,2.589889230896277,2.5417483470811026,2.6957068453361437,2.122276934239778,1.9729555906522631,2.1363265929271145,2.71501542290506,2.56822445282517,2.5492273227208897,2.608489331543408,2.7244377973473384,1.7999919829021318,2.744566463839424,2.848089869324071,2.4385544954178493,2.3790414674147935,2.1526768268952368,2.4869022108915058,1.6800989466846352,1.7373217846220828,2.2778774630887013,2.0725565279631493,2.1222443263961286,2.4341754199610994,2.3986456242152787,NA
Dec 2003,2.6561456938246875,2.390663182061891,2.4251110858532496,2.160770177744708,2.0867575070617512,2.1294387650506637,2.2643858954444096,2.4167433188222103,2.3479155762327744,2.585293004727552,2.5453733185370244,1.6626157881000039,1.707823755853766,2.0538753164359336,2.0056689202161295,1.8086325143493185,2.8259149897427616,2.648713942158096,2.584640540827997,1.9541866535716028,1.9752499542693362,2.958550690657051,2.6054997661685992,2.692256327621854,2.6590418692614484,2.744371746953429,2.194463907272782,1.9762931655395275,2.202589489506172,2.5201875671306886,2.3143917708361093,1.89239111939523,1.834158486394418,2.3474798087528987,2.0997791096970326,2.20793110173063,2.700269536618088,2.6350082176325063,2.5432732126564908,2.6443679828443516,2.5182176885639875,2.717778370838122,2.5782577321049343,2.616961061420694,2.363203036732182,2.2181764972688485,2.6644317286492445,2.7396701776572607,2.376142419911579,2.3310681498893677,1.9602654677246907,2.224256409948815,2.3111992564291444,2.0403973192679747,2.133520674586216,1.980950803054123,2.3603761002517265,2.8291017598972092,2.724086368099078,2.991898330352666,2.813132457926702,2.7472457061173268,2.618302658921946,2.8469914247883468,1.9716376432680318,2.063406344342656,2.5208036257439113,2.5274312688638254,2.568720732187675,2.527060990976728,2.9684201578464657,2.6993231318395243,2.5410148308613176,2.31806606009196,1.612989475285827,2.4781570691769694,2.699374592817116,2.704109142487821,2.130277947472024,2.1485331863361328,1.964050413971961,2.174089664796214,2.649835260357763,2.433347310672789,2.451717524130309,2.216635370227324,2.892728536211726,2.2472631621791526,2.6235914006983916,2.238034029218184,2.1378274739475565,2.5431994648542213,2.54112320203748,2.5601994753807436,2.6073865074848177,2.616520872703776,2.798376528295455,2.6199459007313295,2.2776945856546433,2.0591581012446385,2.3862916296353762,2.1772995374782975,2.091996058630251,2.23421674565879,2.551141593246033,2.470074156752464,2.6161612567528882,1.983606067035519,2.2315688954632424,2.4578843589997525,2.5464542219264286,2.3515533282400605,2.8169195488994294,2.382876918888267,2.285404368911139,2.633312821992575,2.5375770422610824,2.805429845298713,2.6209448530823987,2.579384900347056,2.7152732843613268,2.176593127959896,2.0889906032077397,2.2127659253566523,2.73387754927267,2.5793204565147168,2.594141901163131,2.64029684034839,2.7043684032599766,1.8916481580551086,2.785836733285112,2.859529847373948,2.403837776664853,2.426775894414657,2.1640696516190574,2.475468873080579,1.7647451829379415,1.762353461710471,2.3011776753027755,2.09666504088933,2.1750644321500117,2.501632675551722,2.4181719170976708,NA
Jan 2004,2.6764266208961724,2.360210421609123,2.4019760242632637,2.129520437254841,2.1147502922456933,2.0896084296351933,2.2429729316026092,2.36526964455893,2.326313116589619,2.5857943548245137,2.574661402331836,1.6461164743628631,1.7217542542104598,2.026310466177022,1.9953179722539343,1.8135004568006328,2.8198643801218606,2.686233292317036,2.604029232777075,1.9717429034255243,1.9671594882441545,3.026506849032417,2.601669059523884,2.717402636448438,2.694398714021327,2.7638987929014744,2.2204727249899925,2.0211987411358665,2.223133051962904,2.4999548512117955,2.31100286409085,1.9476590474365054,1.9039060000113397,2.369543603109709,2.098928892072851,2.30206152515102,2.709959549080495,2.6372964008457513,2.5575652264008317,2.612501283550769,2.533939754604742,2.7608441501583743,2.5837283128365733,2.6321735527998427,2.347711850034682,2.240167006704789,2.6741138583140946,2.699149252894292,2.359993854722583,2.3020437414029753,1.939311061463116,2.192770667439052,2.333879714967688,2.055401624391835,2.0965896098202728,1.9692716109432895,2.37441835759919,2.907785727031418,2.6506474013957693,2.9702006851704486,2.7544511923850337,2.7226703494512816,2.6491237488303763,2.9192713019375414,2.058614513570689,2.1209908590610946,2.5180487673336103,2.517994505202387,2.5647899966866956,2.541536935379559,3.0281319787523655,2.726795472023879,2.5349074099367925,2.292026767927462,1.5951908706630489,2.499999829887908,2.7110915720809587,2.7007976261415245,2.1632266259045454,2.0876152353341566,1.9796247439962482,2.198005362462872,2.574812037662832,2.440626487618367,2.4038816754806067,2.217021685361645,2.9831222443519922,2.243179937902139,2.6227785692724392,2.23541363237414,2.1415874061098434,2.57570628426459,2.5168826521102345,2.587775224367184,2.6265808780022932,2.574764866196434,2.8100936078648493,2.690077788130458,2.2845024362926747,2.041001375184014,2.3483017332223532,2.128921224198498,2.0798723423136094,2.2390717979916888,2.566964751609874,2.4984671601647026,2.588045020538645,1.9596743554349845,2.2894236293481693,2.466156995162785,2.5755108182447426,2.3474363591321272,2.8172708104904003,2.375419289887858,2.2712863406977726,2.639713178194775,2.6017083568478263,2.764020272347445,2.6348655844702606,2.4802847892533895,2.7252217923143855,2.158597460343344,2.1070878648951292,2.2439759917930426,2.745276043519429,2.5814099296552118,2.5655386555516353,2.630853460651795,2.7145062005590392,1.9116284261370777,2.818057444699863,2.855396412714593,2.4368372494655954,2.3888019188532708,2.1642112237238287,2.5039605648153196,1.6842271166147849,1.7318549461282573,2.2500564284309923,2.0970774940508354,2.193421289511847,2.496334650324294,2.4018393833761333,NA
Feb 2004,2.663286838895707,2.339670379329268,2.4628089226307606,2.128334769975091,2.13003838067048,2.166495972446395,2.278110882146136,2.4106737107518628,2.446949858721071,2.6341404894325304,2.6120483180942884,1.631451123636135,1.8045653982838505,2.0672442039713523,2.019024863431828,1.8556280129112084,2.859467448637543,2.6723646428648364,2.6290709867281263,1.9817825563030669,1.9989605469283536,3.0396025647348583,2.6475498744095654,2.740288343093228,2.711693429471552,2.8462576944889295,2.2631747470912393,2.0154255741185896,2.220710429010145,2.5380114957770425,2.3597029884934493,1.8834638061022368,1.9147539108458838,2.3934452816602456,2.1846847987599083,2.2676702719186204,2.7431532060449286,2.6546706352297464,2.564662379340262,2.652326728562927,2.522533597326093,2.7733839274624663,2.6080722060848536,2.655610205030028,2.385642112897301,2.228480537302944,2.703335930356294,2.7313562051596625,2.416801199509845,2.3179299178293693,1.9593474134694355,2.2589979216859453,2.346207882619687,2.0666480585041054,2.1538928767983423,1.9836091957165143,2.4036046886959337,2.8616887788264647,2.671054054529326,3.026574761065212,2.7911409970572816,2.725838600821304,2.654778102518027,2.921729414732349,2.0430685786296934,2.1037094003080306,2.5638516729616567,2.5404058480617926,2.5513335975804963,2.571719777472364,3.0726693974746917,2.745743356346324,2.570974099704118,2.3177808506651814,1.6625839851726312,2.5000553732173723,2.7307410290739127,2.741251762353878,2.2557054121113946,2.092154918174685,2.035332540506983,2.1887584133593894,2.6725253874759334,2.4479092137014686,2.4995623297801153,2.1767809545082395,2.903565022513334,2.249163911191776,2.669049135403958,2.221361787015114,2.204714080144172,2.5418722932231623,2.527307014995405,2.570639908206346,2.626516708094454,2.5855006811049863,2.8053951198254503,2.6561510834666464,2.2635906812356286,2.0295819074151056,2.385318471054832,2.2256141430896212,2.1295525096771115,2.333518700676043,2.571072987886363,2.480170935207772,2.6382129267794134,2.0449759725245706,2.303419992853908,2.446055119241074,2.6032651858126616,2.3605274568237835,2.865409527717108,2.4013407547767747,2.2768986664463777,2.6409556081917973,2.6369431222925632,2.8646183878619507,2.626480200838899,2.563530233303303,2.724892903418174,2.2515059537265802,2.152028623225715,2.2061193122660865,2.7558157852482115,2.602371459819701,2.6078350247844346,2.6779297891902716,2.7686260732295924,1.9468744079805977,2.821058873765375,2.879276844909976,2.481420736890987,2.4381521676755007,2.22746587105322,2.5384259708686345,1.8096170436722756,1.8283984404713662,2.351213591864879,2.1129576491327122,2.154594167864963,2.4769077222937277,2.429799406011414,NA
Mar 2004,2.697777074483149,2.38730550895422,2.491855097989033,2.1656034789132117,2.1364746448689522,2.1897089888019132,2.3206351796635665,2.441036804969953,2.440225961790225,2.6591086844147918,2.6077665569114625,1.6939220395776455,1.7469593259214322,2.1144248591326984,2.0352965807117034,1.8554707000434487,2.857187678874383,2.6744259930253573,2.6490018885105266,2.0253468706565974,2.0059365451356266,3.0374074493717074,2.6385385779727595,2.7342461714275013,2.7283290580095496,2.7793137501473044,2.35111974044024,2.037069879279048,2.2601761940323764,2.5687511460279997,2.3862309229438705,1.9728391477325005,1.8812620411657748,2.412478573557704,2.1955925587494876,2.306687315458581,2.739101993074789,2.675127854199301,2.6067228461222873,2.715409453719309,2.5589089611143456,2.804996262863225,2.6213337386552453,2.6794026157866395,2.392883507784391,2.2543823087080685,2.684195828504974,2.762836526851319,2.389300443258677,2.3590046106686877,2.054319811478339,2.3101129785872216,2.379145900685605,2.1030002755033115,2.206270981211802,2.0812584487580703,2.4507956279489,2.898436393940716,2.710316873142001,3.075417793420829,2.8168997970308216,2.7779198464273542,2.6815487303645273,2.923299401008834,2.0889766327934685,2.1886634488748533,2.570338004487002,2.5722132401864,2.5681289678994617,2.577323244438139,3.055903527730486,2.7450494412194693,2.5697009586835016,2.3819899968471736,1.779521668276337,2.5465703323851234,2.747989895169506,2.7683250599171436,2.2339419376807097,2.151844709860552,2.0331361767572655,2.1911135207008927,2.5605930309825555,2.480089782937802,2.528291711840411,2.19670643487904,3.10180828243584,2.3119769328426205,2.6452482801198696,2.2922028107394326,2.221238409774184,2.588358178766415,2.5809013619350725,2.6252840127871417,2.6655051096526967,2.601613550808309,2.870500058614086,2.6642626010120987,2.3170715545703415,2.0655642810508503,2.392474898600597,2.259853356003788,2.2185533651363336,2.246794578425383,2.6170861901766025,2.5231794498846227,2.642515314703355,2.1073664179248897,2.315955416583204,2.4835766353623168,2.645174417101854,2.459115020597671,2.8213653662881244,2.4272065199043684,2.372335671098218,2.673800450352576,2.646104923778347,2.87478808052755,2.6670943727225653,2.5663897707705905,2.7310513017270703,2.3048155881948125,2.13377743504154,2.2445986623577605,2.746429338394273,2.630808133822779,2.6280671345819555,2.660049965260936,2.7892854047417814,1.9010114858211589,2.8541363696130038,2.8878032204635624,2.4930276845292627,2.4244266462877744,2.2372931075443248,2.5421524801603805,1.787393642065471,1.8965506090292397,2.3619339350389446,2.18781495278083,2.186897884030487,2.5283003111152875,2.434162322810156,NA
Apr 2004,2.7266061368713133,2.4259280332941535,2.488332697613919,2.217215084602765,2.180675444711161,2.2264018103301786,2.3344945968255137,2.510470377952127,2.4422791196578006,2.7121174141159243,2.6469494261437503,1.7847699155684962,1.8540769292125476,2.178529960747001,2.092349169648404,1.9594249500663314,2.8958435839916494,2.7143727803324436,2.652475268191058,2.1071832119004306,2.153058130699694,3.0465318636878895,2.668804298966232,2.81792736073155,2.762030545530329,2.8048190953554872,2.4119951321784368,2.1914881460631803,2.378424863314384,2.602230072976579,2.423659379402395,2.040488944932276,1.9541196773763794,2.4578781247554446,2.267686787323386,2.419191945855079,2.756080872098372,2.7002129088440627,2.620490452852406,2.7250349451637876,2.6027616360893284,2.8241286459425248,2.624737840488938,2.7338118019952535,2.495284603150903,2.3184929178295883,2.7607284225970505,2.7619051578874534,2.481508416889629,2.4587571425401373,2.1500476249571867,2.473347630293333,2.4491125407183967,2.2104688056519746,2.2429047749428443,2.098448574461998,2.4734786603270793,2.9061184381286447,2.7291588381322014,3.0566022820469314,2.8652466127606098,2.772720494216697,2.7580922940873487,2.996746529330393,2.120658262298615,2.225717678214715,2.6269191520565647,2.5838286170669473,2.630826877332031,2.5954981946215874,3.1223618670659725,2.7500194994439515,2.605925166607366,2.436199565450528,1.7855780271490669,2.575789313477887,2.77576285917307,2.754982511867739,2.324283209568264,2.2297499523537083,2.1096329617689973,2.306500797084034,2.573167404175438,2.5385356328886215,2.589814816719543,2.33934442022602,2.9759800803105922,2.3216161407546427,2.702451575211131,2.3238687353197642,2.2447205575751314,2.6096291633352635,2.588543990048943,2.666812384747011,2.722809892190516,2.60043192461759,2.870799399720236,2.7092355497334095,2.381213658804804,2.1900448847126297,2.422448942918687,2.282063603944096,2.203955703995139,2.3338445885307415,2.6154476187134863,2.59187469120823,2.6727648221839195,2.127880489188615,2.3683068244546965,2.5006448520612943,2.6704119098851913,2.457385668222364,2.8914271028843217,2.4769010284011834,2.4670946436611443,2.7123664487850716,2.65848517726913,2.8837082367380167,2.7268002568675693,2.5818466805388445,2.7989345924688953,2.3788207208805314,2.2652510927753595,2.397931884327896,2.820649609309815,2.616644447113435,2.653654365808101,2.7256561178628496,2.883340722277809,2.0341736093609923,2.8993766636196545,3.0101472804846305,2.512246897000972,2.4852561805464286,2.282366775473164,2.6258961505831184,1.8422785168805536,1.9253863551559944,2.4516225443492483,2.2376023060237418,2.196290479624977,2.6882809011288873,2.464937073221589,NA
May 2004,2.7764345684808736,2.4729728807120273,2.526191437721451,2.2632756100653553,2.1995761392379722,2.253861596441049,2.408435332989905,2.509759404701174,2.5599040741528483,2.7362191213214024,2.725885963621798,1.8417482779442498,1.9700595020279075,2.2754038718873484,2.161416862958332,1.9886100284946606,2.957281781943826,2.8148456893587417,2.6577723510140805,2.1409111976186534,2.188839803263433,3.14645178926581,2.6904010937428287,2.8259646971565666,2.759303471890015,2.9017401818902524,2.4304483993417296,2.265450197346924,2.4307863745263143,2.6299157902000525,2.471416826775437,2.0918211080092677,1.9972724072781043,2.543423080205065,2.3828162080093453,2.463524061189984,2.7961928707798505,2.7408766414677697,2.646725893777327,2.7570503248269147,2.6556160957306947,2.8516828688708844,2.6635382074770346,2.7331440566963012,2.531123218312367,2.399557278442229,2.7506441073373056,2.817692393702695,2.507333090058423,2.484721777633502,2.215760794640642,2.4871143211809774,2.4657737951154206,2.2808005384004923,2.3022318877137677,2.184634856896769,2.534183817592709,2.9758230852824172,2.789659466338227,3.069278452276704,2.903763642971289,2.798764677255979,2.816997870284786,3.070277996338363,2.2554930717799606,2.3103122267372407,2.665486060472237,2.596694767810782,2.654975692492256,2.6295558898093967,3.109148996556303,2.810402081529716,2.637355401726017,2.450913787038922,1.8587114684001882,2.596942102534841,2.805346053712963,2.8262057735445048,2.4243781830996487,2.2534200068125383,2.2055355377570622,2.3841879855349055,2.637768034638995,2.572946488656583,2.650440372451895,2.381852075245015,3.011497129346211,2.38978754538353,2.739498817253481,2.343725040998661,2.3213887678206877,2.656134329827791,2.6646543832547964,2.678237875158771,2.737758882844853,2.66702927286205,2.9519822179949293,2.7586576050601255,2.4308631139560872,2.216059641151856,2.49853897402808,2.315754450917304,2.264703701235338,2.3517038761775506,2.6676224854537245,2.617205157510643,2.709493603980892,2.1641804095830626,2.414642252790609,2.607121092239767,2.742440575758455,2.444554318344486,2.9414100992369527,2.527902096340968,2.5195321632453087,2.7548317001046585,2.71527909330965,2.954331398175288,2.7536894039120123,2.6314303745453897,2.8526080255400195,2.4183920701643773,2.383572681364344,2.449321568777791,2.86911623636084,2.667100243735901,2.702541590650106,2.7911882918535995,2.922368927936324,2.118801384880364,2.926061551212887,2.972310444277469,2.57601728172899,2.4969052672323544,2.3083970237598708,2.7009159712013773,2.012056253287653,1.9487534608879693,2.4477087537187137,2.29495907110079,2.2419326829117323,2.6847457278476172,2.5379389813469215,NA
Jun 2004,2.815788814268344,2.517698086648899,2.587659883187126,2.308177254527117,2.2812689929659826,2.254391918688765,2.4740116348954713,2.583912504991382,2.5602321649546793,2.784236027527412,2.7587651705781275,1.8840414864199828,1.9629051502188084,2.2924220461682014,2.193155122718921,2.0301588594178273,2.94340799162098,2.7963074165202837,2.719659012291481,2.241332484091714,2.2603483744198383,3.1800039815157564,2.764677743354412,2.844223870659012,2.8165425150500667,2.9345626384666685,2.4665692047661256,2.3075656937759694,2.4279740922478403,2.6603134166461517,2.5387359066115707,2.1437515327512195,2.107893406697853,2.566817262551102,2.4170979132663692,2.559081410776138,2.8519891598128146,2.793083678695174,2.665569322690379,2.8560796357383693,2.6929256649779236,2.8609795332403216,2.6766323543372175,2.864330357897552,2.58894366681283,2.4335950927151657,2.784815612216427,2.8465719178947975,2.5494290152542827,2.525329641132593,2.285072473230115,2.513634082266129,2.533200908213259,2.3057912051190037,2.3553478414862257,2.2258859422266526,2.5451503646550866,2.9820796951165596,2.822819131227352,3.1543097117500953,2.9125826856930583,2.8955387092242515,2.8299184845447636,3.1207603500572527,2.2643008853218363,2.353293302900356,2.7294420166482336,2.6242292328838235,2.679172477888553,2.6558932415838967,3.1282131807881632,2.8637874940877035,2.6598456251802274,2.4705542305389874,1.8954585074162653,2.659771027910442,2.8336356893532884,2.8162357750734826,2.4876246076604005,2.3334030109852755,2.2529471434711414,2.4137755423162206,2.6534871976923924,2.6346631917560295,2.6870733952497035,2.4946518225555514,3.0957747103309496,2.4281983524012807,2.749153015522136,2.394437546032196,2.395699362936663,2.7021460776709874,2.6976610801147425,2.7468284863850583,2.7763242703201114,2.7225983331602475,2.966253737077923,2.8027927897830756,2.5180214710869735,2.302171418107835,2.5319885869685588,2.4051824078698685,2.3273576045615147,2.361827872661791,2.7304665956003658,2.7194109781897615,2.7161064669510457,2.2533678410674836,2.5040055162570005,2.5921580918605756,2.7300790727557143,2.4286952111208184,2.955771227347995,2.567715882656214,2.56326323418151,2.7749653084789743,2.7229264286688264,3.0059469876190703,2.8132287542419383,2.602548446938634,2.859302351479524,2.4730418858384695,2.3816798555394256,2.5405050074187154,2.869814564241901,2.7104700406315203,2.741876590848632,2.8063643651679855,2.954750314782387,2.1641652394846704,2.9803668596868516,3.0504041132570094,2.5946597341364543,2.5939958796869793,2.365275009088544,2.705001727021733,2.0081207820817166,1.9969049646920445,2.5336219372291575,2.302935087749357,2.3412912684197384,2.7831571606991847,2.5513247677161166,NA
Jul 2004,2.8000760395656727,2.515335117819513,2.5990266750374462,2.3226594805322787,2.356492763840276,2.311073476190972,2.4918989649723726,2.5800539848669133,2.549873110422774,2.8148549107137555,2.7742081244234686,1.935457974962684,2.047365398029247,2.3308437503411614,2.2375629365240512,2.1070680938334756,2.9699498586941067,2.840019405253775,2.7148577115178787,2.251344326660849,2.2755672903333317,3.1799864093810366,2.7535072654575004,2.8631456817723926,2.796924446628859,2.990670765913449,2.5399797296681434,2.3947210821216185,2.51195891789563,2.7039500814727333,2.5601568472603566,2.192145806901571,2.1236370872898687,2.63210792846874,2.4773076651608203,2.5569192177616697,2.8460710724425202,2.8045459875768746,2.7145131636145887,2.8498522135958795,2.7404727014189176,2.9069546332889895,2.71099088527179,2.8484210856996612,2.6035985766281984,2.413751454544788,2.837112039836975,2.8358924177427554,2.6165807377505943,2.536066037791464,2.306075444737612,2.4971019898115303,2.5500573705091916,2.3340338918570156,2.3830462582495278,2.3098451881990614,2.6122719145425024,3.0220917347386442,2.847031640875741,3.163725674409637,2.915069877209448,2.856078606821044,2.869907529880077,3.1857134729155705,2.3655634331349895,2.346422602317566,2.7270074155520216,2.6530143537093376,2.681572063464197,2.679643310468062,3.1943720160348583,2.88040684770197,2.6756892540223474,2.5583717038781923,1.94488684456444,2.698942202827428,2.899412963097385,2.867278977356013,2.5685742098013824,2.3591217413483814,2.2964694647911745,2.4730578309439655,2.6878585181869137,2.6598651830185944,2.726131143329336,2.450761368772681,2.901790345199091,2.4807130837079034,2.8103125805729086,2.453038816118332,2.3912703665771886,2.698634069238041,2.6965645886217993,2.7250738473211666,2.8201455214712436,2.717827357180034,2.966680588768935,2.772739159999369,2.5167799867767524,2.337193761506991,2.529849529776451,2.4521687796519775,2.3939178889656025,2.431581458904059,2.7320345776915556,2.7079064002617503,2.739336147707354,2.3782050403054247,2.482061445284105,2.6626981915023515,2.797621082807482,2.504089749424298,2.9522230700610175,2.637809976044774,2.6011057028483173,2.784952683221033,2.7414783223798063,2.996850054286812,2.8179596136952,2.6762399984877145,2.8937553793269744,2.5267793735780124,2.536565638748191,2.5497875267077488,2.8887746565692765,2.720763854777626,2.7521855514866256,2.8015458247899354,2.943913786921531,2.205478223077208,3.0077162956709054,3.096621136376836,2.605595558325324,2.6300024250448546,2.4198678552811845,2.754024811653435,2.082309244989944,2.109671300799843,2.6099939894547344,2.3746552457865997,2.3350946534033254,2.761940670502897,2.567049515710843,NA
Aug 2004,2.852101137364668,2.567849494723551,2.6348281933745947,2.3931091965362197,2.3510124798820176,2.3164837244786614,2.51911356644343,2.6229463756893376,2.5884617802889336,2.865955935963796,2.834235529246701,1.9110242535706319,2.0621936993199723,2.366686541452609,2.276729779038836,2.1414815914895837,3.028954766982777,2.84330655994795,2.727869112252723,2.3073223377348078,2.390598739291551,3.2479304145399355,2.79410438720371,2.9201485538277066,2.877018299531465,3.0000523037737725,2.53489291657964,2.4618216253366367,2.569936705886177,2.709357870444158,2.6124647617017964,2.2507065796564105,2.2063209092357012,2.6424961197977717,2.5332540163902593,2.6175211391724167,2.9101532113173323,2.8110015504143204,2.770526814098169,2.87258562917071,2.7447972502213664,2.912246820802313,2.7500083067695957,2.901822285394113,2.6759704200567263,2.4639652788248365,2.831798051400909,2.888993329145074,2.6158850603085555,2.5979718315189313,2.30778262997606,2.597989216510964,2.628206299888813,2.413494889835033,2.432405153560738,2.2625662420662587,2.646908263404114,3.040766165569611,2.901768159730516,3.1960667167248435,2.9965657800267587,2.8547421511716227,2.918196684174091,3.1702752025291248,2.4850522547133176,2.443054795641842,2.750545366503634,2.6803845456316893,2.7051815631586282,2.7110585697769642,3.180027037063507,2.889245720354717,2.706796058476232,2.552664972708866,1.9837625929272156,2.710548162572717,2.9094162616669066,2.8618743782981926,2.5000350865121432,2.4642279041134794,2.304317163892788,2.481928665307646,2.742965070690494,2.696313491659077,2.698101204163457,2.470769554220626,3.1945451031580046,2.4826645453102896,2.8223713541620112,2.493667395392994,2.4614232856857714,2.7680771941068323,2.7072996650138266,2.790770541912772,2.8370209775503628,2.7939545767814136,3.005021808848393,2.8248943803060986,2.596029476785924,2.363159797812041,2.6145268706056757,2.4647022164049166,2.4345100300840543,2.471613750736282,2.7717095375189684,2.7298858817615823,2.7709445434667632,2.396765229308804,2.521845562473322,2.698748726691036,2.8276625378030795,2.53541004979895,3.0316968715392654,2.6407437321053324,2.7102978772346447,2.821491811063052,2.7729491493020184,3.0783856191336674,2.8462283998092293,2.7561731781739067,2.9203739632413095,2.5156441050898786,2.583881569931957,2.640398305946821,2.940499644301092,2.7672359924509577,2.7830893164364645,2.8317045767681166,2.958798472549854,2.2211712674882733,3.0192359304574437,3.116506207032438,2.6102488040416842,2.6699849649930014,2.481710831958159,2.8403316564609673,2.1370785599368647,2.179435911706305,2.6358127498779087,2.3706543469005417,2.357340960049607,2.7784157070600815,2.5598220552381497,NA
Sep 2004,2.872494013253557,2.5529149290130895,2.6660551477179144,2.4226953819152506,2.369914752987119,2.4011304506195064,2.5281428348062245,2.6434925561424256,2.6116052420258513,2.847882923603346,2.8377441340295477,1.9623785514125676,2.0570447469053272,2.367166227681187,2.2945521597258773,2.137987091894866,3.057661564995275,2.8513452418927687,2.7603558001391755,2.368217579371832,2.379944737031029,3.2640386185510226,2.8111339617365063,2.92244231262454,2.891677130607723,3.0314593034753154,2.532204647856954,2.4496541016283686,2.5614465005965834,2.7458139256542986,2.625618524363572,2.3269414546394187,2.1802228759750792,2.6620998396515114,2.5616191422995636,2.6225211484670066,2.8887369984816136,2.8609618515042845,2.7979532677871166,2.934051732850086,2.792045743168239,2.9651146290284833,2.7610615262614155,2.910721446137964,2.6391781778674654,2.4542176137795138,2.85312444921679,2.9221962168490507,2.6787716120467433,2.643674525068512,2.297396696411566,2.7206671594931437,2.5813269847330957,2.451565162388431,2.4762320058741936,2.3067049572751808,2.640576326503914,3.0590515103221367,2.851857539336392,3.266432218008284,2.9881555054806976,2.862110271142589,2.922208649542969,3.2256744725321678,2.3124205861359677,2.4178883301886716,2.796835664606935,2.6964564485459097,2.7145152480248886,2.704708749691262,3.1511215406221136,2.880925768278658,2.713253417295486,2.5833846903042557,1.9466007337674467,2.7750822831753394,2.9323504629947648,2.869082395389277,2.6391310234325345,2.5063302483261767,2.3391323448115915,2.5350389060219007,2.7424527089428556,2.7127234856612703,2.829502611725139,2.529065031894865,3.196429769130435,2.5038825279955375,2.834693670631719,2.5434140241489587,2.4454093950158944,2.7746445546353664,2.7260105231332403,2.799927384591752,2.853547632754247,2.8153901598213094,2.9866842365396975,2.8826627084758907,2.5751013925443957,2.3533088449242445,2.6023183594122155,2.4918632142452264,2.4536487204133017,2.499790190749532,2.795647953647536,2.77750599766501,2.803428292475493,2.285977923754287,2.5796879381294926,2.7062315876720398,2.8236353435456247,2.540133474875,3.0036462678220923,2.6500646588086014,2.7363917221626557,2.830611217703203,2.8223978496954865,3.104658896875639,2.8440505324440317,2.7779602707763544,2.9498996166198057,2.5259968451727697,2.478108635967426,2.645396325289709,2.9698346297713645,2.768364880579956,2.7986586568114604,2.828679464242467,2.978565278213333,2.2685258219691193,3.0119894256443573,3.1138575586891815,2.625105818387813,2.6725625814354714,2.464226859760668,2.7597061772449814,2.1792992167850564,2.1760907419029607,2.6052354948944556,2.4081305910662922,2.349568513825349,2.7686557600432895,2.620196319433563,NA
Oct 2004,2.8742802850120954,2.5963412001248622,2.6728338131727707,2.390676091398529,2.4060950754001165,2.420510814004007,2.5444016754214394,2.659050858926931,2.5986163358072045,2.88373576987253,2.8526400397468863,2.0239936373147325,2.1421414100102982,2.3848774493817277,2.3678480034214293,2.183029005700506,3.016480956302756,2.891078285842844,2.792310634322362,2.3515091730306388,2.3741588609229924,3.274448952448354,2.8207999232112146,2.9300586195539653,2.869357019052864,3.0363436210517305,2.60983913906063,2.427724511486458,2.585989943522831,2.7288113511738454,2.6387168442652325,2.3176054257891487,2.2046607113483563,2.6838040323437746,2.551722914184564,2.6476332715307405,2.920971438907143,2.900809304827328,2.7629841979162038,2.9270056655651957,2.772237606310163,2.9414417111486664,2.7286714943791486,2.9646593175806526,2.7345564404881255,2.489908967829094,2.857794093795339,2.9097961767761933,2.6636067637906975,2.5880940782431776,2.436842715275311,2.6341445725800305,2.634234613741528,2.432922151828404,2.449232989993025,2.3097927267367235,2.6729218374666233,3.0678355769353445,2.8822099725994907,3.2421347943991154,3.0076823397372974,2.876725755821833,2.95493140812292,3.246475253342243,2.3974336798179205,2.4613192929135836,2.78733229404414,2.6874398933125248,2.7154036762757348,2.7176803815059554,3.252494671822932,2.8927145960703315,2.7242364097934972,2.582567936614303,1.9656858501667667,2.7671122037679368,2.95036220871364,2.876712882634383,2.5714184312063844,2.5738283516693525,2.404952757419646,2.5430352211334704,2.7345568219336465,2.708920304626371,2.7518617017837794,2.5698648100370285,3.1076320896247926,2.5344756781875395,2.825694767648516,2.551528194204632,2.4909036338435775,2.789158316026537,2.769328420701485,2.7967330388413485,2.8873718671744,2.7641917418385895,3.037488666412166,2.828976646868272,2.6276647908219712,2.3664242915575615,2.5845286992272585,2.5120956922903557,2.3612575326144603,2.5249100758214347,2.798555941010393,2.7592788281555194,2.8115851007695896,2.445263268393438,2.5601050921613826,2.710622662922251,2.8075215630616897,2.479289079741487,3.0189416636952906,2.61975232314711,2.7401194345893454,2.8588206133201077,2.801975683873761,3.153620104464847,2.868786941035964,2.797764374479017,3.010326519887159,2.550647606687846,2.4206411008943807,2.7100936600441314,2.9459056393147782,2.8121873169655727,2.8315454016490142,2.8561855490213506,3.0466800132818204,2.2565519571878805,3.0344986075532083,3.114952545329842,2.6095197977116436,2.718488653178669,2.4595716878237175,2.7950926608922924,2.1008765400820737,2.1689673549624975,2.6492190236760367,2.460302122606694,2.4258046474260424,2.825253413110521,2.635193066701013,NA
Nov 2004,2.876916823886835,2.5979162579200334,2.6845652858284224,2.4266960813464116,2.382744452448388,2.3956018489578574,2.5725102400438384,2.688826052606497,2.593245182144619,2.8857125529764414,2.853508612567165,2.071727639107926,2.1592018583624353,2.430931221588996,2.301475380464644,2.206948104550818,3.041592801890823,2.902396092915411,2.8056591968305318,2.4714531118045544,2.4362248519904885,3.258621124360777,2.8350203082674668,2.9743926707451727,2.892460783002518,3.0435245644135653,2.5707586516840295,2.4527337793000137,2.606074519622591,2.7729850092361756,2.683076359669632,2.300528887358741,2.258152925997764,2.7487787103131915,2.5840388680725326,2.64599809135634,2.9568654307054127,2.897388948733026,2.8027999991157007,2.9511360445329164,2.812876089018743,2.9495475987121664,2.7260268536955117,2.978860811533401,2.6905831814088,2.5249660405335046,2.889242821814439,2.92510252355851,2.6811375165788043,2.674399699237663,2.4508045246895245,2.6334544854512814,2.6366031679432465,2.477445686707533,2.5052108473289225,2.34946586683113,2.684144876272126,3.1103708519530144,2.8717873299234573,3.2925982999868175,2.987976430797189,2.8832189142106186,2.926420533715369,3.283528514917591,2.4288598225702,2.45457037265441,2.7705123568675982,2.7007050013338896,2.71393145155738,2.733233262766188,3.28546637373105,2.9031568803605645,2.7140362607976347,2.616085360280354,1.9620835607652283,2.771566373064189,2.953184534341139,2.8759614066665087,2.6153223658858846,2.5719863974910595,2.4224440617312175,2.6304027451082215,2.6669671983499046,2.711349861449019,2.8053790633394096,2.5509818982383052,3.178839907090397,2.5676740363951307,2.8284233195911006,2.5534873798356226,2.479270511442839,2.785198059064988,2.7481629613166816,2.8016049115402217,2.8600998544485274,2.8140569410704086,3.075281162453789,2.8211442191391396,2.595200035277867,2.436815127591667,2.5913214264405315,2.507827840812406,2.5005084434211016,2.457092383169377,2.814355797430224,2.8131538498915387,2.8029828180768255,2.430399515699448,2.634902954464525,2.656928433629114,2.8436266201807965,2.5381171291131643,3.044295084973868,2.678974937128477,2.707254127777016,2.8970905466600447,2.7782350185918365,3.1139926137995237,2.878849944379337,2.827701939030758,2.991282577199919,2.5628741927350434,2.417783812543682,2.704128838173666,2.922059253964741,2.7953061048761043,2.837059919243083,2.788357752133565,3.0465410594263185,2.3384314179306016,2.9938933867098894,3.1467422734177535,2.632935191676202,2.7017336400967116,2.4661178292217762,2.828102887328771,2.1521371013066997,2.2153945345780857,2.7177749642992053,2.465085681985394,2.4678191716402678,2.8170365360068224,2.6290316653856567,NA
Dec 2004,2.907513883626398,2.6340532279217737,2.695774915043572,2.4537752197641414,2.4843679487535617,2.5575360174640127,2.602048339386624,2.700149686197581,2.6754514040664903,2.865685095356505,2.84358656807488,2.042243996050608,2.063983840890387,2.4010860998058803,2.333432885685914,2.220405419796078,3.0527273609472405,2.852687326693882,2.7606917274869316,2.4061877030225443,2.449289831973827,3.318148772516309,2.8621763779881557,2.930053532049451,2.8949126150666586,3.0636744347466593,2.6331517250931245,2.4362991116572164,2.6045538351561857,2.7638524250431793,2.6807635880744085,2.448355528571607,2.256043753197106,2.7272702877442203,2.5106884820785362,2.676652455762189,2.9485587656246284,2.9030305413098536,2.780205426974457,2.93695673735433,2.8108117946204794,2.9732336821234004,2.7620421901570915,2.946390783441416,2.724308211302659,2.533384188640244,2.916457244608758,2.9619694283276967,2.6399189464657815,2.6492111603445134,2.4878057509604776,2.7393607417768497,2.6753017901161757,2.4855751464629567,2.514476691673407,2.345572041652217,2.689765981655704,3.205756960465552,2.942618136942785,3.323413381863199,2.9365630379086647,2.9275140926135177,2.944343608523713,3.183633092716081,2.437638157999496,2.4151599450116303,2.8139208045449005,2.697378883673975,2.7578810201650326,2.724054581011646,3.306113276289757,2.93579813536879,2.7561936490686003,2.5917442232052963,2.020265678554102,2.797730475960215,2.942746835018692,2.898132867702364,2.6996487827582616,2.466327170879195,2.4613609151080373,2.6616497996947603,2.7484186432212057,2.751286684011274,2.840777233637842,2.626487861819267,3.1503042945642936,2.588255229047029,2.8419215629928556,2.6125760720363607,2.4831024578659338,2.7809297561202344,2.797902030522686,2.8084899077227687,2.869149004912142,2.83656853445428,3.055562039283309,2.8200314125711063,2.6677900845248246,2.5127313228515153,2.639070471038086,2.521570985847896,2.476082845484934,2.548302871780489,2.831307452917609,2.828420887904706,2.8167642768994816,2.4765738257945302,2.6018005410297995,2.69736738309573,2.844406977086825,2.4871928395209246,2.995878466230774,2.727799043972587,2.7150259466464117,2.8841252622691576,2.807852625301313,3.1632152761283368,2.863443060476415,2.8197800755538722,2.9515343975780843,2.567066446647014,2.3959362245530755,2.7458734589179974,2.9243914354291234,2.83445719597577,2.828296324105544,2.883969167585175,3.0111012952573137,2.278759781392436,3.020980377704981,3.0896909493065996,2.563827899862246,2.730454979061043,2.4861296141226186,2.7849607514260444,2.2078966737136647,2.2483571533083193,2.735859763283419,2.4674700587294116,2.449892185097841,2.8972214137927312,2.6843448687067526,NA
Jan 2005,2.8617654445774066,2.6051821047739625,2.6762471369975804,2.425581167988547,2.359500404901789,2.352804555386165,2.567231467650456,2.656525495019447,2.5926627065499446,2.893116962169061,2.8339232908380465,2.0306581474143997,2.070203222620706,2.403937066883472,2.318990980475711,2.192450053828801,2.9988321576976373,2.8480740704174767,2.7460077915949466,2.38910702319988,2.431082200125364,3.2477500899243545,2.846966073375216,2.9138765258707995,2.880076089743239,3.031240632668587,2.59753313612257,2.452423744545439,2.5197860059477253,2.702216173759554,2.7057346980243993,2.3068858240045933,2.2345020136723037,2.7018095127177895,2.5171233431551268,2.635838163606521,2.887235240305429,2.8427738573076815,2.774049472089933,2.8896004338323973,2.785560044760047,2.9818936914841276,2.7193555737485626,2.9130744171410425,2.684885904560689,2.520144029893201,2.890749771985155,2.93399492342634,2.688045382153504,2.6258986755106126,2.4064911471040045,2.6603062257713423,2.6248848475400335,2.5078475437563372,2.446892139492829,2.3515305727161513,2.6693782740043543,3.1198124775972818,2.918464276964895,3.2430141179251915,2.9825195748177915,2.836631699484356,2.9437847589095534,3.207305606450589,2.363825308757727,2.45232297994009,2.8229459459832196,2.694494510462222,2.6852932645328687,2.702062421553107,3.3417571542041875,2.9068306394745864,2.706135892862697,2.5406757318743742,2.0123052387316913,2.7923505105084376,2.9140344836814314,2.844891184006282,2.6123776717036193,2.491618460885015,2.474859178143535,2.4874884157801125,2.733973536907821,2.678131328384348,2.707622507689993,2.5859464002332757,3.177975960896691,2.545313323312957,2.844872237488556,2.4858129218001888,2.4710099631184206,2.775143472922992,2.693722436793006,2.7743563812216525,2.8849575809674066,2.8328370828209586,3.0793003591527612,2.8106906364389155,2.561644874971531,2.4055417108168786,2.5445728014535205,2.4705836162993884,2.460788630002662,2.602992348657531,2.8075586366600933,2.745051849263474,2.8036732439584644,2.4642437871772964,2.649892156204058,2.7278915050797004,2.8446227175452745,2.509455490710634,2.9740739920246164,2.6511113308391123,2.6846804311382497,2.876658648194143,2.779382470501851,3.2146212768189333,2.881021326250057,2.8122540025233356,2.9569385017365537,2.5838253817536154,2.395894415636909,2.6593158015509273,2.9558310760447997,2.8163577965498034,2.843556387772115,2.801340723893682,2.987436759761787,2.2394723785891437,2.961518292227426,3.1169968271610857,2.539087731740884,2.721445225413263,2.462558855171902,2.785187399255694,2.1458495776608495,2.1918484428454765,2.738810257189531,2.4737015735643886,2.514638451355117,2.7549723634448124,2.56270207476599,NA
Feb 2005,2.8652230595157704,2.6652411850019675,2.688657653004229,2.4242143727473486,2.4236614920505577,2.4719980957333996,2.565956618648179,2.646134097966051,2.558064636458426,2.8626587955748977,2.8419717673402487,1.982868184197137,2.006579979105907,2.5501149131125684,2.323267763031231,2.19956422299129,2.9754983477914934,2.9514368670456923,2.7467144005668263,2.376254107260238,2.4222338632258014,3.240482291834139,2.8412185588127854,2.9606115739849908,2.9064908340855986,3.0114195909855686,2.579351233855896,2.490047460959668,2.6034822545431613,2.7197585645681537,2.693096949588551,2.277375084136982,2.270955455064621,2.719443560703378,2.5252442239353385,2.7043791786361195,2.9362405269905123,2.8306616355189673,2.75621833987283,2.962273381860194,2.823865286241099,2.9522311254746034,2.7277540264523563,3.008371202121532,2.624219562152326,2.513208912849841,2.9255320252913015,2.945193347834004,2.6903363497984496,2.6462393206197166,2.455555559992177,2.634758632814214,2.638699332144778,2.4852590522079363,2.5249396930745673,2.30462492734835,2.687477679954501,3.0891431566839946,2.8489579748190565,3.2945461365479742,2.9522308422358314,2.8737652001962917,2.9445548295056514,3.2144469247689846,2.427691642104226,2.475171115755019,2.833678641185615,2.669341434452365,2.693762490047405,2.725296811527724,3.3395758184391977,2.8707587000510526,2.7299368916318554,2.5728122942406504,2.006766072394836,2.71313282140237,2.9501002873824826,2.851628046948729,2.5116352587609083,2.533137342176074,2.4703985916711133,2.6172152247098044,2.753910595812214,2.7347466845714696,2.7374361476591336,2.558448749535739,3.109083685536175,2.5588819433370413,2.8908033381993063,2.4849459866512023,2.523721181904264,2.7568636206931583,2.7623091205884833,2.8084315011170107,2.888602506973462,2.818335936741478,2.9581563635679644,2.797711600426191,2.6092110332287946,2.3808961874710017,2.5695448408412913,2.475504800129951,2.4646158723625327,2.5618602476776404,2.7842846384960547,2.8346272412805216,2.7726462686934576,2.367665517940198,2.648317004170165,2.7038617142952046,2.7783684034787055,2.4938582910039715,2.9985196189125496,2.696403696988616,2.6780737193415303,2.869132900877563,2.7745979844671527,3.1309778506316723,2.861661982507668,2.8031554895831197,2.962117154375986,2.5474979112369893,2.4777236942148524,2.6660696942556505,2.980195630325042,2.776993211156941,2.8187278980480364,2.8082337388571634,3.0980723582365606,2.3301966311884366,3.011522768315954,3.1222560106107413,2.56153110402717,2.705407683821962,2.493997299373549,2.8079368401226006,2.143262378382563,2.049188555433664,2.621331336036105,2.4624266570270064,2.408492887363707,2.752492207013028,2.5853917211533863,NA
Mar 2005,2.8612198311877624,2.6698589467362615,2.700518355270354,2.443832565430955,2.4155345980036285,2.485399659901746,2.612528036782931,2.675856094921339,2.6614512708219054,2.8807529142950927,2.8565413240099935,2.079313160527644,2.21880437591601,2.4768155741352107,2.3996758273644905,2.262247045077537,3.019121595458238,2.9110336065191986,2.772155964603244,2.3847905979705217,2.471015971013447,3.2433368237804947,2.862234441438699,2.9549119214600825,2.865457934320948,3.027949995538554,2.668671412681937,2.5687547184504207,2.626761773345002,2.742749085050804,2.6638957490575512,2.3336482960296383,2.3322799150191953,2.716988153167996,2.454309186203412,2.668282654470011,2.903870286708914,2.873900710421701,2.7827022459389035,2.9087661600243715,2.8007594661043127,2.952309884234294,2.7400330343624604,2.962045689111871,2.66593325433668,2.5503148441747143,2.8468650729278036,2.9690277581120057,2.703942506953734,2.6522597018381386,2.4586703291295935,2.614321498773417,2.679119531917799,2.5332062695223856,2.508507962178406,2.4021743803839186,2.6863483096759864,3.1011426983985335,2.938639129027749,3.3403862286757144,3.0097458672965165,2.811111179621757,2.946622770916599,3.2285428160844503,2.407530857165973,2.407562348185917,2.8125518294918757,2.6785379026036185,2.687848254656648,2.7094957200981584,3.2635136245821075,2.8933031215427194,2.749867020485203,2.6158038553748817,2.068983240942235,2.8012653331605963,2.916529699603771,2.8958985024148585,2.665267378752859,2.498931957694151,2.435368872864243,2.557938706419065,2.792758896683861,2.7244696385762572,2.6967351388403964,2.61578883493085,3.3598574968303123,2.5501457930699005,2.8965067948826944,2.6677060044336502,2.5374222949441343,2.7976063513490548,2.799563134735589,2.8014957480859226,2.9149457719398293,2.823877073726492,3.0021508962847183,2.807571273018125,2.580124582674801,2.503082273302123,2.5816906860463917,2.492599716962001,2.5303093766578666,2.4820524740001657,2.835873645657379,2.755537606072953,2.8069129443533933,2.4702566540656385,2.5960985918103865,2.7539845155459073,2.845016132422629,2.484394697137041,2.9962191219326137,2.6733619328301157,2.7069528208077127,2.851323548910323,2.7942862369996346,3.2085363257881956,2.825535681132955,2.8246755510686894,2.9746768142398463,2.5730807752372633,2.4947595866011856,2.6928348328228555,2.932711068992657,2.779683190176916,2.820222861469051,2.8294128785534847,3.054184997914791,2.304382858869206,2.9837977146800565,3.0873812710073048,2.5948940049177796,2.7257728885137245,2.4978743005191246,2.8428166033463116,2.190447460227253,2.103355960594842,2.746721124941377,2.466292978096187,2.394587083148846,2.869385892336975,2.577358126529203,NA
Apr 2005,2.8760186768041915,2.625414386735486,2.701196798581063,2.467489535250613,2.4924755028568404,2.4356204660020393,2.637793399974963,2.717063598681475,2.663050202177157,2.8947875780452956,2.863405361139238,2.121530242431617,2.3241761277567283,2.429463197335242,2.3950359695137573,2.273266421038273,3.056664940796044,2.9410538814541587,2.7962600379360443,2.4033511344987337,2.4535558351008775,3.2773912785397825,2.8307537164465137,2.9383310380107224,2.8640290441021183,3.0737235565704757,2.6705694672770455,2.532696015881976,2.623227314727565,2.761528915445905,2.6929997534005135,2.380066185443423,2.3135076058169983,2.7100480712221895,2.566727461357761,2.7044477528305335,2.9453067873784535,2.898906738258155,2.760511267828405,2.919621119043922,2.8214559683750764,2.9561437786252633,2.7918920564388716,2.9853799208518965,2.6953641402726545,2.551351427405199,2.913473369540686,3.009324830678476,2.7072943581388342,2.6902238109361263,2.446424637346562,2.6671950644026254,2.7038172294797578,2.5690798510450223,2.4925215067558533,2.3428062550947897,2.6924589993737844,3.0885782409465508,2.899009123321065,3.2962834164866623,3.0253385038161085,2.869777955586341,2.9784528056429687,3.2461495575173505,2.417980009607388,2.440689814663971,2.8404443216230972,2.669816458324364,2.695677315025526,2.720775565864687,3.2646010292857635,2.923343898499653,2.726625422553685,2.6249054865288075,1.999384895911062,2.818809645393485,2.9362002477527622,2.8402203381784035,2.722300135029794,2.6308816217693876,2.44042476417209,2.5696483101270085,2.7240175190279468,2.7685713538212706,2.774357913840529,2.5638585032066894,3.2707361996074673,2.577597068094384,2.8659547767888176,2.6124610920305074,2.55100939587095,2.806615581236799,2.800311987747166,2.8003835619901585,2.8924265450024973,2.8530265279402673,2.9831989544950543,2.8502765191164188,2.6413065452625784,2.4930690904736235,2.6100855892541475,2.5198138593560033,2.521451019864887,2.4300631954727816,2.837467433289792,2.8184601810926626,2.82371200505341,2.480246960935874,2.6560283684344905,2.7492448333571917,2.8752224384331506,2.515612587236372,3.0014378307397704,2.6847263804527133,2.703121515972399,2.8663484531619527,2.82431525390315,3.24545130225282,2.863493352033707,2.782888864102791,2.9780718921779874,2.5849053340412755,2.4361069963056883,2.689633268010785,2.9626052345695797,2.846341649996432,2.8653701015672617,2.851017396932829,3.0965389133245305,2.353521380977512,3.0606956875418283,3.107318358074011,2.6078918805869904,2.721990400984924,2.494927884793196,2.817739650231846,2.2260934399042593,2.2751504936509597,2.7583560167607377,2.5554762911817637,2.5058882814506362,2.83294914598818,2.589209469314368,NA
May 2005,2.8848424898374554,2.627182634971751,2.750866670576837,2.459065131977908,2.3823057684588367,2.5243859648674722,2.6222160795692457,2.7208931633759903,2.68011835723501,2.897511551903297,2.8882127555225967,2.1183899289078783,2.260818132117785,2.508601164713393,2.425337126033917,2.288493995488223,3.0401124470977603,2.9447073299295523,2.815659206625799,2.459977877379937,2.479748113939179,3.281601101006204,2.8476868255234744,2.9636545922308946,2.9036682661126796,3.074520507013028,2.7041894531580932,2.511265699032602,2.602646534199866,2.7795854086789524,2.7019321873326203,2.3862643735993117,2.3269001485769762,2.7648012765116325,2.6015509485047343,2.71600392211113,2.972039513580063,2.937862135552527,2.795570667305734,2.9615787385567143,2.8487292289462425,2.9814151090801744,2.769056834162886,3.0113575914617368,2.759057329449515,2.5624593511071243,2.8875265275342916,2.9988207129930795,2.7147367373563744,2.6498302768099884,2.4767124193848584,2.6828814552705755,2.752654218557898,2.563125101023617,2.51955535952251,2.415679484707097,2.730962584263723,3.0952117804263293,2.9196399224855774,3.2966434840417267,3.0017421336230594,2.9008176096791525,2.987545566928561,3.2479620214000815,2.5012300527976326,2.5171843889272756,2.8520330905046545,2.7054075987385726,2.7120375763223072,2.7422510665190885,3.2614365293107688,2.8913413365656964,2.7333870974815992,2.671290951446966,2.1117072593334067,2.8158264331523823,2.9203006745901243,2.8958548110224687,2.7818983158941655,2.5530315098419134,2.4555270718257822,2.6303488273041533,2.7726084547263325,2.7753116255562285,2.8182572921208595,2.6134670493215353,3.2313583945601145,2.616940595490091,2.909291122067723,2.6401455210321165,2.5785648067149616,2.80298557249155,2.7788494990197115,2.8495471914634902,2.86807870487447,2.8439377955919993,3.0184084019274566,2.859880256801709,2.669889650829172,2.4779891556739666,2.6458094709215727,2.5326010987748253,2.567320790429642,2.538416358078764,2.8249460491997835,2.8433484882084463,2.8567780107335254,2.5172318149381288,2.6860086084300674,2.761856606715824,2.846666905259753,2.5472843277079438,3.1001265652982477,2.7380182401657653,2.7663763513558743,2.9070307942862654,2.824261236908483,3.2938295383856944,2.846992374133181,2.8518529163118016,2.9647212308962065,2.641626588071646,2.5285353299067577,2.7129654587734984,2.9934521687578957,2.8573667418480797,2.861514311507003,2.8532361025476067,3.0201615097796846,2.3897602048417097,3.070178781981439,3.1124837828442358,2.6419961274791417,2.773041641817011,2.5086385137773135,2.835430955438605,2.256266934969731,2.2255089252320612,2.7212315263464117,2.527803276509256,2.4988701577252534,2.9451905108863836,2.605595325111978,NA
Jun 2005,2.9149105216393387,2.663264283460641,2.7397991685631875,2.464194284139784,2.52611114363618,2.517515730518337,2.656124840251957,2.7596228158188536,2.670468883832684,2.904455766964208,2.895320006211931,2.169599072793838,2.2995202712293583,2.5189385810701794,2.471878691806383,2.342998404597147,3.0687891939172682,2.9615060501227113,2.8203202686385067,2.5354634060120693,2.485916103714338,3.311435796965967,2.884771099991733,2.9618901793443237,2.9148221030269976,3.0897860346360906,2.6794897495016925,2.5830353985012846,2.651517227510672,2.8162024059810147,2.7172912215670877,2.4323475233938425,2.310626756274443,2.7494349400187788,2.551409757216438,2.7605388041743755,2.9743185287119123,2.9118691340738896,2.8328920494025365,2.95619423639887,2.8493793982615774,3.005160016903883,2.7834416046524657,3.007363607097394,2.7333844825412683,2.629050219360333,2.909425702749177,2.999511448108666,2.7568483049984565,2.718908719444198,2.5326906502687576,2.6369842163738695,2.7433728989373343,2.6211275769580644,2.564364077772991,2.385508596869986,2.7324956712144104,3.1437756039002105,2.8545261625142615,3.318771909313894,3.0189141646580993,2.913939236182446,2.9947003698943635,3.336720678215814,2.4844471795595737,2.5196652630507534,2.873766860813074,2.7340622057323736,2.7446675036484955,2.7464986722718843,3.236744181078884,2.9376932637055067,2.7689525515861364,2.660165917145035,2.110774393589523,2.8771144310928642,2.9722503893276873,2.9061093454047526,2.7051868000149346,2.6453347934802447,2.50184680839582,2.684756500642719,2.898385920472503,2.7862947568468894,2.7685565094287323,2.6697772273079865,3.171709718731831,2.615392116664844,2.891767310238051,2.659262408812401,2.6365974699913832,2.8190735699137806,2.866339433670928,2.8208081260830924,2.8844413479926274,2.931986580504617,3.025793088945803,2.879124254865965,2.6818556816229626,2.5311544571652487,2.6113875824113038,2.5283639008398247,2.5719821568130015,2.5085433215059627,2.8607728666777756,2.889995110500056,2.864468412360363,2.4741997200138734,2.7121113381814808,2.8059790713685584,2.9170537990847274,2.6041014666000395,3.0580294457523345,2.7437695838894722,2.7916718179995863,2.9148601452384666,2.8413701355503687,3.2024548045859023,2.8558590817860203,2.90592263821647,2.9954337293986204,2.690413435487812,2.467473243971724,2.760367676775205,2.99217012490164,2.8448310856334946,2.841104669047706,2.8994982475640168,3.1174628637970128,2.430265043510579,3.0722265112951384,3.182693356151656,2.6617870267996957,2.7649212719421543,2.552682648598324,2.8819714091144477,2.256796207642701,2.286865714544098,2.7103392670778974,2.5884131664483396,2.5381415384071104,2.9474753784912084,2.635373864926047,NA
Jul 2005,2.886355932340633,2.6715094481263697,2.733683658355333,2.4890484690376344,2.4815477147739293,2.5409892630468756,2.664886912052131,2.716044084334928,2.660483765010787,2.919104245334409,2.904328753003484,2.1713734618157914,2.2101706792088236,2.4779670715149775,2.4409986210601393,2.2875459557291524,3.0698643605712057,2.9949523567794993,2.8066908682001213,2.508999743695589,2.535714106852211,3.3608726058540954,2.8902431897426095,2.997937334116518,2.879395625366201,3.0573677184940014,2.691065776715112,2.6210039842236186,2.664349204762591,2.77950561052973,2.7295828097158736,2.4297566531380603,2.3417557778531353,2.77705085158137,2.592585539533531,2.815103992720543,2.9770900162461484,2.954145165113998,2.8613534357664316,2.9450333361025653,2.870591216458933,3.0017336322081163,2.8060370295685155,3.028221654729705,2.7458377327502164,2.610988184934729,2.935807497972016,2.9871178578552127,2.7130670307464877,2.7353459551180372,2.4978760353974017,2.62586077781246,2.7663497290794625,2.5741321450204815,2.5362997687260043,2.4352546132277095,2.7093539863840315,3.1447119734529587,2.9094893377213116,3.334494787205121,3.077330685739514,2.875356243916603,3.0152674467151206,3.287490233990247,2.4553989147703925,2.5149231975721085,2.8718882527004483,2.7078893444877754,2.7079408318666345,2.715526467271725,3.3570057472732135,2.9186511469089855,2.7713935999462294,2.711121304260691,2.1418779920477915,2.8395496902973916,2.9603679714327553,2.884111066779541,2.683132311103716,2.6094182681068676,2.5149302314167117,2.611928484973989,2.9331296089727776,2.7518497415208922,2.8601581957800217,2.6727738411923405,3.357486875666265,2.6070451581600196,2.896039046560209,2.599950176344337,2.576269956222306,2.8602512502084507,2.830431527555871,2.818808515802978,2.907864948830697,2.8923029334234966,3.098705388018934,2.892174240536793,2.6983642232874754,2.536914735121146,2.668372327016187,2.5524658553005684,2.5510020739251305,2.49581903807036,2.8602976176053225,2.8199037197146413,2.8329229773975957,2.51901631907065,2.696933753660275,2.8330901610354315,2.9112541672703394,2.563603004915333,3.0518590613027867,2.747626163732719,2.8052892801860083,2.8731668481899844,2.8726794589185958,3.26559625912454,2.8921403766297717,2.835412627382135,3.0241581289485344,2.6611050579677658,2.6119291190160028,2.783869410015963,3.0119170821028445,2.8436296945502586,2.864842562157689,2.879354892578496,3.085074344550013,2.403309246658958,3.0668611321739334,3.1708761439126203,2.666665754646035,2.7662149444145836,2.539588490546943,2.8684317619876705,2.3099937365392216,2.3094779969796875,2.6696410066280176,2.5782543680285577,2.5040178130303805,2.8544799612948157,2.599543852079443,NA
Aug 2005,2.897071536471182,2.6889442311007,2.7408571631835867,2.501737873778662,2.5131506764435616,2.5447784558481152,2.6644303879737206,2.753145113816372,2.7211579783905617,2.941312594607738,2.8990565039845477,2.2162653282405946,2.1857567534463533,2.5082310109477457,2.447666497145481,2.355841907639562,3.0670363012337827,3.0031368237296863,2.821161040828269,2.5069813937993564,2.494651869333077,3.3761163181366216,2.8788875535876106,3.0045464869996783,2.9241329701281717,3.09152907715566,2.7259164120334898,2.6294292835021613,2.686411917199163,2.783108702843901,2.6982152456904847,2.418448157126329,2.3628184692787273,2.7674729551139428,2.6231253151924454,2.8182331558288305,3.0019086827415333,2.9290090852459203,2.8214764556669114,2.9799819818357896,2.8429911108765547,2.986352055937217,2.8036069020644736,2.9959041005317966,2.7921110631651067,2.6053967192181813,2.997002865565376,2.95753179044542,2.7645156250015823,2.711763123283042,2.492782709080034,2.720088825224212,2.775525909257339,2.6294533181903215,2.559091731584103,2.411476917747993,2.7344426775434085,3.1155497481364356,2.8562856223507462,3.319714901362264,3.0485695762583354,2.901537574663239,3.006228902934378,3.2889248197333067,2.603155457897095,2.4827821380790636,2.8794402424559236,2.7232411059549078,2.703938932231309,2.7277605003410703,3.238215536818935,2.9090637330206115,2.802871823012816,2.6834878792504044,2.148340082434608,2.886014228513725,2.9256817779625734,2.9194364629217757,2.7300631858675883,2.647673736049475,2.483906125660808,2.6394508654577726,2.85590912071107,2.7709232111233018,2.795845151112629,2.7161317457806264,3.3403959064483004,2.6275178278135485,2.9164289726521107,2.7047692288478946,2.6419030874969534,2.8688582396392395,2.836564098486019,2.8239665693975935,2.9004714821217483,2.891564867812733,3.0511991419380178,2.912602718991648,2.6717812825462635,2.6815716842130266,2.6564279211411526,2.5636657206745914,2.5481771877364587,2.5180096557823006,2.872143571252032,2.845625236404251,2.857058100365703,2.4981807536703418,2.7080453096329586,2.7920916356078402,2.9315367598677002,2.568283397546204,3.033494409280391,2.705230989076644,2.787935969084976,2.8462744287779898,2.855073255220566,3.2321428300217634,2.867125972383517,2.8692050535639253,2.98767610836096,2.673274150613186,2.5409709899553983,2.7975690883025424,2.998209359713621,2.857976530305431,2.871169513694039,2.9278614584263,3.0714444965624046,2.46695420434449,3.061524660880583,3.1779055924146853,2.674659887096171,2.8140675622283085,2.55412063883259,2.8504858312052375,2.2490348830742164,2.285543737950933,2.6776071850569263,2.5519579325442674,2.5856990652895053,2.857191719367571,2.613933807460402,NA
Sep 2005,2.9055076937166855,2.67855642168062,2.757642627045358,2.5563152919860936,2.422804736775095,2.530651133351833,2.679083581302069,2.763312752401825,2.6772464001811573,2.950428718512874,2.9046693457946033,2.2306866201737003,2.230576502973866,2.493058817774397,2.5125132120974594,2.3687242414586365,3.0845295175087277,2.9876138846546785,2.8163520034456995,2.5115394574307763,2.5723997035851833,3.3549593777169,2.8962358610427708,2.996806038770863,2.889144090616407,3.1326360807902622,2.683035756264339,2.6434732681960753,2.708623143171314,2.789203502072692,2.695740756869859,2.4649047413409795,2.3747106225134136,2.7575671199642824,2.6236061290524146,2.79607785683155,3.0097460677104615,2.908896730310855,2.825341988269655,3.0011328116355744,2.869227834567996,2.9940573501922563,2.773947947327228,2.9823360285202654,2.809605168058116,2.5942514846001568,2.9554266004716183,3.000172963114607,2.739074117034711,2.706148001970755,2.524265914743543,2.628184556425625,2.747857884611887,2.6131761307257304,2.5412979192531018,2.424644628731448,2.7329746496677974,3.1776922647068018,2.9510275968624464,3.3439979190228715,3.0038862459596274,2.8822529182156016,2.9815293998337897,3.325839361833151,2.5075429363237802,2.5156680457884995,2.8838127822275106,2.710676363518931,2.722901647441317,2.7218829292165267,3.3406704302330286,2.962829984182325,2.7677746821953,2.69508544209414,2.191653716567617,2.826389942474636,2.929186499444756,2.921056370439641,2.7005212731763457,2.5815784308755045,2.518397083394518,2.626335996334805,2.9054536023106547,2.7838549928276155,2.8169536714054986,2.7520000470065513,3.3957227861671733,2.627123968750554,2.9494078267971604,2.6770799947151827,2.662506344348792,2.8617072536830346,2.855184340347097,2.8412364965689716,2.920925439389325,2.923254119337854,3.079632044421937,2.8741015020429215,2.6764224545394586,2.5438384811453343,2.6529018275804837,2.5338741675349703,2.6214384115672846,2.5662599260560075,2.87207426316501,2.878968902589607,2.844934123765407,2.583613079992023,2.668275732980966,2.817848407488067,2.9185020736829204,2.5764732350171555,3.0401487827018476,2.7421367747477032,2.7798844529359603,2.8824021894696648,2.83683081061271,3.2428493522860515,2.865170533743462,2.871839906420188,3.0268477778687393,2.6327009180134455,2.583142747137177,2.7905819178249387,3.0511650980579925,2.8719909902088463,2.8948360628215197,2.8587347295748513,3.118939170800573,2.458917506365479,3.104179160403059,3.200170904859686,2.665514497707158,2.778254508602483,2.575856079129838,2.902110635862064,2.25449382791028,2.2715222512835114,2.768899249192807,2.581410916185035,2.536497576352165,2.8729115227463833,2.6082223059214718,NA
Oct 2005,2.9061134401127884,2.685462783444661,2.7477551156665436,2.537022621042675,2.5083341168377498,2.4919840182480835,2.6706758857323916,2.7305491269162205,2.743402243314933,2.948705761298289,2.916950787686482,2.2109916581778486,2.282945536528754,2.505065957622393,2.459697028811418,2.3768656558151795,3.084238637294039,2.9879254706116036,2.8015460788601323,2.555006870771868,2.523912282580594,3.3702230167600717,2.8953186092753773,3.028064780436594,2.916941827263381,3.1497493880710588,2.7280880385973663,2.6518328098952555,2.746497573895865,2.8052153756766725,2.69937553496841,2.4655247310884087,2.344982486588457,2.7820842456298194,2.635540707190212,2.7555925384979796,3.0027682753100002,2.9577117121323218,2.8480238867307426,3.009279664182721,2.869446685067888,3.046477987451379,2.83352112758407,2.997141649746238,2.8082742378532024,2.621520044551682,2.9437119937613296,2.996067238702504,2.8094979910289055,2.7215162094254786,2.5544491733879755,2.6765562751443857,2.7562344721614758,2.614891716723557,2.563030112812984,2.420325891304173,2.740063306781662,3.1853829572784487,3.005290785369502,3.39228937535741,3.0688391200396015,2.9253115094920696,3.032764411439821,3.2826740220565345,2.5209803890345106,2.5434767150531394,2.906629340312096,2.718654833647149,2.7071531274004874,2.7542972787991213,3.268549410566704,2.9526387051326086,2.775149356584573,2.6732147098567065,2.177418684045532,2.8544009299083473,2.94987007726957,2.9476832825475596,2.7016132369956294,2.6392259303373136,2.4880077634784405,2.647509734507504,2.8635893991159542,2.793605484704818,2.777960871710401,2.6402779031994634,3.3005059935959764,2.661394390437092,2.9256140443061076,2.6692168270621224,2.6165534617186488,2.8603228239852716,2.822921910303958,2.8262017589106803,2.9170103947707298,2.855040781652431,3.129206865284788,2.960173495441812,2.655202400169309,2.5617590115830047,2.63772809824104,2.544391464685982,2.5998759459100085,2.6577071348536667,2.8763527244773277,2.871970917903974,2.8618283675380805,2.598584456084893,2.6606444688913453,2.82838902723894,2.9256185503415333,2.572045144395229,3.109448462454609,2.737180369246492,2.7736796428225534,2.858549076065845,2.8321318213667857,3.307489319012806,2.8833588519847844,2.8615362675186726,3.0264281460464364,2.6862795381223923,2.582914322925493,2.8386592373468242,3.070114751994703,2.830984405362467,2.893991552375948,2.852826339571185,3.1154943749519135,2.401523672888224,3.0866431806592054,3.18778675754414,2.66756530100211,2.81920214586695,2.551563764439813,2.9193362509708307,2.2912353832402474,2.3414534200588615,2.800764763710185,2.5905528200817916,2.5719624711604885,2.8699282680632576,2.585082173654211,NA
Nov 2005,2.9128836735792567,2.679018598354468,2.7494767484371465,2.502427542604134,2.5478687083823615,2.525907122185301,2.6952534171386033,2.7687188838665233,2.718307523515156,2.9825861151806436,2.929407198970784,2.2459563702318164,2.2522255381976644,2.5257066213339416,2.4677359566891988,2.400337814753671,3.0758588067399675,3.0237823984504817,2.8366627221972043,2.526469645122427,2.560634574781236,3.3702472280076408,2.9203903537891587,3.0072774875317947,2.8954233454588563,3.1518939479761876,2.719338718677226,2.6322591322184126,2.704416822748473,2.7952912093816784,2.7287073908254045,2.402730719012885,2.413289363495392,2.793051629027329,2.7000713343560263,2.8164742192019574,3.0204909947283354,2.953415801274033,2.8274205395866376,3.0238397095368756,2.879109943752258,2.98646273234224,2.8003244627380597,3.0442161570873947,2.774223656193505,2.6580120493960413,2.9626894597133755,2.9989876647729146,2.8080622050025617,2.7695558352746077,2.5533876559804147,2.709423976706488,2.776347557656624,2.628106075514442,2.5705920857982028,2.4476772323547973,2.7320749849420514,3.178617711618058,2.891292374509855,3.3952758923438218,3.021006398367481,2.9120069276571936,3.0253373602124656,3.342230147450409,2.547576655888424,2.5685426797128676,2.9170188313546928,2.7183045927299574,2.7071883248557,2.7603378879049774,3.2549432375761236,2.932080835076076,2.779207003871965,2.7127739580771477,2.146045441881129,2.8473250186737924,2.97013595342656,2.9662251435522617,2.7768121571381013,2.564481271200385,2.508164446214505,2.63069222829316,2.939938285413244,2.8058200304674945,2.810946198695086,2.6829617674096715,3.3339256687183405,2.645509759181077,2.9637185932943027,2.6462051857536384,2.6626169475331687,2.8562347053363504,2.8380664800674418,2.903667256102731,2.920407593481378,2.8903804761290224,3.1472775052114894,2.925521450004628,2.6941768676297833,2.4999507240084577,2.618965009478675,2.563657120937229,2.6260766456650466,2.5079853157947753,2.9012190640651823,2.8698496769857944,2.882666099392933,2.572562570048391,2.6675615196058975,2.8743187440841647,2.928500207767621,2.5948966124154675,3.096427888178723,2.7924602843027357,2.8167099654476297,2.8609148568804166,2.8633066913741323,3.2648340300749985,2.888547214896222,2.8301830359784543,3.00046494939645,2.6732048136578253,2.6188027296698118,2.8005755971457145,3.0717267313313856,2.867679463570037,2.9158168741862527,2.86356312733457,3.1475472623643532,2.465217430695176,3.1297245481688925,3.1983861231482753,2.681920405804545,2.8285195810177988,2.5874608582800596,2.91482525612766,2.344759422866059,2.2926479699236406,2.8060096327602086,2.583920463273716,2.5384512463010913,2.8865490353017575,2.589056071537112,NA
Dec 2005,2.9423327803987362,2.722891261741206,2.7800102645976716,2.5455671643722875,2.6033584291042855,2.497582657547282,2.679644157317848,2.791320497989615,2.7656252774658934,2.9655083578773374,2.9305076281826,2.273486553063818,2.382116093712594,2.5527964253392295,2.524377933727032,2.4088452798303273,3.0990598366467927,2.9925362336413244,2.83742758398385,2.594680469430909,2.596210888692603,3.399799815669003,2.9447705737337255,3.015308069931643,2.9151645689097023,3.188040048129287,2.697727536170797,2.731434270338941,2.7135683668793034,2.891626327083288,2.7199808222105855,2.42231010182189,2.428037298500262,2.789907183296311,2.686279037587779,2.833155775119846,2.995342151789397,2.9905483504692545,2.874177241160798,3.0558348665039636,2.9016642251788998,3.0314077722686026,2.838895169670053,3.0325021677714035,2.8289243413115366,2.660677066338785,2.9707641578300645,3.008264992888145,2.733359935614645,2.7386805991115657,2.602084756519487,2.5988579677042045,2.805810381706318,2.6663901688762244,2.5736389176461825,2.4328248109621873,2.773157162698553,3.2063061202260372,3.017672970294671,3.4926526225860703,3.0790960289190243,2.883754826019425,3.062679125684555,3.3530743408998362,2.545157874900131,2.5802308628814097,2.925696713847904,2.7605286348689524,2.743895616091146,2.756231624192185,3.3785740845049514,2.9460811168065866,2.787406893432454,2.7030117590543243,2.1768206098063465,2.872019916818727,2.971425637682901,2.9416173125342078,2.7672140355122328,2.6803923731969563,2.5630401518961934,2.6576964199364013,2.9116647430830613,2.7702222539896213,2.826667798545222,2.695520733666817,3.3468903910034893,2.654196881949658,2.934264703731451,2.7207233469612166,2.724504862515057,2.8694769236973348,2.890002226377746,2.9040643584798707,2.9491536763411,2.9536486536544793,3.144757044880054,2.945034332712357,2.7186305135689968,2.535169760519921,2.6850226161912736,2.5997016047386277,2.6531058769568063,2.530533475828686,2.916875982344483,2.9063135164007314,2.9180980311694933,2.543577693981468,2.790931239200003,2.8383405468075624,2.9639958005286346,2.5847315859167885,3.070519287826293,2.818437767459287,2.8138297462904434,2.8824055653179443,2.8881448366145888,3.305915734803379,2.920227646725503,2.872415046518775,3.025512190146805,2.7197046413607806,2.553244481403368,2.7946527377630552,3.0946908411407335,2.8926990614739707,2.899865361879916,2.901487966574496,3.1806816450947335,2.496839281336398,3.1334875218876035,3.1871669396726237,2.697837487965929,2.812388640411338,2.60245124692009,2.902745349662491,2.4118375170332103,2.333919184562743,2.786354784970374,2.6190702223004974,2.624078349638613,2.9723697683366224,2.6994828680277223,NA
Jan 2006,2.9137649184212058,2.701958514759761,2.7797228692267244,2.5258537822589284,2.488620152766122,2.520379954093275,2.696630808546,2.7684018029308453,2.757119341817517,2.9507124221003562,2.944117497530398,2.2678979909943178,2.295803262203069,2.4927375241812957,2.480134916704035,2.3702396297491504,3.094062733630479,2.991186578740952,2.815673485742566,2.551240210749666,2.5687138961780387,3.385516152697405,2.921989096830954,3.0120877678104234,2.8938728388512285,3.16021554301618,2.808048740506493,2.6700615016116838,2.7023744819916136,2.8346309515057655,2.7182650995004685,2.470211190893055,2.4491475802846856,2.851883517001537,2.6916750058127885,2.8113946613944587,2.9953715765932367,2.9433241499305813,2.826885521268171,3.018888116161251,2.8615872071179016,3.0436128680116394,2.786087118607721,3.064364148128623,2.7600947578632895,2.583202498111283,2.991941464111675,3.0996046082202997,2.825631965859429,2.750312882838795,2.55245192638598,2.81540518884122,2.8014737774903677,2.656170287025986,2.5582263535088106,2.3958679977223403,2.7476215092087997,3.2100003999837723,3.00888106117205,3.395382861009184,3.047444545734758,2.9144544983175344,3.04767736726539,3.300078517722301,2.591062525094226,2.5544170526014183,2.9455017505288432,2.734525093091698,2.730573923549646,2.7741114941013962,3.3255532558895817,2.937586097421813,2.787075156278048,2.7398573249342695,2.152636223249966,2.8724828924412247,2.959354887949781,2.9176158915520336,2.704271599049132,2.551187459552185,2.5392173594083904,2.6729117077725024,2.866640656626221,2.7630668084936647,2.8741517766960833,2.6746435244918656,3.428325162014538,2.702311629368998,2.9219500661030238,2.668730476656847,2.6928841525776255,2.8904622208555977,2.8512960615202645,2.8592549801813485,2.9386033999684966,2.903976333823939,3.162268084885853,3.0268929961755195,2.6917689754928213,2.561951412946043,2.65526565919763,2.62097704194949,2.6468166678755436,2.6047967151338836,2.904326658895652,2.8695142510509744,2.8847440050477022,2.58709466484355,2.752998544844359,2.8909102877152426,2.9193617915318306,2.5862439288999672,3.071615300305506,2.7754515842670417,2.814189202548926,2.8883820204159374,2.8946731955735716,3.357801327786674,2.8717105937081326,2.8465980379406566,2.9971083822509548,2.6733641726979274,2.5977277783816954,2.8475917816368783,3.0752439465126047,2.883775700061925,2.9033219882195542,2.842695167225987,3.1411539990206383,2.442483718563582,3.107827085356447,3.2335430810036767,2.712430414477194,2.8128345166953355,2.569013178603207,2.923756413639377,2.3071620592077826,2.2860277305345096,2.770273123763413,2.6045481650676985,2.561120196349385,2.8945929628222293,2.5968087699847207,NA
Feb 2006,2.9612863975626347,2.7366663118478356,2.8082002241621757,2.511841148497902,2.4865429712832126,2.4792621685897083,2.720277302089723,2.790780479578747,2.7578111625729935,2.9918493079686246,2.9569139483098743,2.3469197348580777,2.352462058738078,2.563297042832133,2.48061579576232,2.43595731598365,3.1177405456503338,3.0429719070616863,2.8295803327288738,2.583444531688437,2.5116963951193356,3.4339568668710947,2.906557887891966,3.0118899419576883,2.911902177860576,3.128244895882501,2.7992258922470996,2.7244330359489726,2.731112557699591,2.8733242087717925,2.699217139912796,2.4814901797189695,2.3148190531380526,2.815716640952808,2.63492468857917,2.8120077869946534,3.025824505459752,3.0056402574082024,2.841809050173421,3.025525550776602,2.9003400031776807,3.0371854290637645,2.809511136234662,3.0848697559463982,2.8122603542158133,2.626660678214524,3.0013524785307424,3.0283826659896733,2.8268508751620525,2.7266250186829524,2.612550809337438,2.663890386113706,2.8258825132895424,2.6707385467347207,2.572147764246856,2.439347186141681,2.751620612791346,3.206661177435615,3.0462898777868634,3.473329292599432,3.061410431953286,2.955687395362104,3.0644667639078,3.34207585217735,2.6638190860278756,2.6264887215930375,2.953271571795673,2.7702472793307438,2.763130520385847,2.800828315690608,3.3795050855757944,2.9652676586366464,2.8249096016488378,2.7661225718102016,2.2040478332118196,2.8762788447311904,2.987272676734719,2.929177866772328,2.7580170363527943,2.5963063061763227,2.5172830439359495,2.6817980735528173,2.967510459712042,2.806508547270688,2.918718028512452,2.656775380962317,3.4689178436156367,2.68361338324749,2.962048742692875,2.7439598294068945,2.6838002371223055,2.854853768611552,2.849311030870201,2.8839771946508255,2.945161422761661,2.948860866485203,3.160304068323498,2.9456854194987048,2.6921065033726266,2.547232003481527,2.6766236113515074,2.611837980929947,2.650225491217117,2.5934697014309984,2.9034987624721347,2.872983922829462,2.9189222174898704,2.5409284589822496,2.689840522602023,2.849029558367059,2.9527691960650313,2.630014174378209,3.086250307586614,2.8339210474220167,2.8789011601537027,2.881780787167445,2.8613106032294136,3.2949414427422035,2.885013920015977,2.8685774619488913,3.0350060099897145,2.7375514629777715,2.619388795704156,2.9015123375456358,3.080040139574793,2.8720848086725206,2.9054028774869147,2.848794963489324,3.1642514317250727,2.412713872143726,3.1732643100745324,3.251541988778775,2.737760203365239,2.8329818922353014,2.6122562375443836,2.907090630443488,2.310237701035808,2.294203835699788,2.8133208010275768,2.6412635722388424,2.5847577096880645,2.879433143874702,2.6034132185216685,NA
Mar 2006,2.9553864552058307,2.735345959641234,2.7978590460111645,2.5833543730422215,2.4930313863816456,2.536035031675237,2.7316992906246886,2.8027755139584047,2.773024214434375,3.0168449789877068,2.9852532550267554,2.3322181098255,2.297740351222814,2.5844149173047692,2.5736263160678092,2.430692876374572,3.142219871082089,3.0223595922650253,2.868504378329208,2.591505952637269,2.5690777205450677,3.449260562767067,2.9264903766442876,3.038764961506384,2.9636132988204325,3.1698727165093756,2.786448907182203,2.682320514720634,2.7451735630925507,2.9128881460011686,2.7715637621124154,2.495828926982165,2.384644458227667,2.859080503747766,2.7104999825460028,2.849773386273985,3.0458248664423424,3.001638606899321,2.8876490840766644,3.0425767791543796,2.928374118288343,3.03124300487748,2.836151773007941,3.072234441888657,2.847920064219233,2.637632162730815,2.9923003927465675,3.065683981837093,2.7899415868895168,2.7811103468583096,2.5846019519650016,2.7310105541672924,2.8443103059728037,2.6920267676558183,2.6273838640463825,2.4530519350093076,2.8098443535592863,3.233257380815213,3.0563173533635424,3.4799547397416752,3.0730625635853737,2.93913147495379,3.0650299386208744,3.426211492729423,2.5779640062624596,2.5682771396219515,2.949077644435515,2.7825156378043703,2.7802745597901866,2.80548807581325,3.3444536956123274,2.956594592108677,2.8123196595135287,2.757423927991797,2.2290868620945252,2.935002731738225,3.0252662548342,2.966848628427188,2.7396132304725045,2.64314972169715,2.5011638999164636,2.6826749397745435,3.011785364216547,2.834075289019863,2.8682948626853397,2.7273755532520565,3.4751410638011038,2.730036052928315,2.971948695942483,2.714644048612765,2.7438185364581735,2.8968671128729127,2.9004283245705405,2.9344768433797266,2.975144732797638,2.9784391859674524,3.230101219047706,3.0139270825429603,2.7410828283585595,2.601108870020021,2.6629655188862675,2.606131548288723,2.6743516993123886,2.571267837304719,2.912906103701518,2.948600213114926,2.93635984781774,2.594426769598463,2.771628630317432,2.8509635878156,2.9779841393785085,2.661091889639587,3.1005781257508875,2.8007464773123094,2.8670430430879033,2.9315899817802142,2.9363845439609686,3.3675853675126843,2.922955550291839,2.864906088823889,3.0306940013145236,2.7565751712229547,2.598018362194606,2.8888087677088805,3.115563333151309,2.8837297045800794,2.903847001143554,2.8687239185872175,3.1480050917466795,2.474751880886241,3.18942650216845,3.260125404992582,2.7716286447623424,2.8786122116908732,2.6379504951381727,2.9113814258155695,2.3407659594262777,2.3582085926388032,2.783234880147106,2.6225844913345737,2.6127071309347607,2.9136185894633373,2.6667625039143448,NA
Apr 2006,2.9655729758752774,2.7468929206886545,2.811953654579923,2.619257227458685,2.6023121169184127,2.55387594543972,2.7509837016294325,2.818935822701286,2.7420191532829694,3.049887772252864,3.002217083815387,2.3172839033351322,2.4277633546820354,2.5884132429239943,2.527052920298119,2.489590445281436,3.146605815162646,3.0611697744913715,2.8843274821821137,2.608779238627115,2.6133679243371786,3.4841452170989697,2.9673126772452725,3.0314454965747752,2.985296834880957,3.272521402407747,2.8662555014057016,2.777338132179522,2.7986712093816086,2.894603836785086,2.7664828310978113,2.4936518955343745,2.4282395261092944,2.8499054198312646,2.6736873097751,2.824352224630778,3.048752031173218,3.002153677298316,2.8835361123636516,3.0769963061275107,2.948286889142371,3.05463921461813,2.838456345003899,3.11270943409779,2.7974854300330985,2.649317113888361,3.0547173003201786,3.0655999819601796,2.870047330853274,2.812882839479126,2.5928931038348524,2.695782889884907,2.8567581131489685,2.718554906130087,2.6387220427003952,2.5072894046411345,2.8244301125142983,3.232588958277277,3.082647166230912,3.5206206010733307,3.077601755912671,3.00423561035849,3.1112803614264717,3.389819727640008,2.598380779795707,2.6036511473284967,2.9941635409343177,2.804744802089265,2.7717802097711934,2.8054329608683966,3.3733190619103985,2.993979776398842,2.8382055243756663,2.756947444638909,2.2391610696405064,2.960997697857949,3.0120786030915414,2.9816519113986937,2.7498001716062714,2.647955548770268,2.5315999407601883,2.7367007890272195,2.9871454698134334,2.852309743300754,2.8748149051011835,2.7898794790301547,3.357945132896565,2.75022791055502,2.99458177630242,2.775759208730382,2.7189074352568463,2.915435838991728,2.8814655150604103,2.9697727511054017,3.0053732738393655,2.9728525723540824,3.24115366962502,3.023583901925261,2.779018235026272,2.572911674265163,2.716167131761305,2.6379756010573896,2.685982295751783,2.604492825405062,2.946850179552824,2.915986221606053,2.9592520178677644,2.6545435040378,2.7815168472191036,2.9307918183659782,3.011777280667806,2.7083748885183736,3.114236361139211,2.861995010088588,2.9133161508386984,2.945184058648866,2.8922984851116342,3.3557884154689894,2.9435398337044165,2.84165742060967,3.083409326692892,2.7651242749124414,2.6724926179505073,2.9069440041883774,3.1103967616599593,2.922714337295589,2.9494311642780437,2.950972507706495,3.2033694778175192,2.482812485480948,3.220663601294239,3.296592147760055,2.810094411934066,2.877010424922197,2.625375795472572,2.9580805803897516,2.3842974695347086,2.3561384637510727,2.8053161078841073,2.6294498817389265,2.607564333588965,2.941780617540895,2.6871088694366714,NA
May 2006,2.9925305692775384,2.7465981647986166,2.825743426528366,2.6403253938411018,2.5668760424978574,2.602571233483689,2.765704861499089,2.822759461488805,2.8065926569547575,3.046656550272276,3.029468871475517,2.38891269675449,2.4422689223498693,2.576230550413201,2.584647927386984,2.4948962984501297,3.1377564456206275,3.10417640139252,2.907159062716863,2.664348896810224,2.619896848971599,3.5281690111703394,2.9703570883329813,3.0940566436060264,2.9834948280340803,3.2809090706916417,2.8333012086707665,2.7738320680499347,2.7365230886161975,2.95603154106709,2.778547569253956,2.4923631441577947,2.4682857999924055,2.8654072470068277,2.779377859215087,2.8708643874443296,3.094833118922148,2.990806436133581,2.932970951465277,3.089438560993754,2.974994438565297,3.0629185523831644,2.8831557071467038,3.1465430280864326,2.930073227448882,2.6745793290031457,3.045333750278651,3.100772072399528,2.8815668573864346,2.845380614107446,2.597667848428873,2.7833112394377206,2.9095005723536262,2.6981885829432577,2.621396146203216,2.5020006586585644,2.8433116624460726,3.237981578447631,3.063679271510257,3.568670824226279,3.139966497485549,2.974734981291877,3.12990468291724,3.411817548222663,2.596108845088722,2.6090073105997704,3.027784401780028,2.8440580707264034,2.813784910984564,2.841392099377251,3.429602269904965,2.9880962332177714,2.8674290503604345,2.8345236164113694,2.288799853304714,2.9175327309539933,3.0712470363684115,3.0464812692891576,2.8087906463382812,2.6882788052172644,2.5596077667547985,2.790803926086026,2.956833502206262,2.872786450978067,2.9156133067768173,2.7924860390574624,3.529236341082351,2.7563588316406142,3.0359636096062057,2.7418023512622662,2.7447949793461275,2.9328107916756663,2.900174145356506,2.950539949031755,3.057131321249533,3.0468617282891772,3.2617191400438115,3.080343669538361,2.764286590970197,2.604280520291948,2.724912447543281,2.660756189974874,2.705718964400779,2.581884948464665,2.9357852929211687,2.970812147395393,2.9792911514241056,2.625830476856953,2.8025655493453865,2.933522649542733,3.070738529800997,2.7660313011319766,3.142868975111144,2.8989884149128757,2.903490992458147,2.955548117745589,2.955904780709158,3.4488634875481283,2.9534819624717437,2.949747686514433,3.057742567362015,2.76859502540775,2.5965353125383364,2.9326596706488512,3.185578780446847,2.961290650954694,3.001252465459214,2.903248126660987,3.2909983411195682,2.541032341914626,3.2939836278976142,3.375750992963972,2.8668289024027533,2.9175468941245994,2.6933241448786847,2.981828037898224,2.362734544277606,2.440221408263703,2.787304415481036,2.664187140411272,2.708932938451862,2.9836722673015497,2.6949014656125825,NA
Jun 2006,3.0302899097414873,2.813123137499819,2.856813785296949,2.610701141163004,2.6378697720942936,2.594252622355875,2.8158971784214963,2.859517640418525,2.768276719681405,3.113205331391703,3.0642682963592502,2.4387795268786685,2.38889063884516,2.621257671101523,2.6480736207109703,2.513608475172291,3.216098332616675,3.1054380568684756,2.929178223874119,2.659612719061557,2.705632296623546,3.530669860942294,3.0147366378944045,3.133943560395744,3.0283375211259105,3.3567700361730743,2.847455561485321,2.8385454916356663,2.8255177245867844,2.975872114246967,2.828109642118089,2.5824568504227328,2.463876480261678,2.8682248738917138,2.754219181182522,2.9120284040272715,3.135728427804066,3.0793989469954197,2.9469614719940713,3.101118647645918,3.01041376648755,3.110639921270688,2.947639786953326,3.1532440881083637,2.9019854680657726,2.7175942651902822,3.1220232441097004,3.100584803353229,2.90409318650247,2.8638876566866402,2.638829207106243,2.808010583793755,2.9095672959749104,2.731919375993466,2.695147172166083,2.519514012514785,2.8593487120597914,3.3125545461483505,3.0972290295982505,3.554256460278156,3.1472970963872844,3.00605318817857,3.162140072122322,3.484938835801267,2.6657003537379405,2.6710906129442678,3.0738979267436544,2.8934718683254466,2.879332361621589,2.8662738879802045,3.4323530396858377,3.0313967245287214,2.9142512825662354,2.80117382849196,2.2617841729999277,2.9879324533478666,3.114538212225829,3.095136423028318,2.883842542235045,2.749264263160999,2.595572069031338,2.7981242951143774,3.081781069513093,2.9067125974130352,2.9698044121974183,2.823285395740459,3.5500394604393937,2.774508681154109,3.013723674524949,2.774655033852809,2.77576740981917,2.985996233604862,2.9423581009363438,2.975813841901773,3.0823388197579846,3.0003814189700493,3.3090541300419947,3.1056892799630003,2.784345479859922,2.6842389421683586,2.7570453686124017,2.6794200733400553,2.6747802538589216,2.597954059068668,2.9783584502817635,2.974186292222435,3.018899274461248,2.7392478320597573,2.7999880983864633,2.9526534614083064,3.1004964251652556,2.78144637553852,3.20521871552639,2.9519774390384756,2.937589476353555,2.9972129147270343,2.966860631167273,3.3959130154391026,2.9763489916249757,2.9705497695429055,3.0978459542037506,2.8378438283497682,2.6796994006991897,2.9461899009587587,3.2582694929630636,2.9905898616881106,3.027094152491044,2.90203386386971,3.280574014971405,2.549875244447752,3.3137287122057875,3.414641453115698,2.9172785287782355,2.930177305048533,2.7184523294012295,3.0110739053983333,2.4306843662515587,2.378452535518082,2.798363122629352,2.653875748532932,2.634074798267253,3.0050056203651767,2.768041664845404,NA
Jul 2006,3.0524819820201774,2.774640885859539,2.8632295635709673,2.6506228944641075,2.6206238146206258,2.5929351395196742,2.803224073590817,2.856278581916342,2.773903213267992,3.119174090283216,3.0793045644044246,2.362327127630964,2.5072268867865475,2.6537901377014737,2.5897631884200902,2.5438772367221656,3.190994174981528,3.149941833249986,2.95615018665313,2.664603697739174,2.6603510862875326,3.6108593322361866,3.0267580878283162,3.1423095997789185,3.0197017343122607,3.3301452837769037,2.8737703237921894,2.7833375331437864,2.814466967785904,2.982174098995311,2.819650643907886,2.502901440066978,2.4685691798046014,2.9149486488702516,2.779272800673999,2.9727814509324593,3.114673704851539,3.0751610465551966,2.9405164854485046,3.123368416992936,3.0263364994329094,3.14970817303171,2.9297642349094093,3.160184307540949,2.9161844490752857,2.706578900159546,3.0797241421156785,3.1276661682249314,2.867932760393752,2.833450357407518,2.6227735932371696,2.7808260932434714,2.9118918367506916,2.754703504752662,2.6711824865656273,2.540137220535135,2.8720694455609013,3.3210349876968563,3.1517510532467083,3.6283330086411807,3.1095097228795345,3.0716049694992713,3.18047942565686,3.4763830347413616,2.697345967558371,2.651758587427734,3.0678825916312933,2.8664707108309497,2.8777746222977902,2.8697755363248807,3.486435751157307,3.037982668309268,2.915458571805168,2.854021403178616,2.3214767934859486,3.00861494279484,3.10031348855803,3.1068200491252274,2.8242935937709586,2.6971048213942153,2.592180247458194,2.767833943242455,3.049217688514118,2.8829892829131665,2.9704560706417027,2.819255120463135,3.5219543079779525,2.7890434877567913,3.0746546617530544,2.8008841480377256,2.758706008447316,2.9703415522364267,2.9604897447603418,3.0243526806722194,3.09969227568259,2.98289836714606,3.3517536972694804,3.1340782300619163,2.815229606433058,2.719897827638455,2.7509347647988927,2.675139571065065,2.7077078725882133,2.6374627917026934,3.0293179033682245,3.028944428623835,3.003196228526089,2.6883918449010724,2.8224271383292003,2.9675139688241865,3.1382199384153937,2.8481010549607864,3.215257857581024,2.908899411842286,2.9745120625478285,2.9765654457433603,2.9680586694530025,3.3902824758808827,2.9927872794910315,2.9537540603188255,3.128659956469719,2.8980024950607026,2.6941777015359367,2.908981945286336,3.2907780488540315,2.9741787348555593,3.025368784983252,2.980514717892325,3.3290997180825133,2.5855415886383835,3.395714193000567,3.481535467457835,2.9395296060899767,2.967555399254512,2.70562540479145,3.0471536467062084,2.443500126854398,2.4530067350184828,2.7936043096315655,2.7170985543902724,2.674275000955991,3.01751316869191,2.7093750217313293,NA
Aug 2006,3.0693462027351335,2.802571810888704,2.8762345969717518,2.664067739138305,2.643611269704979,2.613776149479485,2.8033495613589614,2.8875734498825723,2.7870292940547094,3.1431151364300396,3.111383547171155,2.47834550727937,2.466314513579326,2.6485684180342197,2.6303762902867587,2.534000927430472,3.2502482222094002,3.142222729736223,2.9523698770062827,2.680321865252352,2.7014687011248073,3.645368033644549,3.060431565785738,3.184659611848515,3.071340239834314,3.343761093368622,2.925264555200085,2.8677742027124156,2.834037916572546,2.9880298201474016,2.853965016419939,2.5714928182847014,2.5050058629848397,2.906867928855986,2.765018190340109,2.9574867933913005,3.1390660732507203,3.110515651729064,2.9692880045039423,3.1128526909406045,3.0392105334082795,3.140566830561904,2.9536591816581947,3.191169992479451,2.8997191642867426,2.7436893576852595,3.093570822687957,3.209752328357841,2.908111936844773,2.8909410365790924,2.641288198417643,2.789297747833937,2.931733902212816,2.721098294799458,2.7151127756827713,2.560005309325385,2.8880148849214295,3.3420286474132315,3.166374618773473,3.554871622413797,3.197507577353175,3.0678382266065327,3.186974682151491,3.528503518872624,2.6551844942499634,2.698722115045466,3.082765754604115,2.8876304687591103,2.9192556744396376,2.8895266068750036,3.4890357841220494,3.0677108398249473,2.932668346267187,2.8779614095200765,2.2998077287377687,3.013999387733867,3.167238014983146,3.131013581270152,2.8725172640146415,2.7452732789188135,2.591097033312421,2.8106725649441273,3.09697698084265,2.923885639919578,3.011993798281434,2.779094711849351,3.49627598310116,2.764000454264182,3.0947415295123446,2.7934251189828956,2.7626870012829405,3.0185503215166007,2.973572514892621,3.016037113299201,3.0822313432621704,3.01723494774245,3.3958826666913273,3.206047075041883,2.791708854852294,2.663535903489522,2.785100300358788,2.654964581910206,2.7626195958066635,2.564879554256313,3.030933078067212,2.989244487942622,3.025558846811901,2.7168409533754074,2.8515307275829618,2.9651101307713716,3.158277416595895,2.849976586062415,3.2411141184406222,2.9767716715459636,2.947480946766408,3.0098592396451838,2.9984788548206365,3.4198351224737835,3.036975903996498,2.916371284722485,3.1198186801013255,2.8810577038722016,2.754992696850408,2.9724752675444,3.310108382730182,3.0149062222654828,3.017078971975906,2.967389880473854,3.2992073586198587,2.5547537991430254,3.423048008063428,3.5014059784043035,2.976072597200805,2.988810669257823,2.7202952808509666,3.0238804264622567,2.3784095346953884,2.378710400782617,2.866025661565534,2.7398271216746957,2.706833132398928,3.048351469016424,2.725741551013969,NA
Sep 2006,3.0815446151013433,2.838907966055312,2.9154392974777696,2.6522318930088193,2.6807441575024265,2.6305821052093643,2.840284605151406,2.8746746150394937,2.8056141138425015,3.1882541287209696,3.107857807063204,2.4886317021571855,2.4369425474162103,2.657710213313219,2.6503096164489,2.572310157590376,3.2057789302279778,3.177262330706658,2.99164807763446,2.6909754339239034,2.7395453324998527,3.719117762849068,3.093663947836037,3.193193640117572,3.117561889088227,3.4051149991722234,2.908544753976946,2.907648754161232,2.8573363688286535,3.038395100770555,2.851520651764092,2.6047213126905233,2.5725891854342064,2.9378710341542056,2.7728347736081322,2.988823221315523,3.1773228554350608,3.1029277928461814,2.9765687388826385,3.1393305072551847,3.0706189979543352,3.1745911421447466,2.956842680122762,3.2077958796925072,2.9615954937932654,2.754511653858334,3.095441705009693,3.195159083080107,2.913907098939675,2.8831670021598392,2.6653502169475707,2.7144759678729473,2.963211015330041,2.759397727118684,2.707940564582551,2.607735421952553,2.907750625843796,3.3879733624916946,3.236666085316166,3.673707470176095,3.189231263816736,3.099228532683592,3.222046514032725,3.523302296994894,2.6694191460242114,2.732092781451826,3.1065007066575987,2.920101246635411,2.928270541559111,2.9179970930837795,3.5057419759194266,3.082566634236112,2.952798554772662,2.8892204980217158,2.284808655349157,3.0800454429418154,3.176032873282823,3.195537245589753,2.8236807991895385,2.770606505959786,2.628762385280362,2.7714067534457043,3.151610723940315,2.925375967262009,3.013007006695394,2.873113738165087,3.547270696241969,2.82525407277076,3.1145185109338445,2.784796230169924,2.7675453906961764,3.0278812546553766,3.0092436147140034,3.026329619219682,3.148045626846801,3.0414829646832025,3.477122823565232,3.2155017108149853,2.818538487820983,2.67636397182552,2.7304301316259765,2.6950240209154095,2.7720045329307195,2.6477668248221784,3.0519193302674252,3.052294643494366,3.0575281147377855,2.69557196453907,2.8777066184154276,3.055858112813356,3.1752920352344245,2.896449814056103,3.3497203558215087,2.968565257361519,3.004382433097326,3.028193578203172,2.990117701987669,3.463023400220766,3.027636670300375,2.9400371019983393,3.158078176564665,2.881945031391987,2.7415440758264986,3.0037109969188043,3.318201963173761,3.0306297114263527,3.048482591966665,3.0045639788770155,3.376758408141474,2.5918666641577928,3.4788714960704503,3.547342891876427,3.060877590774824,3.0118131638033048,2.7166226791202104,3.0344687953872893,2.413660085001917,2.431511416910938,2.8467493462330737,2.7195484600925006,2.6778656375883703,3.045237702362533,2.767093724806868,NA
Oct 2006,3.0962908265498563,2.840070541034088,2.9361457379580167,2.6259115953873815,2.593261620224325,2.6704440713076076,2.824128654041609,2.900696815751416,2.860365001369502,3.2164607092097097,3.1295410432366904,2.508902062261954,2.4903493201659628,2.6808057807407684,2.714712608944932,2.592722633028909,3.251966959993351,3.187949918531063,3.018410506076874,2.6765685029633515,2.720085868793208,3.727032614170364,3.0844966961041287,3.222873135104068,3.126779232689202,3.46507811704981,2.9087366096243015,2.851819394400018,2.8796738476791828,3.053441257309278,2.8969112935836137,2.5518493760359133,2.520324178263166,2.946313618750911,2.854302907481742,2.95230351161303,3.2114633766348417,3.1167967787026942,3.021924315648357,3.176459294949438,3.0925838119214624,3.198706448282291,2.989097178314874,3.1987972387278285,2.928319074179433,2.748549081403253,3.124616357870021,3.1639500340022946,2.9559750519048267,2.8789381055559615,2.66358484235926,2.7998066099572743,2.9800456591548263,2.7715486634234705,2.7132286605842686,2.594259714104617,2.9102356188290006,3.387077397416918,3.229724337025447,3.754558449999738,3.1926048272750376,3.1479762575691965,3.2223030335203737,3.5468137292758435,2.7515187705588384,2.7123442734482106,3.124044129729874,2.9256665954269683,2.9450117123273567,2.9319022341354635,3.640269845671517,3.1146700171132724,2.9684342888946667,2.9084370346102837,2.3501597756575716,3.094717927316298,3.2141699978474767,3.1914533795047224,2.8919597589478845,2.7084945503433664,2.650881943713189,2.803358145695273,3.1196690085599097,2.9592400541541637,3.007868020985716,2.8316663170168512,3.730301336951826,2.8120226751828388,3.131815582135972,2.8168301154531665,2.807258346072986,3.0297989199732522,2.9842035298143497,3.0237966899231834,3.1409117516335865,3.0912366349232525,3.4628308457237518,3.277457945311372,2.824639553421334,2.684537053038442,2.7660009211092973,2.723133819189594,2.7706367777221454,2.586375065450613,3.0762417953649805,3.074707646671472,3.080855244994173,2.716860061185654,2.9210437212315075,3.045621986755241,3.191433509268732,2.847341567187207,3.356183246371892,2.975154613352446,2.9936236633663547,3.0633783045247904,3.021147569980442,3.4711110469788147,3.0321597746426048,2.968854259645552,3.20892773697521,2.8996264643626346,2.743444813078363,3.0136846517960527,3.3753640181813864,3.0430745365767233,3.0724358605334934,2.989317584603123,3.3584179923256,2.6070356288566376,3.5114297524043105,3.573501061627317,3.0964496058806095,2.9791376228836675,2.7322420575328925,3.095144186050158,2.407966180822968,2.4614768405819545,2.8659393471803383,2.784197659763213,2.6917282547304264,3.0799608229676783,2.746504420420616,NA
Nov 2006,3.124013329495344,2.8295175164711734,2.9536714226791556,2.667199657858403,2.6874641127797236,2.688438399871308,2.833757203527205,2.908078387059645,2.8353184625500245,3.255742475806895,3.161697308823341,2.497409730012111,2.533460795281488,2.6971792625645628,2.680873288588334,2.597134383701568,3.299758673648487,3.2476137788310413,3.022532061250745,2.774233360643858,2.7636597871341384,3.7517569832140856,3.1293461632087953,3.257347760640702,3.13856456904302,3.4987671586727402,2.9310091812185477,2.9190405694478203,2.875334873537699,3.0772402550819415,2.9117122750510385,2.5984275757591564,2.5459613756734427,2.9548601389571334,2.8037804675033864,3.0131335795350034,3.2019564173370827,3.1631410711444894,3.0279182822210786,3.1979562890545514,3.1388328342097935,3.1751591397333274,3.0202222945846184,3.2253117819181214,2.9603831161267933,2.818744294319747,3.1745945326894,3.204223303872338,2.9467399211285055,2.9178890463204854,2.6698517370121406,2.8580761896212405,2.9851942835672607,2.7902504105027077,2.7548296935402545,2.612673308637015,2.939379980382469,3.416743883445545,3.266632548061921,3.7393869279216556,3.2623054557071223,3.138032352370617,3.2664134055776133,3.589247883524059,2.653985862033001,2.73905253088429,3.1420650225495375,2.964747891631201,2.97058230727501,2.9607970551227805,3.5713632386383094,3.1523902031750035,3.0049805898620177,2.9348889500922137,2.4274876066714985,3.092304606989585,3.2312948345984958,3.1964707780933304,2.875711284069433,2.8101995352892843,2.688127741092306,2.8035547551247575,2.946796805338303,2.9631933959297796,3.0264772072789605,2.8977086444696085,3.546855895196757,2.8536550410001924,3.1752935771600357,2.8669372413566854,2.824786035347532,3.0389781435991043,3.025589882464636,3.061688125297527,3.1819291749891154,3.0974718651426882,3.5198710389994683,3.264283361840673,2.8560405423569906,2.674022498417627,2.7569476936851314,2.7358681229992823,2.7926642175024416,2.6389915770012298,3.0763045461471186,3.0585423871072113,3.1106971758539825,2.7264954119710656,2.9223894142261875,3.0465390032966053,3.192270182723893,2.9273967986931235,3.43382223843195,2.979068460856986,3.066054854278794,3.0745845184063247,3.060171358071174,3.4892011084178702,3.0830913216644458,3.0053093845797005,3.239294393622452,2.9419759953476876,2.701088401727849,3.0609174822865155,3.38496391903039,3.088233128690264,3.07693218009626,3.044844882617279,3.3896817060860913,2.598250611652729,3.550814931678399,3.6508721843077936,3.0735102309143354,3.018387179451595,2.744785121794948,3.0698420665979538,2.4775352764105345,2.4458619294119748,2.8793167409388922,2.7541467797151657,2.7201136681880573,3.08635805235904,2.8293662366439793,NA
Dec 2006,3.157169144130198,2.882065982003346,2.9554565600445013,2.7181493949744966,2.7072101634634036,2.6844145507889223,2.868948260900837,2.9542008272128926,2.8310599118636213,3.281303395061552,3.162096793483017,2.5542427279903404,2.48758969184496,2.733953587430546,2.712398219651734,2.642396083291739,3.331666885630668,3.2387919342419615,3.0506420173593676,2.7636444582616138,2.7800289041912167,3.8343102014364843,3.1571611209637735,3.2864736961755505,3.1983896580921725,3.5181994494012767,2.971607523321794,2.970681690508044,2.9223757261795718,3.1236423678563305,2.9020952127414112,2.6618011145602143,2.653833656162265,2.99654925971003,2.8311736762212387,3.0580221277025093,3.25247773287764,3.208623710124797,3.040127942377114,3.2457303926817795,3.163005503118638,3.2312211334809593,3.0469836914805533,3.3343085693425687,3.015464709382973,2.81905937120787,3.2245430684720833,3.240937142570864,3.0099146315570495,2.9853870763818016,2.747356506552549,2.735829986356013,3.0294698984359867,2.8269726072222685,2.7892021363413706,2.618898671358846,2.9755680955283004,3.4594403940657172,3.3607583250968176,3.7352646718869686,3.248963072787955,3.178640473035611,3.2769204466693336,3.6117256334212304,2.7499170627812415,2.7789001701447846,3.187157391750615,2.9963462360342756,3.0003959337348847,2.9994447381817517,3.6508372597367704,3.1754688204557096,3.0582465883827648,2.97962360921121,2.453873602518497,3.1388871417335036,3.284934945617045,3.245177721147082,2.9126777939459294,2.825657815385938,2.6541523490989336,2.86993632644578,2.860507292570564,3.0088923302473103,3.0314879632159264,2.899811497603899,3.5504420863024593,2.896948477665646,3.172434000462674,2.8835240033309315,2.874904589662039,3.0758819214128406,3.06006062447204,3.060765125034675,3.226589418341315,3.150877615575403,3.6213322524067593,3.3362174905162503,2.866567858278773,2.7351185944835055,2.8118818395751495,2.745362440767507,2.8288216810446123,2.66694010380052,3.1081308893856425,3.1264610178573196,3.138863483714553,2.818439899773125,2.9488907316994757,3.102669244163008,3.2474698564081144,3.014271607742678,3.5029054935612045,3.036866904244662,3.087920515815007,3.087776365127825,3.1053211311517215,3.4879284598988396,3.1316393649120187,2.9910058711687126,3.238451254663659,2.9565157077097624,2.727628903454908,3.0950993234632156,3.435807240548403,3.1263619501728397,3.1201195753843307,3.0298879167142414,3.3563300274717736,2.645785638216892,3.6003710125765935,3.694522029564427,3.163146832929664,3.0525078853224334,2.7860892160653945,3.1590961657984025,2.613600286692664,2.5332386282394093,2.954267579700035,2.8179205529773923,2.856521076297772,3.106537003539843,2.8626447240934123,NA
Jan 2007,3.1750507657772276,2.855986432676938,2.9627361991784897,2.699561423844938,2.667798459357682,2.6950468855420353,2.854730342513388,2.935657027810925,2.870460188393761,3.28147265303968,3.1873694786321876,2.5139064202568893,2.5843397916036666,2.6962096647286966,2.73457667266539,2.6330919942422346,3.3175502891285764,3.28382010723061,3.065642292238285,2.7505471557312684,2.76577781726144,3.8326623681315035,3.1391524075172366,3.3122442701214463,3.199509561036969,3.5799414258471756,2.9761985638876522,2.94765999644184,2.8993318018873304,3.142235918114878,2.8655894289610333,2.6088533564104615,2.648452504948075,3.0205956986946507,2.806460772391764,2.994886390180723,3.241429544008375,3.159879386197014,3.0438379239724074,3.229465328760373,3.1362188699618803,3.244812006938645,3.0870732231287805,3.304756872550326,2.9659963891144296,2.8090658318384416,3.1700868115798957,3.277983384488038,2.977841271268906,2.92072047950314,2.7464086321138113,2.8108852985079116,3.025933721394067,2.7599454466789908,2.783043238862952,2.6526786410323844,2.9559200880335816,3.5440555409855072,3.386616671218504,3.7618894880693747,3.2890690220711516,3.189279239814782,3.294063354012999,3.6354099495034333,2.742492658217302,2.7740729778271116,3.188118694239615,3.0023515076611895,2.9568386653400687,3.010993017821075,3.60193257187098,3.1921473101542888,3.0709330790835567,2.889715190788396,2.4501025381345016,3.1381312994863535,3.3352158471977065,3.293350093865656,2.973317309547183,2.8512960723095517,2.6737952582009497,2.8638503498938195,2.995647050119871,2.982396205120691,3.092004905341071,2.926341678962331,3.597006562019747,2.8759158526909103,3.1889619826731583,2.883322388591897,2.8365126091434054,3.089667029154514,3.0562476437743156,3.1016927755605237,3.1895510087480687,3.087511097970407,3.6333964784556882,3.350575811109326,2.8900147625722172,2.7012065318788254,2.816069590250335,2.7337008986950955,2.778776301127607,2.617799904171268,3.127559468700701,3.074917770472837,3.1445318343600337,2.7983256344139886,2.9267568098883316,3.0644828285561734,3.250206222863056,2.9807809324918897,3.4523795660399212,3.0077217168107873,3.05598868340644,3.076922887439208,3.044916533743751,3.5161248012317547,3.1061343897516265,3.002084724573298,3.2657238189930173,2.9357131605260944,2.7722363734293967,3.1029373228332897,3.4179183665126494,3.0930204431119694,3.132174454531624,3.0405174506675854,3.3650510148790107,2.680952621888294,3.611718398324149,3.7269588705130503,3.2226808673795295,3.0101231258567562,2.804906896813509,3.103366291084667,2.527716543424867,2.448866773672726,2.8639103243655017,2.773529394012151,2.727855514321545,3.1422742383035622,2.823532289847318,NA
Feb 2007,3.1978565121236344,2.875298493773031,2.9447586519320295,2.692564080612967,2.648116028143946,2.6541537452012993,2.8694160742897616,2.955745446798628,2.8800139384068744,3.3063768698827194,3.219792040363273,2.538217927742164,2.567086619192132,2.7219977776199835,2.726870064115858,2.6373931379134303,3.3545170074544766,3.319362636106515,3.057069765446798,2.7215145377409873,2.796300147440931,3.882851304836122,3.1987296118902533,3.3145122449261057,3.278392506527798,3.551256106815324,2.9705212898595525,2.976627524793421,2.8946731623066424,3.0986040025175083,2.899270848686795,2.587193511701068,2.6573001422465863,2.9976938941357854,2.9133043073100975,2.9786913932029413,3.3170166135487635,3.1985627418723412,3.0890685622024336,3.2188820937161595,3.173494199648221,3.2212198283848004,3.0762747600733507,3.2977411604491147,3.0371185475006195,2.8451183740447448,3.1605384281043793,3.285424550527379,2.971089129674448,2.9878938089818305,2.706757241279643,2.870356726426203,3.0199224219829888,2.7582777364041027,2.8046359708682065,2.6671107407747607,2.947689309686334,3.544771479924338,3.4739701041957307,3.815627036351278,3.2729075830951087,3.2519377606966615,3.3058971146148153,3.615827394588268,2.736229304808631,2.7108456854069014,3.219122061907783,3.003833944587864,3.0447049363990444,3.0442890531971267,3.6954291190968678,3.202954956993373,3.062680649924535,2.9659347695553313,2.4050699334800547,3.116846914835985,3.3355504378577003,3.337650830616557,2.914305711452017,2.804633819057509,2.6727479539209913,2.8812729237332317,2.911767128568842,2.9967726407615407,3.0641403951682893,2.964721773913352,3.6849822132634413,2.884565273814418,3.2233161244494735,2.849234246282011,2.889618698790422,3.0744694283011627,3.093815483502743,3.1239655578546626,3.2620849773384912,3.15908931858256,3.6632915975619174,3.4553518481717918,2.8471432778979673,2.6586189982922352,2.7694095799907004,2.7375283416385563,2.7955301736742304,2.658319614505668,3.1292658858189073,3.148140822330106,3.19619364330009,2.8425984146536707,2.936720052794707,3.0549770418105675,3.281402185162313,3.0296141388824736,3.4654047268710206,3.024400542232199,3.1126084660523414,3.144800733828134,3.1307294943591195,3.6158230358328796,3.1402135554101256,3.0068645992514558,3.2611805307633355,2.997774570166078,2.8238067049610196,3.0946823236624406,3.4931858518063565,3.1223691220041174,3.141105225877966,3.0563342746549007,3.3816244991135904,2.674347679355482,3.7044323183683825,3.7532159278175783,3.2431887376761184,3.0674496186711275,2.8492183154480224,3.1545480228086906,2.5521859779416896,2.509070723782935,2.9008267405879633,2.8289105089282125,2.812384004569145,3.1372764289973163,2.8075441114268505,NA
Mar 2007,3.204922775660108,2.8961713474132718,2.997066596425892,2.746230756275683,2.703321324982778,2.6881273836747757,2.9001223997223935,2.9807866149590914,2.928640670994441,3.358109578163395,3.2359361746155324,2.606026663028624,2.5353118910193855,2.7721448491924936,2.7636947537177927,2.6845367030600897,3.3887144277401466,3.2813983091200822,3.136808235924086,2.786561394771903,2.8229002763728457,3.9323290899731753,3.176037392615261,3.3485353298959395,3.2553401797085075,3.606396529505777,2.9468935288780584,3.004159293704288,2.920088502285658,3.190586952320385,2.9111122855548563,2.6450561462629554,2.641978959123537,3.0106850037654613,2.853737438833325,3.04191153893392,3.3044762746285055,3.2116640263397693,3.0947429465263494,3.247016057304709,3.2026533940500004,3.27517298125083,3.076056685935208,3.3527499841917208,3.0272375788036836,2.8146418391925763,3.2523581249649327,3.3009772419560974,3.051965243577015,2.986075254508316,2.7618436669624082,2.865609271181804,3.063832981468012,2.8367689758378014,2.8074863641391055,2.647727460669322,2.9877542701530166,3.581824003190446,3.4814947034688903,3.8849315928814234,3.3340786468409007,3.2308925234868706,3.3346082506612214,3.6626030067649666,2.7967567842096273,2.793783536606761,3.222272085039147,3.054828993396371,3.0535854388212385,3.080251184702984,3.8249639460090448,3.2161041472997054,3.1091779461841456,2.988583569080703,2.406830575081897,3.210712827884477,3.390921856502951,3.39076942416084,2.975446573504449,2.850633971088279,2.649266840889475,2.9023642963206444,2.9898974674070677,3.022704964949691,3.054370149828636,2.8963454882562707,3.6592020438892865,2.9354998571485162,3.205486700044211,2.951555008507449,2.8992678896858095,3.133228373825598,3.128036430040065,3.1663550680959593,3.233911656774121,3.1944273278793878,3.7089180988386974,3.5237308082358427,2.897259415474636,2.752175444032427,2.796312138925499,2.7620773457836454,2.887600426911305,2.6319350652967994,3.1268058679697326,3.1476452906437666,3.1967392565040997,2.7959721666485837,2.9512543661140294,3.1485475828705893,3.3133207954708923,3.091454521236129,3.5025507029905776,3.107136785690294,3.153700755781703,3.1400815108210316,3.1422070292037523,3.5272534756633744,3.146057019989145,3.0187312314873913,3.338433595894741,2.9839807824341436,2.8245367091886457,3.1709021441564924,3.501185838087129,3.1534105936979104,3.1385439558154613,3.1128071151360213,3.480240487763209,2.6350199696513705,3.7869596147006153,3.7963766509944104,3.318590021061525,3.0935763708294055,2.837871794370572,3.13738949687432,2.5240359505157954,2.540696176958773,2.9982309604986206,2.8582963818835947,2.7625102004885997,3.197660556435243,2.8882164114969853,NA
Apr 2007,3.24702671249212,2.8703502676689165,3.002907373603863,2.7507546579978315,2.6979281957546273,2.691963531594147,2.9117496711798663,2.9911267044180776,2.888799472697963,3.3624773435360114,3.2733844587399026,2.625835564467493,2.6555394146752045,2.7801930962919443,2.7436043042386307,2.7027625820146963,3.3766328403649766,3.3247200843020206,3.116135419876009,2.796415934336885,2.8284081042483757,3.9467032362859147,3.2168495561149455,3.4021245346791917,3.2717632088197535,3.623435394906041,3.025403874191036,3.0416949211546953,2.9773449113748707,3.1945855559507366,2.9536997734659964,2.6047688704379937,2.6487480894453026,2.9840045872864556,2.9528145549715,3.100386585686971,3.3230408338894954,3.2450284092467574,3.1189595890884325,3.275607506580632,3.225106721413918,3.398557481634831,3.098686066414727,3.3712598889937855,3.0446053562801696,2.827276751155951,3.2618227864659013,3.3162465404745243,3.0491924195003506,2.974721276730607,2.744781302988823,2.9010277662895407,3.082216451697901,2.8728739034087725,2.815013188663342,2.684923997059382,3.005201331020419,3.565773598545332,3.572598261985688,3.8544056003506615,3.339819754134075,3.3018963757797253,3.340493630299566,3.6699984317961447,2.7692054583583956,2.799821631322102,3.261211557557582,3.094076469481098,3.088094326172804,3.095281694039669,3.7865169098593894,3.2866705045221067,3.1571856688909152,3.0120790269253317,2.442498949665485,3.21478360600899,3.421903757749662,3.409676232041347,2.886370229126787,2.8700657870052897,2.730764733069164,2.9423059792692112,2.7835446745517602,3.054148950434147,3.087739076652919,2.943049018533113,3.5855842033872034,2.955325874687708,3.2854580650442733,2.9453100846578666,2.929977821443635,3.1286264857972452,3.0742874639934574,3.1668517063582837,3.2553332939669097,3.221086618609639,3.870643498398871,3.595636371145537,2.9381065157314206,2.767339429699557,2.826498931380016,2.770942491882246,2.87238978387661,2.64513067120915,3.1574126420072655,3.1661463570074995,3.2463542337377094,2.8363017595426716,2.9236301836052765,3.1509091431034464,3.3722341232525976,3.2009671738118035,3.572024830560586,3.1097015760446984,3.1639013563473815,3.207699921527303,3.1770030832137426,3.613179586093772,3.18190569555,3.017453662766329,3.3387924102192157,3.0632875839956504,2.8270944263573923,3.1245209076851705,3.6216434400704816,3.195431849776848,3.165799510491639,3.170669877626385,3.5039573439639335,2.691033402510659,3.8815778574979385,3.882447003716824,3.436596798985861,3.1506571958626033,2.8721648882839648,3.180031046673645,2.5329775830256738,2.4793786856802753,2.944244492796832,2.8852502950775096,2.8063878159740545,3.1995977549833765,2.872221275181897,NA
May 2007,3.293600416992635,2.9464534436582803,3.019488281060215,2.754825770216174,2.7226151736870885,2.785341195960707,2.952038647207098,2.994482996300443,2.888506025581017,3.4311880971004833,3.262587287996113,2.6179821219427564,2.5874761352438678,2.807246913705039,2.765482307319411,2.6931402435195744,3.419347263812532,3.3650628518269863,3.1701358204129635,2.822848891370593,2.8457928920569846,4.022464760981149,3.278727940166452,3.433108025737082,3.292454587314294,3.6943845032026856,3.0493980595248042,2.9994957969870626,2.999537561565893,3.2357156769492965,2.953251245777499,2.6746575582032426,2.6589876299774025,3.0607360644495514,2.8543884720004615,3.0620511326437896,3.3428904001395607,3.2816613462513273,3.1927344548116747,3.298725071919334,3.241227222045322,3.3694763855498713,3.1519894706151,3.3686217688009306,3.0991615259306475,2.857201463379668,3.2753356655450947,3.3656707710863687,3.0483860026283236,2.9824682353394074,2.764612549951668,2.9142971605789403,3.0788732834841253,2.839923336917653,2.820553924154589,2.7042396442078647,3.026791497608677,3.6189481513373076,3.609103420466407,3.9452307695236253,3.4125011617905896,3.3790174096054844,3.3749936496138377,3.708660027776408,2.79364038932757,2.8685695154539665,3.27933295684496,3.135998844560507,3.092738566658786,3.131136584198507,3.813912528637322,3.29025588921159,3.1698515983671585,3.0460534041997547,2.513150016474523,3.260407583062026,3.514455975317304,3.494202393204795,3.0413827833597615,2.8589377965048817,2.7376615141285843,2.9337421291289942,2.7204446785556398,3.061997137731117,3.1247542682482186,2.971661636645996,3.460235200356561,2.9756545244480876,3.306751097351825,2.939340237718324,2.927785194951056,3.177259276824176,3.1284931762127504,3.206492580286878,3.3000332050219727,3.2302463743907768,3.838554609730575,3.659191393145124,2.945254321906537,2.836548774589343,2.7935573895562436,2.7953540693016556,2.8624726448983964,2.6936400122415023,3.181190246621023,3.203406245598172,3.303212030019715,2.8467647351465675,2.9919718469814613,3.1564960181553565,3.3846217524139206,3.2983896033690225,3.5729689597219787,3.0803149788132655,3.206015568464142,3.2063902772275257,3.1621192988128413,3.644825099055575,3.2503353623318656,3.07965237259482,3.419645353369486,3.105300249789348,2.872163461515669,3.1225751889680766,3.6310768444398933,3.152703683298632,3.171946711583052,3.1432805602690506,3.546296752164416,2.7486704219680873,3.892929739220556,3.9726968014344313,3.484244122350457,3.11373848718997,2.8489746598259176,3.22046574082066,2.570507836592694,2.565935067446651,2.9530895618255832,2.868246318389987,2.8170988044573306,3.2516548210434775,2.898682620056493,NA
Jun 2007,3.3318616911374885,2.9633183227634605,3.060154998853976,2.78807959813043,2.7628322887571057,2.77461621218547,2.9758507691543294,3.0292519687216006,2.9429618239091258,3.4375521362073256,3.2958665918294323,2.622918198272236,2.7207681374905057,2.8073162390929665,2.7662624092885624,2.776844147147039,3.445746318790329,3.3876480212662967,3.2203908696557675,2.8357905498114033,2.936022446598817,4.0906746846665545,3.284613274533887,3.4751041729492202,3.359291651692823,3.693682977676268,3.0742502811751815,3.1113896262756633,3.0225327854373334,3.238927309249283,2.986157657358943,2.6954369279780472,2.720720839729706,3.0953730199505283,2.975127286702343,3.144796004068637,3.4173832586354185,3.2984701540770693,3.224497164663506,3.349834191237812,3.2744747076015184,3.4065468566492814,3.231511239484598,3.418834450805148,3.09706862842814,2.8960713680114605,3.3162386256629053,3.4636311603983927,3.0862901211504674,3.035195459380039,2.793705515870299,2.899716026696655,3.1615820968239645,2.8799430309079512,2.856209607966452,2.7249406893453263,3.0313306901474237,3.652199286993105,3.58515588439071,4.055272489223935,3.4582222082267338,3.4110261782950633,3.431673729975919,3.799691987959748,2.7709579844654355,2.871321044655899,3.345045262499638,3.1781240027129942,3.1395772319399864,3.1833218224730784,3.9221801323245002,3.3228464442993215,3.2168831739251305,3.057740847896598,2.5243713088020634,3.285353886142255,3.524620363318103,3.629260329907915,3.000804248008371,2.838562556120071,2.755918185696485,2.981572282630672,2.796303094077252,3.0797141251671127,3.1296185004145625,2.947674868600076,3.582342861496344,2.982507230992113,3.3236677049765504,2.9648117999316024,2.962041750535135,3.2065853830710758,3.148470120398305,3.2886026122856777,3.3739156951697087,3.2698130667806296,3.9851270519457618,3.786044473483908,2.990488161599957,2.8472061449837733,2.8802102532626686,2.7945949229030616,2.9273822778177543,2.7031464542097536,3.2287497658117346,3.2413762507036616,3.313464361402357,2.888051671629897,2.9865796681783725,3.2543633142872213,3.4205966391964493,3.3372676511101913,3.653031515303543,3.146304435065925,3.17405371180183,3.2456732318945423,3.175770590142905,3.7001463268858004,3.2961242160111905,3.1327067237825332,3.509024484625936,3.0748621495230606,2.8855439963714593,3.1498300216084583,3.730732749674281,3.247223368615283,3.231847287658559,3.1337545312917,3.5410803438091008,2.7258321209272207,3.979496286793175,4.008835570955661,3.599642435807575,3.1826012256441514,2.9334473538327845,3.181256992694167,2.545704833497727,2.5807236873252717,3.057284644882988,2.910276451157145,2.8469510279497072,3.250932340434758,2.9732221329521846,NA
Jul 2007,3.3332346093003578,2.9306955202463176,3.071089978202102,2.801044993351424,2.726031045160436,2.7490451776277296,2.9269539323481393,3.038956499969956,2.9202614803097293,3.458135225965878,3.3333790839141493,2.6402150763424057,2.7008950874806037,2.8649926160878896,2.7852715115431783,2.759215419461487,3.498995501488096,3.4037887007006153,3.241091422205271,2.869867210067026,2.919315093582938,4.0916519851358615,3.334251439268474,3.5011319879305924,3.412656900948791,3.746295914898937,3.121247425988092,3.076867932467183,2.9555970097206807,3.2792570391294267,3.0227909108563833,2.699017668963056,2.6624262815130306,3.0963573421299464,2.915628706280748,3.1398798885839425,3.3844537949464857,3.3189126228458483,3.2435542004203204,3.35381717601381,3.280698427688306,3.4408929072255674,3.235298094212235,3.41343032077302,3.0779360022123066,2.9079878785467184,3.3695905289742276,3.4279131713518325,3.1207400230944624,3.0583522948518778,2.819777988785345,2.918262466260042,3.107817144791494,2.8649474591895268,2.8712949715547715,2.7661944765190247,3.0660688204773696,3.740102482254807,3.731931682824662,4.021951224312199,3.543779542886188,3.448684416242516,3.441687477639866,3.768931709468401,2.828266425232462,2.843967091079371,3.3029585729499455,3.208470356222609,3.16912355456791,3.194474721951196,3.980124249807957,3.3563788756184016,3.196364554993381,3.0809567694927664,2.495400893805193,3.3012735357966907,3.605704249952126,3.5884896532547916,3.0269754793059516,2.870317118199651,2.756536066185232,2.9381979779588794,2.8464469085147734,3.1062606186112345,3.165877907286453,3.0234377103245884,3.4645063198337365,3.006073684288233,3.329246940847792,2.9648240624910387,2.926493682450502,3.224341282678938,3.151704625751459,3.257065131611874,3.3461488471308827,3.267331429541559,4.030436034427584,3.8195841193808735,2.9531032310674634,2.825393776818389,2.855705392486518,2.817412206501555,2.9184058175681336,2.660584084046128,3.220270886126178,3.2802158671965174,3.3167488571839066,2.862324622677587,2.998118441302373,3.1937580900968903,3.4354615446147583,3.4153272295355146,3.7054215489736815,3.109408887230853,3.186956503947182,3.25269820786197,3.308034915760642,3.5785580193987965,3.326618970600385,3.155486825635765,3.4552623931468993,3.1115361636882177,2.9325782952827524,3.200051378507422,3.8047418626633505,3.2211273120854127,3.2506821582114886,3.1721815338898436,3.5513247670835195,2.720030053712111,4.066354419495659,4.137806163136443,3.6350848946086027,3.1684210319422164,2.936125727021103,3.2414548486584605,2.5331142836959804,2.5948957855517527,3.0004745137637014,2.9474298806856374,2.8240886889257717,3.273121000086199,2.927708189643461,NA
Aug 2007,3.3762761168789686,2.9216123458173096,3.0705302003415933,2.8148219659198745,2.7295481195259557,2.786781202212885,2.9582142385048775,3.0378315731320793,2.944869783199795,3.448983109686939,3.3544118676644006,2.682671540667464,2.7162663369241056,2.802027666520332,2.8368514574762163,2.7556315399465183,3.485016898284413,3.4227314689712776,3.2384258413621003,2.8389901008250327,2.9332889816105685,4.195038842398859,3.3493096172569774,3.528770555590176,3.4395986811312036,3.7439384197087464,3.124642885061791,3.1692409255864677,2.9630239323240612,3.3019247076085128,2.9784254460055863,2.7199691707135805,2.732738252658457,3.0717930347564,2.9882815745295788,3.1593401006264665,3.4363759105268463,3.38127032791674,3.2594501086260417,3.3836828444134,3.3175324335730707,3.504363714408132,3.2856643084800683,3.4467441469900932,3.142936829229548,2.8879099334219043,3.3838257940602396,3.4586697488589064,3.120703800282126,3.0343708943567003,2.8123088913567384,2.926355500045008,3.129948358801348,2.873650912296243,2.8420443695836717,2.7761189338423544,3.0552469663025272,3.7514153060486852,3.701745076323356,4.09138761459215,3.5547361907024446,3.4491981776243024,3.4430968417057195,3.765612298277549,2.8380941672850564,2.886077323176878,3.3104359567684285,3.240484310946335,3.1972216922687955,3.2262237279301784,4.018984081889295,3.3763274043893805,3.270677959872561,3.0999030930224,2.488138493085851,3.3428653271382514,3.6620351047063617,3.6262656820432726,3.0838072951333264,2.898329935013857,2.7497993164855443,2.978881463143085,2.7950514050470545,3.1161889775319875,3.1812360728944604,3.0564506093429777,3.374470040866721,3.007824718572405,3.345009791847303,2.986438313179994,2.9842341668085037,3.23395924540274,3.2239469238076337,3.2592845252357394,3.3686552792277444,3.2827518263265634,4.090263687144479,3.913262007922052,2.976609872493574,2.796795660729776,2.8336885535185963,2.8109621602792347,2.8989441040434087,2.648288071817924,3.2242846910729615,3.248608986295783,3.3600466218432237,2.8726372671316938,3.026835811105957,3.254668998697934,3.465151520262175,3.483536062038744,3.736839280096728,3.108573669821109,3.213883953853079,3.2651696340709555,3.191147428255342,3.6919678995583105,3.360219340815279,3.194587693078715,3.4917343612798795,3.1415785410893267,2.872085885721885,3.188989668611373,3.8257931579490183,3.274888454489995,3.25380996767315,3.1898367841403155,3.5655537226133314,2.745905828755251,4.146739883546369,4.176545403634298,3.701822850109068,3.152283852770762,2.9309248382219435,3.2660662969640892,2.580893642709299,2.6173525977432512,3.0174611388032613,2.898549380009948,2.8580069671871167,3.2860503920990602,2.9761371822736358,NA
Sep 2007,3.392201327778628,2.931494219595337,3.0832930773510943,2.7845382796898415,2.7648083678277984,2.7778521608529947,2.9795806013691006,3.017581200524429,2.975609403788792,3.519850170903027,3.349518048002912,2.70977733401548,2.7205542050128932,2.843135697911915,2.792146909744736,2.72984223925036,3.5079406562481728,3.428843634897265,3.266142885578336,2.880606110280341,2.8978536055235318,4.128422710298674,3.365996159313018,3.5377894052881915,3.4844916442106784,3.8022553415633316,3.1058421738545787,3.15285735584838,3.0561278256596953,3.302019683433491,3.01314136063369,2.7405922033282617,2.731254044018302,3.078577888232164,2.933854073775601,3.198806803384969,3.471146308021935,3.381826564516451,3.3194902175110257,3.3716871847994443,3.3396397267035742,3.5186894689524313,3.2941742794278808,3.4249810226367856,3.1586032315302566,2.948192632986421,3.3850744042668177,3.4946545278469223,3.0857913815695355,3.055342729028213,2.8277992685913866,3.0586697421843114,3.1808452398602483,2.923731775513513,2.8697358446661743,2.7796022321156246,3.098984151632682,3.8029320037360503,3.7699529469044992,4.099822481231317,3.553548215289861,3.465820041703536,3.458630917884452,3.80649427222064,2.8197636142273854,2.886728103106987,3.3650151338432135,3.263503265516729,3.19664009442022,3.2225643953304233,4.104092723326365,3.4354154041837317,3.2616365887113954,3.111442683725105,2.534109362324766,3.304835079320288,3.691954759069868,3.638099918779352,2.984405201045634,2.9313783442758283,2.808521663851429,2.9883198512571565,2.901838267522434,3.1328768601464994,3.1483483880934866,3.0843325318089088,3.371582975343989,3.0254904933220073,3.4232442144419806,3.030547376573809,2.997033774002353,3.2514437430863534,3.2007856610045606,3.2732679663434556,3.448920801657331,3.3352228526977536,4.067012693993043,3.9538418245722204,3.0033949828645583,2.829180053359341,2.867622366678285,2.8519591724868643,2.9153256439404016,2.6691409724685813,3.2418921052502054,3.271767594003804,3.357645165025918,2.9773977929505255,3.009082254243272,3.228965048802954,3.472132897094857,3.477762633317712,3.807211293630273,3.1570022918296914,3.253869056783732,3.3085320336845347,3.190157808885785,3.7296420442087697,3.351700173726517,3.228524805019691,3.5281514142235677,3.1283727944035005,2.92472564695376,3.158291737607022,3.8592578564221154,3.275375877127714,3.256436951976478,3.1800420457121756,3.6297687676972603,2.8445511404425563,4.093230932304143,4.148486919082115,3.7325485281956676,3.2019990944972947,2.9849537599451303,3.2901666473729976,2.549667556464597,2.6055279451559215,3.0600537970808204,2.929091671556703,2.9012536437781287,3.2802665711732044,2.973272964806952,NA
Oct 2007,3.402766272332678,2.9257913395748676,3.049127695917964,2.8224074101148613,2.7804199073185845,2.8122392928756135,2.9912384261454386,3.051902475608127,2.9475509939231594,3.495326727886012,3.3908722840749137,2.68350553587001,2.5706706052207955,2.8506023933256093,2.8004143509304744,2.7720198818604307,3.5432914572133654,3.4304798624795896,3.270339095841046,2.9075142622077843,2.947628112380027,4.189057148302064,3.366410717909686,3.5491998348563145,3.477357665002534,3.794125020629979,3.135753681791784,3.1937305939172127,3.0276665428303824,3.3192911529032676,2.9882049625333296,2.746184630113741,2.776913115357821,3.110283749496803,2.948188661420913,3.158249318659263,3.471442036726903,3.3994118570570264,3.34057416748221,3.3906340753422546,3.3459714425387777,3.5655879797534475,3.3109636830270386,3.462687700040673,3.113883465681084,2.952833606026383,3.3638726331494904,3.520812425678499,3.0980184227762093,3.005135891797988,2.818768588826818,2.976733009068899,3.170634916125676,2.8823143399025377,2.893187282446395,2.800910240178535,3.0628831853552008,3.7566763527725007,3.7025945118193344,4.204422010464292,3.612052957976294,3.520943790503165,3.459263011127304,3.8252530634030553,2.8373892238135268,2.895116767868918,3.3189704685691552,3.264158141459905,3.216203865547743,3.2388097608047115,4.0153822331857585,3.454029543045746,3.2379639077603852,3.0632049475282748,2.5037023564416354,3.285319176934543,3.687014177081188,3.641096327090503,2.919373782723075,2.8454711566230393,2.825707444598067,2.9860398408456343,2.926368357446496,3.104361851631802,3.1437796127175868,2.9675802904752495,3.328257905373837,3.0282661859223334,3.3523583396737924,3.031146781758402,3.000162045589616,3.2762983116780284,3.2044422248995215,3.336394764578136,3.433351854161834,3.354888736827476,4.16537567251571,3.9016730560161386,2.9872794275775734,2.7938047577469005,2.859765138880035,2.8630101669991954,2.9125258591907093,2.722135266599145,3.223575736052421,3.2445172232018042,3.3390413906960945,2.9223758709083816,3.0544818263122817,3.263681689889697,3.422613471966647,3.51016943272588,3.7956151664914923,3.166026280398517,3.3062645581297683,3.26075365733913,3.245896533145918,3.705770872287597,3.375595887968963,3.1698177957009035,3.5439220905466398,3.114684480283168,2.9478150960030884,3.2521443863135797,3.899257312585075,3.3076347420418957,3.264674427312401,3.1888826202021163,3.6500435394427386,2.769756920054878,4.119329549370923,4.164451918736732,3.757933016487665,3.1738895260889572,2.940568175215459,3.2480839569895137,2.582523620467891,2.6619227573562827,3.0439465552650864,2.9770459667682814,2.944174937335841,3.260508960792258,2.9670314614361093,NA
Nov 2007,3.4003426315413634,2.953208025226508,3.099887100504196,2.842830845634623,2.828905353246482,2.790705823977113,3.0051826867308193,3.057829308925428,2.982327945146966,3.4801486138870685,3.3730836349458158,2.712378706565978,2.8065280551787786,2.858638194184101,2.806077571371376,2.7586766304157235,3.50896861874053,3.4932446482358848,3.3026156130915796,2.913848785596548,2.913615147318799,4.184990399145036,3.41424630404103,3.577027494585215,3.5212255096665093,3.772501352004535,3.1163666404611456,3.166096021378636,3.0591780094624417,3.3232659028775675,3.080137657537968,2.7353399902766142,2.7379514554596383,3.1159510278459788,2.962794771062577,3.118312284184237,3.456876056281913,3.4030850544578164,3.318565746019767,3.3933440242381265,3.3445867247124283,3.5485554590904007,3.290696371370969,3.5106441528028096,3.137411575102848,2.89416533494172,3.404384843345507,3.525851272330634,3.0905761991028244,3.017809599354892,2.8673300475306815,2.8919472518517075,3.1441869940313203,2.926540764682947,2.880004511975575,2.7603743505801273,3.0872361068961904,3.829874461841692,3.772841770530786,4.1666002283468755,3.590300525110902,3.584145781202793,3.456291905592308,3.8303524542578025,2.8302305504438032,2.936072208902048,3.3406694150237772,3.2786073193082594,3.2415207319081634,3.25335722698486,4.074845720902241,3.474817244826872,3.2705179058178917,3.1044396072394598,2.5406919930181746,3.3529510921189294,3.667857362105698,3.702653338650244,2.9842986646729486,2.9276565437227378,2.7458151540052573,3.0030783960581764,2.7785438508362583,3.1093837350387052,3.136983899230752,2.9937076610051427,3.353610047854149,3.035697763400616,3.357472520928994,2.9924228189005007,2.9923646206692323,3.2680964600192572,3.2657786257193946,3.314095718848438,3.3717518877010075,3.2800360981929306,4.096943716025698,3.966266684095912,2.986839487721916,2.801519479751272,2.9259093534091702,2.82647432670309,2.918162660139794,2.696505427658182,3.2252092081971018,3.285445214860822,3.3704462912897277,2.9059778124007702,3.0332347504390937,3.240743309345297,3.475651202536512,3.5600288637060746,3.7595654027600443,3.1468339947945463,3.2240950099680634,3.25436893221948,3.257537106302684,3.7093723496656907,3.3837433437479745,3.2328850942318876,3.535947701646718,3.1132273583644428,2.939359664068189,3.204667198531485,3.916575576376108,3.3143459612283386,3.273160974124034,3.193354300266671,3.6651665121524153,2.756981057529394,4.123741946143541,4.279006044443266,3.7783392930983726,3.175003469723958,2.9129234864057962,3.3034817352814074,2.623798577813835,2.5833140494570968,3.0139826026625687,2.9351455749553668,2.8797098491401076,3.2642868943705183,2.9554236528221107,NA
Dec 2007,3.4166924153407425,2.9609635419450053,3.0881247875807047,2.822495822946117,2.856033539288502,2.719269155260523,2.96855376958054,3.065326842605208,2.942814970448118,3.476525124734202,3.3599443862965486,2.6609206118355897,2.634464010226827,2.877818505991357,2.877359602824714,2.789367010862291,3.522555286084961,3.5114968625071197,3.296477978052453,2.9018590260512394,2.9727048498752473,4.138522717077609,3.4377679614354624,3.562020718055581,3.506817739452031,3.7935408155334938,3.1176868307138723,3.201510718557515,3.072048058662287,3.287889785821062,3.0819810729421078,2.7978183788802498,2.772846267169207,3.0914897871418274,2.9088309485680357,3.2105090519118984,3.4801542916376755,3.4714252553081804,3.3309619409679585,3.4139827961776392,3.3270287826149487,3.588140662947371,3.3723175928426947,3.5404153288931575,3.196898110563507,2.8747482366580996,3.4683271933690305,3.560712053681439,3.199111497116476,3.0094225398666845,2.8511123307715396,2.937110481781788,3.2161746042025774,2.916452110393363,2.9000696825453103,2.7730888717929907,3.057218521991756,3.8625219243583713,3.882622341895141,4.186633258660491,3.585939848821666,3.5010058181205936,3.4524057829804913,3.774437541904845,2.8443483229156126,2.872868275199434,3.343206520493962,3.272495666621316,3.2404796353277954,3.259630743408691,4.119058456333986,3.4839360786461633,3.3048306561942447,3.0490225300330382,2.6006570919849685,3.3805171200925774,3.7015348097831047,3.640608284726219,3.075332234043096,2.8853726522448744,2.841613607378447,2.9974324333202538,2.899581728583532,3.1096556464324046,3.1832446537197745,2.9913765220241504,3.2962841522128152,3.0713690159017477,3.408756106175642,3.0181626482495947,2.9849415219891617,3.291137718838331,3.237251899771214,3.344753898522343,3.4306692306239213,3.343036554190121,4.092349990530681,3.8626893470761567,3.0343036707259103,2.814534442638071,2.9101258822081326,2.856332552151388,2.909570523733656,2.6116156119210667,3.2539126919262538,3.3088000910655517,3.3655514566042064,2.902297716250059,3.0762462444565557,3.281646882034791,3.464727839710339,3.6042473439869243,3.7967762401067895,3.150744410533486,3.20614604776213,3.2801400024682636,3.1607111540308814,3.700341356413177,3.407411976645905,3.313706080543576,3.547490364275625,3.1747072138148487,2.9269060807446174,3.191936540875355,3.9282831649346193,3.273622879669304,3.295032836261129,3.2166929079570883,3.6271028453748952,2.769679234866256,4.091719698962504,4.154307511890964,3.7444989670074365,3.1726302572209293,2.957783176676156,3.2356880661203373,2.6809743946102333,2.6390500319222703,3.0584075158564414,2.973408171043945,2.875635297770636,3.292398244358348,2.975992713631687,NA
Jan 2008,3.419115412134398,2.987031634197398,3.0334535120222186,2.7738405629925835,2.7381673991131463,2.826880480077974,2.9503568338329274,3.004939915346785,2.947985216477888,3.43607827475053,3.3139884277635456,2.6466101244923177,2.620729107692657,2.7750630124368243,2.7950844403989814,2.7653373290857948,3.5009610758355763,3.3990893148777332,3.2703938810408477,2.8775243796124,2.916827105185812,4.123848730575499,3.383764658279138,3.5488976051793153,3.5289230869124846,3.7695570670290515,3.115570964394706,3.1467028724934902,2.9844116887342986,3.249225049409875,2.9853359879774564,2.737919042177293,2.6636175766753136,3.1290030286476282,2.9231679955610566,3.1828191952520895,3.5067597120925194,3.448232445699392,3.2574251352880825,3.357563728649935,3.3203744497748002,3.561619544725307,3.334394343622241,3.478707102997285,3.1065002088220335,2.8627869592892736,3.384391898372401,3.529538455197935,3.0501439138646287,2.9692865533945203,2.840247797110487,2.957490730251696,3.115856951173847,2.922621479929043,2.865410598244083,2.8211789077159453,3.0578516530037514,3.8473377206239046,3.78723424962486,4.264165359444946,3.664785504217107,3.5331479570693483,3.462034777114756,3.755059274148878,2.747383149660026,2.8671324119697896,3.3093489296928342,3.2801382691924483,3.173177862638821,3.240310565929734,4.046013578952528,3.4968209955295593,3.249284121896982,3.035604437913913,2.573514240794789,3.2773308807238677,3.6577727782754925,3.6524178202100237,3.048451158899182,2.9342876163167113,2.73039388807561,3.028001120903058,2.8856445659527283,3.0596902265993315,3.1185077040402662,2.9223010363629944,3.423138363990676,2.9803970858206736,3.3683023160774486,3.005252750393434,2.996865895677451,3.2434648860252193,3.252535440854494,3.2869979906310114,3.4286734034635225,3.285092086536783,4.081760852184717,3.8682161228529144,2.9236070150357283,2.8008937401007774,2.814426036660572,2.7823202211655818,2.8419384867117268,2.61929138049883,3.1757852874641777,3.219472267387744,3.341865170204225,2.9137316783809646,3.040643285544817,3.2572377865752924,3.316001661221157,3.5716802477461007,3.7859057534116562,3.15630556073361,3.226522457429389,3.2716635316632843,3.277033482798655,3.7327516181424096,3.3717177525829447,3.267701168930218,3.576024201640782,3.1319140223061956,2.8430425869714773,3.161492639263412,3.85618788049804,3.244403206649544,3.236522945847425,3.156352246184431,3.683402232692391,2.733396674847699,4.038059913888357,4.221597295873689,3.6959665344078685,3.1058950828176433,2.9278057300387794,3.152781398382507,2.5863137643405483,2.551994171104753,2.8964522018895056,2.970899326983234,2.884477300907241,3.1761683347328034,2.9237380243559157,NA
Feb 2008,3.386508381445625,2.9327959824880874,3.048734054392275,2.802068288582078,2.754325015861348,2.8082175274361982,2.9317226053361476,3.012083827326086,2.8941496363616226,3.4219807742491057,3.3248892352150548,2.6490212071252093,2.6091051705445594,2.8429274441559986,2.814910005109313,2.74570210893159,3.4809197865016785,3.469842378282873,3.2830561866268697,2.8778686410566183,2.847868493868561,4.232187598070659,3.393526694607926,3.5809413895731352,3.495998454436562,3.6770566416822925,3.0578995135906193,3.1448835680864216,3.007695590190655,3.229641186646122,2.9609879853922534,2.755073423378035,2.677827263365792,3.0021076313271737,2.9242159466088387,3.134482181596473,3.4179703609942567,3.4379253016341376,3.3285424838891666,3.394040828917584,3.3143306451839005,3.588943170097225,3.318044107396876,3.5073378105305872,3.198390872313471,2.863549214530205,3.3844749333423376,3.5229434922552,3.0433771899650566,2.97800059134514,2.7626774304180826,2.8761840792501765,3.1520525294095876,2.8972746073582774,2.855201829589311,2.7623959039808286,3.0212236799926906,3.7914230841552614,3.7066907095583943,4.2579043714326055,3.6646935249162524,3.5591610981116,3.4517051965742795,3.784287022035715,2.777176877050461,2.846417605653622,3.3109614545387305,3.2579551403378026,3.1484891995145414,3.2135448092746852,4.131878405072704,3.4573508469471257,3.2776296081327256,3.080241222737618,2.5122506812536676,3.2873522000405675,3.6466941091846836,3.6635429982046603,2.9665085630446675,2.9005305505419665,2.7198865996045836,2.992534822105513,2.857823666549093,3.0416837051526318,3.128897040035878,2.9783450628663015,3.422246928898915,2.9896038730722223,3.3708205315381266,2.940459538694179,3.014110391872734,3.2412206405341744,3.1893182175869,3.299650850336842,3.3952729306036957,3.24796758224957,4.11448736263699,4.069493722499488,2.94536344704218,2.9061645994642444,2.806511734846891,2.8168992659270757,2.958925201458046,2.6091482836130058,3.1814590133027534,3.2133328632647826,3.335267295342959,2.8427091422725637,3.0918089868923526,3.270936231834805,3.4587581051495855,3.5502008473978606,3.800744427684375,3.096153153635539,3.2342687059539843,3.250415931644225,3.173761870271042,3.6934017168576614,3.3940220547582642,3.2308864783637175,3.5439894713018716,3.113981640206229,2.8375878019149994,3.2214273652744083,3.8786541977067976,3.2111325767736405,3.259710981948549,3.147216691914765,3.635705601893431,2.8282421718519304,4.068440561313973,4.13022221298537,3.704933123394333,3.1033144149463956,2.9192820478935673,3.2585948912972307,2.6150404946018715,2.5601961126100763,2.972932777797371,2.880299054921178,2.8547379377546758,3.261348979725456,2.9037241389201736,NA
Mar 2008,3.3735385022445605,2.879938256772864,3.0181686773729637,2.7067057386511415,2.7356522545981923,2.7800924815233534,2.9548199904885566,2.997304922277186,2.8521011855186815,3.415958119258865,3.316892898426089,2.6864706000968,2.7105206557805674,2.7897315965856078,2.751170286902059,2.736727075054598,3.4395674876121833,3.398368242872773,3.2127206373428394,2.8623876061129683,2.8418349817009645,4.113258518822883,3.4053466610709098,3.514722686597627,3.4339617067499066,3.692944401495228,3.089283816486223,3.1702644455129354,3.030526937405906,3.243849726557963,2.943752713788724,2.6881588693781584,2.6693843776354584,3.096804854429158,2.8759957217669143,3.1167083855938102,3.4474736689997036,3.446248923251118,3.3157708254478386,3.3552626531032916,3.2780348650657545,3.5564280492401656,3.3178553130068256,3.4163919562479697,3.0263871154707394,2.8777969402896817,3.378091974185116,3.548834795781847,3.007711325504284,3.0258805286512955,2.8329680706259883,2.8780115528851993,3.078140865913018,2.902902486684849,2.8718919332000254,2.7807202088887606,3.005279692117709,3.7688502714804746,3.8582348683697676,4.292340577095031,3.62524041225924,3.413668184322581,3.4252888153738734,3.7085160874074257,2.797567087723137,2.880250100734907,3.289113744472758,3.273597883999134,3.1527154963988315,3.2221073700988963,4.125400274695504,3.4176086572762645,3.249552705408889,2.9733788574440245,2.561926940743281,3.3297724808430136,3.6353052579947307,3.600089492122373,3.0474045057390358,2.9509478144833974,2.759566073215319,2.977162956622954,2.9212181369827697,3.0724545263813225,3.1299492970586145,2.9723582403545965,3.423667910171734,2.9784826810599645,3.3386420523609606,2.9301067689354454,2.927061488856255,3.2220632311941477,3.211192608373957,3.303959540855862,3.3390881379540462,3.2236660799909833,4.088698479298984,3.780149095866305,2.9255413579215133,2.7801691741240426,2.8028162817005473,2.7255998394255356,2.88926931023075,2.6516435804939777,3.141240915686945,3.224439208181446,3.305716269945226,2.8611669611508783,3.1109092489857857,3.2041604838769135,3.3697665294759513,3.459828246473473,3.822435525442942,3.098984165243718,3.1456761296057842,3.2571347191330875,3.1622682919145397,3.622839965884487,3.3379497380566088,3.1909126448991207,3.542166282148112,3.1056364659643063,2.815925212573389,3.195802742551014,3.877329890820627,3.2321912353151356,3.2113210450876246,3.157377734799865,3.649899097134235,2.836226659857156,4.160141389959143,4.120202921500934,3.598012228950144,3.0570599629426796,2.8983383792711264,3.2264270586391746,2.5823279002228143,2.5976963016914234,3.030476916297977,2.8857479651396547,2.8394665236314607,3.1875136054561084,2.915796622166539,NA
Apr 2008,3.355417948455199,2.869534749688835,3.00052134780001,2.8298295723238223,2.7652010998745182,2.723457729055393,2.9468679865836105,2.992815443477717,2.876437027815383,3.392332561777716,3.303198524991396,2.7200159932562475,2.744488018464513,2.8302382081370676,2.776532511428967,2.7189063791646504,3.483463595614532,3.434339288393628,3.2421427072618045,2.8872013174411704,2.8955250505507935,4.071258377674761,3.3593591650724703,3.521195588795861,3.4809236883158823,3.678485975666863,3.123027548998209,3.137062321769734,3.0637466549486545,3.2024420988829765,2.963625536698488,2.756503302193877,2.663895765366088,3.0406760278634,2.976696623185574,3.1172356768308473,3.474339251733558,3.371262659428202,3.3166301481987066,3.3706446746894914,3.2534330221932404,3.531064519721916,3.2881650218773006,3.4598377872399446,3.021387544192938,2.903677891065698,3.345355901772173,3.509604645374861,3.045709817135024,2.940345835301265,2.8828495024568666,2.8608413193838325,3.093236631247357,2.917273824211971,2.900643868584432,2.789271685117028,3.048850194377155,3.7763854047618275,3.8323988802669517,4.354737713771032,3.632624146717939,3.5204687103806593,3.428921363538303,3.794473111421386,2.7372838826045176,2.867186180383495,3.228206864837149,3.2400687961767147,3.160065086905824,3.197374340033704,4.104214004595366,3.4774992911894596,3.2729375582917246,3.0551266889356983,2.582182849131775,3.3311579603378143,3.6428415749002054,3.6347259106068837,3.0275001447099417,2.920638486917952,2.747245538432793,2.960024729885991,2.9350941908292882,3.0707167136226396,3.144206269220639,3.0069868270861235,3.260819658920011,2.9664530245167313,3.3797766514980205,2.9940156580428097,2.9687210070212235,3.2711343085327758,3.2470006958425794,3.3778753743075036,3.390066090397151,3.2431196084769685,4.0491703799372685,3.813414862072748,2.935963563870142,2.8530717032423354,2.817673022291608,2.7826127625219446,2.904429156364433,2.630446757940612,3.1481478220279935,3.196268744115496,3.2873869217346283,2.8390357498145775,3.0239889635276502,3.2197091915509417,3.377068561194574,3.6289276284229164,3.776716284919753,3.1010580841707824,3.1798151124107297,3.200189698329995,3.0903616805808722,3.729542901878887,3.314766035566691,3.2117960769559186,3.56690763145194,3.1169574299172367,2.821877613165973,3.1533354344066744,3.9025021188996014,3.2410247248477564,3.2543687909676544,3.1372053494277563,3.5971305985535156,2.796782294203162,4.0281238091143745,4.06971584463499,3.6615002116068682,3.041176513868538,2.9671360110034968,3.2501383322301436,2.6550825396887507,2.619395395139185,2.997884892255602,2.918259879825596,2.8413778970122596,3.249625123551959,2.916916895873435,NA
May 2008,3.3815506131000337,2.9206952486334203,3.011846940074887,2.82635038573412,2.750457524789946,2.734609154810262,2.964362610895711,2.9766381165675138,2.8558942531512197,3.3594779461135604,3.325893045030692,2.673167466677858,2.6476787901730345,2.8789137298606455,2.787752990003366,2.7623140135494704,3.4462612328449875,3.364092943248809,3.2053074922333975,2.856278696022017,2.861354416179423,4.066568826400378,3.360356676545624,3.541385532340596,3.4618349354382967,3.6703470279232433,3.1057099842469977,3.2055392947002384,3.020543703069282,3.21501382647785,2.917566479296638,2.663529068143154,2.6545745686065625,3.0799340496348706,2.9043752576536668,3.1802269494534188,3.456028768352865,3.46376063593085,3.33390688851466,3.3404117025771938,3.2460065338146458,3.5657480310476246,3.2956227220797483,3.5050170891111936,3.150954696117711,2.89308737295102,3.4132072483745954,3.5376171703210675,3.024200307768798,3.0097127850483427,2.855411378186716,2.953473057348549,3.1597114418210137,2.8903237989306327,2.88638373040874,2.8228998856874763,3.039798044095157,3.774754497778482,3.858600095820957,4.3857941797402855,3.634698798306326,3.5371586847984666,3.460068493361967,3.7898907803763495,2.7829515308148545,2.8592804450601443,3.2594993803717602,3.2525394701281196,3.1661763974234374,3.199777700305483,4.028361900679285,3.4314623402748676,3.230787764909358,2.993250685904047,2.5413553992324807,3.263130106867312,3.653681324546618,3.630066269200264,2.945310468986872,2.886859390482479,2.6945538282203905,2.9832725223167462,2.9040408731879124,3.0559578648992605,3.1711360716088643,2.978590061254032,3.411155117171364,2.9664400897225356,3.4476460017738377,2.9039004509026562,2.9085976076719673,3.247812819885991,3.2321472752749383,3.258387692982758,3.375398985987178,3.2906612620624274,4.097815272461211,4.030113464482508,2.9233103493096473,2.821166618963085,2.7569011523057836,2.7818597618790633,2.946723294484086,2.6638207770080853,3.140546875861762,3.1993941788805285,3.267367403197439,2.8335123368810193,2.979310162788197,3.239430950230829,3.42942629123388,3.6299950555819223,3.7182846928256357,3.12724448042073,3.2305888629558783,3.1985708469861236,3.1650839431694746,3.612248264901299,3.3444516018940913,3.23457016618282,3.4552851956410673,3.1301158812664003,2.8856440949679865,3.231067255538133,3.8663155646760314,3.2306857347714333,3.1951723901325595,3.1721477190543976,3.630048178469692,2.785214013469363,4.0185864568769,4.16790143089271,3.7359248069060076,3.1158186240870434,2.873478291063462,3.2213660131575232,2.570331781728008,2.629229959005183,3.0244013403071945,2.8646491890197017,2.89677146559756,3.213597950281832,2.8790233415104267,NA
Jun 2008,3.36880362645591,2.924320072002825,3.0052074568904055,2.753272987200283,2.7431026110142653,2.7164229837630813,2.9640657127715975,2.9436390490584086,2.9129471531607267,3.3781853154948958,3.278013724092679,2.670268037650231,2.7650771442724804,2.8188005918903065,2.7676605636589837,2.7246771581038725,3.3617344649224563,3.377204782750618,3.200591165945233,2.915123531041383,2.841388511795622,4.129949955451544,3.265272097219751,3.4201186940949713,3.4603785340621216,3.691603803621322,3.070942511076367,3.144355295486972,2.9980414306229632,3.1842299965961023,2.907195530659882,2.711315494111422,2.6669000996874876,3.0100431715383635,2.941256231531381,3.084850447590303,3.4445146332565444,3.396529998267049,3.2545473736325268,3.3042342953140613,3.1720217909798185,3.502897050155982,3.2875483158976433,3.4344556684469447,3.1100093089093916,2.872427110408648,3.402794697005342,3.5189292606118365,3.0306158317941683,2.9631620885625574,2.7678029829726016,2.867146567776515,3.1176815363748234,2.8900468942307413,2.8564208707670877,2.7583102004706865,3.037931661570422,3.7460462999649984,3.769317320317925,4.231762890837223,3.5326142400464144,3.5110184509854205,3.3707422018927025,3.6969038374417966,2.724287203996042,2.848278178258052,3.24200870387507,3.2112450876548286,3.1555364590033492,3.188876395314916,4.074554441993181,3.4936178787872776,3.2594206106967025,2.987911205535213,2.523592868977723,3.2685229821977564,3.629471002804068,3.6842178942678445,2.9627715711427216,2.9016752472398895,2.713480388521287,2.9439222372246716,2.8611511946938983,3.0214132689658246,3.123001328183163,2.975713995762992,3.4141324965572806,2.9359987063118793,3.3411818352881495,2.899325107886015,2.937084587922301,3.2194653145316763,3.1557577711572686,3.3091299318473952,3.3666971734492925,3.2156256840684856,4.027310992154137,3.926973485522767,2.9535797667448125,2.805167935085994,2.809731355272365,2.7766977442432896,2.887413028036899,2.5723902651232993,3.1108786060995373,3.1803327591625936,3.285650537906857,2.9093286156217317,2.940767955818354,3.2198766585087015,3.285847660850902,3.473056881432708,3.7289195846906082,2.956929298393743,3.163063952842433,3.2138545394658236,3.129336980097841,3.6102246679621506,3.3211553107451905,3.1583422890669834,3.493469025292005,3.0998970576543887,2.8562721241636493,3.1827913768053633,3.9384320711689402,3.1870476502333553,3.18485248111424,3.120586937927389,3.551910519006526,2.9005503102657304,4.008275709885633,4.115337648500305,3.7154310627407097,3.0614861642763795,2.908135228170282,3.1155521795622896,2.5643152359814216,2.635835877627128,3.015557262433616,2.970376789223759,2.7788940122693835,3.222236844817779,2.874439765676254,NA
Jul 2008,3.3346391254365555,2.820366859134758,2.94174361237672,2.6775078788923614,2.672272276719997,2.738234327732559,2.8768987406431448,2.9345810782863935,2.840418066688602,3.273808215697446,3.2230057240322316,2.591684480092789,2.6783300452766925,2.799231170329744,2.7270717530630897,2.754939428621661,3.372629765940923,3.325311777257113,3.1322181541213996,2.8475122223136444,2.7657153501236786,3.9393151533536197,3.2630397522833654,3.416180733418665,3.4475026745626103,3.56348235576179,3.028253815641468,3.107337086947776,2.8934658551245387,3.1116929055856173,2.884624123577191,2.697215528407747,2.6504281765912348,2.9677680966257616,2.7545531081693637,2.9889635680953517,3.348864444053275,3.3621246128090068,3.207184627815567,3.246308477558911,3.191519567599491,3.4854788437976785,3.2053789044036884,3.382169919546041,2.996003686838326,2.8234492257921593,3.298068738379212,3.4203846611058455,2.984106745477947,2.8813428655549878,2.765952801616524,2.679578235482476,3.042947679799909,2.836126636080424,2.843223867964729,2.7437765863372525,2.9692390145352943,3.6807898654126516,3.6982273382735804,4.197966335045946,3.550992500053599,3.5065071094086493,3.3309775340306964,3.665910153245791,2.6252954198942415,2.7913501145390214,3.1713229972489323,3.1747459716719857,3.126770844249131,3.142320175637422,4.18805920970878,3.424889447253803,3.1460103216814854,2.9050847250359872,2.517408888509241,3.140981956838609,3.543689214084811,3.5386437981662695,2.9829732209447526,2.8775336838907655,2.6343049634586104,2.814878208488007,2.8203226586853547,2.9943676377323842,3.077699097339918,2.8865637496383125,3.422757554708663,2.8869187227775868,3.351287299238458,2.834680906793049,2.791050412323586,3.2206137784951774,3.064751441325071,3.2001673354521416,3.2514285071090834,3.1602501778643317,3.9250652672246154,3.8608483937070335,2.8527118724142864,2.7473521352966452,2.7304122069088264,2.7428855179557368,2.8744660612581407,2.6048541706380726,3.0592934767028384,3.1507913815976747,3.304527390096455,2.8128684234160284,2.861776021326838,3.234048528876549,3.2123161493286005,3.64658751454623,3.7812634364851028,3.1028655128695743,3.031508820977004,3.131790166735932,3.039406965701308,3.6556625795155404,3.2393222202077254,3.1731450507655836,3.4358514673496554,3.102940301803443,2.824934633953394,3.0641186007285888,3.783932698708271,3.189594278268265,3.1658137486645277,3.0547642313059846,3.5293466206268604,2.6879805777171892,3.954187476384967,3.960401234802022,3.60809747123837,2.9992373099957943,2.863860280848506,3.1456927849408194,2.531402601625867,2.5473313108108537,2.964905016269362,2.847556862738496,2.8726801251653638,3.083478254995318,2.7821810234738376,NA
Aug 2008,3.246396516164374,2.788514665046093,2.942362726927605,2.727636177522217,2.586886459144376,2.60920481694534,2.900495063549941,2.9125649840947605,2.828679823467722,3.2353021610615973,3.1545168695762698,2.6515260754039525,2.5401077707631488,2.7759130249966635,2.740217143137319,2.6730743297031347,3.277443451819143,3.250419077663246,3.0994479318745953,2.7943032876952145,2.7973949681604444,3.899336476639197,3.2141479987716637,3.3751057275724703,3.280071103429399,3.5508700688980053,3.0628017989595344,3.1328298832259414,2.8938471787517615,3.079174438398501,2.8531841933971074,2.6693135916722848,2.598534377598972,2.9244677339040797,2.850434637042988,2.971536096250165,3.3128160348350293,3.253775966034096,3.19263576471654,3.1591784083322922,3.1563860535486143,3.4039583525601866,3.213426046625724,3.3577495564004405,2.9435057450141615,2.8268370156673828,3.2379288995201483,3.3853994225922546,2.9366277123126725,2.8669066961219594,2.6761396917362417,2.5350346478924113,3.015747134105754,2.7676703287366387,2.838723119241212,2.6874164399294296,2.9573520018518518,3.582015409330955,3.683199571181344,3.9861757821354034,3.434001909246157,3.3433774382365633,3.31013531021194,3.5827799875697677,2.7497195839753585,2.7874054985031655,3.075041365261231,3.1061208509421703,2.993677589653695,3.0496274210356473,3.8643279292777026,3.350683077372269,3.077488059805438,2.91904016302902,2.558008559375226,3.0876032249286713,3.4581745731548486,3.4459765692733235,2.8714218791410118,2.751232968435969,2.6829040956049073,2.877256165026817,2.83473494834132,2.909062381006842,2.910551100410282,2.8920755716293987,3.435181753703088,2.854347159723855,3.1178854808144987,2.845565421874965,2.88856222728203,3.1113664680072746,3.0477612152355102,3.180740684839555,3.166731081631746,3.175399043830745,4.015008012294054,3.78853710324495,2.8359580394738204,2.6117324338059973,2.696436669924138,2.740981391958246,2.794955927798447,2.470276937196477,2.9598907764520894,3.035756262031212,3.213857652131019,2.727009541989743,2.8430773141111993,3.1672554606013725,3.140410772701236,3.5809734093055576,3.594899062161236,2.9624869431050525,2.9902358352084524,3.1309236913226735,3.029849243326357,3.5017588743125625,3.2905083914335695,3.1477928109021778,3.36323977534237,3.0018556939013443,2.827846713257164,3.0044858951595725,3.764987763227411,3.1032029230757145,3.0755328625241,3.091917130823895,3.38660030547195,2.647676888651289,3.7809724685954014,3.959849688306075,3.518945746119461,3.0163245711669955,2.7552081136715083,3.078131127831412,2.4560577564793773,2.5697316697730543,2.8795522161660765,2.887235900055101,2.8351992409448084,3.104463135776613,2.6776816018587644,NA
Sep 2008,3.1542966324577137,2.7654546598000316,2.8852886924621184,2.617291345601591,2.623879124486691,2.613028863844011,2.845107123212326,2.8324864846733404,2.674490300483902,3.1696790357433446,3.066230155399556,2.575818689492323,2.4363564110407627,2.7456257339927297,2.6727841237274106,2.6621363795528272,3.24116550777059,3.1235892495606903,3.01726839487283,2.7960640469235525,2.7521099055890423,3.7780867066127213,3.144059422512331,3.246631070565939,3.2255861917671016,3.437754454232794,2.94816365008936,3.074209533122224,2.8030345704232067,2.9965891793275325,2.816930818993206,2.561743897102855,2.4918042170290375,2.941877456477782,2.858931674486232,2.927247527361735,3.2759573436811644,3.1869762885577444,3.0464718917988205,3.0731601052815094,3.0650618332840605,3.2685022430333497,3.1157084778527824,3.2730735279261225,2.885756581852372,2.8147901931296864,3.258176697973727,3.460550601002575,2.874842031785689,2.8247981602244545,2.644196420930419,2.5242644282887463,2.954862622794515,2.772891763228964,2.7616718897352253,2.6750935978888317,2.8788953437127676,3.4810906235355352,3.5842852033018158,4.073528702582857,3.4049713575296927,3.2934644508197337,3.253660668284137,3.600804960673422,2.6050496812134436,2.7431434923357254,3.0382929069167957,3.0176684949821446,2.9109448457987974,2.9755020817703812,3.8389971314622655,3.305563136355085,3.057086802602132,2.964464365038576,2.398231105239345,3.10661907215917,3.462202150261844,3.4008731483268484,2.9548904884560185,2.745990377955497,2.6228309865012345,2.788581416921602,2.8208892348278978,2.899581406649526,2.9638057751839475,2.7934132139586363,3.6152468753298166,2.803911909028504,3.240163747073457,2.89974730172064,2.8112643467466265,3.0171450684215326,2.9518190231346475,3.1216061834484963,3.1385069537496,3.018988307274593,3.7693454547626897,3.7057970361243218,2.8439604013419717,2.7309767656990696,2.6375661600178746,2.6697980151080545,2.783289914553273,2.4693458707686813,2.8858035513983316,3.013717941643697,3.1076221293902733,2.65020017358404,2.8541009385602876,3.106818701186858,3.081259924399276,3.4066858325463305,3.5496865997596148,2.9214621643272007,3.0291373551484604,3.025038358314385,2.9246903805766404,3.577845683476924,3.1477203534168785,2.744923134380579,3.3404682184799213,2.9385118633928218,2.729492154045713,3.055195191744869,3.716414617096233,3.053424664993197,3.010282460989382,3.062211565219524,3.284580986641932,2.753120929616976,3.7693341935214586,3.859228793968656,3.5681041128465245,2.9541996744624606,2.7327134979693857,3.099415803045792,2.4541166453466854,2.499382757710164,2.7894817772739215,2.740003903251814,2.760331427026079,3.0459107732898816,2.7030034975556383,NA
Oct 2008,3.1284739423707055,2.6981632266089393,2.783616019032973,2.6337969564250776,2.57627910960126,2.622878493333657,2.732819142651056,2.7255235178477046,2.686613461591308,3.0679716034879414,3.0667291277860627,2.586363940652644,2.4046584596672167,2.6144288181148574,2.5793899802333518,2.586451378382819,3.1284602180904963,3.0503572936005123,3.0030289613820993,2.728642620055209,2.728948446726386,3.72167806555892,3.063656016577202,3.277106709438618,3.2169600748932807,3.354078906835529,2.991096502155147,3.088621455496476,2.836421509869372,2.917244279620509,2.8116642126937297,2.598177193115702,2.4961514257555164,2.9444989494839984,2.639234893550195,2.954131122771908,3.180599800277282,3.1361630610789346,2.985017782375638,3.0418715421493383,3.0107947407195184,3.252042865534722,3.048699046379128,3.2477525103726506,2.8864625301260207,2.730921439112115,3.1110536394959065,3.274708592858822,2.782862940828164,2.757150282836323,2.6994819719713186,2.604878128101245,2.9298212745559944,2.7980886572231713,2.703927685540446,2.7081029417167857,2.8035905303271904,3.420410238322591,3.474428504114114,3.9614195574555864,3.329480103354243,3.203562224943997,3.2237119263118523,3.5209574996281066,2.6106454522061595,2.6908052673589022,2.9884245469516117,2.937838480044241,2.8605572971627438,2.885648539375273,3.8903696171239974,3.240490924913038,2.953639643898331,2.808107015340777,2.399357157633814,3.047279919529479,3.3453809335460156,3.2691615581028874,2.9066003033532075,2.7944268983218423,2.6543458248707354,2.8465639435293966,2.921038716220887,2.836991550856723,2.896061172909877,2.814485470435462,3.4276117074555708,2.7110822524674467,3.0850097634400173,2.795684589246713,2.7803214946105483,2.912150550291875,2.898750407884762,3.059323739505851,3.035096696703982,2.871835820468062,3.726175742495226,3.687339927865383,2.7478358574756503,2.6693082635849597,2.5499053675506005,2.587159707181355,2.720399575697484,2.422630146386533,2.839328731036053,2.9279168595345166,3.1260985796246596,2.727797319409715,2.8417256603663312,3.0032420974092107,3.0458757335114286,3.324649870053043,3.332411080121384,2.905976895954288,2.937794046996282,2.9797361709942733,2.978047611313188,3.436191663783016,3.0425871416226187,2.7725053204141616,3.3545308642133156,2.9391317898570177,2.6879448301977034,3.0658084804506314,3.617093127665279,2.9150917540741794,2.953166399994217,2.915290183319308,3.3817329116600177,2.7332310392091452,3.6414494812379616,3.7283734028718616,3.345720614662719,2.923356379918573,2.7804719819690304,2.9080155348410672,2.501572315039393,2.3945368117221153,2.75592031744271,2.655003259439208,2.6625158985300748,3.045828094737815,2.6600138133940128,NA
Nov 2008,3.0629358636218753,2.7058293058796887,2.7348810553835534,2.6312483060164733,2.5219495460653145,2.5469836431388404,2.782095907179677,2.7081830920894974,2.6921268034855554,3.036761133916205,3.007133355940882,2.5535207740123114,2.423828905340742,2.6217083488986543,2.6195184276351813,2.536687204948864,3.0962720263159333,3.0390032538207548,2.9017481970595695,2.733240499876803,2.6452169798101273,3.609099015760328,3.014995520511163,3.1041451012763113,3.142467317826915,3.2467324766270775,2.9066320644976598,2.989561614702325,2.727240619792848,2.9225959753776833,2.769482919213235,2.5156886095367827,2.509508881405887,2.7938763115502345,2.789797322032722,2.8175978136382454,3.057540008228738,3.0532881831427376,2.97862015306923,2.947990314391992,2.9609331178918077,3.2159661422084733,2.9226098422757807,3.1187304304749497,2.858176641345548,2.7139537807833967,3.0268555189061015,3.1947135097595387,2.7972821347215473,2.6536892560783936,2.5502793077828905,2.6346439387676144,2.8899061215401027,2.868883590754765,2.7798087001730134,2.8025727459648073,2.7626639070457286,3.4570811292724293,3.5133073758790214,3.946673603929329,3.1752323537173837,3.198557835037141,3.1258097484237304,3.450278077715415,2.6679711946177735,2.7382313896623307,2.9614876092954128,2.8732847564934048,2.8112028863035636,2.867422338575957,3.7931345529504634,3.1660556661501853,2.9565731700731814,2.779688170839297,2.4309546403735274,2.9454714634138797,3.2665199112522996,3.2392868503134618,2.698368348174784,2.69978977213217,2.524875109543293,2.7360904643324995,2.725892646674549,2.8211492544630032,2.8885816094661596,2.7750316010916887,3.4094072456238114,2.73588680294021,2.6991808997039484,2.6293854161881614,2.6906840907839693,2.8190397048672318,2.9695187040296456,3.110057350272763,3.061836307617917,2.800516464729038,3.7780502219063274,3.4602328472497295,2.7310733234600337,2.5750887012179224,2.714076617966772,2.567923734865592,2.704739871289804,2.3271558026994077,2.798095493279581,2.8413772350562385,3.02017014234214,2.647715918444593,2.718984877873703,3.08128367888772,3.0149539977446924,3.268407273167149,3.405428618087404,2.782664044860602,2.947454156901953,2.9353508596753053,2.8202214244831683,3.4413378052533385,2.9738443641640018,2.730308507699597,3.1656758943330043,2.9457169690958325,2.6634291209440897,2.990861232638218,3.535235993371606,2.9860913722732576,2.946985381062655,2.8804985183173604,3.2771965089003467,2.594299497673056,3.6427343168928656,3.6685015354961883,3.4677657249946767,2.8376278940728414,2.5772066984872746,2.8634693965113924,2.448090319599574,2.4205212880363236,2.6803591800094315,2.69702985890011,2.5963553008288254,3.016395515599002,2.564376679474963,NA
Dec 2008,3.0315739082642987,2.6250173177702982,2.672844892086034,2.6337364511379366,2.4731091406760037,2.509600005738638,2.716038106214539,2.6923554680550392,2.6426677249857873,2.9376856115456147,2.942187129457345,2.3501488551587353,2.3461055200507652,2.553816791243371,2.50270394302878,2.5043388689197763,3.0527655226338597,3.018453552447246,2.8485976407671227,2.666669918935911,2.6455364098604517,3.5768820473290592,2.994211587756767,3.0461159315906494,3.1217410527515876,3.217948158298747,2.8984261069264314,2.833036323502664,2.882005129207638,2.8780046280655784,2.7136454030823156,2.4550524761830212,2.4744837001982707,2.8214414493464317,2.645822872326388,2.901585338921843,3.0932148330666327,3.040641940970855,2.9943806346987953,2.833561034397619,2.8852304106705025,3.11124831371752,2.9662418532054464,3.0881685403160484,2.730137177236597,2.6452962319137225,3.0464053820107657,3.236918689508156,2.705500833113002,2.6851959003506347,2.578649219249129,2.674110546725311,2.8188448135774786,2.712168762812489,2.6349284670833755,2.5945688314890356,2.7590902250033142,3.3761387707405213,3.371245847344875,3.829276474922367,3.2618705688561738,3.1923030041026705,3.095729047045944,3.4490563691536087,2.4072474778905555,2.5689923559636387,2.912553683981119,2.8372518793388948,2.7341029537524135,2.8348328505350913,3.5589322621411754,3.0792447510422787,2.8972178497421166,2.6966833800128973,2.3233741446324325,2.9206289716208924,3.2017234437960322,3.225616664844933,2.8684026732958445,2.7453974747917034,2.517137617034339,2.7591400412447062,2.7696489965973115,2.7340861802259324,2.8552533514960303,2.719473165728508,3.346931829766071,2.63142118587116,2.8375898303472886,2.753563348552109,2.6780082646026293,2.8933333902710787,2.8327254544549696,2.9797331853365856,3.0432319751918055,2.8421795230860494,3.660628260065719,3.4957495703681163,2.7383970998151166,2.62498532433321,2.599086536366389,2.6109608067446803,2.6450199229230282,2.341316896042493,2.792924219376252,2.8267456696133024,2.9608463879195552,2.617729104716868,2.7143111162166527,2.834870939665778,2.9232522594235437,3.3026572895137916,3.4430469652450553,2.7872878422644365,2.8274291790339143,2.8763196732715355,2.902934455841402,3.4150721404764077,2.899052643860721,2.781722552206293,3.1784389381934535,2.7466985735857063,2.6214520977243554,2.9833484110409954,3.5740302263253905,2.830775255962255,2.9069541169319146,2.8497976798090927,3.2475313113496886,2.5373419424087764,3.6265452096928033,3.645825699609011,3.196296248911647,2.8945014385146943,2.5086047127412145,2.8288268815204645,2.4079832244886172,2.3247957893179803,2.633378614328891,2.758239170162325,2.6407398317169077,2.9995962630746806,2.5073668368328996,NA
Jan 2009,2.9263924385757147,2.596495723481957,2.6615602387401776,2.5269520121801183,2.4316169506641674,2.404316304061835,2.7136266912396705,2.624291229215614,2.6106398487716693,2.9289821205130124,2.8705692092390844,2.3795538778754213,2.440769479980855,2.525730084211212,2.596197726630403,2.463676524114488,3.116559087149727,2.9139294718230917,2.8496337837640167,2.620727606857809,2.5177986742840255,3.5739367020390587,2.9666598988514643,2.9896020648946893,3.094696314816798,3.214175783160292,2.883281548274339,2.9636133707818813,2.718621544969962,2.821020206707452,2.7233933073797454,2.326650446476268,2.4264480155823116,2.7501959187622553,2.6036057189848854,2.73055469129094,2.974844311018163,3.0400880254576665,2.8316399877127445,2.8504737038046146,2.8954973963202244,3.04662367603002,2.822515959810676,3.0308180251115675,2.705291414560027,2.6139481951737396,2.924112682655043,3.12258685687113,2.657288013291025,2.694998251649991,2.609479144898373,2.614841926421064,2.851037062452038,2.706405167831459,2.657810353389676,2.5194956016936527,2.69688889913782,3.2802070474300855,3.439818666101561,4.030294123600283,3.2374751832441913,3.1958051797198768,3.0041078179838894,3.3751183653431527,2.4643717801315232,2.6060696333429845,2.8109537990308753,2.8223557080455723,2.7050335217213397,2.8004798126153485,3.5404392060527665,3.030859554571163,2.8027040634762397,2.7178680519456813,2.2104849001624087,2.7395039763255613,3.1556139220249064,3.13652547726297,2.644133037501403,2.5664920542837035,2.4504235254752724,2.68822158739073,2.7173729110142726,2.6743758687684807,2.793769302023297,2.6328028979863407,3.461703789176742,2.683140174189192,2.795927393017624,2.62092261933322,2.5558585306317423,2.747544810938795,2.75991850580481,2.8581075562478917,2.927416949150762,2.748951573954649,3.564046953129997,3.4626544704216355,2.603926235961955,2.5218208833732367,2.469819558201999,2.586954720462043,2.6839215065030966,2.214784130271596,2.7329379332732455,2.853477883878955,2.9325213195690143,2.4385707292434495,2.590407321161704,2.9733613904672187,2.884905562314986,3.0741783996207084,3.1570104220495367,2.5877158824829336,2.805232235832398,2.7617703670579785,2.708159142326904,3.195377563151588,2.8316247008013375,2.842404671012482,3.182758212361816,2.7271611162595337,2.557307234537734,2.8880084274639697,3.3214660832373784,2.8432665353898368,2.8343849632309652,2.751127807586127,3.1994264226850015,2.546255120293212,3.4931170423338203,3.573227597583824,3.2673937754145626,2.9202046150498315,2.590979625337338,2.8082405924670995,2.3924205494236577,2.205366010205109,2.608742439404454,2.661027755068462,2.545473380596969,2.85747394107456,2.4508748914666856,NA
Feb 2009,2.933168942111293,2.6667672917456886,2.6358768116366824,2.533842496657632,2.380502133615184,2.381307973799884,2.6287382254220293,2.569984846079951,2.510903911962078,2.8781479948220126,2.876240028863137,2.3521988686305337,2.5441900873335355,2.5098614539848065,2.4684171582128758,2.362198467355449,2.906990967656969,2.9448181508926132,2.808913367485823,2.5217352391264023,2.5454424695292857,3.5745145749782536,2.8377305125995815,2.92783591276953,3.033972012610175,3.1326212344292714,2.8916277369520094,2.8769977684012664,2.7072700592552885,2.7649471424562027,2.5993207202048776,2.428145958692918,2.4884307534092756,2.700511179467524,2.6533595828550705,2.642542226657363,3.0408072090641567,3.0267696880907127,2.7595344752570177,2.8362354244481756,2.800446338996657,3.0648917507909545,2.908925113100549,2.9506565739550528,2.637529179022478,2.5643367478124657,2.8972658897951318,3.114774141434293,2.5182572541604067,2.5922592772293322,2.5194143645520994,2.687026924349602,2.78572927009165,2.622509839683144,2.6014774365867783,2.487164608955148,2.629015356293213,3.1769525294513397,3.3637846039934143,3.796606255140295,3.0114171867156174,3.114300872315726,2.9938785954297127,3.329147622266092,2.3741480106666866,2.5414448185630505,2.800771025935879,2.8376565279899872,2.6980864912871283,2.7238722247446256,3.60234726322395,3.049003691470942,2.7774888921190084,2.584128574665113,2.2734349141500347,2.827005202090296,3.046722014049443,3.096501479981635,2.8113938397822964,2.4949485408113095,2.3528655146825463,2.732058370034419,2.8428254098681727,2.6384320873724545,2.794512650056705,2.690316185804579,3.445256735675578,2.6015101920535693,2.8028807588336706,2.5606007706909155,2.61475691009977,2.7938495896610682,2.727061281122882,2.889349334033702,2.8822116809455687,2.747108088007374,3.6431524281647882,3.47733462477469,2.609260651420305,2.6015932877339663,2.4337878337202126,2.526333137273464,2.574637731728234,2.2741650664938033,2.6753382708098488,2.7361089354831827,2.8819900508499963,2.5545455742015797,2.63017335772628,2.9705012309056227,2.8591878135361766,3.2311497223928423,3.275611226115775,2.5768582437748133,2.735568071761648,2.8098348496692056,2.7513896018064354,3.247699614890499,2.725518576256247,2.831331912915332,3.014218531676727,2.7970960276657695,2.585250134726384,2.790389609705275,3.3379029153712003,2.7573806465590303,2.8431318598831266,2.733605545241106,3.0997014421437843,2.487465473862108,3.518642044978096,3.540228596791382,3.1377490286456684,2.832282677150407,2.612220129107091,2.8719506626693567,2.363657276451282,2.437082213737461,2.6319961613730722,2.635539897387468,2.538005989143212,2.887784309223347,2.490026279120094,NA
Mar 2009,2.9042363082452995,2.5505003104189776,2.671539245694103,2.4351989330591364,2.351489068804876,2.475568592766177,2.610064501459242,2.6135184714332005,2.5501823815984648,2.8492813458707986,2.8381014829071005,2.418494654626972,2.3930239204178734,2.481495624785543,2.4149812272722104,2.420350270328439,2.9342195317010016,2.8594876249964662,2.8009894333491254,2.5203426956730177,2.556840800834086,3.456861419927664,2.858842872735906,2.9344147338767694,2.9677306096777465,3.1183473881687913,2.8228422202221477,3.030973200062404,2.7853361211126675,2.8148782917819752,2.671044234836194,2.3385346703196808,2.4571489937900535,2.7413918977542604,2.4717094000195887,2.680278189367251,2.915531821045752,2.9866471448427188,2.8430773330122188,2.7806071356464512,2.7957865329717566,3.0414096934434234,2.8895665089860194,2.885510957667895,2.6491748518973948,2.556790924747918,2.881408861566842,3.0368751179994318,2.634840133483184,2.608837335917069,2.4834942589293485,2.718416663417466,2.7147701297978992,2.6697442502320023,2.5316078970791933,2.47106902509512,2.635599827384575,3.2922605809721612,3.380737779063817,3.8460116083780886,3.1191168841139243,3.0787914508231244,3.00566768422878,3.374619620236958,2.4723456025196207,2.550198021009014,2.8201075234621773,2.778854220545763,2.707166229062439,2.7191698944814133,3.6216761120636454,3.0500475647720133,2.7949344078079545,2.6334492241483534,2.1740768773161556,2.8164773725731234,3.0387885043390974,2.9822588684311673,2.677639528773738,2.519584886977418,2.427831784531408,2.62763111597846,2.8647422735423103,2.657626894771833,2.695214080956683,2.60164112945113,3.3885246840847048,2.634709229118422,2.8578557463341823,2.540723864405103,2.554364707850939,2.645855983858705,2.7121680704471522,2.905414114722099,2.969266483377327,2.7790704039506653,3.638373026405768,3.511709435856677,2.592539767741984,2.462820024368607,2.531037260016165,2.498543662799472,2.566809535711949,2.273309042552387,2.6768863473597944,2.6760503380458625,2.8541975685895618,2.6411576615543826,2.640436396300015,2.859222748131819,2.8401477610436063,3.1207045213596913,3.245240560033142,2.6364202350867405,2.685859487205484,2.7796752005944043,2.706384838291277,3.274947486512638,2.785628667994766,2.8784837022152456,3.0142022006835276,2.706414734586457,2.5593978024996007,2.8726044329374196,3.258093931247843,2.7598459022393933,2.805303264510114,2.7444889953150335,3.1664429878223053,2.448858859981784,3.484780429162279,3.5851590526867585,3.223044484404175,2.7631803833966107,2.602005189099275,2.842702175095008,2.339813062843395,2.3014940537760546,2.6598327926932557,2.6254124520670317,2.5915201188562054,2.9294315647159572,2.4751132814214425,NA
Apr 2009,2.9030418218202927,2.498487875646917,2.5966697139462003,2.5477442686119556,2.3905548924603313,2.4256180396404825,2.6121252144371576,2.589822164409371,2.4847341105243723,2.8708908927469956,2.8527995853667036,2.4008936872065294,2.45286235828214,2.4919698583832237,2.4435864312156306,2.4293863241796942,2.9248532276049017,2.9098502716124246,2.7822906257971742,2.5524456314131103,2.5423180189645844,3.475332577521084,2.8665592276466327,2.949466232630093,2.922019256012853,3.1856083781611746,2.824070265141422,2.9672815965818673,2.688130318375086,2.7832191456113153,2.5740713436069877,2.3738071424885887,2.2989041787688884,2.665928855131397,2.5504702518626567,2.733848126193002,3.0127954280357216,2.924893907765213,2.9331978297638632,2.7826163582553898,2.7968575491491374,2.9476466635456204,2.816690478582786,2.9047125777463054,2.739325332221713,2.5027179500350147,2.8652018989114314,2.9793586386303037,2.6348299596000775,2.644079084628924,2.498641546684961,2.6257769890295743,2.778825426269207,2.633882593704038,2.5736180918402702,2.5381509893252803,2.671301528363176,3.1911189687116357,3.3644472042813534,3.6038192289106386,3.1137832226755595,3.05146199767752,3.0092804327012845,3.368222965249877,2.3922216878986933,2.5706903867614326,2.821555209688709,2.752402733506222,2.719350803286213,2.751767590591844,3.7923742588885476,2.9391337814946206,2.774383353765978,2.7113279624215356,2.1966683677143197,2.817090989334788,3.052194828755486,3.102760162759942,2.6239295970294143,2.5893362613172677,2.4503920016529332,2.7321900416113047,2.826540576312297,2.659707173085812,2.728046219993394,2.698804507074765,3.3264508284923435,2.5868552030602414,2.8815836676385267,2.6229312531614304,2.5641727132705845,2.616362458984349,2.7134613115563377,2.92500735228151,2.837748525007049,2.8621258763007447,3.5903725360814414,3.466393021016175,2.625006802232357,2.4811685516683966,2.503098558764378,2.500453177644011,2.4845611967931718,2.284152996198273,2.656108681176703,2.69981400531881,2.886670711997702,2.5516600233733957,2.6663641043221844,2.8915350576449237,2.8079803967157355,3.281460315025719,3.138332353352583,2.631732458150097,2.7575350273016324,2.729053112740537,2.813314477575756,3.2109913650528568,2.8233060194423363,2.8994260255312345,3.0078832504533515,2.7145946435143413,2.5856472947185463,2.9455066402602847,3.400421598922406,2.7915096449288948,2.801595666763075,2.7828352958902687,3.040694811306023,2.4527643952241998,3.4333402117704996,3.5049398684398083,3.2688354183769546,2.769533065759492,2.523321376876126,2.89481685266082,2.3412704256789496,2.219727808148351,2.6427524628605816,2.553465518206217,2.3667286802391367,2.8588873823410745,2.4082850289776085,NA
May 2009,2.957106911689345,2.5078249633855556,2.6396606712824537,2.4822082542986754,2.396801828970916,2.429862687986736,2.6600611617578904,2.6341942931564684,2.5168062156637574,2.932537250257478,2.8739024123836545,2.365732820928616,2.4768497864421177,2.5471171314394647,2.4461882558400365,2.41774058496826,2.9669486879947384,2.9565615270062593,2.815415247412164,2.5645844494238665,2.471450497533916,3.546615853190965,2.8801640217657454,2.954352903028109,2.9683771786670525,3.1406209411621724,2.8153874580394884,2.9225253951878503,2.7650753974419,2.832840672918871,2.587976675366818,2.4616343427602096,2.397597154733344,2.7398062624331985,2.6839108231634095,2.807035269010905,3.037083223277791,2.9860123619568695,2.852054454908686,2.834759721669596,2.827918951772277,2.9096880218905588,2.8814051847271815,2.993633723683551,2.6848835610667554,2.5875139746855735,2.87736764753662,3.0286496429791607,2.7861634783921874,2.6409221980302284,2.4995110243217042,2.6408656194911124,2.8248769108105782,2.603509928010158,2.5379193628508565,2.5624410611074295,2.6775920419286603,3.309619547524992,3.6247074509078496,3.6419114944971027,3.102226696614318,3.1254575278363,3.0554706134789336,3.321068880639685,2.499015415920225,2.6108946331143614,2.799503252512538,2.784631946786436,2.717003401770228,2.7977805899447965,3.7935095053629446,2.923584163554532,2.8086515368704177,2.6773724007723962,2.3458893362104782,2.8014704646321547,3.082774903919763,3.13131734013641,2.557063352776919,2.6323067808890017,2.3213364180288147,2.7682194992627305,2.9200659661879196,2.6667760025967184,2.73946817597518,2.693282023747082,3.4115328978152877,2.6372456916766014,2.950571550991194,2.641947782325675,2.584020317054378,2.751309376344698,2.7304966206907757,2.9575476617083423,2.82015452041404,2.782467362910199,3.576782133508036,3.60974304266183,2.597986450013538,2.8550901771195827,2.477373113277865,2.480578430314547,2.542005352913829,2.3103924842836565,2.710728577173593,2.675543903001527,2.973777801533344,2.60145850376576,2.6371035500767275,2.908229712729832,2.930378318683516,3.3216044608804056,3.3006813159960835,2.667739979748045,2.7475631083416894,2.793427612823868,2.755329453151995,3.260333014337613,2.8672380072482677,2.898543296644764,3.012729649811452,2.675749296904697,2.5219901001439724,2.9135649292353385,3.355586210360545,2.811198129674734,2.8176355674519,2.7467517776869714,3.069653855085445,2.4722449373071345,3.522096499484918,3.672243101632995,3.2887285678949802,2.8324158177986996,2.607446653532794,2.8240852022493814,2.275563440676208,2.2879814497622304,2.608465033528011,2.603500319576026,2.5201802702818887,2.90527626061456,2.471727721092179,NA
Jun 2009,2.941133817990685,2.5377214962450645,2.673200841393557,2.526166885716254,2.4276482310565224,2.347538147579621,2.6360094355534924,2.623998783279513,2.6211912585931656,2.967154689942339,2.9325252163469826,2.282074953477251,2.4472784538646453,2.5323273600097616,2.424452108212134,2.4038930489446892,2.965471242821868,2.9837471375492153,2.8530969102164763,2.5211761097337497,2.5282262427958044,3.5792621232952744,2.9489911382802703,3.00496960800391,3.0690844098061847,3.1960436418122544,2.871094052053276,2.940617578345025,2.7123616731961375,2.8339020973333486,2.6457131773459874,2.4157456100616157,2.4292606798491594,2.7630001467317227,2.5327478990208916,2.804884701938013,3.0068431691470616,2.9625411628418448,2.9039732520655885,2.8491379799124097,2.8370357637646637,3.0299015201232073,2.829441172521248,3.00077915279446,2.7356910098007723,2.6186881346328055,2.90309820293723,3.029488572165392,2.7553655430581547,2.6688662865945374,2.547200829271901,2.503387412904786,2.7732085836997515,2.530410857033488,2.5691217310031895,2.4815443100532937,2.6869471557869735,3.280859265698785,3.554826782383748,3.6850662470811457,3.2114504868224194,3.119399512467204,3.056857355214038,3.3864994988573094,2.453085721506672,2.5822236328617336,2.8396275973369187,2.8283931900115746,2.7904086204202203,2.805454432097165,3.9259016523030432,2.973526066793649,2.8749085697349375,2.7170432732044296,2.2995751649911,2.8374974261020847,3.0611287291759024,3.1877607071284837,2.6601732889389056,2.643007404604084,2.3577706554950106,2.6718715748302664,2.7350137475754788,2.6949361523209854,2.773669235293451,2.728891160849425,3.2321095071980173,2.6727737878266535,2.9087009613563226,2.656008907638357,2.527818826456759,2.7525880919582675,2.790614868576825,2.9206937719878594,2.8596691606668543,2.8376743620599334,3.6667758316735415,3.686863490963531,2.5896838817400587,2.5197439762072276,2.497607525807943,2.4916518135057557,2.5751637698323,2.278910816827847,2.7402475443771532,2.711634206279348,2.975213983129833,2.4867210920763516,2.729666408759522,2.8916961334226627,2.9129667057438433,3.3755612237174333,3.3398683250754853,2.7277465858153467,2.8065915446572256,2.7871473261118638,2.8107723994587603,3.1787692704224266,2.9070555633272197,2.888422338031233,2.9869047998657132,2.700935846672059,2.687563597909206,2.9767038711956335,3.429887742397126,2.7947718460757636,2.8527340720484133,2.753670566063571,3.208905530954071,2.438422675913542,3.5659723861143777,3.6665607431236777,3.3521912711231066,2.827657321661801,2.557117893087055,2.805207748822419,2.340267235720362,2.347226711437411,2.675976348179298,2.626188939617296,2.574854570158827,2.9619808966637415,2.484234004244246,NA
Jul 2009,2.9875915341434176,2.5990706080906327,2.7014672745056427,2.4852683934991036,2.4340222854631572,2.4571257535384965,2.6698410327125655,2.6862558474223333,2.614825856447135,2.982276415347461,2.959160791474764,2.415222787038344,2.5019909182043767,2.569405284088214,2.4870898862689534,2.4565301529184658,3.012726521112818,2.99416920341284,2.9127050514080146,2.5742064431813603,2.5307325902105506,3.670631592615492,2.93319368631706,3.0521812588288784,3.050398977256001,3.283291672263309,2.887193258213319,2.947421835192546,2.7524882654009235,2.8506263647474563,2.6748973876191857,2.5021839467447378,2.422440212890947,2.737249369572129,2.6051473127454425,2.8234578173776317,3.0513300124689975,2.983124518064712,2.9400223214951056,2.8833075217604516,2.8905468893248223,3.0015259180286873,2.896853034219567,3.044274099047219,2.7520666971104606,2.5945180172106133,2.9169279357691424,3.0586915131951287,2.7701904117716754,2.657863046203575,2.4021492349806404,2.5979452824452633,2.7974511566051965,2.595471065739383,2.5719800409910025,2.5239229211672085,2.726117007464294,3.2823048067862426,3.5700941583575285,3.766791314360208,3.2256502701936163,3.253957968013627,3.119815783264697,3.406184892183772,2.4490332827433288,2.5828343568018846,2.8159815300383464,2.8813369141279224,2.771973919513953,2.8324451558785992,3.906729906686976,3.0384716362358435,2.8653812523891333,2.7398816695877075,2.2985598723135534,2.8691431056741767,3.1548877718269344,3.2320723893701535,2.654485510760467,2.608759286166267,2.378364683351541,2.7525652795561717,2.8202501603317787,2.7315179139415435,2.69034138544489,2.81453648487585,3.4336211801420777,2.6632397235866625,2.9860151511502853,2.5882457818352544,2.5974303579719837,2.75576043510869,2.742942788320525,2.956624189526195,2.898913585422156,2.8616779997367208,3.693330313101269,3.682346512569025,2.6298084693393755,2.473314263044428,2.5464524066888004,2.5219221233136015,2.5918607242225598,2.413009034978241,2.769897268016563,2.73060376643904,3.0060290901530973,2.5765329988298675,2.6919442332914962,2.9756704247257844,2.9242878806035426,3.4178413791913465,3.390967810701066,2.7164368087601063,2.8734489499063085,2.835023271650286,2.856391213999463,3.322348146563784,2.9039171706538704,2.902645194377717,3.034244829769904,2.753187992769985,2.6075105671102943,2.9250937908186536,3.493278687459689,2.8452222037608434,2.8764531713592163,2.8006442440153325,3.1223878969011336,2.4946858587714664,3.6480519502671886,3.740687111493255,3.4159063642845537,2.7759598223946487,2.597715445809496,2.8829208259925276,2.3137055662729833,2.2269698334912915,2.6784796409109046,2.510177429723499,2.6349041163268807,3.0250299299971815,2.4791323875433,NA
Aug 2009,3.0278802380215843,2.5634663530092197,2.6843385496632957,2.568519763656443,2.459810264165782,2.483785478505868,2.665720893155377,2.67168869487955,2.6461344633027344,3.025776732874458,2.938355220173277,2.3117329117208034,2.4327848203823437,2.5865989622961707,2.483320078563575,2.4563660738620965,3.056130812768475,3.05135733419261,2.9095117817379506,2.574068184836887,2.5367556607447908,3.723816654683098,2.946790761504018,3.056216725423185,3.0598327271409964,3.331946020212158,2.8355180587497024,2.9927904659727407,2.8047220393380394,2.9315846493719646,2.687499321158449,2.492246731522718,2.473629684408672,2.7616938586809603,2.567590959381278,2.7813435870379544,3.1349510519324157,3.0154723609152128,2.9707197345693106,2.9510075207475523,2.90022471907789,3.0232371177835455,2.955915822984624,3.076569028566739,2.7260892867110846,2.5942534107755133,2.9434606966882737,3.1375677739245647,2.7939124509873556,2.681711461724038,2.503918285915924,2.5248338538357533,2.8283203901426157,2.6062869425867965,2.6246704825736815,2.488225683382857,2.7319434640884497,3.358517672140623,3.5828869792082627,3.737821583189113,3.2600608871608583,3.2161513983857333,3.1352192220958344,3.4415540807101084,2.4737434370499636,2.624967574849931,2.9186198287895158,2.9103302720095026,2.807241733448745,2.8744815005701647,3.8521666841443705,3.103845927278891,2.903441200088262,2.790195168899457,2.188345840351998,2.907213719299994,3.207204147268068,3.2749166340719644,2.6486781914735396,2.554497325563895,2.420252945963974,2.8018508457331213,2.704716538620296,2.7434349843787134,2.7968842592103234,2.7183293722507234,3.23251180834125,2.6061410942135987,3.024441287330128,2.7638638163431994,2.5423467441098113,2.790916088221993,2.8306220872754753,2.9931513238585357,2.953757752937392,2.912797582323226,3.7255116849105177,3.7508498699682162,2.645308265684271,2.459144806673865,2.5321868190189374,2.5381075016825,2.575191407499386,2.415156021018851,2.7879651343914933,2.756672446815222,3.056019670828251,2.572983605189516,2.7092810002150283,2.969594547155745,2.973005163895154,3.4319513136730855,3.439006477021093,2.746604032867589,2.903126764199977,2.8918970429196906,2.892880517405317,3.3086178849748222,2.9949615744030615,2.9753777558166856,2.980635221437914,2.743359690847618,2.633845317611728,2.9652629174658545,3.502441464320012,2.846853227679623,2.917156900914454,2.8729641080269497,3.207783242776198,2.5305464123927672,3.6478697490200567,3.7893505067021107,3.4831224455267398,2.7879237305311126,2.6906316709335334,2.9365268977391588,2.3140768333740174,2.262162201666213,2.7355927834237983,2.6174945283651043,2.5914978227566086,3.0371986416844923,2.5268303522864923,NA
Sep 2009,3.070569834966641,2.5945179210305316,2.7049880115121407,2.5529196326913777,2.3703481579360335,2.415838174820399,2.6800732252097,2.670099486549374,2.650260131592295,3.066898540806844,2.993764889799615,2.422877704141283,2.415649904210519,2.582513776678959,2.520452288844466,2.4972215131568176,3.0994318250168256,3.0766893075139468,2.9599457188800318,2.5926316443505346,2.5936588941781733,3.8021569042141117,3.023161465307399,3.1509595237519767,3.112438327093271,3.3404023859340737,2.854025005239326,2.97880749778985,2.7906389641551397,2.9145087745070044,2.710582619687277,2.496557751092069,2.4395669123599344,2.787449175387002,2.6239823966688127,2.7345411893351494,3.134235917344468,3.0409708156051103,2.951460574758219,2.9479412515720265,2.9127810086057804,3.0293490231841327,2.9778987611965193,3.158438016670526,2.7878196905936337,2.5809593312958863,2.9960995196914446,3.1465700680596735,2.810071834060794,2.7033360079026076,2.513684385782487,2.5878345686798263,2.852417544753334,2.5865886527676087,2.5904137169481065,2.5138876763783276,2.7241016039682475,3.4279109913489587,3.56412498622838,3.8614267509262534,3.2900471936423394,3.259995870924077,3.1580568870503005,3.4742221473933848,2.481192291591284,2.5405240041347517,2.916847109267748,2.9689715936718035,2.8950151007761145,2.8963816300766068,4.127123145141938,3.1013380097904233,2.895011569802001,2.751927448867651,2.3145851834175186,2.9316302097404487,3.265083497180625,3.298749989135551,2.673471502790075,2.638438393015052,2.4224760304834256,2.740983532788938,2.7673233871106047,2.7769954115234956,2.788728954597712,2.80571082981953,3.3933650724241633,2.647175684647837,3.0395871096696925,2.689590269321921,2.635600773092469,2.8496335159822035,2.856315806594322,3.029740283603504,2.957052487544289,2.92383270598582,3.773291636762529,3.7655658643133663,2.671709013545061,2.48625412418344,2.554177483027382,2.567901478309495,2.58884921929174,2.3358992253137267,2.8043496903052527,2.795123096041,3.067005755216193,2.565364958289963,2.7044827908971354,2.9889958023224583,3.018974655114096,3.4567479889796777,3.4503281618039847,2.802521631212057,2.87932085221378,2.911163638974628,2.8998329730672405,3.307105152338559,3.004232627505557,2.9505861638535364,3.1138058528398913,2.818314286664456,2.6319961814613992,2.9210766843030456,3.550629843242252,2.8917363577543185,2.933866032818839,2.8837607025721304,3.2121540568116433,2.525894969270624,3.7744146110502355,3.8780442769845265,3.488551941364311,2.838986997240005,2.626339077334617,2.9297197436329454,2.3518456033717277,2.362624299789743,2.713350205031572,2.6191654034433456,2.626535541426301,2.9964921610269593,2.563894549444297,NA
Oct 2009,3.0862429351625256,2.5892222638218545,2.7159921590294087,2.58205459190539,2.495874478991667,2.4525481907792193,2.700463262494991,2.7150386000863835,2.6298429529428384,3.0841813819713115,3.0140672256223136,2.458063538051917,2.499444626112334,2.5965447039965515,2.5244006929950324,2.4184240677784308,3.1117252304234486,3.128998792180267,2.991866127176039,2.610363272039036,2.541959947736342,3.8427575784780017,3.0112844830104835,3.1528125554536395,3.1967922750556585,3.3825248607766087,2.906646998459711,3.027165790287644,2.790689574191896,2.9363437541403243,2.730503016472472,2.494614874158704,2.5396738766649207,2.8743100770421535,2.5849040063356514,2.9003543039793667,3.138933874204948,3.056243295035109,3.0610794360919593,2.9700397826229987,2.9296590388861863,3.1514541581848454,2.993064822999276,3.1165006571181575,2.747072069659736,2.596158906751359,2.9597899957056475,3.1926136297886667,2.8047665224459952,2.7313029312858093,2.48429878366109,2.556425970102543,2.8677349452505956,2.6649240693038254,2.63144249675078,2.569006305860233,2.7083890014501035,3.470216160424388,3.6382261503047437,3.918092209704553,3.3087221061491467,3.292585714549701,3.1757171704305174,3.4465441997651154,2.4675619588995175,2.7147325775440017,2.928659327589388,2.994901187287206,2.863334882856292,2.927197016758384,3.9562946785086,3.1680656981836504,2.9652189367872324,2.841844571475361,2.252605866373525,2.894547825002763,3.273421681768526,3.386778330927057,2.6804783774051155,2.6386452073202937,2.461543955081244,2.762964288393478,2.7893028096684924,2.761011262224077,2.8425413549898164,2.762569543349015,3.3185660463984568,2.666268374351961,3.0489957607209446,2.673861312717574,2.6193603226379825,2.8953532978518446,2.902000910780925,3.0266508907021494,3.0281427991050824,2.9613813960594304,3.8051976405421315,3.8739277789179978,2.627066571343947,2.4728731196945684,2.6100864216979516,2.5292333156604014,2.6635765081569858,2.3464471296425664,2.8457746567205082,2.8403099997425287,3.070077784890952,2.6189937947115345,2.733788149349655,2.9984958750079413,3.026456038644147,3.5405116478835845,3.5113991620635865,2.7901322319715387,2.9326102680412967,2.9473523696369703,2.9885649332061925,3.330488096363532,3.017259941501265,3.0043020615170213,3.114658859386211,2.789632718453508,2.5736582169370963,2.920162781815576,3.588271947339828,2.919235955669808,2.981570177389309,2.930515537061949,3.2934981451952376,2.4790613540603745,3.79800127095259,3.8940642264693763,3.561731186330109,2.8663347675574724,2.7389011602846955,2.91568419025797,2.3949577784228477,2.363199008055692,2.7380848906031368,2.6239524843297715,2.5224946794733936,3.075709018686467,2.5941402560146893,NA
Nov 2009,3.1466309660324896,2.6036503866407403,2.7628659841724796,2.5850651620261678,2.547958134637361,2.515237741040368,2.6939805721922863,2.7553309847898717,2.687776487592114,3.0781039027416073,3.026088444131164,2.4039602295263607,2.54034210134256,2.669109044696878,2.5498141272036023,2.4701551389485186,3.1297620296011774,3.1633820599510685,3.02905260304253,2.65017737996407,2.5804850301513027,3.8870534883686267,3.0383789860347705,3.1904626941226564,3.257428238699801,3.412297705195612,2.953525626836831,3.04650196614957,2.76856515108146,2.971889624664449,2.727418808591209,2.6036852409998277,2.444015703744242,2.845536570945839,2.6573357193750105,2.8064770440072513,3.1604139148718846,3.083722642262497,3.0184688203713073,2.9721344787532944,2.976579986480737,3.1260051629549914,3.009073786558806,3.135886466441483,2.7619827097778846,2.721937252917923,3.0023838683841126,3.1883671980352464,2.811599234435104,2.745355391503424,2.5375654094167404,2.5633996274688764,2.8783825911374517,2.6504378819864782,2.6340010641246656,2.519772261003076,2.7459751502368284,3.421738255879829,3.6268886071295654,3.8818990330816248,3.3473345243728008,3.3116149946071194,3.2083595340837436,3.5114035325717827,2.5275284046042765,2.6608271466974114,2.995272900035004,3.0229460810318343,2.912951429789568,2.9418942324984547,3.926990965776661,3.1621812313607136,2.992176681401559,2.7677618695358968,2.2324073648396405,2.970941441706075,3.3244665534469604,3.395417802640346,2.5894489874267292,2.621589799210968,2.406465310005557,2.7806117697385124,2.8351995544916138,2.7667247013436946,2.8720233003408806,2.78334780408767,3.371751934464666,2.6385805081875766,3.061397795523448,2.6557006577392825,2.6873253100049475,2.8930106491066883,2.8885510755867574,3.0637292240455984,3.043059877177563,3.0020343535244773,3.842227151134543,3.940285009433739,2.683033803224909,2.535185848333151,2.6254004081217484,2.499454066575622,2.6132684878884302,2.374608394580233,2.846242128371262,2.8267653659918337,3.1473751781496677,2.5991920336090413,2.7091623650670282,2.9675625454351957,3.067081492968229,3.6232751051684047,3.5788680164758797,2.6642975436963745,2.9445729709691677,2.966727432259215,2.9912910014834404,3.3479189913812344,3.055623417304428,2.9660592446531067,3.0842336103858865,2.806358685847599,2.6622587762306655,2.9969984816402344,3.6011711638997084,2.953381423027973,2.9738364439462686,2.9285692999238764,3.307489502081729,2.4959339678666916,3.865867783903372,3.9322649021294804,3.6325915115891503,2.911936641965251,2.638464343585266,2.9557866444722083,2.4814070160128665,2.324346253261629,2.6850124431601308,2.7029010005919893,2.5328030333977303,3.0743095869475576,2.6243034103247176,NA
Dec 2009,3.1604332208240447,2.63293789100816,2.783496540184487,2.5640435650737423,2.5734566697636487,2.439846652419208,2.705769888122952,2.7570433346785004,2.7363652077229568,3.1014641299631402,3.035320976926758,2.424258509147487,2.4475686067214713,2.5709298414133377,2.5478039155501753,2.4588462105879327,3.1576586517533527,3.189905981007114,3.020079878804365,2.6684950520865836,2.5994934869717286,3.9540779626019855,3.089994880496002,3.1709713066999883,3.21126239427557,3.427300774681183,2.948973158421303,3.051631341932907,2.853106244650734,2.9807637718418443,2.7352229455919916,2.3869606437889646,2.385528872806444,2.8431625590256817,2.657010950803421,2.806239253754384,3.220959119249057,3.098225873116143,3.068227275613994,3.0278345760469736,2.997103016457537,3.2282492081352814,3.065984079427362,3.136842821432386,2.807541170186386,2.6895751385497166,3.0234664178294643,3.226150694292628,2.778780284079124,2.7902455380563826,2.5399938893926604,2.5494659309933674,2.931539609119969,2.680416365424825,2.6157242344668985,2.561574133869928,2.7720813679899927,3.5273627924170925,3.571731853010645,3.9286417412060777,3.3368829335876407,3.3731409342173886,3.2255269553095394,3.5223003811600186,2.4183902698801845,2.662950937502601,3.0002352480863705,3.0493992697742276,2.938868885407856,2.9695994580139176,4.05546049860269,3.242515657356853,2.9968959390478114,2.8126431668490772,2.3507167821701813,2.9636356416379455,3.375983267458857,3.4657268027846304,2.6519166162712438,2.620755896686919,2.477190284796543,2.773278978535709,2.874289935037809,2.797627327197226,2.9455556518783874,2.7922531920076783,3.2792715989446344,2.7060111213935354,3.056395162932038,2.7232471317005573,2.6939394575111546,2.9086859583917724,2.9454316520883475,3.090250831474871,3.074680602941289,2.986204217117305,3.883440063623093,3.964713980732674,2.7128035343400723,2.450681610473959,2.6327167331464025,2.6055821622512356,2.6285832209817777,2.3726594318355425,2.904698087857986,2.8439442691273267,3.1510091723875426,2.5852712255483556,2.597970285575112,2.9489549627723917,3.0536749268667243,3.611889261795113,3.545343407835932,2.8424226116338462,2.9659957251688023,2.997366886421376,2.9134951197883407,3.36489274829786,3.0879999136623497,2.915191681041466,3.1886637086744494,2.825040410529134,2.70190967294454,2.9514135182880823,3.6251567572441097,2.9267603813033087,2.986730898673303,2.938904133315868,3.378378047461873,2.53134041543987,3.8618736858382126,3.9859753917038954,3.6448847184687225,2.9340661402150463,2.7089949123594645,2.925256040758138,2.370098116144363,2.3306433671720606,2.7496746151369234,2.68208303234449,2.5899468360335796,3.0463672081489737,2.6327015265913056,NA
Jan 2010,3.164441732157896,2.6617274814163268,2.817982955767872,2.5632672610198632,2.5752011902011427,2.5119857577830453,2.698511541488663,2.81118541849176,2.770590963906595,3.1655770270078603,3.073754198322662,2.360006273621816,2.5114396945995003,2.6119852251427833,2.5926867533634708,2.48533323801083,3.2149525312501015,3.1996301837354597,3.07926737103708,2.544253596830437,2.5723461714672937,4.012450402715674,3.0653766591465232,3.220678738046554,3.1764291849877364,3.491900436970345,3.0243399212115034,2.949990670542348,2.7415906075931704,3.044991398393858,2.7824286565824443,2.4640791770510115,2.5101614323659547,2.917840839374911,2.709805877095093,2.779312557039731,3.2958894950482525,3.0797472432153437,3.094374591714831,3.0278999723676514,2.9797437682454255,3.2549748567034875,3.1011806540789064,3.1513268680964788,2.769072500473839,2.7119258143684823,3.0453164127995205,3.265895543241709,2.7831753489393933,2.7517695822427592,2.5406510417939274,2.4870191622582056,2.847167333805461,2.6212733522709275,2.6532303903243504,2.5111343957692047,2.7482056983929337,3.8144574612506776,3.634983308534518,3.9267019227599134,3.380868625903108,3.375620540110198,3.2308183503319117,3.453922062896663,2.4484899165782745,2.6353004871990566,2.949333772919915,3.0957201737993043,2.983005687857918,3.0044737259021614,4.230455006654357,3.2198458769473226,3.0373094815279966,2.8471546924479365,2.3151591270900496,2.960371999919607,3.437648967003397,3.4734421014403,2.54904737816426,2.6328373497400603,2.4473920047290774,2.78866846874248,2.914806850239711,2.82657286319474,2.882685794917552,2.746049363237512,3.305114549985113,2.6893258682555006,3.093100841280185,2.6904410308541946,2.607171936083573,2.869772571831356,2.9303420345354243,3.080380298420004,3.079348643163692,2.9466451430703193,3.9416690353926964,4.030573016719572,2.660368612076181,2.5427027839631267,2.6146625729633866,2.586262594524427,2.586398589458541,2.3597706452992466,2.9236705286594864,2.848459084651389,3.165508424585451,2.607162260743869,2.813524749150248,2.986772951574336,3.0146902768476305,3.63713031808613,3.603890790268341,2.8338022999461208,3.0081870040986582,3.0229094903859592,2.939335837265711,3.4511781860356048,3.122419504064865,2.862486011911673,3.18431109856069,2.826705724267861,2.632663334635226,3.0423249107043326,3.6905528707225383,2.922144626068875,3.004637053739034,3.0006012892162004,3.3675956055908003,2.5932745560328723,3.8960922748362514,4.022722484490443,3.7615913715288567,2.878754302668363,2.6953022002622196,2.9812104259666645,2.2897634405740304,2.353469243713632,2.8043776742717506,2.6419705822712434,2.6546121470350235,3.1424597454875274,2.7028953841328542,NA
Feb 2010,3.211286014809902,2.6968293420768426,2.7215192757777107,2.566637919981834,2.504067934992062,2.505237680382597,2.7129432105045153,2.7697348490690112,2.7380473907173295,3.169927977682039,3.0625464866946226,2.3377782256992625,2.4183910180206394,2.5915929700453666,2.5412931220347077,2.5731149157932953,3.2182277982493517,3.1476519887428522,3.0085869931598057,2.6485206194648683,2.536404204256233,4.01690065871549,3.0833689544541962,3.2681249159774057,3.2713319230670694,3.48132715410692,2.9542346691143324,3.065464577868759,2.752417304617201,3.0116077607311054,2.7397608223331673,2.531778451462079,2.4772457210795107,2.8375764617000607,2.6762768933381333,2.8244803529278992,3.2636682063521256,3.123342076246546,3.0922952497804124,3.0005205090699962,3.0247772700189093,3.269941900196498,3.126195248898041,3.2465164399306423,2.890208259934845,2.6603243462424095,3.0174874771134625,3.240068091844888,2.8112066895842034,2.7301707223411475,2.44360757285332,2.415875693268739,2.915105631691683,2.6234171758130884,2.612727642671667,2.633942971219268,2.760617299227227,3.5254607799487436,3.711234204657113,3.992587730818013,3.3980228090269042,3.41147226072912,3.2256019135794722,3.5174536839991766,2.507811207370222,2.6758340571079464,2.9801620890930667,3.092095959184677,2.9640536041088086,2.997573004425638,4.07417568811975,3.2679319409691057,3.010604176915044,2.83131037048501,2.278315267759761,2.9841635832754023,3.4239657205368843,3.483208712922816,2.6809774208558554,2.5660859626313095,2.444290038756173,2.7556434231669513,2.874323596379622,2.821991085241974,2.808468394989697,2.683839179283254,3.394037807497973,2.664718821887398,2.992897164869766,2.7622422860377016,2.6401995710787154,2.8763508137607943,2.934987710636786,3.140897725120756,3.0684901458323566,3.060212885516939,3.9577321959199834,4.040620513588271,2.686282344449904,2.518260811464775,2.6842743089553047,2.549409985038476,2.730585853875553,2.449227661386309,2.9270320310900257,2.873034270793072,3.1343349195178525,2.5805553915501642,2.815412166816161,3.005443169283106,3.125786067615656,3.616116335943001,3.6030008754517047,2.827892378868848,3.045520768513355,3.0691654256463563,2.9950146886793676,3.393658869809845,3.161760310431152,2.950731714530056,3.1591597098184914,2.8300765619949773,2.656582275973675,3.0205326778283177,3.7226532739498284,2.8994968909405223,3.004477048299653,2.9904413839628474,3.3326974880311817,2.548256721920183,3.907766309105668,3.9909974886625657,3.6998787648702343,2.9392979956940577,2.6055005843113532,2.9862291780474837,2.2838038353464856,2.3488463881755397,2.7508544310914753,2.698850698827498,2.5692035956949972,3.1282048789298864,2.663179833891782,NA
Mar 2010,3.190790339203941,2.6509631704256993,2.743092331362669,2.575143214770344,2.5426197717612506,2.4694593343891804,2.725195442751094,2.810184929925719,2.7847813767383696,3.164842592597225,3.087846942553823,2.4047360743411796,2.423171479372423,2.618572344346901,2.5275780511656767,2.488891368311727,3.2152819797297054,3.181784143194196,3.0828218691038525,2.597180722908623,2.5623251422659306,4.007549653805986,3.0764264987984795,3.2684281207449652,3.2967773906454285,3.510997714623342,2.9582710356753323,3.0005593006297517,2.7842296053756592,3.0568138059431824,2.764152128063083,2.599594239324115,2.488628820022062,2.8396824571237045,2.6840700136994555,2.851875731079357,3.243679122117269,3.16291955003904,3.102260870630373,3.065355116472294,3.0401287021654464,3.2133960291070256,3.1368662030993413,3.1551230307978164,2.8659000798504906,2.587004908085599,3.0708029507628094,3.2846118121844943,2.8793001932360043,2.736319724835919,2.52751585889295,2.4268006943424885,2.895681720868161,2.6446354323867025,2.62996080383022,2.5544552238957694,2.7527890865833546,3.5272911964748555,3.657387380347841,4.0448336224409935,3.367940334651847,3.4043443373561635,3.253432961090121,3.558164419711172,2.478821728203395,2.7074755961194423,3.016947744212463,3.0894528542148505,3.0024878528844052,3.0060427713044526,4.10260168839363,3.25446421596653,3.06192914575043,2.871914377164459,2.3710953999053572,3.0379395571186465,3.4553803324928594,3.472694792498783,2.6126404624520525,2.6331765025236042,2.5061230548801587,2.8402127047515293,2.849425154154269,2.8278238496675967,2.894984765797062,2.799396637398052,3.348085509405561,2.6978178090242344,3.053360098075556,2.7436448368660282,2.6611794406730014,2.9821335202460206,2.941734766591429,3.135316829667505,3.104641294765044,3.090096843306278,4.014576312629359,4.027659690799519,2.6733525381410845,2.4187851048228874,2.665696077950659,2.5736078382320833,2.660651602441173,2.4410588021757054,2.885732746898857,2.8237064723730954,3.1754250646934077,2.575897723648638,2.76714776343499,3.058982200486518,3.1218880793375465,3.724643637731139,3.591120462413249,2.9188001132905703,3.0069211707525114,3.0532597634524428,2.96032269596527,3.4473704400114116,3.126844568286647,2.894252343076666,3.179201888893193,2.815048053940233,2.72549804753977,2.970947691891598,3.6859387863619655,3.00040693696995,2.9975458111678237,2.9989161179420365,3.32347602849237,2.4593020337147404,3.9701480834940144,4.029118264090396,3.711588377120355,2.9557726229965917,2.6719266937492425,2.9306152282389983,2.3876386323109644,2.367955052322343,2.777681247184941,2.6486401696570128,2.522107592779508,3.1655896178495215,2.6950837183007805,NA
Apr 2010,3.2422683327417046,2.6604141892904294,2.8500782562249944,2.6152188082406824,2.5519786561518836,2.5277971023071526,2.7508902414589915,2.8070863149325658,2.745250945139311,3.20200644708695,3.1073254746819474,2.384411862125747,2.434934377914781,2.5815493973011217,2.5273408522303455,2.491349225509468,3.24573111684363,3.206766808140711,3.1044906943867323,2.6657459636904925,2.490129909718343,4.090095169878238,3.0888606152943745,3.2434812394683483,3.2917417008698906,3.504563885209206,2.962448373587984,3.042366714063317,2.759336452557832,3.0401616243860143,2.78853425741261,2.4890652737363923,2.5503084085445,2.8763352858813533,2.6376021069487865,2.803310019043565,3.2875602302227453,3.2142144822277126,3.1879234200591915,3.0729149544678243,3.062466235057841,3.2419528347145325,3.1083838551204437,3.2109871734655426,2.891799006326704,2.702617308016492,2.997885442886048,3.284300047817206,2.7642758757411925,2.782327909170669,2.576720925783203,2.5782952907646037,2.9047403004999155,2.6369851104477133,2.6509062164611588,2.558910489978884,2.8032218220520138,3.4673669739843462,3.662128083907182,4.0925288748576145,3.450654042438256,3.4422822475398975,3.307739026465167,3.551753576116816,2.33543618350349,2.6295765176395123,3.0296705518932923,3.1255866151648823,2.9945045488033633,3.0144945084568437,4.071681634181422,3.292053762887102,3.0752122152979138,2.76087622129905,2.336622131591497,3.037903063618924,3.459375548255755,3.533490702011199,2.6434376565189734,2.6593148350823475,2.5195848396755967,2.771666831009766,2.805645610534817,2.822128910519181,2.9569989097748475,2.682383158826061,3.337414309311815,2.7274235159374864,3.105985307083692,2.7370399587555156,2.6496326138061455,2.9550015330675117,2.9865762951914445,3.138114190758937,3.1355632336798953,3.056286704481134,4.00907202403512,4.012157905483345,2.7174892131413113,2.569010644375793,2.6715498775185167,2.582948396291111,2.6667903868443514,2.387455354437504,2.9094693586273577,2.888583275098612,3.1718253388142585,2.637638723424587,2.7683364120937184,3.03930409573042,3.1092915875192166,3.7587512861825116,3.637139296871893,2.773985439471678,3.01230124081195,3.0131515134101834,3.002592398444014,3.375519771160417,3.1723469390222077,2.8324276497898526,3.233035348875108,2.83854523556351,2.63190660111947,2.970393795327118,3.777398839850855,3.072003199450963,3.002904064924944,3.0284043189327865,3.3766298381468283,2.5210133404743247,4.020691814348165,4.055012380204264,3.836325639748238,2.959797425573669,2.679867495525791,2.9302725001503847,2.346009682550054,2.3850072368554978,2.7130633106274735,2.633747942250253,2.5965580423907655,3.137077080708583,2.6791520397830024,NA
May 2010,3.249219353293728,2.662130496100887,2.770737780591351,2.5691872013084365,2.4712951335515085,2.4024137705518305,2.778343924996965,2.8285806712437016,2.734118532992037,3.195970853641031,3.078143151479561,2.3842416477041204,2.404788919485774,2.591278367372978,2.5174928433495207,2.555731721980595,3.2201468773190847,3.243385290129801,3.15064996208073,2.6603933264072617,2.600587224523482,4.087049238735407,3.179761909609979,3.2968157685437856,3.2960404607459473,3.543812481339363,3.017618664487019,3.125448919179766,2.7947708526586235,3.049132191594012,2.7698262769323314,2.551430535342887,2.5647420667770477,2.846839840652401,2.6301484294380533,2.874833030008378,3.263753403912219,3.162123961776986,3.1553568232257843,3.0938766133429714,3.050168586461405,3.205389867930784,3.143523118396406,3.229119700504743,2.8546115306042,2.692943684253409,3.0564641135450032,3.3282344440965326,2.8732024080830936,2.771907510709884,2.4384551556798106,2.5929227779437936,2.924946713489857,2.650975314195259,2.650066757266435,2.5427283153105815,2.7986951775179367,3.6263606039944913,3.6629464391384103,4.157624793695071,3.4660063688190696,3.4486348600282906,3.2939980820400314,3.554844769882629,2.419770378071322,2.7053809400864135,3.0853035271898683,3.1611059711825287,2.9759363390630216,3.0618821269482797,4.049589361286572,3.3098542380231923,3.0594357633273126,2.877949228360881,2.288472666151861,2.9677791431758815,3.5019489551534253,3.582507542862564,2.6860688449297645,2.667718759905424,2.472446786912547,2.7895436864080025,2.8449370827290967,2.8361527774574236,2.930136910104296,2.82933724202536,3.366237152372878,2.7165198002263238,3.0065208881657846,2.7413968524423473,2.6981337644083263,3.0123527055602453,2.969136506105545,3.191205826076826,3.1589252447215608,3.0097047177114247,4.087141178764832,4.178340671555805,2.6411225781447967,2.52979589572897,2.6534026412826996,2.575301716723442,2.6708266223508024,2.4273514087455954,2.9065785350426263,2.8728045360150913,3.2676300480580713,2.604216049446578,2.8390777752947063,3.0368952216478258,3.11901229191813,3.6810990842615428,3.665468975382381,2.8031417354311596,3.012648712135401,3.0461075673039493,3.0402120944903532,3.369626378625269,3.188623845984177,2.8904310090494936,3.24517521117262,2.82537231532563,2.698030426333871,2.9992257053726648,3.741971656839118,3.0396704923285696,3.071845509092255,3.043356192785424,3.3752220361796215,2.4563164722318023,3.9844583290411535,4.13653585624019,3.8765747769636354,2.956346473358481,2.591782053935192,3.001665708168199,2.3048500847203024,2.360974328690495,2.759183666136837,2.5689490699906465,2.6336686237936426,3.141295691703517,2.6591664518914238,NA
Jun 2010,3.282234104366906,2.6888464066419258,2.819365494652152,2.6711245802574264,2.454444227595222,2.5001469342337566,2.7611761642609807,2.8214327462290343,2.7971766813004653,3.2186284251298733,3.0839807434409647,2.456911071241152,2.3509314998153465,2.658487240602921,2.5820413554243684,2.430431697152459,3.25265803949966,3.248530941907174,3.1177166836632795,2.658108708636804,2.6283395132551837,4.1443160535779615,3.1614741926557057,3.303783557746228,3.3391966413990444,3.5505053528686457,2.9832142194440947,3.0654794824653107,2.891960081973265,3.111675029881218,2.7948597293620128,2.49126692357535,2.5329181128679785,2.905097529546908,2.6832172347594057,2.8192666521325593,3.2907477718344773,3.208806093493357,3.1345655402944335,3.113054370395859,3.0924700695002176,3.2448620179980994,3.204039916041314,3.221097963515729,2.8725583722305372,2.6497457159278084,3.090571117040569,3.337422375121719,2.8257975608852854,2.8141351640241763,2.5069815425628126,2.58819636637084,2.959395467149255,2.672072768619434,2.677660156005147,2.5993359855449967,2.8114298774792643,3.6189541226383297,3.6603994992873066,4.202758891695281,3.4968622661019153,3.487352822228767,3.3145357483330016,3.565961483522772,2.4372305415255497,2.7083978068081733,3.0829162052190786,3.181686888379868,3.0250618893554306,3.046486883988583,4.0775015503717915,3.3504096028409758,3.098431442610141,2.8659243890946176,2.4632200752234463,3.093481637863731,3.516972543562628,3.5811301669377245,2.6955647609907114,2.5951331868023892,2.454941104926795,2.774514406800449,2.867427964805533,2.851880815920454,2.961664960593329,2.7632413759588825,3.4636691699713897,2.7483108197991446,2.9284625914578752,2.744481877805954,2.7033527853784265,3.0289331726770885,3.0178270332557533,3.166273893854523,3.168650465362148,3.04390728164365,4.132312597604883,4.2762224915531295,2.711848229069023,2.580397344121304,2.7621320931826054,2.601345127438886,2.7255594487472115,2.4283467195154085,2.9465984094008006,2.901364696988139,3.273713857112451,2.6426725050793722,2.797811630457942,3.0747244930752533,3.1828502555501688,3.68605133454644,3.7044692032339146,2.773241233438332,2.9794280330511334,3.079524201018719,2.9191140170897993,3.4494272121639344,3.180363024668126,2.89686101333941,3.2555751213296205,2.8701510145675284,2.690124407034198,3.0331019295374975,3.846986746691582,3.0499813713860635,3.0559033075731294,3.0238938542959843,3.402668357782855,2.5464346976640795,3.965675625821865,4.139507869083789,3.8139757038568747,2.968369729392845,2.5721364206398314,2.9391372922041117,2.370878556518,2.3755242898665734,2.8110507070505264,2.59464925086553,2.6297432562987786,3.1821305689303028,2.697440533158132,NA
Jul 2010,3.301997335444149,2.694658497329059,2.801127377637068,2.5971710403260464,2.48998074596231,2.455547821158938,2.743076730022594,2.830965949369217,2.8280315799212215,3.238902262603655,3.1218837692777774,2.3802677118573494,2.386082145809034,2.682481788289784,2.5770635196206744,2.515290627895623,3.2975638407661574,3.270111114362323,3.1459599645841747,2.6154255651159937,2.590178165773383,4.068439552669595,3.1520453828392982,3.3322577290913715,3.3356922226309482,3.5554012491652993,2.9404690045253696,3.02017105776414,2.852597766606546,3.1169970731346943,2.831937989552547,2.545458189761002,2.497886417476085,2.8827320918668846,2.66130924891186,2.9109535925939,3.3383264446972203,3.206179110857184,3.1913084578418105,3.104127848707228,3.089264530554588,3.2919450226084477,3.1885508501145017,3.2503803570760197,2.9357437413978174,2.7183305699898095,3.1260126597667384,3.3700295256141817,2.872986377808772,2.80193456780445,2.5378861921153217,2.5167295855286054,2.959099128194341,2.661670173315484,2.6942469411503063,2.5885939633489548,2.788657340756135,3.665026109241042,3.6816427123630944,4.112929773448432,3.449940534259667,3.525726293925044,3.3138736167040785,3.6032764082278916,2.3829571527408095,2.6373584960298673,3.092596779903358,3.1787414769667626,3.0426736942330446,3.0773454589245834,3.9276408977149675,3.3663946508904448,3.1613972764707685,2.8416952861083873,2.3511634566346906,3.0548483306450045,3.5201386247464237,3.6094007656974956,2.7590349671044776,2.72811755463555,2.4528919172945773,2.732157008966827,2.8531708882050215,2.8756244155706865,2.9867359655972217,2.8427346280800676,3.515883093767447,2.713720295844172,3.062147086451623,2.7240030863614186,2.711367331973486,2.9827596023613583,3.0430487166968994,3.1932373166235557,3.123666141580874,3.002428729106892,4.137630160200252,4.10873469491338,2.695881583994044,2.5490043731332013,2.6847064860657035,2.593431445539185,2.7064258311408538,2.434815265503177,2.948805726755823,2.9112445095805746,3.2521560147699837,2.602575984232305,2.7923454214538976,3.08416687630047,3.186185282531294,3.713556169241596,3.727661671576429,2.837616617152588,3.022858546426268,3.1136024302856655,2.998200541761994,3.3878965855981065,3.1958233441678576,2.9834571688798417,3.275047657721757,2.8453496137979233,2.765658166906501,3.0103641528778127,3.8419075476856293,3.0449929887478113,3.072197389811946,2.9927558434047583,3.3497910535801125,2.494848184196438,4.077774698228569,4.156151535237785,3.895281859747625,2.9424050310356225,2.674937543675269,3.0215286852142444,2.3365188676442457,2.3633549537611747,2.715558537474647,2.6236421134394097,2.574792952260908,3.1799965577354614,2.686023366132306,NA
Aug 2010,3.3068598372981546,2.712797684074048,2.8361249495826577,2.6749284791769226,2.5080793759570597,2.4971441951071425,2.757196158742783,2.817160463773938,2.811338104525301,3.2396079988549653,3.097575160958953,2.3773386747575613,2.4738488439769126,2.6581122370599877,2.578694551121336,2.5161700888095173,3.2793274492058084,3.2690492594556506,3.1687607687231196,2.689808875866844,2.5947774260247516,4.137680512423155,3.1341365224366182,3.3397888115566534,3.322490328542977,3.5772182082915958,2.9844809548313984,3.032459862100805,2.8205092527354108,3.101026749753149,2.793267399234888,2.5185303195465223,2.5160391741187715,2.874273201423826,2.7079364627703146,2.9159297490444356,3.336083451240933,3.2325053625008877,3.2031395711339927,3.085557331772531,3.0988113817473866,3.2965721978058165,3.246677834587223,3.278826454052243,2.8266887885617873,2.7504035245771625,3.0968669501731894,3.378278670911608,2.8197955188550097,2.8280215798968094,2.5409039141471794,2.5757539820394952,2.9398548266944013,2.638675545955162,2.6521244281255494,2.6111380868583223,2.794545733596844,3.6374199699863388,3.706524938329201,4.185072838971502,3.4228781513364153,3.520656984976323,3.332664061169827,3.5926626414933835,2.313469420466308,2.723846725328897,3.0876491376276425,3.1941239179948098,3.0117515265409804,3.094250309496263,4.13224024259422,3.3826959481582555,3.1259118223614037,2.878355651017572,2.3250742888308538,3.04033221394214,3.532566446587331,3.6781777970702696,2.7042581938218015,2.5747083008054257,2.4808271449900174,2.7361604386700904,2.8804808066541336,2.8526155971626257,2.9632996562698852,2.6727541716895944,3.338539707227851,2.761276514995246,2.901704254779578,2.7773921844153113,2.711593667699686,2.9127392935716903,3.0333018300332695,3.220938295696743,3.147425105158847,3.095129048530949,4.145128309335903,4.211942492611571,2.6965254570707238,2.492901835914515,2.689196484281969,2.6126496915435857,2.6832918834412314,2.4219205252078018,2.9521845855695843,2.894266142941297,3.2750797162474194,2.641901780124801,2.862350412236158,3.0827808282879143,3.1318939314196306,3.8222817282624657,3.6764178469914572,2.7972877731681405,2.9638146191002663,3.095418388527558,2.937302997057747,3.4983862164525688,3.207396906585478,2.8420563715972476,3.285855735534791,2.8054894167362927,2.7474780045512612,3.050198984319396,3.837315903939731,3.0657474257975545,3.062177296146008,3.0121751401890418,3.350776765066542,2.5119605437886854,4.128266872304765,4.160813006021411,3.9072778252752105,2.959232112464359,2.5474399978199345,2.8866397328883346,2.3592442110653677,2.3673204373378924,2.777951104498326,2.6083348903185395,2.575655349164629,3.1713928047257043,2.6457916395707084,NA
Sep 2010,3.315997911585498,2.735428746932209,2.8236790119185007,2.605386017115607,2.489925136848786,2.4332421957650006,2.7633641600963648,2.8705913948365795,2.765948838875714,3.2316186238759284,3.1135084782622617,2.407364704685246,2.3366715089839647,2.6125349912007008,2.530893452966725,2.5350688427806296,3.258119706029039,3.2634395743330815,3.14085490895341,2.619627475666426,2.610300985259407,4.114631201206061,3.1804552634553467,3.3526932611153906,3.350876081702431,3.549766776055192,2.9957193341740433,3.0197508812261944,2.820614080829895,3.1010002925760056,2.8153411679329063,2.541316456651119,2.565143087342112,2.8866626570961613,2.5708003861446875,2.911431850826909,3.317132088732563,3.2415177680216574,3.2198450730791186,3.0918773118232226,3.100498000370914,3.345978191394808,3.1845471711341626,3.2733304975418442,2.8800700225443565,2.64284522656212,3.0738469869345417,3.3582424157919704,2.797441175784438,2.787060696648578,2.5220904855473383,2.546598559363732,2.935494900681086,2.6736310426835956,2.6690330879556243,2.600865796066582,2.786831594152707,3.6388568491847333,3.6528355648592696,4.140105270805567,3.519312940234012,3.560702355917414,3.3189379907832235,3.622464299420314,2.328652951888396,2.738352113857394,3.102704442301061,3.182444100949852,3.0426981540193085,3.0599007767291053,4.043868472442232,3.4341824750271535,3.1257976326223886,2.8505721471900505,2.3873466005995896,3.0147255229944,3.5358589772374622,3.6252376134136735,2.776034050950207,2.6756098510292885,2.42599965344027,2.7494208864525045,2.9739349589152053,2.858532961092094,3.030522225963041,2.7239196684153337,3.400716125713139,2.764669210613567,3.0263059198589657,2.79116501860831,2.7244362277821903,3.0134702353234464,3.027436596413849,3.2309532495989854,3.1852305575051236,3.006200857613845,4.176266893771502,4.085484653519917,2.733956593235991,2.460398829298031,2.7410011036489066,2.61797534307888,2.650528529236156,2.362570310485922,2.978757101186043,2.872123871854064,3.3078407072863873,2.658684788209466,2.7327323705171085,3.042807968244341,3.174592747567091,3.8118505181031073,3.6973270792254107,2.83775967140644,3.0344529804747333,3.1350232501827002,2.9536691726343185,3.5106004187744357,3.2216113061689775,2.9261767834621453,3.2824095107085554,2.9013984377370443,2.697049039399335,2.999766915112317,3.882534829499178,3.019271133352083,3.081730476137076,2.9599155894720557,3.392170342081238,2.564550637883343,4.0535467670507135,4.129161884376352,3.924623569907622,2.943769061014567,2.5812500216287315,2.8753611812228383,2.3720899557966906,2.380946017646681,2.744002781291726,2.6052872690644335,2.516317213726446,3.077776066427058,2.6862860482123945,NA
Oct 2010,3.3040433832677345,2.693320356033773,2.815491682397277,2.626982011883809,2.532988995382413,2.508388139363146,2.7473682958596073,2.8349799449238535,2.755500982341189,3.229248356470763,3.0826137018781288,2.3608908000349285,2.3773780323386617,2.6354669807244546,2.5293760616389087,2.4913588688430996,3.227814436991536,3.1987697013869396,3.144207467740691,2.6593445530567235,2.5747781160553496,4.0717781363107814,3.1778119727913117,3.324119698998741,3.3902327190440777,3.569997246756815,2.971814127061344,3.1038983605634956,2.8099180580304326,3.106871102114605,2.7612351170768847,2.4688090051723965,2.4836134851023184,2.879820057010957,2.6518875982051098,2.9133948673998464,3.3586597080631404,3.204182630646403,3.1771887290885807,3.080430177493844,3.1226926023249444,3.264756993014072,3.1955822707089174,3.2574338412723196,2.8660154325357587,2.7087218119860945,3.083057554295056,3.356422871271922,2.72728352131053,2.742474519177235,2.4681404239452673,2.5899212630647472,2.9198610475762115,2.6062867982135653,2.639048429765491,2.512472971263751,2.7656452772271205,3.587353313132735,3.7093945094781224,4.115008153196148,3.532558145559589,3.5679618847987493,3.31261360950176,3.5511934944229018,2.3083415476093627,2.6301269263108593,3.065862327459349,3.1603939849608955,2.9850396242953683,3.078120834491935,4.174814888049407,3.37500979215693,3.1017766777578024,2.831369881647753,2.3500081567512203,3.073481208552723,3.532955501036485,3.5700209002204613,2.724705949177351,2.5437380774908593,2.457724746229716,2.83845755276222,2.920402835304572,2.844314762129645,2.9815463026879914,2.786062485540532,3.4292483341269517,2.7182118307795338,3.0083502408177845,2.765147761806268,2.6544883795601977,2.9608009899862546,2.992922695512674,3.170974733365975,3.1252333526554192,3.021016307883817,4.205892207088926,4.185012098942439,2.6454762263467573,2.531350090335161,2.6866957453851494,2.5650273176283536,2.6758809706397675,2.383182233309906,2.9016650693071155,2.924055531538966,3.2435044847363583,2.6208112688744993,2.683654018860202,3.1145023826073173,3.1778213240221627,3.8142429410845806,3.7799099036412187,2.8154189481017178,2.957126694127404,3.0719760982276467,2.8814564930342157,3.412354918761549,3.1932170930376005,2.9298056612255743,3.3301187648853547,2.8648676846477845,2.644911515187497,3.022678803916599,3.83883989211789,3.0506672591616977,3.059383149376914,3.0744049770120383,3.2937549584050676,2.494910978109867,4.0368772336158445,4.0710582332734875,3.8302155126428876,2.875794956956772,2.6667820972718848,2.852778041011205,2.3259428018392505,2.3556885719093965,2.6792053935142954,2.600185424773242,2.518789919891363,3.1630587759858404,2.6396027116671297,NA
Nov 2010,3.296847581315001,2.686364746533831,2.7699980346372874,2.6346711251549424,2.4292746090720554,2.478548690489269,2.750946432576549,2.8135665075504197,2.7650274611454084,3.1930831254838767,3.0718143175631987,2.407878135589287,2.3487240541787333,2.5887202784386827,2.5144416063109514,2.4369785771551635,3.2630002002126832,3.2158740346059127,3.1514474782950157,2.6524518392469654,2.599108747028361,4.075063948148161,3.157861942215744,3.273372079187737,3.3578278004471658,3.4803747341580613,3.0268122659538075,2.9978892365666323,2.724623680030854,3.079949281561014,2.729295436520969,2.498194721617227,2.486113119349661,2.9186516073092448,2.668500546128132,2.7934290966717557,3.29617652271095,3.190428590658884,3.138996844228116,3.081873341298767,3.0714949191533987,3.2158792918550447,3.1728492940359247,3.1881609729363833,2.8383176528242995,2.7139209023130952,3.0505234601156093,3.291587387440875,2.8434967975382444,2.7737563536648637,2.507696161892687,2.557941375303354,2.962691777730898,2.6156730882727306,2.6745881502887374,2.551523841510583,2.797597161411066,3.5744718305830676,3.7217668523351497,4.143767816054009,3.3864750815110907,3.533133270314283,3.3108108980979245,3.5734967778115156,2.1986910282016057,2.690272273543743,2.9984280550238203,3.1547717964544546,3.0228777543713163,3.038332448585623,4.102116864543454,3.3822072513233112,3.1263402777444895,2.8244284736547858,2.281887960584888,3.0095668027137616,3.498390280816339,3.6059615517775496,2.6772455360810907,2.5547420455505536,2.3425764719342346,2.6696224163177047,2.94701459649679,2.8473788835631098,3.0396591362824372,2.7981360774171145,3.357240553083262,2.702016110528225,3.032619484094104,2.740147176301332,2.690902339014947,2.9268369805963266,2.9604586612350388,3.190794137818332,3.132285427215343,2.9544617846814507,4.176991625217887,4.120112616508555,2.660532011531293,2.490848513121581,2.661719286450564,2.5346705951243744,2.5903188837555526,2.3859211002333907,2.8994571172513597,2.830756158895632,3.2222154305351105,2.558690577433506,2.75777376069915,3.0827976146376437,3.1102579919668085,3.7777802641468075,3.6423499989026826,2.742022128033999,2.927788961971883,3.041624192708022,2.891717483886385,3.420085716758895,3.1710206618663945,2.8890191228792337,3.267214826896505,2.804867138910381,2.588365697252374,2.9069271563504486,3.8051760348278396,3.0475407834549952,3.051008703687642,2.9540513497929917,3.358810012078596,2.4885982998301195,4.072571932379668,4.092606848740392,3.87708895537313,2.85655139414466,2.5830671165228964,2.90015513548638,2.284614933679437,2.3912337067125717,2.634800250373536,2.6219910166218483,2.5835359981994976,3.1579573769042253,2.6801615555456664,NA
Dec 2010,3.263694625018425,2.7130675711814525,2.783769951816105,2.5978334658825863,2.434229361034253,2.4382076483445334,2.7412607702414262,2.8337894529859353,2.708465116250348,3.1972389839930475,3.0868641732549893,2.4065199002705002,2.2958275330400593,2.573236279157144,2.4856068888304668,2.4157379935063297,3.2093500386214253,3.2199749910467315,3.1544392073429615,2.6583892450246727,2.5488594259997823,4.013725500963374,3.144922499577755,3.285808570114165,3.3282087933155853,3.453444067235221,2.911175843421942,3.028891418476751,2.735380636871665,3.0469390212051475,2.740007071877514,2.532112747890665,2.478342368951565,2.8331759098807963,2.632759599518536,2.826084419892589,3.2665806216112734,3.1884068349238355,3.168131067719653,3.0359829646383556,3.045341917390133,3.25356929468589,3.1387719423080167,3.181334880486723,2.821203674573969,2.707367579268008,3.054716142384507,3.267580895980808,2.8659425314186744,2.739981831670642,2.4880902621778858,2.4980818323556,2.9237344470789846,2.5865213446708,2.6587355887948125,2.546058274960164,2.73539303366721,3.599363313567355,3.650458788925434,4.143198027333098,3.458829433631338,3.5513781113628933,3.2863208566625133,3.5116125766938997,2.2852671325511307,2.61396359317869,3.031544979755306,3.15340146184206,2.952619653916643,3.044787965766659,4.12117191930026,3.3548303538304816,3.110954606429801,2.789106348088424,2.3434350181315207,2.9760465392379483,3.466923526153222,3.6610217870236466,2.7578416105661465,2.5879241350323587,2.4145589025849046,2.780476537886797,2.9318970499467123,2.8437018873895523,3.0464581573002234,2.726667296823734,3.3555582609932304,2.6975355490796344,2.9236080074766226,2.7055178153336956,2.686237832065094,2.9225606035281015,3.0233828243828222,3.1810729628383094,3.1312172315942086,3.0258098971813596,4.1786192381918426,4.059128526211624,2.703655689922485,2.5111080683000484,2.6802757850635173,2.526642858297335,2.62389055962106,2.3696996192098014,2.9012958101146475,2.829135140449748,3.2076678463981074,2.6145879266214718,2.753261557820371,3.0025356549419873,3.114347111032791,3.8231010260965466,3.6666170721244407,2.6594795983707673,2.919465984792309,3.099512901824808,2.8943074360828596,3.4163265943443366,3.1889487945682373,2.9343764561576893,3.273561408938819,2.7963811027375285,2.618764942853993,3.016165489690868,3.810202830507292,2.998875248326162,3.0118442312154596,2.973574364886592,3.3338073061184543,2.4668086126780837,4.005697043361268,4.148833994662761,3.871984547010305,2.8973882434284177,2.7270042532671903,2.8344640845080464,2.345656719466179,2.351483046388005,2.688937040778955,2.614935525127434,2.509386248858608,3.1551578717043096,2.5992871159836626,NA
Jan 2011,3.305969851137095,2.6608085441978253,2.798590150523441,2.591701059648142,2.357359785633567,2.3311399638683232,2.7354123130760644,2.798891747286805,2.628407174970805,3.161751059363316,3.049369976059684,2.2561260736720583,2.271281273881142,2.501731943445534,2.5027807807438145,2.4391788243381023,3.175684242580913,3.1933035405431176,3.111899933865166,2.588544888795289,2.5464732186795636,4.017495040641244,3.093063690895956,3.1792305662949554,3.32493548845825,3.45535350088038,2.900594537030815,2.9938593486852234,2.8114116616816913,3.0273867377682877,2.7105500823511344,2.363027142846532,2.443524401956587,2.7561139091956357,2.6281023475007115,2.861028732745351,3.3309477035240773,3.182936130762347,3.1248928791842516,3.0417009803157655,3.0167863085799103,3.21570849823004,3.1332870344286454,3.181360971220288,2.800482881690945,2.6452170764091134,3.0159419086044554,3.340907002936841,2.7932087806836896,2.7449336024509274,2.3947357349186804,2.5010896749982257,2.829124063123167,2.6043112844456333,2.6239949095406634,2.437070401901598,2.7651595047530573,3.669559479051124,3.697276631981132,4.183677451381684,3.4709477051155657,3.49246713454361,3.224435043468431,3.5412590791766894,2.354605011469553,2.5673901090762468,2.981115845656959,3.149016684019768,2.9153839775359427,3.0002879864446443,4.256708633199757,3.3297458757057465,3.058067706818539,2.88320384692966,2.1924711624789968,3.031613843963398,3.5140691468597147,3.608500001145831,2.6197949562394784,2.6213144865313254,2.40560534883211,2.795918233918576,2.85444092359772,2.810317023719495,2.8798175276604603,2.7420663313005846,3.515169370775304,2.67301845703841,3.0043361620894284,2.7300804575195095,2.65706480124101,2.927947981399731,2.967537360732523,3.1695232944031235,3.0749959163759506,3.0032393086567857,4.2020693948252985,4.109565499802167,2.6440979350660743,2.4294026218255835,2.6711872721569385,2.481460366531204,2.6220125311604785,2.3749662344771583,2.881091991762736,2.9327379281540917,3.174600124315169,2.6495328472912942,2.7046137349388624,3.0250707873805,3.0802427371930596,3.7972349551663336,3.728831657430981,2.703172553062115,2.9738186602905445,2.982614828600979,2.902308488630566,3.3501658854747616,3.13837679120057,2.858932377574401,3.251293035128925,2.754802267874252,2.6016563722628914,2.937510792536484,3.83315800753244,2.987364166255257,3.031047031187867,2.961351917300602,3.3762670037559754,2.449919511739575,3.982904795525502,4.137615591466502,3.8239203160735693,2.9355598556295877,2.570644439696463,2.857730627935399,2.3300901958697926,2.288140525388353,2.760512384314719,2.560004930047272,2.6253547322481663,3.056714854282702,2.581953624061214,NA
Feb 2011,3.258992764847801,2.67723547331403,2.7558066909191994,2.5643491772099782,2.4839089098352254,2.408462677091999,2.74432205185667,2.774930148333984,2.6938438882077675,3.12778876694506,2.9945440334393916,2.362412693665929,2.3949196183948445,2.4976407141938584,2.4977007460132543,2.4868940014982988,3.1660375177484004,3.1466931762276817,3.1412856901110926,2.50612834217866,2.507615508826746,3.9953362742536447,3.1131926026160817,3.224712605352087,3.267852199381027,3.455811814614878,2.9324561346796467,3.031301472501176,2.7326236192841065,3.037239367786772,2.746537418207547,2.5180038497210777,2.46498350603223,2.883592930828366,2.6532547784266076,2.8317956720245756,3.2988388243956295,3.1474201771262544,3.1191252943612398,3.0500065956790374,3.017529969356127,3.1845306294342945,3.112264375221268,3.155836146274629,2.8030635148588026,2.629495729646678,2.961145871782553,3.3152396509564146,2.754448144237452,2.764149826495103,2.419502239654439,2.553627839023645,2.940316842558219,2.6065688323717446,2.6274414861345625,2.495827746665396,2.6852457588555367,3.561764964791658,3.7796564154197805,4.13789211822321,3.3612051554252713,3.477356209814518,3.2400057102836026,3.522530279650543,2.295810187473983,2.561808100713699,2.9873742900868105,3.138443933203562,2.93438247438943,3.0283090888623474,4.269467630465048,3.3199328641410872,3.128852706700897,2.7838903811635105,2.2937315070636775,2.957227177160903,3.426087983835284,3.5511951201163194,2.712971106834369,2.4841150498939615,2.446298877360753,2.7481364851027834,2.897508789417696,2.829480514929229,2.9600490743601444,2.756818073476729,3.327862512793603,2.653272557743583,2.934408373857514,2.6518370080444167,2.6288004774009646,2.9041473973596634,2.9086387934526114,3.222041648179759,3.1484728459441897,2.981362774498698,4.250657378958733,4.276613153672759,2.6105959479004848,2.433778655011053,2.5934624272168927,2.525529151452879,2.687222668289931,2.321714465256087,2.8619686013321686,2.796143428800509,3.221837081571209,2.6168128498007195,2.7166486435489423,3.018680614457081,3.0955009711497485,3.8811446986802407,3.6325158796252355,2.6646596960246924,2.8805953658907817,3.031058522192297,2.914850181130483,3.3179013403145197,3.0561886328083414,2.8993630598017526,3.1693087981332764,2.744769019082639,2.6131622771990077,2.973027538794689,3.892853405380513,2.87118922818574,3.0089292396194747,2.9513163046596156,3.2571965552609967,2.4283482384514254,3.992339703876103,4.028213199097862,3.8904196723458653,2.874213899832623,2.6084598756572523,2.7890861445820025,2.1791034026078653,2.2748064907456853,2.7722642960747055,2.5498911206519423,2.4310453552133566,3.146566137072425,2.5441726727092027,NA
Mar 2011,3.245614735905077,2.630392745296409,2.742854505247792,2.536589536223603,2.4397971796638607,2.405865061316705,2.670116180187996,2.7607120386813864,2.737405215538354,3.1383284151092545,2.9731539134924545,2.3429506000568505,2.338734953250516,2.5302810756088303,2.4381023780491096,2.3754393195075196,3.1767462094341763,3.197628109427406,3.1399525450364805,2.552553230267108,2.534125610580286,3.975075803674973,3.068461060805665,3.28564066500079,3.2631478538080967,3.459967024653074,2.957904439844137,3.018116661879513,2.732520812801723,3.0304564002888785,2.7460125847227923,2.4786225710180774,2.4955699388119514,2.831790511247298,2.616918709009449,2.84176587799559,3.226101398270573,3.1776838478065863,3.133643406512554,3.0371230212256735,3.0695187172470133,3.1533174905887553,3.1511325588411103,3.1210860449909736,2.776325262974525,2.6901889016889178,3.0125851263572683,3.2860540451670763,2.782840824901568,2.759055521308964,2.5024474218734274,2.669547490539076,2.8035629198207883,2.5725560102750396,2.578914325337202,2.4667586769846688,2.745425978152793,3.6033816843043005,3.6777310145948463,4.115405776017842,3.4581034852820474,3.4871145247549147,3.247757845880471,3.487909495431026,2.218782644506314,2.5523554950033134,2.9425905572884794,3.1330647511326597,2.9850660659411905,3.002286712840384,4.030128760692972,3.30907529409835,3.0302795846610606,2.8132621383972904,2.318866879559186,2.99937919395256,3.4686751979823294,3.620626577726631,2.5142557314178755,2.5501270647872456,2.3831321940692254,2.85413428186164,2.9413161479380627,2.8201147763510446,2.950776676568939,2.7325502540639905,3.3757858473450297,2.617257780487799,2.9275572790668267,2.7125342220874513,2.676564856177444,2.8764215185292117,2.9329305215718793,3.166310789347606,3.0613196688608135,2.991969362238724,4.17147229284583,4.173906215526974,2.6078587696050954,2.4780302906185825,2.572952772584592,2.510637201122916,2.581855110568817,2.334790923640966,2.8845391125163493,2.818394305641385,3.190282189200318,2.575241054898294,2.7185441295311046,3.0325071709504887,3.035762081007179,3.814682156387885,3.727725487694385,2.694039075422196,2.8804879194230506,3.0620038980642725,2.9518887876706366,3.2784692661567125,3.0781547090287065,2.9383414239623256,3.1914537316516167,2.7334840187795417,2.5468454300691725,2.901496082791523,3.7517435640158956,2.997811572810257,3.0053936072672283,2.963659675205302,3.315752959340413,2.415302088523331,4.084859012673822,4.172215475192029,3.960088313783202,2.8781824728034167,2.6060035916937183,2.949445542636357,2.292671335300139,2.3392022756550173,2.750811516031335,2.504720992565873,2.5138771772236845,3.1036939022691734,2.5837623188464938,NA
Apr 2011,3.2570322917704537,2.620003047173256,2.734755939731463,2.520367810200272,2.3981528914558274,2.3900518980260936,2.7163090896851045,2.787708735538078,2.7137919118958576,3.1531599033552067,3.069644708628924,2.375266393344712,2.3702502629126188,2.545514139644143,2.5119808107212225,2.3183165532312224,3.23058482492884,3.15111673819683,3.1180616377370978,2.5437923490080636,2.5340103197371304,4.03648663182151,3.1351754607753444,3.2497765841179285,3.3125741348224236,3.4394023292801914,2.935748725513706,3.023011076760697,2.701306514598854,3.039073219043479,2.758751699561908,2.496064908624027,2.4568816399135716,2.7977001781578417,2.625450970099733,2.8779396536052064,3.3069313588830065,3.0923502372941556,3.1161787948443243,3.0275402386779366,3.0470567530096067,3.1854874496611174,3.1840664502378844,3.1297762204931048,2.739483294398551,2.6096060069913527,3.0339287694495956,3.3278383381162224,2.8024607409553153,2.762787661315316,2.4268182987004203,2.569987331198094,2.8996560454534066,2.602870408849291,2.6528294050594976,2.4832870146876775,2.7383663064132615,3.5590040930500475,3.682002668184409,4.215080277376686,3.4515827039881595,3.5151692874742735,3.2663344799974534,3.5242016715997404,2.2372375294234064,2.5792241100738384,3.000753742680932,3.120246265177211,2.9733930006218006,3.0296191142983053,4.171116624604603,3.3731580302462625,3.110684906756223,2.7879344158134556,2.2642243293942848,2.9801809908585852,3.4968178645197523,3.5776975585893385,2.594659666999618,2.501311626565698,2.3731953197705127,2.7314368535296953,2.9021170634290776,2.8176745812641117,2.923044759176929,2.657861504341848,3.4560634559150163,2.6988606405345137,2.985332661865253,2.728523388490926,2.616623598725134,2.8456426344435917,2.9206913746394068,3.1327648416172993,3.089097985980439,3.043396112055204,4.194893219104821,4.211295411421921,2.6455777985340383,2.496814264684624,2.6443137470984186,2.55439291457657,2.631078700254144,2.37748547016245,2.8818265859230663,2.786034905781619,3.213085576744813,2.569803670296259,2.6815312003695317,2.9963516596641737,3.0624350645503244,3.9649958553254527,3.7589099516158018,2.7261547813691474,2.9197379334123985,3.0458320865414925,2.9615202894563746,3.388987073281687,3.1344575320040677,2.901793470806422,3.2704430949022445,2.752008396114075,2.5549098308548794,2.9623694728264955,3.8824397114806284,2.9432977210773323,3.0339252069634264,2.941369409342395,3.284178356590968,2.433984235817251,4.075315193467875,4.141017176110269,4.0245870663436785,2.8308565894368036,2.661940798604305,2.9442504665591054,2.320107866507936,2.333230690884669,2.7537145298403454,2.54288816485858,2.5556519537556417,3.093539338754945,2.5872047263838356,NA
May 2011,3.288663087363012,2.5931727531586275,2.7344265810033206,2.5370337441755906,2.455319967980514,2.516863752972655,2.7202347691248527,2.7954001896935945,2.7587851394601572,3.1600795747837895,3.0356084773063134,2.360623983912544,2.2765579628348807,2.56123539405832,2.445828808432446,2.522649084067281,3.159051200618395,3.2246258798002074,3.117488385998636,2.5440479275511896,2.5822975027519144,4.0073608195135355,3.143344688586112,3.264766335317046,3.3286805150667513,3.4520111242733162,2.963784259814725,2.9633633482460153,2.7361703202384176,3.047220412814765,2.7258789864759554,2.4917478019676684,2.4626762311601467,2.80051024536507,2.624074592520471,2.8463184300700477,3.305526161234157,3.151708514725584,3.138162337031206,3.020303868177908,3.0227019637006785,3.2668600950239055,3.1192504693889727,3.1642949622462004,2.795530985056096,2.6450215830243944,3.111927879566618,3.3137733471666997,2.7787887660398534,2.767860742634149,2.4161092768715027,2.623175822003664,2.837409453273322,2.6054677370104447,2.6567535373069617,2.5054155108272576,2.7502118978612087,3.570896901876923,3.6989940532861967,4.225183274178769,3.4339436112555775,3.5014246624415497,3.26177988569499,3.5148688522083544,2.274120388745604,2.6341716694646253,2.996129168817607,3.152773573631972,2.9532586828330216,3.0200730220378325,4.200214475412146,3.407874352001452,3.0835404638386286,2.8356965532023612,2.2141132709315694,2.996590587116304,3.5032323954924607,3.586210879931492,2.589217455945143,2.565756766471544,2.388483170807192,2.7303771915757076,2.976822647649696,2.85131691015145,2.946661057412023,2.7329333155931734,3.541872904415489,2.6900219939615653,2.975857202588301,2.6941986856695297,2.6488597647921415,2.9081482398385106,2.897242474426512,3.1701849745512547,3.068026063958602,3.039706922603626,4.153948850131808,4.3098831115778165,2.6552129252426293,2.391969666353349,2.6968483623326853,2.507960221528541,2.5924595184054477,2.3187099137524383,2.9174544073522526,2.8697283525373307,3.232913974132468,2.5671656148379,2.752389997898816,2.99284375681454,3.113241674309509,3.88278955962697,3.626129587508296,2.7468151205231814,2.9345629728611162,3.0284141695356643,2.9360132199641944,3.335783004366783,3.1513125597230522,2.9682253169913335,3.255214305947728,2.849424823368196,2.6874169789483284,2.9396395957156307,3.883571182235095,2.9261337413992017,3.0065034664601087,2.9543544181868184,3.3659854511301055,2.4270991632221794,4.136172956875356,4.1626883652274955,4.005481356058635,2.9024798182207117,2.5067665270584407,2.892981799815796,2.32400218707034,2.3031904833983328,2.6772604246425744,2.545737822602285,2.5129492327463896,3.1528407668849248,2.575563167120408,NA
Jun 2011,3.3022177252502107,2.62338196834724,2.790848807852256,2.568870834264307,2.474782347365402,2.443882345277741,2.713891994863889,2.8024653838505014,2.719442395086847,3.167621756170867,3.026202326164231,2.265933699921403,2.2563306064026007,2.5425347741246638,2.537522054688726,2.4356210639154265,3.1785409841692394,3.1819622597874457,3.14686805763556,2.566483669914299,2.5007937559497315,4.042751530424935,3.1354171695028215,3.2584499372309943,3.302111105073154,3.521535872226579,2.9791353893695707,3.1226635593745113,2.735025995599114,3.072705072222896,2.716321246031496,2.3808270992668987,2.4258669546741736,2.8354592430033327,2.6682521875381457,2.757423332887852,3.2717420988517234,3.176051432807158,3.1660134399772017,3.0764423914156125,3.0569566931649343,3.1761510848722403,3.185528037136802,3.2001275283067137,2.788099439193982,2.6273830670568596,3.098437135631619,3.317939399676327,2.7590542250399275,2.7160430268548947,2.4081468105899932,2.622212297258031,2.8900616928263188,2.555635402924593,2.6325651536302104,2.484533777383947,2.736133583165822,3.611750029864325,3.776650771791273,4.23049178816042,3.523964057842405,3.5830925841535186,3.255373251706818,3.5165330946168005,2.296447158064331,2.5617861230254277,3.014335466517094,3.161743519796714,3.026289319250252,3.0547341329824107,4.264305648704924,3.3545013952313503,3.091902706176926,2.8202714520004615,2.2626074294620446,3.0354695660112014,3.4689336553031214,3.660638192643549,2.602351681985546,2.545483097493009,2.409615851770562,2.7356811494642246,2.9699544243557447,2.8113217629280802,2.9251539523849135,2.707501242893169,3.5951207951953017,2.6517319157183854,2.98752153296382,2.6998544172160526,2.622884979891112,2.863885482463569,2.98505524981215,3.199362980244997,3.0631539783960444,2.9847378961690016,4.269800122580908,4.330196312217087,2.6528776968376193,2.460218598650676,2.6754903381868034,2.5340307131903734,2.6442992400318466,2.349602963560125,2.895832731193157,2.7998284347827025,3.2219535294417105,2.56606996098956,2.706062965202235,3.0672537232597463,3.0968029761885822,3.947120313338745,3.7850631153412357,2.7233478687620094,2.9481004997449904,3.055315980398809,2.9666379216008147,3.3402651345028653,3.212324625910421,3.0005277530049037,3.253919427207766,2.766275613847979,2.670044309409602,2.923627347060875,3.887795090304285,2.9898154288144583,3.040898515825082,3.0032864744086045,3.2889974920253215,2.4119098185958467,4.159867229664114,4.302386260621442,4.0901064213086435,2.900719307553848,2.5806492421118397,2.863446910839553,2.24120940018794,2.33377030105253,2.818659694025736,2.538910948819247,2.5282587458322574,3.093110732607832,2.6177585255198172,NA
Jul 2011,3.292308163795879,2.6331712199147383,2.7493301307728197,2.526023563694338,2.44618979408358,2.4592198965670415,2.705335306480179,2.818384153863008,2.701677008350485,3.2103270172655876,3.0600408895318103,2.3140362645991823,2.3882390437389005,2.530334852246883,2.4709035073764105,2.433730011567141,3.2215069925408084,3.1888765362991243,3.157236334014467,2.538768743330519,2.51608697891048,4.1048131461717245,3.1402571410332274,3.2876139279679455,3.3908141920389236,3.48843276597803,2.912765870183168,3.0718644836260913,2.6798489199975286,3.079887958716977,2.7645263483470224,2.4194290294526533,2.492563030886879,2.8317798271869017,2.6170003784735933,2.8722094038941983,3.2641559078979268,3.1895872470968736,3.1701808408456373,3.065927616550862,3.073503751332392,3.176128084781183,3.1738051536945653,3.137357208162659,2.8856904314805334,2.689658606446628,3.029189079025837,3.365553570543591,2.7624493084112767,2.7695606230458334,2.44174266983742,2.575582465462793,2.908736244358404,2.56089148580719,2.5780351099384347,2.5222894010515162,2.7484933877801554,3.644761866684038,3.7432586786598745,4.272898751094145,3.520651185909311,3.5702548981317017,3.2880641074120174,3.5695210358316216,2.2869523766123296,2.567802029959721,3.040174918424134,3.179086477779579,2.99955531730448,3.07564541842037,4.3971455060112685,3.4321994456475613,3.1474389602097546,2.800054050777547,2.2682040389676366,3.039827963734137,3.5536862234890965,3.6697085160328595,2.610087739521752,2.5536602902193057,2.432766504917828,2.682782279604725,2.9449826139044406,2.782134721425097,2.8976426808381865,2.7030190073388156,3.4524874838495387,2.6462336303063148,3.0507370954242465,2.6944835523738253,2.623055621202314,2.909372104480101,2.956533937927464,3.219679432878492,3.0739851785935053,2.9137146877055278,4.296015519179504,4.37346868046824,2.6128988896213796,2.4183892479560263,2.632641588965995,2.468736116118975,2.665781550424845,2.4198882883873107,2.889181207718096,2.8555093765544055,3.229385289889531,2.6184915631135626,2.7134285538613048,2.9793876274226183,3.0740997776848134,4.082330912131711,3.720550448872384,2.7088906716977474,2.9235691985396333,3.0641176715934395,2.9654523290657515,3.372277367256518,3.1876192083506925,2.946446111908082,3.2543389073184485,2.7707105526448816,2.6324917381417565,2.8781123139066946,3.8785629143921847,2.979550530411095,3.0569875162596505,2.992148215958706,3.3203188157052415,2.4835787288829256,4.233592764129667,4.286682331118494,4.1109083079818864,2.8783464485019628,2.5503994693215937,2.9302721105716163,2.183067061611651,2.2955174580372537,2.6711078744790395,2.5706469351057253,2.5056838788049465,3.1261602123836227,2.6097142985822934,NA
Aug 2011,3.301221093780481,2.663589555427829,2.7621143669067485,2.4639404923816612,2.3799155048584635,2.367471266420841,2.729101529341382,2.8188816903432614,2.664591941058374,3.183001078062123,3.0475499355594997,2.3253653534669247,2.2491643021953767,2.508511279526868,2.5326429826213728,2.4544598504556823,3.1916544460972482,3.1690335421956384,3.1632752615110262,2.5557787173419677,2.490540088615048,4.105903688543237,3.1043523852781756,3.2673112106817235,3.3884587758956437,3.4779804230283005,2.90267270703104,3.030717321577329,2.7518970770744082,3.0724554998553604,2.759273903523791,2.430192675731569,2.559292606484392,2.751277418653927,2.6481572485606852,2.8020076255484625,3.297558475104588,3.1353662107444324,3.1851157706452633,3.082705061228465,3.0873558168514568,3.231207438657801,3.2001271891324876,3.1671569416540475,2.807741232314165,2.674071934830689,3.0356469864635267,3.3465076396939675,2.807868323996192,2.7251765289062195,2.380058181659041,2.712663661883985,2.896157047516398,2.56404766082034,2.6081472727443233,2.4881088946296077,2.7729914267982827,3.6569662923875206,3.8054265821300657,4.363976913919666,3.541597955735886,3.6269781177048017,3.2548780597973357,3.52030964760074,2.2013250652486294,2.59286721382244,3.028038894098782,3.2101790528563825,2.9867749169711177,3.045658711839418,4.225446083292829,3.4310156465584503,3.0961294239581707,2.783417505347348,2.218751798514808,3.044804256593232,3.603996330179206,3.6919063744926808,2.611446513303244,2.4577659025969067,2.375964474392321,2.716635828516525,2.9922620067207704,2.8414721074662306,2.8795789188532757,2.7613452111105357,3.312989387378796,2.651329344275989,2.9761142330443775,2.694045670618817,2.6224016378340376,2.853543585473741,2.968035521377017,3.1950781554032965,3.0629308581194175,2.995930083940821,4.329890950961991,4.314545574702999,2.6532821922329286,2.4563664188083876,2.6851708805819916,2.5414028439989815,2.6264021673100433,2.4120096405007456,2.9045708219068196,2.831765648305801,3.2715244960231957,2.563056062249546,2.7344359165319947,3.0161168981309983,3.1128157455105057,4.000570253251672,3.768003083512224,2.709109623995108,2.928131855192375,3.0316132940230953,2.9252720611113294,3.3535025273381,3.1543383074114817,2.9353298056328407,3.246058233189847,2.786615263953646,2.561210631561478,2.9665581257306814,3.941839192723997,3.0150550238007714,3.0564388541859855,2.9915939582817472,3.399576370294378,2.402691924855213,4.195104466148444,4.254882513278727,4.068072588828327,2.7987071854870282,2.628183362965436,2.851503061085083,2.307364077656612,2.277581225525875,2.69445633530975,2.6292711565597298,2.5515800627618113,3.1307933930531386,2.600669158415721,NA
Sep 2011,3.290126337132817,2.656303649887526,2.7931017129422426,2.438649162858457,2.4191992447031825,2.394190513892093,2.7134231366797605,2.8252583863732417,2.7603045621403606,3.1597668343047776,3.0170909539155844,2.3086348196225694,2.4453181808269617,2.5714700641994,2.485928892285538,2.4404976839413797,3.181763414146964,3.188597030790443,3.1495111905401965,2.56187386236058,2.505835499328781,4.105970718668665,3.123014498165877,3.3084634624220257,3.3900577487189802,3.4686701411257035,2.9290370134655825,3.0251358965879476,2.7369060404515557,3.076129347339909,2.768153675928057,2.4520042504145674,2.359250148221016,2.786359585754247,2.5919152747696437,2.879684892371607,3.2691484587469963,3.161965226693924,3.143124666035781,3.0858361823222236,3.040755608727896,3.2133065061638058,3.208108105019073,3.1608139536598,2.844394844220475,2.6825648054317295,3.0228794618898394,3.3696509830398105,2.773599602302575,2.7475361029968,2.400588291626577,2.6735469103320084,2.886040397320386,2.608386357056211,2.626321142358045,2.4579373263988633,2.729559438559944,3.678567502850967,3.7545951241699864,4.240559460380483,3.509078884427056,3.6659106259663203,3.2710215683843296,3.5388436607686815,2.1326127227470435,2.616380564877766,3.0165394226101676,3.1690131321878443,2.973821943782158,3.052094322110624,4.226964805820529,3.339095947044557,3.092269986539575,2.8560208093628523,2.2599090262905963,3.022472070897058,3.570709949710958,3.725945102573586,2.5527718082147977,2.561521205099942,2.3518304119610143,2.765947071619633,2.970037581479588,2.8175625423364368,2.9390552951806406,2.687557404716378,3.396016374066949,2.640690857465584,2.9269601019195286,2.716595023799034,2.5940718479580056,2.8845018472355504,2.8867606576866147,3.1740903705781096,3.12266222865806,2.986032290872236,4.343878897190235,4.420554604819492,2.6179336147943912,2.419706044409089,2.6432774809624573,2.5164000287058186,2.6585351088325764,2.356780306864057,2.913035895194853,2.82928538834019,3.241963462018002,2.5442010387476515,2.6509513541942433,3.0356959277985025,3.1172070838004338,4.211889346977331,3.845794498629544,2.681468734023905,2.950208269499756,3.0506980462440145,2.9458410962557666,3.3245533250331616,3.18063543423356,2.992518949357785,3.2662266126970563,2.781296169505796,2.589720682099712,2.8921021550780996,3.9309426279411723,2.967879031733457,3.0171851630478184,2.9359969432200703,3.344289993914041,2.4375970779844387,4.212723925506387,4.329334235908128,4.161002524814028,2.875533894235337,2.552768827383972,2.876347665821766,2.201840142244393,2.3021951765808057,2.6749234805442326,2.5170139136380487,2.616393721270933,3.1458263933350485,2.6040957579728454,NA
Oct 2011,3.2980662110063204,2.592524628617462,2.769326565203458,2.513641923632455,2.482043279237084,2.4233674345535,2.680904406892738,2.8133406433089228,2.7481510462623646,3.1418311787627555,3.0319227474222306,2.3526546443234815,2.316565983601787,2.5413028224248526,2.436017596841172,2.396481008782137,3.1919330265704264,3.2140398906982166,3.1285459631498442,2.5211363840172205,2.528479389612732,4.084314404920426,3.1049079190022515,3.3133129342887186,3.3955797350765184,3.5031235963375438,2.8634291332251207,3.0095891600007185,2.6654640047290754,3.0957061801674466,2.7657459688840533,2.459843298228132,2.4162814474455754,2.8220338950011072,2.581964303001063,2.815492844466043,3.320590477897954,3.1902053587038965,3.1782116682994963,3.058070854475768,3.0500151621831093,3.253510663824816,3.1652221194614034,3.1059938229383315,2.7762813695238475,2.6233399730231475,3.047836845915233,3.3074349054858097,2.7255620395068014,2.7305179222842453,2.387029630278145,2.6008010200892535,2.8588887346330902,2.5340340608688123,2.599391784882944,2.5155904073661888,2.7361207367537466,3.652054156567065,3.7921968408136952,4.129750059271944,3.470254097007859,3.6269888950819396,3.2688052543308945,3.516360851534966,2.2418598203154536,2.523378183774349,3.002543032601394,3.1786711264421164,3.023989432076289,3.0656985611169834,4.217877095109026,3.425994428657199,3.1205136005605274,2.848779446184812,2.2783037280351146,3.0018629527873846,3.5696205599771256,3.6361455964815423,2.5877920109089327,2.4445674961592925,2.3900605991462704,2.6653066380472588,2.9901405473551743,2.8184427311442404,2.914807957296052,2.726977908337809,3.418025269203935,2.655996526738877,3.037023660597698,2.690051165839846,2.614227085901037,2.9041807051264175,2.991287232230888,3.140871895215939,3.1197057043643692,3.007660887229824,4.314188403405572,4.381911881944867,2.588063581283315,2.394281022462501,2.6366697966500503,2.5046618638567084,2.6467008613966247,2.3506692178182775,2.8814556932880153,2.8603531108722224,3.2378017504327583,2.572621365805744,2.725698987243355,2.99589122465554,3.1253053749119672,3.9972734454624415,3.8310875674298863,2.7058892506936085,2.9335621082215897,3.0309932655378824,2.935166818526565,3.386333362169622,3.151131900880508,2.9722220380589017,3.2595854699636844,2.7786775561405066,2.5628926728629025,2.821910918354283,3.9090577756685683,2.972435083953381,3.039755305083805,2.9216857279725477,3.2436040682093346,2.4262881591069165,4.189328929787231,4.315471658362736,4.15941585352817,2.9253726727992033,2.5824258773225996,2.8893543649103273,2.2929367513783117,2.2826008840196708,2.6791569244663958,2.503721797729633,2.4779097834531147,3.114929671820016,2.590930560955473,NA
Nov 2011,3.2958325334725966,2.6325700896209328,2.7526063534842407,2.529203661620337,2.474947111810271,2.448289124462944,2.7239181533626793,2.8583705608143415,2.6873514059622705,3.2009475385921595,3.018296770997943,2.23536448909264,2.3949267814213284,2.578158571476279,2.4603049732367284,2.4335238558873207,3.2448406705048134,3.1931246449705144,3.1276144289701473,2.5204158126861356,2.5328846026608924,4.102819179312494,3.1093446032327043,3.3203411140579835,3.393207467622331,3.525640660908659,2.847333215170579,2.9961916488848765,2.7374398674388285,3.1141442350503215,2.77092650337996,2.481516916786736,2.5129461172333225,2.796220987470034,2.6008727289929943,2.7366526462325416,3.3054680260598035,3.1596123699844876,3.141722753750309,3.0609205589966946,3.052873625702243,3.2709622198839834,3.206018409048351,3.1361939987890057,2.844001202769957,2.677376673749514,3.035782259092147,3.3176921439149605,2.7745697663752953,2.7065606261570965,2.3689510889761163,2.5232952325034614,2.8806932114278254,2.5816631827460284,2.605418360241621,2.459960645752121,2.733036654022266,3.687067978163778,3.7516754476414667,4.320684510733969,3.4711231776300466,3.5659578676038852,3.25215144493558,3.505180998662759,2.2702693107692484,2.5517801786118324,3.041819849465876,3.161155950923551,2.997397928952034,3.050549716128942,4.248994298428643,3.415816575537604,3.0949949286610003,2.8365511719128285,2.2847877794111704,3.019947974188497,3.556455570665397,3.685607536700663,2.65969313831691,2.464272517745233,2.3944694148961654,2.6784310090277206,2.9587933131101463,2.8229117261717924,2.926100007985939,2.633614415331496,3.4074716892190504,2.6089634282478844,2.973720148037089,2.6743957612207114,2.625058983584393,2.862034633327401,2.897724473569916,3.2019352936496897,3.0859739084332385,2.9305961165016066,4.289738123208598,4.404032248698699,2.6075786300292267,2.461616366926093,2.652558169035301,2.519493290389009,2.5818207376056543,2.4126302226070973,2.931730882433543,2.81591296456833,3.274801683028464,2.5655615450674665,2.6965507358680747,3.030869237230077,3.105063604883745,4.047712852504673,3.840913150960911,2.6742105192879633,2.8991047725730943,3.072363291688318,2.9389943872459465,3.3928411784139545,3.1680095966250432,2.9356413597853273,3.2654189442925103,2.778417523579501,2.6051053585962913,2.8986990756058795,3.9102831328387153,2.9702738160046303,3.0121571342818654,2.979830788184628,3.3514522379506797,2.466752437601588,4.184283327039061,4.319256301343555,4.099537428802614,2.8301214056361585,2.550559904406689,2.7964859682379095,2.2115962414408252,2.252827525343561,2.6422598066245855,2.4955885266893953,2.4747372448302447,3.063447035680026,2.5939584230695294,NA
Dec 2011,3.3037558787186687,2.624298592019847,2.74759413224011,2.5243457732658148,2.3155443777543323,2.354069452360603,2.7030297101931717,2.8265084874959214,2.7154218921907325,3.1589065126017752,3.031639763581351,2.2710398657524165,2.3508412727328993,2.54928548058718,2.443253832781953,2.413765700904979,3.195882632219706,3.2138233064209922,3.1356841197854854,2.550434092930124,2.5257126721452754,4.15465747063883,3.1520945325247953,3.276787056415702,3.4355392381136096,3.478645102149087,2.8918025947516712,3.0259004039153083,2.721235538849666,3.0667026374290396,2.7789653054288705,2.4014828945295585,2.4046756896302055,2.836112473870753,2.6029517777546705,2.753129341478378,3.29396282798677,3.1558601009884844,3.196801695867907,3.0251701746879025,3.04379008521881,3.3203837093202635,3.176685648808958,3.1185943778592216,2.774005737023581,2.6550503799853984,3.06205473245208,3.316365825589628,2.8115074059944414,2.7363280514525177,2.405091711785113,2.5711680391405083,2.8109936062602374,2.574569735695237,2.5621735288976923,2.4217004564484577,2.7379826405407526,3.662125167149674,3.861774266308861,4.304759946125826,3.503738181053369,3.6752071119944376,3.220871069961391,3.5385276680452487,2.201420289755398,2.6205615380661467,3.034093292040305,3.1808246718681756,3.025980505569405,3.0558688602814876,4.456500098761224,3.4107770638998485,3.0923177363617977,2.772427447814337,2.322475850935828,3.042869066719032,3.590493832646699,3.7082996783027133,2.6494399909019797,2.5250065879968195,2.370938870931444,2.650184334251203,3.0140732410527837,2.802390187949934,2.8867149935930674,2.644693151478746,3.52895087058443,2.631889013051275,3.026695825382441,2.656318089707334,2.6104084233221534,2.8992515812821105,2.9524042742352523,3.1648321317376165,3.151306007157827,3.069363307063915,4.382366273356518,4.372322772311512,2.628024616612612,2.4490260325746744,2.647620301837653,2.530540477947188,2.641789949843963,2.3281606351485817,2.8806457754119905,2.813788419885471,3.249190611800072,2.574050783249366,2.7199084116259176,3.0079939257087336,3.158907927088693,4.209856814995124,3.8925049578260493,2.691151012385157,2.8795492751313883,3.0434471109167105,2.97304954558054,3.393679811906796,3.171086723371388,2.9681738806895543,3.22620917141049,2.7630791103671624,2.556636557665786,2.8563752502437425,3.9900532335950833,3.0531844989925827,3.017984691730076,2.9143378141070513,3.396847811315689,2.416346300361505,4.202950279912353,4.225563949011809,4.10800120054138,2.860844287458262,2.5964196883812565,2.8461828862480623,2.2776349601806687,2.3269611972777327,2.7402886478773896,2.528412266116633,2.5309888877022026,3.1430184643970502,2.6184839074821684,NA
Jan 2012,3.31677053513665,2.600733939193947,2.749350475455211,2.5895051026924567,2.4260259762446834,2.347939905204022,2.673638555033227,2.8179727204959275,2.7548557160255664,3.1915995130739008,3.0025119509395934,2.2473534054453026,2.4669979102235486,2.541282233798419,2.47004405348272,2.3111236260733325,3.2296343628242266,3.1429708038871893,3.138512109561759,2.491136358398391,2.4631687934226383,4.110263212785851,3.0962515263221033,3.2919593316763236,3.352769195098985,3.4701277879371903,2.8382152410849857,3.0056511822774232,2.6201981595687514,3.072314013188774,2.7340192372540435,2.4292946140601255,2.399568252394406,2.8809117504916504,2.624656199793938,2.857376216567975,3.2770752090416257,3.2071714292672335,3.134134325172767,3.0422836963908115,3.059480409389841,3.2675126183878973,3.171202405460466,3.13469218687757,2.790305188037395,2.573173128496825,3.032808197158632,3.339513034197049,2.7827706362547824,2.7018131820819553,2.312369281608574,2.628539710147412,2.87929402772716,2.513371577100818,2.6286743434712787,2.4611531050648834,2.7244729816686886,3.6042658884469327,3.8844140465640997,4.305993744962528,3.4673816247834814,3.5622907313862946,3.225951099219869,3.4755560477540994,2.1095509634362126,2.5814489146950144,3.0288194263247523,3.1648784574612336,2.97958072012295,3.073681026454378,4.383852664188989,3.4204354462831263,3.0594048682463377,2.7533483661157905,2.2518023022482425,3.017568418049862,3.5524363670225005,3.610752844442397,2.457249741439744,2.481057311734471,2.4001401057955976,2.6529192012390297,2.9803814829170006,2.8012193392486298,2.8749633822909644,2.6458144642685157,3.5191424735675385,2.6423887609068766,2.980054097548022,2.6528514114941455,2.5969445051795037,2.9123621160618045,2.927093810590329,3.1527013413619955,3.1302077991536903,3.047178116760158,4.37059667608157,4.521446199515371,2.572143045728486,2.4216908082458692,2.6532185447485075,2.4025958511275904,2.547093908183363,2.336198602691187,2.929364390409901,2.8222821731239813,3.2207622596448138,2.4971155225524795,2.608166235244997,2.9778801371005366,3.123685300200959,4.1241420394839094,3.811999476653373,2.7247369397944023,2.9332301621317516,3.023011319736257,2.97665688125751,3.3149614050966267,3.1602646142134074,2.9286329551531542,3.242964348700351,2.7050229824190786,2.505293089165167,2.822644764937421,3.9927699467537257,2.994192395452886,3.009490669875949,2.9377434090015826,3.296855945559314,2.4473111017406173,4.249533395361624,4.332824412057986,4.23995913416786,2.847374399574904,2.5690905625538147,2.9266940277457953,2.273849669181055,2.2400650436056306,2.662796260137887,2.4896150599790428,2.454257054328559,3.1049801390536973,2.581932481191554,NA
Feb 2012,3.3122226211148087,2.611155831837894,2.7457400240052547,2.465754901379727,2.3669504180650978,2.488029206995453,2.695347165104026,2.824978444159081,2.71979414037762,3.1999703817720913,3.0000473197910646,2.187682044119554,2.4067936110158894,2.5165135590897525,2.4261320183443895,2.4231108189486226,3.2336352885869184,3.151517363915822,3.1188662808935694,2.5617271389180183,2.413431038055656,4.133337433049568,3.1240790518484265,3.3237291535488627,3.368454358707941,3.4966404968915086,2.9290258992631135,2.9330403087700554,2.636948421793963,3.0743453863553256,2.7563322159805512,2.4068497037049013,2.4369546845352703,2.78697293150497,2.622411726049806,2.7286466716590234,3.302668209598843,3.186719441138947,3.212766742599583,3.0107170277247173,3.049011613884114,3.261702117353822,3.1842472659544696,3.087979573545244,2.7764616970487195,2.611066217284869,3.034526703682936,3.41361607070364,2.7492145405627286,2.7049925213631782,2.3483830132408317,2.4908708662727115,2.8476597544636704,2.538843622369956,2.573446031743645,2.4420515493800288,2.700409517824686,3.648613298780122,3.7952752454762217,4.3344009983791665,3.4637314541265365,3.7481625120203,3.2442996104894797,3.4982064580958268,2.186701538146114,2.5423269852116324,2.9841992799911328,3.1655097380248756,2.9675589482668463,3.053636043025119,4.461259510001957,3.457136887617582,3.1064893140471934,2.7634519139378337,2.2326299469268007,2.9623826544093816,3.543982288806007,3.690597145309604,2.6154461873854506,2.5115245989633403,2.354127302217038,2.698139498405617,3.032141709552023,2.7597796005036765,2.830051191777241,2.6996750099532294,3.489113664136525,2.592701710470858,3.011434574628201,2.6639112997525514,2.611473903896463,2.8683960598404927,2.9062188747092876,3.1859260285097806,3.108807082189584,3.0030975791736783,4.396173962093686,4.531631600150912,2.5518644049018495,2.4124601445812677,2.642208592963087,2.44652412116499,2.5436120551961507,2.4298972763425084,2.8455173819912205,2.8336505213240306,3.2704155595636353,2.4973199688190446,2.723149565171904,2.9616272762606908,3.1259228021660532,4.003049039706348,3.7657781663647087,2.754244629331445,2.8893724346038665,3.082400265063675,2.9819506312762907,3.278656344551624,3.1703646041426423,2.9167098626908574,3.237234916515604,2.7930494449375156,2.583021073411683,2.8596939703770268,4.009588000156469,2.9710192070394714,3.0228110307749754,2.8950486148354053,3.298990978931849,2.405551270180379,4.237742039435403,4.350223896758109,4.201563338546989,2.8020528101966438,2.6201765903461007,2.9712074343386394,2.2106960137311393,2.2551121194869497,2.7067773534467925,2.4268372273203296,2.566874840651936,3.079242648957115,2.5585681914770335,NA
Mar 2012,3.2900022632083257,2.6086467551577286,2.7689114739447094,2.500815351714155,2.4062959378105693,2.3651209294232416,2.690588109335004,2.8448065873711776,2.732641277041349,3.159545055892119,2.9959654182667115,2.2134017140733357,2.381846306668721,2.5011023965857877,2.4303667395613235,2.3855198598774665,3.2064562824600675,3.166241740567084,3.1274804657219533,2.5637800097355536,2.5091262121751026,4.1566930369765585,3.0708014218312436,3.2424518377553033,3.362733411614371,3.5313202894377502,2.8573292427852435,3.055769425817036,2.7195823010355595,3.1028038376351663,2.7682996501128305,2.4162519548180166,2.477295019102496,2.8091461723468605,2.579294264396997,2.779277459621162,3.243148188345773,3.170001133125284,3.1498586698870112,3.0033150422396657,3.025419296000183,3.2798154697579975,3.188289710073161,3.13351540233204,2.7881935008909022,2.7015394626906852,3.045022384680198,3.363988613501719,2.733903849941137,2.729864535781202,2.3273041309022733,2.6574139817266134,2.8422491448395033,2.5190743566767555,2.5916337266110787,2.373336282107202,2.744509759054672,3.6159150973171497,3.8147011740769776,4.379362667099594,3.5031237548044802,3.6679996884558785,3.234011853841356,3.490296773293096,2.242140393809867,2.5690299891575425,3.013567678362701,3.179561115389221,3.025340174296799,3.0538729049717404,4.414444551040553,3.365810269669802,3.0345873009562636,2.7758233415212255,2.2901156851942654,2.998068241685864,3.550792433732961,3.6923738290743504,2.5580900251830974,2.5529344585282114,2.376995455989968,2.726147970222779,3.0186729066385873,2.8229829987495343,2.905428231790868,2.6309458002770088,3.4769255770125533,2.628109899173498,3.0841734417909814,2.673285277084665,2.62339447791084,2.8583279467719818,2.966720249088241,3.2097550616250206,3.142716425022055,3.016847678192554,4.304540638733342,4.598108219565858,2.6126049852856648,2.3286554950930283,2.603426103950094,2.494068485987201,2.5678226707084537,2.3666347490732376,2.8863952441538334,2.8563772774322826,3.266219525659046,2.554410579443174,2.6400582455609167,2.971571718670998,3.1420048988404408,4.100412519057858,3.912158211497421,2.661779065633818,2.946323977817526,3.061193924795754,2.95899204353074,3.316281672309509,3.138999659917591,2.9874473959471493,3.2228804798633277,2.8248840954610497,2.6378887757712595,2.7287140718593963,3.9520739932829736,2.977746483560962,3.009438923563697,2.9418756243490773,3.4291951471370896,2.4062404351417825,4.267926348290137,4.416052786355584,4.191051406920183,2.8798392902710046,2.5227468201361285,2.899550106047838,2.26743971629261,2.260373304811976,2.6537843154867864,2.5420807984875697,2.5538854085757388,3.1541289085168684,2.589444452828224,NA
Apr 2012,3.3829122031862178,2.621240286884956,2.7829708524761236,2.476781981193649,2.4653240847092586,2.4342496091238055,2.6839332423192834,2.858151132917362,2.781476737707424,3.1967408908157124,3.0108451852456066,2.3121733549071273,2.3436855046421607,2.5355733140429257,2.4330721207189003,2.3749450716252496,3.2435234280618737,3.2049946826798594,3.152897269019874,2.4977853579084646,2.474386080103316,4.151284023548979,3.1132429185761965,3.282998461976572,3.4418187560698024,3.5377116827529558,2.882246141264463,2.9886186883605133,2.7023839323666246,3.0983960916177335,2.7839139289172556,2.430005959306068,2.4117426779754236,2.748991625641843,2.5687406287208088,2.807470680908227,3.297667382149002,3.2082859108796824,3.234548990520376,3.0455220259395985,3.084842222377326,3.326467075771325,3.2343549111158247,3.1919356569940156,2.7871919159058267,2.697999730321853,3.071921290701936,3.4131397979345888,2.810944343225806,2.7205496900162593,2.2870620092790124,2.638208730821786,2.865433711803317,2.5244825298120888,2.5726674011144133,2.3951445535164524,2.7171074108071913,3.7352276878686794,3.8507348382945974,4.4223591237721465,3.5561363681062037,3.6405947879292713,3.239613348389297,3.5778767852191558,2.182066704472005,2.5095703788307264,2.9984694345101,3.2547694827018914,3.0625635174467414,3.094569711898441,4.476186430879915,3.4601189857189034,3.1566237793711975,2.826789728355399,2.241262891526154,3.032336135915321,3.7062064347590913,3.7766697102451783,2.650582180557174,2.4753346700974275,2.363068127439085,2.688828075016326,3.028442523408372,2.8211074853825036,2.795861199746935,2.7031378958407286,3.4466902454616264,2.622652194191675,3.040482844472274,2.7104607646614944,2.6631471714161576,2.883154640883331,2.9441301123730166,3.1919701439516253,3.0650581126147074,3.0658115686440306,4.527824012858948,4.6957976761148394,2.660378591406731,2.4573169382995115,2.6208717845949714,2.4616972767276226,2.647249878061316,2.4069941077458,2.913515062633991,2.833524126367085,3.2778002259985235,2.613128380470706,2.6803934843606054,3.0017564484673502,3.1185037802648967,4.248340064555037,3.8921200846860686,2.7309913022030328,2.9333414525352923,3.0572707902996905,3.0169080781912734,3.3943930200474677,3.1752273767775194,2.9416536831555185,3.2499567119995,2.739464118223243,2.558545878057856,2.925161483624936,4.0304488580264595,2.981387861378807,3.004137639053245,2.976468262959657,3.3552876915777783,2.422697866935829,4.388980051317258,4.48571935907264,4.346699384457173,2.824304370380256,2.5581880617440165,2.9293209498308213,2.288741403618779,2.2659364768462087,2.7043044629723383,2.4891322806425547,2.5584291379205095,3.179969711725516,2.638670694754254,NA
May 2012,3.359150866649461,2.6439662837108613,2.7666381648907046,2.516298851770711,2.463294088555063,2.4614466589143147,2.710575966161016,2.8468139079088837,2.792030235046074,3.225983177349435,3.035062071260008,2.1754933957356672,2.372462922977524,2.537138726300669,2.458806980732677,2.371123072908819,3.290653668576446,3.22104059619279,3.172038499960065,2.526434809472752,2.4308902589438257,4.265994848658577,3.1620743223671375,3.320427207661522,3.4961723806171485,3.536240414729811,2.851609578339414,3.010273613610634,2.7339032994362507,3.1075345568925195,2.803666783953911,2.4044519370113098,2.509085611299628,2.748044730805016,2.620296156943851,2.7218765587432916,3.303216242767996,3.213821643714288,3.2262560557243014,3.048704324015961,3.0826874080885225,3.325288657351009,3.2216538544423283,3.1506892948859178,2.8390397667999956,2.6742738243918502,3.0857238382260306,3.4268968568951035,2.8171396001785607,2.7982359048669583,2.3638717971859,2.653866382422457,2.8560356289770663,2.5145474006594584,2.6201161884934177,2.3955720586794924,2.718711534954231,3.7957538205888324,3.842608705317638,4.470239989456835,3.540040618363404,3.6933444225263186,3.265616176486927,3.5332675334882233,2.215910065548257,2.5128305407925877,3.0868946270161395,3.2557111836607366,3.049417064176439,3.1056443866475956,4.394013729370481,3.444297057634837,3.1232048840930657,2.7922830171493,2.3048864729429717,2.988571960008301,3.7201567737318073,3.8440222449535084,2.5388859164744666,2.518253813922898,2.2978077698288755,2.7062247389130696,3.1097392416459884,2.8315979529378836,2.951656156209481,2.7483364805510204,3.5538276397838677,2.6494042584952138,3.0302936104378477,2.726052692740039,2.647585529510847,2.9104896156405675,2.9510564521696065,3.2321581598277414,3.141062895939101,3.0503963863491745,4.609566777503358,4.612712825446043,2.6010675710288615,2.4389875198233573,2.641774580618133,2.5022057932838377,2.6332668560593544,2.383579593552254,2.902926687596928,2.8875109993098587,3.314308709723947,2.513246681270215,2.727622759933177,3.0086185693248844,3.1341500414772763,4.344381377146947,3.9701343470618586,2.695552931351898,2.9540925629018977,3.054409136015884,2.954437576582055,3.3391611791179385,3.193080396823569,2.990919892743054,3.3371238810425226,2.7912902866703106,2.5861055856918846,2.9469348702458844,4.170882395978314,3.0225260351057135,3.0301818993765157,3.003289062151529,3.403570388863417,2.408047376159588,4.422084154460201,4.554785086949602,4.46124538701857,2.829471575589301,2.6312771210990107,2.9400867204008634,2.2603960862568693,2.3361577251510033,2.7175177971933944,2.5032289028910553,2.526958116776637,3.209142234929737,2.571035454614626,NA
Jun 2012,3.340305973054303,2.678904653598511,2.7825574966257105,2.5164860817680768,2.4123455207316447,2.407372869933335,2.7449650347862837,2.868685699694456,2.7344625338697566,3.254411452957677,3.061236989213204,2.32243684060928,2.4263923498499316,2.573679005625388,2.497654237079278,2.3580819136662963,3.252787769215108,3.174964929049842,3.173123404170783,2.5285259317986566,2.5622961008945886,4.251648420201551,3.1891320994740444,3.3590593811517975,3.502060682756795,3.57689462049759,2.834578542833481,2.987734595226302,2.7012292973979983,3.1493647056135528,2.738467040479761,2.455072549032722,2.492898561779925,2.807426959326003,2.616992026306604,2.7870143796078315,3.357374873372724,3.2018559951423353,3.3093457947879354,3.0856962091802074,3.0849674042525153,3.3253310902397284,3.280759160564948,3.1564251210374064,2.878630924893937,2.6360788097872585,3.044384429334147,3.487804584846689,2.7955271894130806,2.726300805019693,2.3687283082009554,2.5629300980997645,2.8871534556877014,2.51341454436126,2.6363834556409453,2.509685849508264,2.7356654752475373,3.749793877487463,3.8967599915487066,4.524365188885048,3.47780397133992,3.757948694497545,3.260861807276779,3.5508688020513444,2.2578664083784252,2.595616147825109,3.0810800232276394,3.257780962082158,3.0482508915083293,3.1222037164414287,4.447956731537671,3.493862956617584,3.1608774238646364,2.8238475716033156,2.247693464587053,3.0647253568504715,3.6629756596788954,3.8782994792307393,2.6140467827276233,2.548936005194479,2.307939424157189,2.6531809476868125,3.1121274856099936,2.8541059298137177,2.9841156778073716,2.6938667211607723,3.505931551506158,2.6591007437873375,3.0701052836980414,2.7123848021573926,2.6729395007021832,2.9278275450632307,3.0088681808986752,3.272163343960703,3.195906646934349,2.973008356535189,4.5562525102788625,4.720730156528424,2.6178663114295806,2.380815116169075,2.692606373975809,2.5165976784503723,2.5869785112285895,2.3591539175377374,2.944318221391595,2.9089109188290365,3.328861128933044,2.5814609000788566,2.711282782929255,3.0614458895891943,3.1627259285015996,4.636482181106884,4.0115186567354595,2.75331607252035,2.958983044955981,3.1051329346535588,2.9802506266852067,3.398021219090841,3.262594743108809,2.9939685016215245,3.2307362176277272,2.819227394244614,2.6085451529639694,2.868712477631397,4.161931006511058,3.026029974371209,3.086458270036318,2.9559045654217573,3.337705208205082,2.3705347682706224,4.431997341498378,4.583116105406552,4.478988950271253,2.8851479812156806,2.5586874914038096,2.8485443809604507,2.280851975003299,2.331428146345392,2.7201201741237218,2.5192586100045906,2.5386248335914097,3.1243981969530132,2.601664977353983,NA
Jul 2012,3.3840560363774568,2.615554650925573,2.791224815740069,2.544947573011492,2.386263316683488,2.425429914069861,2.734707196963099,2.873712772833325,2.7582156709469934,3.2092590400784635,3.045607402160261,2.284876088754618,2.3583114258482025,2.5265021586293956,2.436441183091294,2.3925791313461744,3.284114093049243,3.2127311673805483,3.168922928852956,2.476072702507065,2.5816078764941564,4.23483045737171,3.1383466286297494,3.330655114145953,3.5115522643525603,3.5280522318972514,2.902504176178319,2.9676548896656865,2.6335797264499528,3.132457593048259,2.8147359731863277,2.453093463788219,2.4939514068134323,2.7863058242964036,2.5709588340968357,2.7558796810526482,3.3004614367778466,3.2272163451017333,3.2499441128041098,3.0783894111319374,3.090750831654547,3.3030856794683614,3.2887949826893745,3.18275555465289,2.829283363184751,2.6734905156666176,3.085729372736263,3.4481540835941193,2.8069783050208073,2.7356780622418073,2.3199422379837573,2.5862767087654057,2.860871002308962,2.531957913152376,2.630259507598925,2.4154003814986034,2.7451394181062234,3.7903680568691547,3.927050545867316,4.465839636814043,3.537794851002233,3.6945745908586307,3.260395321386913,3.543074863388149,2.350957988840628,2.571366131125483,3.0541871503088065,3.319261066212468,3.0577967307071816,3.130009133086725,4.396966303155727,3.483399600836124,3.136762038926768,2.7941119113983843,2.248804657830867,3.043267790765949,3.713826272911396,3.8948938989492685,2.5260108201560256,2.3939211479004086,2.3240860592531014,2.615496810996881,3.045055871351031,2.844657393192733,2.9735573767567964,2.685901890408466,3.679252228352414,2.664290879425101,3.1048886729104845,2.6972195152041536,2.676719136570992,2.959027020019638,2.962200123297468,3.3168014722445665,3.1772714396426838,2.967829843004726,4.540018048218539,4.815146539298002,2.6196138712363886,2.4218592135966865,2.7060532378107234,2.508122291599712,2.6492662304293173,2.404386392665333,2.9720031021562483,2.8655277160228936,3.3392816426571383,2.5097759448398715,2.7100642731938196,3.031685980887865,3.1453299636189005,4.474638410280932,4.014107644013234,2.713241670597858,2.9654722004064338,3.04260594056476,2.9879190484658746,3.3968730536052485,3.245472654304193,3.064675393652112,3.3345643275754027,2.7838203371353476,2.5566733054334523,2.92761540666675,4.134980114306849,3.002676444275886,3.047073146837477,3.01932882297919,3.4594349363652985,2.409508275329212,4.543539253708432,4.618222891273695,4.462373645479243,2.8941923753746828,2.644923068790203,2.913835824980537,2.2643320945860688,2.325401603288251,2.676337498190326,2.438776229435456,2.5749808095308184,3.1679581130705192,2.5763514171457773,NA
Aug 2012,3.3846538634938708,2.6096170759028987,2.777054323908887,2.5308837942060087,2.370620183278646,2.411445152533854,2.6999980323224237,2.8686317301491755,2.765086345539581,3.24848416570097,3.0411064710733378,2.244659205524439,2.2870040018071074,2.5029632524322456,2.4615967299472503,2.3720788421067542,3.225183728929659,3.2318412754090473,3.191435461746896,2.5589868185415052,2.5090647699531705,4.269855822900866,3.174491025156685,3.3552112961672935,3.508149881421706,3.6191952811610433,2.8911268087420314,2.9913473329307263,2.6508539385550542,3.1420110562651757,2.7516491565845405,2.426683746067097,2.452534062771357,2.8228784640874434,2.6251690139859405,2.771507255892627,3.364511443551555,3.2610313992108866,3.2415604834106926,3.0954889508762755,3.086941082771955,3.3658571101362127,3.277180779764,3.181238130292385,2.8149946652108073,2.696121003507917,3.1020785568278506,3.465568723708639,2.7499808497353246,2.77862157820075,2.3370117907508012,2.581412361181373,2.8669014002788105,2.5074790277168004,2.6404601573991084,2.4154146619703063,2.761953576562007,3.7702969790561736,3.9551054745588305,4.649958892310887,3.5167875197542964,3.7542777537154235,3.2700051659161447,3.4911782833358185,2.188199403225084,2.5344495744092774,3.083018216286338,3.295284004842643,3.06114599069278,3.152031684849328,4.444795264377783,3.537052327146412,3.1547520194866405,2.788125275144511,2.2870271092927235,3.036854458413679,3.745673856853786,3.8687928387382553,2.598111844138415,2.461130879353831,2.321193777970055,2.694374009188599,3.033804566826287,2.828142663258709,2.948598614905514,2.6190138736102107,3.4709053715452396,2.622652389507914,2.997050003214257,2.7260584574432474,2.629461950437002,2.979132677065913,3.0040012351664913,3.325649702656753,3.1190543880940944,3.1021504280667043,4.67920856341645,4.742409014884241,2.6156914166298466,2.390731146777162,2.665354113801977,2.5169084804692057,2.671065255712406,2.3457006919135663,2.9214517068981225,2.893782285348525,3.3557876000412863,2.5582099155520215,2.7100338336161207,3.09294241219128,3.2186785980173807,4.455075416869281,3.9874842414968303,2.7033361777377887,2.9615554624848963,3.101293305520934,2.9613569112086884,3.3250326292756216,3.2242194200185876,3.058426703039629,3.387286916925526,2.7914556857167367,2.591395463770294,2.9096923135455137,4.138838745777133,3.016338770037112,3.0702483785441914,3.007139242464004,3.4161092423154553,2.4536428032859217,4.590614370709933,4.632902813209197,4.4632802309962205,2.8655417751777406,2.6052906274824474,2.8885872185650703,2.2798166136226556,2.2805309362308055,2.703112859152758,2.471253626640313,2.486103165822593,3.1597113633955294,2.5943193114071956,NA
Sep 2012,3.3993332295357392,2.6484949066437813,2.8043135899339604,2.54865089045211,2.4064044939713303,2.379559309805999,2.725343565302989,2.8470249695194436,2.768605758804205,3.248493310214635,3.024649555007458,2.2460602400558485,2.333762065880864,2.4878093173156834,2.454978444980663,2.381096941729694,3.228488388538102,3.222247244797247,3.1859001195883363,2.498512833478929,2.479595210557269,4.349147489462002,3.1526637705842377,3.384679353545688,3.4729351721901938,3.6040055703190688,2.8652622590843966,3.031724449928897,2.6336434745016195,3.1630070385936246,2.8095776574857227,2.374006262508591,2.502772231752886,2.8002113625875467,2.561411951208984,2.8652660409391473,3.3746627909168816,3.2768437753594073,3.2221546517667528,3.0633972855676,3.0983893560505105,3.3026427049651828,3.3211299122064695,3.176704810207481,2.8997249583740956,2.659151897764691,3.0761218370895693,3.451249700935891,2.766009850520987,2.739437611619361,2.369156887583377,2.616253397960815,2.8527315517853395,2.4967369116722242,2.592681815939881,2.419618108706742,2.732956791294523,3.7340842954096587,3.905176715964576,4.627512269611397,3.5207793642467586,3.75275545919138,3.318127259569978,3.518195119977521,2.267199143735996,2.5704923594910047,3.0492195545959526,3.283021668957439,3.0514900492991375,3.1455999962669896,4.509968263921223,3.5134929552439664,3.18169411497066,2.850630882445877,2.251178962719285,3.0596840784396817,3.7460775138564304,3.85290834810792,2.4658369762793297,2.5070928458528363,2.3325416100443586,2.64735137685756,3.115458866844747,2.8505593608467823,2.966702929870052,2.618612838372436,3.6153854544297253,2.6153967814877075,3.024500236049985,2.7304921614786726,2.6081214758563274,2.9395590384839343,2.9940813488358846,3.2399324682434516,3.1758469800453977,3.0779734841174453,4.719518144776059,4.738083605353867,2.6256739052614937,2.4261905272630737,2.672143203240855,2.55161353835201,2.727298142120236,2.3961488695237096,2.915673325877361,2.875820435710553,3.3590195235189335,2.637360094537381,2.714458203168588,3.0913760208002574,3.1886096878331442,4.529085152798174,4.045033903070069,2.762564013298231,2.9073518919232613,3.072690745205025,2.953009695151959,3.3902812586747335,3.2265905323970423,3.0356385552060807,3.365495460909139,2.806258001368051,2.607491770440719,2.822193187685242,4.2039706349785515,3.0450238559437377,3.0484948377258516,3.0069531245208814,3.420655479345673,2.447133504443737,4.507328512882187,4.623784478579461,4.4207690496875625,2.8574317961301436,2.647081509117075,2.8605824612704853,2.217573538997867,2.23258868369263,2.7045914903759884,2.506812245450058,2.5848390072482172,3.2364241709761585,2.600425875486147,NA
Oct 2012,3.3730355888303833,2.6216187531157433,2.772599780506168,2.533438709514424,2.3633160511133533,2.4585297634219185,2.698840211455566,2.8693256333517683,2.7300462393570215,3.2315161029119657,3.0146102107931356,2.2396205959980264,2.403110783722529,2.50788593159955,2.4561147916374133,2.32233850268086,3.2344398362377795,3.200250450549305,3.189752993016542,2.552411465441735,2.5376129430305343,4.266149368242211,3.1654257720769574,3.3267024906694846,3.473848135096945,3.5471152301718716,2.854491361014481,2.9009552575621074,2.7057035013556074,3.130486428429121,2.799311384391462,2.4512278793590245,2.469234190931317,2.810319874331359,2.5900975001196325,2.818640944832545,3.4036900716554,3.245726945065175,3.253414007533004,3.073020883772965,3.092913471575212,3.3398204257437643,3.2815611190350285,3.1673977802797424,2.8968298061851456,2.6793824746011308,3.0934366258642854,3.4500869473368754,2.7695529518200215,2.7430951006416553,2.3451797856962804,2.6362301802737043,2.850684463844513,2.55470686557952,2.5369058429353117,2.398284009742712,2.7416039018733938,3.8114143593510463,3.962236507880989,4.618176449718612,3.5616879398085595,3.798307189426837,3.286866655181381,3.5160942195820004,2.3112410141382425,2.583413863312872,3.054080263918445,3.276838553345359,3.096148676077536,3.16286629257915,4.493185784943624,3.5341372290505397,3.1293256385736252,2.7914081712561263,2.2940770558569774,2.9826857880684665,3.7349896629918713,3.907324981636364,2.5234134626586293,2.423496186589053,2.319975466128647,2.626385636459043,3.107765737084378,2.8245540005570904,2.952885543042468,2.6460679914948497,3.651805537431892,2.5903266492804318,3.1249283462275974,2.7195568174722493,2.619676073016462,2.955745929635862,2.954565793083261,3.2782632479133778,3.1486398760683265,3.048045030840704,4.684840895047632,4.77040232237237,2.5569506090911815,2.401749672469867,2.6773850754962907,2.54625984188834,2.6448126824535243,2.374017127079658,2.9307821690674705,2.8604987738070267,3.319893108289735,2.5182040940530754,2.6388203871309717,3.1139972594533223,3.1718397504065194,4.3785150671560045,4.079167717158122,2.7927686987508524,2.9727075360466855,3.055114218670286,3.023301630428317,3.2830011548584794,3.251835924896743,3.1144142974966327,3.363036323900416,2.833674912370901,2.5787376727247175,2.886475907665267,4.198695666690937,3.0242719573310293,3.062618696651634,3.0075182518247052,3.400268394577911,2.417908975686014,4.505919712426419,4.700185299087314,4.468697113281586,2.8416810609468404,2.618385307827542,2.8211729856803887,2.1766595701332245,2.219854902510635,2.7150328208574126,2.4938824160530624,2.5295829975330517,3.1426549913939277,2.593734034680448,NA
Nov 2012,3.3653473244922503,2.605539908913765,2.7978543988704123,2.5217028572661366,2.3964503109354522,2.504064654520835,2.7006492228132735,2.873313937685136,2.782986974388343,3.242889882722315,3.028345797023589,2.277357797730525,2.3536987238613936,2.477204393663315,2.4378261722345718,2.3428060665787807,3.2579781136103296,3.212223005086557,3.1990556253811624,2.50557721185773,2.4322158993780887,4.315943104522545,3.149888240757444,3.3746151279812073,3.4699142617496324,3.633867630814928,2.896619286521036,2.9246720417338348,2.600943257426009,3.1269347543291373,2.7771744732101724,2.398499130843643,2.488253702583248,2.774359964827013,2.628369358300475,2.723458234343929,3.366559993558363,3.264729650179386,3.2143322314667513,3.0540050786286894,3.076885238623223,3.387574104443271,3.2846051015522852,3.2124484119549663,2.8154719916056727,2.67280689044711,3.069309800375089,3.447434547469697,2.778519516140528,2.7128367980374994,2.3083257202078657,2.5774142758052396,2.84561795798547,2.5332688949671427,2.5488122039936134,2.4215720500832068,2.72844864411934,3.769125572012502,3.9503236037242173,4.610842160181179,3.5736931377189456,3.6981409441542126,3.272200413435992,3.5355281138656744,2.2787717114054558,2.506485934067168,3.057928840545559,3.2610768445606477,3.085907823622947,3.1417324109184688,4.575464598059613,3.5333257243767595,3.1601264816280787,2.8005545602201996,2.2680421270144846,3.0449046685840493,3.7283039279812953,3.898683915775942,2.5138878453344073,2.441730968800909,2.4033151414463227,2.6816722296092577,3.0568425631330802,2.82702159528463,2.9868723125339707,2.6574244828033144,3.6328521684900443,2.5931026431852806,3.0511939075024324,2.6880260666973115,2.6489609325298544,2.9622524920939832,2.995979916656379,3.2436924858209886,3.1984418183107226,2.982144991187178,4.69325843310423,4.887063942883578,2.6019007575869626,2.3842421566348784,2.665487261127749,2.53111890101688,2.6492514212164724,2.3768612267056586,2.954527788490356,2.853985253544351,3.387532297819046,2.535189208497286,2.6739022241388684,3.101744820968839,3.176565532533571,4.468132546946689,4.046480786229941,2.6555915944351125,2.9568606966743665,3.06818933271813,2.995487553339924,3.4191474343219266,3.2498363329910833,3.0387382754315806,3.3169799716649857,2.796885498379693,2.5909162569178683,2.823869742580972,4.217460308762307,3.0169312946720686,3.0667185009222604,3.019055336248403,3.4075931139786886,2.392321963993191,4.532333822074073,4.603093595269952,4.435959483628193,2.8819376661947222,2.5580753244676817,2.8513276269392,2.2661165970789816,2.2548346129788412,2.651143538315336,2.52187710836082,2.6025154061123428,3.171768325944446,2.6296154251045403,NA
Dec 2012,3.380906707781612,2.6057082702465033,2.815022400119914,2.434057114878644,2.329382215565292,2.567000055099257,2.6942457799123565,2.860574755248372,2.7083288118839706,3.217269311353405,3.0321304015970263,2.152984764959624,2.3914851525757705,2.513839523773695,2.458107619077439,2.333548114803263,3.2362816693746947,3.2031710764861288,3.186443726189949,2.4972270959980922,2.502628906022266,4.279356160115204,3.168399055024444,3.331487228558428,3.5349841477786073,3.613399700523854,2.8647811487088894,2.956420094205796,2.6746446714404937,3.1601460675679203,2.7957469446286742,2.4018944115046006,2.4243809741716875,2.778777538079277,2.5598577414165335,2.803115500581399,3.3236321056960554,3.2247653981459656,3.19646621546255,3.0540940082659778,3.079308311966381,3.3526893521181442,3.2883464919666925,3.1738795559394366,2.869997166002179,2.6900784007235554,3.0951620497345598,3.4541259836766915,2.7748119362368695,2.755622579459439,2.3333908642249286,2.690805664976604,2.8502117587752576,2.5026010213332808,2.616533954323934,2.401474381701143,2.7730450284195127,3.805870799531858,3.957838054026885,4.68128271156412,3.600947449438182,3.7519367545064117,3.2810307745344307,3.5136361237880878,2.264061484285059,2.633466415818109,3.0616954399705,3.288353109496326,3.0898256212812187,3.1524530885906152,4.6397181968205805,3.559952514010175,3.156594168265415,2.787388389027613,2.209299692863944,3.0394214804901716,3.804313816086473,3.9345022480843688,2.5319750666613428,2.479968541530717,2.2908692982281798,2.749156068375246,3.155818272470475,2.83460197360866,2.962484409398181,2.669276123960856,3.504015593599784,2.6043138117433644,3.074677792922229,2.701037686962147,2.6733728327628885,2.9807944792690635,3.009959323120299,3.298810649540179,3.2462558442016927,3.026173995824981,4.732730763647269,4.778489296167528,2.6131975721185086,2.3068938685918132,2.6974630742634575,2.498370126623937,2.6421722645674075,2.3779837993216795,2.958136686202434,2.878504671813162,3.37064242977918,2.5559706770758672,2.6911623397623985,3.0544932138181684,3.139446100413375,4.518842540939258,4.11933816787901,2.7064086196816803,2.980962297381328,3.0922867133889493,2.945485916216438,3.3582804954048413,3.298857268686864,3.0058196428976074,3.314438625266231,2.7885788150128485,2.6274236983308388,2.8254426154124364,4.25702824088085,3.0174881256431902,3.079760121642793,2.8799351875800094,3.423144308388624,2.391870459534739,4.646966581052336,4.6504109164637955,4.6232897379561315,2.881166688103233,2.628885264962882,2.870336995526273,2.2081076789707894,2.275334938384245,2.683396215747522,2.5402772006702024,2.496145706703141,3.185645278194502,2.6061474720307505,NA
Jan 2013,3.366989357421119,2.6733132195822353,2.7761869996695667,2.5177108412328084,2.3457796084889853,2.4910581935427105,2.7077285716637953,2.871973848801935,2.7565147083441404,3.201366541723932,3.023633049396909,2.242724642896462,2.4600960165143757,2.443892146810188,2.3976081747059212,2.3015034415522853,3.245760049140072,3.2154382625885884,3.17075175274447,2.3776671858033342,2.424995345130627,4.291571809852895,3.161133405278488,3.3433910720903275,3.5399747391019063,3.558108155339074,2.8522717299816382,2.8730836617766786,2.572960027252154,3.136225029648077,2.8153646886134496,2.4849004280117737,2.448185078521449,2.76720316390639,2.6235152171218745,2.7514665324637817,3.358290110005786,3.224722782880116,3.2885006534670294,3.0780821862101653,3.0804890886344602,3.4052845011863386,3.2899391388078523,3.155480869836633,2.776254492852238,2.624744996378664,3.1200638309937725,3.464261746005819,2.847630237462977,2.7517318889952165,2.330901726836677,2.6592892781067663,2.83855638602008,2.4925568241173157,2.5262384671478952,2.3974907950685997,2.7313860105370735,3.757258568775646,3.9949490870656983,4.572541127162326,3.579008600010886,3.8577230939450025,3.2744892396857233,3.517073523084281,2.339858599378251,2.478921296346517,3.080323411210361,3.3070052287748593,3.07218848778243,3.121042783862656,4.768207731586277,3.5840598728139197,3.222499571295267,2.838129378482356,2.2878419789164943,3.0524320145161186,3.7150679223371394,3.866143683114078,2.5245348785972355,2.437210799584639,2.3352851812217352,2.6993980747513273,3.0650797123185756,2.7716959903653753,2.828667028402666,2.7010168378949166,3.6278763470466253,2.5661661110247875,3.0805322771716046,2.685922083734826,2.643096917269708,3.00469540086443,2.9979414274290006,3.251552625913271,3.1747121233741846,3.124699249425349,4.5982044516856835,4.85826004734598,2.5662943805475633,2.396801235880229,2.6355735694475784,2.516069098461493,2.559522555378808,2.3617248996902767,2.9675122043822966,2.8579186977361997,3.3224318334001888,2.508505040840314,2.629463467093592,3.0007836717669685,3.146820706451926,4.372355427997946,4.024721274868842,2.706402587688979,2.938943214907537,3.0478676756572898,2.9691537275875564,3.288929858713394,3.2253366203309883,3.150758221096038,3.3375856994571973,2.8529353242533966,2.5153678639796855,2.873615058062733,4.200993021655377,3.0208516522547764,3.025364038734512,2.944942343134144,3.353377115073291,2.439637571587961,4.612448285810662,4.775438320037063,4.571208844304047,2.82538576187824,2.683334914472854,2.9315696062191874,2.145963351196296,2.2126856928389276,2.659451184332549,2.4893234388053456,2.460746541169796,3.1501468857783284,2.642654009175524,NA
Feb 2013,3.37786998821268,2.6323397327922478,2.790078698668349,2.4486913957016454,2.4269761724808605,2.441964172406607,2.703630656894251,2.907554443388703,2.7066535128620064,3.242469549152158,3.030206755848172,2.2234971686314084,2.386185513121929,2.5275428934924444,2.3960004171678704,2.3473213238530453,3.196320128455012,3.193118637590987,3.130837533537814,2.4917719904560647,2.485466812675929,4.329722187429163,3.193434407663231,3.3634011152185015,3.552510657692879,3.562417662355629,2.7901460143437444,3.014017197121307,2.6295285981436103,3.1622720777100244,2.76182574043307,2.406772878561291,2.4101164854672303,2.817543009189102,2.611053631715377,2.7443606580111384,3.3719595076266713,3.1799352533877863,3.230968791999045,3.008721077149945,3.1146703765558974,3.397726276918522,3.3025667919340687,3.1593821749605815,2.761106177345551,2.6152601886309204,3.145012787459532,3.5532069301523466,2.7769787182653234,2.7370291703303593,2.297757316480146,2.636180612968483,2.804841786675348,2.5164344401325693,2.533707306086605,2.4544476406681075,2.7243661445425795,3.758201608511282,3.9860340010797213,4.55442173910191,3.5842709917527316,3.850336601658485,3.2362685264763287,3.500095807338434,2.3068466564776995,2.5104142622796894,3.0843785133083985,3.308203070749291,3.063164793356641,3.1445230754140727,4.90337187110945,3.5190415876533567,3.0735799328320144,2.753461260411606,2.354321542242436,3.0132551000140015,3.766988728991502,3.895079152421533,2.409362290428735,2.4011360736959313,2.344745847522521,2.614482742804282,3.08966718361595,2.791195308366286,2.919129676603444,2.644680628379696,3.688432131716323,2.621915055618575,3.076654894314081,2.7574042511159416,2.610146296490322,2.96787489578077,3.019153396125763,3.2521848575178156,3.139224362563083,3.053167301011803,4.717738443287093,4.981466848486128,2.5848545901747046,2.2893141200935405,2.651564729714534,2.480965116568871,2.61817277123356,2.375457718785696,2.9678088493895065,2.8812776804158666,3.3466621697475927,2.5568703386724305,2.7278482145838434,3.036353902359195,3.2053863266061127,4.49310652915327,4.094600060592541,2.7359279419110405,2.9694134386577145,3.056112477734691,3.002488379704698,3.373450295466611,3.266327546588702,3.1294476146371157,3.3291738756361955,2.796647278263968,2.528902470022279,2.933943321835831,4.210294513284117,3.0404602592650822,3.0438191957586747,2.901587077288394,3.366314263985022,2.50104488500036,4.677739994711423,4.662038812260144,4.559422356285742,2.8374237091804693,2.684991499917991,2.890818374223307,2.1781243471823073,2.209895493268432,2.7336197379527922,2.3654820143099795,2.5058632972677493,3.21073842449475,2.617898531364952,NA
Mar 2013,3.407254152245659,2.6088516779527833,2.7935940673471067,2.497221673806065,2.3954291560140195,2.3711074264335905,2.698150204094948,2.855922393278821,2.756417450872591,3.2309407650747173,3.0580829046871143,2.1690471971765115,2.4239253717134317,2.4729963568839963,2.4336794351923796,2.412511067279792,3.2773269985453766,3.180944774998741,3.17047494824455,2.428365398603308,2.4885724694407196,4.331281618071021,3.1506950789532313,3.355911926384809,3.5868743702950794,3.665592125407282,2.870761363973221,2.9194214635752775,2.560075920628313,3.1667515101377712,2.77322917462918,2.427003566649689,2.3988824390220156,2.849711459690838,2.593467869910483,2.7506293402472632,3.392679759471079,3.2545155905035443,3.234664554156766,3.0706640380501864,3.081295941275243,3.440216771933644,3.28975621316346,3.2397998764783584,2.8866347605206117,2.656101544313735,3.087410218134915,3.4895252995944097,2.7838661830350286,2.724845392746558,2.3103809825157975,2.659287353068862,2.832020886216443,2.4836666238447465,2.605508630267761,2.4559377958761353,2.746363561460378,3.8492833517994507,3.977142971015824,4.578675045379952,3.5763126967214194,3.864961119692329,3.28390210701258,3.493611658324852,2.304776829137162,2.553411733416849,3.0690041441913847,3.307765182922952,3.062943389572771,3.157376079722744,4.736669581464596,3.579695350539653,3.1583827037782717,2.768271507125584,2.224089281626453,3.0344838388230415,3.887654161453757,4.038257191368896,2.4958631235041118,2.490200677463858,2.3532290332472448,2.665737110535376,3.161051459495738,2.8228511017134004,2.918405016696779,2.6920131142999493,3.6113887416989017,2.595057639704009,3.1423390399528364,2.702056956376288,2.592961360214164,2.9324450284092642,2.9945764298479434,3.251413437890363,3.2105694485187897,3.0942379923162364,4.742531768079666,4.9884661529654375,2.586126876636456,2.3766573996104694,2.6941206653185574,2.5240147825363572,2.6330343581985964,2.424563053498911,2.9650770042995873,2.89400773356858,3.337200126699611,2.470579623344639,2.6887245462345932,3.052963903838321,3.181344630806628,4.566932658593827,4.087584851277043,2.760394633328287,2.9199227649275867,3.114212912104248,3.012884777506088,3.330672654186042,3.2274696391453115,3.2390637964428874,3.411787894127454,2.7515900432014724,2.5128094107096537,2.8787465496300664,4.225376456776435,3.0775690084960465,3.0516019224001036,2.8881132288979363,3.475026699399518,2.398316301917884,4.690662364863864,4.906053201480431,4.57947800054234,2.884682377275126,2.6264685402058685,2.920758589655709,2.2133041695813342,2.1964936222566838,2.7553289864516746,2.4617274339279853,2.667605782736385,3.1588050710218996,2.648078046566075,NA
Apr 2013,3.417608485598901,2.6516610755149417,2.7880172018098834,2.5130076585559658,2.355116764858108,2.532218963035632,2.7374104440885336,2.9332273396006756,2.7106063221754293,3.282054978162384,3.039536386547474,2.2788745142734093,2.2884398378273625,2.527236151570706,2.454061540207632,2.3807876519843267,3.3161996853431677,3.1999359462543837,3.174078664573115,2.5046001300547083,2.4827990281129817,4.302881644041877,3.1983183170200107,3.4110247967824,3.533659652799873,3.593343546377139,2.85235182179306,2.9616581213499256,2.632831979793906,3.213901920480722,2.780051551011407,2.4440418673056215,2.4035004726591427,2.758240135187838,2.5194683086063496,2.8428877780962916,3.3470427726302168,3.2398631927862436,3.3086226655909465,3.0687806796613093,3.1081487799298944,3.44067021145323,3.339147835917024,3.206708906172087,2.8797958497754297,2.6621953980538167,3.1177796756867426,3.4983170862506574,2.807379865835608,2.7745420455593264,2.298274935651255,2.5804270861777323,2.8707239664436397,2.4951428758377845,2.622522497822902,2.435492556135731,2.745189859008468,3.8185055412126565,4.0828104140797,4.703765203831308,3.645514357134972,3.814234346615606,3.2938393274978592,3.5053511320373545,2.279705476454578,2.625485016145631,3.0981861360988643,3.323723022892909,3.084466310213075,3.1824658469659397,4.83890989292377,3.5389035098217674,3.2355622333232716,2.833801377882366,2.285884683389157,3.064804808375475,3.880345024618868,4.062282608386699,2.4806292690085354,2.455850793616662,2.3018510652840125,2.6370779961578514,3.168712302087694,2.836321214917725,2.9322097305068,2.663103758950274,3.698103283169845,2.6075093663024096,3.1298490123942964,2.7525446193681495,2.690005408178653,3.0146284511993513,3.0157796916711006,3.318373105576433,3.179002023364595,3.171764644305,4.862038966427676,5.028442467863335,2.62264312495302,2.344765956257807,2.6768470567239238,2.5218058286636973,2.6181531386632675,2.40689999424488,2.9365915304952908,2.940860570067063,3.3896788755434,2.563320890224967,2.6669078304057483,3.11895531623679,3.2297793926768317,4.629419375368256,4.202598347358814,2.7683099251677454,2.9390652872064558,3.092948019186492,2.9763405135949457,3.3643149709757183,3.2622643050555165,3.262929499272481,3.349895602432455,2.7792317516800575,2.5332755680839196,2.8539059765190284,4.389294434900999,3.0294849289998385,3.0789030571178633,2.982591625537929,3.455871412835382,2.419370172641449,4.786872050631446,4.955386883925198,4.734352392984879,2.8440331871618287,2.6662690260222055,2.953608682276425,2.234212821849487,2.266476465948675,2.7089918140156404,2.4475511535740986,2.5269267831563726,3.185326307557747,2.646678778913455,NA
May 2013,3.440014290916497,2.690582833568785,2.796789382998061,2.5528320189353786,2.460839107448569,2.5128845466740892,2.7251190143830004,2.941046454503231,2.786255093509326,3.2606496577220407,3.0604754173068374,2.279364459461214,2.382748325092089,2.4974834823798693,2.4326252880983446,2.394854365661546,3.309113943464186,3.2735717543972256,3.2112619212594473,2.5192840448716347,2.5350075607193863,4.276208700522676,3.1666341501414923,3.4106566041174666,3.641318596549714,3.6607256219791666,2.8676483201967127,3.0155336457191773,2.5969173544952837,3.2078868465640142,2.8292909006428606,2.451924613010908,2.497461171378869,2.862496689390728,2.5794146802675546,2.7982534608733567,3.41897728961123,3.2982714742933377,3.313935084840581,3.065343052108173,3.1116369270783917,3.448665731642766,3.322471943929325,3.236891044925942,2.8678674366110837,2.689726072877793,3.1273719947134673,3.593677966493865,2.7930525615026514,2.7642489630021627,2.3180248945834228,2.6986306603229426,2.876848261638195,2.5564127670188768,2.586984097978065,2.4616408774319005,2.8007430398628856,3.9278286227130867,4.00339011959474,4.839818629818541,3.6560581860581096,3.757785436825608,3.283505855260026,3.5356793939223916,2.3290400450834388,2.5781896946681004,3.107236323337797,3.3535808223233916,3.1043546977539873,3.216076633971122,4.868745972428411,3.619956384515216,3.207552587947037,2.8541727545083417,2.288584056461063,3.094847818512066,3.8694773811125893,4.065679076761264,2.568708571453355,2.510103842697135,2.3145511013151325,2.724840535383112,3.2491288001625604,2.849978326521422,3.0106296826473398,2.674258937213908,3.780009508784197,2.6113561683676534,3.106059295873225,2.745697024162766,2.642969045230389,3.0183025624914075,3.0103143705190174,3.309188939931675,3.2041335360170713,3.1262988618978977,4.891137334535568,5.141339508196259,2.61286514612185,2.334167889896612,2.6991719854377427,2.526062060134852,2.6350527197092535,2.351451438335498,2.992832405221656,2.964373233113953,3.362359456394551,2.5446193898139207,2.806950276330583,3.0635434305865408,3.1913592132529267,4.500746366359554,4.276617917615969,2.7925262193011595,2.9521441265652224,3.100943043728989,3.051819910123676,3.3898343990063236,3.240828988046207,3.2746089548167308,3.3761516077245877,2.8079674252560047,2.6393269017698477,2.7937291391336845,4.35865511687041,3.0787593750616655,3.060918182133952,2.9575717502767898,3.4446589789835724,2.4592130501201614,4.821034443100199,4.979347008317492,4.703469623596725,2.854863417278955,2.690486127385467,2.9742040171609783,2.2711444279775894,2.2986487369738318,2.7038251257108055,2.441471635654006,2.567144298293745,3.1881435428372646,2.6944522976670573,NA
Jun 2013,3.5127167970611746,2.6680165694159506,2.86095307219517,2.611027048749586,2.445435633129608,2.533772294731755,2.7532438095798932,2.9437824831031967,2.7824604139475846,3.274279228229684,3.027461533012001,2.239110505327003,2.3983298186198265,2.546927833107855,2.449605562374887,2.411503259385067,3.2973191196250693,3.267480256686026,3.2489013077480147,2.50731454282591,2.521688959332241,4.401032555517923,3.234306266373018,3.4204586815125975,3.658651649249133,3.689787255526908,2.854993482323755,2.9637498352313663,2.6300278298836535,3.1914765997633014,2.815848456899191,2.4382178116019753,2.4470155790403085,2.8209538076780696,2.5585525130261066,2.822579532768334,3.4116281427057253,3.299141290214478,3.2852928917227238,3.128853763081102,3.1567405173032834,3.476921383794708,3.418087983904358,3.255711884095738,2.920069084890102,2.740458314763703,3.1856254965612036,3.6099132295515886,2.8864969983629702,2.7795815659664016,2.39376130044339,2.6384866422121003,2.876794674348183,2.5319991976513334,2.603275030410286,2.442004817830379,2.7722757396791238,3.89448062819694,4.042183044218791,4.824778994347383,3.7148057441482516,3.882037449812863,3.317564489080602,3.603528314100149,2.3066478998707454,2.5885448004144247,3.111675257611921,3.4003830524400365,3.1463870782409793,3.248934349854316,4.8486266355875065,3.576342591002534,3.2458249692323937,2.772894099492755,2.2292217133684478,3.0864124773119013,3.898568330622421,4.1439056186494465,2.549813560395526,2.6180436208152718,2.379989280813307,2.6743990484483473,3.1842607306116206,2.880953604003173,2.897713043671918,2.6619051775901585,3.473067659543986,2.6336379281162206,3.2506323446038476,2.7623563562923583,2.6273177802482905,3.0537210760029163,3.0620435735972102,3.366219004651833,3.3042931258490706,3.1260574320543455,4.994788477710221,5.1153389163003835,2.6596959185712117,2.4211913791125665,2.7449012911923854,2.494495489442736,2.707594016343028,2.427871474857554,3.0179524629373424,2.9671617604610465,3.4355600553020387,2.562037965514512,2.762155266696141,3.114171637326441,3.2986794197089884,4.754105365951491,4.296989831325548,2.7837099327082964,3.015249836544112,3.1362908587408316,3.073712295716751,3.435378264222132,3.352409845315322,3.3841731124949264,3.4154315573474805,2.817436584254917,2.6732529036839967,2.8989980411893166,4.466431751628102,3.1387089965224884,3.076279815577813,2.994693753391373,3.555368997891116,2.5382594476206646,4.938753846230987,5.094828069721112,4.73199462881323,2.884025949906553,2.6697346767071855,2.950814079485409,2.2291188453458126,2.32569972604434,2.7949958421261982,2.4905619381074136,2.541058391564766,3.241331966520329,2.6791449505024896,NA
Jul 2013,3.5026153539827365,2.6690357300668492,2.8335097119946813,2.5845683042028993,2.412919992842154,2.4261849578779144,2.775214532491915,2.926742235152654,2.772139048562094,3.3289190733725422,3.0896964010875436,2.2194548108448893,2.5176423032805046,2.544716390145664,2.4527146996596745,2.3322486593335268,3.3038963281573652,3.2638025373006507,3.247112478012363,2.486995215932108,2.4490913452685845,4.388531996988175,3.252263753949853,3.4073146823114913,3.671396384609847,3.6907501837480923,2.8680499296515487,2.9817258898341072,2.7234617680814495,3.242201104311508,2.8637012773878183,2.4614483136906204,2.491413782094779,2.8474985329346767,2.590406510752801,2.816546128158762,3.4078140466586104,3.281822973870719,3.3442818043507905,3.116267108403505,3.1866261173491264,3.5289808550734394,3.4356885578863117,3.2883156886041984,2.8419950865569494,2.7012154307605423,3.1503317046254478,3.625511193617977,2.832509844188126,2.747902395161633,2.3829121521749355,2.69978010470221,2.9118550412647677,2.5459679413428993,2.56242536393852,2.4795142255833964,2.7839052337993153,3.9377690602280455,4.160771421748241,4.707334956549092,3.7997383995092564,3.9687122612390953,3.3131750866183696,3.543326968084284,2.3460984088443957,2.6002661677403194,3.1207752605399244,3.3914954422563457,3.1426925703491553,3.2393323559988927,5.013253937195694,3.6771253433300117,3.237082622909773,2.8694408975347563,2.225564336334468,3.099303652576381,3.974583557905855,4.106064981786233,2.524359469178249,2.523427670732114,2.3210531412815207,2.6508005819763683,3.223249220110564,2.8675181733175363,2.963104372563434,2.683473508308636,3.5493878349084804,2.619416119800451,3.2177408330522854,2.7640646168802636,2.6631559248552414,3.0034648551439993,3.0449162483870937,3.375947925649602,3.2782160676159164,3.186313195236044,5.026152114864399,5.190178261613051,2.6702676463104664,2.388156682214868,2.7376641933907635,2.5552153634498103,2.671100792221476,2.4683143962918863,2.9781464805256452,2.93631390353573,3.4349563259214317,2.540593802028125,2.719860247608554,3.146126977606774,3.23035859990667,4.701832591223853,4.345524450894931,2.765942853215695,3.0218183575399173,3.1467586662510145,3.054253434178436,3.3106833806016054,3.3178485761807717,3.3975055619722343,3.4067633938881166,2.8136606536123403,2.5624879513528556,2.8191095098567422,4.528404729726373,3.074505272637415,3.0845676257728267,3.020947786953449,3.534253425072367,2.467607724870628,5.029895849651148,5.163043512064188,4.949819811691279,2.895719678143865,2.677582440785888,2.9504774089954098,2.322258378101628,2.2755377027819206,2.744505354858148,2.516800850321143,2.540375226551503,3.2364579502417534,2.678835219582356,NA
Aug 2013,3.518645900017144,2.6946049633769897,2.8810650312653374,2.5691387906621834,2.4460088380805285,2.453210162509466,2.7680039261882197,2.946905866717832,2.792519537468059,3.3233114414878386,3.0777885064790675,2.188617789273063,2.3832687920374878,2.5155403224096298,2.4760014775712675,2.4052501757290083,3.334613784171226,3.278231589790273,3.2785895340884825,2.512843096129136,2.4970036598221785,4.466509425821196,3.261218378895882,3.4588149312788015,3.725002272717931,3.755917703842872,2.8965975604912972,2.950043484071414,2.7032849561519763,3.2591779439761206,2.8538431059304186,2.4260395381489297,2.5152128281965966,2.824484962741557,2.6669890930603533,2.8782495045953627,3.4751656166318146,3.3201593783649654,3.3419723378270194,3.1484947547326234,3.1936206346204736,3.53795489440208,3.453005740524499,3.2902932557000875,2.8749944978393316,2.6793292459287503,3.182395779675916,3.67360165433488,2.892690015417845,2.80890176576139,2.3575203913431175,2.7789750167390923,2.919717309062197,2.5563740371902033,2.5836311210310403,2.4436094982965644,2.771148424991798,4.048345614638056,4.163107962604272,4.864106312290928,3.7704776940551037,3.89338484582271,3.3196054547767346,3.5635147405773226,2.3329021418380376,2.6423549166461067,3.124433821067539,3.3887289772883507,3.1886655074636523,3.2626631852186994,4.871361686464323,3.659822163711165,3.2703227461654234,2.8780708590590036,2.273004184202677,3.0727359218981007,4.042221574409111,4.1832318009809875,2.5572377876205237,2.5122837890286407,2.371877576813579,2.6711601872687942,3.2226641357662333,2.8766510532699,3.0532444578688906,2.6634877709817295,3.5887143755953015,2.608858277338472,3.2669998261560314,2.7847473810766643,2.6747270342956795,3.0865840805296156,3.092304115319014,3.4205425305107826,3.262327270925274,3.1604117890569015,5.12666136853322,4.994782923600867,2.666011212723698,2.417111992511624,2.7240361623310436,2.5709724440427393,2.668857185359392,2.439827711735189,3.0231810062227877,2.9576359949589506,3.4561814281982284,2.56738845610453,2.7688556430049243,3.0776155377669205,3.2662963829589615,4.7997975843697445,4.339516627619538,2.815618933154566,3.0427449041781207,3.143073571947899,3.068006893892951,3.4480723881114637,3.3666578808387353,3.444083196327309,3.470763539423266,2.8592649634770253,2.573331399185374,2.8432209990557262,4.5945870549161345,3.164368735917663,3.096101196987382,3.0067047124816892,3.594846030794522,2.4775457661102442,5.073594475627121,5.269246301386068,4.9172919376023945,2.9482775469812266,2.721034482116831,2.9471889857239293,2.2287249897698933,2.2520164823038487,2.793277615754827,2.4581746675962113,2.650926789461393,3.270562478428698,2.6718218270385625,NA
Sep 2013,3.518805277797484,2.70548479818901,2.860339332032094,2.5535184542232097,2.5387930654916753,2.4906523687876536,2.752035348977279,2.987123463579422,2.807604786613938,3.3195537199056986,3.089827258185453,2.2578224926918224,2.3630103431230753,2.579258583380026,2.4646722801936063,2.3775393611076097,3.385222735725193,3.300365032160467,3.2646517076612334,2.5656300650587003,2.506605070138433,4.46482006709207,3.2872300556620537,3.526569609603088,3.73714910129195,3.7653959915380417,2.848171040197896,2.9880770987895695,2.696602189462884,3.2820039147117566,2.8415290664375106,2.4631068218209173,2.458128692066857,2.8196804460891327,2.6169507219401775,2.847060343061204,3.4739716936317415,3.365333265811658,3.3427825888887917,3.163523419233559,3.211029090771707,3.586648071200965,3.4386890517956985,3.3071488359663443,2.8974823301237347,2.706501914468843,3.249224163938127,3.678710013954414,2.8804953669598525,2.816381512254743,2.353767043866486,2.657333600614803,2.9375181923768903,2.59848306068167,2.6247789231131646,2.528307303847517,2.8137169074180606,4.150402909976418,4.201508743499123,4.872626373284821,3.803215213232608,3.9339269034660576,3.3409148602002308,3.5518937994397954,2.3705710157163784,2.607357687216767,3.1538958130018258,3.4544074365720894,3.2399436688334466,3.3123266292714515,4.972718123099572,3.7045707424157395,3.289251267764783,2.856722898008536,2.338108746413998,3.1473984985857615,4.044582359056559,4.179385267755217,2.5290248047144703,2.456632768535529,2.367589715467732,2.7449076181046363,3.2307507706535126,2.8787528773356263,3.0420588810491225,2.749697556209897,3.640774224188302,2.684230568965747,3.2967154429536945,2.772200314970473,2.7000201630571494,3.1020873208244635,3.1124103894014192,3.426624517584845,3.2680400712251734,3.2119706235984,5.16849780184499,5.0832112864675825,2.649497374764371,2.388151875464286,2.78255010633811,2.549826844675608,2.6471098301679157,2.378511016770187,3.0365683629881217,2.972920358599049,3.469516831462112,2.5999078012948855,2.729760270416552,3.1753233412489403,3.264475867523264,4.895439684921284,4.469314054413565,2.8175006975606043,3.0369472224271017,3.180714161722241,3.099488742023827,3.3906263509919756,3.422619296953134,3.4991995102040834,3.5277247732316948,2.8942760524706252,2.5669680975136604,2.8395461168329716,4.657390508089009,3.1493200401012853,3.1238728563096547,2.9988026808302273,3.601641100184825,2.419898796881906,5.1093458264651055,5.410849926554822,5.0313204346936535,2.928325788368243,2.763182531880907,3.031829935577788,2.266220587314998,2.306816402549746,2.81345723498707,2.519865255012882,2.551586262870656,3.289988033738283,2.7047284842003685,NA
Oct 2013,3.57550793205723,2.7000388969666913,2.844934798931099,2.5466439394988765,2.5393141061171742,2.505905542199467,2.7867519548747413,2.9447712969510103,2.837839539395311,3.3872821220734313,3.097823034185017,2.2396198736836217,2.4953303374959472,2.5383478367338275,2.495050948577614,2.3417928337273053,3.3828427727779062,3.310899625662738,3.2786004222853506,2.559365342727841,2.5313249221350165,4.508446259335701,3.3141616956356446,3.5186788223189827,3.8005114379006373,3.7672694712005934,2.909568609848751,3.0673167488518,2.6429506560382143,3.282399690960731,2.8761007512515127,2.4757678783165895,2.5276521642549183,2.8557591427935454,2.639791496488896,2.80180260718182,3.5139780875001807,3.355720557171459,3.3950285035716434,3.1869432057446088,3.230572441125321,3.6402334268839263,3.458945642737359,3.32352482309124,2.931757992313182,2.694066048682266,3.2653537895338656,3.7497288081673075,2.90019276581367,2.864706621164333,2.297298624298423,2.653724297105012,2.9262679542420424,2.5394458908142923,2.617153676723957,2.462325951914953,2.8215491013572827,4.153562134280966,4.295197192548256,4.921854570965346,3.9328380992768563,4.0369958770102485,3.3516600178486047,3.567274139204138,2.359990015814637,2.5001985383490153,3.172091827038156,3.455414188760989,3.226004261096409,3.321618263307971,5.131943090010374,3.7336035306103317,3.337134279425825,2.861347907062576,2.2782867321404945,3.141941950762067,4.055646486197072,4.246716932014064,2.5109505907797818,2.488035082663649,2.298831366572245,2.7159501436304714,3.221267581607242,2.9125395377069765,3.0068841934413713,2.7405352473547255,3.5073793168871417,2.650320107018295,3.343458353594051,2.7786904334411684,2.7340611663734915,3.05445307872027,3.131523925509347,3.376995987383662,3.3016893203401527,3.178439534355602,5.233516702223157,5.395219122598423,2.648640876424905,2.3821928673311574,2.730807439513593,2.546747664130524,2.6998883926953914,2.4226288254532693,3.0525112640399032,3.0163354151211705,3.5097631904380746,2.585977815394897,2.7302658647629876,3.1925656759343606,3.2651724255983403,4.797644087869323,4.451820814868807,2.8751659522489414,3.0183232754713862,3.1826742432455335,3.1327918113855726,3.477983510174223,3.4292668491817944,3.4725610619181992,3.4875575481710905,2.8549089410716824,2.608834400654077,2.8837490506632943,4.67781555998304,3.1352505033618985,3.1296445662388503,3.0214644379922144,3.5686835593754265,2.3996407426875055,5.220657174644897,5.238799980498409,4.938560622889609,2.9132971089796387,2.6911882104930034,2.931793542671261,2.267030523587443,2.2179300893740774,2.7548950394906173,2.5247587503117153,2.548869420170985,3.2251931194869563,2.7282990411944956,NA
Nov 2013,3.5638988723016807,2.713497339296075,2.874377960450574,2.5568864224845504,2.458844766176392,2.481944706707632,2.7931221296269997,3.011681779559524,2.8252351701118394,3.3653064531456454,3.096607214187803,2.2848096597565846,2.4580243212747885,2.566761067534794,2.5121685093554538,2.4167085876634835,3.3738072242623103,3.3344458280266323,3.3295298716565607,2.5580623882388154,2.4897148414850117,4.582939641637548,3.3048953782627084,3.503419914110139,3.839827472239164,3.7938317161024036,2.927648114341572,2.9796990982916243,2.6770599920861238,3.2704622391864286,2.875026396122558,2.507701223243568,2.6032736832392196,2.8847457119691695,2.6546292233375195,2.812652410642509,3.5135811468487383,3.3431677429508664,3.419662398767859,3.165871234985256,3.2170521370656675,3.693272645898698,3.484131204361864,3.3479901261799725,2.8852525305706997,2.6849349896927985,3.257285873306944,3.777027615948724,2.926470314294137,2.8431058861023617,2.313684432775374,2.7210082495100143,2.8943813894109622,2.543748845319368,2.6210449531872,2.4711682966291555,2.8376447209642106,4.196204463842823,4.332138472347107,5.042193843672235,3.876137271034541,4.0291380921903475,3.3475472268394206,3.5961159927520177,2.352701518963603,2.6372914857144565,3.1680095330947853,3.486554174164326,3.238101362877716,3.3129911797311284,5.281232474450277,3.7369478939093113,3.2799160896522728,2.912444138274131,2.3274122998205047,3.1335569241413284,4.1138879760332765,4.246241015568061,2.5842278916351833,2.490705245396504,2.358971119252877,2.6957000840038234,3.219809059246369,2.9182482868760693,3.0621613140311106,2.6930795130907343,3.7428320498531753,2.6992553453416916,3.3960325762098615,2.7788063570960126,2.746502617310943,3.1324126030810993,3.1333661664228014,3.41971753098231,3.302217555345874,3.196982151104314,5.231151625789273,5.514179341961591,2.6795069305350196,2.426047894648861,2.7837728740289727,2.6194339029124354,2.6903811833946487,2.4382375438418435,3.057358381718563,3.016317639386067,3.5284438441058605,2.5698492926848426,2.768716291890331,3.182381151279957,3.2795488295690376,4.946366344125799,4.470427795163682,2.8672429221311986,3.0353913930131267,3.1882945794586504,3.1056481069677786,3.45842815337377,3.4421794034589475,3.5311508831240097,3.579306379946738,2.863394114487895,2.5903946300514593,2.9320448592427355,4.7773119072322725,3.1765215110928664,3.1643445466687394,3.0264963227139963,3.5849105368729797,2.533062992776367,5.24704132260402,5.500990898326074,5.159830024969806,2.91393738276925,2.801443514672257,3.002915809045652,2.2997619957583457,2.2879567224189015,2.8260392182050738,2.5437101385900567,2.648719580006792,3.3407683952290017,2.758818533015961,NA
Dec 2013,3.6197312654467106,2.7052388443397355,2.8790689561994567,2.643334740597797,2.4292831925042853,2.5375381758529203,2.8184222638182304,3.0041731251844137,2.835794083171715,3.4244399811998014,3.1391962823964956,2.2193830958733294,2.3658283163079923,2.5569807122461166,2.5027796617121214,2.385684504236056,3.3969687218488103,3.321186899770406,3.320161204496655,2.5883949144146854,2.562613115076662,4.538187368473027,3.3190128698744297,3.5280422298534924,3.8720328167952314,3.826169161542014,2.9468895574558625,3.0317370231481333,2.7749578834907163,3.346446229188815,2.911743134399754,2.6036225114309115,2.5389753419275434,2.902432463747443,2.695998916176674,2.8555199345156623,3.532784492669656,3.440861388578162,3.4275592142161706,3.2180708330433156,3.265029165854164,3.6846206398746064,3.518306547410826,3.37182968148068,2.977095261219002,2.7527125745301038,3.33702252022292,3.789491940918825,2.9132664066049307,2.852132102020444,2.39195499661254,2.643157863509557,2.9376287308578,2.5527141471048735,2.6359238960123688,2.50104924781475,2.8638798796588145,4.2843277368145065,4.398174405682046,5.092072109341729,3.8616873713080073,4.116415485832314,3.3838859824641525,3.632936381500713,2.3084592721954826,2.6176478682655913,3.1556441737569854,3.5269342570264914,3.260146606774613,3.360729400150658,5.281814412893983,3.8229430103152557,3.358947981855786,2.8574387344429018,2.2924974208525892,3.2313731761653623,4.211462759714764,4.315535499078672,2.6309924357717205,2.570042504628098,2.405945477593047,2.7437313007257615,3.342313695887299,2.9503629357029455,3.0719845218661743,2.764310914693616,3.7022248990228768,2.7097757642798674,3.3853680512753956,2.8151849580128876,2.719758824398512,3.131423299146449,3.1175708947920535,3.4482200622309693,3.34336451846365,3.2320064608335013,5.271070605398992,5.4762117380100195,2.6571562996305422,2.4554443670461725,2.8159821737373916,2.6427084204967524,2.7617400307355906,2.4885317635538184,3.104697001520814,3.0521387090792067,3.574391597317295,2.5998506055831014,2.7875716776332866,3.2577295171832836,3.365779533888574,4.938509164637633,4.646336152433705,2.8981409150662167,3.077192558784234,3.217795298193986,3.1053100824998996,3.4555593796734643,3.4595296265951383,3.475013687830327,3.5855826919626956,2.9073014380251054,2.567913212562928,2.863963523288209,4.940578908657586,3.226330164303579,3.144922269371247,3.066716130813622,3.636602217431679,2.508609521495874,5.399960263060472,5.61391270923095,5.178006379966104,2.950897548511973,2.7085927534381398,3.0215853931086643,2.2513283247742994,2.3232984486106756,2.7968032594102508,2.5496503540023365,2.5077882991095097,3.2952460286428513,2.7458685243200045,NA
Jan 2014,3.6328851141488725,2.6812535070745844,2.874172398693148,2.5874917727700177,2.4148314813643412,2.5196273047503306,2.7964614574713518,3.0185811769306534,2.884507342116666,3.399019177254632,3.119518544491285,2.2178457504349867,2.461681505811708,2.620146604568881,2.503872806016936,2.364075235437123,3.4033279291702505,3.3392234866624544,3.3549021086946977,2.546844968003695,2.5430843878924865,4.64697938655819,3.3187304471552346,3.5962687753817093,3.907071002982012,3.850718002592251,2.8934601865541616,2.9360367224921133,2.705597683993761,3.33193043815135,2.917428580566008,2.4762824992840415,2.5819163390997475,2.9192280012332326,2.675053368854921,2.852452382568808,3.5560008779108903,3.4402717289727343,3.4469367011522416,3.204224276092069,3.2401833518585166,3.707813206919602,3.5466075463931386,3.422756526379689,2.950754720504319,2.7984519920994373,3.302282329706095,3.857916851490086,2.9969848655691016,2.9097812230646496,2.351823065365675,2.6557441065773886,2.9594070805189907,2.562628265152773,2.635413658217196,2.4611451783338847,2.8795015118589027,4.245796481503876,4.45095113688345,4.9646971321897695,4.051070447167325,4.177405482682361,3.372483944231654,3.577088264852909,2.264348152184036,2.622454339778608,3.1564532881336658,3.5604085893788526,3.2998467959420976,3.3766684944753265,5.451598754709606,3.7819540485229726,3.389449665488648,2.87619122620902,2.333478611210885,3.2033357252362107,4.251385945591269,4.3917709432481615,2.5952691067958016,2.4791234062276666,2.344975916147054,2.730652829538407,3.240326176938016,2.9641814289451163,3.04262253624222,2.642975702930215,3.7685839371980214,2.687565328990042,3.451717565022972,2.7860324762158117,2.723745061921902,3.1446951997153354,3.1449217980106026,3.484320428218827,3.3395141294951767,3.352443757690114,5.41909903883903,5.535189056441255,2.641692445087606,2.3292397978470847,2.7794755210480027,2.5621279722340793,2.739752934045067,2.5435415815514877,3.1260852940720207,3.029853049451771,3.5827643477852904,2.565720032510915,2.7222588672465453,3.1987168126788736,3.314681937728374,5.072839535970192,4.726643577479027,2.929514904398896,3.0953901921386775,3.2215455921162346,3.096903988565905,3.547263219990192,3.5089596294843752,3.503677798783511,3.6162700006402337,2.909168876836981,2.620527797761408,2.849684902944878,4.92049633705696,3.2441363659027225,3.1813021823944516,3.0814156006680595,3.5821650068903033,2.5498249083585747,5.440571277947469,5.754968077714236,5.345866420958394,2.927038583628667,2.776299483996532,3.0046897928513,2.2480106293972333,2.2408904365013127,2.7856784041189657,2.521156304773159,2.6785147290807987,3.3105212699277624,2.7485829876813788,NA
Feb 2014,3.6520209734981495,2.7155470718275665,2.8984454282514553,2.5876062313672428,2.491689969340052,2.529829952615353,2.824389470925425,3.034584744799703,2.8488692419964146,3.4192136045138297,3.1318674070505623,2.2925521292787288,2.499799712989461,2.532693031683906,2.531520717832176,2.334189308728418,3.440620375832454,3.3033878826287104,3.378976943867098,2.5916948736435867,2.535808538268109,4.646674459713643,3.320219331066473,3.6132264221256887,4.003723398044845,3.90835621376202,2.9087254662417092,2.9850275102476176,2.6777283533327245,3.3785116479020436,2.900482681126809,2.4515883901042272,2.5340843266575326,2.90644152782799,2.6641409745240625,2.8115664166337235,3.605530507688074,3.4097069745628463,3.490326712628344,3.2255606612317087,3.2728282349336393,3.8519721272377816,3.6105109793185544,3.402651462579074,2.963946171751172,2.7516733312143336,3.3440271557725936,3.9015683147333746,2.8962865342592705,2.8811771239696777,2.3273015708789555,2.70374142837912,2.9739446362907804,2.586213599851127,2.6541068297502965,2.4824438289504744,2.8943631383482726,4.302956208567698,4.5701601621379115,5.126740471724525,4.011353781200634,4.152582138842629,3.3904774302658596,3.601422507952635,2.3796606007799617,2.7314490862130936,3.2091730892626273,3.5691960064662984,3.3232727396238,3.4043977121051565,5.571615733552518,3.868915735423993,3.384752721348775,2.848640765951966,2.280480187870645,3.209964421714055,4.2954391886797865,4.331446410229708,2.6332607597373494,2.5828346400024738,2.4373193818964944,2.778897777979458,3.271007649687913,2.952410578543217,3.051235684327794,2.7592205866819093,3.8348021402144887,2.6788978857061454,3.4785532615935657,2.812307482138724,2.7406857679916636,3.212753503064788,3.1938650102892705,3.4828178273164694,3.3972955198362853,3.385618970971427,5.32822485875845,5.689865119905598,2.7033039461101884,2.414618558734243,2.7907546680592095,2.577824996759917,2.734377534734564,2.3853273483441626,3.137448500481213,3.0820830757174544,3.5609557431364465,2.622647355547626,2.779922685870917,3.181658943405228,3.3784337361427275,5.135837954221394,4.733663084343717,2.890257018250229,3.0862048480795963,3.245243651042732,3.1956259904808912,3.486165483440304,3.487890464117545,3.578079059835793,3.629157330845731,2.861672407315991,2.7208044037689545,2.957401050520376,5.061453430782146,3.247834083712583,3.1450854760810643,3.0445350745246293,3.552411112548826,2.490097551491215,5.539195893833346,5.856680022463817,5.126676927281962,2.9458860022650635,2.7482962805281548,3.020323956866742,2.2060296577448564,2.2923289525977504,2.809297782392294,2.526082626213663,2.5196894493058015,3.375182268081967,2.798375472778719,NA
Mar 2014,3.7075455408162252,2.757648091541204,2.9523809301238426,2.6881791437602662,2.577608286996475,2.594439628630677,2.8321633544957554,3.0758808028096634,2.9092003207220154,3.491415863711741,3.1660215192481176,2.2455752937467843,2.4514799419289433,2.5736233602687215,2.4872642883710974,2.4379010485339463,3.503222242983376,3.325655791646852,3.379632009599407,2.603889809536837,2.5482824531426194,4.627892511864383,3.3905922313355257,3.5358610117860314,4.054970673719846,3.9456048431761177,2.922322853197141,3.056387234065182,2.755796231780523,3.425640954201189,2.9433741254825048,2.4841116785922455,2.5097037107500513,2.8877053164117794,2.6099964771290334,2.8590237643206713,3.581855007669347,3.45373788112544,3.56314712162339,3.2348491360025466,3.285674560714947,3.846150552217825,3.5812792367345843,3.3968027239430447,3.046000202901918,2.780573249159058,3.379766732183757,3.854838489365937,2.969319494532804,2.8618364781234753,2.3485940804840917,2.720371640994604,2.9717468031536876,2.576567222637907,2.6184228136647496,2.561106326323517,2.9097489851586733,4.382098381705615,4.644520274529615,5.199958405996525,4.0420918231479845,4.170907254915242,3.4136920102744517,3.611965928841873,2.308722135672301,2.625890145038658,3.192073942880724,3.583010404633317,3.357279072175481,3.4103365864308905,5.610700746236111,3.8883493718494786,3.3719193266591154,2.893675204563596,2.378390796356791,3.226656756173449,4.3506198772997315,4.510467723088899,2.6308613774949308,2.572428222063736,2.4320484783684124,2.760883067216426,3.2186621741330748,3.001386845120368,3.1049634886958817,2.7719392037143535,3.7956097963752513,2.682358748974979,3.5183934221304636,2.8879129624592896,2.758924421055722,3.246400664092301,3.2137639289913564,3.506027142203962,3.4446318747018667,3.3176237093582914,5.682384108374911,5.959546949257315,2.689607149197932,2.3510382312508726,2.806586285533696,2.681070831142953,2.746845242580056,2.4973752965002594,3.1798707573120284,3.0674091203882212,3.6207936315053946,2.598475704846389,2.7824834274560226,3.214218811410026,3.340324482405098,5.1304663961608625,4.861945268897439,2.9663315573258795,3.0794835324876435,3.279378553773614,3.178143597356268,3.50659304163765,3.5847842415533018,3.649581500692093,3.6912774619039066,2.9642186176097596,2.590276941637392,2.8796434890574703,5.0198983981730185,3.2698375522722163,3.190131007947324,3.113087423649787,3.7020917608203385,2.511385219807289,5.740236707555127,6.004014855918508,5.343806261768359,3.012256628628929,2.706913234555133,3.156381916196939,2.2666780758346587,2.336411156666057,2.881724805553144,2.5617654709873015,2.6645796581301227,3.352299268679046,2.7897543483872536,NA
Apr 2014,3.7750766358533423,2.778560890712217,2.947079445819765,2.6157476763611927,2.5237512867285523,2.5039657512446682,2.8524660541312166,3.0890319826054298,2.932898163125517,3.4930963325809348,3.216685257024196,2.2606822590495796,2.462098243988974,2.599651875387891,2.5433094244422336,2.401709953210833,3.4802285298371,3.418007344848924,3.40278617867414,2.6010931022462906,2.5685197727036497,4.715798399249524,3.4136172166400067,3.64624994155055,4.071569435159337,4.003290911125795,2.9663358191805225,3.017401117567948,2.69189520045301,3.4318142771902895,2.9323733634886575,2.516355139103868,2.6193746154145674,2.9814139405681988,2.693436951569772,2.890433776828156,3.6818160302423406,3.513089189533931,3.5583766365408946,3.2889162576170414,3.3574009299080703,3.9721278032429046,3.6232248869712174,3.5320458904899135,3.024619635507914,2.7784856041673844,3.4046851481208265,4.065551840485519,3.0351144921976747,2.9182248753414153,2.419192216900284,2.810189213972577,3.0035308439375097,2.6064575624139468,2.6954306803145838,2.5540337339810937,2.933618408672139,4.469020563255467,4.744064974122007,5.574236478112175,4.210006952432729,4.2552586585893275,3.4044307360482713,3.5935077140179956,2.311321310053808,2.6730252726335997,3.2629771726305288,3.646352169933315,3.3479670677630278,3.4953499628973854,5.329892819288395,3.9296709296019845,3.4520894164125258,2.9592852669474583,2.3110901246948283,3.2393861639799555,4.504222680059115,4.526515816985991,2.608231090681697,2.5714526459504397,2.4199160813227745,2.786967563901543,3.294837888587568,3.0202233602567827,3.1228328751071355,2.8045379813914924,3.7727303676211834,2.7739248436644797,3.473623493374162,2.865520954985899,2.7763905868071173,3.2779876703342503,3.24924279456433,3.5735935413723894,3.470567689963643,3.3824907747253308,5.745583903606131,5.978598755403848,2.696726430315389,2.4017836757534146,2.8022692261511026,2.6698473986056417,2.8022829455209717,2.478672555039606,3.199964706411141,3.111765616018286,3.668083233114663,2.619304246258028,2.809928305000412,3.2921999656921397,3.4161063970291523,5.356544624984198,4.850405128553897,2.9333577709028633,3.10638204214569,3.301053307465541,3.2209917146062614,3.5182023985085524,3.5598163270210663,3.6428144823696944,3.7335960407298328,2.914699247342854,2.803678297812144,2.983026637960472,5.2945642111156,3.2992063676746666,3.2016928765564416,3.1813475549029655,3.693965280304064,2.4929619001828245,5.732324282630785,6.387119354365958,5.478261400036034,3.0078870368935537,2.7621363908719703,3.0872635639852017,2.306144871627019,2.305722510472144,2.9292787060034358,2.55587994963887,2.6887858702376475,3.4060801059014434,2.829104151256095,NA
May 2014,3.8347904691363475,2.7969956425281546,2.947176730117826,2.655091525547762,2.50124651749808,2.5774004521522156,2.848921620916254,3.0962367557443713,2.9926008893616944,3.5635088408323745,3.2056724730616866,2.28015929872173,2.427468097311541,2.5557717572390484,2.550367088619753,2.4380081863606122,3.5149350270813255,3.4184921933463817,3.4200241394318707,2.6354333327894595,2.5915453074318626,4.819191605328871,3.469552081178347,3.7120288733848805,4.264408556170313,4.096080936321485,2.953654645938784,2.9831259965125785,2.716953631925351,3.4865715484358395,2.9762155808727124,2.5649199940531644,2.5781346793301623,2.9201600876707374,2.7342937302308026,2.886971268447011,3.6899276329539847,3.564391329348906,3.6285803902732643,3.294559322987389,3.3737695635500065,4.060414213416198,3.7033926515292754,3.5387362651849803,3.030987493833948,2.8381099796364926,3.477870672613452,4.1988411682537254,2.9812467297803606,2.9110252025432786,2.40793228587841,2.667873715800113,2.978464569662238,2.614726851018499,2.724990069501014,2.534365301882059,2.9331975956593475,4.582699970911304,4.805129898732542,5.422531257407242,4.204560330086009,4.412356213613099,3.4608127172068954,3.669480262309057,2.280716654747014,2.680045239843013,3.3118576115830884,3.7043453376695585,3.412730199795869,3.5133405513726292,5.554785690597912,4.061388153424297,3.478690678810615,2.9282009466127494,2.373718851640746,3.2893716370184123,4.530681333694283,4.643672669186838,2.630271917757412,2.6576286239192766,2.4169051368319314,2.7518179278936854,3.3423155236262856,3.041132522122551,3.163177508403413,2.733021404576924,3.8239075787140995,2.7578970688155247,3.5787646419251704,2.9063287644637317,2.8216516002499876,3.320121601844261,3.2737147705034824,3.645366120676003,3.5359776333929327,3.4335202216693537,5.805742137160056,6.034400045701402,2.754808155372409,2.48399642654778,2.900783005849348,2.6916575846180972,2.7682433983644996,2.5424590790836223,3.237800246437776,3.155529336172036,3.7256535295871234,2.684563000285463,2.867108147011694,3.3121609979122293,3.4806772072996095,5.30505021294705,5.090765716251926,2.9588948488211715,3.1419470549347595,3.327719742721649,3.2813054746074704,3.555198583938329,3.6424302259098096,3.6602638821220226,3.789742163451841,2.9672824384400474,2.6958755518681445,2.9530711053613836,5.371523505656459,3.3330972959915544,3.251743341365379,3.182752589760392,3.808264626035091,2.5111806265148733,5.967293091405008,6.284918710952774,5.657918995440094,2.9827072746886323,2.733873789160662,3.149470542611024,2.2732375094008646,2.3066846522448845,2.838192568558664,2.587932376833652,2.661490507941386,3.4384863896144253,2.8669877497366865,NA
Jun 2014,3.891589162359475,2.8351841674601297,3.0187527533668783,2.6972192559934034,2.5513758390416,2.6390293527763906,2.88162898548506,3.1577854196731354,2.967975472534511,3.580243810556628,3.2460220122054313,2.3433193670864387,2.4885051601104498,2.606654217035535,2.5895297648759925,2.438391491043504,3.554548210376766,3.454197915076817,3.509254993839343,2.5947860673271594,2.582342861367046,4.891755607909982,3.475198728305821,3.7423321495664252,4.317857068544828,4.130031398929377,2.985136361737523,3.0454133303997604,2.7655908856072475,3.545171259927994,2.977240744699785,2.585137182001364,2.626609648671873,2.9976721754127484,2.7517404450606864,2.891162500542007,3.754801995452053,3.600580693449581,3.6460810345587156,3.3169935811547933,3.3944238083410374,4.1552505308289005,3.8131343853603656,3.5509829306993708,3.0563375480920185,2.847493847100098,3.4714520895770176,4.245478867863324,3.0141878247576237,2.9859270095570323,2.389660156656121,2.7222065662844717,3.037020463982209,2.6234616090293765,2.6920773674848553,2.512135820171359,2.9630896438417063,4.634686381633438,4.845607580388502,5.488594867458855,4.285085607791156,4.572098432322977,3.4721997365161554,3.6553078025774046,2.428880236366948,2.7043557305498243,3.308491433317272,3.771096441736012,3.4550518335707743,3.6092937259122344,5.494125966626771,4.137166761557344,3.547493010413027,2.983564660975311,2.3667316955316178,3.3576795490693194,4.603769679494451,4.799129830550428,2.662426744581188,2.667245851903956,2.428213177957772,2.83788183776532,3.268380084297991,3.0639079005917855,3.1556147602579117,2.7954601600932816,3.6783067662745768,2.803797252052092,3.4882780365454127,2.9257763486534722,2.845534362982477,3.3501310615038653,3.308550562217395,3.6318110624589988,3.582846614987165,3.384548887399879,5.995762072575639,6.101636167348121,2.7541475174425023,2.4054137523786983,2.878495715918764,2.694434472485021,2.77302294447754,2.573491853878237,3.2486720027564653,3.191943655077429,3.755807755077195,2.6879536889448326,2.8426104310141778,3.315089665352828,3.480643307374815,5.55619667871274,5.180827456080771,3.0253914682470704,3.126172340732026,3.3841171152458487,3.2908315023032757,3.5729775225251337,3.6556105274861026,3.7848715322953383,3.8566828069395895,2.98209077256254,2.6997719967146616,2.984307683287384,5.476707395168161,3.4263670376382844,3.2952114688860292,3.1712595142805213,3.8062315207531445,2.5745918100424507,6.057530767603192,6.404051309992075,5.791522894551988,3.0087006686911586,2.8246632525281,3.106436211198681,2.323968546091895,2.3619078141843075,2.90878388226612,2.6338567437440235,2.6334141507099473,3.465663778234927,2.8890267203363647,NA
Jul 2014,3.958497830541326,2.812715210246102,3.024266135991521,2.6465432661314083,2.4818405563815045,2.580162341294126,2.9103156969073987,3.153190412516481,3.0760501861617855,3.5933958522272493,3.247140568904669,2.288682734246327,2.471337269531922,2.624244725325478,2.578844400101634,2.442394564652061,3.5851469235723545,3.4648884066130416,3.5144594017807105,2.607902957815165,2.5784527552875103,4.937143359422254,3.537044433026681,3.7691414934990726,4.456373174730127,4.180438585714787,2.9549195746848897,3.0148965728207484,2.7628061658160195,3.5465096512061294,3.0251185398294944,2.5579524579936055,2.6160307461529584,2.9731633085863214,2.733524439402997,2.89320731606926,3.797378046360442,3.6256798747311896,3.7744867032423555,3.398070648563709,3.4320101912387164,4.196255948489109,3.8370956166252124,3.603862106512775,3.1111346676681277,2.8444931123975774,3.5512204627794866,4.275847284760068,3.0831305589673144,2.9673926665557366,2.389380342082572,2.742475510128488,3.038342712264717,2.601627397656494,2.727562181577758,2.5674100100663853,2.995473340909545,4.739717821229636,4.928172262665158,5.592773633169709,4.416702305588791,4.568660746406279,3.475464116226782,3.688358203238672,2.3595460821143113,2.667151805289197,3.327389222874942,3.829740175331737,3.475496938193669,3.662974557506689,5.659491109739316,4.228485148457908,3.6156220252044595,3.012333950950471,2.412745737806505,3.3401175042424236,4.694197322039283,4.888233995798086,2.678803102514803,2.635038753082286,2.4332305589683068,2.73238265488597,3.3168973387329737,3.053752637442919,3.0907905099875923,2.7806945485984107,3.7644140257985934,2.79748071115471,3.6043761897570312,2.9558049305681773,2.847028016653113,3.387280083830908,3.390977852831439,3.6988193804024805,3.634759957611542,3.4394258343182633,6.0830988242692845,5.9218351738129655,2.7638042725667207,2.40375315375723,2.8892547976241905,2.6726215002849156,2.8211263656388983,2.5080691997625477,3.269744767763193,3.211330472814547,3.7677181706701766,2.6764032467432277,2.836383412595211,3.2982998736032467,3.5306429036248472,5.587136331368452,5.241851206444588,3.0233198014483476,3.189930530043894,3.388853066678521,3.3312238991749097,3.5277258956763027,3.6918256024040583,3.7991551151615126,3.911228579369786,3.006131188095321,2.695552231491497,2.962701731938664,5.587540147279288,3.446875245607913,3.276227668817886,3.2364707446267995,3.8566005618064114,2.490109314891851,6.119940575976849,6.392634400483814,5.78458082217103,3.026137764424422,2.7431232700630233,3.0459508527806154,2.2998322965055187,2.307573581624161,2.8741017552508406,2.608418710150772,2.6700934746714413,3.506517416736179,2.899570490292921,NA
Aug 2014,3.965151528230429,2.835616888097001,3.0219311784942993,2.6908631627867865,2.6311974701340497,2.6018863084729085,2.909695908908583,3.1951398292029745,2.9983756384469507,3.6389703679135836,3.2527786134095744,2.3570935974813048,2.4138025059623267,2.621849489977675,2.5825701004985886,2.4504137415974236,3.578868413485924,3.5049866088945176,3.583877145102564,2.6601010524589856,2.6247364408122835,5.027011543449269,3.5569759593881796,3.8211460213625306,4.5256220208142635,4.201933399277501,3.0235666233233967,3.030781483058904,2.8150688429281776,3.6013607025951018,3.0324717457669688,2.5480908227135477,2.6195030689862904,3.0036443892754408,2.751351439483878,2.8478757334076032,3.8256080553839555,3.670807595503139,3.7506727366294785,3.4108769164962047,3.4671496712789485,4.345394604284969,3.8986401795372996,3.636967985384092,3.1231304360705487,2.879526710925695,3.587329042612536,4.36923204234256,3.0808604790154974,2.992044209433847,2.3917051363114026,2.711599352160084,3.0447443654835866,2.649002412428636,2.7424800876270754,2.583761561765165,2.987463766155508,4.886359704455675,5.002953009522759,5.743965995031338,4.407209765262234,4.641387684016456,3.513588657908569,3.7123283827028764,2.3642645834625045,2.6779873833185888,3.3536960922155905,3.888426609374409,3.560415984923918,3.6648882907937943,5.6801391180883325,4.277307820647285,3.657260781880455,2.9933060965974003,2.4099044080458345,3.38201659205473,4.8059104526208705,4.9670305889888775,2.705906051495113,2.573999401430501,2.4488560878462606,2.84924913113725,3.3614693712334534,3.0812728591845415,3.26632954995498,2.8314014651722554,3.646311439374881,2.8098067833842197,3.5037229235370955,2.9819159523890786,2.827892205652714,3.4460477303451604,3.393867980175003,3.783854559419095,3.647804922888075,3.429175338304195,6.1472797122168545,5.98480947735403,2.789221619681821,2.4559174072359453,2.9174185101648757,2.735452107182279,2.804675708491718,2.600285879855417,3.333156061466841,3.211288363803572,3.8474879335437953,2.6667271441629246,2.845756706872003,3.3742204738605817,3.5304358474190267,5.5205210820619595,5.2070702416167,3.0322467956412256,3.16215972460592,3.446740928889661,3.3112027889241413,3.559091544146946,3.759914316161501,3.8249935066304186,3.976048779123398,3.014825174828954,2.7426358664886843,2.9318699122274325,5.697026711619587,3.5116919986211723,3.3408802133406645,3.27024100661736,3.941715788429014,2.5705653375639077,6.217850299105722,6.502428377221704,5.810488742082379,3.0590853750838787,2.7834599113591203,3.0449975480884763,2.2861786176163057,2.3167594292501743,2.86839571569602,2.613242534245064,2.592331663797792,3.504415804494822,2.938630717798184,NA
Sep 2014,3.9967570542993607,2.824217117182131,3.0081894739692427,2.7305510798644304,2.6550868395870575,2.5765935735419436,2.9290797377939892,3.203149587783755,3.0565014859649433,3.611442633539949,3.2721822335412365,2.2731849635772936,2.46856089668845,2.6157615769344176,2.571907322304283,2.4386447473079587,3.5974980903228895,3.5368128132616343,3.570549507472815,2.5960741369062394,2.6217862733242097,5.068079065588134,3.591895117938897,3.816553311626646,4.547385568384683,4.225019009857403,3.0294432643912406,3.0298618895771,2.8002988426169138,3.6305984670189595,3.074603152876386,2.5862804009784184,2.6362074478315694,3.0252266505910375,2.7873703590194197,2.9284515853658677,3.888599180445063,3.700722626351334,3.782163139714092,3.4297677054971634,3.461684391575747,4.3798251730498325,3.905745399482829,3.665027454955733,3.0710549066902,2.872462564279507,3.6393113944565787,4.351028925935882,3.0494946002099588,2.9656141221093435,2.3729511362235036,2.7422770708931634,3.069506623813727,2.63089329358589,2.738462370350717,2.5561591735475986,2.997215252967941,4.87797795149516,4.991645828585451,5.7499043936037255,4.421696497072021,4.662016683730703,3.513616301420557,3.746317348004837,2.358186959179951,2.6903344899186403,3.373220712899693,3.892946865898599,3.550203189696143,3.6874964700223707,5.5453523893791,4.282342129786837,3.6584558501939157,2.9524338752304677,2.3401733224176424,3.402293379231367,4.768047291320482,4.9493431606395575,2.733424709763894,2.610059624736965,2.441131243350567,2.7195386834384725,3.441827451247585,3.090655707403077,3.2149197170584727,2.814515068152109,3.867652938986609,2.832711285668072,3.7403141530701083,3.035318150311852,2.8122090554888493,3.473797922644757,3.3971224476986204,3.7788777315962125,3.6921957041095643,3.530871422594978,6.206682261850045,6.059696996609404,2.773585968796936,2.4124432899146173,2.887322615465563,2.702158066004922,2.807733357458805,2.6438947090998166,3.311667608377837,3.2311863891070445,3.8800815716893062,2.6730785399947585,2.8809214048674168,3.4270437281257657,3.5474281675441537,5.460012915339529,5.229882595505861,2.9858219061972857,3.170828030950281,3.4467408876522074,3.325204723424102,3.5395847799570253,3.8074207819017443,3.9208863540411443,4.015769433415817,2.9957414111574465,2.7632977797341174,2.972530739636295,5.702012644572785,3.5085353219179636,3.3541966368596823,3.342748598189742,3.946395560291881,2.6188877373914026,6.194182384504461,6.387408151880721,5.7224840346163335,3.0473273327323653,2.811281861535415,3.1046124149197087,2.3022240323048435,2.3084072741820063,2.897448106607553,2.6418416316080022,2.698142973865921,3.541801168518825,2.9495898881024236,NA
Oct 2014,4.0466360758234945,2.8527126473057685,3.008429610872396,2.6927112598243372,2.6005916847443533,2.5265150054044168,2.9169137563292953,3.247774675205672,3.0866166261242562,3.6916344439746043,3.231358325022054,2.3851443553554463,2.6281091022331844,2.644257442005725,2.560789346993783,2.484534086634254,3.6173861780323944,3.507390986908603,3.5921210459130215,2.6543203970276803,2.575591266901998,5.118971709498736,3.5970831655141167,3.840601835712446,4.51287590204957,4.289642140075872,2.9374315079950475,3.069023700324341,2.791729104102881,3.680506884918406,3.064190226606711,2.6160102069936264,2.7244489715975875,2.9931891721073205,2.773594578680329,2.950220843990186,3.880189174938527,3.729358837705571,3.811462101892036,3.439260345481245,3.5189077063311225,4.31295736946999,3.9289621709198763,3.6474068843048078,3.07451457013755,2.859463622752032,3.6425913282412394,4.3063761600485115,3.0650434146269303,2.975742663422227,2.389565163715041,2.7503448026810773,3.0355019124821547,2.622249959691958,2.7588422991395145,2.5480580041241834,2.9780553043130062,4.920192840280989,5.024070593356188,5.836729891648175,4.425035147991713,4.684699854011134,3.5243742831553106,3.731254397431113,2.3872822226497257,2.6861578531932633,3.3564390084730036,3.935049357524403,3.54828545463333,3.720545579995604,5.86915177232429,4.336949732917236,3.667080908480788,2.96703725288071,2.361645802445656,3.3931377776192795,4.814913940951691,4.889317955872303,2.7126111891419504,2.616807515824102,2.444123632453581,2.695329107928448,3.3646161178022305,3.1212357925236667,3.2268920725179595,2.795538672361419,3.720994978067801,2.835518403465928,3.716775075894508,3.0044878316949677,2.8216821504975993,3.500444382776288,3.470834204483299,3.802079350053874,3.701780257844068,3.486762011962558,6.039689790993786,6.104206456559942,2.730817916713776,2.422534673681624,2.9514828127846306,2.693128844386281,2.863129332703607,2.682080253599449,3.308434760797281,3.2355946836089267,3.9193139868745503,2.7294681829158267,2.8489995003310815,3.356937225902815,3.4984274003121114,5.619842108157425,5.287727594428244,3.08415806134945,3.1626501765173267,3.4654325304758373,3.383107178292238,3.5324577944207536,3.806046346268026,3.938776865437451,4.057272470191462,3.0394445559443013,2.6677304478174544,2.9384842713336665,5.661321580557976,3.489488697514403,3.356990167109694,3.2352795757197605,3.907396338046245,2.5548004974402083,6.054038768772853,6.449694589702728,5.790917566053822,3.044172535487469,2.8190823738029844,3.048472613345384,2.248925642550759,2.3397931211055223,2.8785246001397664,2.658692566565765,2.7317514707305914,3.490903122564838,2.972273157706192,NA
Nov 2014,4.070053945239746,2.8916778969757115,3.010995993989784,2.7373528001818626,2.5568766531029548,2.6205048244381457,2.9338195679725843,3.2114020909022747,3.0380796565186423,3.6815216105155404,3.2423853995750362,2.272795492889469,2.532736209485107,2.6139976194759127,2.5978836739600086,2.416826517816567,3.644306094663899,3.483361856692767,3.5687361092690395,2.6582417026698484,2.616145824231852,5.029011737079909,3.5969336943617147,3.8666654644437077,4.558535826693261,4.268292924304284,2.999604028966125,3.093343820073746,2.8155798337119777,3.6543439996757847,3.0722710116316643,2.607905967463051,2.6486527784512304,3.046304103871802,2.7418307234535035,2.9433872485394232,3.8759549450837363,3.7500273492493847,3.795909523799189,3.472528261901763,3.492609725931723,4.2922389989599274,3.93161160403481,3.6970037477499935,3.1628180649988726,2.892067196761537,3.659291451588605,4.394521645518796,3.0506021133717502,3.0027269443515627,2.3747260691807055,2.709039282216293,3.058866666720201,2.636353577920935,2.7555652014462573,2.5786488006916617,3.009794542074595,4.8465280801208355,5.101873962572312,5.7549575587652395,4.400184751601478,4.707335653527418,3.5288718502640894,3.730038129663557,2.346439332937475,2.6521674246150218,3.388451225560797,3.919262199663579,3.5883023652906414,3.740426849933697,5.913068626711984,4.32058011438993,3.7102127808569914,2.9615096715793445,2.422689718883708,3.416081513291475,4.750054942560204,4.9027635020922995,2.6367504733683353,2.6332847207571928,2.440106328203357,2.76689501789444,3.39279713703975,3.1177589927616167,3.148630972788066,2.7066120285416493,3.697836512452154,2.842133471656667,3.814918195585574,2.9824944082141136,2.901093099370238,3.5145844999453146,3.488079457535382,3.8899254580770983,3.710264176836536,3.500081036219156,6.097986604692451,6.136357175128814,2.799442043251748,2.3806611939928066,2.917831032755785,2.7085091700866832,2.8236620919807276,2.62225501265639,3.3888805755926708,3.2655143728691765,3.9070079138322726,2.740522122764211,2.8671954416217713,3.4051026857355415,3.5754959940446907,5.453443096883168,5.1246069792218405,3.0355151443224173,3.2149458117733265,3.4920184595515913,3.4066743561580886,3.642151691239216,3.8009418908344594,4.008563474553922,4.03484197332443,3.0644237689886618,2.7113957927651655,3.011238117891972,5.677537893622618,3.558622365135661,3.379200429483981,3.279462897271031,4.019571294518891,2.564649421581018,5.96276476399126,6.408771034750159,5.697828342428541,3.0580740801681614,2.812883593125124,3.1215133637713017,2.2627583275228855,2.343528824488515,2.86585547062049,2.5849254039001432,2.7238223676547832,3.5162959147763426,2.9576670920320893,NA
Dec 2014,4.080907967823306,2.893028371067678,3.0667588094244382,2.6658351654388497,2.605847173303259,2.5767245330079254,2.922539710225819,3.233037339862136,3.006853491010831,3.6777965867346225,3.263571784733639,2.3313200781350605,2.5515431364416834,2.6094159320118155,2.5931769915787646,2.502264779056739,3.6349144255621626,3.480933994979372,3.6593819057011783,2.718723012098712,2.5989890923719705,5.0671445567135684,3.6094338480799144,3.8796512480905188,4.460891792893967,4.242877022168657,2.954607432089054,3.0811961642468506,2.7759070975928473,3.66740705527897,3.0293340825525314,2.5869437614685458,2.598923521042897,3.047202249799332,2.7616366116692532,2.9454794057980256,3.932337821177816,3.814975131248722,3.802981711132662,3.4772842407196425,3.5424214822238786,4.27175671390633,3.980616935582003,3.711016340587209,3.17093848142942,2.908100194523152,3.6831474495294354,4.422894789392007,3.0106935297464568,3.0132464773508496,2.3789849994304,2.621034894384386,3.0571420210984916,2.6643155305769914,2.7836789954288315,2.596342302832575,3.009341796435997,4.9542240659545564,5.032594694227027,5.791206022299979,4.560943575752539,4.714950146430529,3.5218794872736487,3.738338321162333,2.348015845504162,2.7012350299276933,3.398377437166972,3.908964383429091,3.5954847273823023,3.7537432026787467,5.707522921449057,4.39690517310253,3.677549990401185,3.044606050315423,2.382729810540335,3.426574452664091,4.737275288596542,4.887295983446429,2.6305724347773993,2.583983158120938,2.4441359318572946,2.7239160882739792,3.4215995875606664,3.1397395847393046,3.202786753503443,2.8591521706815377,3.88143808440331,2.81899938146893,3.8627557442503524,3.0219910802515804,2.8919148883038894,3.552302065578274,3.467441260663712,3.8298947595912503,3.7729668781104744,3.5225437933542874,6.144509904179749,5.660580713659205,2.76618882714863,2.4374641664381222,2.9411467115865477,2.7646898186006323,2.853833585917107,2.599451984444319,3.3585729499075416,3.301989108912271,3.9041404861131066,2.6850735367951777,2.8762900845205115,3.3776403206395313,3.5997933951338044,5.799040356918247,5.294058313774949,3.025535710539775,3.215894904368347,3.464821911040322,3.3504794705857264,3.5753859686741642,3.8063599727968453,4.0602558812755944,4.121373302216063,3.056829117324003,2.6562020687315906,2.9597128872380405,5.660676054798752,3.5675754123235146,3.378258848059475,3.2751641640813878,3.9752615835697775,2.6176724094911195,6.119890523261317,6.442330473683422,5.720214010941792,3.083065353121428,2.8075405507412903,3.083196859697212,2.302484115931959,2.3393594523268026,2.895232375022941,2.669356749720869,2.7442347089802666,3.54877362679696,2.9728103779792843,NA
Jan 2015,4.115009480377521,2.885754563304935,3.028542245794419,2.6836815268586207,2.5351568522708368,2.6275943155650703,2.926784560832721,3.233169719907784,3.099798579874619,3.6790274842113506,3.2717437755875887,2.3059227249018517,2.5311255680512375,2.5988256040010613,2.568743106704828,2.4253662861722183,3.636968025450157,3.501945065874156,3.6499855417452673,2.6454996961521706,2.551786939835543,5.108833751797732,3.6014268734904578,3.8509160578137913,4.565112341102047,4.277540194821361,2.932877849631879,3.054966383636588,2.7939467192510787,3.688868174341477,3.033827587952697,2.5366877874108456,2.5787209934794704,3.0372726985901966,2.763788280109285,2.9202684999566473,3.8946128228107675,3.8035116337454746,3.8340803894544306,3.4827864929824637,3.5053279315891106,4.297972396928673,3.938619492178295,3.726099764799835,3.106408830783026,2.9055480089777355,3.6745998106665847,4.415421951679863,3.0763267248790465,2.9941094620645337,2.3710631613532533,2.6625126541820663,3.0039121898760315,2.6442486824245752,2.7126992475654306,2.578154541575548,3.020163750411033,4.9513673004498555,5.076767326636027,5.640556242905207,4.524287652236602,4.746837053620754,3.534919531438206,3.7397992506437268,2.366633082258539,2.669259374005509,3.3869455637513597,3.8883471757170573,3.6529531537883666,3.784941470652117,5.755709226628615,4.430788243916559,3.7088248784976567,3.0149858545790877,2.3546499259417604,3.421210019149116,4.750942554092171,4.829316922005979,2.6351116872166886,2.677977751540799,2.404012916340017,2.8760450866836917,3.3646979468065625,3.1293755304762976,3.188049996957907,2.712070727828574,3.920059429137981,2.8078497776370375,3.8453954452188785,3.061387403140566,2.9312229367282665,3.579371786469111,3.4092932612640383,3.82938819836242,3.7302282863602825,3.5274739646009445,6.00236791597338,5.984677204424439,2.7645321650138714,2.438012853829429,2.9487269757703305,2.7546586591229545,2.864346506807997,2.623422372503041,3.3373984797897,3.2526043556526716,3.8931393814828907,2.706871218845501,2.885506813197806,3.3702089306817777,3.5802934625092626,5.592867365996048,5.220667581450117,3.0332719184732437,3.1780674563422924,3.4491337162343947,3.3840230423476174,3.5524434505658817,3.8220929773270904,4.040031887015101,4.035412931915075,3.06887399782196,2.7122463115509974,3.0341173705452325,5.633645984082133,3.5609341198181514,3.4129269834703773,3.278501472121205,4.072094657405116,2.580007388082759,5.983087522206218,6.400122876434657,5.628265395664332,3.0864214562599845,2.7739968544751448,3.1509285113322774,2.3391365182457826,2.267532814485113,2.948916746087168,2.5512071500701663,2.7136182150478394,3.550855938156502,3.008240591307827,NA
Feb 2015,4.104252802792349,2.8595264189204843,3.044096513856321,2.7484053465221505,2.589600362988712,2.645373198237772,2.9177821704423277,3.2322996265169004,3.1074010103231604,3.6864095334802376,3.243206476341086,2.223873895785826,2.5052950506178187,2.6537556160565585,2.561780560675369,2.5075557596012175,3.581329142596809,3.53775509950303,3.6582021755327023,2.6709222775102277,2.622555539214911,5.093610164563056,3.6014244756148477,3.893215805798038,4.528220133029654,4.3146537896891415,2.9869257454339837,3.0331361018067176,2.8215292840299337,3.6790764157421325,3.079434320900377,2.5752973665617325,2.632482437475866,2.9917884637933936,2.788535057034565,2.952557544362527,3.943686046796915,3.8005754725791516,3.852462900241969,3.4911881242088123,3.529325545288187,4.380463237349966,3.975225074094926,3.6730282763438677,3.209168274834406,2.9230386276518936,3.731353952246989,4.406229356864364,3.0688380086423432,2.9530069343588337,2.386094847408851,2.7831619253570623,3.075149518017555,2.6503053491816355,2.730286030032388,2.5901344564844733,3.028814298681772,4.881050516235231,5.069545799341369,5.746696847575557,4.557286944549975,4.700717439099141,3.5308705778911817,3.6758445596993194,2.3672680124893835,2.6854552823071627,3.3810455585863877,3.9625163838964235,3.6664846964036437,3.780826153350419,6.064262280543114,4.413607801619262,3.691273983106221,2.9405152188599746,2.4217984985739194,3.394304580373404,4.855872017478456,4.85233724628745,2.6664935075535063,2.666965286955563,2.443057926584202,2.81680796868728,3.411125830629122,3.1249104610511806,3.199387074521641,2.889447885119954,3.859584928726376,2.820084786625501,3.9631388659158273,2.982192956304136,2.8567885693996455,3.495143320721442,3.481789820735587,3.862980846743897,3.8028025642532883,3.584233121064574,6.080216425023893,6.105537232638112,2.795385217271808,2.4319941787536257,2.988995312431048,2.7350081146715723,2.856310519222614,2.604716183735167,3.3438365055626895,3.255341984272211,3.9154884460196726,2.688692055340365,2.8088968662980394,3.432984455641797,3.594922496113443,5.443234351569282,5.252879469089463,3.0691334342511323,3.2347184301013217,3.504285090976414,3.4289215381803784,3.5684586233269644,3.8063670731662054,4.217163632811653,4.0874565650387815,3.0356839786729397,2.7197946762533447,2.945436691442934,5.714490912094229,3.546245495007836,3.392250963427317,3.2737753250204706,3.956046101155704,2.5775715476262056,5.899028386514141,6.239816651029482,5.698154773664581,3.1218097119332926,2.8694112575316155,3.145191824137445,2.250369682276673,2.3066936795855284,2.9470044253637866,2.647547843161425,2.693195252901825,3.5799857036952676,2.9664509549763554,NA
Mar 2015,4.132775062926931,2.895966617004243,3.058869710494971,2.726666435656443,2.5676738414282143,2.691607787805273,2.898796317216837,3.2730941402371103,3.0677785846028143,3.733943579556939,3.241966369649902,2.321586742680423,2.4462958032679265,2.6355505091288647,2.598028557604073,2.4538308389513337,3.680142358694174,3.5249091542208113,3.644996496604995,2.6852541126799268,2.617082623752808,5.156117561700467,3.6100758305755902,3.931234184428164,4.488932931796491,4.3288238475485254,2.9651369390295934,2.9903853423402733,2.767790682527401,3.711873005351185,3.0886233153649987,2.6473977292379467,2.654204513110456,3.0363755717831786,2.7046105658160826,2.943854742504124,3.914824396595627,3.8476210756662215,3.886989322688926,3.5003698245523145,3.5213732582227943,4.3623260935444295,3.986154685112491,3.759012836393091,3.1458309959980006,2.8929738943073593,3.753350306705813,4.469233030604679,3.1081392216962627,2.9830771394515687,2.366515889642254,2.7372496103487722,3.0433849350042963,2.6551133006191825,2.739566840983488,2.627935110446673,3.0473175285153835,4.984189506798729,5.104552458591719,5.926433294945559,4.655953243042758,4.666971320272171,3.567435523078021,3.7401486512616984,2.3988051039889235,2.6947761066002065,3.36929910702411,3.919235350446022,3.6604358277280364,3.813471833247673,5.947200430009975,4.369324028692873,3.749549483628534,3.0152019891716666,2.4032419797306854,3.425296704071087,4.835561563017404,4.96759339361035,2.6368961491992975,2.670150122496958,2.4078701150795703,2.8039977410581955,3.3738497421435834,3.157205713909044,3.218436385217714,2.786149426628976,3.758194617945366,2.840595243817486,4.06338210135261,3.0113287846814463,2.877596094819186,3.5823986774347123,3.524507695587621,3.82433710194108,3.7403516283265543,3.5934846578580513,6.1134287336891395,5.9958557561311325,2.783132178622594,2.4530459921700896,2.98978831934459,2.740979906696579,2.823980532775242,2.6275842422366398,3.389250294396401,3.292773579298493,3.9469759346476807,2.662781867301524,2.8025030414496834,3.4800655826781446,3.5895448414885296,5.467741956107829,5.265230694591535,3.0967534427948067,3.259806797122264,3.537813226768029,3.4475136243214024,3.5449298450820588,3.8867566524922226,4.303806081579853,4.174748450524288,2.991248997179459,2.6611876235641905,3.003160671886948,5.775259016159342,3.5847159927659775,3.4275544449301725,3.287557009678785,3.9956233952697078,2.5981167806258556,6.113429213584106,6.376198154396347,5.786198831899296,3.064701935003842,2.8039285814608883,3.12722191330326,2.2524972800201795,2.3397184903556427,3.0380864268547745,2.611089985068122,2.743513403148754,3.6096060876448575,2.9898865623017885,NA
Apr 2015,4.185346490060835,2.893209537982963,3.0770713457830263,2.7280262833892572,2.6248316063865045,2.67618132415538,2.9384712634055803,3.263880357294055,3.1249259355114427,3.796174896962699,3.301084283999623,2.346917427125654,2.576515669176655,2.6389184778258987,2.6363311476747118,2.481430975507369,3.652637049485251,3.6028765442317052,3.697236987182343,2.6613458779429107,2.6675168214992593,5.215382706572232,3.6898472452840725,3.9482291257594246,4.548071798364124,4.404679252053074,3.0103939687385433,2.9915553425617762,2.7662048358095817,3.7068116898343684,3.093122395057198,2.61159049941358,2.6416416320886094,3.018975516307101,2.7855826149036385,2.913830174333976,3.987650508992084,3.8835311452992873,3.888577887102245,3.5498598172970457,3.5637435777515067,4.456679107910254,4.04748481510887,3.7170658138882287,3.1885808325874034,2.9347942565433716,3.730856253336349,4.536154473129656,3.045952466381139,3.0579194344733,2.388166420769323,2.752418894746213,3.1204826267934207,2.6706101590703533,2.740435037222552,2.6435651489975602,3.0746090019634504,5.084301032792629,5.160178616460602,6.0111061182249506,4.675530809917132,4.814302046893665,3.5276994021182673,3.8028813016759058,2.4536240328450054,2.720036260882612,3.44249056579732,4.017016345716756,3.702709107773639,3.8871695723343542,6.001519944478399,4.460543101865194,3.7662412196281694,3.0483848710640586,2.423405347940137,3.452501975349276,4.830482448946897,4.9641343416051456,2.729455582333391,2.661940044341692,2.4795038552276485,2.8136850732952645,3.3689916331870986,3.181921773271023,3.2110807500889123,2.73260240885144,3.8938905708861014,2.872043260990146,4.001931160493006,3.0298646250144468,2.912867775031501,3.608194554756209,3.5651883131095783,3.8715876104145663,3.8500269765205646,3.692395847061936,6.2441387233728705,5.977011427754832,2.7932723542891096,2.456484792330782,2.9311851233726274,2.766615732747094,2.8923675581000334,2.5987397128966423,3.425964238708009,3.279587443046959,3.969100921047992,2.681945960837427,2.834013488283442,3.483653532497849,3.608141129770366,5.448364737263139,5.35674059329462,3.100223164826217,3.2081631534265433,3.513188045461208,3.473712772880979,3.6678863042030176,3.8814801409300044,4.3054530667109985,4.178112750037175,3.095604864863494,2.8030792744645265,2.941843937800366,5.77182280098142,3.678078941581524,3.412252068497485,3.3382735531025123,4.073161012328354,2.644307094401331,6.135716304068325,6.606939902213825,5.819525373160931,3.127335775647808,2.899618906375577,3.085015822457415,2.2582789399515737,2.3610956158714105,2.9619900983432,2.668255815288631,2.6523384382931594,3.6536734325451294,3.0420340802686026,NA
May 2015,4.244033652807069,2.9024380927185605,3.0759750401648356,2.7364944020585376,2.6296977978130283,2.628903470821186,2.982575445714652,3.275752165192807,3.1140310072768997,3.805649481855397,3.325375659080183,2.4333318954206224,2.6704622940261147,2.6422608003643977,2.6244841836940282,2.4495335377055856,3.7004486746100653,3.6126974830412943,3.749169096353283,2.6776860035876067,2.6707626356335217,5.337549616115842,3.679102481939574,3.9619653673794426,4.699449242473515,4.391920863321833,2.963912277180221,3.0015953702298233,2.8271439626875328,3.774453384736108,3.1266171115403676,2.598922319654373,2.714211039087066,3.0564333324214297,2.79540118735284,3.019651015479401,4.0190211736890085,3.938612361804379,3.9852367732946763,3.5777577559760605,3.6265520787433188,4.538272680134137,4.047172948624452,3.7895726380571664,3.2163734999288094,2.909927136372474,3.7688482075139107,4.577108812908858,3.0942878472587094,3.061127757825612,2.412099656269057,2.7556958380791277,3.0682785009488986,2.660176691427614,2.7602165791818902,2.6383028607234547,3.071276429043822,4.960752224074967,5.199464562459385,6.142737568252715,4.742073010013995,4.898842142703395,3.5682216559136695,3.786680693821145,2.3977976763825515,2.7567292827534975,3.4138001469286534,4.0128921884049555,3.75200469652971,3.9159570962765793,5.9567968417645405,4.544224872638369,3.8434315088915048,3.031209554182725,2.4491066063033102,3.5454562228225215,4.925089391787526,4.983886890321736,2.7025162735764567,2.698319617624009,2.4539946706206903,2.797806827480115,3.4223588323159873,3.175058813876438,3.2950631431979707,2.8070082021199054,4.0557039596346405,2.899036817981925,4.176530773982059,3.151999578533889,2.9225052645396414,3.6208998210755983,3.5407330097568805,4.0289352940835546,3.840493458024492,3.6727675606181824,6.2287058290380575,6.18571449443477,2.778468104338472,2.502332511216109,3.0039226402694963,2.7576079656872468,2.9146164868274003,2.630296904760183,3.4449453168549238,3.338571823660604,4.025464168663446,2.7351372388076722,2.8911626364326612,3.4898952230934537,3.644879068679558,5.539036653490043,5.329384797948628,3.15807112105416,3.209224118858068,3.5446365965290374,3.4958183193172085,3.659368958346548,3.9125336311464127,4.338823103764637,4.262135453269316,3.106735231374656,2.7246876210916917,2.980419842547578,5.8775123473553395,3.6923105012963404,3.453518413399524,3.3275988979874382,4.1697861653485715,2.602642633628677,6.110971472424637,6.649881046806584,5.757136781087259,3.103097254198986,2.8268905924101775,3.1763506966268036,2.286826580356285,2.313525653694033,2.963016892269316,2.6442166303685766,2.7128736181616104,3.688270835729607,3.070490467225214,NA
Jun 2015,4.30228520577635,2.936295689654018,3.097470703160878,2.7331959025638035,2.6076891224102354,2.60161070098225,2.98471172819174,3.3185828025243715,3.164814866242455,3.8122700817427444,3.352439171728397,2.426554884182929,2.5873420494340404,2.6475971879018063,2.635999275987753,2.4753913526788276,3.7086316420837417,3.5888587573350272,3.7358952563446346,2.701762322094997,2.681760210756027,5.331419344922974,3.695647916844927,4.011092457463032,4.725512504167642,4.410333998016154,3.0821579218713677,3.0355622130438387,2.8824638841434305,3.84604936384048,3.153446642735895,2.5660242379169778,2.626126249935478,3.0720060339189126,2.765184125055337,2.987470661717527,4.0780373539404735,3.9189604944265612,3.960681552688781,3.5687596103134376,3.6136408787477468,4.531435056608749,4.130742374074714,3.780823438873975,3.20575357487813,2.952046479774407,3.8269791648167284,4.601016814276092,3.1547648636633654,3.073305649651431,2.4464659901582366,2.669056813354696,3.117693676182708,2.6638007537287676,2.765428923091831,2.645605934223496,3.1014203827588998,5.193239977162761,5.27300524933835,6.05149156238523,4.775635786584843,4.947703452327347,3.580396013171158,3.7843879904996465,2.31686729257114,2.743703823427269,3.484595807951002,4.051625096681873,3.7941498276644046,3.977849884996311,6.193047640661659,4.627659617932405,3.8664637711584318,3.008935864235964,2.455223326038187,3.515584551189025,4.900013131848388,5.049994222138066,2.754356124215966,2.7024600078119914,2.492772775361268,2.878097596873144,3.537973738696889,3.21488351993527,3.324189377313162,2.8473243487429554,3.7590235083771284,2.920342810311625,4.163393463263849,3.0686736695702397,2.945826740446737,3.6822113358752158,3.5828379250163507,4.0421671930690595,3.883416176177432,3.720600436933019,6.243869115232303,6.380859140405199,2.8058319394545475,2.4165676618817344,3.0532374095335126,2.785723558753152,2.881611735670531,2.6365635087155974,3.4755993718814557,3.3837644683868437,4.057849913739399,2.7217095827062523,2.8712107212679423,3.486726214547865,3.6742885726617667,5.730192896792331,5.4487223401767695,3.1653761088880636,3.267904421618937,3.6199675239010793,3.564576529401187,3.6879731398179607,3.956240538949071,4.376323811612858,4.253197233184473,3.081279627011355,2.7718846923715734,3.016754288426338,5.893115192844956,3.7393536938242704,3.469845603950231,3.3963117874506135,4.145781548716918,2.606893978334805,6.237530525420434,6.815040038293733,5.970027410301237,3.1434595042423505,2.8897450286061654,3.166231183496989,2.3152900189564036,2.3828733804927364,2.9976424063580183,2.6729573296024123,2.746558739272845,3.6535108011028012,3.1478289671626536,NA
Jul 2015,4.346310042114095,2.96020559952603,3.0900273592532637,2.7618364424022115,2.701312893242714,2.6806599556022803,3.0042992476643233,3.3354511246420167,3.228087031232024,3.83379616162093,3.3488478751814394,2.373582436179681,2.512389968310267,2.65782833042547,2.6326569167308413,2.466854459527,3.7705074735401505,3.613738814609456,3.7298835268387283,2.715218295593929,2.6576225981829453,5.37655744397958,3.7468545229080275,4.05973940540703,4.754173888129431,4.50928686023945,3.0472007463918045,3.1229148021829096,2.8192152342183134,3.8634557935628493,3.1374071388522986,2.5970143291918366,2.6671760472689385,3.097624262496447,2.8006061045985766,2.980985021733846,4.160356116814672,3.982602567040237,4.069065281251743,3.6103193839974974,3.653782408228488,4.70259117790243,4.144370008085657,3.8437999461882324,3.268226235136757,2.9754766088784916,3.870670101519303,4.7077972136163275,3.144759274780881,3.105987049297126,2.4638374587850964,2.6736074684531657,3.1319823184931397,2.6686291025181976,2.807526610860563,2.6176313759406487,3.0921636050222,5.272575786648816,5.252254921239031,6.328096965875222,4.795949405266337,4.824541785251075,3.5949198296488625,3.861710051997577,2.3237349369392635,2.7263215620878953,3.492830582962993,4.1386548741974725,3.8154687736175936,3.986407423404634,6.170544165188014,4.686059733634447,3.893392594367874,3.073762111820765,2.4132610984576326,3.5192970733959794,5.040761797431201,5.231169028142398,2.734518611661662,2.6380665357877606,2.4449236905253886,2.9311417435757083,3.431076818143021,3.2107198704418796,3.2563406017710106,2.8468736477877754,3.7927732203151168,2.939756097302222,4.13178194566412,3.158521549445529,3.001275173334443,3.732796960907441,3.6166467061608683,4.019968127503281,3.92697391785908,3.731205368751176,6.337719623890773,6.521509359775398,2.8142007054787346,2.487730599786811,3.0566177918579247,2.811673985073259,2.900361479859808,2.656654575305157,3.4845536624364475,3.3695371606205557,4.116519826703319,2.7437846602005487,2.9032630295639983,3.5629186530095347,3.6810149352072585,5.637785331980252,5.575375812655586,3.139506955023498,3.2399611254361687,3.603369223920708,3.569575586580215,3.657283353981715,4.002688243730041,4.521782758951361,4.374847907841498,3.1401006280995394,2.724655928815153,2.9863106265669943,5.999810521386539,3.778241517940445,3.4965872568491387,3.38845397115837,4.1729332947849445,2.6484006222651786,6.272125766665081,6.809527527089272,5.870305953637505,3.1503755423226956,2.834190798553636,3.219950525299115,2.3274711696599355,2.3567955279130652,2.901406625837618,2.6289765718866396,2.7466835724735836,3.744659090563403,3.106909096146479,NA
Aug 2015,4.407815055409448,2.9754855252494457,3.1856137465967835,2.80771147501678,2.630602375547453,2.6900888612205534,3.024503078591364,3.361322899879864,3.2641587821069895,3.902043930746073,3.3525043212173795,2.352618861908376,2.656391011797393,2.6921876307850527,2.6658111412122896,2.4891425270683483,3.764936763518114,3.6609971224528697,3.771502625967295,2.710580587082512,2.69424679411721,5.434273200404473,3.8016278129582384,4.061251031065952,4.869325790041307,4.593142776522655,3.0772287925433304,3.100213166886508,2.8989651225385846,3.881080486183293,3.1708793171482936,2.636640497508175,2.640941059453568,3.1107766158030374,2.8221035382982422,3.0281354963969958,4.145853502958379,4.030929282530743,4.081877755627083,3.648699258797553,3.6599928099833368,4.721449045297631,4.190880645867953,3.890582373312082,3.292099977494661,2.956238547099585,3.9418061710978733,4.748814626018541,3.1051010085230133,3.0985501984579953,2.4252008896422126,2.7321023266965274,3.158640284888071,2.691880426817499,2.8397274569298494,2.6241416874933203,3.121587943948219,5.35983975528928,5.4272008379425944,6.3179470914002644,4.970902320019316,5.005042585760677,3.6435126894305863,3.8236429735678406,2.3731751994724575,2.732679707713444,3.500967675496197,4.183763582773826,3.8314082510524248,4.029938175404678,6.226954523571169,4.73037399827597,3.938798004613672,3.0526624704601746,2.425796960776325,3.5610818057994647,5.122552115886736,5.1811266217222975,2.7632651336312843,2.710847185553565,2.4877103186336207,2.828031296760252,3.3735606868236143,3.232111878118116,3.325929877633159,2.887976513318415,3.893570578321634,2.9277839674638915,4.259080202980301,3.1827612602793134,3.0040663587150536,3.753720370866841,3.6757811549755064,4.055987455854292,3.9504102124541234,3.7825812925275097,6.5162449157111615,6.374210444711277,2.8230929305719403,2.504331411710365,3.049552153605791,2.818373311842876,2.9576545183059046,2.6508575219466692,3.5315889023188327,3.4061106756004143,4.132035357695697,2.7817137053108016,2.900120798289293,3.582784709262882,3.7043829256144596,5.669038930421276,5.566351619566932,3.181841963815917,3.289283313057793,3.6467727054406547,3.5645196104327854,3.654540565745228,4.0347347309804285,4.5017259993786105,4.378875697050857,3.1215499598866008,2.7149726429482386,2.9828960693632762,6.080185078653391,3.8380785232591235,3.537777278476165,3.492438683805975,4.240556888586231,2.6002888414956202,6.289230163581194,6.8106895181925315,5.982995447259487,3.2138390019068384,2.853379395714964,3.2078390335813007,2.2591809216934227,2.382723711444269,3.0246730081956366,2.6882239896506173,2.7957625274753153,3.764501248559227,3.1988538436522713,NA
Sep 2015,4.433459489460453,2.9860592497812455,3.1335903381176298,2.806418859471903,2.650879268095978,2.690732311362239,3.04446429663064,3.3837122475698806,3.189175025677151,3.907513258045915,3.379577483235059,2.3505494644889673,2.5526639968647165,2.671467141536428,2.6806201962903984,2.5192337975459904,3.807717037827407,3.667780640066039,3.841787637452829,2.713464102959252,2.6835204635955154,5.478812566886437,3.828002099357969,4.116660122568537,4.937135793422828,4.58675794850219,3.0464149065487103,3.120345824543558,2.8352309166315695,3.926504110825918,3.1696342599907186,2.6069612947442646,2.7330320287988474,3.190670799444788,2.811098990179569,2.992746959940294,4.162819487886034,4.076027872903836,4.095569025371166,3.64667291372285,3.6670197843380437,4.740934613194345,4.254838126665774,3.907752669656752,3.3542009898059986,2.980087611801775,3.958467904213777,4.844662101854103,3.167642216262037,3.0948659177003135,2.4381758638537314,2.786574215952465,3.178564547430736,2.7239339927710304,2.892288754904728,2.6561471336894362,3.116643448472939,5.363215373422659,5.301644737495417,6.356003257647424,4.952283676252729,5.035528856136949,3.63854939990026,3.8831714906200565,2.3833518616383347,2.7617189061728147,3.498885475781165,4.183219717108584,3.8791559024249116,4.069435434524066,6.322646311394502,4.759458841476265,3.9913227679570777,3.020039372674717,2.5046950812589697,3.5620946030913334,5.160590065796375,5.256238875496665,2.8707958031082326,2.709025807516465,2.5855783801472563,2.9538856135368303,3.55033343857541,3.2082909953865557,3.3502551345999043,2.8424882085828984,4.060932422388526,2.926717441208066,4.350559564127315,3.1946640170470935,2.9665024071106996,3.783609910435531,3.699500030175034,4.113836098136129,4.078664049814905,3.764888530068788,6.513606353650629,6.245331574508105,2.833109514616081,2.4018829759533427,3.0621298646008497,2.8178019434072255,2.9359722930382324,2.751062335323851,3.502128789272594,3.4311396216590615,4.130068590886963,2.7364634631062628,2.9030878584137283,3.561390818677557,3.709934804784413,5.8517732791831065,5.7223737657827165,3.1833343307996116,3.309663604243101,3.69030921244526,3.6221643517519593,3.692774181492782,4.070242274606074,4.533653891403857,4.504067738972916,3.1765706479256623,2.807905789503457,3.0185776978145875,6.115950291988937,3.834458680755183,3.570957327798266,3.4280775627261817,4.334469396375908,2.6772807643095984,6.359609388909366,6.918851127075208,5.889711857866535,3.157282685107899,2.9328144562718785,3.276673307265009,2.3282077088031383,2.3120130705020925,3.018385006014444,2.685666070308019,2.7191482622537593,3.73094353695154,3.2030130712735447,NA
Oct 2015,4.477781448261341,3.008418374376446,3.116067474830952,2.7711428977125103,2.6878814239079003,2.7069706028755025,3.039457839788286,3.380514666857819,3.278435445472399,3.934518342987509,3.3715790303913757,2.3406274539225085,2.611506845897892,2.650538573577697,2.6864669694900027,2.532745428895231,3.8371232068834455,3.700934875033111,3.8202349196072727,2.7217662167918593,2.6960736202708127,5.512328049614392,3.8457204491424024,4.1156593185412715,4.938768078824105,4.720114545935607,3.056674927884138,3.1033719751642104,2.851862625937551,3.944501780627374,3.204907340021407,2.660133525927669,2.710791530628907,3.105272701772148,2.869233388379899,3.0696604779527865,4.273592101090388,4.086981691379064,4.140776571269165,3.7068147935127365,3.7267671558106743,4.799244367151297,4.2026131506011835,3.9406106802958782,3.3294166772927585,2.982609869894963,4.018348625808637,4.885121605288214,3.14030626052728,3.1151832274143145,2.4215149389933766,2.692972164625484,3.1463603719676194,2.672174552762744,2.832357937568385,2.6328938131909325,3.154661719285661,5.37865599050508,5.453701305521098,6.347997538227578,4.973360202374116,5.087431597492957,3.6470957285526824,3.845298105329254,2.3800911286386564,2.744072313779197,3.522678486719506,4.262714570534813,3.945803852939809,4.14542969640501,6.3830249417776646,4.845952101465819,4.023189779594193,3.121774212251571,2.488597722403067,3.56795499406407,5.226719862339514,5.37141064169883,2.757594524660015,2.69383795624551,2.480034861670135,2.8402088599358715,3.502775881477804,3.2497253606530387,3.3318527771412354,2.856417848074465,3.932085000137553,2.9424552494231113,4.432394409970962,3.203268768060259,3.0429997007231426,3.8610578336729033,3.7148606479675887,4.087503255305551,4.0504587872395454,3.8393868286147845,6.461959238760813,6.242236146405387,2.8357879820352525,2.4300304187969286,3.1057649956333604,2.8324738101844344,2.9602034248179776,2.697736951842177,3.5485744486744295,3.4692981664023383,4.145977008597415,2.7246692257238827,2.93593825854984,3.5596160095070544,3.7270151634650808,5.7954950993012915,5.726716454663411,3.1711138361838054,3.2840936503074434,3.6863740444607087,3.562682380948548,3.658503218745923,4.127520680826682,4.5350565047396545,4.560541234783331,3.1626207894663136,2.7598925596267034,3.0293345115913195,6.186533487714777,3.8831469690666167,3.597489105654001,3.4711032488066067,4.2727314326096515,2.6979545255104553,6.375781193723269,6.865259512304162,6.030474665057359,3.1675011930703,2.9065598900358527,3.2692257935566307,2.3280743976184306,2.3314604273145543,3.0134645714123325,2.6957526726293373,2.7547232679048284,3.796602715278774,3.208640838185697,NA
Nov 2015,4.520347380814749,3.0704322796061336,3.1355545111354495,2.797802810036452,2.7258660185482757,2.7176381886766765,3.041571466689943,3.397158456900996,3.285090034627734,3.959255998306329,3.394771748115974,2.3908927024864997,2.6033350324427604,2.703184534397683,2.68144176421703,2.5556700828783443,3.803775851032981,3.690523131084491,3.8204486291780704,2.7285197444931617,2.664929668778281,5.535793005928679,3.9018721790400552,4.14726739954361,4.9514953841979175,4.72051289138987,3.0513452640262133,3.052943515589779,2.8377108701675082,3.9243136141582893,3.194970291998648,2.644998165327149,2.681856541516189,3.1150351699834826,2.8737139940492673,3.0216328292057644,4.297987619166246,4.179113847595066,4.198575574032493,3.721998336190173,3.7535028344609054,4.842316541028471,4.299119937030918,3.910954560580862,3.2732308081674177,2.9475380322226448,4.001574224319916,4.940473023845074,3.189968584264777,3.122054979810905,2.4362856350580433,2.7376625426140495,3.1547773829125303,2.69298318640844,2.847157263435707,2.6745598550214367,3.149569019909753,5.533092070464155,5.614431962800758,6.485434161573836,5.101457702110589,5.1355540501588655,3.62013915004984,3.874655052119779,2.4354401031304795,2.7960763777344586,3.5508524843564726,4.287206296346809,3.9635181053031068,4.14396340917021,6.478622615079922,4.907585072691955,4.0305650404173505,3.0796200094328205,2.4617198997576533,3.6045602621589463,5.254045970248952,5.224016231659002,2.825684375921638,2.8039304940001255,2.506504138236094,2.8448192661225473,3.4445346217996917,3.2646971815685197,3.358516709087012,2.921235257982505,4.060345911928364,2.942242483240982,4.539378003016594,3.2045813313918274,3.0339729171051544,3.8925673742938462,3.729177994686775,4.142931415427749,4.078436602063951,3.888283229422639,6.53251970230227,6.415050063790441,2.8689279790714317,2.4540604826846986,3.10118444502797,2.784381935297238,2.942006836855408,2.7655875744985425,3.5806469777258165,3.531767792108422,4.164003772731495,2.8269328720138307,2.970999296404261,3.57335822265829,3.763108979585959,5.837850842205606,5.687393085662346,3.225001163541802,3.2487339819230234,3.7178859756641955,3.5579331067248563,3.6996780486736003,4.098181275469589,4.470172372932257,4.660981806709647,3.2014608135584592,2.793196615361854,2.996563811123347,6.329896359472061,3.9471373295415386,3.643543596207704,3.536866241944028,4.406826420790983,2.675092285337905,6.404354082295934,6.956528827892815,5.839552797049992,3.1646942935754816,2.8958058432639295,3.2332502256215703,2.3473902771577166,2.377602476248792,3.0316994337996745,2.6986971137194944,2.8033425247461334,3.765347478965888,3.2868322574872413,NA
Dec 2015,4.559406926497995,3.005681256329592,3.169438963396396,2.830381264729494,2.7014214783668615,2.774363214784961,3.1001900504830138,3.4425645727607566,3.2850545840080922,3.9665040707233272,3.408807036656575,2.3478589327251935,2.6236597330356477,2.67977570242242,2.6508244556779554,2.5657897271727683,3.8798393884900872,3.708315444329476,3.8866917750393464,2.7133295501057044,2.714373776043937,5.578642508527002,3.921087830078298,4.181035266171424,4.931390007345159,4.816931421375899,3.091783637240038,3.2148083617552308,2.9039029323425565,4.009322950984423,3.1960140726045614,2.6171022885693365,2.698982434735945,3.116493004222637,2.8645402528348902,2.9540973483010147,4.268305208513699,4.221606636823448,4.216429375157558,3.7854553847445076,3.7315492500617173,4.901085198007554,4.299238723924876,3.975078468524905,3.361472229537235,2.9865715471821694,4.078177108500885,4.994717008983193,3.2076342356804814,3.1425111094111475,2.4609749606002342,2.703061707566593,3.1745025295056415,2.7376420986969046,2.84295117200134,2.6490763826739205,3.1524998347028337,5.554746846323136,5.548293328764735,6.5721527191905285,5.134837870030304,5.103601411180786,3.6247173293471775,3.84259175319893,2.3823887308698,2.7820204854407247,3.555231011759305,4.276930089928517,4.023697034828859,4.232215553784942,6.5277678585780174,4.987779295194073,4.088048511043457,3.087759303186741,2.3875449040958934,3.60937051736104,5.254527065640355,5.315019950360765,2.748261380737952,2.668804701198075,2.5597509437761357,2.8521115191755064,3.539552163051254,3.298026240411265,3.301430407464949,2.8506194152630426,3.9097449142408003,2.9949776276295696,4.469407170370892,3.1924862972636916,3.062544222263872,3.9333104763719215,3.7527275480539886,4.175559032885832,4.147651504953039,3.9343106160373225,6.643508799306417,6.520134039926915,2.865350460254425,2.456967461095973,3.122776799561843,2.85339577486496,2.9559778120134794,2.7604258158130772,3.5692660017857354,3.488548103271758,4.221117175915896,2.798886977525333,2.987772555060018,3.6232338206056802,3.782966868142119,5.86599480527163,5.818521138532095,3.21008642123913,3.2671904042909734,3.7539482907840123,3.687958337941019,3.6501441754348027,4.163996969509198,4.532119360806589,4.713833620830541,3.1445522049252674,2.7839381349852483,3.0406838155084737,6.317723834964309,3.974433289259861,3.636402617966683,3.514449465044503,4.472533106673748,2.6943128677467474,6.496884081670147,7.030550719361954,6.160949484402527,3.128982130315031,2.8567310858368247,3.225088456797421,2.2909132326855506,2.3484110628954733,2.9975438816984084,2.744121011002468,2.807138222599443,3.793963150156659,3.264018660858841,NA
Jan 2016,4.58706671101653,3.1000598701335766,3.1791466528934973,2.7589951401146564,2.7384117866468043,2.704703120727469,3.046351870024919,3.394099474114869,3.2642568442355877,3.9972892907125024,3.41184990231482,2.3326449081748613,2.6960665569722764,2.6637438086325367,2.63812354430635,2.497353826876289,3.9004809504154494,3.7043473001838443,3.8919743165822904,2.7088063034192924,2.6873233305627067,5.615811125559283,3.924382744036388,4.23658657601422,5.056071907250107,4.869011361625951,3.06188879339155,3.1217736200298294,2.8291889714052743,4.000508517602314,3.23457345161806,2.7456687288323227,2.6737983604760043,3.0946280704250952,2.877184273329638,3.017535446324742,4.305890801215884,4.273442343909091,4.2447185258711295,3.752347546660953,3.7619574911835683,4.961385705458766,4.30474759893169,3.992268167094877,3.362213280147227,3.0012496850788617,4.041819684969425,4.971064174731466,3.180844826850241,3.1637876721015155,2.4253151066059,2.690969102940782,3.159899659901516,2.739568846268408,2.80963973857691,2.675683123876371,3.1750703308784134,5.563283609997555,5.587568747458822,6.694795531900423,5.207998816153095,5.2629636239990365,3.666741551158441,3.8403449618030066,2.3723364426487676,2.747867645156516,3.5247305116578396,4.329220952983462,4.002753138615117,4.244113395076044,6.678252684752764,5.057000890768089,4.078448244588656,3.099621155944811,2.4516829805695264,3.6011633057740373,5.301675759993978,5.44255100462461,2.7808629321796507,2.7217992649729625,2.497079035761299,2.9146974194833004,3.5243804751788215,3.2438818857281335,3.4295195187896867,2.8706460477824893,4.002601674235308,2.955356280444431,4.59594310722025,3.1809738000592294,3.0402278978103285,4.013314358769696,3.7743176195622956,4.2098888603636,4.138232282812142,3.986612066547739,6.6808501772969535,6.479430304231784,2.808042604989266,2.5097961541718927,3.1013545809791623,2.8589348365091696,2.959793097289142,2.7429430295965074,3.6592868647853356,3.514072125279784,4.231592550091444,2.748839433137092,2.9203571107795283,3.620518758146971,3.784055402906776,5.8800418703937805,5.705428815820099,3.2648453832564535,3.2809007787320805,3.7495015096835815,3.6804021824724518,3.6881638707483697,4.214282888317668,4.524832109253722,4.6765042902506835,3.161666411696026,2.830279366792219,3.0179644967141495,6.372282575757057,4.057137060133709,3.6618498079834763,3.5329724584316673,4.589352301491831,2.6225318972299987,6.520916473255755,7.14296102734842,5.941039430111405,3.2156370888881436,2.860751049689744,3.2402135372745042,2.30692421084274,2.3758244939567215,3.04359839336875,2.704848293232954,2.7499035349643233,3.7895808601072973,3.3691292339343035,NA
Feb 2016,4.650695984274204,3.052242454171096,3.1986223748969516,2.7943914797575284,2.690530203075791,2.698246080679293,3.043979464442286,3.4215533142840737,3.3194857421041557,4.027280405857373,3.4523186843913405,2.4542112858982295,2.629666499933173,2.6862430685261107,2.664220532173237,2.533049740572499,3.93168069742956,3.7275507211073933,3.931402641396635,2.722815005302215,2.7000393951042976,5.680209241335039,3.944157591480494,4.233420181665355,5.008093706146783,4.85109001199343,3.059020810335965,3.1760932454978255,2.845433164767073,4.001118267650174,3.2514023590547367,2.7065104947603684,2.7432973959673475,3.134669649082452,2.8629982128828804,2.991033274025081,4.343166916408509,4.281206200015585,4.343279329228222,3.7280112947122968,3.7697126071027087,5.106090916808452,4.3890146886475305,4.054719012134246,3.364104395577748,3.017123922853226,4.175402856415566,5.019497047721116,3.1742977223291735,3.139551050686229,2.4079933215946587,2.7370980779498897,3.1997600149731724,2.7385518673317755,2.8473365512144273,2.6065649979782037,3.198629801640012,5.795477594383114,5.574956742643598,6.7744431050107305,5.210482947115213,5.233526706273229,3.6527025562546247,3.8804037339531554,2.422580489246867,2.651739979892457,3.605333754430459,4.3452770331197295,4.056674186766526,4.301710376406958,6.445410579829622,5.106496899852473,4.176225365094901,3.099083161330002,2.5109234393575406,3.6679384942541793,5.3499564944906375,5.440964843719246,2.7192862544276926,2.724952951441922,2.4800349006748266,2.8688667893599087,3.519935980129407,3.2879959906250646,3.432436339600489,2.9157593297511344,4.188333618170728,2.9853960337967833,4.647378804027188,3.220181472867904,3.0320580589324235,4.061384418438386,3.8098983108319997,4.192699079164929,4.207294415415573,3.992561542630786,6.598755737355823,6.7603516220921795,2.8208659171495825,2.3963241122265986,3.159597287021308,2.829862222406605,2.9307220437659196,2.8201512971486973,3.682657043323641,3.5703234956670413,4.26610264175532,2.751759146945194,2.9000935955277183,3.622803884988734,3.8553111190111373,5.80396853038992,5.841457870251268,3.24776771711601,3.2765583484085936,3.793780887732292,3.6226463410608107,3.757746366900175,4.2419738022158056,4.5952823539976775,4.8597122702909505,3.1876040060975024,2.82486688689332,3.04445106304028,6.439808282541867,3.994434259581699,3.6642724543660012,3.5033202437823605,4.506752262835169,2.6489766504822216,6.483093766797249,7.132681658005484,6.2003410462390995,3.166336961168422,2.9353869347186534,3.255651930642124,2.3466652663111933,2.3522753118277415,3.07288145176936,2.7632917192315594,2.8412273172761675,3.801915766437188,3.348634944085184,NA
Mar 2016,4.699269751105933,3.0589200369819247,3.178993298175909,2.843549974639728,2.765146209594053,2.7437959178096616,3.0748615017691465,3.4591438560486303,3.3095145197932014,4.073818598418724,3.4279069964314064,2.4477107899679096,2.6731339698802046,2.671807895775736,2.6549868320075998,2.5320658875005,3.882357357692687,3.766999456122354,3.9521537786291834,2.77435043882012,2.7032120754281976,5.671074009368384,3.9987192224778343,4.244745570647482,5.1571205437125425,4.9647099743769205,3.119331837157965,3.139238133413441,2.8985639751139995,4.077021653976326,3.2292168648841186,2.648445011843366,2.774249753312582,3.136970797354227,2.8437599710546855,2.994097987408415,4.39606368573184,4.321171904222865,4.400822194668661,3.823552902086079,3.812916387877869,5.116311583166942,4.428557378730873,4.0918547556406955,3.442263855752494,3.0059086733099,4.222510226085179,5.151257361273826,3.2343584534338747,3.2010816175264827,2.425008526494587,2.8084150091858033,3.1684690908635154,2.711954964508201,2.8890195371244087,2.6926204908619114,3.1910612846305386,5.772238219652749,5.624689173400594,6.769421746862606,5.197979907979051,5.18806625654005,3.6913541211539007,3.9295821185195243,2.4216928337183834,2.7670334371494008,3.6078457629094447,4.361646537712893,4.03744175131843,4.335502738509871,6.517242979154343,5.051384830430028,4.214612714532562,3.1218779512134534,2.5386168645675933,3.622761779117865,5.444457280810744,5.452696506027662,2.792893716105841,2.7111125589211804,2.5053585320475267,2.9614639969408088,3.5392036693149316,3.288509059849828,3.375173269164203,2.8855447580812243,4.293185319780626,2.987822964451194,4.473042363451289,3.2888405639002856,3.0400583323062187,4.029967593974331,3.828484251595892,4.328115116275246,4.2425950219803354,4.089292367863014,6.835206428245805,6.433928914960855,2.812223098858686,2.483069337463322,3.1373166666583936,2.8554764936926635,3.0132721414680144,2.7682361085718328,3.641174960843371,3.5881673276426924,4.296629185083966,2.8654686138757026,3.0019332409551476,3.7082399925585183,3.867581183421973,5.755681201629332,5.795773643163414,3.2851325054534795,3.286608122225607,3.787404764066533,3.753402427947441,3.761069259173454,4.287048850868037,4.632640902769356,4.923990715466496,3.1861710026370633,2.7470626289560354,3.0200196251038163,6.475120439490857,4.086299952143365,3.6797631695889708,3.549027582023499,4.589663335600755,2.663488962159606,6.584220637732974,7.184686580675868,6.072815382219524,3.175230568041488,2.8669527543295406,3.348985141306402,2.2947708852423143,2.3444969821493666,3.1233631644748368,2.7492375709722103,2.8601617646485273,3.7970837933043162,3.3401700466010045,NA
Apr 2016,4.766031756475176,3.0887777210597203,3.2401480029583243,2.901588706296132,2.7555710173834673,2.7844173306458653,3.1057043909640436,3.4596978287004405,3.312649116282742,4.146307529041836,3.4507322074837705,2.367112464166401,2.616130307401713,2.719657431074538,2.685049640224582,2.5189985349760957,3.88460191361395,3.7256721841528857,3.947182418230387,2.8124722822987636,2.733693006303239,5.823622524247469,4.086284406622452,4.291977566456275,5.189918384802243,5.059790024205574,2.9889698775818108,3.14737790788361,2.8899017659124784,4.084307205462164,3.2913329681621692,2.7211496196860034,2.7566195300918173,3.2060789052054584,2.935184026719618,2.9858643404890928,4.473462630175901,4.4082100943364,4.399245013818647,3.8950065690409237,3.886106022001602,5.180886812933172,4.495008921359836,4.126925418680118,3.4975380201651483,3.071855683277298,4.262113096084201,5.17910689956147,3.3025889873108953,3.1516117310138134,2.458248865008661,2.7877436941042006,3.1886633611335613,2.75821275080693,2.8949617857341106,2.69280346487331,3.2537542744924783,5.876645779207508,5.583930015976755,7.0401587981603715,5.430822061654093,5.400316791089206,3.653735057287581,3.9121554394014417,2.4355282863719387,2.7290583587941932,3.6413307987393835,4.41413773403298,4.17780434965705,4.415094390331718,6.566687709886638,5.133434536379316,4.257394160651588,3.1510845938161793,2.5256276947907836,3.664336511033487,5.469416116759033,5.520387223734608,2.794746741229878,2.794816432943289,2.507769078422672,2.9085882867170705,3.558332346855933,3.3580172203453005,3.5096444319361195,2.932507144728767,4.046106549687806,3.041936776460245,4.657181276032755,3.292304710603079,3.119461771012132,4.125280949275073,3.9028121593881075,4.356707959414082,4.27647486899003,4.080022631185791,6.852895542166002,6.5482192618495905,2.8630917987197257,2.4497060643133124,3.184003596299211,2.8794874694472674,3.0451457972011213,2.812689830432636,3.725320968512028,3.639411594310209,4.328611965059511,2.8267627421738375,3.0149152200643736,3.6911473329388187,3.958481069658947,5.790342354375969,5.798765624734807,3.3390978936652154,3.3628730802144258,3.8225312764799138,3.7116571972135577,3.863491463740041,4.301104343274042,4.513821037964626,4.947234616215475,3.2101208167910578,2.836793998612218,3.0765730210454882,6.57679470591993,4.083656440805242,3.720257329575699,3.6044520256583756,4.720201547798056,2.7392566141086836,6.614397006168488,7.249171719732212,6.219418453567308,3.191824809465226,2.91489098257947,3.4086616698398027,2.3425050866120176,2.336408753733003,3.1064583752410457,2.75043138346863,2.8355719813012774,3.8294767371280116,3.4914170350730833,NA
May 2016,4.846027589425583,3.160862299678122,3.2199234001659667,2.918270673901343,2.827619688247642,2.8283317488535373,3.1371650642593623,3.491911218867634,3.351976378016723,4.181526218733873,3.4818883135764125,2.4023505033081207,2.593523780662254,2.7156121776188997,2.7325179600643845,2.5319311860327622,3.9677163103721727,3.7712494718752962,3.970366682296177,2.782210831887967,2.793752705796485,5.715003667696477,4.051006930625494,4.32090427727189,5.217277042270581,5.067248668860071,3.1063109200792463,3.2173507277766746,2.862868181656712,4.1434863057652995,3.264083296089004,2.7216185977312723,2.7597622984263865,3.2432456827843548,2.902708942541212,3.100163830180041,4.581325039099025,4.475473120573059,4.400021606873601,3.9705789289414875,3.9034043370796194,5.2253903274293885,4.536601816533594,4.212328299840241,3.4259076182071224,3.11203971679011,4.327315299095349,5.308861837923949,3.256630889366102,3.2037095937234716,2.4406754378046105,2.783430491361892,3.194515468970546,2.762713811119193,2.8834818622066805,2.726269020824255,3.2199551819482592,6.006872013652169,5.68889509062285,6.801093150614455,5.3864141777565395,5.490552154427857,3.7495913806779857,3.864328546160589,2.4311650847581685,2.7263990169014196,3.652347540973659,4.482022357369823,4.18815163717308,4.419171563143605,6.506933655991587,5.248736532853789,4.329195369608654,3.1647582794817852,2.5503663130333454,3.8028275182830225,5.542181301168215,5.552958189704649,2.8371830686520045,2.776520735314882,2.580901800063626,2.9201806901100436,3.731325298289534,3.377625737363419,3.529440059067291,2.9270686868205495,4.145123887158569,3.063351918287155,4.59478320146322,3.337296730096654,3.177495076819525,4.213052283476038,3.929774554200508,4.342012491334603,4.39023291234289,4.1506576476563275,6.851725064438272,6.351756361534846,2.916155001850575,2.4385956081152362,3.198250869589908,2.902894637704458,3.0922011625668206,2.839339794804798,3.7829652234148172,3.6810409523946044,4.378063543266254,2.816267276236488,3.0314637569256617,3.7075683636170487,3.9435408423359593,5.687154927685702,5.905766985712295,3.3700867384683586,3.3602055134704774,3.9259955875178085,3.7321936713763937,3.7557068554003097,4.299139150566531,4.669789805488849,5.032341498852365,3.2592953067436237,2.736333821381271,3.0485650357794296,6.654126586682725,4.272515674358181,3.769335856461628,3.677913678536816,4.72718568211414,2.7329786573970494,6.669654115427035,7.277881259137196,6.03255820410228,3.2350287518347423,2.9486794603496667,3.3033200393603503,2.3585121696309037,2.3767367707103273,3.1234636623014036,2.7335705954677874,2.9219287203795656,3.885659500108135,3.44031539275691,NA
Jun 2016,4.886523533372308,3.20351409387738,3.253167950531421,2.8790422590704328,2.833492808860953,2.75813358721884,3.1430335553795095,3.535238068328671,3.4131869742742333,4.192441871795198,3.535243228531297,2.469766792122583,2.708309407737972,2.697273573038506,2.6979400631961608,2.5846285041704666,3.9675711773972284,3.815431667255649,4.02078443545421,2.7890515914164076,2.761778165827766,5.877585893417621,4.072747737563267,4.387625540895681,5.374952705358185,5.173535950704926,3.076078882612674,3.174653221974848,2.9422980207403913,4.233363830392631,3.3026085075615326,2.715249742838075,2.8147408845714343,3.2357821550049404,2.8939566287331218,3.044792588753952,4.549508339273615,4.497170009766009,4.505431848011964,3.981819143747475,3.907254013616221,5.2686742062212355,4.6008171038777546,4.154308294762213,3.5378254813317556,3.098550799500006,4.437848037004473,5.379993993547244,3.2797031919118997,3.2181489703235058,2.4327198880525143,2.770184885050242,3.2623974516990955,2.76078652135631,2.955649704596193,2.6616521215184026,3.241964060501915,5.932931025459034,5.642423718339195,6.855330802442964,5.356015376197773,5.375043601170364,3.7253349540271943,3.9474479093961334,2.446514771805749,2.7724212209325874,3.7060412816635835,4.4868506587228785,4.22531763941215,4.510541984258153,6.368789840618011,5.229531381049348,4.365983972997493,3.1821016411551355,2.505315086055263,3.81384356041554,5.586236653662575,5.526086064057069,2.8598773068580976,2.7375591627417086,2.574203513660321,2.949023574281518,3.715925528647755,3.3939485492934676,3.4908641770339157,2.9490406235203133,4.022500313388244,3.0655332014158754,4.7565499740701584,3.3717054510486175,3.1576606104582883,4.242648680743999,3.9944183205646264,4.421645290070009,4.453292302210951,4.208128155569804,6.964330674598863,6.345094527493383,2.9400601644110473,2.4861559835684166,3.235666597463017,2.9132547383692304,3.067719038950587,2.8549984627192386,3.8278796090830114,3.6721678200656225,4.40669779326837,2.8709642755678146,3.025235054025076,3.742099823705509,3.967862117296669,5.808512533839598,6.067328662010499,3.3081561347389297,3.3653169573767276,3.90959140705334,3.802358091376416,3.780996782575265,4.353418887433299,4.655996700785808,5.09085751029445,3.2759456773884215,2.8488730872108587,3.0939181625906316,6.726039458553336,4.2630728676636975,3.7501864753091345,3.7068638035875265,4.843059170438042,2.7487141645270308,6.629508485847213,7.345162148650534,5.930691169011138,3.217917966419583,2.9430206725299333,3.3414746263092416,2.341753595548672,2.396429611322018,3.1518686417240316,2.7835677844465176,2.886758843549986,3.9319552708107675,3.4434408950536057,NA
Jul 2016,4.93503740906442,3.223297826843851,3.315758903879329,2.9223181616854577,2.872191662764948,2.8680285146916615,3.145333732768761,3.581724252142887,3.40196433238474,4.223875093133324,3.5206023128077812,2.456975552086321,2.671834164553268,2.7216225424945497,2.7212150493380434,2.5824984845258183,3.9924146827445113,3.8387504843245726,4.094545872643415,2.8482562392049626,2.792516989172567,5.9203544436752384,4.137581314310441,4.444558569552644,5.366534237570097,5.240092796115355,3.099032163480818,3.120475204255761,2.8921017477178377,4.21924824410702,3.351429469209484,2.7467743955586523,2.801146507623051,3.171309793919866,2.9973245196399945,3.0942209646947734,4.634269904293914,4.525750263779733,4.535716618528035,4.076503508615096,3.9563674166682166,5.325789512956033,4.604478720731385,4.214327454428294,3.511673702636532,3.0992181040367623,4.439056438075665,5.390168186024396,3.354202967239065,3.2201368810256037,2.4501772957839667,2.726386790070243,3.2549896757861294,2.7970178597866946,2.930103550856234,2.7448447341184004,3.2572786266646276,6.10217211528978,5.72482317630285,7.020798500385526,5.522623239619345,5.47614214584349,3.7515343927641966,3.90455127909908,2.4952799364749763,2.8118915676250853,3.724244452320291,4.5312291455048115,4.214736654842399,4.481598725405822,6.400773295569452,5.345402750177671,4.407610763616399,3.199280963700171,2.540558829091096,3.8303300071007698,5.68115723907683,5.621916758095602,2.7905849220325836,2.7789171270774204,2.5573373653229203,2.9092606394877585,3.740186564369559,3.3965001097837977,3.4876362869150594,2.8992512676721485,4.117777305184331,3.1153309441734787,4.586072258567164,3.4398787864457216,3.1857256150843836,4.338538526769651,4.024288141256337,4.454674896006117,4.466913610166349,4.1162415683057025,6.8897429500194,6.482901398344099,2.8634600871247877,2.43686093026298,3.242997357802286,2.9383953385984674,3.0987390503514596,2.824563842008365,3.8344100874882057,3.7267185484075322,4.451827387188433,2.8744722915306564,3.0722607095204775,3.8083387875464108,3.967448427146967,5.685028820606001,5.873171606443334,3.3957755908426965,3.3423924727698178,3.9264112115207963,3.8466283030942487,3.849938016702399,4.366031706900522,4.67759143119636,5.149954863865657,3.317431228485221,2.791898854777537,3.040460019466402,6.698468937168567,4.30590880885376,3.853876129573217,3.717232766754163,4.731724174935747,2.781466410994618,6.694672825875683,7.358434374534793,6.068267680855624,3.2404683151045592,2.9250194759180825,3.3525083558895226,2.3660859605800066,2.400814251426861,3.1226214367468064,2.7788532891529196,2.8635242081320222,3.9285386221221748,3.467788415177895,NA
Aug 2016,4.959876002116913,3.2327163787921265,3.2957841713239295,2.9148571859463868,2.7977949618012667,2.8535407413657716,3.1629812718685297,3.5793813860422383,3.4500845087049523,4.244874253786692,3.5265198010143775,2.472739909082695,2.688329251998041,2.7993342836357993,2.71534303126888,2.562617482276985,4.052536749148251,3.8371755905562344,4.0423268246219415,2.8552357304439884,2.761689146551591,5.877309062508393,4.112707139332282,4.442809768345486,5.341700857346252,5.198573512008278,3.0746518060775347,3.1939574088879445,2.88891735585418,4.25832478092334,3.314244871874997,2.7338485806339885,2.880821219393985,3.213444563767198,2.9289933657006335,3.045849576679071,4.696022784165787,4.561315858138018,4.566836223762962,4.080209594351353,3.971972108682181,5.358579187681134,4.639244053849812,4.275090805415809,3.5326897749934063,3.07871102713497,4.436132064935269,5.343955129268407,3.2646942589883428,3.2475435772091985,2.480260398094342,2.732010528947489,3.2448829457025754,2.796796211548652,2.917451537630047,2.7403364066589675,3.2782148384072354,6.08599765461869,5.731004074115177,7.090541910360767,5.612868099952932,5.5361651971251655,3.7741798927623416,3.951947226561863,2.524104293514779,2.775615544589923,3.7276890518392047,4.558367041464949,4.289986311377579,4.512501054185818,6.602060435989915,5.371372058567699,4.490146561175178,3.1893595507972865,2.5852959500726556,3.864840621917621,5.664833429716939,5.654195383626539,2.8681569270320226,2.807810070448508,2.5754319132420704,2.9123279493715124,3.7569358118151746,3.420840974358348,3.585989194954068,2.9383538611646336,3.9812759875256707,3.0856321785190532,4.682481483495374,3.3730984409229667,3.2084569889569883,4.320417337855115,4.027463584292451,4.422811646763637,4.5207897859768345,4.193420279004888,7.049867195908671,6.421514621867365,2.8806701170747173,2.546193306508793,3.260490380020293,2.937001250098467,3.0411105660159223,2.8662459687476067,3.845723195680201,3.759949968124306,4.454631749982647,2.8341032600804223,3.045588198040376,3.817823683708447,3.93466942363648,5.731552688248225,6.189492567878125,3.396836321713828,3.348749618268437,3.909472418106855,3.782116038518912,3.7851365740965397,4.436880407879706,4.622650785305636,5.181591247028663,3.294805954825572,2.8654848890657667,3.066952992701705,6.682190610219201,4.323995632828314,3.835975846543106,3.7717539930460533,4.904165372016021,2.7019154825070535,6.722250646715427,7.127154779635336,6.013343157866614,3.342792560321127,2.9080904696153156,3.36910621999768,2.306009901053999,2.3958192772602014,3.0951419177845723,2.7464954401229384,2.859188555571254,3.8949624073575944,3.5224219848578007,NA
Sep 2016,4.960881790951123,3.2213153184899874,3.278488221992032,2.907784107826307,2.8068773521496673,2.8692095785206218,3.167651473870216,3.5318153982266693,3.4688154595695733,4.269473889892038,3.541659613897672,2.4694919261533257,2.7833370904728696,2.7249385107911785,2.7669852215748327,2.565607950829241,4.016090039197659,3.8836886995355724,4.0694083498717,2.8517851233697646,2.797937191937969,5.93501498854874,4.127477050069472,4.397542208699042,5.347627325151038,5.2509309063093035,3.088426126847102,3.2048599149369736,2.891035971906844,4.276098207315932,3.293266768819675,2.762694456902501,2.836622137618114,3.222094774390431,2.9440770279521415,3.032044848508166,4.620003910771606,4.634225152030962,4.612457641712783,4.0340457854139435,4.019865577012868,5.308558535827781,4.633356768497461,4.25369472932176,3.514245005487563,3.129172862230831,4.449539299083935,5.368367669570203,3.237634885104972,3.2306683439830266,2.46406227810393,2.776026267217658,3.2522978472106034,2.786625800229216,2.9160972544280725,2.7055954428177142,3.259925252580962,6.093923201229843,5.784906934448139,7.184503359322028,5.35243506802057,5.472143650745073,3.7949011489241484,3.9922784444072272,2.4782837566538714,2.7679065479837877,3.7465038990246455,4.546278947764017,4.238970353378076,4.5072359470848475,6.646271799719798,5.211416105404865,4.479711784549907,3.1772614503229497,2.6124078872784544,3.8246956426538676,5.577532062646488,5.515804291804735,2.9086487498751166,2.8230252178825537,2.594887380057749,2.939606301504778,3.7161702261694742,3.460042725882607,3.5227983265795446,2.94111528579478,4.1181050166995945,3.0892860480058717,4.647469131580425,3.448106308801192,3.2092000846394866,4.393523136029441,4.01234611358343,4.533083931730559,4.464072714666915,4.27546229729539,6.98695746049665,6.507563196102573,2.896773389302335,2.4868710192185675,3.2616885727662495,2.9476319616187925,3.0371737198599167,2.838475456740864,3.8324355474832537,3.7986200807183175,4.430503062974723,2.8925186042446627,3.0853995413206006,3.78000337571592,3.967719928161169,5.8173447132659035,6.034883879298811,3.355634523102097,3.3810854884190187,3.9550532323504046,3.81374021576782,3.9463745266370855,4.422019162851791,4.735510238645229,5.27716269402461,3.2665355382520453,2.86388096866752,3.115012765850658,6.751315603103879,4.358432015404846,3.832272212573007,3.685634178178583,4.8224898178123565,2.7579010639773696,6.62516835876913,7.2883745100991835,5.9042159731108175,3.270497697735362,2.9191200740319476,3.360998802539479,2.2902629935498413,2.3565759905255064,3.164120478702411,2.7911887109910185,2.8248115532414375,3.905424715835319,3.5677441101719922,NA
Oct 2016,4.9693703418180775,3.21573204940522,3.307088840179338,2.8760557535505913,2.8033241289484025,2.842591809213511,3.1360827150136545,3.5255974932631005,3.449077125987242,4.218940490852949,3.5486848525905414,2.4413718389847148,2.6223457468541485,2.7488489064389348,2.7375028528378564,2.616237457956657,4.054069729878221,3.899167106388175,4.089549308878961,2.8052395115200754,2.7729793603912336,5.943852750575569,4.19011513901102,4.396009655313252,5.393870392492849,5.21331742025707,2.9973748038039165,3.1968288249904027,2.943720706149613,4.257651506198324,3.285026715288681,2.725597718542647,2.777613171643357,3.165121722050724,2.912395204569953,3.0530434822468453,4.743021044342214,4.665356662496595,4.586019829475699,4.102272828625876,3.989099854977982,5.29635701361755,4.630581755572549,4.286658869541735,3.563719608006422,3.106899640549537,4.467052327111997,5.379068173032263,3.2869383896603477,3.2756579969021913,2.426277368688765,2.738828332963564,3.224978999638454,2.799328956655755,2.966689524680358,2.7191310777319555,3.2761713424040524,6.104952094197484,5.753148817250949,6.8016790970490115,5.447953613050204,5.337349887797367,3.764043287358028,3.9841818431084834,2.4260684469727742,2.796247849454643,3.7454153918382818,4.555772396546984,4.242219422929879,4.4969085780070515,6.308833133682976,5.317290398221781,4.361366522571625,3.1902303331799864,2.5485054562991283,3.8468464379676166,5.606761961891875,5.620660180225167,2.8527782337016463,2.8279439994254925,2.579077328223573,2.9558522022106524,3.9157008636323996,3.425788643411426,3.5748168079524643,2.922699035174305,4.2921068052051385,3.10500870331878,4.790146224933202,3.395872248783036,3.163199950119351,4.415409363963765,4.017011336144842,4.504284095413427,4.522209821879883,4.239142761220336,6.809465985833346,6.375461517361777,2.8894143903925196,2.447908120581188,3.266883481005748,2.934686401463899,3.026098856535998,2.871878809519802,3.8545405741743886,3.794557004561071,4.459115572896845,2.919681506696313,3.0961537663741274,3.8550158259861877,3.994699556822755,5.976713749616147,6.017926177215044,3.4098439226563735,3.31475435864961,4.00201645096693,3.861998200985059,3.771446636633765,4.448259968172325,4.683254461055936,5.167779724991934,3.3042445373021305,2.8650153543266104,3.0544360818509855,6.735794171105212,4.377295648044602,3.8343971379742294,3.6946371630168033,4.864857538579268,2.7578065451595393,6.5771728112078485,7.3155816079825495,5.901872389458279,3.306138024827491,2.9851990141811813,3.3318025097750534,2.3677828336367672,2.422329098793147,3.112474648241823,2.7771762122740244,2.842201015092663,3.8936584705743162,3.5623355945010062,NA
Nov 2016,4.959059020801588,3.263413006410037,3.2937189087877483,2.884476035467123,2.816178401954203,2.8011544535980857,3.1755365495069228,3.6056974715260384,3.43754905006763,4.289473610556353,3.557552616407749,2.435521504738604,2.7636575910499164,2.7247102201730917,2.7370950892706722,2.5885142225251974,4.043327664852313,3.8754793382750474,4.098217594987487,2.862875927175483,2.815211325864484,5.890357654914332,4.14636415176918,4.446446104721272,5.302398860461605,5.150116744336318,3.117147452911899,3.224089852530939,2.8914114608076322,4.277054131988268,3.297367672400551,2.7289804543044895,2.8420528589789074,3.2055888352409663,2.923410639325581,3.127040137971961,4.687525369267013,4.7157741524120755,4.606358530197482,4.130339831039244,4.00583710897007,5.273356447159089,4.622921055272282,4.2838146039569684,3.6010920029935845,3.122606059174891,4.490441430351326,5.352777315165788,3.349969612614076,3.2683267744103657,2.4251465261193363,2.8047450593575056,3.2760430386005996,2.7571863002134847,2.9510048543136924,2.7198464523418084,3.287057421822636,6.007217621482996,5.862674800833453,6.887489358150896,5.524802855304781,5.367651477812073,3.811454836216452,3.9838358297092813,2.549325096064519,2.742485552194061,3.7876390714677886,4.497014911829573,4.272471567993309,4.461320258336097,6.656959119190064,5.246579599787256,4.458846551518168,3.190652313893405,2.526063575309405,3.8983847259506943,5.5947437461205665,5.529344239949586,2.9254014287773265,2.8186695124690746,2.5952333768914095,2.914904455923583,3.811979089610954,3.447527366829568,3.57021182614988,3.012875499347953,4.1395137880777835,3.117374647022576,4.70984964035427,3.502666552466678,3.199588092387789,4.35041403850358,4.000589481435472,4.495120158084321,4.507408117689528,4.243734177860756,6.903443750543392,6.263214372913117,2.8924874373136054,2.4888725917820715,3.2930523335872417,2.9584614961732165,3.0601688815944876,2.919058087166514,3.8606140566658107,3.8082721073469976,4.444716451543559,2.872210106564989,3.1367584210752053,3.9231512114200724,4.008850803095598,5.863491963234606,6.057399785584064,3.399976647408128,3.3633342028547606,3.982040165572122,3.94984836984031,3.8851152342505384,4.3992100143962025,4.7372557008371965,5.198555944580419,3.2627635450745935,2.876918112432576,3.0656836346435474,6.729073713596512,4.344536593913426,3.8399769882374954,3.741953343708863,4.907904241231016,2.847031439026598,6.531499300604857,7.333411954763497,6.002971194081933,3.2179234179920257,2.9360212842452253,3.3680441808357937,2.282479563459375,2.394054459694142,3.176315153871966,2.8088312440977794,2.913786950769571,3.93379029138024,3.539325567285476,NA
Dec 2016,4.99266463221608,3.3032691654118964,3.314421878677614,2.941455494400256,2.844230471886024,2.8625926153641474,3.219866974473007,3.6249533561049407,3.450955362092378,4.318587547959693,3.528794142391932,2.4674231807806044,2.658308790247799,2.7005503003343,2.735656503573792,2.6030615668560477,4.090230670829992,3.9250806609381077,4.120982495342831,2.8947243439069292,2.788191330256564,5.968244239466275,4.177480343258422,4.428186842424462,5.3264701031800925,5.223761777980354,3.091362366814558,3.225325067619956,2.8549336404551093,4.301258428860886,3.3621950724652874,2.7259132765271334,2.866056589856604,3.2370521224542306,2.9748325599424525,3.1216306508682843,4.773437153360715,4.691806457590686,4.660801232094322,4.178815796548741,4.0129167243744535,5.32978594806856,4.685800507104632,4.289949736386884,3.57465901307761,3.1615363025548295,4.5056792609325,5.376774366065153,3.3315476748604795,3.3167982430528786,2.452450832002216,2.9116225698695875,3.2453620825804848,2.7765849789616506,2.9096739261186273,2.766574672586716,3.2887786752276265,6.141820921210373,5.72072018652303,7.113989211525223,5.408378287946085,5.382640673642672,3.8207313950750352,4.022169228723726,2.458815990144224,2.768400616546077,3.784054146319819,4.536899646471619,4.209674847920135,4.494053005836868,6.64765076582722,5.294518643043562,4.495577816145381,3.2317301036826316,2.5182892841115287,3.8839461651999643,5.6447554909707165,5.5466732078340195,2.912132698209993,2.8447356400580017,2.6071117643056434,2.9514095229973996,3.9675946636044697,3.5019658192524097,3.6244093082281803,2.960357433003145,4.227440643751789,3.1364477331535605,4.811931107126991,3.4966423495786603,3.2192281001170007,4.333050962605696,4.034553784419652,4.440757360272214,4.547171701419413,4.343269739621275,6.912570510646394,6.550177250618831,2.902306881398531,2.509027916059564,3.3241259054579606,2.941293594111873,3.117483312953381,2.9101314427747034,3.908455245082411,3.828386344377602,4.463960414828658,2.8753935838637497,3.0924446260017238,3.8679610690278783,4.035993106109441,5.928766993341419,6.201769353847477,3.4174609863868866,3.319297102653371,4.042335052850881,3.9769375220954553,3.8329765720649025,4.486808947629065,4.77434424540441,5.173183419305542,3.291345703343437,2.995729279972651,3.100984735161458,6.603063838516438,4.4583060307899665,3.872334245677721,3.764511124311307,4.916891069032406,2.709034115059526,6.5995025339427436,7.25720071584508,5.839620508196699,3.2933938434894072,2.9542854178814317,3.374662512621982,2.316267067068584,2.3634471714915093,3.1607335832088297,2.7827319270858277,2.9821581746408983,3.8643242108181877,3.5872210828107645,NA
Jan 2017,5.02979537036423,3.309336583609031,3.3092691266425462,3.0028055387822,2.834433083690989,2.855454286739674,3.2253527737994596,3.6296832608844283,3.477198661985879,4.271186456797701,3.6031589114852296,2.45558208262905,2.797397691806196,2.735296629468519,2.7275376558769713,2.542742785734999,4.16001456618686,3.925296259766264,4.146709477646058,2.825387620684687,2.788607565346419,6.0134386065840015,4.175750116784288,4.505416545490877,5.363277865701704,5.260241655934933,3.128856154396491,3.2648232935980195,2.861830905839143,4.323744256128165,3.3926871429328185,2.741892522660832,2.817307661331489,3.2150373308850053,2.9235147269984734,3.0917211054597304,4.755254972600362,4.720737487857951,4.570718384543537,4.192836531385324,4.034452377552211,5.390145239128246,4.615618462434676,4.33644272856622,3.6118649544683783,3.107706410336394,4.534112400459378,5.3750911794949925,3.3515422755498907,3.302415937286309,2.452536373348648,2.8021509236414865,3.2686057057708897,2.749573474982165,2.946318848628516,2.745089709834375,3.316308695477357,6.210819873466081,5.621641930515097,7.09330147187181,5.5506254434840345,5.349315693190467,3.7737336563223414,3.97833425880248,2.446613474323606,2.7897827599016587,3.7483030361341516,4.550973878695416,4.23841666051717,4.49833024758864,6.531730921106048,5.231133124025752,4.503426077352509,3.24962595126719,2.603079700011614,3.887758780322733,5.52700559741192,5.492352559159913,2.941786946846032,2.777944326975934,2.606916455782726,2.9053133376417324,3.9186515373791444,3.4352812167093476,3.652396888801523,2.9066961191718135,4.4063273932451175,3.112787936965929,4.693875470522886,3.4304733964882472,3.2249867913447394,4.440813068019168,4.107115281238987,4.452503623008446,4.560133205104659,4.288082581731244,7.006124142548109,6.270156601038641,2.8836914257189714,2.5009840650310835,3.2763847890073,2.9293178775137316,3.073717693115801,2.937071207557039,3.8831090362515104,3.9032039466963844,4.440650560439333,2.853459118824835,3.0819370340374976,3.8522659848293275,4.028095925953364,5.699571768817787,5.876292862166786,3.4480780111836977,3.4321255211587642,3.9894950172167842,3.8776779886523625,3.819428003329405,4.4696288884084145,4.708929115062609,5.176129581634704,3.2404638170105375,2.8089773517614534,3.0485987896173183,6.672245264097218,4.467594372652451,3.8559160085297495,3.729104701895447,4.92606234499197,2.7615338982704047,6.596982419381767,7.361113980192019,5.921652864327104,3.269389660389481,2.9614865118264264,3.3922410949708204,2.3674995807077326,2.368158873078224,3.2178548377856013,2.758746141161677,2.9130554320020825,3.9234435976002158,3.5834301031395133,NA
Feb 2017,5.006487815108371,3.3205942217718496,3.3188888636720937,2.9536171393835335,2.880967500397152,2.877811876092182,3.206265376397177,3.617740978472298,3.4448873108705538,4.264937287071734,3.5729945900113216,2.4085752769467326,2.7588342941595103,2.777069607580569,2.713202748567931,2.595835674240394,4.114515071719328,3.8901817191930883,4.149220601133693,2.8405306603813307,2.813789619444745,5.976883166427038,4.181655644629213,4.421047628559141,5.337151622969437,5.233462449894572,3.0495039161583577,3.2067663756072684,2.9220126865551195,4.351210359434525,3.3173695523527553,2.7804914601744373,2.8108626274246395,3.206901629276564,2.992381135459978,3.1346713626645286,4.808451068630069,4.700418371846291,4.626643634336868,4.1458432458733725,4.087684339103716,5.437766600657007,4.622478794469579,4.381111515190267,3.6210229591726844,3.175202693133333,4.460072533147947,5.398696955886881,3.215437911147774,3.258839007321006,2.4147988519478196,2.8700852119298768,3.270778035164966,2.805932731802883,2.973505698737981,2.76126911909189,3.342195174923803,6.092793402786384,5.655472940898279,7.1625636371098915,5.4434742388355986,5.461079588990657,3.820588414487847,4.014837339923698,2.4984449861293374,2.7273919260375137,3.801877616156202,4.561766285442002,4.251461548697816,4.529331470697213,6.807600177433781,5.351782813756241,4.490444860822293,3.146990477429156,2.5493265990178164,3.8952679488496513,5.70517259799649,5.5113016520394105,2.9088709521304965,2.8423417254316337,2.593039697068899,2.969746235678902,4.045045078264084,3.4768202077566412,3.672339117695745,2.966167846581138,4.520293373531582,3.1470032209951193,4.831437754493026,3.4842749381838356,3.2190860374474335,4.418559735836944,4.1013358141233045,4.536662321346911,4.59674382848236,4.305771985070821,6.878604593330009,6.3894222255794295,2.891884584148685,2.327347217652111,3.2623054371109763,2.942538009841708,3.0960555121065245,2.958390914691122,3.903349274578936,3.875717981639498,4.4437360631539775,2.882357754310936,3.173430850867612,3.8457975728561618,4.050516067225159,5.692073638315827,6.0534041129996,3.399469866015306,3.4101542492239503,4.020565036563448,3.9623653904827623,3.9341032248534837,4.441449547390843,4.70384691769206,5.2250681455247605,3.2834461795799745,2.844428276107239,3.0742657058310097,6.659938383717951,4.390151359183687,3.9257151113188695,3.709390910955854,4.996705203867033,2.7548284458458476,6.518421740416638,7.281258873954427,6.07017113995071,3.2552812263685027,2.9356902746446316,3.4270010106742315,2.324054028192822,2.38197809986906,3.1500591903451136,2.7817682010525817,2.9368073512856254,3.9504670302414064,3.525594957672888,NA
Mar 2017,5.026541826062578,3.2941949269219455,3.3677421261599982,3.021694207501082,2.7894703535260046,2.9486047151353394,3.2024569645904326,3.6081142284439216,3.5522946382563925,4.321130827201076,3.608728218589607,2.484167096272695,2.7643370355593766,2.708538155676025,2.7470465412772622,2.5572126497539935,4.116339354675997,3.8960494917827018,4.2005982420033545,2.838848902028854,2.8248036152143015,5.937223809873063,4.196502963210778,4.449237182090294,5.429927375533094,5.31036181394819,3.0864967396513703,3.1954392879395472,2.9133286647282057,4.334143362464288,3.347578214663865,2.7717274656538553,2.8015489851013125,3.2422186540400415,2.96553924459335,3.086542802914095,4.762549816953629,4.782811303964214,4.590195529697521,4.149581558325999,4.079087694317821,5.338076246115144,4.630897094246791,4.354145671584562,3.6752890651560652,3.1848491904702714,4.507279764935934,5.445571573102158,3.351131668857369,3.2965196758928017,2.3715509519184583,2.8630680907880457,3.281419551621256,2.7657175055468923,2.9596551044382484,2.7353683716248285,3.3564572014406595,5.992037051012432,5.746273094577607,7.083969193428554,5.581011314506035,5.4552410914998815,3.7976412610729016,4.031781419632672,2.466746995625349,2.8168125587769555,3.7939268600402394,4.588551401956021,4.29083469445243,4.495427148156714,6.895456126683264,5.343472603482942,4.5049792435631755,3.279422317730694,2.6239453238992536,3.912063693728684,5.629861159518124,5.652886052423607,2.8948152023646596,2.883945794422349,2.631821993690434,3.0575524034793453,4.218714649420137,3.524061459215649,3.718549060873022,2.8996446063053174,4.310248862948882,3.104305701320556,4.756072507452555,3.4902690901912474,3.2779345379406806,4.41088097106769,4.073351215879033,4.555019806382642,4.5587145801234925,4.3695380524775285,6.881709230633909,6.417331296066279,2.866137316242034,2.6099468222785718,3.3224480810915176,2.9885401292786975,3.097897792966535,2.975427185569976,3.942115658338676,3.8683619085128544,4.45888417942808,2.835135200917188,3.162193801445471,3.8841480195617044,4.081201396362813,5.705442016037573,6.190211385178581,3.464107841215299,3.3480261543253507,3.9998761796580355,3.9943016175105677,3.869830550034674,4.4649996770104785,4.680450833386369,5.262491693254833,3.315164971769442,2.9251919299308113,3.090567044724524,6.726257718339,4.433105049079468,3.8779473223579197,3.7636339886228507,5.0474944444056655,2.8389126520162735,6.539783979337436,7.285370823859779,5.994061253779008,3.265682515619161,2.9044118114029716,3.404399588507784,2.302349811359909,2.399623072214708,3.212745267170194,2.823181359565419,2.95089791450265,3.9863075249824877,3.5857886352938384,NA
Apr 2017,5.037564028126159,3.31809074381525,3.391136677665177,2.9948462529237294,2.9047703634831827,2.94956267614284,3.2745718228655125,3.6716384400602986,3.599794517538836,4.367176476566282,3.625394839147567,2.4875740297710442,2.6873650815783225,2.763075808201677,2.7648448512212354,2.577362932454903,4.124667257068761,3.9345940618270125,4.161770266493236,2.8894382036791906,2.847824066786742,6.037512942942647,4.20389871621284,4.458549924880606,5.354422896614598,5.339316208072755,3.132232037135146,3.2650892268813676,2.919686539209816,4.361789178164624,3.3483281395889772,2.7829619654656677,2.8892136011169804,3.2339192310811065,2.997528263263224,3.1685854863895733,4.7827795481272455,4.765644326263488,4.688568824192148,4.242471847117101,4.139494922582914,5.4312044098168055,4.7198206404906555,4.397175149404304,3.697467251063722,3.188719034942882,4.5319653369727355,5.567357727139152,3.322219233081752,3.3043518223568813,2.4191982056348746,2.882330041455145,3.260794309946713,2.828557012280873,3.024038045585431,2.7947984582199643,3.3516846516719094,6.200838914370816,5.632697422452854,7.075356390873707,5.564440907166637,5.520728178982556,3.8313556488655185,4.015476334981982,2.392583862875276,2.8399601644441534,3.8423638052784845,4.578163930923664,4.330018494604613,4.496485624642422,6.859580765458558,5.27211911981945,4.508934899253002,3.2589138906812747,2.560100557647748,3.9836611195701357,5.652940180764041,5.73492295062873,2.921638366178496,2.910281673836441,2.600000093819595,2.9903096899556854,4.119660472808991,3.5381279657246854,3.7381113075273347,2.989056320928059,4.445474297040503,3.150853828443329,4.775605390852004,3.5419374148954796,3.2908070373323812,4.509524097595249,4.132209148440399,4.59765015453067,4.61949822708195,4.440590304491151,6.869975235817086,6.406198993038241,2.940749239055445,2.527847273571195,3.3785817615425753,3.0105042795504398,3.1263423179923615,2.9314536881110285,4.021056585181472,3.9413382833969317,4.4764504461382,2.9152791214028415,3.1595635473715196,3.9664241870756314,4.083878169560763,5.664030066512371,6.1731609481013985,3.54472062341504,3.4001137265584584,4.0814618089686086,3.9219727477111186,3.860511529115675,4.498049056881535,4.731135560639349,5.25763263017808,3.320418980561659,2.927960982426231,3.1090868459964334,6.766929475506618,4.497142919228198,3.8959429301776365,3.7652841975370515,5.077361434157598,2.8631662628959194,6.639410181989449,7.289915742039464,5.871053473182246,3.33988768681978,3.034855702125673,3.448592733895385,2.30944248851498,2.3895368079138457,3.256979621974661,2.7587197471122886,3.0240260044349943,3.9801910553162236,3.561401413229906,NA
May 2017,5.0965182697207165,3.325861728992541,3.386271896753684,3.0384495557121705,2.951793889742263,2.8989754368659946,3.2667862027188854,3.726771101878133,3.5599012853862706,4.397691710218368,3.638630358179075,2.5005673435671727,2.6889498877118254,2.771042650946557,2.799182300235337,2.632836221803361,4.175848810257138,3.9538750992405456,4.180897969323728,2.9215361057810667,2.863479665239844,6.0045456570852425,4.234341768110885,4.5534451136777445,5.57300981259653,5.376316443648665,3.0616887218785376,3.3843796200593705,2.989377699925372,4.394997065821602,3.4049028444749077,2.811071803717725,2.832475405905709,3.280670794966362,3.0017908356062906,3.115651455982682,4.82521195145812,4.853783942243515,4.736502358680406,4.258128208834713,4.158284524840521,5.451568685010861,4.716271255833177,4.407651234983027,3.736129502610401,3.189433917381808,4.644903121328607,5.589877994635726,3.3794810647324076,3.3735159794690643,2.4692195408279165,2.853158436211325,3.2584355107516565,2.792077062850732,3.005474080261678,2.808221687585271,3.378807340592282,6.20621273138361,5.83766343118091,7.147332677674107,5.474959744598026,5.513611141875011,3.883539674651736,4.063195648036828,2.5208123701133354,2.846335754216591,3.878343910831241,4.630937279370634,4.301629639720136,4.5768398049624155,6.473368650013032,5.430980683585374,4.538943602352871,3.286442006722231,2.6094135069950424,4.021682566357006,5.671977062205989,5.611118709839129,2.8643241416760348,2.9099393806704543,2.600840119969482,3.0244929173605506,4.17816753693629,3.562875651950895,3.7341760543801104,2.9825576380694776,4.4106606048641295,3.191710241433511,4.833736893824412,3.588599279070342,3.3059559266077447,4.531883538666619,4.1697149745021,4.540160403268459,4.564943098469066,4.394255046072163,7.046883913308015,6.417614014931856,2.9054943897788346,2.5201006192155018,3.360954308809914,3.0292807753309816,3.0891069153082484,3.0263755051235997,3.9611174289773894,3.9823464854132933,4.479161655754812,2.903183071459451,3.1918544662655224,3.9868773678526757,4.114301019964695,5.711737771702625,6.3695747676037895,3.5417653223777408,3.451157914350588,4.091536760207454,4.074445730882846,3.9235053168268763,4.458429715924781,4.743683455540013,5.323439898067121,3.3554221722322746,2.850110914814019,3.133809076688358,6.937619235684835,4.513316967768461,3.9714001303511175,3.8256378048668993,4.991577248205034,2.780069124333711,6.596014157814075,7.299266739835785,5.903641640399311,3.3783069562942285,3.0420239698619693,3.498647663470766,2.3808883613404377,2.396927868766475,3.202751828376973,2.869343796238356,3.0102957158393253,4.080482399181753,3.6344274796435996,NA
Jun 2017,5.101163444590977,3.408908903514028,3.4191141292468847,3.0832357099875307,2.91572503587715,2.965118513273776,3.2745861295669454,3.7161813581216663,3.64445600623578,4.396899603288255,3.6434365342198887,2.532013794459312,2.723317998201815,2.7845341653702897,2.818726148628332,2.6464621293113098,4.154020852493387,3.981053648641331,4.1700333997969965,2.965630573597145,2.8728440140049996,5.949738297274622,4.2805620949488254,4.597398776503309,5.468342824297569,5.474037602972126,3.1338121717167815,3.3135825614215366,2.948062700179687,4.438045937309451,3.4190323814009322,2.8156771428801974,2.8675345406787773,3.3488820600169076,3.038439311500272,3.0927275736630393,4.850066610408854,4.881017030055165,4.782907108399308,4.268569788054494,4.14222211160057,5.393829063577889,4.725401705566614,4.519503652152352,3.8237626506109166,3.2079032757094277,4.694449167906845,5.529026351817579,3.399361848704369,3.398651287915157,2.490126483076872,2.8639702213827163,3.3161336422572987,2.8514826404248104,3.050517377300895,2.813249130436635,3.4002844124752905,6.214555588590927,5.863596148839699,7.0380270702631345,5.6775854338482175,5.523238067145695,3.916651624584305,4.097184138934564,2.4525202598185794,2.8035269805777427,3.909839758278033,4.628067946623188,4.375460950532033,4.588390844240293,6.508295345989231,5.416322388084282,4.584183850568601,3.3186038099093227,2.596961776855353,3.9992542847154535,5.715536114939491,5.587070634641448,2.9350030380237575,2.911298651330372,2.620909819083509,3.0301818845099757,4.033786917446353,3.5745636222996153,3.694117327389425,2.957189360478362,4.47698011209968,3.225545088999477,4.862848466896661,3.6108886630112202,3.3368409589474495,4.544722099118111,4.205838812535734,4.612028401737514,4.67269856060678,4.439515727958539,6.996491938181682,6.4017983434574,2.9141280577792874,2.608192298532316,3.4372400667148737,3.040442011018163,3.142691285936182,2.989766079235355,4.053089910073525,4.002822804065341,4.509522871232605,2.9629067848658246,3.2944654271631197,4.037652485371993,4.118134174330072,5.8591840060515326,6.123494536531982,3.55881583703576,3.471114170340876,4.146516211960438,4.120237075857214,3.9927437014077833,4.520418829113943,4.7915045805844745,5.379370281244054,3.397232507456818,2.8993905680584575,3.1213607764889946,6.8917734688413885,4.532167948406697,4.021505694148647,3.8879376010075815,5.102349701239611,2.8443837731237394,6.603079307262568,7.361732262918787,5.836854559385972,3.3431648317182487,2.984494141172853,3.486273976090298,2.364480566570481,2.3834395258260037,3.2585005971363277,2.8522806066541606,2.962069764428683,4.0463089264817516,3.6610597634310964,NA
Jul 2017,5.097828270817922,3.3978967180667445,3.441323551898089,3.062753370015176,2.996527593523116,3.0225108881625817,3.2656333974514853,3.727324348960881,3.6663383426928933,4.453549524551416,3.6777458651386974,2.5311936735596317,2.6513181534995685,2.8035807209870547,2.808085795224377,2.654254198709446,4.24385863053853,3.9909097996475915,4.200072258832935,2.9513671175275755,2.87354939461056,6.207483136228726,4.296928751475931,4.574604151522902,5.491605226025853,5.539338754951112,3.1503534846812213,3.3185197277433827,2.9534288009847653,4.412303067554612,3.458324228562604,2.810603645382757,2.862331399162156,3.2995029249991594,3.103812860715106,3.1576236200322105,4.988228974049456,4.882862647786474,4.785398753889842,4.311979267995873,4.221513519236796,5.480182484809209,4.684943871890336,4.5228183073302235,3.7573775157094893,3.237210604907038,4.650256835954753,5.580125606737715,3.3719426885791313,3.379444794252374,2.503527755427098,2.845536804887021,3.3584786541718725,2.836865950708012,3.0437063986215356,2.806845402866586,3.4254408110666836,6.2568325134097496,5.86791719171216,7.132342893669246,5.633639016922112,5.490957729468757,3.897051638871987,4.061746274910937,2.4707897203738898,2.8261052530050548,3.9137935433486932,4.609118184955953,4.428868551318786,4.554289865941516,6.378407598413696,5.377614235501707,4.59812260093532,3.3770770432853565,2.6192094694803187,4.03721508380908,5.771282565902645,5.719462062126372,2.9708055980787536,2.9351776774101297,2.6337131743137925,3.0790988966074653,4.157080209093184,3.605592840154643,3.783098964574421,3.060621312844166,4.554910469942871,3.225714385457609,4.870527303777927,3.6373539653551283,3.4028495872551217,4.611479900376302,4.199033264109309,4.674765738692761,4.620737750501983,4.516385220701148,6.923382164771648,6.4062047300476825,2.95666899912204,2.515513982942911,3.439917050914032,3.0167603873639783,3.1862597191969657,3.02922977742667,4.017828061300507,4.056509980611834,4.560432157299889,2.9993454120135374,3.2125260819527273,4.0203618913594115,4.186106609196731,5.8176985935804595,6.011742106797083,3.568809512943889,3.491583301948933,4.196427569489277,4.048321299243756,3.8570308388789574,4.539705427225523,4.9029689870756625,5.397223232065421,3.4008538455214663,2.9691992391939874,3.1000518726270876,6.856037853751988,4.569724194276053,3.996488548738115,3.9022577335836397,5.170638659333011,2.8417156627982525,6.585701622423261,7.515895803591974,5.893403393150474,3.376969589125297,2.966732454400203,3.4473790435093683,2.3376272898020005,2.4024610448537285,3.2107887737704113,2.844965022401917,2.9937140125357753,4.14270036779045,3.652361317611187,NA
Aug 2017,5.127473422418837,3.43071480671813,3.4514965505023216,3.103088898051076,3.069997179546188,3.006309975146443,3.307929881805624,3.754517283443439,3.6529057093542763,4.49484027615346,3.6918967110583996,2.5534717287432307,2.6360825130797294,2.8540189303098464,2.7990625509866023,2.6855642947347573,4.30858792743547,4.053325973129476,4.2521827552477305,2.9390332821683933,2.9223411999438165,6.16956769305941,4.3023623395033,4.57258905914327,5.50444092544814,5.558290011230906,3.1780401623577137,3.2907822841799237,2.9548870873092214,4.455216788021867,3.420901380291684,2.9026673367753473,2.9320426307753604,3.3499501946587382,3.092104072115044,3.1766884617644235,4.930366835813553,4.926717646350258,4.8013673597948126,4.348830335892999,4.196489652507586,5.525298187079925,4.797262015895601,4.555496400738669,3.827716799151313,3.282053171950871,4.707982695385296,5.624099572479838,3.422101600900854,3.391760379711347,2.4360450133557596,2.951463282125181,3.419456360198848,2.8597312650364883,3.0270778833733147,2.7986404921304024,3.4583359798706,6.352512007292222,5.913698696908543,7.315108506843468,5.531441391660666,5.535164854011386,3.955233209632058,4.142234208201014,2.535773761149841,2.8691769062224735,3.9561447756887924,4.668810352306073,4.3753014256701865,4.607603672193187,6.5489631393150125,5.453618259442867,4.6190168814494745,3.3435767805560137,2.6582517769854324,4.036408954628993,5.7777991774425095,5.705725886781959,2.9680933551892803,2.918371233600359,2.675494050290088,3.017642249997409,4.265038437027171,3.6050745769934056,3.8450775062842273,3.090537819484913,4.602059997129882,3.2470696832424806,4.88593694685989,3.6644972020428472,3.3950010195932263,4.638194934499481,4.180006237415653,4.667266461866212,4.705116941350784,4.493614230392374,7.0781905319490335,6.3474622365750015,2.9307650012403634,2.52037710880173,3.496282037153702,3.047716989919273,3.1258239381945176,3.060427862661479,4.088881317526701,4.107939479082063,4.5301440517782785,2.9754269908457185,3.237114611695504,4.0657953309638435,4.1924908061287525,5.865470910881227,6.179993668406726,3.622260081510614,3.4706344843360233,4.124137631784994,4.106286482343457,3.959497709239257,4.528947042557068,4.747174623879246,5.5001207319054135,3.4104966606430076,2.967991509193101,3.16425760662806,6.898252282905037,4.6006485493870954,4.03854014443472,3.901179478710705,5.200714447528051,2.8705426608006492,6.62747768298048,7.4558353563756325,5.888931857906459,3.3881432038165484,3.042681306966995,3.4828496516851786,2.3559807806930695,2.3728670090949984,3.256847784356928,2.8059297324308985,3.0584303181143144,3.984748487709417,3.6881309083570115,NA
Sep 2017,5.115122409323814,3.4562379171991044,3.4846546755387933,3.0595141160431165,3.0152842630290384,2.9820316059257057,3.290290359837065,3.7197429915240634,3.6636116104775347,4.482964083676782,3.705675773931553,2.524037777911711,2.773012184182983,2.7991619577055507,2.8198507615031865,2.6538975560731,4.2691418050867425,4.0438016412837134,4.281397366638678,2.9692786439535834,2.8645805472133166,6.087226777439181,4.335064497692312,4.579330835612955,5.4652036358358576,5.523413351158701,3.169106008799331,3.2950202360235883,2.956943502759931,4.500646062134422,3.4728299670127387,2.9092116664366516,2.9688718702077934,3.3311659378513423,3.113584004862268,3.1534017642487306,4.902582132174353,4.9012220516550355,4.81121162362693,4.415785315242706,4.248689982861864,5.62786198507368,4.742133938494005,4.593420234212941,3.8525261344113733,3.255934090451567,4.687761051438561,5.582423017927684,3.3791152899391053,3.420767871990294,2.5068272455171434,2.9711847546952197,3.3633912337794554,2.8701406177832136,3.0882391193496033,2.801514707725731,3.4639293531984734,6.363844322466658,5.737803410192821,7.320928008621494,5.5019279898298885,5.542343063021805,3.9340053049970063,4.1242009093839425,2.493737504770912,2.8685078465937113,3.969934713198858,4.6298388136491955,4.368410328078735,4.590450352797443,6.479258835232217,5.475244998493976,4.548453510176696,3.356228971038462,2.642330498627996,4.058905170184266,5.757489576358737,5.612819039309724,2.9723032455495138,2.931140063774625,2.621422589878722,3.0398261094267442,4.349637680692481,3.6365683057020752,3.910657911336226,3.0359412171654303,4.6844318837224845,3.233745707245267,4.850050123331671,3.683568334087564,3.427225982947624,4.617584392037476,4.253492282620063,4.6666740038243315,4.751103289055509,4.50343021268479,6.983592298312172,6.450304995862325,2.975823642436399,2.513532506980415,3.4480003891472895,3.058504834513552,3.2103777232787785,3.096605252989561,4.093377195564018,4.079810693007229,4.499498769173807,3.038879775927097,3.291335535717086,4.100849897635952,4.2077341343154995,5.598483454210093,6.122331473881084,3.6320477497292063,3.4980606652754616,4.143853828101947,4.031613073576657,3.918169241604198,4.560567808596193,4.845432932611118,5.462928105169602,3.4726427628112972,2.9666067542539554,3.208943117856645,6.886602921914876,4.59539764579527,4.044899643322467,3.891310805035136,5.072417452567291,2.882103813447807,6.530763631482862,7.330424462542748,5.876063614666885,3.3421240013683753,3.0940909764669247,3.5134237876301624,2.284682519404829,2.410069854467229,3.3839215726022482,2.8467833938808598,3.090993219211299,4.058138687160198,3.6520092756055105,NA
Oct 2017,5.114322958081087,3.474590523165811,3.4831335115756246,3.0926185592142965,2.9979111266923804,2.982953689921153,3.3493566887775605,3.7496023516945534,3.7147830100762422,4.468980177522301,3.730742293448009,2.5107773553437918,2.646060556990939,2.766922873593817,2.817061894535862,2.682523957105158,4.239908088652689,4.060326883387736,4.277513437639332,2.9850452602917015,2.9365042516859545,6.13958008621421,4.343401553522258,4.633852497512515,5.442709796444377,5.501596373120447,3.1591417645199105,3.225442858542535,2.9657989272131275,4.507787556797596,3.47359539636156,2.8337741201667694,2.940288725435541,3.3300638108652323,3.100046634693743,3.167847005901378,5.021214259716717,4.880160008217051,4.788090208003413,4.390351337744237,4.27525161617848,5.357155071918058,4.704553032142835,4.591033813812224,3.7974030029967896,3.239084738540942,4.724159073867146,5.583368547884104,3.3728101067171137,3.427581516099688,2.5041630279406433,3.037573831896976,3.3702232217838084,2.897006030731023,3.0554016258743864,2.8197338227066173,3.489170939733705,6.361364185735567,5.847931340888072,7.326030351088714,5.526544872334789,5.536983253497882,3.943364382560877,4.113126802843954,2.483195453748747,2.783569407752502,3.982287961665877,4.607173601006293,4.379867720616169,4.55651600402591,6.591424790741188,5.408819079711252,4.598842715309473,3.367274788090954,2.6586331393467315,4.051955344031006,5.664081300264824,5.664015954308773,3.0158986978410343,2.9726267991433777,2.6259029053058827,3.000679145445256,4.330686924539394,3.6324047458463578,3.747569067643841,3.0221758839901036,4.788120147508716,3.2515756819198645,4.9253688702264675,3.6812490439519094,3.3780287400827556,4.610865289773991,4.306162557934477,4.671001845887622,4.753017260314881,4.368529103584707,7.019992232672741,6.304180359923469,2.9594887519179265,2.5525182948433782,3.4704781044986555,3.0437186055407768,3.198526349251243,3.079008278011247,4.098683546633161,4.1118776001722495,4.538135457464026,3.0124048020479046,3.268932703154691,4.118110514051581,4.168324819968557,5.457913378324312,6.072280390842621,3.6306015304495136,3.4217330946161395,4.18114606066726,4.167033631387122,3.976613564169217,4.541186881439719,4.8955896407100115,5.434333639127339,3.436179032625914,2.989113266485502,3.1168748315620878,6.741373435994007,4.6460639348950785,4.018329870350327,3.930474787190332,5.259943764115803,2.9328097417430654,6.581371814886078,7.303063891944129,5.807669738216867,3.370424607480158,3.04850253635401,3.453752786611573,2.3305913475048268,2.384271280878065,3.32274513934558,2.862348543781381,3.045661627583233,4.031600100651569,3.718186833201318,NA
Nov 2017,5.097039052716894,3.4623804763526396,3.508671255601771,3.1303881653413717,3.074960255674884,3.029191175957509,3.3382073345547254,3.7951311929372173,3.7036678435345545,4.509721591395817,3.7557681339146067,2.5313831231209294,2.8030891304414123,2.8416262455216628,2.870570685234802,2.664521998438741,4.278743299193535,4.0286065123413195,4.2847270524974075,2.965212598723645,2.867013750264467,6.053086620940496,4.384957903819645,4.567072998733088,5.4485386083007645,5.545055465546401,3.1769327403985215,3.2630372824357594,2.9350124479638273,4.487511328388443,3.5167745946617894,2.846801131578022,2.9276862260310534,3.3750037106910855,3.0309730334432037,3.127003641813935,4.9397808406725865,4.914565788285002,4.783443361297226,4.345793570159256,4.27788966669065,5.4324937877339305,4.822808769726595,4.55684677868257,3.878666756592789,3.311206862877595,4.775845370499467,5.5439667018058465,3.406829289445605,3.422492631595237,2.512682857190455,3.0234862128484674,3.372264924933314,2.864864028871515,3.0891699177037117,2.8504857195711892,3.489892077315214,6.2965682239484675,5.789257636568974,7.168905507919722,5.502811393768024,5.455699983412234,3.955169492981377,4.136966815318052,2.500521612363578,2.8451450378952345,3.977584712946634,4.602588386235677,4.384224907906968,4.55571477572528,6.457572189372008,5.289864398375683,4.616819031359479,3.359023209025809,2.6944717772170965,4.106606701300225,5.704991818880705,5.572290086866894,3.006313011124519,2.8722521214586165,2.6757393650317134,3.0161416998508344,4.4381297671393245,3.6538420320487064,3.987737368872296,3.0487654413047593,4.595519994064869,3.2710032985682354,4.782143024560371,3.7511063936368267,3.4164285049106833,4.656393195743203,4.206946294386176,4.632671878513302,4.6975763652910425,4.449485387670986,7.016869927685562,6.388625383322759,2.9354771264543964,2.518825646396386,3.497835648883768,3.11731626265808,3.2064386423985662,3.102173318173947,4.106272827856034,4.109708184747914,4.518273233349313,2.9934017884869544,3.329386651896672,4.083576092779778,4.15352990213215,5.722070932689025,6.059247398674448,3.666792304999901,3.4823859642985378,4.2279895200280295,4.088168636209471,3.9341741726713293,4.602042937601361,4.766323914140556,5.452960003654726,3.4518937979469135,2.9930115424712063,3.166382448520647,6.781539581754986,4.6438196773927,4.012847817072944,3.9067753209799276,5.1874507951077264,2.9130942561452216,6.5345154932110265,7.3700216727267485,5.784045450255769,3.367850626543515,3.05378787049606,3.505230000280149,2.297600650508009,2.3782739988380324,3.2845816070945424,2.912875914737091,2.974797761310626,4.066065785520363,3.7382681711240604,NA
Dec 2017,5.159556335574139,3.4667654385183697,3.485025574193443,3.138916967482657,3.059051192852339,3.0860059958550377,3.3451838108642127,3.778979818996337,3.644657025972274,4.520266983975645,3.7330657806151306,2.5454220250206783,2.9532160203848514,2.8129532705350715,2.8771873230942258,2.6483531994274667,4.254655196346411,4.09409650628661,4.2749175777912765,2.935024146808007,2.9447114471165636,6.092921353572148,4.39302992654244,4.643324421991393,5.512087534954039,5.583381460496874,3.255797572714032,3.2772820049509908,3.048636661701552,4.504474556579789,3.505536252077983,2.8322513096379724,2.9125322806020684,3.315409961172288,3.0241402261487393,3.2188528645992656,4.892262740762383,4.958511878363361,4.8199103635250555,4.347863289816799,4.282046578575096,5.511728322899975,4.712628523197985,4.635509434403959,3.9145957714695543,3.280892817277041,4.7175205384534635,5.458109364248228,3.40887093763052,3.44219066172554,2.506561995047134,3.0247413551677735,3.387039202675959,2.9110340310992244,3.0744225857277807,2.826754342773442,3.5021278239701754,6.290659617255999,5.725004744237007,7.244062760226392,5.444416201710105,5.5431087797422345,3.97225748268371,4.201322822689867,2.4478970781447154,2.8678341164505134,3.9459157907952167,4.599709366787282,4.348128309647954,4.572543833391395,6.323306763901375,5.417341208826884,4.552452590694249,3.3704151339920276,2.632599169147298,4.058538003046736,5.712410095348769,5.673879497770571,3.0049738071205243,2.8896812767677744,2.7334476856018415,3.0697736568348715,4.336327357709288,3.7143640862697604,3.8664000016872713,3.077149322312712,4.760114086223501,3.2829109143271644,4.918189144489104,3.775270915635414,3.4206540930057985,4.640192819587537,4.239989212378258,4.670609817709077,4.748097142303503,4.480158305479655,6.893038717742329,6.248196798138315,2.989521898304989,2.540276130897849,3.4934764718214124,3.137353272423201,3.271566414631412,3.1074321067317014,4.100206509702212,4.099219476809496,4.51172932501449,3.071462211829434,3.357816740382678,4.085139542019278,4.227070493051346,5.2639853984133,6.033049221333215,3.6823320462622307,3.493752913375189,4.214783996764115,4.122804242865515,3.9187821044186637,4.520679025708574,4.756393491445755,5.510130433165673,3.478086097612967,2.9972697710677787,3.191930093697089,6.755286395547125,4.614387289962987,4.059854862954049,3.9000242035699912,5.237758290885674,2.915712381196977,6.500936352660484,7.2045982496248895,5.651210282315483,3.4231261770694763,3.0488051163601284,3.5242250233663404,2.347421079075664,2.425333528217422,3.3140184273597773,2.890319521412926,3.0481320380840784,4.032337395209759,3.7211548413376634,NA
Jan 2018,5.104833860599642,3.439619844467348,3.4456153974950037,3.0948027070475623,3.0822772859836225,3.0413616162388304,3.3310004095409202,3.7927639434236613,3.661425367780934,4.501571236584338,3.7489285058518558,2.5393741759528283,2.8101706907592683,2.806042971460108,2.849257027472754,2.6562304815579507,4.2334444789505294,4.129797982762272,4.2573452646616765,3.0450293615611015,2.8861532594872576,6.073252692326445,4.357235917634582,4.5974792961464095,5.516734988444832,5.56617214109183,3.2226714484616394,3.1843595878375424,2.902522144952852,4.494042009049607,3.4871379399877367,2.8862149862185924,2.8580115449016508,3.246339468920986,3.038468323792586,3.154497805950603,4.900889851904718,4.894035256714337,4.790945767262719,4.377710729058529,4.25794232358984,5.454004163755569,4.743718540902526,4.670877920180146,4.026777385387993,3.2920207616891854,4.726789308919421,5.594076270447616,3.4087408470031826,3.3929035241968504,2.445740380790252,3.0917446985670263,3.384395528563651,2.899010771494945,3.0630783736405656,2.8677915638250173,3.4859421185541195,6.318367637624815,5.6411284680629965,6.984425876662311,5.6827360358702945,5.454345475296495,3.966095054841117,4.203835759182524,2.4492411458073158,2.814187049928817,3.976438520412657,4.575269482466438,4.344348821187926,4.579785785158205,6.621589122563611,5.296984952800964,4.61555167895312,3.3604466099471377,2.6641050763439598,4.078876879777689,5.615578722406952,5.687781243315264,3.0789447931515466,3.012632423869069,2.664028302015746,3.124973584901467,4.273825160001893,3.685965769517649,3.9801672622118294,3.1443153079304906,4.776838627786949,3.2421383312667382,4.90089725885964,3.7610897853581906,3.3934446437130537,4.5803765811644155,4.231102634197637,4.697791737360155,4.709207633760847,4.462103042158917,6.711847863631393,6.446639326266834,2.9436933680123176,2.5850554643641055,3.477391877895255,3.0966298774727568,3.1758039305674095,3.14077220444173,4.067312720804559,4.111151971277744,4.472568226985151,3.063411509081524,3.352655988724571,4.143939475515887,4.204402566338043,5.425636572828306,5.9843270080241835,3.7036705141604207,3.4866294459130853,4.171870055245374,4.087412748929881,3.891305561606842,4.537057554460679,4.757376901574921,5.4924167899734435,3.4744735443116994,2.989951231923163,3.229262582866426,6.7774099116870845,4.647812063604828,4.095941611941209,3.885012162011421,5.227578580634404,2.887911968197623,6.402070892645034,7.256313986393308,5.769839962309204,3.4350149153926126,3.1166480145971054,3.488819471070074,2.2888208863446464,2.4015697160452536,3.2486655704468523,2.881461861475484,3.0948285217668046,4.08663431654966,3.7593202960394887,NA
Feb 2018,5.127986373043592,3.4880201336582526,3.4896483810639713,3.135504940018287,3.077979595384331,2.942654528820268,3.3465201485593776,3.7935413239980678,3.7240620320786535,4.452113833065703,3.738957594460831,2.579480874857867,2.8108884488493957,2.8011050334365635,2.872189779126593,2.6498442952240944,4.239809073193743,4.067977283762473,4.269268187546437,2.988520080389004,2.8990073200252806,5.9727256657942105,4.351887984375829,4.606257565378924,5.369318984463309,5.5775108674654215,3.154427571275758,3.310888178098532,2.9876800583821144,4.502610577795187,3.513639295219605,2.869335166889494,2.9405485536315394,3.3369750822700257,3.0745276052886075,3.132039358510173,4.967515847911654,4.818632819506091,4.790058239412801,4.348843971840397,4.242067433426367,5.2896868234494105,4.773877684992816,4.626266090132088,3.892166723549931,3.2419555924061823,4.716121067095549,5.5569470259076414,3.459203649950083,3.4780366114088173,2.475790569741765,2.9835697981066134,3.3958761863508937,2.901678664024304,3.051798066866412,2.7722371423691783,3.4916119495769933,6.24909111757982,5.852343383587195,7.086167738747294,5.659881120397107,5.520736808889502,3.9711779118158788,4.1415348318240754,2.5000895018256135,2.8778427503584885,3.9575675497316998,4.6215802887586435,4.38639027541043,4.550518995764887,6.495568213432043,5.400115290251604,4.559212990439397,3.4208351726430593,2.5923613632023663,4.112470240519297,5.547725987053878,5.555776179686748,3.026469512784784,2.962368055591231,2.6579712568786316,3.057781544702327,4.548029016144331,3.6888981721406084,3.9695839326140665,3.1347636293680443,4.58508385111021,3.272075657478365,4.7691591654706835,3.7930820231068627,3.4828894573260754,4.635677768571773,4.334299515359906,4.741310360500198,4.643425793754648,4.493316664371948,6.856566071401268,6.235728957021402,2.951902949379896,2.569368471771011,3.5511397323469427,3.1173439790697737,3.239073058337977,3.1486296193984225,4.140661331255109,4.161548643827547,4.557770605267469,3.0710361592754154,3.4057719735754373,4.1370182279686265,4.239038240256157,5.696126796379308,6.036298876807055,3.712977183443017,3.47096878395444,4.199935182683646,4.131482390307901,3.893205084620337,4.522109833723469,4.689736702930022,5.434974706267247,3.5062415933408273,2.941533074547507,3.2002694810435086,6.756776897689812,4.663600715368111,4.072937784197948,3.907972284840552,5.2091469493090665,2.852778498483745,6.496135961252223,7.326561751504049,5.853143333717334,3.39824622272664,3.088152530195715,3.5699336290530317,2.3450157895093646,2.3575349653913813,3.324991681237075,2.8976806377349247,3.0943593565641434,4.098037317446345,3.685364746653419,NA
Mar 2018,5.110741167429615,3.4860847253783467,3.4961650505761686,3.1712039959746647,3.115210066296512,3.0673862199281463,3.3478406931435845,3.8075067490718117,3.700831388443968,4.5356430020976335,3.753700870211616,2.5720519953498227,2.94290583011809,2.817250283331749,2.8751421316800636,2.639003186727034,4.340569119959756,4.106384385933519,4.270207838033102,2.98208399451095,2.916029729862731,6.106088849763864,4.38738589748375,4.576466911542619,5.447321795863644,5.492770775766042,3.2177495701373866,3.3684221750180328,2.967005330345336,4.506126240231394,3.554803778377932,2.8638423914581645,3.01788605377083,3.376844976345833,3.04999937803788,3.213593665733625,4.938517002192779,4.955091885092036,4.791097189836599,4.340173810020291,4.2626497295256085,5.356114809157517,4.732445553089204,4.580307887094275,3.882405145513454,3.2720564306731057,4.668720526828209,5.516348084812999,3.5316221780630217,3.4780143618088095,2.4831545214217683,3.10955412067094,3.3794819259512083,2.8836458637618576,3.085256266088835,2.8916995667155585,3.53453020647998,6.27078568219706,5.872581551080111,7.014006762122911,5.573361525388521,5.560665398755112,3.9761364449334757,4.231331917893666,2.4846320777894286,2.8371950202975498,3.9646302621419007,4.606514613614489,4.373011824227628,4.5490580796892575,6.5211466778073595,5.391429900851013,4.57105625851417,3.4568694007783276,2.7075298583271725,4.200000575834353,5.642975173253561,5.525429560859324,2.9856703473037958,2.9712997861171027,2.707015456049916,3.0765690063179756,4.666985794746327,3.6945691080828817,3.9218720754310143,3.014378007829922,5.071984665096568,3.2840154607585266,4.751029520613369,3.778686081323477,3.446670479187294,4.5617980539825025,4.25411977635666,4.70086168378263,4.749875171500073,4.515231860807462,6.943668729930557,6.16727536295092,2.9324697936789574,2.4832220338352466,3.4911374565713262,3.098354489142643,3.267465841111492,3.1410885184211144,4.090925182741205,4.201783885027522,4.517094785769405,3.054155423458219,3.2959339030838666,4.151455806000132,4.2554040968136,5.418959546396001,5.8518425262957185,3.7355801873873724,3.4895252584172907,4.221227744012864,4.099787515863646,4.092813921472445,4.526103446767097,4.8053486607495515,5.492229041304611,3.4616203493579394,2.978099488875779,3.2351723277493347,6.7038337606552485,4.600542952850469,4.013103147050826,3.8214160794483067,5.1975872092951745,2.9529803075373144,6.528543240068031,7.231544480479108,5.718115211639326,3.4015645655210895,3.0146819288123172,3.626649932326982,2.262041842870407,2.3665499759640074,3.4141334665610956,2.8889077683274746,3.087337473776282,4.081244986486025,3.668385747419927,NA
Apr 2018,5.144538011158091,3.5172472578221745,3.5394035336270036,3.1479670578208254,3.113208166138681,3.0956421950763238,3.3852121899762704,3.809680483108523,3.7404124647551558,4.524559756981565,3.7588931171952766,2.667202177789478,2.886656769787783,2.7885025725049863,2.861937032575682,2.697838426892407,4.316222633610479,4.091760793991444,4.288580954093641,3.032052243248299,2.938323430493711,5.957215676271399,4.406759908831979,4.649399929063873,5.399547467799706,5.588049184816897,3.1938190337088095,3.3347755302034097,3.02114136662957,4.50354401896667,3.5602318761006635,2.9542340514567043,2.982187755396495,3.4094142118208746,3.102802559897794,3.171412814549629,4.985137569698427,4.981549443233523,4.806752968539628,4.384841293797696,4.32556115712569,5.361379440239921,4.767014998764166,4.621552399694823,3.887554552580003,3.3012744854812945,4.744553482776405,5.489482764564414,3.456149311936952,3.4781856189960734,2.518244346799123,3.0647421593460553,3.4182478623043475,2.8927579459450428,3.1114673532538317,2.894653796691963,3.5059694960029786,6.16250321196576,5.831364977125362,7.205476128154334,5.677835113418072,5.369669857153147,3.9684513156868855,4.232904699550363,2.554121702680615,2.876721302940869,4.033372714891256,4.622730127638318,4.341689823745827,4.5019721278353275,6.185413711930704,5.265622008154681,4.581378851613045,3.4336265553600045,2.6769799397580516,4.072060086803969,5.703672060162639,5.553017260803671,3.0386457111538743,3.006232730121837,2.7148857781896494,3.1031501775356807,4.648869218319652,3.6792311763440853,3.976106251580345,3.03297683030746,5.131778044380062,3.2928059465648554,4.750441434148457,3.7648490778776416,3.4046431632890912,4.624458895966342,4.329654965554217,4.713190123372088,4.777598071832378,4.47791691612334,6.835821668029247,6.185242564747889,2.9648813796012217,2.5370776585757255,3.525955728720559,3.1449367440454603,3.256305419531446,3.102011922334846,4.165825393787019,4.208882271070286,4.545018968863781,3.0927839052629356,3.4296023362736072,4.116741971047567,4.273765863651411,5.623000591213844,6.249679007560075,3.757134615679804,3.496648952712054,4.253523966645793,4.15916622310217,4.054280484857833,4.550315459935802,4.8445970397312585,5.520039955763549,3.4894019810486596,3.0198136398954127,3.2117611859271733,6.839663239521957,4.678081712527523,4.0831618456844625,3.896238430072549,5.2025645955443,2.8505849628812556,6.448939797111286,7.251964769843906,5.5637794074685205,3.3913204153766543,3.0645501544879705,3.5213953670065616,2.3229978930385697,2.4521512251852644,3.4011797689762573,2.905978426468897,3.1463763240985196,4.138092421536504,3.727440686677226,NA
May 2018,5.130956732356797,3.5222043485825107,3.555333184348321,3.1608708364495786,3.1179164069402505,3.117234427553892,3.3522072490238566,3.8492363434696406,3.7726039432349996,4.5524785049319645,3.8242785205640146,2.53915242233789,2.9126279494960254,2.8129327153506174,2.8887425549668806,2.676801460234474,4.292313278687563,4.10385700815736,4.311280390314049,3.087402855106497,2.9220041614911483,6.129192138309993,4.426328287328509,4.601134551948975,5.511563392629137,5.654983157322646,3.13395729706583,3.312930270968729,2.9435895428542715,4.497692425474447,3.563079169025986,2.928122304855572,3.013918998584165,3.3682271601877103,3.1449570715688453,3.2157166352674866,4.993075404116012,4.924248778306382,4.813442857094888,4.415127438354941,4.340264619085088,5.521896185299538,4.765359587965787,4.712461626482139,3.9037348421435722,3.3004459055991977,4.783670989350103,5.626966967181682,3.5401721979572196,3.535093225528706,2.542072134392176,3.1407079355624337,3.4522749191016286,2.8778562430456147,3.109906650888201,2.9254893699321007,3.5317869304555574,6.410579856890197,5.801346629580649,7.299824569152324,5.508214120815629,5.414927812056762,4.032041852056551,4.218156250775353,2.5758118511333783,2.9020239124006935,4.03959065576955,4.6601288852490645,4.3380482621269145,4.569289561624052,6.511972301267744,5.455250368709142,4.560510856158984,3.4712558185785793,2.6779614176425093,4.133623614600376,5.660096476571474,5.461247908603302,3.099551945177962,3.013113015256517,2.7148579272781843,3.153137444612236,4.580434963811454,3.7093336779552724,3.903904560718596,3.0668404413797825,5.389900710958576,3.2964696966694373,4.85535730275854,3.7519640267425993,3.518094758805714,4.715858288555508,4.340386996829853,4.7372516489427765,4.711203446921139,4.567857803046597,6.877708901944294,6.371871016948703,2.9838612352823195,2.5191644521482233,3.5441848970075065,3.1976382487238446,3.29633982577015,3.1349246879220125,4.1373694706929625,4.197453723512725,4.481404919647868,3.141759768382646,3.418157072238518,4.150709247860945,4.2656347567562864,5.379745667563476,5.935379009232307,3.7869228223023943,3.5261986479667344,4.2478737361575725,4.177786454307147,4.066552028442536,4.577203338496515,4.879373642252218,5.5303860074279205,3.4859153932089137,2.9931929676348332,3.181312977974785,6.846040393172008,4.648271738370759,4.061202581611592,3.9765307704014643,5.245629689219848,2.9256280126239362,6.394931808460095,7.228134198754858,5.715985497800895,3.4401975345395925,3.1213143025711347,3.56483703696757,2.358996892270366,2.453717559603432,3.363112438651722,2.9251847935026642,3.1945342125621994,4.087150482551971,3.677853465603175,NA
Jun 2018,5.106582949829486,3.5990389401003875,3.5783708448974116,3.2160051299022747,3.2236670093738136,3.149975511188126,3.42655836958588,3.845001792655152,3.865111158515108,4.575032889812249,3.8465469408313364,2.625383355960225,2.90401335062905,2.837619831397756,2.899527445821855,2.7054835779191997,4.369784980651726,4.111558079913141,4.323685036081208,3.043441596639005,2.9594292507125997,6.269292337378146,4.43983290797189,4.619035644737006,5.428768669383834,5.717219517522611,3.2069848166474886,3.252091661278453,2.9803601257144177,4.56524095617936,3.5804583455539354,2.9634537157106453,3.061912991656243,3.4074608755473754,3.1913323343948408,3.2109570591510033,5.045277136369079,5.031983665305071,4.774203437310824,4.376201164563027,4.364677098041369,5.431696790733012,4.761241494327882,4.716149689478613,4.027292260999526,3.34096130437001,4.734320064108251,5.5909121867086915,3.529789659487205,3.4891967991214328,2.549857584757263,3.0650859816738403,3.4340034891958102,2.9338241453734284,3.1154306761354014,2.9319109051427446,3.537911008839181,6.369075907153391,5.7584146152684434,7.294656977339626,5.569057920937763,5.446235927861957,4.034496935287774,4.249923989770013,2.5521782083547104,2.921430256343529,4.058390718614323,4.635376622018686,4.386016797424665,4.596629052544231,6.551093801589548,5.444476228110786,4.590451281347821,3.4963610699951024,2.659877420541931,4.133636147668767,5.684847062448531,5.576084075126752,3.0172822249561153,3.093547135731094,2.7377071840426477,3.17982820666397,4.420802859754455,3.7943396767295114,4.1462267946966325,3.1777002234127196,4.89271315333772,3.315764664135256,4.750876294572474,3.852112496874861,3.5333157432027518,4.712263896659947,4.306567747546837,4.727269641613887,4.825401527087687,4.475735126391948,6.858276343121728,6.233871515160336,2.9907728495886516,2.556691753077269,3.6005288067739567,3.192335267454134,3.2786816936038936,3.197408618936944,4.187239291134305,4.258181178590702,4.543813958672362,3.1671612582886928,3.5239500957678787,4.122964394179256,4.307874680625048,5.580139437613784,5.932190603814121,3.782291889433681,3.5490957883675054,4.252406256544399,4.137082726271991,4.007703246622837,4.567435933333367,4.8081500348966415,5.551989917966547,3.579830992621101,3.089321827547875,3.325516744741746,6.746205417069267,4.73495541111269,4.121615325405837,3.966920337785119,5.273962994076799,2.9432894465210033,6.565606055930435,7.243465956224281,5.80185570276812,3.481317494985986,3.0333970582945144,3.5282138023120804,2.3106899288542646,2.417169359838743,3.412198833669718,2.9185995667680293,3.186592285793026,4.1105017954281795,3.7265909879283208,NA
Jul 2018,5.160654588227305,3.6110257567661734,3.5982938895009866,3.1810682202030907,3.1994185717510373,3.0689298824760303,3.4218884207221794,3.8585417236265935,3.830703206039722,4.557887845372717,3.8867668687185875,2.6090607658288336,2.891837702879157,2.860967474049829,2.9149405279653204,2.693672863394978,4.385685691024632,4.15251920995788,4.319052531943446,3.1087357362301513,3.0031955768519443,6.226124423501158,4.4840994182970535,4.709509494216887,5.515208732103155,5.661551062387322,3.251412080724932,3.2803409213607266,3.0295636912432404,4.5490657010731965,3.609719569728533,2.985869641096994,3.027501549187961,3.438849169916476,3.195287353443812,3.2499427233687346,5.015239918505762,5.069178952788895,4.801264778226187,4.4275363423727265,4.370964794805996,5.372929734986512,4.702647087901756,4.732700583634189,3.9903333778181485,3.340043370833143,4.811505198274785,5.524667563794826,3.4747506660320604,3.5093995878735558,2.5100337363274194,3.07048747806104,3.422422584678399,2.940097329759303,3.145403192372974,2.900799612346236,3.5855008317880044,6.497255424203971,5.840064879151771,7.265107260597749,5.648112959717459,5.42587753944898,4.059593390375099,4.300802214143338,2.665714418517074,2.85046608448196,4.07978574266377,4.631848888858057,4.393308860077534,4.603919063956304,6.300908553495623,5.306464077840719,4.576556952724419,3.522360608974644,2.753768473289716,4.114941260705911,5.694022321730132,5.64473811320793,2.989919051400807,3.001830867827229,2.7152457391462077,3.099300610940477,4.491182926549627,3.75463912510805,4.009026016170293,3.1423378804259876,5.156849257980184,3.35623710213003,4.6813364994534945,3.8549206257306796,3.5451449796901215,4.714725388700122,4.304887553131499,4.709453064941523,4.796526551731048,4.428332031929012,6.906861710932627,6.1948238523765555,3.0014374067308247,2.5051972324706293,3.537952556335441,3.183311669265009,3.335509440625604,3.2039705844932973,4.165864902453681,4.298761393344322,4.556428267878692,3.224792378949626,3.5159763304999725,4.276457364260213,4.326875827511452,5.049002407882318,6.043285405433375,3.8505920094185506,3.570570158626326,4.26231024535803,4.180871524830934,4.036052729023184,4.558345466038066,4.755322894650438,5.488868821803032,3.5590933063907415,3.083542560997531,3.2323835389586892,6.82966766708065,4.675489330036026,4.113569575765832,3.965221109438289,5.30565051101333,2.9457849468025112,6.547036879227951,7.163720537108741,5.616433262138723,3.5007466288818208,3.134110863827636,3.6473069575124804,2.2923637977542417,2.3701382970767386,3.4015770161056995,2.9396611374306536,3.150572429741408,4.149513583619924,3.7438674663642892,NA
Aug 2018,5.157495399978368,3.6445106587672167,3.6060061328568227,3.2771031342150345,3.1312594724140657,3.131210512086195,3.4611765267337415,3.8622449297597594,3.852327324316322,4.5661629282833465,3.8399958252955817,2.6161735613747448,2.861295357609318,2.850255664614324,2.9245013434693026,2.7322318594535506,4.367196088438916,4.149605674024641,4.343398241621852,3.127052656443147,3.0367843938064136,6.256531798886199,4.487013781927252,4.713545793259603,5.536156471953394,5.627292760560314,3.292604640376492,3.3634101679319404,3.0226787825531605,4.5980345789213635,3.6276683549449698,2.98166624879029,3.0795488136704536,3.4384164653196287,3.186628974126392,3.213896025365024,5.0295423986107455,4.9702133735757315,4.893729634074158,4.466841989295947,4.36953583690821,5.420967754777292,4.766270905190035,4.77487740917538,4.045167379857372,3.327680900732695,4.813519119454897,5.5883160085232015,3.559014349814271,3.5416633451513153,2.5128518252408987,3.1451395015799393,3.468034446147185,2.9718146001582064,3.1529374960566963,2.961617978412922,3.5863450338218024,6.350764660979786,5.710993617138626,7.314749383281941,5.6124248529485365,5.507126437922004,4.06222008332018,4.28366655672735,2.4605040236332827,2.943196724961025,4.111810268182439,4.619155135939759,4.359233200662518,4.547322707125591,6.399591881604651,5.449557166933194,4.597993325312455,3.5195950925070725,2.6934106264350057,4.212025427256171,5.667704069298936,5.613833037687166,3.082248736995394,3.0465572262792295,2.7560894289177393,3.1637569414538045,4.560978424338969,3.7940979844639013,4.089366465294357,3.1454197833277715,5.308168850836258,3.3659869964066345,4.745804907686905,3.8766705352133015,3.5720318451778885,4.730311749801033,4.35460927294778,4.737043111084264,4.800258827418355,4.521843382106946,6.841192285416478,6.293606148629905,3.0286213781522284,2.5670854197014683,3.5818266326869335,3.20749039238926,3.3510892787763042,3.2238271522051467,4.2090390490102925,4.3168395760662195,4.581321034251766,3.1723519437697973,3.6009592657164515,4.27860839388509,4.311248265811688,5.472744128271827,5.93754923720719,3.7961285863776206,3.591758310605599,4.282274874634139,4.159681267163607,4.034518698211572,4.607730332154735,4.844656426142506,5.456111979015169,3.608168979581489,3.04172743032029,3.312597823668232,6.778106665197261,4.680708106104158,4.132002938823513,3.9331623666069966,5.2993056425795615,3.0342590274333268,6.6008065968532454,7.290438277039253,5.848583052134923,3.4688247889357875,3.1164573233263595,3.6334051644205494,2.3328464599851664,2.421390852033091,3.4350967789597076,2.98545313540753,3.1347970950042123,4.250637995747096,3.7437559850124686,NA
Sep 2018,5.168876802825809,3.6439572432650857,3.6090130731392835,3.249394626169809,3.2395180728841626,3.127233779710783,3.4142178739341293,3.9165770115983576,3.8359087884911376,4.615819241997908,3.85012567811799,2.6271243415174457,2.9479112772168086,2.8706143402856448,2.9166868799425933,2.6958134640749685,4.361225933552118,4.159973341403548,4.337853675987238,3.158268819165559,3.0214111729957653,6.201905076422245,4.51267629574055,4.716606977895475,5.459275733745239,5.679835802488733,3.2505492093375903,3.286006325556731,3.0525579786075157,4.590650477207098,3.6336735747289857,2.981930506195214,3.1049717807140573,3.395407329918148,3.159014033225996,3.267456087076021,5.037908910198299,5.008335907302144,4.768410857117099,4.417761472405875,4.353980406112383,5.486069943692935,4.7197057371674935,4.806048889970823,4.031989017071271,3.3512112256243998,4.7701409305950815,5.651014125883528,3.4468820931368382,3.566305708854077,2.4936468119224715,3.32839831454328,3.444042734887736,2.95360474295509,3.17627078246486,2.897715738737398,3.6371451727836996,6.315064602485745,5.720250685465579,7.234810857992292,5.730609683433181,5.513199576448607,4.136020977057841,4.2720746371323015,2.565399211564002,2.883826175595009,4.102545418582348,4.609305890486939,4.349547006783048,4.558009360197778,6.456268048094059,5.279221819983438,4.59385163841589,3.4654534184350485,2.6925614676783853,4.143752487004773,5.687714641809266,5.5806675156467564,3.108695810721979,3.0325191501740827,2.762860255831573,3.1068195620335395,4.614826981513613,3.8228201337209673,4.131093887653121,3.1743604874948037,4.9727678172966225,3.3848058046939893,4.763074747563537,3.9036629531434035,3.6332950996279414,4.7683345726081825,4.286921838037873,4.658867301228585,4.811930618769971,4.530618933625542,6.733899545916185,6.307080993724693,3.017234532650804,2.5667604482081643,3.6509215240625164,3.2040827303575874,3.3673774767393327,3.2417361649034717,4.221357383358329,4.274287891796292,4.552091696751596,3.260337911799857,3.5771885689807923,4.305684333410088,4.369385806658155,5.396511911613967,5.967247007805996,3.8553732113823624,3.538476400315175,4.27695334448585,4.218889653568195,4.100502280096141,4.659445759373162,4.878749852367337,5.497044982867741,3.583283235117739,2.9984718842323748,3.341320163350321,6.741380875714096,4.656869233106792,4.13251870929775,4.007142195944101,5.388780374320401,2.9882046407041987,6.476157300634077,7.235402985603694,5.713504762257132,3.5159760120240997,3.0597220201416166,3.607281983582694,2.3415501703096417,2.38478242248226,3.328796023890343,2.980557717683257,3.3273092738767223,4.202148477589224,3.7596038062469295,NA
Oct 2018,5.1178465070229064,3.5975389975999015,3.584783997424459,3.3374666650462412,3.1788678458578716,3.1181003890566164,3.4511176664762964,3.903868818864583,3.8424595637347223,4.57215574297947,3.88390413716133,2.610101654026045,3.0795693035437695,2.853887770955262,2.930733044783097,2.707497752083887,4.35176749372059,4.171005807436638,4.25282687998695,3.1610955677717234,2.9603180358998342,6.106903355599385,4.459499501841752,4.713883146192099,5.4496065071030335,5.679819571407221,3.246329480470037,3.2948643769636625,3.0086753460870477,4.551468937092461,3.6293397549990436,2.949815201794817,3.116696716036752,3.4195937865943864,3.2088560073096297,3.29288043871021,5.075536784067539,5.029000748961423,4.86451916589754,4.452871128281765,4.355785967002228,5.404543302110443,4.730170865926495,4.717474685105251,3.9976885400891398,3.3373009116472603,4.782252782351556,5.588509428634059,3.537661531881922,3.620390926981798,2.537826780507974,3.191528253504622,3.451518416181967,2.9394838563161527,3.138109223320633,2.8780458407890515,3.577672490091992,6.311870102742584,5.79038944407784,7.027986289351593,5.432254931786978,5.460519148693396,4.065188749163183,4.328608762587696,2.5568383558233467,2.9077466951273454,4.099374911999424,4.5887530094596345,4.335590409759881,4.5708950319459305,6.267419454866988,5.314000161858567,4.567049773726167,3.524351540320677,2.7717846209303802,4.216456294192923,5.617593154232925,5.536924158119741,3.129283872270486,3.0111928669923334,2.760592389812227,3.2270815336558196,4.433930400311126,3.7843054215855143,4.043229612672152,3.1516838312590805,5.30552307852533,3.3871272404255754,4.704548841139574,3.8884367707318894,3.620270003288885,4.61371509259259,4.357258583915111,4.758556659252704,4.775863204970183,4.436987716574717,6.930309088894829,6.019880556360758,3.012074732402026,2.598161764818045,3.649204393942064,3.2524754152496107,3.343379596530408,3.259168540650667,4.191306494329084,4.293531672064316,4.532012430918811,3.257031168131573,3.5786098734634306,4.235745563355977,4.34325638855083,5.2270832919554,5.872953840806674,3.8082228280212056,3.546253237125489,4.294003694495386,4.1764208182288876,4.098922418440297,4.525101672781576,4.790050337935313,5.444884825938043,3.5546572077449445,3.0570447612358587,3.2751619341622606,6.726120704999614,4.737568983817852,4.0751364522624085,3.9334536842566585,5.369288499737976,2.9664703012278832,6.383886310848332,7.038139867608787,5.649034700042111,3.473326651671331,3.1449917680924955,3.602555171090092,2.365381793233164,2.38580987959892,3.4312564096375597,2.999245537940808,3.047665673257696,4.220046837246958,3.734940989397627,NA
Nov 2018,5.085636491390249,3.692573245060244,3.6137124285571915,3.2672317535409143,3.222583651798165,3.1342423027474853,3.4775437767068422,3.919389163843919,3.781389531209207,4.596181367691317,3.8776257201399686,2.637257071996342,3.111918181311325,2.840025312438038,2.9288145866421917,2.696646041630425,4.357625134098977,4.1533313320922005,4.290757951328621,3.1335979141945556,3.0029689546724527,6.165116223637793,4.475471971277986,4.710902973446478,5.46445314466376,5.748334651352505,3.221907406597452,3.3417138187128437,3.0224495676924255,4.539559130128473,3.6531364658850847,2.921459345042308,3.015336558908304,3.4350898286177887,3.202172394652278,3.242531704663831,5.042702619809915,5.031276642913386,4.842494386950421,4.42644756320769,4.331155023302424,5.371366190147947,4.68876056294852,4.7728177570171235,4.028967602578134,3.35620634474211,4.745954787192499,5.486563048794603,3.516149078097431,3.577824943873334,2.5232934317248294,3.2615904881403743,3.445029352349617,2.9798973407390865,3.1650512497177137,2.9229822157439362,3.60970616619512,6.40842278010729,5.708856110803679,7.153735197040531,5.6037026700064665,5.46773130024751,4.0809985523767125,4.3230213150164865,2.5298937857363333,2.857005448875238,4.129309384864294,4.593048674534712,4.342320976611715,4.549756758952503,6.59701995385603,5.404695019528788,4.524438391437709,3.530198722092432,2.705126708791808,4.211643494916483,5.611954879380703,5.499973099310196,3.10052171914349,3.041414370844384,2.8001619346549655,3.0819061649268304,4.6099220782779815,3.822192227662787,4.079338938371311,3.192240067955883,5.496667312161818,3.391094595194891,4.685337336758832,3.9553141182779807,3.5959949964686597,4.782991550283893,4.276273461076235,4.734669055985794,4.804291991962201,4.4793957127103194,6.818122158200152,5.86589537290436,2.9964081553986124,2.5717971394642043,3.68350506173814,3.2453474246369463,3.4334659250697888,3.300806064383426,4.167298494933157,4.336609719278075,4.502650749809977,3.275640977450249,3.5185785368911877,4.279598535077153,4.332223177803279,5.090022858263638,5.836479738683223,3.712148085763126,3.5450747293746074,4.270484740324251,4.202561616433506,4.1332944153290665,4.568092089652329,4.8645142002987,5.432031103799922,3.627066256265865,3.0212633766015076,3.3374613599110874,6.6185259115225685,4.625760357108505,4.095788070922937,3.9966338218419626,5.453322796014549,3.011971395805196,6.41525280713728,7.195071915279438,5.666631082219058,3.5095046078858383,3.1113507149434465,3.628607986954339,2.3450641976282336,2.411164869716346,3.370558696038147,2.9780551316493624,3.0611006550028903,4.207083266878389,3.6852787923519097,NA
Dec 2018,5.11092399583561,3.682325675065462,3.6279348283743325,3.316467372131163,3.1036720148664614,3.2154097766726073,3.4581778739754276,3.934476134018266,3.8808419551335374,4.569264908611558,3.8902906402293254,2.671858068997879,3.170708815686615,2.872617622841915,2.9999175378642544,2.6901293147835315,4.405265393179536,4.156606758085635,4.303261990733478,3.2189918305047556,3.035371147243656,6.224119296305603,4.4575661053012725,4.688811679948243,5.3291068933032575,5.659456042128812,3.2188736241336193,3.3239042308835933,2.996661686340705,4.5930265714914444,3.6038667776345887,2.9337087219000146,3.121734094435663,3.416114664247195,3.1973101382229765,3.253453952521563,5.040764754670373,4.970767432262919,4.8463981065179755,4.46614566836096,4.329045415672734,5.262751256911861,4.657405770393323,4.72521889173905,4.00889548104833,3.344841009448528,4.752802843068193,5.439185986824527,3.5796390317463826,3.5756063447749526,2.551299097449945,3.383512267405171,3.4131260327270487,2.9967804882615336,3.1570593998672636,2.9315773355860513,3.6188206454275744,6.399970519363146,5.527221585132609,6.946130079036094,5.41454569492009,5.452849248080166,4.0614771884160685,4.313788122829114,2.577871642976221,2.879646065588452,4.119484496018983,4.552913519447332,4.336822755465109,4.469438719342599,6.412325834440383,5.257733828259224,4.497317402645906,3.543108354684486,2.7362914521639903,4.205327752850201,5.522973623203263,5.468661483064079,3.0351364638382434,3.0119134176453843,2.776069381293296,3.1030756070105707,4.5834986138656255,3.796526370979934,4.087173547234357,3.196470345530165,5.146798584695385,3.402762132305971,4.766342010551981,3.8938812069669764,3.6124948165393733,4.6691557564316035,4.285259680189672,4.730324570920432,4.823472688526962,4.543147696569248,6.835509169592381,5.815903296200099,3.025128188562228,2.5707664079537476,3.6598926738377666,3.2517944676136206,3.3901758649822122,3.2608780780203395,4.213724736634667,4.316596249789176,4.523523860466398,3.2835235112101713,3.504379850036504,4.20287716367385,4.393269471367839,5.444777228850581,5.812284713280522,3.784767849172542,3.574114783292209,4.28761541567061,4.144111256069861,4.172495344961167,4.576279897561039,4.679401046166487,5.51900790024153,3.6293490231793624,3.087187261654963,3.301950815147931,6.665119192687419,4.636572071426931,4.118041322123735,3.9572243071373516,5.359466497724871,2.964603046324278,6.426778137592622,7.314463563224228,5.571580652360381,3.508129907726175,3.141136891626788,3.592529494214459,2.279785857496582,2.4245893404888683,3.38224398925251,3.000351188304364,3.0934526800100777,4.2371357087794115,3.726556234001347,NA
Jan 2019,5.113207736243324,3.6507411866868034,3.5850311717296672,3.280884819920002,3.1357368489431994,3.2213442718316303,3.4620453246321583,3.908282221566543,3.829510489619601,4.549929051526332,3.7916114414825755,2.6454410060145395,3.0520508040454453,2.8210300015437215,2.912324085511426,2.7005317064639387,4.331747759509121,4.127663071794551,4.259328391879463,3.1964091188792025,2.9866486664280614,6.061678946710991,4.484967537752334,4.635669291589947,5.317871562846401,5.687083133802429,3.239033967857549,3.433180388031633,2.964910744380546,4.538048735757887,3.6708733099938398,2.9458254045065426,3.1463333069171537,3.4685764652446376,3.209229415513466,3.3039968329283007,4.928946886876119,5.052883111649065,4.823687668908319,4.443393002881061,4.3385488343547784,5.388422027263423,4.660056526147707,4.794614019495949,4.055410251995718,3.3328793877456726,4.7723224659550105,5.521557937490025,3.537581902710858,3.5795376938643284,2.4928207018691166,3.205694703469561,3.435788465201768,2.9473101044145373,3.193649306057596,2.9433288006801015,3.6228037805097095,6.36351183070525,5.67308221439697,7.014815362948418,5.517540862323215,5.2796591970753335,4.083750054541074,4.378135381643274,2.4704507600762895,2.895807428717192,4.080237827030412,4.582857694176465,4.258113017731532,4.458093871727592,6.275359657663411,5.279778000304326,4.488372108949084,3.488195161257866,2.745942550623927,4.232512117957907,5.539897943262497,5.41813947852176,3.073495855172596,2.974781993273276,2.766910828388066,3.099163396722193,4.368223094214807,3.833563080674082,4.115255949026824,3.18087829484292,5.412518002855338,3.3427398536718407,4.749187807847207,3.946494846418739,3.5590122820711025,4.617136122908336,4.331236640760715,4.636932153325284,4.697300306434453,4.376384150640365,6.652421656672578,6.077570431072154,2.970298243136237,2.6032021079467937,3.675049829957412,3.2194165049796797,3.321969058499571,3.2485658894852594,4.120868792011656,4.274887489852464,4.447647865811334,3.3132996722687156,3.5635136591460337,4.218467155020379,4.394941836406169,5.464963969141511,5.917206037530192,3.7708801347130283,3.557166411155402,4.316659282482943,4.1287095075500515,4.155334543914745,4.523614824973009,4.841304558579714,5.439400667697902,3.578712105366412,2.98176053862929,3.30433163192805,6.6136698189885825,4.606337113863451,4.128882466374534,3.9619053575594942,5.285183364591141,2.9952616492232753,6.408956621112234,7.042930075623783,5.542912514926641,3.521369765177094,3.1515849287183544,3.627426831577985,2.286073837848265,2.396352724536945,3.482182657894219,3.00350988019159,3.1656642735250604,4.215169171379982,3.678844877030828,NA
Feb 2019,5.047829111324585,3.670984194825377,3.5975129682331484,3.289777941004722,3.1668693197051994,3.138255485636454,3.4474271486073165,3.873868259075339,3.7360232517851917,4.55639623099035,3.8636230195816603,2.677897041431321,3.058106509651068,2.8488467040474066,2.8869407086314838,2.728775001824762,4.410554613994826,4.103547855850229,4.289414766674427,3.1214523129540246,3.0603560979586852,6.057294352907603,4.4388128914303095,4.597846942478988,5.428957576201259,5.713714847033236,3.177507062978481,3.366431063068291,2.9410062754392365,4.475379013683333,3.6215016424739246,3.0003729956506557,3.1646867595146606,3.379731511314637,3.2053376591293876,3.1892017243257387,5.036480885086868,4.99778874698021,4.750824192379511,4.435426849039902,4.352960893626845,5.306117340391609,4.667788435535577,4.710858922449972,4.108390874343167,3.3744710674073333,4.720062749185417,5.582005014970703,3.53280036032827,3.629304749604052,2.464251042812897,3.289796555844422,3.419580865211391,2.979369348361758,3.141784451085661,2.954458787073934,3.6054874593627364,6.297412143558372,5.597413292452852,7.019901231184783,5.576372775825672,5.521136917091694,4.057854826673293,4.30971547204749,2.590515026445156,2.921079282316754,4.0878628418943,4.518339824439496,4.221226898046732,4.435449330593133,6.32485468591569,5.321343306725444,4.449176573980998,3.550859894615591,2.7065555251127704,4.246284809325068,5.621455523864267,5.4607920660911855,3.0760926869884324,3.0120868566685908,2.827059627781151,3.1588907690615207,4.593548511518816,3.7668475778166663,3.932434274396755,3.154329136833544,5.154937227418805,3.370835336338904,4.766490524830869,3.9245828256971205,3.5977904178840867,4.63713999488985,4.271855541519399,4.700696951146601,4.706477319672882,4.495676715753005,6.675306743245629,6.069403077283002,2.973529055433964,2.604984394368762,3.6058490563660386,3.2199470671160775,3.3793747526335234,3.348323603030987,4.158903629785624,4.287203010352851,4.513580880493576,3.3052621612734128,3.576741156037277,4.221370520000241,4.371965072030401,5.427683410929412,5.678372022548284,3.7670412739034522,3.5084246504009915,4.237954042460909,4.134354936920052,4.17238469954209,4.477249705719867,4.820316874778779,5.430957988796699,3.641112616552415,3.0595413810722905,3.339694215799205,6.64968871047631,4.608529181662924,4.03255475781726,3.8502252165921473,5.27716479358913,3.029265162137852,6.340051096729504,7.056765060761491,5.491855435031565,3.4947626762440924,3.1576325696749725,3.6329889725091116,2.3207780818603863,2.403150391334278,3.492577618990984,2.960830455213081,3.167131517061602,4.205532279530131,3.70827425955834,NA
Mar 2019,5.113154083373979,3.638232641750733,3.6539997987667205,3.3111400250528438,3.240781992556728,3.1916550705746287,3.4688858387638506,3.860877564827047,3.7530877768064204,4.565501401287933,3.7880071839454454,2.605859947335239,3.0819527525155865,2.832041855470022,2.9317598409739225,2.7567312964253587,4.389376555544667,4.15653352127569,4.260576410828468,3.162139498525854,3.056883148084437,6.153927402793687,4.444144281182214,4.652280975874905,5.365367376921243,5.611464742284093,3.2414137016131552,3.3651982914087433,2.9503646383620357,4.457641599114265,3.5891186895347365,3.0497652994494753,3.101421146203403,3.4127846665232533,3.264251886450451,3.2505997760594636,4.914189807237106,4.926724492831056,4.8551013643525405,4.360023924126456,4.33001689774651,5.295198759928132,4.652847329214014,4.760835258597151,4.055983474140445,3.308820690778851,4.7257906465287505,5.5169575740036905,3.60560688869613,3.5862236172687,2.4578019257911166,3.345514128053911,3.4639105827968346,2.9774639688485314,3.2071761245553425,2.9437238362491858,3.6299761390029044,6.242588892381277,5.447404067785481,6.977979808938063,5.508418167962494,5.267862805613836,4.062051972605545,4.278238017739653,2.5829237711679096,2.930892636735105,4.0955698470174795,4.493861508559493,4.253103972339531,4.454525365329159,6.281266095988694,5.235406168512681,4.5299599509243365,3.554536586601364,2.7176842619713444,4.135616559150726,5.554481102516277,5.451817406176603,3.124992893659365,3.03824014689487,2.759372262610531,3.121053210155598,4.3416798534066166,3.8230373550604932,4.175387815527278,3.19227856911969,5.077135555739762,3.427197417433138,4.729610111594824,3.910281602757722,3.659543444606337,4.733579303936687,4.3317190350458725,4.6552691761741185,4.82991134289985,4.488397016533434,6.614588328070725,6.007636717708158,2.9326186749647785,2.542153969494448,3.704392644023848,3.2537329337468304,3.3297782718660187,3.2587240094157246,4.19209299963769,4.272336542938364,4.450111255722255,3.249321588621824,3.645244679548324,4.228228012111632,4.384594477379933,5.68520614449777,5.691452536821014,3.7986138998688634,3.556142002846277,4.180245839731788,4.237383447762053,4.124246778541308,4.467971958738273,4.8732268473561176,5.463066917070175,3.57638907916302,3.0598473513813866,3.404646642625459,6.5974537932252115,4.612360825699896,4.068163054006803,4.001315335765775,5.339292089989887,3.0327591024934772,6.323821526222743,7.035483785424565,5.386481828805083,3.506818240959536,3.223591657073678,3.6430126404882572,2.358558324019293,2.412204070546552,3.481362748983366,2.975020839493499,3.2840220604056434,4.201614770938807,3.6943629880053424,NA
Apr 2019,5.03612681035577,3.706033598622108,3.6190238027027926,3.338563542413772,3.3280281317309264,3.1402883210427555,3.4703169745301796,3.8690809111325963,3.849817041995151,4.601197405870702,3.8252183983101693,2.6247140187945988,3.1998381354970187,2.9119115156320468,2.981876089736727,2.7913063580969255,4.360887645084275,4.152013179566136,4.265935723875994,3.180008918032322,3.0549133315809334,6.017565176388167,4.418362506900215,4.705861881923534,5.28897397333193,5.637543261953494,3.3440431079601076,3.3305654067609813,3.0033854673266798,4.53653905820056,3.657320343811105,3.017485861828295,3.1728463180543343,3.4497668368938603,3.10094966580731,3.261401342040269,4.956980724563099,5.055710537950238,4.7884637397223395,4.435795644974645,4.342308975941575,5.365912167256519,4.6988637941620155,4.766554874596244,4.08586060143203,3.3644226854025505,4.752974965481606,5.526619347746067,3.584299467090696,3.6482536884597843,2.5641807445082394,3.3660699589058436,3.504351317070599,3.0013174747859432,3.192335541085959,2.938671745638067,3.629370615057438,6.261799945978667,5.628717569447059,7.195571739129625,5.459876420254448,5.4168776999317,4.0758966559414676,4.316245753451726,2.5828162404700032,2.895024296966276,4.091822966617878,4.510700631518731,4.264055729992153,4.432279354418078,6.056115579306707,5.261786697435996,4.461061356614079,3.398669038545006,2.765814126367713,4.159061857950364,5.518625752202272,5.618930940607342,3.1142479346001686,3.0175383047680837,2.7754183701650375,3.2085440962496783,4.495594411965122,3.823043289235776,4.2062731423046245,3.1614119975819777,4.916089580949339,3.3601148907725946,4.688758250278362,3.939289755259776,3.6790639464879815,4.670115158215332,4.298581324485469,4.686864764694319,4.743977122816412,4.518530601731296,6.612334219639253,6.1335202797410515,3.0064921021471553,2.6270672599918297,3.659113022941268,3.263666352095651,3.406164989423616,3.3048928169543803,4.1663613089030225,4.319945873931988,4.4668070983824215,3.3298536922098374,3.646614910184576,4.162281326438146,4.33849126821796,5.507980563371996,5.890287982132762,3.7384063345628493,3.558185251650487,4.199173423370829,4.14589777696998,4.168886036651244,4.481753392224317,4.908100248186096,5.5407733880920365,3.592685131320134,3.1002261312301496,3.372491537799219,6.62531372205383,4.658170825319305,4.086793127206229,3.9977723083728582,5.331868292050421,2.9957833620173204,6.242091186540396,7.066786907228663,5.486697391301038,3.524356525350949,3.1527183996038675,3.6590322562431945,2.3730485652475592,2.431641004561741,3.538222156344065,3.0273253224586436,3.3112892965500516,4.265684086030972,3.6911953701598885,NA
May 2019,5.058758489712667,3.6681781073392563,3.617384075349823,3.3536735507055164,3.2221729046760386,3.1949803835314454,3.4752638808945098,3.902070499810627,3.8164929712433997,4.600603198685222,3.902402094718212,2.7220436960001093,3.1655727601155332,2.8771704727274705,3.013726509780382,2.7648970132953434,4.384292865669352,4.091147728611238,4.3194391695350705,3.230535921921795,3.0541251277098405,6.070154354111452,4.44892797408837,4.656962798271612,5.424305236227081,5.635463493374296,3.2126132983495816,3.4096873500941562,2.9730791975862445,4.546907901270343,3.685494119649715,3.108955715460906,3.156842586565988,3.4945739444567483,3.264797175163285,3.2353205104090845,4.936224307674927,5.042829268598213,4.808798276362052,4.41530853411819,4.364748557309257,5.306779131062404,4.634698391665779,4.736638625816649,4.137995939328154,3.438485269748254,4.758900392537728,5.509614194131384,3.662511421291148,3.594668616278554,2.5447077101896425,3.2201767172458484,3.4685200492852584,3.032351016277421,3.236161556583954,2.952985944727284,3.6361680006610437,6.1946548112167585,5.462790021544984,6.961106164758572,5.559711765274408,5.280961923164825,4.026627939436733,4.318886664001829,2.6467734563723724,2.974099159420114,4.154672688010448,4.530589834173685,4.242525005384892,4.430714641711569,6.559611464630413,5.2564623957741725,4.507148746598799,3.588381809769172,2.762329581642881,4.243745530507092,5.608294973303395,5.432119938741145,3.1326619691041095,3.1395184222486985,2.8154651893798315,3.1711859015929296,4.551252586407837,3.8616660815715793,4.098443373623126,3.1733751159888057,5.210158305068581,3.443693378793938,4.7025831465388555,4.022194255159355,3.713859063188522,4.681115814092557,4.3217992700694055,4.677837504956712,4.6971829900193365,4.528908565354635,6.630867123574853,6.117415666929296,3.030876164563482,2.59409547726889,3.6471820359436022,3.277884187244749,3.3904142567147275,3.2638128030597966,4.214389460258699,4.328230914461165,4.445426232264556,3.322476219877285,3.6569607774428894,4.338225710000788,4.403570886912111,5.7512353057406065,5.918494104315833,3.8283548876159403,3.6166423026714294,4.215517411017297,4.20629861235387,4.185143049354625,4.5025165232978,4.91308675684373,5.449060286966845,3.599697917216999,3.1384980158963214,3.378284256540863,6.670630934133471,4.585225890166341,4.130373707492538,3.861277339875123,5.332408412144164,3.0695824507161915,6.333860903315246,7.222257458724295,5.500516706494272,3.58994127182209,3.157061353158229,3.6298891032880607,2.3583462844618164,2.4384442739678747,3.54692834395541,3.001538376627605,3.346276105176342,4.260220308621223,3.7438166293919917,NA
Jun 2019,5.099956332786557,3.6907567239021755,3.681687398181324,3.3795580510854477,3.287565247160185,3.1728038272938814,3.5217569723709334,3.9274843545475666,3.7473104158501713,4.614224706543344,3.873196243334226,2.676354726683236,3.266864294855605,2.898573108948338,2.9921510729712293,2.808094241184385,4.382336057087003,4.146623794518785,4.29986425200055,3.2596549199793317,3.1271309220267285,5.990683775760547,4.467554382617244,4.60483754831361,5.351269180519994,5.773591658297011,3.2824310996183654,3.328338276174714,3.0926054996350314,4.538807533483659,3.695618866498822,3.066809152565821,3.139716181190796,3.497561268934867,3.180872991952193,3.328088319268339,5.069354150858733,5.041039247280743,4.769909116029794,4.435737877364289,4.392345212500422,5.3581861303844125,4.6754111065782435,4.757428622705745,4.102929581389362,3.4290325668333073,4.794323766283644,5.527749527046152,3.6159561160208127,3.703055531280164,2.570451657490731,3.1451059121119775,3.505922875783943,3.0326355002775744,3.2632341255457926,2.9940423294165055,3.6626622824292463,6.307440416267602,5.615766616977633,6.937088725882165,5.490770844461463,5.420116936727997,4.120163480325323,4.35739613884956,2.671506589401927,2.949925269491987,4.107149261578183,4.582764752250136,4.3832025464804625,4.434124587764342,6.521275238475454,5.2381348178231715,4.504719295125199,3.573146631538197,2.757736123262446,4.186105745055583,5.447518909691421,5.462284358628582,3.1259806545731093,3.099495237857374,2.81134315381661,3.1768108931343013,4.317639207626547,3.848118590723577,4.16190163886028,3.2534365788948563,5.08765461394778,3.38378427732354,4.834034673082812,4.049615740709068,3.702478980687343,4.634292683340309,4.339016472328382,4.746725343947618,4.665046578736609,4.478745916045599,6.617625065414389,6.041891869386085,3.0865752511807822,2.581610760961183,3.7246631821010676,3.2949929970029292,3.4239650056032858,3.310903362509272,4.214974740365173,4.291664815333655,4.4582998923315085,3.257525057833553,3.67988510529239,4.353759269772033,4.3791387712571845,5.255853483327388,5.781702023915663,3.8121163643476774,3.565260016104379,4.258544035206406,4.248891610612307,4.180242099748482,4.573402004262031,4.914429414675031,5.5377804333537375,3.690187602527191,3.190285636224988,3.337789803660261,6.719179250673227,4.59757944946917,4.1079008035189055,3.9861081248455292,5.442345565686688,3.0192998016986774,6.452949400121036,7.252947359280907,5.51597797578088,3.519351547659613,3.156684308633217,3.6573672418604453,2.332598375672693,2.500709536932729,3.466865319594678,3.0144777825617246,3.313536963527018,4.287917549019243,3.6714065063048062,NA
Jul 2019,5.1130423209792815,3.7538942393243264,3.660212393658932,3.3509385506019385,3.198415637692197,3.186726996324735,3.504078235347037,3.89048043241455,3.867528327443155,4.6040503950866665,3.9170662532549945,2.6935315995658895,3.1786495259660645,2.9365090017086755,2.99211244540952,2.78904424666243,4.43383997693486,4.1774882811905165,4.27791719108085,3.245279944335069,3.0935305943552045,6.127253567270175,4.482598056934688,4.700295159486868,5.449378133206077,5.746145931663308,3.2880230078178365,3.418575523055435,3.1031123779423835,4.558422486760347,3.690488777320288,3.100887770270126,3.192262426343262,3.490966362688112,3.2780291943546738,3.3086030867991063,5.0224515693984095,5.126276416862726,4.845600872248951,4.437823702039714,4.409443053578731,5.316191791144517,4.7020923339070535,4.862523757438846,4.009188585648393,3.443516840545431,4.7983662048821945,5.563792986015469,3.6422377911547037,3.6365406417690065,2.5327415081523235,3.337194070354578,3.5454055244851914,3.07305224676798,3.2371573377465275,3.029856726701715,3.6728898966048806,6.358129042349868,5.543329727795836,7.121011339990356,5.493083697518874,5.367673004586292,4.135523599138735,4.34505195065428,2.6209322266803405,2.965014342806031,4.12743202781066,4.555281794820868,4.261231676817288,4.4829628122067176,6.518898561278679,5.287078143434516,4.493159134972947,3.577766705815092,2.7616687420120445,4.191346878881251,5.67738787581845,5.561972655974828,3.269682905820969,3.1280651049543966,2.8158805048704423,3.206959398893283,4.529129397652083,3.8828739764555826,4.127198820802193,3.2849347072801196,5.124732186315173,3.4722005165551177,4.763804414451339,4.065293397812444,3.6939148162063122,4.6751535445315096,4.307987929713983,4.731805042408333,4.683765496208688,4.4398422779537,6.743178676404255,6.242356014268598,3.0067908966365535,2.608934692535515,3.7032181420189865,3.2959510669438132,3.4459685434645793,3.2799859552527892,4.231697922662065,4.306851980068275,4.527702602467249,3.3745424717198444,3.6968751620539475,4.284359935770543,4.3866631754113605,5.588310614060534,5.973208874073516,3.865127428440206,3.559174931858252,4.274378720496115,4.166798490903452,4.202544086368744,4.5406503213186715,4.945693553756889,5.56990607348921,3.6590894929701996,3.092177542159157,3.402115519970455,6.767351544487619,4.593842057151902,4.092746948395537,4.0222937466976845,5.490338309340312,3.0262894881580307,6.5407070715765485,7.248665941845766,5.702336482304294,3.5357878935868485,3.216227852028081,3.7440082923854168,2.3469662757531182,2.481693739301557,3.5663445155456417,2.9995003143518226,3.3079561490786213,4.29662404882753,3.714733346905805,NA
Aug 2019,5.091924986297941,3.7406294972508274,3.680795247144933,3.4198208469537037,3.4041801011937953,3.3016589038055737,3.5402384767271653,3.9451587109427777,3.9457367056309662,4.657031470408787,3.9100103578796856,2.730300848828683,3.2627103370851613,2.886636297045058,3.053946221945326,2.7932918884097897,4.388899229475918,4.198557660760045,4.394594254070052,3.253152028726202,3.120684336568554,6.110394969310116,4.528570653418864,4.720782257765923,5.449816921441144,5.738115981726209,3.273257891643067,3.394361449144261,3.042718967392879,4.578145863790299,3.761640387848329,3.0974416824318234,3.2406646599532127,3.52410146170871,3.2535468369071716,3.397889119384563,5.0706395031775875,5.065789073108441,4.76867146632671,4.458074287823509,4.403310110581985,5.330266097139929,4.673344035779929,4.807158506384261,4.162331551190261,3.4398996094653316,4.7854466167052445,5.528947454426497,3.6147205018195936,3.680627603807663,2.5650768522645513,3.309372788223363,3.5322994884581274,3.059367443629801,3.262936411092198,2.9707047489634806,3.6775704263260134,6.3519382872603165,5.74676793320008,7.130374898978178,5.418075683097576,5.5170922235822,4.137527630834703,4.401810387737431,2.6761753255227436,3.002257476802576,4.136256040256492,4.618017110985874,4.318227330754648,4.515761339699511,6.585997853895514,5.229624097808551,4.493745438622827,3.6374108123758853,2.7913236125377567,4.2981994797517515,5.6379786051447605,5.4790275843909635,3.212154587483204,3.0585718362139662,2.8606861873681706,3.2178361984882837,4.469963804902328,3.903402633317881,4.209109000604039,3.3526346199433523,5.213479210102179,3.506916051202451,4.674808544654226,4.065249686131782,3.7411415852504213,4.734848094703395,4.356071019313305,4.77349313910704,4.811145061295572,4.457228728072681,6.866000010279365,6.2268322680104164,3.0640359464157703,2.6326304921690755,3.797080015872019,3.3061433967944938,3.4610983970685147,3.311350955742268,4.202939445396385,4.309302147561071,4.4921168440599,3.390857720249469,3.618038894828249,4.329670167186319,4.429773746203371,5.44796369853277,6.000735788551147,3.8519386049855884,3.5743922330115776,4.297617728583239,4.202369902023839,4.259223869856348,4.521194779879983,4.993812079205061,5.444090059394371,3.672154873560692,3.2015934062353475,3.4591843448399784,6.848404222475422,4.58566534496694,4.109589518619481,3.979482404860795,5.440991390217926,3.046039001631523,6.6251459773152845,7.178249143838622,5.731629673921573,3.581343566846585,3.261508832022105,3.723908672541445,2.3910491772297133,2.3908825083194443,3.4824356888142356,3.0806136411140215,3.433130485321737,4.2847597094533505,3.6869544859963326,NA
Sep 2019,5.124907075401947,3.7335294530460095,3.680814136771482,3.3859772426185164,3.312365484782757,3.294317406583732,3.5189819478397943,3.909611005315999,3.919897959385516,4.633842139500301,3.9147389547019116,2.767957330432616,3.2820066638535286,2.9309724468802356,3.040419411736655,2.7664677716684007,4.407100931330705,4.178889528525384,4.337925158256997,3.2408238978759902,3.1119695395587805,6.243715883524582,4.509606342692776,4.703169513931723,5.3978502584261046,5.782734298715843,3.357548544121557,3.434480916959982,3.0538457226757187,4.586445541031504,3.690988005647351,3.128653650058517,3.2385238297223067,3.526338504473354,3.2971698662382845,3.366011752890644,5.012745806161022,5.062292511988453,4.860133984406938,4.449291053624559,4.440127329098611,5.380127603086653,4.719913256821699,4.878961307800863,4.144883085205399,3.4443981720829497,4.828487035326712,5.611632156936904,3.6142029975574226,3.669154778533914,2.568885094622899,3.302185184941154,3.5160267654968043,3.118851914750833,3.258203795958585,2.9797575503731837,3.6836236852589597,6.440090584315602,5.662264121892081,7.204413567427587,5.522418763068951,5.43173944565228,4.136759186730353,4.471960172749618,2.760843492350236,2.9259573962102463,4.143372011882014,4.541829822685646,4.328457903083396,4.4516952453460785,6.654449995008308,5.394046542103274,4.524553990336542,3.6005559078159615,2.7537383182044346,4.221655450890887,5.613381100818713,5.60724834518453,3.1680766520766386,3.1370531778611235,2.8679527226501627,3.183295033421593,4.470952920131746,3.928879336089304,4.252276876850709,3.264654177103135,5.106931473683431,3.4572030964205167,4.758187477924037,4.049158552777572,3.729048331782397,4.71395247176108,4.428841512764543,4.703695593770433,4.730829067236106,4.410715249241882,6.823467407748767,6.293544484633477,3.075970845092441,2.605137241022906,3.7276734404424046,3.296002066227216,3.418927876422269,3.387742415404065,4.2985319833319435,4.304812330575424,4.470595971139115,3.3499499402092656,3.6639017357127885,4.294383047211017,4.391399690723501,5.558080865509952,5.918301766535795,3.913769558553624,3.6194380285546766,4.281977491079545,4.182152295274515,4.192056560663283,4.574343425467096,5.159547866852989,5.478283576139732,3.683368869431257,3.1055787337738305,3.4078678027348506,6.895844078016394,4.582463587981152,4.127103129253137,3.9387404220341926,5.468788439538898,3.0582091815954064,6.464497657397592,7.279716860357058,5.775862870885524,3.55378569302682,3.1952546686817067,3.719267323022993,2.4052446215719785,2.4521389062182153,3.4362000273909348,3.131190823133576,3.357229325200199,4.361657583635297,3.721001525904215,NA
Oct 2019,5.099145388947619,3.738791218056815,3.7284118468524805,3.4538172680085437,3.292745409920274,3.298402613937726,3.5643196677342313,3.9535598895315625,3.932654993525354,4.641975369352802,3.964235858966881,2.693438868349042,3.3833932028379343,2.9020242746075118,3.0206873737666005,2.7808853587313007,4.427662662766211,4.231645036320732,4.353502055446001,3.281069282489395,3.1394107353368477,6.11646373881866,4.530469452803382,4.750258543323474,5.3927493306394565,5.842000595209571,3.3204127064050213,3.4181928006951074,3.0642549950355087,4.586010536272192,3.775452831502717,3.1520996583049743,3.266699542680303,3.5206475974210627,3.287194885601474,3.3605453862119425,5.02332517486352,5.053923186549922,4.822322167463513,4.454853580109955,4.404503013897074,5.244827888585071,4.681812943449051,4.846906901826499,4.1272569723323755,3.398093880285879,4.768062299142701,5.545668269257907,3.643782297637122,3.689065550645336,2.561881911646077,3.210092614596725,3.5470145764963905,3.084897588911869,3.2598968980619114,2.9876351910146077,3.7003437668200165,6.320692708312673,5.67298012308186,7.157039980423931,5.584879323462546,5.434910243496387,4.110230432102465,4.445967763553225,2.7516946204863038,2.9948846463428302,4.156108496489984,4.582190990525321,4.2945735049088665,4.462864197502084,6.633370028906698,5.371053608652479,4.480492367802179,3.6176690934310507,2.815881129325823,4.2905142943849155,5.66412990861365,5.583993953815892,3.274579486240072,3.1027901138155776,2.9008136167669885,3.216912135611779,4.608901098203315,3.9141845023940958,4.249744174004353,3.2873338705445914,5.270889545594106,3.493103034484552,4.772760752077792,4.109601865983367,3.736994156915605,4.7047069890307345,4.353023068260929,4.714610228702271,4.698529529930574,4.445512915051032,6.793693959134395,6.195651585562973,3.019153777601516,2.586004214382936,3.738768207214084,3.3213509534818364,3.5192245930180945,3.359934931368736,4.224940024350197,4.315722615311004,4.498368301293102,3.363725589896321,3.726170114377041,4.281017538663189,4.436177820845418,5.401184884070147,5.844114344328145,3.8416661557951906,3.6370677162189247,4.334873797544231,4.24610215786471,4.26279802968619,4.481090271583139,5.128890368502984,5.56912418652235,3.734457847534766,3.140075344361367,3.3653265477489267,6.745673523496242,4.591490484302568,4.12525209806999,4.0402380399879405,5.3992697435761965,3.0561079555188053,6.611845141445697,7.26777440297405,5.683846412738682,3.59373652575457,3.264862201844557,3.697592758235847,2.4244877347516613,2.4288806597406927,3.5481405305734466,3.0583532067654002,3.2890841576095733,4.320350793451486,3.7878851207828745,NA
Nov 2019,5.097835584616003,3.749075263834847,3.719760191448089,3.394074920832742,3.275303675157082,3.289986776601555,3.5789327830841966,3.9276645731957527,3.7793934579642636,4.6485866978290025,3.949493628902652,2.7197345853974677,3.379259042579628,2.9249440631732813,3.017618479390891,2.8189146351085803,4.420573202396133,4.207425425476488,4.340128611910839,3.298963471544889,3.1322268866547964,6.169539763772474,4.533625567077707,4.7260901259756025,5.458266967862991,5.855954092309094,3.3060198060412693,3.3475037415317144,3.0744203179778498,4.586758340511645,3.768484567622353,3.126146692657859,3.298361946811916,3.544353392150469,3.267998972000553,3.345002390648362,5.044350838667382,5.081813755838502,4.838526986022524,4.460914274683452,4.420440300758847,5.342343131642407,4.696631755243019,4.9087196112874105,4.148761037654516,3.42104110539639,4.839878405007875,5.51299811025084,3.716405632917067,3.7031933237964414,2.547507615455164,3.4175444648632256,3.489737591368156,3.050290956008942,3.2487738984395986,3.0667760747162283,3.6859155492216984,6.4697766263176995,5.711101044771948,7.326350221103121,5.487260435622279,5.379387383241422,4.146961343107589,4.404028370191593,2.754345318854401,2.979299119536923,4.205109568413505,4.580473762072694,4.323984500106373,4.455986014284664,6.465482122032277,5.1598332509516665,4.475523039367513,3.5385781928742843,2.7342299510681993,4.225099418454212,5.666719600341187,5.49796954120697,3.1595093355819635,3.1221924740607165,2.8623228766692104,3.1947597770609506,4.679563303421309,3.934978117176427,4.260200046535133,3.3732168472280653,5.334280660077636,3.4623867470742016,4.778973195736636,4.137939992305586,3.7484513027719304,4.750440744760746,4.339079539515403,4.741540323004994,4.743565010856395,4.4144442865447004,6.757240647111779,6.1760871926116625,3.069461699192501,2.5325529526904265,3.765953254893479,3.390234655130522,3.449637271828928,3.408150714619655,4.217582246062198,4.390908241700181,4.504914450794481,3.374894717980551,3.662364832109619,4.358291157940695,4.417726253415182,5.640114989597208,5.677684015195973,3.8145339529358666,3.6658722482281036,4.301979768662123,4.208705441478377,4.214022665629045,4.53323389435631,5.0380487020488784,5.492922965305404,3.731756497934222,3.2271590923033684,3.476311244815555,6.835177065061088,4.607787201800816,4.09915655571293,4.013636543402495,5.3319766867068275,3.079096740563708,6.5012740504413085,7.259360938801004,5.729103290906533,3.591731287474158,3.2933390060259384,3.6789118400123177,2.349577048971825,2.4614556860549204,3.5554690541363443,3.0908186883057382,3.2690746649694202,4.343361764044717,3.6972939310233035,NA
Dec 2019,5.102111954411011,3.7602319265433337,3.685207875387465,3.412780652400849,3.36886953297841,3.2793807975023848,3.548659256829047,3.9256283164894685,3.9720822399721563,4.630482172866503,3.9509857248413462,2.6953008483149694,3.31633126963637,2.888666800044942,3.047834779970166,2.810455069563781,4.449467725628699,4.208903210214925,4.3414777806263185,3.3042185499731276,3.1704705505113306,6.121587644127987,4.4879541002672845,4.665122144947144,5.528245696544181,5.82485566630414,3.269690499674435,3.4891899624637284,3.0982561385863767,4.5732886606560506,3.7515646987639375,3.093340333563307,3.346754871607346,3.5472509534535686,3.3727281212465634,3.3659853952717946,5.038470249532027,5.046597987836744,4.812332523762047,4.462128917767007,4.405462576751211,5.481134454490191,4.7465409002313566,4.8482496570924605,4.133341673158284,3.471653607135981,4.827346292788316,5.55818369165085,3.5916070770171933,3.7228365887315134,2.5259504112218814,3.292920958245996,3.5039484950720197,3.0958825190794923,3.2508355537608185,3.0924100603590667,3.6927480703772178,6.394332633634587,5.6670182969222145,7.301186341078939,5.4524601684938645,5.459038552027019,4.132212452422896,4.424963809709509,2.7378174788802023,2.913343957858934,4.127759630064725,4.611414538957819,4.286199844663196,4.46067478385351,6.698905347786521,5.347213508286638,4.465471474580392,3.556454948963632,2.773290871953519,4.216054682068892,5.660030735777499,5.509107004855697,3.2785500353086587,3.140910869109414,2.8931653948444436,3.2163066947948105,4.655106322568118,3.9132323899885466,4.433639313595795,3.354325119219255,5.456528164418953,3.482427711938737,4.825739078272461,4.1617015335075775,3.7311613143082876,4.678686153112046,4.330196278739034,4.7335650695275335,4.722225121632284,4.509342912743124,7.063590631646061,6.403555983619796,3.0205577137005304,2.515330290136049,3.7928621039561032,3.3216360290862914,3.5157594425377297,3.4209167302086443,4.215629925183726,4.270214281862967,4.431420083203459,3.4437956510485686,3.7483527441612514,4.376646034890036,4.399740656156407,5.619098752166882,5.86377084181815,3.9140188538237886,3.6497072045402237,4.314130948789952,4.153091076052486,4.2650453694576065,4.536546293995765,5.090635081193853,5.423835280134001,3.7167185511753265,3.170089865141127,3.4251520853985,6.8819516339717675,4.593395125627821,4.134184257951441,3.85797005816819,5.217495862823664,3.0794535938011594,6.65646044156782,7.315886456396412,5.650811233983447,3.5666998625228694,3.374853897797825,3.721695514346018,2.3991414680497574,2.433444794295083,3.556010343466017,3.052433924036346,3.3495191722764783,4.3847249807822255,3.7606079451953693,NA
Jan 2020,5.113923275851297,3.7661809210204646,3.670379971641789,3.4444663332618677,3.2574129830462275,3.2478505636346062,3.5729556192303633,3.924456543005228,3.8549742265542477,4.670943094949101,3.941643901415903,2.763932065564586,3.5084416296946586,2.9263120010746517,3.018340125845393,2.7723779038797236,4.442189024412397,4.21070541826311,4.318154961410457,3.2835662757511557,3.169296253629926,6.23501110792402,4.542301071614242,4.651633895834032,5.399028253284746,5.838423878371993,3.3708236482043166,3.3949010660205805,3.0954943173817226,4.561183801519301,3.814436740607864,3.1197614288927245,3.2892127944444836,3.5854235714485334,3.2030739051273183,3.3664370376257446,5.04713100993553,5.0432003527979585,4.854294560605694,4.457692947686952,4.370370155674315,5.408025588524473,4.734914472113607,4.8666547176839705,4.122545992597367,3.4046489699038704,4.82306948176496,5.589240210357581,3.654694143584514,3.729254267730923,2.573258700469005,3.5197068433704755,3.5293985925497458,3.053947271697756,3.2419960466828752,3.0158153503339817,3.669659367778427,6.374645120522804,5.659380819252179,7.177153972794683,5.461138915010631,5.457125367388408,4.146619476259752,4.425195852653704,2.802658520525408,2.9668437878536063,4.173703066847176,4.5489609988350095,4.320057891815999,4.445552181643871,6.780879552676574,5.312514125928461,4.500725002325704,3.5682616727500878,2.8021523951146206,4.24898352066238,5.6036506558968755,5.492722455701557,3.2722078566391946,3.249562352968907,2.8650928457704565,3.213490270825897,4.529882361822489,3.9338237888295,4.170076580934946,3.2706385800365485,5.263710337957596,3.4982644897697983,4.917698676353382,4.081215799248445,3.7745494190559237,4.718937835315605,4.399593344662133,4.803226869319664,4.744843580943613,4.561438708878806,6.801273400432109,6.564377141726926,3.0339396229844247,2.6390908332025242,3.775944340379897,3.394784982034265,3.4470422044163254,3.4247492997524542,4.234927101698565,4.3043778990142165,4.48064081184567,3.3823114349776726,3.730332134626837,4.460113998187274,4.409713862252822,5.387154230125449,5.800095456303388,3.7761115525445814,3.611757978060976,4.248887683549035,4.252789784005158,4.264310226080883,4.499582416499693,5.155474002374189,5.515857445872698,3.657145900084314,3.1231221605912824,3.4769279414376473,6.736509820531067,4.573538428211439,4.075015074134636,3.968827664840248,5.448041367856873,3.0478533683053843,6.519039173223151,7.192112610052118,5.686223283355139,3.621317338076966,3.3738313474433883,3.79002009130565,2.4483166975264825,2.443202114926534,3.597890049317026,3.030042445789728,3.4419995504523158,4.338840487306828,3.7181640303214856,NA
Feb 2020,5.129000397136768,3.7784203878354603,3.683916005814272,3.4416173455033516,3.3644592233734243,3.284199586678708,3.5552711033697397,3.961626574300931,3.898470410165441,4.63021679721116,3.9498522938834935,2.760265513479366,3.2835668305482044,2.911092370391004,3.031202054045488,2.8242311361443666,4.455165878755196,4.179087417051325,4.307642054173828,3.3252422827056107,3.1368043742349765,6.288559623037549,4.491364441964845,4.70045340812913,5.477579124905715,5.797529117083642,3.275446072492008,3.3580132251445387,3.0078633615916885,4.537398358534635,3.7282788559318107,3.220516662449487,3.330259922522019,3.544694933547165,3.3058651321934946,3.3828560958879743,4.95673205500043,5.1283055865175555,4.84018097264094,4.433427439537506,4.403697355834462,5.381805352681699,4.710079719573733,4.86310420994505,4.116126542183166,3.4734942509345195,4.7899161986114684,5.590759441987847,3.81530526213682,3.6722211456168994,2.597864576514297,3.3721450079346478,3.559833279347143,3.1083519273972335,3.274832337754625,3.0181320689963727,3.7035287898145386,6.43788130109432,5.679311972669382,7.270198659204463,5.579832423604617,5.593771523906331,4.188840184235671,4.4207844475398215,2.829137769792849,3.0196077432282586,4.12958825583862,4.590620036683438,4.317975433180408,4.445497468729183,6.494378246918314,5.286918184516012,4.530709180074226,3.6033749237876886,2.759503531073891,4.313157023000378,5.664700315767665,5.5524953249405185,3.2455921728453854,3.1222208231702115,2.912175964347684,3.1948645049822177,4.563257571367605,3.9328943294189753,4.3030106585702335,3.2805228181292745,4.919708474325195,3.501792846138237,4.904754330728712,4.0552919755118495,3.779631671963347,4.721166371827885,4.342175543115981,4.790979288653487,4.726585180663285,4.454962178770141,6.790841801055614,6.479463203842951,3.0397925748169725,2.6054671804129046,3.8490669471695096,3.367814389239478,3.5075192066945986,3.4350055074100907,4.191669867505645,4.320628829962855,4.437678648447937,3.4431571210769927,3.7130596204796564,4.353786327662348,4.445547460950046,5.555889132891288,6.172298555698816,3.9047576364828873,3.5959080196958904,4.304120995804465,4.233654581784848,4.272089799988626,4.52986362566163,4.973771471242077,5.393926122400616,3.7393145589546952,3.3006465945864303,3.4909649981816444,6.804886721648671,4.641922848855428,4.123619256844124,3.9714666543477715,5.424715327218598,3.048932487196052,6.61711985989745,7.0877098777338645,5.754726833687147,3.5838911246849583,3.389857880670207,3.6967088203076264,2.375313664357307,2.361401431423731,3.6033201087055042,3.1339190147436415,3.420795623540277,4.345531300912782,3.692575954754745,NA
Mar 2020,5.089853978395501,3.7744095025028055,3.7489177328790975,3.420326658594777,3.3135208693801395,3.44249447718924,3.5759502229760973,3.9388743715597196,3.860834355104077,4.654248775334682,3.9978522023577234,2.7677618696575137,3.430657741445844,2.9429120912413484,3.036178060379548,2.734226683650212,4.474201349058855,4.2010717856184865,4.350149537040415,3.2822814897033488,3.208554272118279,6.246138367511711,4.4914831806931295,4.701328352071695,5.45507076050801,5.838489995948679,3.3390470200002027,3.4478719217353246,3.1050770306575117,4.552543851398986,3.788760218277755,3.168740420081487,3.3310076569939917,3.547496913280607,3.306794243993891,3.341437751143542,5.058180910339643,5.109302526582649,4.826766770285107,4.481245419297596,4.42651527973968,5.407138238524571,4.741018676259749,4.850988076174469,4.097329995359004,3.465899480999505,4.834311380630463,5.6324570591406244,3.6194919597270414,3.7223343085812672,2.619368824431621,3.2901793662832626,3.544805261441157,3.087784395538277,3.2823282849074285,3.041454704240362,3.7156869870057307,6.578543069014436,5.6756828177582905,7.042521093391003,5.349361545640294,5.417138222439346,4.173756503200234,4.444736069743754,2.921915938400318,2.994352789879544,4.201708167285264,4.5543925213489445,4.3094180003663505,4.453139113480445,6.904214532140037,5.360316232730771,4.512346834397537,3.646176028630062,2.8152209550471783,4.242875657700703,5.66059641989912,5.603516701073048,3.207641039553253,3.141662840650407,2.850242702915484,3.2207205576432147,4.6045931957653234,3.9361707747969796,4.4916849877914755,3.359821690942807,5.16845447621198,3.5602753397376206,4.832700700585025,4.172264196502587,3.8167594101507305,4.691066865384668,4.256289143769064,4.745430894101279,4.6983957807732075,4.446187421771657,6.8336073277153355,6.186151557373613,3.0314613723340376,2.67570979788782,3.865931608266242,3.4214601945687018,3.48115402687921,3.468718042805468,4.2903917122716795,4.357198107148838,4.526386005504614,3.4657608094795394,3.7872537200627643,4.3664958490253944,4.462938539862956,5.58880035983396,6.104019675921166,3.8668451834358115,3.6771199982971536,4.303850881344082,4.248407346109752,4.206426772522442,4.562076145166488,5.249649795915003,5.5323484684800786,3.758196468552935,3.3269010675674453,3.5477089314956465,6.8838597726105135,4.594699289033912,4.1257695165971295,4.002363914902395,5.494281542268458,3.111112138105498,6.689717684199845,7.274784887931285,5.6279821858678485,3.608212223877677,3.439355566773197,3.8143857498673412,2.390370948130405,2.468524459694677,3.660810274101206,3.143230023958358,3.5417210846001494,4.505608192150822,3.7631796286039525,NA
Apr 2020,5.117367429385158,3.7990637665247484,3.7375409165773648,3.336475191674001,3.358548506402142,3.3613775311848384,3.5572717861927012,3.95781248566936,3.9198088088376353,4.626542376794308,3.994669416451691,2.7699643173283928,3.3767870318547435,2.81319738409226,3.066973372962574,2.7412006600740386,4.324527302100925,4.232065463290823,4.375894549421988,3.2596053369072466,3.125503255347503,6.268931999591677,4.553399196674242,4.684627855936352,5.545802406378114,5.877557384124623,3.2672571760748363,3.4097967171102885,3.2276304350309264,4.579250453736838,3.7731478878493045,3.1633423484126784,3.2378473448992056,3.615004373647643,3.1720273049903818,3.297220865291652,4.926210562798732,5.1611904599533895,4.886710156583963,4.3950031895405335,4.379317421575497,5.321964256714596,4.796919726241682,4.862754431803552,4.06613733107156,3.442482420631348,4.764603206008002,5.715943412564291,3.7078887621912067,3.735589990931637,2.525504470411888,3.3365783447095065,3.446179057631985,3.051973878351118,3.2580171300664125,2.971359288702817,3.7050920867200947,6.526463081273558,5.695550156497851,7.542193259133492,5.703434884082289,5.506018865349822,4.126942518211715,4.399637965332256,2.9444344725505625,2.9333958773392848,4.110025209467309,4.649799511137877,4.274975033054501,4.4223259160703146,6.83394420330599,5.2653966320988665,4.501849209046943,3.5987385710329716,2.8234518132428357,4.243238749713711,5.666920016496177,5.617252172639394,3.1503750860801647,3.236477328809641,2.8864172531280965,3.223673521536756,4.535753464310124,4.0111389660418455,4.353443014380621,3.361376514778619,5.160165758523036,3.494313232847927,5.026652064405855,4.080197945508835,3.742259519712746,4.718501216737644,4.237157627468325,4.849257108431679,4.6750024239951555,4.5181175554307105,6.84693976194659,6.289855183498994,3.021159568571521,2.586661308701381,3.8963284485820484,3.342905793528525,3.5920996003601675,3.4550205684663915,4.223710058091051,4.407928804001958,4.451012461797085,3.462132478260926,3.7645676099217424,4.369190905412559,4.434448037155358,5.25899979283033,5.968602252937196,3.896050962950435,3.669212411630452,4.277969213510408,4.300277671669949,4.107188933483887,4.555505747655207,5.154635895783893,5.540425683220455,3.694054571714016,3.177085017166961,3.5173185714558675,6.75164236183847,4.518664305249676,4.156154040355645,3.9951421970356678,5.475407808460196,3.0220832372978386,6.717863031918292,7.3303979883576105,5.683124531212458,3.570143376094477,3.4113295430001243,3.8415158184909175,2.364111972190724,2.346030650706899,3.7006467508416705,3.0350651546110496,3.3547240950706003,4.417603097990451,3.742046902659346,NA
May 2020,5.083451103206959,3.8017015910385896,3.7053029248882847,3.5901525241203682,3.423943553751171,3.477902496504718,3.6411005807266954,3.9080357575556954,3.8511161955640385,4.677227606022104,3.9918205824400235,2.769063519659295,3.396484942540955,2.9244062511808346,3.106922176931564,2.8539009960834356,4.459775180061318,4.256579846499277,4.372991187029733,3.378671873359948,3.207480957888181,6.203993881597212,4.584539255646277,4.794349041744741,5.3445289404246905,5.949395694561155,3.354105764134841,3.458049653613894,3.0398627177607764,4.532988841648634,3.7966168039031234,3.2926623544421796,3.331907554049534,3.5704150288562473,3.276618440453923,3.455552466202579,5.093265318033807,5.158806142112767,4.890012412067171,4.51757294642634,4.513867298294762,5.3772417066702864,4.84533677308209,4.934655996710353,4.104739189719614,3.4785519674470313,4.821101824075338,5.588903126868219,3.6246812491456493,3.7202345595954123,2.6152190250707092,3.438075847217181,3.5999589771202145,3.212198347522735,3.3639985947384585,3.0686552804700473,3.7220761445434283,6.595765401823566,5.855289230891762,7.637886797980607,5.577935111734588,5.587681158941886,4.191752834077257,4.447205136485579,2.958718342316421,2.979483337553378,4.178941917987202,4.583287412024996,4.262485378157382,4.435336692503012,6.712763741656808,5.289088315530653,4.543296462587866,3.6921339432226135,2.8103770682131657,4.2762200916244275,5.7299744951185705,5.597402303160603,3.2405007909314243,3.183363485394053,2.937495011144094,3.2988066966494505,NA,4.005895208632076,4.349654954485594,3.3999203792726633,5.036913449354408,3.6078354327787148,5.005224077609511,4.212352736542057,3.8314080049934778,4.739781609995051,4.390895140947897,4.795965415139961,4.733160984748169,4.515867963528272,6.907848966893966,6.276548939353261,3.114125129496042,2.720433024905898,3.895820249307365,3.4163420486788887,3.6295056337238134,3.5716156159098187,4.201830575827448,4.372380560843252,4.450738808838766,3.44796884642728,3.8240210330408906,4.540338238167704,4.511260872515494,5.610297578174646,6.132011697810547,3.867787198552881,3.5816383056929157,4.330917104238616,4.29762392187011,4.233564347807721,4.517142243748752,5.314376742803493,5.551842698322637,3.6594259559484112,3.152836738075839,3.5523042151742765,6.971433327547206,4.630802393281282,4.1455380069651495,4.098145308285052,5.58052993425928,3.0302976678314164,6.493464473541969,7.488442775958672,5.759221150059329,3.509828139322272,3.4095310460063155,3.8437962451161947,2.314802615772079,2.513078764963967,3.651683292367013,3.1128887091238924,3.448233759821031,4.479423754909299,3.8264896126098846,NA
Jun 2020,5.20680376889392,3.7890975007491994,3.7438121212171454,3.4976749552736424,3.424215665680991,3.303517334770175,3.640126693618843,4.014151653902999,3.9752343077845174,4.770546311147434,3.9992639527281812,2.7810285308237233,3.436448561616391,2.9466036256234047,3.0280021540936164,2.8553789007053507,4.466743145571643,4.276186394182167,4.3277619276885755,3.404645011281218,3.2517430999079884,6.378776213473016,4.496985989226116,4.680500984962,5.659514209377081,5.960751640937347,3.3756052475760834,3.444775873010783,3.200695243010171,4.640697951097018,3.7895186363007767,3.2830719205655856,3.3122188998689106,3.587660049471491,3.3279263598621296,3.448199152774476,5.0678219349581015,5.133869432797366,4.858372266594614,4.548200589252497,4.446150321043912,5.520774114798523,4.670280129072643,4.9415304694993285,4.15230298386257,3.4557645190084862,4.849334503562406,5.66413128149945,3.7138410708829226,3.8019296051955864,2.5606636147025497,3.3634386806626964,3.615559062770944,3.1160788125440453,3.31040073712061,3.0660074836550093,3.753911411290059,6.538860267711583,5.765798273549263,7.160624713682274,5.506292864748418,5.498437255627436,4.182803860409074,4.458860380898081,2.9898735752915897,3.080415188773958,4.25521533786389,4.6348352716498145,4.43243392695103,4.469447750185548,6.731246487113691,5.2910216415724225,4.603346039981573,3.6489382259286076,2.871530564238791,4.291003232520214,5.759607574105304,5.643219410300853,3.3439032447522115,3.25429329242394,2.90591015632747,3.332111564919902,NA,3.9774608214131697,4.394815850602027,3.3729104296983055,5.116068919328895,3.572398031288786,5.059747603063952,4.231966340869738,3.824771896482716,4.755937154519561,4.338203261089842,4.758757830203047,4.819022625652945,4.6301273049599345,7.178744229593942,6.213908850174237,3.0896076509956565,2.59556318984505,3.886228178652181,3.4083824881003757,3.594156899080776,3.5227798872699414,4.252669915450657,4.355355781983715,4.56790621152106,3.4752954593591103,3.8323900572350755,4.461610187116092,4.4250468000037735,5.504380776501682,6.270464002995508,3.97935862641821,3.7258100154850555,4.369826939930204,4.374116593042141,4.331587873024528,4.627542723337928,5.283136109482687,5.528708690082378,3.799348692102429,3.232450339334152,3.4361782335347435,6.880352259481094,4.673914174433565,4.14661624896402,3.96836056216789,5.573140645488678,3.1312656017356066,6.548739403932807,7.5133981948881745,5.723688974999414,3.599891844606037,3.5179450030689052,3.9063897129677163,2.405161394421809,2.501609512386279,3.6999065444161974,3.141376645497481,3.562596341575673,4.530120050456901,3.7878121879951343,NA
Jul 2020,5.223006950306223,3.8301971075050587,3.802595731448373,3.519678081830619,3.3119481048383417,3.4148213350223164,3.6554085087993915,4.009695600172753,4.022377504856593,4.75497934421401,3.999154522090459,2.7994788791088965,3.393015915412123,2.994634756061116,3.137368009632409,2.85428069175745,4.449830557637082,4.2583488555652025,4.414728765877121,3.402514501558737,3.2538733456412503,6.35818071197339,4.581101262447796,4.740404527563669,5.635730261456433,5.994993613815536,3.3412621874483404,3.4824524135784585,3.101597144638487,4.6384020483579365,3.8563303865776115,3.189024178695282,3.4593036833546895,3.5490017180384212,3.3501569697031264,3.4674530822226775,5.064955435941635,5.159657441952128,4.946015221517574,4.488261444018765,4.464784489910183,5.430087957194887,4.775169927153836,4.976955863481819,4.160271729961464,3.48823677492673,4.865911360709932,5.701396879995385,3.7388888164271923,3.856510124499098,2.596747562291068,3.267050467801057,3.601257131381908,3.165377701574855,3.282456617914682,3.0963651697433603,3.784514411702538,6.501682768210263,5.915864780432673,7.4351472115379575,5.654114751225333,5.485882714956797,4.183002725169663,4.5599894407004715,2.9324572628405776,3.088333050238498,4.268477263508997,4.645131544338499,4.319184372549696,4.509726583847598,6.540581204706301,5.431746112721842,4.554023738445444,3.696460042308212,2.8207190448193846,4.2488853228177295,5.727604847447993,5.757677536286226,3.393469756310687,3.293208659120611,2.975272355255701,3.361748014384408,NA,3.9966499712531123,4.365845262470535,3.4541186097047323,5.354279194236988,3.5723668706741782,4.882639770787542,4.300160008230261,3.8900562909600067,4.7489983816867465,4.347342574052462,4.8381890013495905,4.784490627294013,4.600780557390817,6.966445590728507,6.156674420185716,3.1341587958330503,2.62440327685597,3.957444315526185,3.446085890617152,3.5593817381543813,3.5618633856911788,4.266038602345355,4.404242613952828,4.523220926156368,3.458831747728652,3.7615756860308243,4.455160777921703,4.545195063929983,5.678676867108833,6.186057712564815,3.9108505816204824,3.73139540499296,4.351180442646952,4.407820262204161,4.3877819241186895,4.544650584522348,5.297931204022269,5.580647538231665,3.8306942348501662,3.256310281297573,3.4330405440149763,6.939348114078817,4.602835411635378,4.183554646019481,4.025016801344022,5.616006788420869,3.1789806166681167,6.843421570917817,7.47322615519113,5.709757129961366,3.653853602554795,3.507176755514713,3.949683326684406,2.4081799196159444,2.498727059345866,3.741448986838572,3.06793045430951,3.4854047186353614,4.549241827954464,3.7277241552183757,NA
Aug 2020,5.212445869782909,3.854219169523308,3.805173908059534,3.511095837159299,3.479411842451495,3.4248686677245725,3.6727459460770797,4.0215263166257325,4.04830118650973,4.775449903049579,4.011462372097755,2.823548174723625,3.4021330558418494,2.972811808044953,3.1720234224959993,2.885737504213144,4.557836670465195,4.255512845564183,4.429961013350125,3.376539490549285,3.2245058258054002,6.316964340701723,4.556063071252193,4.8071520742549385,5.569562131288012,6.031826966118482,3.4053339929903648,3.473394155989958,3.1164803321139054,4.63275802355813,3.821153353070303,3.2663446285145774,3.39438079259597,3.6792371478078016,3.427554551335326,3.4292385143140556,5.043272871486128,5.092705562663966,4.797394011042368,4.494190081291976,4.4142393729286935,5.43302509059546,4.811195878791214,4.98298705915979,4.173435562832125,3.5937740529215643,4.8999710572323325,5.6876531095525635,3.8419326067560657,3.821482895843958,2.651871119534615,3.3150391395172303,3.6263107456804797,3.181868397585272,3.3548043692741434,3.1003068021165934,3.7596969251068426,6.573761691671358,5.860027274781397,7.33216746548189,5.572583559199992,5.564152408882171,4.250731466535808,4.643495960871243,2.9934431001483084,3.0675690064175947,4.299583962398542,4.709724545241655,4.3807497457200055,4.541119562352945,6.673431333584407,5.407248868659475,4.620353433850097,3.6450207205696317,2.894377617247633,4.3412090392127665,5.781529249028482,5.854443201565111,3.3991938267468473,3.3345147057237345,2.955685596854229,3.3865916569888963,NA,4.065289210734638,4.399308900765352,3.423711946857276,5.234294366862811,3.6148532201547825,5.132124397732928,4.321055240663796,3.925085933584226,4.859716250361571,4.434599874270578,4.884153820525775,4.714632937454214,4.587017519394893,7.138182445132465,6.3680317685228855,3.1131442793860273,2.65797344070043,3.9296273204140975,3.4718207058057415,3.5725333400478863,3.5074711439619097,4.321636578178565,4.389499010343999,4.5353689737592005,3.5387833129530653,3.7958226110855784,4.4584970414535166,4.528973623670658,5.652510894566427,6.1256829331155265,3.980723993284208,3.756744665180611,4.407823843496044,4.447205396529099,4.426795360756176,4.643944727144323,5.300581512800046,5.623537485898053,3.8314124492095587,3.285341214129303,3.5343730804683156,7.057782516103349,4.640670680296963,4.232511317543172,3.996996221045743,5.533210567724626,3.170870999240225,6.795890467164992,7.612108149750021,6.051091031057244,3.6915173603873863,3.569979401819436,3.898494635221863,2.420747321961037,2.463602560042781,3.7548429317810745,3.125047126967787,3.4481964505792093,4.5934549215406415,3.845508191642884,NA
Sep 2020,5.215293121495067,3.923715712426724,3.874172553073555,3.5327098497324068,3.4801882670517257,3.4506423497304786,3.676601587724679,4.014776226110879,4.023467608524192,4.83742931893052,4.092957053076159,2.769542842397476,3.2934523141795293,2.941834394067304,3.1310331160303644,2.910822441609424,4.541920887628504,4.303985029165294,4.425490056382434,3.476314389721459,3.3211324810762695,6.479026241492225,4.648032154627222,4.8695806394991115,5.653253413903887,5.994280397469901,3.4442311377144135,3.5701638632858956,3.293549813180983,4.696448171933282,3.899417822410584,3.3258268941569233,3.3093511945566587,3.71888626081889,3.4682888839203385,3.534500427478545,5.130017007087317,5.157787882442751,4.930546704731819,4.549428393303006,4.517543884220246,5.511876531165383,4.793310802686641,4.996260064956288,4.236066350951137,3.5289490231587846,4.910051516309331,5.82446802508568,3.8204563009965278,3.85459872714164,2.659118331688044,3.4670626024715703,3.6467957526681145,3.216243727022627,3.378395068352451,3.074861736053251,3.829940838604671,6.840248082501538,5.879778574621265,7.3495925578506585,5.721968977021852,5.614588634475054,4.2927954732822915,4.631320685486677,2.9581777070154422,3.1225493849276624,4.320106441691412,4.713736472666005,4.400169908472937,4.562146763933295,6.982149977205178,5.49188195759591,4.661493226230385,3.816059190821502,2.925768619145922,4.376240428553693,5.798022557239259,5.757781060736361,3.3652600025263255,3.3062373099009843,3.0167101107798624,3.3207550374551196,NA,4.074207785710542,4.417190869066838,3.57776727558937,5.278147321822379,3.670318963921019,5.1666412174223515,4.355759772649903,4.0250138883898945,4.815844600287181,4.408499659896238,4.8572342602682,4.772235430576819,4.713538608071251,7.246406090241301,6.027210380082823,3.1641273322346355,2.6913037645704074,3.9324872511310796,3.4510224630230897,3.6251706539767667,3.5969085016403892,4.324875044552135,4.342833007658978,4.608477006327346,3.5436972881477207,3.906888525823836,4.555150005321427,4.561508188495564,5.4370133190767875,6.1412053710125,3.9929222815262686,3.7470856747985906,4.427864614196153,4.427792989782522,4.433999909711587,4.599391830619785,5.4390001814157305,5.587859365991666,3.8580283272157065,3.3077289594784856,3.5310874319695675,7.029992504327494,4.693550594252276,4.23716015400061,4.045464322008684,5.638513466956653,3.1859652287552276,6.804983701074019,7.463404947450138,5.739344575712038,3.7494096604645732,3.623071822187224,3.9842731856564195,2.4683864140991023,2.5167673044177525,3.8212980864369204,3.2414693922744617,3.4464010036622073,4.54510458433748,3.865109041859299,NA
Oct 2020,5.256464787633634,3.900017304636395,3.8394117733256587,3.6446580650006446,3.579374409279025,3.559271245722814,3.7368511221110703,4.073368652160048,4.0650792549159265,4.825187827386318,4.08530471371011,2.9061920319831813,3.3295570813182103,3.0190494117711917,3.167392032517928,2.936843403790959,4.565547607691775,4.348879439265799,4.481229410958877,3.517840517826872,3.3250397205364397,6.518224445985694,4.63704799268998,4.8492436756310155,5.715301217494973,6.1565955809048365,3.4258730751716873,3.5957204619509273,3.2451778754374376,4.695773789904965,3.9522370055602614,3.3522233264523345,3.4399181514152706,3.6753759011044376,3.435974550274145,3.538358667229126,5.178400564729723,5.206806935512946,4.994213008340452,4.611013503694604,4.561804387958996,5.543611829917778,4.941230256461989,5.090760119872884,4.363250779114302,3.5771170161332315,4.946980913922011,5.783212805963993,3.8387032689968152,3.856586259037311,2.6948412238817894,3.47655393254289,3.656932352438567,3.2593845873491945,3.3424122382792705,3.1965136501302154,3.8205554976293823,6.761746772159343,5.947219821850114,7.351401397425371,5.7649096045556005,5.592685644155128,4.319867611456107,4.69504888893457,2.91257957284346,3.113707167642738,4.342203967555322,4.724096480954321,4.433249801189103,4.593738610645316,6.886666620784771,5.5068633576294665,4.638528943793324,3.813570874539956,2.843446395980056,4.391318422317019,5.8822066474818975,5.7613683577946215,3.3811010607637426,3.3954376453638897,3.0176331882869887,3.397638253574442,NA,4.06165233132677,4.59026668315176,3.5414477598125593,5.38305265422444,3.705126092961663,4.910438709185307,4.350780370502661,4.0516876124570755,4.88686118247407,4.433831025902878,4.900382518845305,4.935551109935873,4.6797626902077205,7.143335352797913,6.268862132682362,3.2001279699559695,2.7064250836986283,3.9523878146074427,3.5530847365486635,3.6199540374481067,3.674660021767061,4.3106493158910935,4.436293076387454,4.609324511421049,3.624494460992418,3.8939119830751716,4.537578871170382,4.615032312813229,5.673200836173039,6.0584122208996485,4.005801050939767,3.7693864671313126,4.3933357359479555,4.40226188848204,4.542820913602162,4.6402816654562535,5.416167562931844,5.599163172678238,3.924988648898178,3.2748373371079054,3.647278377057039,7.103985429637137,4.684899080432696,4.26656186463829,4.13396590134549,5.594566196846091,3.228523910708375,6.829031252559451,7.678950095052208,5.841035747151965,3.792070191257938,3.612817869457299,4.047047145054362,2.4857533375663055,2.4851587576879677,3.841675461220622,3.290565143304208,3.592505640184199,4.591013426784377,3.8396495448784833,NA
Nov 2020,5.310441774078718,3.924030040996102,3.8954012230059734,3.6339202435345728,3.605248109320249,3.4640852142172296,3.7383240850088555,4.065963494280095,4.03319816751817,4.901752386078748,4.094174876552732,2.9053041273520885,3.538900942588854,3.0083949768703895,3.202829509662083,2.9876605122845525,4.618360552138146,4.417839380481843,4.526619218141549,3.5481647148211235,3.368641764959286,6.547085593979127,4.77320940041524,4.916067151883904,5.777809810801598,6.157322224885744,3.4713507482973047,3.6519887044154964,3.1815440446345495,4.704628083055298,3.9571286691124268,3.341563005411698,3.476061033384274,3.6904264200635137,3.510224440263298,3.55657418482294,5.278191114989002,5.306511843819112,5.026537403460081,4.626613333686615,4.6173290270514125,5.543438056724346,4.917189919839269,5.097763446885924,4.215569377770538,3.588182084163897,4.991921279546091,5.878130915936075,3.8662595558224733,3.9368127496993495,2.6415691371506544,3.476787586943046,3.6990299400771622,3.2964138707275987,3.4231079878094866,3.265120189019379,3.8691936821951813,6.740322512427699,5.789690370299099,7.458234359522404,5.85819001098697,5.767539797850727,4.365810032850061,4.708261024025794,3.0139313498350644,3.1167623177135977,4.395043451637196,4.79052709971381,4.421730682938037,4.630913700325,6.835209511324697,5.4883030901355,4.675125205401898,3.7889217102090273,2.823791831282597,4.399393703318537,5.944684204502775,5.789116444130507,3.4750004813491957,3.332668909841954,3.0274222063169085,3.4078287132669334,NA,4.162352295428434,4.675853377367299,3.5802991713171717,4.977418169211438,3.764229052643023,5.141887534016699,4.445275540139361,4.017921816593317,4.9645234204622195,4.49677263359948,4.942568923214203,4.850111502211197,4.7504898262349435,7.072327716710122,6.279568791839775,3.1816072966140703,2.795946666045739,4.027499862122005,3.563363982882798,3.7125023936833785,3.644068234474652,4.411349873585811,4.48891569455233,4.6032025082648085,3.6028476130366958,3.9171429324840386,4.58688420855136,4.616655136366065,5.40004965699364,6.112279587942516,4.036991147420856,3.8072146792749644,4.468225283056888,4.497319200730167,4.515948890704869,4.652785179540797,5.410776184999703,5.7014707864612,3.9495019199946744,3.3800506760408227,3.6802356874754594,7.224404227166485,4.742243730580033,4.345483350699373,4.119586790627941,5.636939795708108,3.2614859272591206,6.893831455917885,7.621834510586765,5.969849436712543,3.7832123639441697,3.67807503834082,3.970748975253711,2.519855178113031,2.534467455162357,3.845659582304884,3.252633931606675,3.6557309418985793,4.61315151181648,3.8908606807183186,NA
Dec 2020,5.335966316506701,3.963690612848706,3.898648931704417,3.6178188930579407,3.4323673568734328,3.5888426566702467,3.753694552576158,4.10408145520725,4.120067367608292,4.866260499299935,4.166887643050469,2.828586590042881,3.428325476541306,3.076794727851651,3.2407823635289903,2.9595559818859054,4.7154382510574875,4.425901573153994,4.5102886170039875,3.594991274411513,3.3526241273843906,6.582480156456032,4.767779581789437,4.924595736229628,5.72798573894412,6.140318840694821,3.495210806125967,3.513068195308033,3.2256834431421284,4.701912425168294,3.964398854819674,3.3315781348582094,3.45373913872203,3.82395610654302,3.5286561941997574,3.5268680874178417,5.330412268549356,5.240621635178628,4.952436049357151,4.6640648085005205,4.623994325522368,5.536543888055171,4.924416166683118,5.173369900342739,4.24060930442749,3.678776525572228,4.974505435746042,5.852909703395613,3.80182372415502,3.9306113772424838,2.675990982401413,NA,3.718913002697857,3.3433006892168464,3.458887620076201,3.15343133491185,3.8884985477919916,6.910931006842436,5.780458434534894,7.672116007302446,5.771494938280499,5.649294522471446,4.384966168114161,4.762845155288821,3.0891081677817023,3.1019149197983045,4.4105269852901525,4.798642626568608,4.466926578957436,4.643389565023942,7.243992121303659,5.635350888780568,4.731770179798492,3.8146075136389452,2.8838748231368885,4.495632144730137,5.970664530240164,5.8118382209300785,3.466089502379421,3.3246913711405397,3.0385503251845014,3.466837420619379,NA,4.17658425039776,4.619475456114804,3.5806061105337887,5.007139378189442,3.7702709620008377,5.196409134434359,4.452490594521482,4.065425439153877,4.904705358482803,4.523790239683773,4.968459966135243,4.903413147274724,4.671548880835445,7.136138048623799,6.241232889930126,3.222323023112105,2.7047473197721104,4.024202334776343,3.5487448134110737,3.7172421974442473,3.6251719651413117,4.416590708006387,4.432866694233226,4.671596249632963,3.651317322964975,3.946053612014062,4.600828761186422,4.632340860006457,5.752860619232043,6.07992237508995,4.046671656489308,3.746750613067781,4.480000085728159,4.496079380271361,4.6007539760507425,4.708676324598382,5.48706882148648,5.865069050170241,3.927089835936445,3.431320357809049,3.7608527112149783,7.189069198278168,4.842643834910789,4.344225625645359,4.108517220904457,5.766990413181597,3.195274561133783,6.780409597959509,7.4928540045443395,5.880154368896974,3.8188579164501237,3.730990716594475,4.004755397256947,2.5598555640856615,2.5821504310549175,3.857323891138553,3.2828269780223094,3.582400890212668,4.65491043530782,3.872366586304168,NA
Jan 2021,5.325973320329711,3.9711534945510585,3.9057016967498712,3.665823334385999,3.623635982103161,3.5756353419402243,3.7543768458681495,4.098051680385655,4.053246020177351,4.936723014648373,4.181598611019139,2.9183985621978907,3.5049396299534648,3.0862843264691566,3.2451995946091294,3.0511956575796524,4.6284503659785186,4.475643102820527,4.531384437055337,3.6488369431155645,3.3390000271716427,6.5345621300185615,4.781395788669842,4.9735554622706655,5.6591519496675105,6.174330023551264,3.4667564177632015,3.6330376001703475,3.2769407952785277,4.762809638521796,4.030127720006794,3.365735897823447,3.5358762031894857,3.6988487128849457,3.568961567615358,3.569841273263079,5.3195321540973515,5.3227081279823665,5.034674079534966,4.673431460061629,4.655472841146187,5.5940466950806025,5.0129999386707915,5.214933631897667,4.289470992092902,3.668764190115261,5.035847875596478,5.925242921811547,3.950985647256253,3.9504258473515295,2.688183220768734,NA,3.787575966043485,3.334684931334351,3.432408681486684,3.287764033469759,3.9103112991591984,6.807324803905258,5.8237323641313194,7.555152034644994,5.690939200024962,5.655835284798217,4.409095069985925,4.813552259327507,3.1014800462145447,3.2475228983692888,4.420289282136499,4.807961261860057,4.536875572417429,4.684598627583921,7.020630916926074,5.474466796354148,4.677558723348125,3.7711240424518095,2.9153869803592887,4.4781214792846304,5.973184820913978,5.814961492840001,3.52883350357101,3.3868167733220145,3.1079084196803795,3.4703026597844127,NA,4.20866123561206,4.771698178172086,3.59918889160711,5.598581443401592,3.7883771388145195,5.463073933187317,4.412874139496947,4.071262268832471,4.870730687096872,4.501843498936354,4.972559408812246,4.907075596306931,4.694606964384742,7.245046903534313,6.25864208500904,3.2405618995056202,2.69051274894858,4.025290523375145,3.587153267659704,3.71821411888297,3.6859952302114873,4.3953601373183835,4.605045828967316,4.6936002072419925,3.7312560221065136,3.948317258226893,4.667799446936107,4.651881662575311,5.627811024615841,6.062334288435036,4.029059482326427,3.8934096114302528,4.540037213358204,4.50171381744095,4.605125191570489,4.761058328902807,5.553906422852663,5.959709002468508,4.055569361393613,3.391877168562103,3.763176392004969,7.185504022801449,4.726183514426208,4.319273229029707,4.169362433207184,5.766382816613949,3.3273561260603683,6.827125479927889,7.572125008728703,5.831509339404476,3.8059149366333536,3.668683413912632,4.170355619315731,2.5387668806268464,2.6077734815104416,3.835172102039141,3.2372477249506133,3.5972997426099154,4.64778501672317,3.8594242950509194,NA
Feb 2021,5.354808806420221,4.00000483796545,3.9404883614570143,3.642857292679087,3.543014111366638,3.5714199791316483,3.7833664547747574,4.139991306001917,4.030717576266802,4.927584404982419,4.191702979839112,2.944664376379987,3.4988930712734665,3.0820182951547,3.2516432786469003,3.0447305868929226,4.691050590776538,4.454769548413889,4.577501537415839,3.6720927357316633,3.3746442368718723,6.5467901171881095,4.815863114389898,5.025351262082087,5.705267519734819,6.201933209975834,3.5024673562580513,3.5979983086569782,3.2270679229862287,4.7654824426764995,4.014805422017758,3.3687388291736,3.596939938571567,3.7702016075336227,3.614229679303499,3.6269993953644133,5.222601790347512,5.380034451244106,5.089754257627573,4.727097290680686,4.675240924719091,5.678742419155967,4.965415507772828,5.220878351040017,4.311206481487766,3.651394906776796,5.053719861118093,5.965912996319088,3.9245636856749684,3.939413088745422,2.6857298316091884,NA,3.737077862461451,3.3549379839756965,3.446724058738658,3.1916115572274,3.9633120660623566,6.920807733042664,5.572514827866264,7.573860191752881,5.668821092877037,5.740730416603466,4.441675468886913,4.85344899809213,3.1362955786887783,3.12953102622511,4.4507969731883,4.841159564419443,4.475102570990236,4.70464508677969,6.968065645006525,5.621211661906133,4.731058606853049,3.8705743917508095,2.914959949666446,4.487931279263625,5.927150416167702,5.861136212842333,3.601635615125903,3.5089518366064585,3.1336986161106424,3.5633784017840133,NA,4.194253883691591,4.735362661654154,3.6076515602914063,5.136751179049421,3.7535352280463865,5.42948082973803,4.461112518063752,4.0894112181000235,4.954777317044992,4.64794698087636,5.036335811063864,4.95985119107718,4.884384893597237,7.046710614784959,6.516344372539151,3.232027182147473,2.766590135936679,4.056802388442786,3.584786852078815,3.718550481208178,3.7266456789237403,4.448925369450834,4.529138514069462,4.6710852467151165,3.6602023884761823,3.95607806212517,4.69643083362862,4.699263126805863,5.858177840744651,6.064331684532304,4.115950226271549,3.8343879207775995,4.5277875443574835,4.464541573852987,4.64150993283116,4.707602902545621,5.63856823911986,5.791720894057032,4.049520622987012,3.4440367828215295,3.713253037578537,7.122488040581362,4.805139352450074,4.289957877857082,4.173256097500696,5.771241166211686,3.304644243697648,6.727962731234766,7.535335711473957,5.688459769198442,3.8747704878735303,3.7564102947981453,4.052317085347904,2.525347610899832,2.5865737256105534,4.010872477107026,3.2931041879416734,3.7046718550531645,4.676514903056833,3.8809040379740574,NA
Mar 2021,5.3954468697881035,4.021542850090655,3.958025780333566,3.708433830293495,3.4961523255317086,3.50158886438832,3.8002982376568646,4.131785252970578,4.225986003552442,4.951282815400255,4.203800560312574,2.9942438436121503,3.460725886859235,3.0657343959272416,3.282621043888867,3.0340038408149357,4.648186493594115,4.5397517776933345,4.61539022695182,3.682031985979034,3.4740238316966816,6.6598728201498885,4.867402218996384,5.045216671495601,5.781388863261911,6.267203393240553,3.5477887110835753,3.5810219606128406,3.3388951582314728,4.830895880064384,4.026119461384709,3.4515661028589237,3.5704380539931346,3.8025365271133413,3.6082823172545213,3.5954221037741125,5.323307683569969,5.3623297426752625,5.033533469712947,4.653612828733393,4.634574099473969,5.674137422344129,4.991372581677979,5.237676514765919,4.2909980460266315,3.706283540378918,5.080997485168872,5.952085848200939,3.8562370570353703,3.9655019226860344,2.692888167802109,NA,3.7851480448064185,3.3554822840404577,3.454572286063288,3.215549119020136,3.917842644945807,6.915125054285795,5.741672712009448,7.312784673822678,5.88648757357145,5.626818004208078,4.478981709242792,4.833217630123002,3.028834130485765,3.202533691570305,4.448305254176496,4.854343108950739,4.538445464956218,4.686137831727474,7.410416820547179,5.6204245654619935,4.758924239780651,3.8088514847727226,2.897074046270593,4.541070284875479,5.997002398915462,5.773379236829349,3.6279167834025094,3.4104539132993352,3.0637552351299706,3.485664093155676,NA,4.221966422324795,4.712970353402205,3.6162517823630345,5.039361240067895,3.788084506027303,5.356935519345131,4.532463563667792,4.09966729071981,5.011915006375723,4.581830772048412,5.034719087022847,5.028409476836216,4.679631544994372,7.045683724153472,6.591123637219739,3.234530448402835,2.7579048876952026,4.070306107157648,3.5858882074930922,3.7680230648422284,3.782030933945894,4.447149231411121,4.566940163159007,4.696852867244944,3.721144541949632,3.955718955343957,4.705685135320135,4.742974821221272,5.856987302316584,6.297794581276295,4.111691988565181,3.8275374654000696,4.527991361562767,4.6353803441088495,4.653136193103407,4.720130818368796,5.773656188070149,5.803518219371082,4.087532170426603,3.5138777651955055,3.7870164798317174,7.094959747796393,4.815008143146964,4.3705124375241855,4.108251450193354,5.9236964723129715,3.297787486933271,6.788794167398163,7.361209164223768,5.693840731597909,3.906641141860861,3.792307780359668,4.092425515923128,2.507097317115133,2.6642854320299483,3.9117821472671936,3.3380595905954653,3.6503280185161677,4.757574319626292,3.8919566004471773,NA
Apr 2021,5.4106239078367135,4.007183800772322,3.934916847339308,3.706289101499817,3.6843905970902857,3.6918632944983454,3.8107400023878366,4.11512263051755,3.9872197385826564,4.927244112095001,4.204730195848365,2.92794222196843,3.448941438062119,3.091535780566933,3.2891982778641813,2.9984765111575085,4.623547110995853,4.47128200687116,4.605645710713137,3.625942562678099,3.3934335985662365,6.582566320500309,4.83005342102278,5.051081164292517,5.758367011306721,6.217260054786065,3.484088335352012,3.6384623668673646,3.3682292335589983,4.847486068343308,3.9898762892022446,3.485327411062508,3.6575993806071665,3.771186821273731,3.527100198918829,3.6582387840979065,5.327896413431992,5.345556004799079,4.996029754110202,4.708644555537422,4.632904754868,5.636153755363041,4.985378818358301,5.277671854483853,4.425018383797803,3.649125222950465,5.075634499895385,5.8741584539844816,3.9665146539878693,3.963902631377426,2.7266473497823194,NA,3.7615575154429988,3.3329368893388303,3.500167785415168,3.1726531332158014,3.956492805647339,6.628417778500528,5.780875060956265,7.3134601065963,5.922595735317542,5.694867140172232,4.418018081983878,4.857525859855857,3.0753302832160925,3.209732739919148,4.414975775690189,4.82438798739833,4.448926217660693,4.636579129353276,6.872533366015494,5.5459066132729316,4.689648979738777,3.8066640066233526,2.9975002680016827,4.518702646993856,5.823255497204173,5.905779264956892,3.6648852528921227,3.480998888025059,3.110533511382251,3.5869745057386133,NA,4.223130098098965,4.80397074803498,3.82524312146188,NA,3.7430404504456987,5.290942604387134,4.447775840296974,4.117314488017629,5.050125490072106,4.618890241253505,5.005695883497722,4.970819038485762,4.933569465785489,7.093649428826101,6.52093039189393,3.2163640393119586,2.726350936950636,4.050873759891148,3.6450596316334365,3.7129297489014794,3.70269853789718,4.454144016071018,4.580614179509979,4.723609256672064,3.800841522392418,4.082423341917496,4.662502341783702,4.7430772876506575,5.876656734136152,6.188033601779678,4.102420218091897,3.8347374366411056,4.503184713435218,4.554597964796858,4.661453733410168,4.7892041375313665,5.6447907147934995,5.8093494870707785,4.019402790235277,3.444677476048955,3.844307985008369,7.113754169160286,4.8545866089746825,4.328794443364223,4.15112825674542,5.88450861251271,3.2766242948689066,6.694230040960048,7.451418910795697,5.8722131431991595,3.856760314789725,3.802345148467463,4.34843993092046,2.5954743771205364,2.55908636271949,4.053823260222327,3.3087038542018545,3.6295846741846676,4.64613197667203,3.9566330901186437,NA
May 2021,5.382430937057205,4.02789343192458,3.9989570728072645,3.7254567446565967,3.7317020401911507,3.6157157837998364,3.8356628233356953,4.147838166391185,4.1217080494943765,4.968998878947954,4.2013954993605225,3.003746013038648,3.3947674347588586,3.1058428162293072,3.2715584918816405,3.064655855047038,4.646410208074519,4.464758764893025,4.594474437055901,3.7341065272199887,3.5092021797183,6.4525768908832735,4.879811289121529,5.039756467202049,5.818224370524203,6.21190024316007,3.641771288541309,3.674218265056354,3.3232499266381748,4.841062843625969,4.107826862875965,3.515070819108587,3.7467257360344948,3.810356882465391,3.586613172067848,3.7588144708007936,5.315567852817629,5.405935684389399,5.13358560717871,4.687475638446717,4.6663656066954395,5.549314160822876,4.941808952293771,5.313633465436668,4.334553629193323,3.675461485822746,5.11772371313832,5.8547857733056805,3.9740440198906337,3.9957539518828225,2.756054384820052,NA,3.767386946592704,3.3635153805663562,3.4957172100946328,3.280458420588204,3.9693229757455617,6.784810130582285,5.824833874659542,7.2618826833692856,6.020655038985615,5.812333344885881,4.463451077156229,4.964496538660932,3.191560378249005,3.1441965921617694,4.5036892764665115,4.843526748687868,4.4703328881673405,4.676656144121313,7.123020751628466,5.482990874852498,4.723005034682835,4.010991051038914,2.9985093238989373,4.571313061393094,5.911629646253098,5.733035072629574,3.606982631960313,3.574148062126328,3.1994531329902864,3.6331213626533634,NA,4.239053224940672,4.751525593958682,3.7146875932032675,NA,3.814121486262827,5.502301984614341,4.524721535581127,4.153817159504999,4.948620701109424,4.645697153829722,4.978814086000829,5.046561603339057,5.013020800739744,6.928428355402694,6.252489537010265,3.2446193451488834,2.7904171787233665,4.15438367869627,3.6774326623877216,3.782738482811356,3.840867884924585,4.457647909983706,4.596994198653692,4.7269022427721135,3.8105920220069622,4.030178750760926,4.7310623508819685,4.665469308060004,5.821606584701697,6.321396955909699,4.237886508465671,3.9847768736982316,4.511984376021531,4.576184891409865,4.836250148502622,4.764325464582894,5.818286027622053,5.724081987500772,4.056038555098336,3.5738345672494143,3.852419128218992,6.989208388004954,4.926219886323389,4.3361000900101665,4.257009567904961,6.085680935503348,3.2944474610883874,6.779389961957897,7.502711999321036,5.694552817868782,3.8477753798224574,3.929723387687527,4.370622883307003,2.5933655571703516,2.6210441814201846,4.192330567854058,3.3642190152935276,3.8171303613616567,4.700126048607769,3.978429702059517,NA
Jun 2021,5.514085016168475,4.1021467715495845,4.1068239785658704,3.7675592024160487,3.774443459009912,3.643572408466194,3.9304822183158463,4.253883109625422,4.2811360757411885,5.118361430071818,4.37773362238461,3.090037596069842,3.3844875457757566,3.2613563284070257,3.3781311361865947,3.1829220832308494,4.851242904297425,4.674878087223004,4.754456336129772,3.8053866362313067,3.5926378638405905,6.826263628367023,5.017540822298821,5.177251384124034,5.899320216286843,6.380132575545205,3.682522230934943,3.6733404824775326,3.4316208053975217,4.938166418780464,4.145025030991512,3.609502165118093,3.743443941828401,3.9359611409463118,3.742609427396527,3.723228968968812,5.4446570059197885,5.501827873090128,5.224217706228679,4.8814853427971245,4.826502096798744,5.802395235486618,5.088654893774916,5.354123488409926,4.452984517744116,3.8171630024357306,5.234722257432988,6.070797174728903,4.002902777911018,4.133046139455807,2.8479767355916175,NA,3.9312049560510633,3.4943212699491055,3.6030206735122228,3.3843824887254685,4.116628329648892,7.0066843196905095,5.792621489154246,7.471879136269456,5.792151405766622,5.788281711059532,4.657181172113706,5.143726594366755,3.2346138325086686,3.2907671541707524,4.572044802812752,4.967008036936691,4.63152845464592,4.784284767729183,7.01445359629852,5.680435493128968,4.847414251890978,3.8699313183583115,3.0880960686960126,4.691847956556507,6.011763977208352,5.896142138283004,3.7616814966495538,3.4603018342428777,3.2564588344175096,3.559230382239205,NA,4.35696286907211,4.770689520103513,3.843595211292163,NA,3.9590630733372603,5.547726823056402,4.621847808529277,4.263407654954933,5.1292206875242075,4.735531507921113,5.1291214857246725,5.097906154009844,4.924163193590177,7.1222224348682985,6.446987604297601,3.3243241765945175,2.763380027440498,4.20130270418418,3.7402449261932045,3.956116623018457,3.795460629313563,4.55195347706391,4.7192409905216515,4.821745174342981,3.8094300548976467,4.1249041338271155,4.860702631640715,4.888428277255854,5.761702609145999,6.273320979571438,4.213280150535497,3.968862460313602,4.717105008966913,4.773666703512084,4.690990190636281,4.850180313392299,5.90684834886479,5.935742573694077,4.204257584104121,3.6513987831341703,3.906318641505725,7.180114186699293,4.9471860146085485,4.483386632514331,4.1728020856539185,6.049747894500606,3.400734420764476,6.83198661514338,7.667171604604666,5.794381795405809,4.051202888706175,3.9161849608062544,4.310847454392633,2.5628748353333295,2.6510968746269556,4.085713974852826,3.456550149935892,3.7089323059047543,4.861362766040738,3.9845962120989618,NA
Jul 2021,5.392770981680102,4.058092953103866,3.963749046404565,3.818857960539118,3.8504116731709215,3.698571640679311,3.8667458460219883,4.178005669362942,4.218337205378825,5.025793145214467,4.2940885718311135,3.0661127116980067,3.510311711230232,3.1129709128942147,3.3369496509803627,3.0598926147189704,4.5906941395733964,4.452305972628374,4.564466996866543,3.7977304909632217,3.607731398883846,6.459679046513807,4.901599060322162,4.9503235476446585,5.749960453224173,6.1806817172524235,3.668662115038982,3.7495956756758164,3.3275741708272366,4.77929379387232,4.134839233258405,3.7244665387696325,3.721823806610299,3.872027737892255,3.562361050775618,3.7554456942228613,5.341536872047321,5.549780528839089,5.0942231626495795,4.7795832732153025,4.714084281774607,5.529548386459671,4.975661345155719,5.313430733793871,4.347062345049028,3.7333889285803394,5.112878747591874,5.9399786245507595,4.0689964344210905,4.130783771468784,2.8144453756599246,NA,3.8044890309334076,3.4766742473475443,3.550135603069839,3.327658500416533,4.041966280327488,6.626882819255188,5.608071344973521,7.513456572663974,5.966887516604009,5.6524030442260305,4.52452143871713,4.939894485999994,3.050391464887261,3.2322887162953524,4.520218047929898,4.757226182674113,4.558542695290456,4.595384031850296,6.622040833172691,5.4299654325122875,4.758617401190663,3.9597880697449366,3.0955916753857,4.663838414625708,5.947716562877323,5.789945034304586,3.5690387638371126,3.516063511883513,3.264270665520121,3.6565983963591444,NA,4.329361126468177,4.812121192716275,3.7972445977168823,NA,3.8312973645959874,5.477758655949259,4.494300074333867,4.195974634995279,5.064581224854698,4.725872835822488,5.143221046004704,5.04250490120759,4.946145948500334,7.1500003956497755,6.490330992071525,3.2815870351970333,2.8408045681767415,4.168496755958411,3.698929516042056,3.8271651916551668,3.779333845265444,4.575791376102024,4.809594154073396,4.656799271990214,3.869576911548031,4.20790566871555,4.6327924147679465,4.779591090263343,5.675584880395587,6.08824761444495,4.235538315024538,4.031361306396456,4.567188469320841,4.608377348280823,4.7478545294232575,4.7753229704478235,5.965302338767884,5.741333685391911,4.036651556375004,3.560191616321335,4.08295169710229,7.086651164569399,4.871515194621443,4.3451435505441465,4.209852183728444,5.988491410998648,3.429896877873157,6.867244643081168,7.608685003757463,5.895165729380241,3.9727198757769333,4.068768732036106,4.322083589182592,2.6952763203912022,2.616813605802848,4.246674513385166,3.4522010617808845,3.8206051106733163,4.785849555661403,4.001784004981783,NA
Aug 2021,5.535541295004756,4.095917431768888,4.104566744257452,3.8424729870653938,3.7854449933336274,3.7390772055958688,3.9465406260081037,4.309954668895467,4.230462686639439,5.171432802390514,4.35589786056697,3.1456962491451965,3.637131601710244,3.1620129972731754,3.438100553589169,3.0877176007957727,4.798694254860133,4.6048204953658045,4.666398972097923,3.8473540152885786,3.652666095817329,6.737621844174381,5.06204807067563,5.243983691876089,5.92300557854815,6.34775222041668,3.6121659279367124,3.7560595163131314,3.436966882122859,4.923457021940882,4.153373983484677,3.6950748109172356,3.8831950271838274,3.946760252287462,3.682213158735723,3.805649454939417,5.474209689237652,5.561017955554118,5.216460472761069,4.873553149257757,4.863106599587507,5.6534759242275365,5.11305372267532,5.445083680486713,4.465685695422735,3.8039908562626383,5.299887779806657,5.953557024520739,4.090913451743946,4.134958759530885,2.8689628610818017,NA,3.915294141507935,3.4931384439930864,3.6427840614401776,3.397233613307234,4.0780076227855,6.93239085694722,5.764497893340995,7.692616462722554,6.0947824034748885,5.760298389982923,4.65225114616763,5.160369656900358,3.1119819349192133,3.293227719388403,4.56395535175584,4.934030254202021,4.594563684878853,4.706227553475485,6.9733472089559925,5.590262373169398,4.870703137923937,4.078987213238822,3.067466558159516,4.754882632910175,6.141251599703573,5.855017473125038,3.679989753102523,3.4819488575981667,3.2467759244790386,3.6743943255720675,NA,4.379447797634656,4.923311021031714,3.900396366294281,NA,3.9538946366275516,5.544960086937217,4.6237412471560315,4.319307521310986,5.193583700350256,4.69242682839668,5.185614180570533,5.152647380640889,5.009614223942757,7.245076605427749,6.589629816485163,3.33542001730147,2.8601374394285464,4.255964277503353,3.8279877987236377,3.9236142569463475,3.9800551864319713,4.693656369013208,4.846038232732567,4.827485513775804,3.9181494309746006,4.19873338990866,4.794499231470218,4.90606788822277,5.490919043301893,6.343494942046562,4.230111842424446,4.168510205775716,4.717603666537897,4.515584365771033,5.077454103974814,4.932977958505787,5.973342349474339,6.085564321481551,4.206855670891212,3.6692939527036947,4.069052232118532,7.130657401043646,5.086945601489867,4.517057165153875,4.359201089829034,6.03430283543499,3.491361152115102,6.918120382055529,7.376394642581108,5.838160242884373,4.033447015646625,3.9562188458678835,4.4318853745759075,2.688128788652864,2.6691411373604357,4.008445281743414,3.5080454526859848,3.9079463613913243,4.973693699429089,4.092702366825745,NA
Sep 2021,5.553197036982341,4.165261115507707,4.192492401817514,3.903798896058201,3.826157335400333,3.6873526570605346,4.012657353434811,4.339217323410053,4.213852403104943,5.197982848135178,4.467770628702033,3.2439072459823803,3.6716233355862355,3.2479161542661634,3.5075228898496844,3.252909057393311,4.859310764902546,4.776449676958732,4.795023711427722,3.929482036772726,3.674855885450531,6.9546106116332025,5.147524663288183,5.322698307599595,5.935679888804709,6.522989310521375,3.7881837904826536,3.741864244505262,3.5157539578614267,5.037605774672415,4.2389681962035315,3.7908046730016327,3.895825197348603,4.047874250831342,3.834655112054481,3.9076006549898357,5.45607267113264,5.649812187063813,5.2941870569676315,4.984704213684855,4.933522487245472,5.733211614757179,5.193888611873422,5.603965750145994,4.545206845643359,3.887079890519515,5.341913462147753,6.073128755120617,4.1779139862389485,4.227118825212293,2.8951487514786565,NA,3.98171335729243,3.557981988495673,3.6804057042670575,3.4303915856691667,4.178531204150108,7.025653229812071,5.766600201693703,7.474208440613063,5.947121734444577,5.982270338750278,4.7741147041201994,5.295211142262703,2.988229002836974,3.3919441990727006,4.699506483220133,5.020856443288682,4.68651158191742,4.8132268471813955,6.615382940309305,5.646411221357527,4.917822972385153,4.025632608747151,3.1437665199160447,4.893140844568483,6.109873604334015,5.987120295766971,3.811047514974716,3.6632175503127278,3.3839518109180826,3.720636554058922,NA,4.491805447265389,4.975085588775935,3.9694338834235112,NA,4.038502376500281,5.681273929932825,4.771358425282752,4.415040813397918,5.308023959128764,4.867897832611406,5.194896719187443,5.143479197820136,5.066943680311721,7.099788895651897,6.379689239070056,3.4243401161591325,2.9663619910300136,4.31628968519428,3.844138621131103,3.999981340950277,3.942338934486003,4.76814098868432,4.846847120005503,4.903416840411504,3.9432525854168903,4.344986325644853,5.009634046291888,5.030140255110065,5.396803975537403,6.207535303935142,4.401328705368104,4.118261808214596,4.740226983866248,4.8399112828765825,4.734364236588314,4.973678774738213,5.863031963222901,6.013085897644862,4.27920052549757,3.7227269439942705,4.191196052244673,7.177786860780477,5.061133784133483,4.623787531990164,4.23905950602092,6.050031404124313,3.449096029044887,6.793588032213264,7.5163670047484175,5.899579035821494,4.040751429679496,4.063377161410226,4.595745325890918,2.691636173133463,2.7296103266860827,4.19066835974754,3.5779888625311664,3.934238112565513,4.993230141023177,4.058437201226044,NA
Oct 2021,5.534730096617584,4.126272694705092,4.159429591049652,3.8383372770703117,3.8310813894129514,3.7913755091454107,4.004238474785474,4.339268435946931,4.21446937843337,5.127178519284236,4.4157919472443785,3.20672972235983,3.425288877759899,3.2278246396182575,3.4670407389798368,3.0947081953884537,4.8312771349816375,4.766760251467018,4.717098935196276,3.95982801537303,3.6871295391824286,6.761971956822353,4.991303280341927,5.233352351676579,6.001052296568443,6.5815157515553615,3.625406023334693,3.8721425103835654,3.422572340535703,5.030946279144611,4.278511403236636,3.761591007261824,3.83856006310979,3.9115083820424865,3.6863470823502977,3.851870504155647,5.500912108582006,5.6272051110953125,5.261661229926714,4.925381959919477,4.966344794244472,5.7675482879506665,5.163245083901925,5.378137097651269,4.425433446659916,3.782181714848629,5.205761193460326,5.974187382579839,4.076685252557744,4.283492699702496,2.8826486085525977,NA,3.96211071858663,3.517976662773485,3.63887594090849,3.4214977597497374,4.133208463812791,6.988049423812116,5.7053402090441425,7.709893483163874,5.970792591689596,5.698747257953961,4.716265709457063,5.195120234245416,3.0441253705991573,3.3632450977677255,4.669762813456482,4.96288506435176,4.668181392063893,4.753648561583034,7.066732903809237,5.603965672417115,4.92431406537292,4.095057727519901,3.199178244338316,4.845930147007763,5.993202781863215,5.968210779217673,3.73796249119833,3.5674099653593423,3.304670393192814,3.724672561164963,NA,4.430545393527405,4.820015341943088,4.038741496779085,NA,3.9226174131790086,5.664739685139965,4.570619801770592,4.384802900207817,5.26380848374204,4.888636552930778,5.2977760409532255,5.193867476500743,5.093735787128512,7.105834472092637,6.620438030186574,3.300894941968257,2.8544352046987456,4.315710276828844,3.8417334219186094,3.931152201736867,3.9232919940772324,4.694794950233476,4.943651229150108,4.913805656411692,4.081532254894613,4.322954448226378,5.031949171843671,5.048189928344673,5.470527211149165,6.280120710569589,4.290464574319634,4.124429213141298,4.712909474347128,4.777978830586473,4.895184007379794,4.886202950085444,5.819883250082468,5.999292732180241,4.15242100856999,3.7077511485861296,4.2124334040949485,7.1775453467978485,5.052646935754006,4.593461679743878,4.3574253863958745,5.960398043804899,3.524446593661024,6.724473052915327,7.532150241417911,5.714271259010999,4.134874558395173,4.163125103758157,4.527253661065285,2.6151878336596073,2.6731481038552887,4.268775570291115,3.592139073519514,4.012353297024241,4.907401706286956,4.099093918338085,NA
Nov 2021,5.596451365766332,4.1503118191455535,4.192136430440504,3.942437368981351,3.88301118000186,3.870116556354951,4.063306680770988,4.312404400301172,4.3124928415393144,5.19283518831269,4.4737345691261226,3.2438287788641134,3.538095030089361,3.304431101016629,3.3917342476724888,3.175851641069746,4.919108062025158,4.752414764211284,4.787404637730358,3.9637582165442202,3.757335435243768,6.900848444010805,5.078657387489444,5.334877162173411,6.049167062864952,6.612893087667929,3.788298136231163,3.9086007700498575,3.4948511734828176,5.030090223407282,4.334263302204455,3.859309917383535,3.921913445182632,3.9461977077720136,3.7645397811418606,3.9171907339310517,5.564569114893963,5.643796247332235,5.296010580312346,4.9695569642661725,5.011077218463138,5.8192960557846725,5.122801313565192,5.5488105118730795,4.458628520588301,3.8871345704488784,5.370192109153881,5.972099079560577,4.061404861657764,4.270626468590453,2.867390591511589,NA,3.9684962944480726,3.654233098914649,3.694372420420696,3.4185656281085124,4.204849272863689,6.974265922840193,5.84830020547887,7.677318084937879,6.108190003528664,5.790314169415629,4.901150453206138,5.337064825560367,2.815542086119708,3.462885564131357,4.696780082931602,4.974595311398991,4.78585318619289,4.853835074213613,6.808002657603232,5.650255897457636,4.977603806362658,4.127553016892806,3.2105660617214085,4.851752701420415,6.102850493087408,5.932399173074561,3.8219617279379943,3.5873464975408766,3.448296911985923,3.808489943897813,NA,4.529537665219147,4.952896532235254,4.030174951992026,NA,4.0013199946919995,5.900947919724189,4.770084457628385,4.381989736407707,5.369478146444516,4.8224786603343155,5.248729482393547,5.134556398888568,5.088405684247561,7.094462698004746,6.677715899061407,3.3954091261215353,2.956141092285248,4.378584193101873,3.857506286069423,4.02844652930622,4.0766725440396,4.646967961327759,5.025020209114481,4.874484110580823,4.0289513030479025,4.2756655431447825,5.107735177857946,4.991874592629266,5.702843116559938,6.31266984428573,4.3303666308380055,4.094363199273338,4.709032856444084,4.850380844583693,5.1457839099492615,5.020018996892887,5.969898065396565,5.979052985364176,4.332101824047813,3.739059228793027,4.236324422398602,7.096210693468096,5.136533357318783,4.615604735712054,4.337736933175682,6.1423238569119345,3.476200183591179,6.7960311801502105,7.649580854835793,5.7798751305915825,4.200886483232203,4.151757897137616,4.582686565150835,2.704791167862533,2.709019233395431,4.242650335754288,3.649209515598841,3.8948727286505935,5.025441718814458,4.184165435858243,NA
Dec 2021,5.579758838544108,4.136430598634233,4.181085379227144,3.9498822471661468,3.8372767423825205,3.801310258723993,4.076407283317636,4.396173132809267,4.261710426367513,5.26523471414015,4.585164633614777,3.2173106793452146,3.599981821679304,3.3320208147993764,3.5316393896827023,3.188267001295943,4.877314204053947,4.760036045961473,4.871722107529321,3.9209175754467847,3.759210457143135,6.839074477715229,5.291982625270714,5.42323361329627,5.942228497924672,6.52914602774388,3.666229845368713,3.769922088603664,3.4911644868809044,5.088146657848784,4.334648545867817,3.857178950440389,4.046785041725848,4.106564523007897,3.846956830309512,3.956711719408435,5.598954567023495,5.698670932220162,5.344390153600457,5.083244888994985,5.012151486495393,5.707717362334774,5.198613057667029,5.643362408918586,4.615173057000545,3.8975614887404615,5.422512416493473,6.017260303065118,4.159486230250502,4.283438228814555,2.94936394957995,NA,3.9912931948508392,3.580212953121348,3.797972337994404,3.4510781108193305,4.28359012351367,7.097346199010648,5.893731215630178,7.642914801462505,5.964447077750758,5.82298846822383,4.867523238955886,5.352166636887553,3.1360841592635222,3.422628663696811,4.727672494319686,5.0056747066161105,4.714726203758476,4.839071741683221,6.708676481799873,5.617230215383425,4.97013434268627,4.252436914593313,3.2080510345692033,4.921969954365884,6.240892063071088,6.005305942226189,3.7972230115192356,3.5629844640887054,3.4533486603033663,3.7337093908779457,NA,4.522701120393241,5.042188292594893,3.9674828082574933,NA,4.015922424667583,5.83133921213686,4.777511136566983,4.572972584969015,5.431484250933622,4.900103071978782,5.18546113972495,5.287923632955797,5.221980019901816,7.49434955556116,6.554573560885135,3.3635234691780895,2.9251393173083966,4.336809023562757,3.964521491665124,4.025311064142628,4.040118789174824,4.751985365556367,5.057251868663543,4.968561152548241,4.1595432064920494,4.4353436266259205,5.117797585520019,5.168122074516921,5.323491021891088,6.4043583799767365,4.3979213167398665,4.281403196262002,4.821075966573832,4.838369041553305,4.9411149454444105,5.007388128526004,5.754973104080443,6.067498468204784,4.357695793811775,3.7660166359457476,4.202153446375448,7.218269602172518,5.10108803045268,4.63397094460296,4.266425900070737,6.026516831734617,3.606132805614918,6.883609925064459,7.620915461830454,5.949753480022843,4.156429926532618,4.12730761920429,4.685057650258481,2.755830817918422,2.8610914812835673,4.328238347332745,3.6074378626439225,4.018902121893083,4.899265254338975,4.17455589370076,NA
Jan 2022,5.670732676337149,4.253904001686189,4.226103815963293,4.027987449653008,4.005508293206904,3.7781782746901365,4.176390531327702,4.446196411003816,4.361863405354794,5.320138754280474,4.612731870818638,3.2766936024409477,3.5365211425647383,3.365751208306481,3.541428824733946,3.1866400059097115,4.967540187975506,4.901769115033916,4.874554460377479,4.002101512847559,3.851475151337304,7.00900651261889,5.2926878379519895,5.407274431819144,6.0229634351901495,6.602385592163857,3.785627526345421,3.969973610763732,3.550288406933874,5.12676518924905,4.2896567584975305,3.763980932700375,4.04621716674242,4.13116239119241,3.86707278288271,3.9240686804027622,5.551601003447661,5.762589182441699,5.351653490448521,5.138070149164357,5.055758433591896,5.892153171817401,5.2503620592306,5.770318058574059,4.472699373043855,3.922181699667535,5.571808911660853,6.246764662546861,4.101125679770117,4.301846945796159,2.89630181123326,NA,4.134045099385631,3.742756295453012,3.757221724105023,3.531259995806824,4.297434556317093,6.954003812132764,5.992283356492647,7.715206900495846,6.215267621909396,5.792068872107171,4.952191406986714,5.337154807752535,3.037463866675586,3.5154993812696045,4.870279337712637,5.0644366760785635,4.7334661082703455,4.829542243529963,6.536204086620661,5.746561924008004,5.02478409960917,4.130199296321227,3.236361877800347,4.948885388313374,6.18265367354352,5.821463813163675,3.7951005425100788,3.6997450040763264,3.414443658685686,3.8013173569433447,NA,4.596362241402714,4.936139360422891,4.073649390646872,NA,4.111780668876935,5.825170566327693,4.856154163011057,4.537418438756952,5.322022336580849,4.994949998901323,5.358121246898785,5.258301551945835,5.139682019275232,7.129756848467056,6.1121451169582866,3.4371472209235017,2.9528497470164363,4.343343105499221,4.065579849518512,4.1591611051938395,3.976936922055418,4.776834754575344,5.060415890385077,4.9895624315137335,4.16744142488538,4.432758627836881,5.15355142842718,4.99067231610806,5.484657310228521,6.435537481421484,4.414821210417032,4.257515315463938,4.845189862496948,4.784319782510036,4.949123635801434,5.0322478545791745,5.6324116157649575,6.174656347014091,4.414306142524513,3.9579752992658856,4.3137528810295205,7.190442206682158,5.121191933253162,4.692145281948001,4.440780572553776,6.2591037798486955,3.5743948833836607,6.896553604738415,7.437678007281293,5.833884365409086,4.1832539397430795,4.07424636923023,4.629947304655737,2.7882017953210063,2.7103046586993726,4.4327126823861835,3.7140119999890615,3.978099533805679,5.08860824004865,4.240579790282636,NA
Feb 2022,5.640520998994658,4.248806368985422,4.219694740779436,4.1071784222425025,3.7779855549682995,3.793861090152149,4.112114377177474,4.439816065179538,4.418342908530137,5.321315897618153,4.652924603866451,3.325357888293713,3.5371522892684286,3.2858158967392415,3.612691434061169,3.228553004656519,4.995208877823933,4.886095768232852,4.998989913752588,4.064350574538853,3.827196805117666,7.051879168568737,5.347108153444786,5.459917056859575,6.008818647513442,6.695738853727472,3.833655465723144,3.8566039344626923,3.5110410660287728,5.144546622182061,4.430980983379019,3.877541713682882,3.9665000358546805,4.0983330561898255,3.781591513693997,3.958798812541105,5.622523947077439,5.7596552173937665,5.41111268959389,5.126645008030344,4.979344252209933,5.769195727983745,5.214233530362453,5.70239246690773,4.614202080449675,3.988374576835233,5.5112128850934985,6.1964386017481194,4.212614773919831,4.345207312030187,2.9342198884665684,NA,4.132782949897314,3.6492314324656987,3.7962987510679156,3.6024598981443003,4.322845301586371,6.990208816858965,5.966598244232204,7.794760249841237,6.085747405553295,5.923280754021312,4.973452442325261,5.426594500836765,3.0493803941729904,3.5205680956724907,4.764316983387145,5.013947660230934,4.7851402080797865,4.90447704634922,7.058121124364758,5.737403865000629,5.037758837725534,4.294193852829423,3.2263196452097973,4.990586399269528,6.159837148505539,6.030156683776828,3.7871524755788957,3.723188271093736,3.469970389677152,3.7907688657815273,NA,4.601471806356823,5.11888486070092,3.9440246901520633,NA,4.1156935717919,5.8005912057144915,4.84005807931507,4.539374639388328,5.466458338401566,4.936045542938205,5.3898246092634645,5.397683202408825,5.409251162748737,7.25556495977843,6.242996186692736,3.4824538505357436,2.8521218946797395,4.484252403365349,4.008589597787293,4.073757807041042,3.998997130750598,4.862474800009637,5.164073802951445,5.021012086521588,4.192125154397391,4.4160792802316795,5.156648448255503,5.234696362286057,5.713962442348506,6.4120305649958,4.547774191652028,4.16203525034021,4.921729973800978,4.8523767357388765,5.14944231047278,5.1366837046357965,5.627839449646032,6.197577595427304,4.348690869306764,3.881719434024146,4.234398081326564,7.296005679348672,5.201419734498171,4.6994160082001875,4.4224755383523915,6.223579123145402,3.58351993793038,6.852140362225002,7.607190457109992,6.023629204833235,4.235287734227004,4.051484842326842,4.687612965583801,2.7416174296180387,2.8125867689505286,4.563024972677934,3.7453868000958566,4.01173366900913,5.219728269052057,4.2520579601782424,NA
Mar 2022,5.668487902739902,4.284842145786015,4.267069885420587,4.1292431813950685,4.020500034349191,3.8885464945973687,4.158241737380283,4.413300347591801,4.4306127524438415,5.396536826789048,4.645969138911146,3.2436882128094027,3.6973524866309013,3.3500489589453286,3.561710403092916,3.2336004110534438,5.066862929997291,4.878498280735811,4.960642252308713,4.067496976002381,3.8116507231202337,6.970958711854342,5.294689677871672,5.403128203142925,6.106724539446752,6.749537815888293,3.7691835097996007,3.959217604012539,3.5147378756571346,5.22463167754601,4.312516945455343,3.985772682957571,4.075322647451398,4.047007627244657,3.898322455105542,4.031441731851369,5.62258512080243,5.919869141135933,5.439775331079873,5.128310791817994,5.118613571300449,5.814147913832029,5.2655716740385765,5.650684011854205,4.689349568779206,3.9524795873755703,5.66324927924881,6.112066372561802,4.382822210748574,4.388883601999149,2.9304391972435555,NA,4.095269447765738,3.703572853689742,3.819582650255745,3.5658598393081387,4.303873350101595,6.955918709142239,5.952421475352332,7.5991802597245135,6.0662827960214845,5.960737401302145,4.927128367666463,5.50760229868216,3.1570681280895836,3.519085659242816,4.843938719521961,4.990675641737453,4.7860835554136765,4.9717433164293405,6.865407777198283,5.615701359031095,5.0281924969229275,4.278023888740221,3.3211412676446943,5.044928833262585,6.153693463929616,5.9192922016140095,3.916768748130675,3.805992708527042,3.4732819451590276,3.836082130871204,NA,4.680518970564549,5.097142818638809,4.106835816981695,NA,4.150328136282656,5.773094921429659,4.955855971116875,4.531637938050044,5.530440134807074,5.068732781609568,5.374012791963324,5.332814650928273,5.326521522781408,7.286994376990103,6.2316969605470485,3.457415537882979,3.0129824095471083,4.584907604994439,4.034791649300502,4.184301523010552,4.209937950249534,4.859264448580745,5.137748451970576,5.066685870553703,4.278005372137275,4.415399343906454,5.263567008928785,5.170019948605656,5.60193877308993,6.446545546937492,4.704303573788813,4.29839937823337,4.863270868392617,4.93225289535551,5.201769715995444,5.115685438220422,5.615173720990377,6.275384966272077,4.320176769133403,3.7218981974346677,4.325491025059851,7.1761344173504416,5.205644016121985,4.782672911222081,4.421723021968074,6.412434594391079,3.6733637604842158,6.967878959757249,7.703278949249452,5.83171627718952,4.184477557054217,4.1034629984613575,4.8695298043525215,2.707835856041026,2.797224648688039,4.485330803486696,3.6401058223923144,4.044410128175261,5.084354624802613,4.230949714772708,NA
Apr 2022,5.691497668715876,4.330806122370969,4.344190721212251,4.188391751894045,4.1146709536726105,3.903786450507024,4.204325600898638,4.5029451027944924,4.410094699993615,5.428248461969045,4.714185725693183,3.2735310731109566,3.4626407410557762,3.350135238111274,3.548425993712221,3.22559513222492,5.12130576999327,4.958461188662779,5.00999530076999,4.1168454921631765,3.8669344997775688,7.041082743033812,5.385947556895317,5.502515250729149,6.028395200237109,6.8237527768273765,3.880328781923951,4.02733530814295,3.5603835119956284,5.295879827778117,4.397263362898069,3.9484448320874845,4.157832883464081,4.170209419524458,4.004658259767913,4.046207616786388,5.713625179804438,5.875442877113932,5.425794350232378,5.141275226205292,5.153742768368537,5.970867171304907,5.321853519153941,5.746260238196103,4.682403732306297,4.090173140569048,5.764694365536806,6.212493148294679,4.256707217197776,4.523066443454384,2.9675335529667817,NA,4.190763073308189,3.709230526905368,3.7887018522719487,3.4410428697552784,4.412783795611016,7.006754527653134,6.081342771909096,7.671536719163164,6.228952580719503,5.948217691523102,5.021780368371697,5.5026811750750975,3.0582611252364016,3.5780179684067788,4.837989531047406,5.09758392667666,4.836058769138122,4.941057870894146,6.801408809887707,5.549526060845342,5.170258874456855,4.246505055647742,3.256258928642804,5.080603433365665,6.1820719346340915,6.024581253617948,3.9011947217270144,3.7565785126942455,3.5624007565480147,3.9442240540445037,NA,4.653694287317307,4.993923952151342,4.215183265705009,NA,4.13949995150048,5.9429319784428065,4.940802479000221,4.468365776765466,5.527308001414434,5.044016142477792,5.448427640030982,5.418564418741998,5.439230615809409,7.323900321985152,6.351543159215406,3.4616531983014545,3.000613968803675,4.513939884939937,4.066791681628964,4.295585576939269,4.2659188553660234,4.917324376207286,5.158621762020137,5.05954205303939,4.151512369605463,4.545574463540293,5.301012355285972,5.234364110238678,5.679434059138368,6.574909315980584,4.574257580360035,4.307761748775341,4.958169640103039,4.940995797814717,5.231590360631045,5.096514874227002,5.806587343231068,6.241462587811834,4.433018076949592,3.8430101590533385,4.322279800504268,7.35953810986695,5.277718900160963,4.760028811256384,4.411826948260916,6.372590321707729,3.6471863653491616,6.974904147072786,7.642528191125263,5.913318409055127,4.322281935500263,3.928414652867408,4.824137627519718,2.9030458694855557,2.814947366824099,4.527241790164971,3.7092020722105534,4.101684259820892,5.462675850086473,4.346327928690377,NA
May 2022,5.726539003973715,4.331904237254262,4.433874432590369,4.135929770558111,4.042684767891177,3.888865056782801,4.226081804979987,4.544232004520231,4.482946569071482,5.464788309233532,4.769269342340514,3.3400112135740234,3.5390320377470643,3.399940521818774,3.6152538342370315,3.2928730732205365,5.223696122920213,4.9257901900076115,4.9799674346603595,4.114048233841225,3.9044202807900312,7.167934570161769,5.410010411462983,5.56348925417785,6.174012167078319,6.8741343806353985,3.892518411331166,4.065086624278597,3.5407446475801265,5.343312060067812,4.53445051368029,4.033275915645507,4.103501549022999,4.160396652688992,3.9674838914761743,4.065865487994385,5.665216502393848,5.8462883239002315,5.458770323036318,5.216938153856032,5.216921093197937,5.9159444302138136,5.2776758315590016,5.920050926386506,4.727089202923979,4.056479441915923,5.546301857530557,6.283705697945363,4.348485333898761,4.513391877219569,3.0148697850707165,NA,4.171360266940619,3.792856125959651,3.814603405006334,3.5905367689670844,4.419116560869705,7.042429856510738,6.079666619859825,7.963142487432501,6.306353374213698,5.917132435204176,5.0836886433960915,5.690217829000395,3.1305950579874966,3.5422128760159124,4.968801747259339,5.185405635095994,4.934758097750736,5.0649806858268285,6.972167271276816,5.878210587303092,5.133328322504806,4.369329160305003,3.344111083742592,5.152512931679542,6.173945089049418,6.1302228378253245,3.9299174750825707,3.7344028002206207,3.496181192926862,3.9757212872953818,NA,4.738828666654753,5.16223378869112,4.2146778019305176,NA,4.214145055643692,5.57561638883947,5.021043064789929,4.619966929942021,5.594906744238306,4.990478206631945,5.436634556784991,5.450808342682327,5.447046323918416,7.26826206146892,6.39326592989084,3.5145448015749614,3.0834195005441942,4.62942825061297,4.079978377388715,4.266173353126476,4.269740484302677,5.003788683342647,5.172362641186058,5.126212703605371,4.318886162584941,4.70646499390182,5.291527323957987,5.331535461826316,5.6506999108014995,6.594728634885851,4.734109550359375,4.281299086415569,4.9595390220754725,5.024804410575002,5.145006656036616,5.213361283666131,5.856666270230516,6.221162709915288,4.434152515137499,4.012004582328705,4.548069199259,7.3532988375898585,5.343182829499495,4.821614917184427,4.669116470366705,6.29377853855154,3.6586502315744007,6.936615894277714,7.860010354671011,5.912290752517268,4.396665334541649,4.040209455548127,4.972608347864172,2.917059818023487,2.869513897135056,4.601323888888441,3.7754758149638294,4.296252703985411,5.271754792402257,4.270096548028726,NA
Jun 2022,5.825639793654986,4.3878529182243255,4.350143128258436,4.1647475800561695,4.133292812371707,4.053643523898348,4.299176461933406,4.585462724830215,4.580369309960212,5.544541246539776,4.753484875369978,3.388320072924273,3.7292965312194264,3.4383773703339027,3.6360685175021463,3.3508881532287744,5.344481536983922,5.127393795790827,5.035326991748514,4.211472318791874,3.959000086602437,7.214490835789543,5.530211195209505,5.621255227322739,6.281759712366301,6.913993047167761,3.917065816270288,4.003499452523045,3.6035153966433784,5.330240395222891,4.4732494148979,4.078438215389872,4.213257925536706,4.2265565964429115,4.020488232378568,4.21516798634477,5.698463557605401,5.899648235649843,5.524416095241896,5.244717306964926,5.282534776620935,5.818749336995262,5.352221975663317,5.970412448574651,4.763574486033844,4.12213202841914,5.707048511654827,6.384609180960231,4.450531316157095,4.533128441073819,3.030834936358794,NA,4.2288784726491055,3.828816236623124,3.873295643586343,3.673909469325183,4.449152266556616,7.219743952290829,5.952217101264699,7.818909871468456,6.0593741718661835,6.026256122945136,5.1839207428604865,5.5552042050985255,2.999432630862721,3.5855064296637678,4.946196669579952,5.190600668108011,4.922736464514758,5.1321084160993005,7.179034606563655,5.821901068387417,5.154143516372997,4.4280243642968395,3.3854428397110485,5.194513344742816,6.32747186826657,6.228698241425386,3.940636585825694,3.815623237951057,3.7562234045095697,3.7952085083040665,NA,4.751178623210595,5.321503245825396,4.259838787624604,NA,4.257067538596229,5.545699768309262,5.05946694069829,4.759955377899228,5.58415503623197,5.137338965918527,5.488043405026427,5.52533337104956,5.520828991164287,7.318498549023887,6.26238730741497,3.6392860556384745,3.0054866378669023,4.618792155003059,4.194556252101697,4.314681164576129,4.3041471712805315,4.9994025328944645,5.328596821103979,5.130815667933689,4.340125440127464,4.545310905883921,5.321042902886125,5.329111259278515,5.64216893096432,6.635322442612984,4.66764959731771,4.605707510613511,5.061094387482447,5.10595355828714,5.4114028456167365,5.210932296127535,5.739705742219285,6.402570669855336,4.6046905055713,3.994042534598199,4.453528447080983,7.384107117515561,5.407466945417043,4.968631045128302,4.703699913618769,6.496853478057208,3.7267126613950117,6.87682712581515,7.901402488713373,6.106144393605344,4.401715838752315,4.074023907777055,4.919468863829871,2.9057267684791173,2.867089710501042,4.523187241881232,3.8045454182482477,4.277260081707697,5.27224096285304,4.437390349395521,NA
Jul 2022,5.832039543952626,4.4276252163612435,4.508863611061874,4.2442652657186235,4.197794367066833,4.145852349614228,4.3018011829139216,4.652688829106136,4.523988753109329,5.642944907126049,4.8869888324751685,3.4433159786445753,3.777539886187396,3.455419488842504,3.6886979180629513,3.430698958271686,5.285940481482092,5.051591981231747,5.147142979928346,4.236322671994606,4.002445235722903,7.487896025474085,5.581052435126508,5.7895507571222975,6.277653201902072,7.082161478763693,3.955853409187843,4.062336166985182,3.7449721768683366,5.481129967840027,4.530301875277145,4.021915116241517,4.2288701722411455,4.257808448777118,4.136740012401793,4.169175934158025,5.82207444972607,6.070361720789044,5.642099087690967,5.40285874948779,5.298300555024024,6.017246510047806,5.36951099298111,6.032260820691135,4.910675221658719,4.156807534281213,5.826873859078342,6.305765114059829,4.477584604156958,4.515313990874618,3.0900803027212924,NA,4.306847359328553,3.7983239608704533,3.9098649499943092,3.721598247470982,4.545542871902197,7.62016185010615,5.943933371955744,7.879581477829521,6.281306284842606,6.079800229471903,5.255277014017451,5.629700500634944,3.0745050381108263,3.736281578765112,5.079458910806942,5.269123507619594,5.035633970591554,5.128106188658429,6.930934679062437,5.853410595562038,5.302072513636354,4.426883912404246,3.3486240659518005,5.171221071033982,6.432911973933748,6.203461077863806,4.058431965848647,3.9023567792958627,3.699299444070035,3.903719873555984,NA,4.805822150566029,5.541095258382213,4.162421696973896,NA,4.248273547529244,5.542467560994559,5.110849032641367,4.816613776029436,5.677467413831948,5.200080979367945,5.550961899100079,5.582881926852928,5.485784707046067,7.692669502420952,6.515866572937479,3.5860992274208234,3.0980713286137447,4.699690491853802,4.224325735946153,4.358702004455666,4.282486689835815,5.030257511350112,5.3701591829375,5.214256329610362,4.4991008595442095,4.617663670372828,5.423060994204987,5.43436422408889,5.405015598331304,6.492501973944834,4.714788347788169,4.486377228136221,5.165910762192389,5.256496760439582,5.425981543683279,5.266009103620253,5.600479254207235,6.31416186731463,4.620053979334317,3.9469978161706303,4.503057992964211,7.375467786787688,5.445277860246438,5.008231604264135,4.7071116274193985,6.431362292943905,3.8814108722162146,7.108850787119172,7.89785306847668,6.009872975589169,4.489553811522121,4.066409893660405,4.821013056194933,2.949236472744982,2.9291987697096458,4.593425966016487,3.962919216632808,4.309992252777272,5.283189586066615,4.5450919250548,NA
Aug 2022,5.9171690627606655,4.481398819532925,4.559676421187754,4.2473157468290825,4.294716077677276,4.144553131653248,4.369660263190285,4.658205914905136,4.46612576447454,5.731554636169964,4.882534207996434,3.4137452173232683,3.7453651972406923,3.5860615854444786,3.7770440851731424,3.4055340117851487,5.323300102938611,5.174983048918368,5.182202152798105,4.2225251658313,4.0306776366249215,7.461916059837084,5.658415831581658,5.7892053446894245,6.303239623321179,7.084836039549127,3.977184962090389,4.069585893048442,3.6907313816481793,5.454939744099413,4.613762888172611,4.23330252149138,4.269135057996555,4.337028738770152,4.0966489098059,4.222849429007482,5.782661987787836,6.208256078417509,5.6306608648263845,5.381208026882292,5.347793746885678,6.0012083208583356,5.546134207026597,6.086961320702489,4.818371085555573,4.205103907452147,5.745393605936427,6.288091972740104,4.612231957824627,4.6789828566291005,3.119245081267305,NA,4.330492458985789,3.8845015851006472,3.956378334143038,3.7069466019062274,4.568838770911887,7.492548029768756,6.073905954169656,8.00387094175361,6.270261598724658,6.126203466039442,5.2825518271874135,5.800243628402945,3.079480969051196,3.6757616084570035,5.179280638964805,5.313223799640785,5.0850306873493185,5.190204828735078,7.235026615566188,6.01633752722625,5.322178788376947,4.391236332277343,3.3254288771927545,5.2197053651632705,6.416210105625649,6.155026762604102,4.08895632412305,3.871626183538143,3.70852474049123,3.824528112103006,NA,4.891676377371121,5.201930742831287,4.264620673190146,NA,4.320955756720173,5.575921346262255,5.2233465943254505,4.854276498578239,5.74335124941225,5.1906995912840355,5.596179797166405,5.648124136693719,5.324815523722536,7.5504106565584825,6.387399369769242,3.627079269733013,3.040108584099852,4.8117891624005535,4.294329085924597,4.277713218954472,4.3024508502417,5.073737441868692,5.432533848139598,5.235910601040842,4.335395318974134,4.78759784362513,5.500489198121335,5.46077001100987,5.4007535724768045,6.429885206784692,4.701684760537617,4.605257903187093,5.173901078338133,5.125332871930663,5.432093384715461,5.354824367069148,5.707016009411187,6.332279230963556,4.710830242711034,3.8997456486939193,4.616063311260629,7.570670887253022,5.482761190772184,5.013224051329181,4.581048702739443,6.613214249729322,3.847526798510505,7.278118194111591,7.7893696948106985,6.138651084417455,4.402620413873534,4.132961566896587,4.821773670338028,2.9282516759819526,2.9343370581397674,4.519653543904371,3.893208177913139,4.399323769509341,5.353569920310274,4.650855952925822,NA
Sep 2022,5.934202765936717,4.422950550397027,4.542604961530135,4.214333265607963,4.224602599447944,4.163709173337918,4.431143259802837,4.716163632992241,4.478453998231418,5.718883153957262,5.052204281936384,3.522392255167795,3.69813800339969,3.5576700046836924,3.793883948576088,3.446529432434891,5.332311986880428,5.138497004976571,5.26038849927824,4.324968347245325,4.086260760537117,7.72045609941278,5.627126134575037,5.805635643404701,6.20610012550058,7.334012193692432,4.078045591142446,4.095853431496357,3.785210232379762,5.509722056548546,4.616397721726122,4.1413582292839175,4.415529540041871,4.306822060503234,4.135063270291257,4.182719959693514,5.7853588808967205,6.10112594707257,5.666642704000535,5.48626420255386,5.469342688931308,6.232439914814591,5.512052725972601,6.025036947728512,4.973040072875698,4.298008339534797,5.8780912568260995,6.338623246763269,4.507541682024839,4.5927071230620475,3.148081968774619,NA,4.385521058015991,3.9137611117214712,3.970828317979656,3.7884601345707467,4.637609235442249,7.394608270771179,5.804309559150515,7.982305057679337,6.164334323650549,6.1697316415202765,5.266087942398266,5.864378820539267,3.0202786236683847,3.7569910966824898,5.090726989847452,5.342622921684164,5.109067903534963,5.136438852476087,7.027730837713287,6.073262439276457,5.389477535432911,4.459455712342953,3.34082315380951,5.321981588830739,6.498275855780537,6.283509126533543,4.000963262303635,3.779716545731718,3.6869673296085907,3.8996968439860362,NA,4.941270347904831,5.46517164997904,4.183312600938801,NA,4.371324852864161,5.771155124361722,5.279352767239742,4.874405040456659,5.884074299549206,5.2647418262553,5.686805845108844,5.599349529516089,5.252019276143208,7.492046305752975,6.347721662528898,3.6336062267873483,3.096689936203951,4.800033392909367,4.253191026215649,4.383209576866305,4.285870860153547,5.184666249340256,5.531144255622886,5.303791623389604,4.478659255226348,4.728885402982555,5.423990946583097,5.517516090469405,5.747251712858208,6.599195205340983,4.751166510895616,4.61730112190343,5.137943444029088,5.126616294893008,5.549199015572927,5.356220930373562,5.432775551360402,6.467774430787296,4.705542448005198,4.095195410301962,4.6013263884187925,7.373664818926229,5.520945750826795,5.097804194669241,4.609788173739774,6.458538738337525,3.8210914094649673,7.127842008372857,7.744375268971692,6.067409954599081,4.489247586632301,4.180232953163788,4.596881880364798,2.9155619959776415,2.9323874055204753,4.465560478893928,3.8926911028877056,4.36640664333501,5.259074039539939,4.564497804028167,NA
Oct 2022,5.994984664994271,4.5428056569281665,4.583035991846847,4.30644478632989,4.115697504792963,3.939932613939664,4.432909917186156,4.730228311893133,4.393942247764992,5.774852723099944,4.949699209279559,3.439667377137909,NA,3.5945631630180497,3.731074466837781,3.4860512999474125,5.437881903062209,5.144171117440738,5.209707408605557,4.361668772517641,4.166948659087202,7.4197884133464616,5.67560276624901,5.8558455268772365,6.332871662654228,7.354430458126613,4.1291378111527335,4.143087629424022,3.8394561387634782,5.524292190671531,4.739290187865021,4.026429590308067,4.370587099430204,4.327842721729485,4.187187076670564,4.287076409118447,5.81153404000169,6.141276381857773,5.774775721825954,5.411745426374489,5.435230289418791,6.204754350848774,5.6755522639107046,6.046661336330668,5.016410928293662,4.350563285277795,5.778300060082792,6.583263045433031,4.597976453437004,4.752544072418274,3.167303546111153,NA,4.376924212306012,3.9373177793354928,4.015598903230314,3.7786957248095696,4.638038230481855,7.44185124165187,5.912522139854955,7.955890114563476,6.2286815979353145,5.9987111195855025,5.351812279943548,5.840142845294332,3.1835092565212206,3.8210305038625614,5.181915189769171,5.300991120819579,5.080872195625379,5.184450253605831,7.088226219021294,5.968678193864876,5.335082239946699,4.399970378257813,3.2844921712562947,5.326799679789986,6.426376062499703,6.2822254752629085,3.9708100433869356,3.8150093002221013,3.7848671055384484,3.9245071868977117,NA,4.921590987080424,5.43972378148234,4.270760210145144,NA,4.430956629326083,5.563587885975796,5.093766469998866,4.9251367168279145,5.834686294436048,5.307779704378822,5.664864128228691,5.605008923145517,5.379718596015301,7.534315067220533,6.506690502278198,3.6982215370598457,3.08293173276614,4.73943669263288,4.25241658257884,4.329182722866305,4.2936491223470075,5.175804116213593,5.589108151603835,5.283632114699372,4.535026608088402,4.7813326420918205,5.480507308765665,5.461539105915869,5.5746531010490346,6.295185027108139,4.578349060860837,4.63069031483088,5.207110312081183,4.959716621363697,5.468834254390502,5.403990240454629,5.727865265845636,6.543685083511886,4.765471728980146,4.063177855720217,4.675911229210484,7.455134297624469,5.563340557985637,5.0696336294352,4.699169095359007,6.2611943836114845,3.8352920618232713,7.079678730479958,7.812533436772388,6.05411740199667,4.410108359053698,4.151328115076178,4.719334697636941,2.9379815662627426,2.963392962633533,4.5954233609083355,3.9871241448527392,4.112978225009897,5.304176736061692,4.556576649739455,NA
Nov 2022,5.886090001426462,4.574326176683119,4.644903380370023,4.327011216866213,4.035098690920426,3.9826987464326633,4.40772416195859,4.772929248809316,4.5800656609980015,5.813007027474495,4.94234733788692,3.4645057193220397,NA,3.4988384058611017,3.7860698923037446,3.506513216021187,5.458117020668334,5.18740352646276,5.2461723237632025,4.329124613296645,4.1162002913854,7.64079839976603,5.689586465969753,5.82531774154875,6.441143323863644,7.237940759008286,3.983478435610498,4.002637533318357,3.8116833462862396,5.528259680530922,4.682701034371269,4.160827654766603,4.261736309996638,4.420039976891913,4.063472580422224,4.276245083085816,5.847245916556588,6.107666899581689,5.608912455951721,5.536231439962002,5.411769991653536,6.161530114268151,5.551552380899667,6.093567809966029,5.101428983079794,4.2044444058518655,5.920319170709185,6.424751845728391,4.473812885351705,4.698489586675103,3.146803455529613,NA,4.3765318378832125,3.9715909179019944,4.023307524961141,3.7039254278164138,4.6617835885949575,7.373665909415162,6.006572875636089,7.866976993580826,6.029677382905526,6.1826952546734315,5.279598654624669,5.815902678116148,3.2061992576849336,3.8201056673265383,5.1524439783684794,5.350292161194139,5.044206331605431,5.197688958758716,6.7826769150160215,5.955983087370637,5.278185463766993,4.472634316543789,3.2695456933874407,5.322048405793632,6.475085886738812,6.1603123040911125,4.1949724722223785,3.7479467661976003,3.7951810329061115,3.8871530032871204,NA,4.9777073167245725,5.485630046259451,4.120444732796525,NA,4.412839542342988,5.652767573629887,5.05387717649754,4.86581418394052,5.867472609696346,5.208201387913448,5.57587912049358,5.747854784133445,5.285549521442512,7.572120514753605,6.430004161392403,3.6198381812210427,2.975372727687495,4.845222633379981,4.27367907096611,4.388368138212687,4.30883952374059,5.116349402785219,5.528131529054276,5.301178893535849,4.520804237997838,4.710616581736949,5.537780954704209,5.479990006871111,5.676014392847972,6.179550713608616,4.622650207340418,4.533112961598463,5.252820924104217,5.036983267187969,5.4223416407924985,5.416589022731113,5.616246508065555,6.528945161649621,4.766254452306824,4.0437386844458345,4.618410166215887,7.382127380045714,5.537262091023512,5.070207476231073,4.682710289039163,6.262589303301145,3.9719074690421743,7.178258768124936,7.766476064795333,5.889321978978203,4.509146751353722,4.186864986013546,4.458168899910105,2.934880973250016,2.9628907010363053,4.4046749175220175,3.8898222802592413,4.1314769294560305,5.23918900999807,4.536424954006779,NA
Dec 2022,5.901801085487676,4.549768906009114,4.521592451962029,4.468434795686899,4.120775507376304,4.076572723912383,4.445767178402474,4.77958789323363,4.518667126881801,5.764954251767867,4.936873001614818,3.4922690826516773,NA,3.4739833063004917,3.787948771604679,3.4481097547984625,5.358226850573501,5.262538223479993,5.184079324918419,4.396053543924349,4.168331896015306,7.459804019390363,5.694001153576306,5.727392978044088,6.297966036003974,7.182820768260146,4.0357781731477695,4.034074038801366,3.896092732690011,5.53068926244653,4.6760639665969,4.111158856735905,4.294134521133355,4.3978484004608,4.116366621901444,4.240877735845325,5.830631583523954,6.139994593535184,5.673929792054305,5.41259105986911,5.381097540998228,6.088949291824857,5.465546076086234,6.132323663851941,4.909056871899947,4.261565776078993,5.870675364702047,6.376125648170002,4.469394741194346,4.720329029343817,3.110672322078629,NA,4.359848841544205,3.8927978183989813,3.991798749799119,3.6923200877285125,4.58468551680909,7.342478583202009,5.892496654282687,8.116591700194927,6.079904953593426,5.7191109550641706,5.256431919678144,5.765501727475814,3.067035884074902,3.64289225912185,5.177281838527515,5.363797995829435,5.140248226730181,5.193227779817087,6.951644560141997,5.9533023731708505,5.33869316174968,4.5680208137523355,3.273112847920212,5.277184708416547,6.444003020816104,6.169680680045027,4.150725613098943,3.8780817854376206,3.7530896196116785,4.056810895842976,NA,4.950238687110378,5.304634066820771,4.1212152309304075,NA,4.36959334039156,5.565150873995427,5.26720250187088,4.812467797025082,5.802003018727814,5.273810911145018,5.608229808753264,5.611015717319609,5.19652721628014,7.185857976684303,6.455402725860595,3.595666970689339,3.0347272508312146,4.761417229474627,4.278934560688525,4.507305491968308,4.383405178066718,5.229886341858787,5.485155717296477,5.325664020094373,4.507009135773017,4.561429419954715,5.5242766485311,5.569981434366682,5.484752911140642,6.334481279098884,4.684340571298019,4.52740774869017,5.230052922608436,4.887642509407174,5.373024400257524,5.446724781709019,5.609724711860296,6.509897098246856,4.800714934937632,4.065857764376078,4.630433533310196,7.569343428817862,5.537377143425888,5.047456272600399,4.644106570570042,6.155078129783126,3.858152606813468,7.075956643876837,7.724246189620542,5.770261951259235,4.503495583603325,4.0426381946191166,4.696294131024522,2.9572081497666973,2.993629414251365,4.504349247518498,3.9523538050311293,4.054798292889768,5.296534937917704,4.55113057730863,NA
Jan 2023,5.899504937053699,4.4529813511489555,4.618485917426562,4.305233100921503,4.216127002238157,3.983136107691094,4.393213078459799,4.684732908191953,4.460825647980863,5.7269091838074795,4.874383253842573,3.3425748067301995,NA,3.5027437151056446,3.70760821174082,3.4143870442409168,5.330462352211784,5.269761110027311,5.253968008059721,4.246015049994861,4.032844632503659,7.44962370044982,5.638846875739297,5.728003726175412,6.19127955740323,7.224073277423205,4.010896625341388,4.025018240411502,3.7426656748379874,5.520603989357829,4.5447283801057745,4.073550914100546,4.183266333858904,4.377302185454755,4.19375443304684,4.2376749410933865,5.72077478637326,6.126332904788611,5.596462593802261,5.312998465920178,5.313925432802476,6.060461830102015,5.495506731133456,6.026216242629565,4.951691725501924,4.278363250064319,5.8466472604037065,6.414424746630291,4.267426967080814,4.662740550570158,3.142044286036017,NA,4.298878580409835,3.9744935231946856,3.9666007593118597,3.7333749135481393,4.62198998581886,7.408237074680459,5.855226168115046,7.894327895983061,5.778350713572641,5.757942590736012,5.2760210254044555,5.7111379821721355,3.0627952679700376,3.701583967906292,5.161824944902195,5.2513210257515,5.041886803088513,5.178465552301555,6.942716927626871,5.856040213539787,5.394566772712938,4.418275716898861,3.3518057981675415,5.288077349834959,6.418818321035313,6.390880955156206,3.9874218803189065,3.6985021346345155,3.7855377894217628,4.203950772324346,NA,4.970732051009037,5.400172474153155,4.204795363113391,NA,4.300501554805775,5.593609550993363,5.2125379304212,4.756530285210248,5.935042037318253,5.203067114936423,5.58844261791902,5.723620742743907,5.35571052411645,7.349431409008828,6.17842102182112,3.6770341407846057,2.9312827814339784,4.772635429326367,4.2716970749438214,4.463029314540526,4.542314170605471,5.084374076566566,5.5334790699553755,5.307671807095208,4.591600849177743,4.588267929773002,5.410053995364123,5.394598672922599,5.7163661865794495,6.536567012586672,4.508998001188601,4.463626253577585,5.136092269587125,5.098580964743643,5.436003881212462,5.359076154618197,5.731611534968556,6.367403392762655,4.622300961083293,4.079149870680169,4.4885346325881565,7.221371536448135,5.578649335285989,5.021337551167909,4.661704758793341,6.2537699629365395,3.9655691853018684,6.947461813101988,7.605212625811899,5.805957775067175,4.5235146811128475,3.9736973502531097,4.789640896740306,2.894056618277691,2.995585290831456,4.55401013058344,3.943903034088308,4.228742974568844,5.323890368879517,4.656335615069044,NA
Feb 2023,5.839819823992756,4.5305779974493054,4.5004630772365815,4.349563593188841,4.042340610911865,3.8175415529315324,4.349995868433959,4.693863584783936,4.509459587080348,5.641863414915025,4.889175650053469,3.5508346570687492,NA,3.480860333127134,3.816550773931777,3.3011226775529807,5.231472745678229,5.118422148897272,5.154012441145802,4.375972167030408,4.067556654313287,7.3865549367743775,5.456351084485371,5.76701352312014,6.15211563028167,7.109318217744758,3.9698552080075924,4.009681244150119,3.7977427826124335,5.474334157025903,4.631826991825469,4.0083293731236775,4.29348650482582,4.3610693859276815,4.200349513753366,4.189203973194674,5.711058500156725,5.990015946261428,5.604544021833654,5.433548810776901,5.2732485907192945,5.87579916067105,5.34431545173051,5.9969884369627,4.894328063321279,4.139765128032737,5.804045888088957,6.347553420684887,4.537621808399657,4.588690609846504,3.0919854545043393,NA,4.322588710757017,3.8894648971186805,3.9473918335822735,3.645814975682072,4.546947088628987,7.36227675225885,5.771616021892475,7.733095393931312,5.945819448027937,5.762123631478991,5.210886061437194,5.664747288909412,3.15259975952556,3.5762590774796967,5.127968152654812,5.215837156793428,5.039418163644041,5.156123299217027,6.973579147644935,5.7387591263596525,5.294416872553492,4.451444052554148,3.3973593199622765,5.25945610495352,6.441598293892295,6.097506998169599,4.101749094703264,3.8893519401891874,3.6914809607008263,3.9181654118443285,NA,4.838590403128057,5.208093479623044,3.952668576692292,NA,4.383791760034562,5.526266338599416,5.126597001061614,4.798813319679544,5.8097338650708705,5.2479840060464396,5.54908938442271,5.630548868253316,5.3429191462060786,7.415208430561113,6.410227087579148,3.6908503605790672,2.8406891845962967,4.761539402111754,4.214238150721709,4.376588153047611,4.5009484455762925,5.110468411090527,5.5161148406136755,5.205265691403895,4.510330168875571,4.605218433359266,5.4521455265007805,5.304184208162582,5.807006650282309,6.4102155484046675,4.777166798377349,4.375553121714216,5.114027415917161,5.142506738150572,5.271597446564204,5.276511457015827,5.5378337375284685,6.3161937109019695,4.597367097952212,3.855021145192018,4.458660195034032,7.410667126362244,5.5311262748017045,4.875482753431128,4.662732401833189,6.481223829146819,3.864759796829687,6.963196066696687,7.59699571126798,5.671317671503813,4.432912559666049,4.108416891707582,4.788329409565332,2.8182422913116647,2.9417817880390973,4.555237355942742,3.783750339362475,4.291744879155311,5.208855270396401,4.4988351035858365,NA
Mar 2023,5.782757496834877,4.467016109620224,4.536877342585813,4.217175088414353,4.277979724748621,4.145823912790583,4.3047047670866645,4.615943029090135,4.512901720219158,5.58723278153292,4.7821342893890275,3.3483261165285643,NA,3.5447906583468556,3.6749078226444674,3.296283673501531,5.174657992652375,5.024500620604356,5.09020383174833,4.294935265316186,4.007505602454915,7.330569308108704,5.511122211593752,5.637230733567579,6.256195733817648,7.114326644159422,3.992619101892299,4.036692038150931,3.6972986595343107,5.386931226195579,4.652509116072757,4.179186786708141,4.133827372459658,4.254051610326322,4.093600958098048,4.0547666398855515,5.71440891362845,6.1074258529634164,5.52813067454048,5.188424527684936,5.273140420779155,5.718861065645958,5.470008715604993,5.857512174596214,4.9166517584092135,4.20669443855934,5.626505184659729,6.3087750512891585,4.482924571438834,4.563170996517054,3.014531714309574,NA,4.197742112634847,3.788542689824675,3.9403310739131348,3.663562495200846,4.481916542002802,7.1744068873543805,5.673718007747248,7.7389708274331435,5.974873580741097,5.734355172322188,5.159875515285397,5.687926174446605,3.182122499066074,3.728663656206655,5.068804309081542,5.243291260071875,5.018857841637381,5.066758169005614,6.797013307922454,5.8436367046874915,5.2034204124382795,4.344878145984682,3.2778644832163533,5.219490205290891,6.448795632601929,6.081918814126614,4.137129770132527,3.84136726982697,3.7694924783895454,3.8636668533774334,NA,4.8555370365296335,5.27527634194186,4.074561959161903,NA,4.195727778207404,5.376157834914914,5.127915159887982,4.6223599903341,5.627337242814106,5.115939269787826,5.543639212956313,5.540987353537386,5.473218957673699,7.535019230586918,6.5096894321442305,3.543559114376457,3.0051112069008417,4.696734951072121,4.178955947057731,4.305227876078287,4.352612462097455,5.022665213439639,5.335843376753708,5.23771421620846,4.485984952423183,4.637022316301748,5.452501816097827,5.480096084144026,5.659683977211787,6.366570637732184,4.691142358650707,4.3564358849756655,5.029291878600262,5.028772413564061,5.254522805114715,5.289087574347546,5.596955815897605,6.365047503118864,4.582836732213333,3.9160602444385604,4.6694566981733105,7.21318247388143,5.382626075421844,4.879557349140735,4.677779618159347,6.134829955332353,3.913656865224826,7.007772116839057,7.529621670966475,5.691183594072716,4.339796973897994,4.134276227202565,4.70439739006445,2.943966564918592,2.927842608109751,4.513624218257848,3.847371010406886,4.167395377948639,5.406192589582826,4.4853095083059245,NA
Apr 2023,5.790144079988677,4.454561187662021,4.460982841605186,4.230212128396607,4.163765808451507,4.15758869370028,4.381392476344483,4.5846696755158565,4.468927996559923,5.568129110410537,4.829198161735066,3.3539180846228316,NA,3.542241842239211,3.7594991431787363,3.465116198541867,5.265523332178169,5.109578010801768,5.112942951267497,4.390892068429214,3.967991768424991,7.359936634722543,5.520574215422761,5.555225548841621,6.184924060318542,7.102803113947733,4.000328988790867,3.9810587606308965,3.67398090255481,5.3747087149149655,4.554374784211918,4.061171934119226,4.309476987227202,4.36960449536643,4.043899159103554,4.275786788005453,5.68540843975597,5.7729425628238715,5.530144217880867,5.240968905785246,5.206488744923873,5.811941712859987,5.278124332059653,6.021543040903048,4.89864621465978,4.1509986079442065,5.6948264193433,6.415947951238117,4.427260727456762,4.705934691420941,3.0682018418628756,NA,4.301042295168559,3.907707271649139,3.8868600819523045,3.7476090354560703,4.499323416798261,7.127126012449451,5.992594074737892,7.835328794483847,6.225279721094677,5.793831699445971,5.149655329249146,5.600995690990329,3.1494793095126026,3.5439651335303135,5.034830739048594,5.1647251917927015,4.926430005581824,5.0482549959955385,NA,5.696248785564756,5.26745561302772,4.33382229866088,3.347632495891139,5.12865204069234,6.427186597508328,6.091791844090008,4.094506816834716,3.796904521825602,3.7118993158392173,3.8975461285846005,NA,4.913896286866404,5.56134797189337,4.057256849393416,NA,4.212072051840676,5.30270801582203,5.093420601055925,4.791220791460172,5.614209385729229,5.010059127025912,5.438472501894835,5.817119474225407,5.218877937700432,7.333921769384782,6.488739769427981,3.656555902754329,3.1141491424221033,4.725620744751764,4.1361961018199755,4.319886925705933,4.359396756988714,5.120961839847909,5.419931657948424,5.24410766580726,4.362226083662964,4.666486022539919,5.2985912946462825,5.406794530148251,5.662616771524084,6.539078740662482,4.864325062953307,4.37804263991918,5.0844648642826495,5.07256062348177,5.267253173451459,5.240431300305268,5.582574525416858,6.424726091331604,4.626151249658457,4.030271971240209,4.471004916627954,7.159844543091032,5.422880735727978,4.885744043639502,4.519061012952815,6.392506246829483,3.8547985318219937,6.821280036168042,7.547627173640867,5.766483438551971,4.39357071182074,4.14896953811451,4.711339913227695,2.9666315227565065,2.880426443968549,4.481838530530513,3.9876115672878045,4.1737092215228255,5.345415237039884,4.448786269303213,NA
May 2023,5.7862142516002315,4.510111727124083,4.394278034014949,4.297615507416897,4.2542048838036335,4.164545666563704,4.334455553576639,4.666244774773785,4.535534668316594,5.543297415185396,4.831330313515423,3.4908306723750715,NA,3.4323111092597296,3.715348701962335,3.3843500192730307,5.143120494256742,5.0899818113908255,5.139113530609434,4.37240576523865,4.073281395263167,7.3532314347251875,5.382667619396085,5.62692686710076,6.082370293663281,7.1047438927680044,4.0157229854676215,4.079923294696542,3.712456842499652,5.4135205571385585,4.644856743749914,4.194647196112353,4.2897550874994135,4.309362499358819,4.079969017718656,4.250435440677295,5.785096008782945,5.733399296887658,5.423120525495556,5.192950213614598,5.259522812030545,5.7566542561881215,5.308939636803753,5.91509299653351,4.773214570816679,4.232236055245101,5.607166643963415,6.256468808545727,4.485900374538837,4.712659963545765,3.0203550041947507,NA,4.207965992356037,3.831917846568302,3.9194831047756735,3.6536182217571134,4.529013287809633,7.1621453735046465,5.758554244515688,7.84125833105925,6.157140821084147,5.985871032202227,5.121718103781664,5.6627477609605394,3.1296472466661713,3.699312799726155,5.1224967649827144,5.148537433765459,4.966771202094437,4.979807730742422,NA,5.847968790664355,5.169178643221351,4.361301056852951,3.418794281847791,5.185643753212739,6.409384194799293,6.0940815899138165,3.986701365071097,3.905686405011612,3.7613521113898343,3.926591414947229,NA,4.856157838785687,5.563350476070121,4.321799378018727,NA,4.320770625400858,5.5660750729422075,5.108659189027627,4.828669510045173,5.7806979567069785,5.220609806035842,5.41414215936147,5.603295021570754,5.416354346346685,7.103235765169228,6.623931034523212,3.700776585958755,3.1588799859481793,4.650769831485546,4.194376370140262,4.350132788230053,4.508053866955783,4.9753834542266,5.219110801353714,5.19225058404976,4.40183241637501,4.573371417530763,5.314135814256185,5.227050119292956,5.6206051962828605,6.2571002238511175,4.6689695640783615,4.462716645385206,5.090248034187098,5.0159767407044304,5.473226780400401,5.344364885563894,5.782185674453548,6.318477860637938,4.572608706236412,3.946847976592704,4.449596635512054,7.150682256516131,5.4502853941928056,4.919140597676448,4.652490609350555,6.330603421027141,3.8435340369663344,7.25710390685513,7.804926030489813,5.884869653244284,4.507394393418796,4.155116258318502,4.754009821232255,2.9478318297609474,2.8694866171219595,4.582048061217025,3.958110099106539,4.343468538572022,5.423028091609072,4.450409579322259,NA
Jun 2023,5.806704018504191,4.509616892927032,4.444409947403204,4.132420933385755,4.27167839413222,4.080482490196776,4.395017979184514,4.624363609869386,4.714414922857602,5.611792995619878,4.858091044550915,3.4693517226148862,NA,3.5570339889038363,3.767073643365278,3.4242471324303834,5.344731228158274,5.045634366599311,5.143667271546631,4.275932975177446,4.102712161506723,7.291294543159689,5.585502429482537,5.6020625230735765,6.253417859227044,7.103632354006396,4.07101565660808,4.0480050834899615,3.769591745565979,5.395045497626108,4.6280448026646255,4.084160005558529,4.275193295735628,4.348154279711324,4.200152608733485,4.225358452992946,5.749998521557698,5.7994000897757365,5.636827006994084,5.310398487674705,5.219034832604001,5.806117302278801,5.379322513681367,5.97378985462074,4.917789420869107,4.217259066787306,5.695093577955975,6.316181937842037,4.522991085881501,4.697040597130306,3.1838532855224035,NA,4.270092392022782,3.8793671516387747,3.965357763670286,3.6718606027794896,4.484892226324064,7.360310042368952,5.7318567058091094,7.503917523333286,5.903957196930431,5.993198949169274,5.191481801638151,5.7732988566012695,3.103345574096861,3.73230406566058,5.028096714546196,5.190576854401614,5.0286429398668595,5.086223661441611,NA,5.7353054953879,5.307317888281521,4.512373067332849,3.300942665362756,5.181586627315114,6.415735745116429,6.424826894751154,4.112758773465849,3.718045175355142,3.723194143680636,3.889598885952262,NA,4.8530842892934745,5.265622136415466,4.255321257713775,NA,4.323563917176067,5.609012175893976,5.199707959060802,4.820857029171622,5.74148096442822,5.142359947520616,5.4961464423025,5.536418687497938,5.322802563357549,7.553109011611685,6.662522054503908,3.6116515251780976,3.075090048323011,4.789400717020918,4.182363073929302,4.385219101325357,4.443396292190567,4.961377739501053,5.34579205451558,5.240411154874569,4.523392703149786,4.630845990397551,5.369827013912057,5.372938802797013,5.895277782980102,6.397975912958207,4.597838777744218,4.645091728518335,5.073124583199842,4.909216371177595,5.30637416370654,5.228376948581096,5.696844379407647,6.3129473363300255,4.5860770688344,3.9979118614350897,4.57364981781872,7.350753263103629,5.49243382595552,4.964423727004933,4.613084550344143,6.291378535291672,3.899411215935869,6.923182851295923,7.7748726235378545,5.851304921360005,4.428963119980486,4.20561211436036,4.617681254203418,2.943441964236731,2.91192113929967,4.530462697727331,3.9452639058217773,4.209194491580749,5.411082226631982,4.5334260914795665,NA
Jul 2023,5.890314107567062,4.563609290030421,4.5292414687899205,4.4585739639066455,4.243512932335288,4.089373536697203,4.412949700305169,4.678431266063079,4.486767431951269,5.638700220904773,4.921439028091368,3.5061165183984127,NA,3.5728470417186546,3.7611244859503428,3.4288691424499094,5.31205268472532,5.134273429797064,5.300902248732857,4.357884719830334,4.081727289614995,7.297429911609524,5.449331097903623,5.726847740393649,6.287259773912328,7.110675520900397,4.022778425599984,4.140141115711324,3.7586238672998222,5.410246884653334,4.612422146191692,4.189976163905665,4.406332302211661,4.352501220174646,4.12241957147845,4.118676415909249,5.758652293271123,5.995908167286822,5.51784197902314,5.351210202840628,5.250313519649483,5.880187588968384,5.396475230702525,5.9073580710279945,5.048066006845649,4.298804116474612,5.67236942689378,6.3725098617153355,4.477230216257069,4.670748990438613,3.065281416811472,NA,4.330921992898915,3.8950929177049503,4.025012930846613,3.681619324395967,4.5385371411705115,7.367533558220581,5.666696512385182,7.650940868652533,6.2098393651756325,5.851524118465748,5.191292187910629,5.751357872757264,3.1067275608473452,3.7321983203411975,5.114410773457625,5.20924273050828,5.008837304160346,5.1485185586056605,NA,5.792956059486846,5.251527471821902,4.5289499076001976,3.325886172564723,5.136028535279618,6.496630337367478,6.196161185274654,4.181112847407773,3.8624695436278835,3.7481411975977235,4.037504343860515,NA,4.8566088433551915,5.195084647582316,4.244931065335871,NA,4.430255783760955,5.540535806166523,5.132867403636801,4.757169081965438,5.638182025055457,5.268954728042983,5.667090764877012,5.6088198485443215,5.329415582269787,7.567143795525294,6.501358365793714,3.6855301493896593,3.091872095230812,4.735284626503445,4.264968453317881,4.419013142339057,4.397270346156561,5.018584234100176,5.189541548516125,5.19514345204939,4.402117204920224,4.605317409934794,5.4116608388787,5.451651466745711,5.570196160409873,6.468973409577321,4.46393068909216,4.511851705983418,5.178212952121949,5.026239967595752,5.276638985767871,5.308684337643098,5.906899277393001,6.31157987625977,4.808554173032405,3.9991961214421377,4.655844555538322,7.414632044990272,5.460454349140374,4.915782034455549,4.549473228227603,6.380026409773732,3.8815316006398857,7.005799903227951,7.595737972739848,5.875270714512958,4.44587535922162,4.191985820191563,4.643378001229848,2.9779227332556606,2.8566312845545827,4.442434255364231,3.943675104529915,4.027937426669837,5.484174690004857,4.623903590585598,NA
Aug 2023,5.858607036525904,4.521934552814927,4.541253541605934,4.3221167039616475,4.219269138107956,4.136897018798977,4.429336944563655,4.7249637236254864,4.384934518451366,5.636022765795976,4.9203857295900795,3.421337403446188,NA,3.559384071065213,3.8511550453928893,3.5064942022579118,5.294191208026557,5.112498566202484,5.1846119473153784,4.3896567502483546,4.124737124695609,7.454481878933841,5.458455622538642,5.737313216581342,6.2498592273542295,7.1251082768691685,4.059318217823774,4.029070877729375,3.8498638337473152,5.438129963575519,4.701572369781025,4.238727467338439,4.350906777400293,4.413382360076037,4.211244899553022,4.3571225309735055,5.730013709727445,5.884964213158367,5.548517166740288,5.274231307207422,5.306699726391791,5.967805106252611,5.568416956693224,5.880931574285477,4.981620600516313,4.26733304026756,5.609616384965526,6.363571635954047,4.57728612204046,4.60970774263787,3.1637612550596668,NA,4.385472694579224,3.9256312461667213,3.957483624359887,3.8013108622439815,4.572189999286433,7.4536557214684915,5.738002755600551,7.924223770210271,6.141828367132529,6.0095909168870625,5.204185362844417,5.862899023527918,3.1939413562387706,3.746759988085024,5.120712038983471,5.237647619009871,4.961085435679178,5.1674648171678506,NA,5.951190853324598,5.283655479933798,4.380871570239134,3.374759944356329,5.14326617056117,6.404636204347787,6.2743138592316265,4.065758696150435,3.8568886458927802,3.6888900288715667,4.003939899528142,NA,4.851793833048955,5.454511270627895,4.221141757238275,NA,4.348552342760896,5.6399812177456,5.318656613272327,4.926938989115619,5.619375654956225,5.207091357651152,5.584612303474905,5.4905867911839445,5.215954265714828,7.379373253568709,6.758183566674141,3.681846948549428,3.1005436680076377,4.802757115539037,4.2459542448972085,4.4157427843390575,4.4132480844376225,5.0218644300128075,5.301119893337647,5.203028301895759,4.4689414985422244,4.704678886062054,5.337594468678604,5.295802633461677,5.4919964114842825,6.3302965391257295,4.558447425005075,4.515230971475233,5.06759522843639,4.919361479117653,5.3609971144628314,5.299350551464528,5.921991501269018,6.2565983305161295,4.768971680886377,4.1003238080187785,4.481418988195071,7.455168415071156,5.402235471560713,4.94545872428701,4.663713312075212,6.36876052853635,3.7514074050130506,7.0989385516193915,7.656698138953945,5.7417783100564055,4.54316460357468,4.36048154900212,4.660457911081333,2.8629559401707096,3.0356098973339414,4.632184715339626,3.9772602486192246,4.153317223368835,5.315806172620812,4.519868402523127,NA
Sep 2023,5.863066997835137,4.441265843823506,4.51813120582765,4.37733079448196,4.313116300652561,4.0810970657170085,4.480203020146914,4.652791448049037,4.275022005275396,5.639553276470685,4.893927043697785,3.530167703968269,NA,3.609334550460604,3.7990429483976706,3.4462920277602898,5.222449783566614,5.2184382064703385,5.170554337501589,4.312148186793515,4.054763622149148,7.477633508062355,5.402971775432137,5.685040536266909,6.250727844689043,7.32708518266981,4.054598957503619,4.00942990046498,3.7858922809673077,5.4110749392603985,4.718612016229933,4.166865765570395,4.23682417169131,4.410822485090264,4.239077844624262,4.218511622291452,5.8059686528816306,6.011186087359985,5.5114627813866495,5.326515660009731,5.240166575126239,6.01687599328512,5.505491915986571,6.0403935243077695,4.786657627516119,4.287165442964647,5.710614205354255,6.330646476807657,4.49131926713026,4.58591670774891,3.1406516569474565,NA,4.280239174627169,3.8631500131460648,3.9706440303527573,3.6745929719847448,4.576564948678807,7.422534520937964,5.934865970624522,7.65306848221551,5.868788163584301,5.920792460809991,5.166885601030745,5.745749977669612,3.1301439719999062,3.7562333573461486,5.1162362537715325,5.201266660153575,4.963089869898335,5.141657987217156,NA,6.035589406257766,5.193654142414604,4.445592491090609,3.41852315927049,5.2118548792367845,6.350124285875968,6.183029874743867,4.161163166471663,3.6807753179727474,3.7881041666463284,3.9922288963393786,NA,4.917438256466702,5.378389443465503,4.258510439715741,NA,4.437708330078422,5.664642800841156,5.176456111414829,4.894370806293958,5.765535525103929,5.12133624976945,5.555256448705493,5.621725294827966,5.246771638003091,7.6553876159978875,6.594698505612344,3.6955760524684114,3.1021091856456624,4.771400934242866,4.323585165136314,4.378504147006101,4.321762846762562,5.011585222737212,5.361779278427076,5.242310040071412,4.506517477648677,4.653405510370545,5.311027582447518,5.278200190435309,NA,6.308982046882152,4.3486301610909335,4.551034793941852,5.0922837648951225,4.9843313110822205,5.392172044616338,5.2371096603391285,5.800905045056938,6.348791595499506,4.745811884155468,4.106166934365633,4.632453251842473,7.308034723796501,5.384330375333441,5.0536168869192535,4.596919731881502,6.193387866899313,3.8161791741570505,7.0793990226853065,7.668820525630049,5.695351326750533,4.497812096241497,4.157686783735913,4.506144414818147,2.915435135897988,2.9912207920130296,4.486859448321075,3.968537445691735,4.233266298772145,5.435249788010207,4.4906545705714365,NA
Oct 2023,5.8410655171294765,4.484450521206076,4.524902613502763,4.41121757478303,4.344038591322394,4.105338498158904,4.385329848412164,4.68835738616019,4.241602853458996,5.617960429267078,4.86212426537048,3.486569929427843,NA,3.492721555650332,3.812420649059942,3.4699838638512768,5.245708876284811,5.119929482380343,5.179606238031192,4.339917851020631,4.122320065779955,7.361660592640962,5.470098517880603,5.667795908526163,6.304771102784831,7.186983247113785,4.1020305977678655,4.05555891464611,3.6976521708346937,5.456774378610527,4.681794196358653,4.137888074126009,4.211120848489203,4.32936029708527,4.128511389386616,4.251590758608029,5.682911305377431,5.8526337666029535,5.561950471443144,5.249347732870537,5.228952621806436,5.7567431457809315,5.553390897451496,5.860281099869267,4.907536242183957,4.257829707182581,5.717014500656981,6.224958115414455,4.381677665078532,4.676811081767297,3.124697558822205,NA,4.2899039976644335,3.908931443023509,3.946778477099859,3.6692337895068254,4.406414169861478,7.313121278392059,5.7825803915451255,7.961067150088289,5.831289292166207,5.845125338829386,5.237624744692594,5.846343357061591,3.2488582650397135,3.681430328753423,5.172967092793696,5.214279404820526,4.978346704661988,5.108481047562733,NA,5.9318432205787825,5.2040973951040055,4.439544022819186,3.280539897914552,5.114291838436421,6.295342972902733,6.181258468841783,4.0375710992401945,3.933644065422252,3.861072485922149,3.954129745275036,NA,4.826827153297252,5.158255354862169,4.124917177704522,NA,4.378541777432704,5.717347357875203,5.081823030793257,4.8707937632186065,5.721122986033624,5.216752900353506,5.571321659028596,5.552152846032558,5.248813586259669,7.529417981129379,6.271113941157469,3.7250886619299157,3.100846239682666,4.778599804926636,4.298547642560718,4.442417022870168,4.39572638586949,5.006684322784574,5.136233596270774,5.227128727288857,4.472111871153286,4.678151215357988,5.416385889939796,5.3462999240311175,NA,6.336816898588648,4.604242659279914,4.502177549754001,5.112855082647623,4.768061904733547,5.288400568108398,5.263837949346106,5.830788445459397,6.261194279634159,4.759161921744658,4.151681301532066,4.542221398013392,7.28225388764521,5.384801455053903,4.994204448261257,4.584195148366993,5.934827786169764,3.9225010796805297,7.028889779464209,7.596256680264461,5.913925943909934,4.507617741022326,4.2388009756933265,4.387691013444976,2.8918085296109126,2.9717173645155452,4.416401601067159,3.9141969943406743,4.324921732563745,5.453600130490128,4.390558265901687,NA
Nov 2023,5.719182036568274,4.440507168914709,4.4770159752400955,4.485720402084748,4.07262363427395,3.9396332331761412,4.475284715730387,4.656087495203893,4.27784713116697,5.663907744707338,4.78406614541526,3.4363536112123696,NA,3.548511515368202,3.888367503568521,3.463965592825902,5.125429378697699,5.093871247000418,5.083444072285759,4.39166483349272,4.189905744674451,7.334549723605957,5.3256828660697,5.626359193753708,6.169344038431114,7.251737644497811,4.031762428286945,4.168498191111516,3.8915931485302417,5.401627458050324,4.617811328601937,4.2054851348912985,4.340779167387935,4.308052720543174,3.995537339057449,4.392384667813704,5.65047565105078,5.856167075277693,5.4159958713678975,5.249852278988574,5.122455413902761,5.82757928578944,5.350359947931685,5.796161150514886,4.871340520741489,4.221022862580067,5.610731928723016,6.206348981298225,4.4497772667032525,4.626014349993876,3.1252347804763616,NA,4.262710927000191,3.931496538162945,3.92090837188767,3.6392310908323013,4.5000039217711025,7.168355658364136,5.878889498911399,7.757519493391892,5.816951914507757,5.845003281440772,5.213512664504185,5.7098566872660905,3.128882888894189,3.7463557486533836,5.135956233307778,5.178693934888026,4.9586876551976635,5.011290195985057,NA,5.765753488145463,5.231619564504714,4.422349827631807,3.14460396933706,5.084241521414584,6.217373527721768,6.034161451574608,4.118908326860602,3.8594927945579216,3.7992049788361433,3.9930584360610757,NA,4.786909764075801,5.104967584803543,4.10005759805028,NA,4.379571942372282,5.5883602920647855,5.0919347690749435,4.8611323073625154,5.653279178044207,5.160050339593191,5.555651704706692,5.55890264606663,5.43814265707499,7.337838544702864,6.460566791908144,3.700209286367234,2.969295598059701,4.783062886838168,4.252814639896401,4.37084428590175,4.521264808834911,4.925627562827868,5.301585449036887,5.152779308405791,4.480812808589393,4.534850005624239,5.5123750595730145,5.34773618905384,NA,6.035855310208028,4.644540997185551,4.373309774034641,5.133081281856265,4.877273924022421,5.232845946091007,5.168610313278427,5.776492006511129,6.400489498442539,4.666484257838765,3.9527127485076496,4.49059155662382,7.255718820472517,5.413761382128348,4.877898860972611,4.49914175665351,6.2343716861044065,3.7177628556107436,7.090572218154515,7.549809059999171,5.625423777541139,4.532063867595742,4.1674659643707415,4.560247672296332,2.969948042531595,2.878969412247965,4.639172730679378,4.012563371521759,4.227009079471983,5.389262054768241,4.421436114938471,NA
Dec 2023,5.655090037000227,4.480277435657093,4.504729309559982,4.30127143354957,4.258516093168986,4.063739200852493,4.353464747763453,4.61933201097031,4.28621591429391,5.604114511847724,4.798855358958155,3.554821038400915,NA,3.6519131686324737,3.8312986768965662,3.3923115382788627,5.077406193211762,4.876127967758794,5.010928169979772,4.326889032991972,4.1433857447813445,7.315808711008967,5.343275562122759,5.563622112732414,6.0059052862291,7.174733298296633,4.104144048368292,4.172554745218129,3.7373245157687394,5.30698697280375,4.719696102095708,4.086299895778878,4.492506188995474,4.386373041033966,4.10595770733507,4.264615839098728,5.703978910730575,5.7963726369613155,5.7011503261085545,5.143783625151041,5.186848684272563,5.8940633971279714,5.288113104325706,5.673472760707756,4.805662144323098,4.256085407321609,5.685813267696892,6.251112148470185,4.405642452085992,4.662124383406951,3.181641150542733,NA,4.248979873871663,3.934000274237009,3.9110325771185486,3.610982735235456,4.436413045593841,7.172797364953689,5.810039002926018,7.711292026630956,5.935917911472907,5.892859202116065,5.103447523042432,5.668766306549811,3.1605875840877213,3.6582946493960082,5.080310868197144,5.043844235262928,4.921954806971613,4.963872079158963,NA,5.808035895818782,5.076841714040154,4.426336059589037,3.386020084152927,5.0842601293960445,6.203591071509866,6.212719339213439,3.984211080377978,3.724522513493068,3.820605238722215,3.972953292288882,NA,4.81864718122958,5.026429498173316,4.143413186044321,NA,4.309250800313502,5.690649404974766,5.140870475763646,4.837698988581729,5.570207259279325,5.01176492317204,5.450781725158004,5.286739273497045,5.326418137174455,7.558961317824049,6.4685448552845335,3.6708232262059144,3.014098061846941,4.881408900326976,4.258796539948949,4.364789925669137,4.359692683260464,4.923819904157685,5.160380236627966,5.14926790738976,4.465884651556511,4.530460602215687,5.236656205614958,5.151320088868652,NA,6.38197440064691,4.6501255176882035,4.435635310354353,5.031418929052017,5.005074977659445,5.266988858686975,5.23793095971916,5.8465825701030605,6.169367841830706,4.642882923258505,4.147996195520388,4.4621195943373,7.173031290210311,5.376843551114696,4.888680370285096,4.464334850510088,6.241680903730619,3.7545711423226917,6.814557056603427,7.614079926383922,5.847955661507112,4.436151329410487,4.24373890682465,4.6450579949377,2.9741661108889588,3.0299919572830234,4.4984893026260275,4.026468201198133,4.179376350059129,5.299293498209287,4.452109901713847,NA
Jan 2024,5.772032001361476,4.367856919973683,4.46831082387572,4.429914433865737,4.155966741279606,4.192270058103899,4.370512732053852,4.6246384186913225,4.392940540170258,5.576495531681706,4.818195780887744,3.3234357968799495,NA,3.509706798579133,3.766157234700566,3.5086867776499986,5.146743813234728,5.0225625722135625,4.952656727554017,4.415333317891879,4.111828061218172,7.134114494231267,5.307026857154585,5.563258073109956,6.276074446096541,6.945687307330822,4.127986848349983,4.0239793784703934,3.7502362239915668,5.344350831613439,4.48678431021581,4.192745799981707,4.228034760176193,4.382638979393999,4.179753152590885,4.2442237009341754,5.619777954730023,5.898831343666788,5.47054825196121,5.234408794641742,5.088084658941025,5.807583291821185,5.37655813218126,5.4953876396611765,4.8704485713256584,4.195901580350371,5.715587771506356,6.236438827066593,4.5760204253376395,4.67200139088664,3.044839357927155,NA,4.291186087302306,3.932338113327455,3.8973505870906386,3.712675077381282,4.421770713469093,7.374085800253861,5.7793421188839105,7.718624980343121,6.146643721427426,6.096629537450591,5.094712389518549,5.65519745544678,NA,3.6747513397811065,5.165854019902591,5.141512410136005,4.785491962178326,5.026257822608047,NA,5.7548172215622415,5.0014633329854865,4.568644610551677,3.3871475487009386,5.18716347160519,6.343847521519995,6.300811843727628,4.125183802356365,3.886942080446534,3.73981863358836,4.123198237924379,NA,4.743605722344196,5.000696182239002,4.186524820905312,NA,4.320446544020892,5.587727752932991,5.2286682938858515,4.912681884525696,5.560455365158414,5.084079177167533,5.468886234661934,5.441929645291907,5.3750263708564106,7.311469871280773,NA,3.624853780424332,3.091899324074228,4.6930405685947285,4.176143878598863,4.238036879773112,4.423140234296486,4.933250612390148,5.171981435125546,5.273388428323924,4.418534571444796,4.497667260860441,5.369327923773571,5.213555894784276,NA,6.67627082907475,4.575061636794418,4.492599508205326,5.005764296285436,4.783370095835628,5.2990419319967925,5.203618183223073,5.80553405202393,6.229028136691094,4.660464479267777,3.9476397396069993,4.4667730260799345,7.251211128186279,5.359072147801874,5.019800687722429,4.4366595770118105,6.086778148674017,3.8342409372170847,7.129837228409048,7.6792148663441395,5.8589204179717,4.500495433337401,4.273321857292796,4.746642349150441,2.82139454160518,2.8570040472497675,4.572671306903942,3.847385520119329,4.229511110276204,5.413104720798266,4.412778055973239,NA
Feb 2024,5.657000308591042,4.578637486289911,4.485778567386009,4.314804077218004,4.243335455674608,4.131570888364358,4.421307802626662,4.686336110323868,4.441091100153684,5.523111004022163,4.774928546962783,3.410000209398702,NA,3.5357094146460266,3.7449705129283215,3.496472886494357,5.196047250423335,5.000106604752794,5.044889635422865,4.4685337809879595,4.111286454020516,7.099932780341133,5.248371204325431,5.575861696001936,6.228791855198801,6.821272806784577,3.9218200451080323,4.085130608381069,3.697632290209641,5.337413047957708,4.623607328687578,4.1619600294261785,4.349704488918398,4.299259516240396,4.158155686409958,4.279794255835149,5.6285885758677345,5.804123408877399,5.571287629132816,5.040925998020178,5.1129669591503735,5.9064100832334905,5.3056499732782525,5.731463586868663,4.890504301905758,4.185983983636751,5.680884289231852,6.223716528225674,4.442708707925894,4.722443497459773,3.1613869998395887,NA,4.271493634084278,3.9534805580381596,3.9629941920889116,3.6800447884299596,4.466863171493495,7.198387348981471,5.82469802644796,7.819296366531601,6.190364552877346,5.869575949478357,5.124804198600727,5.658701357060644,NA,3.698120957548071,5.066574906229021,5.087239880809282,4.82131536294028,5.086017176188699,NA,5.826141680056485,5.081953662116851,4.45206354089226,3.301721434385485,5.18191734713008,6.17552920238624,6.027046340084389,4.105918800908984,3.787353060362993,3.7665255190343188,4.044877860845652,NA,4.772666612156881,5.390890156585535,4.250765720075816,NA,4.3420044485927924,5.717226888997833,5.292185029410205,4.872352833036658,5.617381662207013,5.075668751745343,5.4236608075712525,5.452042312367274,5.267226533475454,7.152508342559405,NA,3.6729111893996045,3.0526021226534077,4.715794506065024,4.238383138490885,4.382020397622161,4.300772483867723,5.013414220102833,5.151821762830742,5.097854600331679,4.452150791349354,4.5648907558685385,5.357107308699292,5.168111155669905,NA,6.686814202618293,4.6320337509147285,4.422797972441489,4.876504239127218,4.991773853209474,5.135028144968477,5.194224414883441,NA,6.30565648073612,4.758946379103687,3.997261839315995,4.538501792553694,7.074770037556658,5.41282699076536,4.914527201051388,4.445318329505944,6.383038653753831,3.8034660757664946,7.008252745789238,7.709246757793908,5.732716718087351,4.3895977074072166,4.070466844906866,4.613451990287708,2.8303578085440857,2.933716746715614,4.573932528618507,3.9722671287003797,4.390241908113504,5.408900522010162,4.34099155425847,NA
Mar 2024,5.744516312852559,4.463019223442691,4.47541284959269,4.377970226257088,4.225209946713407,4.237905078184437,4.405010994186584,4.615279873519461,4.490868787057571,5.548027722094334,4.713436471736238,3.498258909418337,NA,3.44176032704476,3.7866536027865387,3.4708037846312942,5.165022249948729,4.885336376808206,5.102632224060506,4.42846638618758,4.122798881316128,7.136830302178743,5.331922653595221,5.425569658999584,6.148418014872133,7.055006316716981,4.117051882775723,4.044260779483977,3.7334354007888773,5.394613167031806,4.664996832221503,4.258038555795976,4.27097293380081,4.377867504323893,4.176080264069754,4.19835841933018,5.6121072697506404,5.790115739058773,5.48762433329598,5.2342229255091715,5.169673185646878,5.704825497082047,5.273212748059136,5.6638627748572645,4.854053275888191,4.181100547657112,5.5421386057354605,6.176742446947085,4.578952467665765,4.630151328750641,3.122095741853782,NA,4.216505285364408,3.954794498377955,3.890276900087492,3.641284472184953,4.5634812926057515,7.002774333194394,5.9083781224148355,7.879487030934665,6.138718263431598,6.080789995523831,5.02094958316958,5.723617113362606,NA,3.7768579302958245,5.028051439975149,5.215360817036366,4.859135841106233,5.084040727624296,NA,5.728703917226324,5.178095958363748,4.409231652093531,3.313217930073104,5.182241685852904,6.20680361951473,6.0335907713659145,4.202560174444905,3.887746963158606,3.7988486020127876,4.099091767144397,NA,4.78478972585096,5.4823042287635335,4.258390763319514,NA,4.302115890062517,5.915730691327134,5.239426808160163,4.808871333866174,5.548378932121916,5.162984337353492,5.569870635221769,5.5928015005893625,5.317780455006844,7.327167211318791,NA,3.648298289486563,3.052021973747448,4.7666992076681005,4.257975546173084,4.381025220144715,4.48455106498948,4.987919015508227,5.240421215695114,5.131959845520768,4.543627611735321,4.611265382193895,5.119945834900146,5.233502246853584,NA,6.559247922506463,4.693309774075473,4.53648944149153,5.041441516300705,5.015950650561544,5.2177646266889814,5.196397811689534,NA,6.26161483580409,4.733633518959153,4.102644435783897,4.596814492172748,7.210803149819426,5.374537435551114,4.830536668544363,4.605036457677807,6.332180397389554,3.97139259569513,6.949155664224889,7.744022720561344,5.754065249433077,4.4065318172173535,4.272882706696092,4.6520605911250525,3.03017488015129,2.9032025838093336,4.629096430261567,4.072608804526093,4.478247977880811,5.402142476935499,4.441444980764882,NA
Apr 2024,5.765295771114849,4.5023359388368585,4.423210933905186,4.071787258489239,4.185027049557056,4.095745375724797,4.43262550965284,4.6195088341131045,4.528464578882688,5.5872569947871105,4.760000884091212,3.467675529696227,NA,3.5687733344893244,3.8200677934228193,3.4068363656382723,5.193863255066793,4.891314683159735,5.064728890902654,4.324541517267147,4.294473802615027,7.203593916453061,5.262474812010246,5.449558093530799,6.077523023291717,6.959709793396431,3.985309488443857,4.212929387816152,3.765248380994904,5.26166996492126,4.667118144390546,4.132055614265785,4.388514271445413,4.362284340279001,4.116275041744355,4.255924738765956,5.620373011580456,5.838612296109754,5.703164946400185,5.154744116485097,5.145065983330783,5.909469311958388,5.14685055520654,5.655118049839331,4.953640987473545,4.2420234796070835,5.60811934376516,6.237048635066447,4.466575209193677,4.511593343792252,2.9856465908970278,NA,4.233349468256117,3.9477828315601586,3.8520719954396765,3.7205182912021235,4.476187394689089,7.392173575631254,5.967018974984555,7.714178485481385,6.228500974027828,5.858451016864523,5.102409097328805,5.689843465806861,NA,3.779845967974098,5.077449236238703,5.204857608366299,4.8164819508511485,5.0688828798067735,NA,5.679364744965667,5.189401701566737,4.513506503578962,3.293089648414618,4.985786492461753,6.260881691532087,6.053803378387192,4.101174145330696,3.9662336019182214,3.774283997422221,4.124874846415919,NA,4.71644411412155,5.414949914376617,4.314026912031388,NA,4.33438584209427,5.92838810417587,5.167258894310176,4.904295468489404,5.541740477187168,5.0660160384431645,5.506124382695762,5.609926072078986,5.533741868997455,7.28440113856041,NA,3.665329697701469,3.209923744358171,4.741036282142992,4.2395163992503875,4.3694036258367515,4.614085340752615,4.989115315124008,5.19202638583072,5.164207492241707,4.526626115424163,4.602390023275725,5.330290627923428,5.253191496306658,NA,6.628027228194479,4.7050853126602785,4.5121250292292965,5.113296517521942,4.9576950231152,5.353691453702956,5.196260649710639,NA,6.311937568198834,4.740687730596857,4.01589952427675,4.5522689757984525,7.299112301099158,5.352593496733274,4.838501920285222,4.656819939047935,6.307121099426705,3.7419806596915763,6.99997134841985,7.729970345181875,6.118575894335204,4.378979090523232,4.318707068628021,4.514384088009565,2.831802033116984,2.9320271465525947,4.697451576784181,3.8671519038672293,4.444700868515696,5.403614979034639,4.545654863116402,NA
May 2024,5.7653533295574295,4.505149606284914,4.599572519280646,4.330387580992954,4.297628524743931,4.1997449316406845,4.416469288202685,4.759911184997421,4.5670862796502885,5.637870606174407,4.789394816349227,3.3718322732611146,NA,3.6412157628119997,3.8865167880736413,3.542031383163813,5.2183219611124985,5.042350367850939,5.124478132649298,4.489213915086732,4.198886420326075,7.236637988042706,5.426924223877144,5.558978272076809,6.202297832853216,7.028619645314176,4.055981090837184,4.194745689984579,3.75276163509348,5.4019839709339,4.712745721676083,4.1230617885483625,4.353419607467763,4.377100288205284,4.180595977527077,4.426947102546499,5.6241755392536605,5.875192997602036,5.598763412658924,5.158377234235281,5.179517676543664,5.8266942254787315,5.297238808159332,5.7270828556429745,4.935167486937081,4.304300552979975,5.6034301825200235,6.341395852116137,4.634633734647014,4.697339261494245,3.1843100398201125,NA,4.337485089313821,3.9821074257788927,4.035504448706374,3.6922961709269013,4.544485678969753,7.284811782435432,5.901893073714023,7.879680728070362,6.2044454228369315,6.078857280551975,5.125677230743916,5.749766287582332,NA,3.69704471098809,5.185956482660297,5.191069635071762,4.916934027758182,5.16401547006531,NA,5.876055906253856,5.267202699947897,4.588184304327077,3.252664781648054,5.0739369814919755,6.308661737126885,6.259699634042986,4.006180551430379,4.00264481162794,3.880631486863825,4.071375634211646,NA,4.83990968861585,5.404653346787655,4.2686571230585955,NA,4.4376028139248325,NA,5.194817589228665,4.911191516278975,5.541290066376696,5.1801625636570705,5.436250082575484,5.576895175733988,5.347492863728985,7.443030851890491,NA,3.6608053466365282,2.875438018768515,4.776169648554618,4.294490247218674,4.398801769114311,4.547753444171274,5.070719954875414,5.2769526543492775,5.200780326507155,4.578019503078638,4.748406822222012,5.238134517612416,5.2427155364103815,NA,6.523363307619764,4.656254741679382,4.529593076921574,4.988249802607725,5.067914721136791,5.348747440208692,5.249802800333542,NA,6.213446852746007,4.875974842726327,4.113179397943842,4.695465763195826,7.402291047578822,5.37687864733551,4.93045115369914,4.4733197481301525,6.513307900674885,3.9554018546431458,7.098527722510104,7.834732013873811,5.8364116319804165,4.482583751337076,4.290980739723229,4.750079292683931,2.928358504545917,3.031746481162124,4.591615014536092,4.045795997206959,4.471239456231874,5.521282309702675,4.593680714510281,NA
Jun 2024,5.801374533612748,4.5873993674453475,4.558118055433027,4.5476004802708765,4.303745915911562,4.176144384060474,4.490190059670923,4.684797059575006,4.4019401186682146,5.656315722722249,4.861547851864612,3.6029446650251677,NA,3.6307258939198017,3.923090200847723,3.5744491998839307,5.1754047414651225,5.069241097817196,5.229848630620865,4.531427841927766,4.21709434691121,7.247040026938994,5.446743460780069,5.52059459526291,6.2340519495481255,7.100235439575372,4.113141209017132,4.172793798814496,3.901511654669334,5.3278759047581525,4.700212044272636,4.252013008899757,4.370370630944842,4.520674843476698,4.32650245876493,4.274371236845034,5.620841515853658,5.883303773862454,5.480780588777995,5.2264212218172865,5.133502008010282,5.878682754974286,5.488291162929247,5.783557935037266,4.86963109934554,4.303658387545502,5.708745933750759,6.337443218792733,4.674456084990193,4.6846612010649356,3.169025281664787,NA,4.377597509482462,3.938880260078558,3.9720134475266478,3.738198948403805,4.506220123830287,7.2885064473320345,5.8597734718741386,7.818171649331203,6.284641159509813,6.07888815442218,5.104662491021267,5.726382199322445,NA,3.8244735170269264,5.147723623472253,5.221584630304675,5.076415467809096,5.146806250178569,NA,5.818408757460393,5.226061344813133,4.431945416377786,3.4466162801741462,5.136457955858224,6.319456645241021,6.126440759832202,4.089781060055945,4.027279327531198,3.820772054703726,4.113734910057426,NA,4.8434988257795695,5.255664760287352,4.3661615433884835,NA,4.4532049274709,NA,5.262480991194748,4.960489428500811,5.696375587098994,5.183220680577416,5.5490176191669915,5.563797084574017,5.382703818321269,7.5877684881255085,NA,3.7776479815751087,3.1848239941293506,4.869307473586982,4.333196058663849,4.5059663887751835,4.563349199819344,5.047380236106462,5.232182998800306,5.2799543936070465,4.585091977729385,4.802542737022361,5.42016402823965,5.416419498558205,NA,6.375455448849873,4.601449677308999,4.632117608637077,5.160886099524314,5.002149388359806,5.231107680657556,5.3440733447219095,NA,6.459763232216808,4.740459321940509,4.157856254586901,4.691863029473406,7.536716714866317,5.428238532516405,4.912452954145253,4.828620678820711,6.367837010092978,3.921634035312623,7.22411590854548,7.799154724287714,6.044119294408564,4.450144058449287,NA,4.769372523493099,2.951758332891993,3.00275871274431,4.757434413510748,4.048754052951095,4.2761433463768,5.487878257841881,4.615450365614255,NA
Jul 2024,5.829639542193213,4.5460924685298005,4.558419575965889,4.42773986256634,4.258529415999336,4.233258114126948,4.469316011616276,4.7366348508302965,4.718913301736049,5.644140788215506,4.87854301348001,3.5401192292346497,NA,3.5401309172739768,3.906938246851132,3.4983818869928585,5.301214589210032,5.104987335412961,5.110533779888032,4.513418323309743,4.281146612768141,7.301384118165076,5.525148849072085,5.486013842400488,6.29101156745407,7.288318812968016,4.12590548022473,4.115194103539552,3.9476349955679795,5.434960964083133,4.729802944258707,4.253672114963636,4.5402634568750235,4.520555334746056,4.310348949584004,4.373281503211155,5.720712410767123,5.925236139896362,5.540655373941462,5.200537398029531,5.21713864555359,5.8593309200737,5.347894482122742,5.84438569894075,4.9244310770838675,4.35801205112182,5.757485515272496,6.420874200936455,4.655196592925393,4.70528642999489,3.1232972168250868,NA,4.391656669148044,4.0485502669618425,3.9099434198493768,3.7112115347599905,4.519754756851356,7.472026540791858,5.801886703845584,8.204114140099046,6.247853279264163,5.977532092266904,5.186018459310702,5.7308811293140645,NA,3.8107458550890327,5.22070245492647,5.241683005298073,4.979158737557866,5.1372634067440135,NA,5.91837799972647,5.296271381142531,4.432493087331268,3.420524526838373,5.165493678891659,6.492968960521412,6.283355158846181,4.124566214898816,3.9815645589960984,3.936622542754722,4.1354461855115945,NA,4.862497252235271,5.368550258421149,4.320446279131152,NA,4.475831860491043,NA,5.36772052774807,5.041721131470908,5.590449026764022,5.148999695239363,5.476824812719061,5.611516621604715,5.379226114030854,7.648534243090017,NA,3.799137464094634,3.1340910218686084,4.748034209884331,4.281631769633898,4.4656967706891,4.666319167499612,5.033999267458983,5.291473329732459,5.314835195504445,4.587052495177045,4.625336902319343,5.354907722999375,5.30516490606508,NA,6.701078411882405,4.626868848486848,4.627087431113964,5.156405875391682,5.03762217695542,5.293092554571506,5.3605941283690965,NA,6.388460622698042,4.7876005020054615,4.1833586836529415,4.780005500729335,7.525477826293029,5.356744542344857,4.992773160947352,4.726818652772596,6.471461930167068,3.9631500599507152,7.09027557539139,7.935358447314957,5.903611918819014,4.609840346804359,NA,4.660893507307652,3.0998658392129714,2.934778513299893,4.674301367504907,4.092130694920655,4.2892887627825935,5.419525103402706,4.646741843445848,NA
Aug 2024,5.921185617912836,4.63263304688626,4.573788508638806,4.487800410291384,4.293230323340441,4.310025026775232,4.517280141626931,4.7392745189771635,4.588292390371093,5.663249809728493,4.894486698746598,3.6925516665391496,NA,3.6716443831208414,3.9952848890312045,3.599826575362575,5.3241892717310035,5.243670660308797,5.138592405899068,4.530030387170192,4.279143163655338,7.421286218242413,5.448183007586772,5.685225244896247,6.375545950357713,7.132167339547287,4.1128125609180906,4.16083957090404,3.9035181622494464,5.414033380723369,4.782674186128362,4.269399968279992,4.515098643293877,4.4945608188818955,4.283202660587658,4.298393026000727,5.840464584354261,5.998329646152613,5.638387230752239,5.183520463840309,5.2195771242683415,5.947776764837322,5.527953689601693,5.86975600070799,4.914850748703662,4.387793213994704,5.617723541719258,6.395829411775242,4.658821107993479,4.697192432152004,3.165745339125264,NA,4.3593418120417144,4.107217590245088,4.018737881309569,3.7357313331266884,4.572680879093055,7.5946141639204185,5.8590853881533596,7.930290280883881,5.967163924334928,5.972104298160761,5.136851541701271,5.6898164582392186,NA,3.7887742040048176,5.2233182607775825,5.28737350557462,4.996370853654578,5.1994805670365185,NA,5.946756133776583,5.350764409602082,4.652386528071229,3.4170202984482687,5.136699380380559,6.532608291449999,6.212400779552386,4.2103708169182035,3.9773937074641355,3.8966586946092097,4.1764240927006036,NA,4.8675648436219126,5.489352697119878,4.2751315508181555,NA,4.494223081871303,NA,5.353666338197231,5.003123632567187,5.698837103290943,5.1174752796736245,5.6671941834625095,5.624727299453668,5.343928412188649,7.614218839634963,NA,3.8094278000888964,3.140368095890071,4.836663242700202,4.355469086058252,4.437262418060802,4.556227405596792,5.050746445893303,5.312140893603925,5.4165367107673426,4.62705395576951,4.831426908982681,5.291115234826874,5.331372017006292,NA,6.558534676381211,4.604339987420371,4.706010655331736,5.161925421126807,5.078197614107283,5.211595449035581,5.330858098048597,NA,6.30040856908008,4.908771427353028,4.227020966777549,4.591371284060432,7.554096145489797,5.467956986679303,5.026300506383729,4.70624062262772,6.216485490299874,3.885621825528321,7.172177661965708,7.7623779111966345,6.142762534704448,4.618821573440986,NA,4.603295995501167,3.2018156185167106,2.971027729782293,4.677283967974897,4.130702960106979,4.39657590724416,5.469785867209674,4.5766612186270725,NA
Sep 2024,5.868413926678325,4.523039540822569,4.604412193090306,4.503787239100872,4.5140906012170445,4.161679674622177,4.504630252198002,4.711552987276966,4.507739290976147,5.729916194869208,4.82530117276878,3.6685912885731713,NA,3.7147178072382707,3.967227864428572,3.6502500846740586,5.310494985642515,5.037970349921539,5.1001179529375005,4.54389712673348,4.284791546939817,7.426457939732948,5.497534233790716,5.569962500171651,6.2472402879516356,7.28286239179286,4.1955469702970625,4.173069523843756,4.07129351385302,5.350188667026379,4.742722669371842,4.236645003085144,4.485975074781206,4.5160546028532815,4.279283862834679,4.345752792169958,5.77756554623774,5.931325376486989,5.651065586739009,5.345993546434283,5.266872582766023,6.134239888883202,5.449165474754243,5.80819618154243,4.98215811435953,4.378763998844064,5.752728560203748,6.453113231063573,4.629552863347389,4.782730557103225,3.2454731433105373,NA,4.389710245241519,4.038207402452614,3.9926972751164014,3.7057812472658607,4.544447666259041,7.483176932034546,5.781459536830256,7.934674386332044,6.169679710360253,5.873092732168867,5.164395374074855,5.6998747496076705,NA,3.8270233370843507,5.241183922089353,5.275843424774654,5.045062930840325,5.212560309339747,NA,6.012498697936723,5.222153933198261,4.500071404192211,3.446114840415964,5.0772681916558735,6.5079848346156455,6.3031158477170734,4.162265664075944,3.8720278477065615,3.9444560823483252,4.171264137454501,NA,4.923636103926924,5.462338045755148,4.2546200476948,NA,4.5552964746222475,NA,5.3151765451635,5.0094178737684825,5.719715638517535,5.252923673247532,5.559390260084116,5.648931862576959,5.4050387210729784,7.4985274898765875,NA,3.8347951477629647,3.098226695175544,4.781328445767802,4.393381925847165,4.51226809961534,4.49480326326552,5.11118152115169,5.213952804002399,5.3252556472289525,4.659445426098312,4.766259559314369,5.303508674235332,5.370756917584004,NA,6.5851963256167325,4.6411053869454815,4.562690344298372,5.078042613193272,5.05374851635306,5.148194811611787,5.333599679254129,NA,6.430548743773258,4.912175603011226,4.284408266926541,4.798359587645932,7.561320920700074,5.446406892417564,4.988948720627537,4.633609220369442,6.397199941857506,4.023845621433134,7.217808538333838,7.994705398592699,5.870520062959597,4.590126993265657,NA,4.730938129722314,3.004197265939693,3.0448614299435968,4.857489605460253,4.093312661676148,4.419208875259093,5.5095534457846815,4.533555414221869,NA
Oct 2024,5.901252066579707,4.615233078414875,4.634495528357368,4.476362814271186,4.315222049880653,4.328918233742772,4.5675090023278555,4.700409244920318,4.4359624635555,5.699557211110759,4.902267245014428,3.565652900379272,NA,3.632790487270576,4.005436895590455,3.6182885285895234,5.227683851381008,5.084818610035909,5.111623697331778,4.648121417050734,4.368688248933622,7.401061508997734,5.464434507307832,5.606632714296817,6.381661918340493,7.280234975660831,4.267615485352422,4.145180595529023,3.842098042914268,5.316914318719089,4.748924026201454,4.330817960703508,4.511486192221632,4.43661172161956,4.247014367249593,4.339705673530092,5.842831065862978,6.077637119124023,5.4429695240827485,5.222593976140246,5.226409601253604,5.915883650235364,5.371496465806794,5.929133591803362,4.9681270443538805,4.377885435451819,5.727836803673757,6.386765836992287,4.716438366934776,4.787351270428396,3.1628445926068656,NA,4.4306634053583975,4.117511877425541,4.026740299552695,3.777869973796422,4.518906315256177,7.708764511652871,5.765063970022799,8.043378750999771,6.160884209932835,5.942238881895651,5.227749076054478,5.73535643335233,NA,3.877506924243109,5.222442587999156,5.270499973980574,4.9469860424822745,5.207004053967311,NA,6.080092667363608,5.305446662585005,4.598406116250926,3.4506595983169355,5.122993070354239,6.465728508728762,6.253926267334645,4.358431379339968,4.052086878570102,3.849665395870119,4.026956371522534,NA,4.855381917110913,5.45157222041076,4.17314772808207,NA,4.513658363353203,NA,5.299498895040058,5.073449341315512,5.660109203583719,5.156379362666988,5.584989445311897,5.61845041419055,5.435477076853836,7.629694437404819,NA,3.786566606322966,3.0981208078571436,4.908930724910576,4.345846650035747,4.487433841499569,4.626509478718239,5.113612243931884,5.327156215528655,5.284309638355122,4.695186605662563,4.7837612131113625,5.328291074565955,5.394092771732704,NA,6.628423619588165,4.659628796142424,4.590128889793502,5.107288128796163,4.990900787277788,5.279209275149887,5.333325164005884,NA,6.4210340501976075,4.878963321713881,4.209161077332327,4.67589482638594,7.44669353228029,5.376383945914274,5.010033659779486,4.690584895000386,6.330911745861978,4.058801560377881,7.080174506387188,8.026409372068178,6.035995766105676,4.556084153252217,NA,4.709906110167955,3.01460290906209,3.039924510524934,4.512602511050934,4.153691317056957,4.546982534179403,5.3305955071718545,4.601001382379991,NA
Nov 2024,5.845654236863439,4.640156946514512,4.58978711577952,4.380734185506653,4.429814526398315,4.343813764877305,4.563186067032521,4.740583217100549,4.630664992629657,5.718073540030139,4.865013472148432,3.5981100681127027,NA,3.6182202793962954,3.9668468028055357,3.652843104867269,5.1765673319373136,5.0950080377454885,5.16072006014398,4.649479191030042,4.402566153921784,7.317930201051917,5.399531603861098,5.526070432067763,6.334899093485499,7.2689134919676555,4.2021734718429755,4.2761633791571585,3.8568090043083463,5.395669831912331,4.713399587860613,4.3337509301830845,4.60088406081402,4.561335227768349,4.403917831990012,4.372036961121309,5.696170190657741,6.070941057301239,5.52097716115363,5.292196715740781,5.209447411078172,5.837516500604785,5.480701380940189,5.887767126987227,4.946025046496032,4.457093858973758,5.796460796728987,6.432021067438613,4.673981530390866,4.7705966797212405,3.254647140870849,NA,4.3892254093377145,4.084806496633924,4.039474157901303,3.7147374205716575,4.569145186325417,7.528891038419156,5.772260787059214,8.014450476694961,6.212139304189441,5.7959771538534754,5.205483080389887,5.835502403661001,NA,3.762677221451211,5.2389061355927895,5.239984259493825,4.9769326878582065,5.148033982283173,NA,5.938200291499743,5.264353249900539,4.557643649906038,3.455762862046881,5.179420056604501,6.329533867206514,6.271372456864142,4.205651519601058,4.102375389497272,3.920978029254946,4.164368237667505,NA,4.935147911449755,5.4016941625951285,4.328270776162651,NA,4.489649517602013,NA,5.4359860593114915,5.122258632355387,5.664513193206714,5.109684781628273,5.570023035714109,5.5382760261319195,5.530870574228671,7.564038732944333,NA,3.845021880146404,3.24558068776673,4.916531844741555,4.363304777394455,4.536351521505898,4.624653035806958,5.103912127536317,5.275346222035127,5.376345863428672,4.665236023515217,4.698559573214572,5.239455194041404,5.440715217983991,NA,6.409383553617368,4.673802828337233,4.630231522802904,5.147056239008249,4.949276680124182,5.178701495432493,5.374101120505302,NA,6.420994832889729,4.912922163843321,4.331444988263414,4.748617223083106,7.535809132737145,5.525130240971797,4.983023333636691,4.669979749282997,6.315771973116698,4.073239388828899,7.306621128803715,7.787409035823364,5.869004568329196,4.649846309543919,NA,4.332330791352093,2.964546689790726,2.9865004024454396,4.73985028615717,4.105232769756082,4.558238698115181,5.4255733460458515,4.588624926633339,NA
Dec 2024,5.83988884439247,4.577033943668685,4.648164745967046,4.616376617906307,4.452744229288869,4.234102192665817,4.607190755699449,4.725482937787645,4.593013445097106,5.719552187596036,4.91481875137254,3.6110254486894333,NA,3.704441808594458,3.950914204124849,3.6769186996205887,5.232282926873966,4.9914875543710835,5.147734747953873,4.610954985576232,4.380483970762656,7.326812162178291,5.428735061718861,5.624789161909071,6.114520064438222,7.375957992255993,4.14565841737298,4.18893254564772,3.939174036577298,5.45178524314792,4.710263932629772,4.343378127609446,4.275922833382711,4.544695978908257,4.313012729619126,4.364524965920116,5.781925265053874,6.020976153185639,5.661458494460602,5.347576187219702,5.179697775608689,6.021018314945957,5.359971848885334,5.896514507127764,5.1264407503586495,4.345154389178527,5.726262146563286,6.470069419768435,4.612303436861706,4.75898193954133,3.3591270890857916,NA,4.3978387649454245,4.0406422044752235,3.9820311386515344,3.6961927437311277,4.535163054852869,7.458291085773555,NA,8.013019484189845,6.10439442623673,5.856391091846345,5.1758945938337435,5.678895590214814,NA,3.7215230986190697,5.221470194786139,5.276647558958484,4.985414970144414,5.234699153261745,NA,5.885882185164024,5.329362280576,4.478704508602402,3.286381721489528,5.116702830914886,6.6531146119899365,6.34181654611765,4.205463938135599,4.146708623555652,3.9051188152241383,4.15794652438391,NA,4.891345498206387,5.328612683794127,4.371272022130742,NA,4.539107295802421,NA,5.3775900299491965,5.075380052285665,5.6588874638306645,5.08295602109727,5.564542339045969,5.590780659205907,5.318615126275716,7.65251735468207,NA,3.7704690426538234,3.16118731125953,4.812844374776664,4.338640091177566,4.551381914311593,4.518236253960452,5.03793308426515,5.349781802650273,5.27225252684058,4.557276687064395,4.6641832623899315,5.409581974125128,5.525148169215892,NA,6.569891158568914,4.677094942284842,4.584127801008716,5.176358321178858,5.038195828076573,5.308536187574277,5.234162853623449,NA,6.541147489700029,4.893649934106653,4.194444393744539,4.665581602226216,7.458990899810927,5.499752145254915,5.027622050282452,4.654164787942616,6.3887856315752884,3.965127381024473,7.253514347098199,7.898100348599611,6.128993182472173,4.510436172309847,NA,4.725379239281239,3.04357295424466,3.084539703588736,4.622938648201499,4.1088406144452785,4.335534293746736,5.494217494811483,4.4332652787475055,NA
Jan 2025,5.866918971607293,4.668127550628485,4.601636130352368,4.438194215453804,4.531104653852618,4.328824859279945,4.563828289467954,4.713504411529359,4.430519882949276,5.676347133011067,4.840799686366263,3.6045499240286847,NA,3.588392045543595,3.965858715996887,3.5824065031250525,5.266750611825245,5.070395023028291,5.105464560281335,4.640357529494693,4.339614959395899,7.418409298876687,5.436526244528018,5.713273753541608,6.354490586409939,7.272980749399726,4.060304138174713,4.321582771791429,3.9960109173019798,5.434546835125817,4.70305328963673,4.341178328462177,4.484567555863559,4.55204412925235,4.323476967256748,4.408855827290252,5.789920299113168,6.040272534893866,5.551932954453342,5.2634467871149635,5.2561522201748625,5.994341726323164,5.398000811095726,5.858154979203762,5.068989722172015,4.3912219268037855,5.704799275719301,6.517824555158049,4.828477639952144,4.874785395604442,3.2523607199160307,NA,4.397462133266256,4.112129627609414,3.9502763324482313,3.8062691457546705,4.571407681895732,7.517541245682585,NA,7.7331837204924225,6.164107424761517,5.977603737233967,5.208325671088362,5.778099897482021,NA,3.9014456327595024,5.201084748219004,5.335765890323102,5.055874440428498,5.226416220686744,NA,5.972371228779833,5.403874026126331,4.4135559159187805,3.368361351849883,5.194425346911521,6.520128312132818,6.317998532535179,4.350468523306159,3.9513808542103837,3.9701844880930093,4.111146130168071,NA,4.8954724881427145,5.296473748891494,4.246832283110438,NA,4.464041217912974,NA,5.387146368224918,5.0402851088145555,5.735050380499521,5.049544341678762,5.810949355032959,5.752430902186431,5.4191223139967475,7.632602023782475,NA,3.9152734632033237,3.1338480159299085,4.97912634319054,4.26880985489169,4.475966762638342,4.615627455594683,5.075697842428101,5.29124297392591,5.276009475670179,4.8042374749057215,4.7480917907156135,5.418337420861285,5.436413270165399,NA,6.56114314287434,4.744559540473938,4.638733439872586,5.130063517296951,5.126078328230394,5.25566691995114,5.415291915082286,NA,6.457287822385176,4.804196139690057,4.161858945518955,4.651206301310551,7.507150039222689,5.584575775835244,4.995529213332551,4.707047150377573,6.349555456115851,4.113430307580398,7.234221400174192,7.797364133701949,5.758793581135411,4.580139299040357,NA,NA,2.996875244058232,3.0248386784906973,4.84803328037067,4.1003645927795365,4.4829195923160325,5.380591979811044,4.666744882903769,NA
Feb 2025,5.8912303173337,4.610100025959629,4.574988691520363,4.4610341237242395,4.513673614331625,4.283900036624225,4.60081260558779,4.851599470745289,4.520388176991366,5.8203703580525605,4.821621784798134,3.629674912527678,NA,3.682690894623382,4.002969630353949,3.7398769360963597,5.2154005706164925,5.152301546772161,5.138644080049388,4.641273525608606,4.419509716996369,7.155963633977215,5.372540288909859,5.7108229764465985,6.2226764003794335,7.471986487710407,4.177753983941401,4.298269543261692,3.9331418596453065,5.444665259629477,4.782886480638447,4.257019616473449,4.533171616503182,4.51146716564496,4.321024621203686,4.446658785353507,5.902154017886566,6.08037460075967,5.583051890727904,5.307617722184472,5.263653795980163,5.830433947900163,5.445827660855333,5.8763451781833025,5.0111998428706634,4.442107031905872,5.68124569324834,6.382247327651489,4.633175985779494,4.842915177191572,3.2849586889179454,NA,4.402429967824781,4.101274916014644,3.96471222495218,3.725197607208424,4.54437457189816,7.552281448824706,NA,8.051195897187565,NA,5.9344885669650225,5.148183512070289,5.729564386824569,NA,3.888968595555581,5.214995462372678,5.393054587471458,4.980933510698708,5.225884111333237,NA,5.8809662026469764,5.402491105836528,4.519034036943273,3.3666868994334056,5.112404760434416,6.584917890121637,6.142264047217969,4.292286506165231,3.9172466323257726,3.9463278517508926,4.22034025193077,NA,4.836444466481531,5.533151935207292,4.208422941495022,NA,4.553405112562867,NA,5.216148073298101,5.032900352189261,5.620818215111548,5.296829374785429,5.501350726786508,5.6951101725764035,NA,7.632123786121191,NA,3.794441217893641,3.23670104473686,4.946506047840864,4.4380095336358885,4.450114901179761,4.5535961121916895,5.1364598916798485,5.260820985882478,5.286529662008963,4.727271295922288,4.77015284552466,5.308663209325254,5.384622278320954,NA,NA,NA,4.740371150385191,5.159321471553729,4.884193031886935,5.229762222733887,5.329155093871929,NA,6.503822688811917,4.808153516617039,4.319572593080159,4.655541401347725,7.59846148709748,5.565648322633464,5.070337171438244,4.782809356369701,6.499324449668233,4.109666550986959,7.101241333329533,7.650558545029751,5.82654672600914,4.652743921333221,NA,NA,3.196805687197413,2.9901436238555816,NA,4.199479064416165,NA,5.566041962108496,4.531668662286776,NA
Mar 2025,5.921580722076661,4.677756940656449,4.678895371561302,4.595690671521826,4.391533590227192,4.333409721544705,4.582044126033708,4.840950398107427,NA,5.71719859508901,4.913260773290356,3.6225248792389055,NA,3.759586644806083,4.031659386059561,3.82097654227308,5.2690948818706085,5.024798272308127,5.129936031489763,4.638409015398136,4.373863753691282,7.314079644538188,5.3951510633953195,5.635823349253727,6.404918201304857,7.3861281836882755,4.264545445930081,4.135401523563717,3.9908634911365644,5.427710897751147,4.775163059209774,4.287039209075168,4.692105984522395,4.499929665129817,4.418361708726192,4.335169630477046,5.794936355749892,6.032422519364289,5.616733031933201,5.31461086687352,5.258767026026597,5.9402428194978025,5.518117219968018,5.771548046331991,5.038712286631145,4.503083709721251,5.787161288066719,6.431832912478327,4.7331027536326555,4.7992469841917504,3.3459498861927766,NA,4.44230714866472,4.160203853472822,4.049958216360613,3.837421603954893,4.595463001125477,7.592401191839442,NA,7.806662172163197,NA,6.003025238728783,5.192602278945186,5.799455545678011,NA,3.86862492563334,5.245263923840112,5.305606209196949,5.125333477126044,5.266368207712262,NA,5.915131194562917,5.313342905086521,4.465553699213722,3.4239383734121533,5.079628708290582,6.551631768555474,6.131126089224902,4.411186162578317,NA,3.9998595225743183,NA,NA,4.939179580705851,5.148571504015279,4.303071345609316,NA,4.581470693906513,NA,5.500390830542501,5.094727426738921,5.7800493258462025,5.249984581834086,5.600989606553777,5.547628729422949,NA,7.73395326753688,NA,3.908195461081238,3.0708324122902018,4.872402752719666,4.372713681599798,4.506687927253131,4.672977141672829,5.0992533743203845,5.3663382944183935,5.366129612950806,4.724702919284869,4.772323860423525,5.520389109855837,5.383286460936882,NA,NA,NA,4.5448441887936,5.11095211508916,NA,5.2803636222855035,5.394843789972307,NA,6.587788138455403,4.928683249947743,4.326813824546433,4.630593475876,7.435859570609307,5.473678131032695,5.068510831985544,4.530949419085366,NA,3.9925845459072717,7.014420548076637,7.730387223189713,5.926134743306855,4.674607205048026,NA,NA,2.991856833302009,3.0613765851512103,NA,4.226773454158279,NA,NA,4.699984763314936,NA
Apr 2025,5.846934500463831,4.506091948347104,4.613820077934899,4.524318699844986,4.710240065694422,NA,4.566169994654868,4.770028434992322,NA,5.470010275209702,4.669699855848005,3.569440667023485,NA,3.5969710347866357,3.998981176236966,3.572719973227396,5.167043043712528,4.8740936022890375,5.1192065435008445,4.572172881568192,4.388070735558978,7.386298029894264,5.425877665488777,5.564684045588148,6.359974423470513,7.181000031650707,4.064509093915559,4.253282882975906,3.7379385536182634,5.410115567990178,4.883036183518871,4.31510118024731,4.641480899162064,4.406916800055487,4.294568231389853,4.410657962234278,5.939436325319721,6.042169645570939,5.551832491968307,5.091787065901827,5.155605080225915,5.889265347968758,5.570593814417146,5.723711679587918,4.705900304697814,4.381793452148465,5.515142324366572,6.198590634125266,4.65269047323871,4.718596090833957,3.1690953586898867,NA,4.317734206058665,4.065100411979598,3.905021726994513,3.7881208502642645,4.49345042500908,7.449277573622555,NA,7.7295416100436,NA,NA,4.950016474775954,5.472762819111778,NA,3.820320133315307,5.065062852668454,5.291242736318995,5.062796010802912,5.225335313491404,NA,5.8158799794559615,5.153602041785703,4.601793867420791,3.3994181571392716,5.14075227957078,6.445419099206465,6.081887907251159,4.33262381830993,NA,3.8541356767027324,NA,NA,4.864850386535718,5.472589918246832,4.296496808108359,NA,4.558457738361555,NA,4.951896996481302,5.022845067538153,5.871733078759486,5.175324059511271,5.4417385059984476,5.764372105861556,NA,7.5803720718954,NA,3.8349566828928103,3.264205808068667,4.778942457784153,4.313433827849727,4.383147832380171,4.666824222073788,4.989218537867162,5.15504077336001,5.134285446161944,4.734389578310984,4.858940794655221,5.402335114221071,5.2835315171694885,NA,NA,NA,4.780837413892432,5.0279353446899515,NA,5.167371508843955,5.336603048272974,NA,6.138234779141726,4.754086623434234,4.383788234872622,4.617120206091375,7.544091921956755,5.502816497948645,5.0281822321289535,4.66251751431865,NA,3.8833437324628233,7.121415153856376,NA,6.198103297144211,4.526474640318957,NA,NA,3.0503479507795666,3.0703433931664885,NA,4.171188716236799,NA,NA,4.618641467670439,NA
May 2025,5.83314722201019,4.651622043016087,4.604114001002598,4.4983148843199965,NA,NA,4.545889468758929,4.864374113800894,NA,5.721307044450243,4.8468057532156505,3.630847506070798,NA,3.7098947537827613,4.0756513078366865,3.7187085753831592,5.253450874984861,5.022629122454819,5.078117840393996,4.689669662461986,4.406965938630968,7.2393877740244506,5.40880750105586,5.60670215503005,6.526179710331223,7.196754186822461,4.184013155876432,4.301132574701935,3.8561927392517377,5.429440836126644,4.906779026329356,4.371042560190281,4.509594913873513,4.381478514556276,4.339421380076782,4.482125889801271,5.853342393250574,6.019006087409588,5.673418431357109,5.296248262980063,5.238070936264023,5.831208466691803,5.298708159534144,5.675934699045752,4.934788160006615,4.5084869376635375,5.750742383915836,6.400105975511917,NA,4.798695269320818,3.1851624983472777,NA,4.404125601861883,4.132396706341297,3.9230240549692055,3.696022189827003,4.57147346505469,7.355620095583752,NA,NA,NA,NA,4.980791592357309,5.488007826888419,NA,3.8476836859437067,5.243579834062338,5.193316307792677,5.066230986408042,5.2644223845585865,NA,6.162297599719922,5.334614350013169,NA,NA,4.987352688628673,6.537029564408126,6.071784413417718,4.378991904821184,NA,4.054474747800956,NA,NA,4.891575653793135,NA,NA,NA,4.560819062586405,NA,5.346159080780348,5.122298591185079,5.7431104941756255,5.126456366536711,5.570141120041173,5.71176322322641,NA,NA,NA,3.876676415118744,3.2750813946862474,4.954010374239104,4.48666002716622,4.4070393240702375,4.42045478391446,5.111265999780677,5.370877566494286,5.292227172639774,4.7785462335711335,NA,5.327243135519258,5.342479427669755,NA,NA,NA,4.7172632125640535,5.064575787834477,NA,NA,5.390138499421669,NA,6.5947800875067735,4.819717872701008,4.328763238167324,4.691821727650438,7.438528688315396,5.475011420574131,4.945036623224417,4.724989027569818,NA,3.8733882105714943,7.115694130733799,NA,NA,4.685460970878362,NA,NA,3.036157794688248,3.0081306238286345,NA,4.175398983234601,NA,NA,NA,NA
Jun 2025,5.88196103068925,4.53982211906811,4.736216492924117,4.553515760304239,NA,NA,4.55607391526796,4.798746889685737,NA,5.782328463423448,4.819976117115764,3.712372405812327,NA,3.7153025371625605,4.030153471160031,3.6942921905416113,5.208013079533822,5.070293323527229,5.210015531437178,4.7401463363727885,4.45724462195781,NA,5.359501550717399,5.604806487833101,NA,7.121911742265656,4.193293722386491,NA,4.013863670576478,5.445022628005289,4.834647277101821,NA,NA,4.613454392585428,4.432802199377286,NA,5.780935887039815,6.047930596991993,NA,5.2454569718846455,5.264509317655975,5.9529457529743555,5.528728595614161,5.854099740060838,4.963281733981403,4.494114639165451,5.821947433439206,6.450332790665579,NA,4.744325751081666,3.371315188365972,NA,4.455903515114461,4.165447755027349,4.027570133716777,3.7831233868651006,4.594093719534195,7.737556554611915,NA,NA,NA,NA,5.0962691564429,5.502343567928543,NA,3.8918247673612343,5.253426216725684,5.34042935184837,5.052046632088056,5.181386788878681,NA,NA,5.352333109638981,NA,NA,5.073457254350985,6.498227975517144,NA,4.402678036136887,NA,4.070989303752443,NA,NA,4.92067888692227,NA,NA,NA,4.612198617773692,NA,5.327041788988451,5.204455232660042,5.74194315188659,5.131542871182627,5.532203223560678,NA,NA,NA,NA,3.8895803706355387,NA,4.934850083088999,4.395930503152108,4.529519776075087,NA,5.039808203768887,5.336043313982548,5.250895933951758,4.801488423067375,NA,5.313729547631972,5.265842206863796,NA,NA,NA,NA,5.135570448826907,NA,NA,5.428486953483133,NA,6.444686538211923,4.883436674815895,4.367991304092976,4.676521517974669,7.68365909769745,5.568807865402644,4.95108527597663,NA,NA,4.125197526694452,NA,NA,NA,4.744503423075415,NA,NA,NA,3.047843919078597,NA,4.194245969525345,NA,NA,NA,NA
